
> crypto_dashboard@0.1.0 dev
> next dev -H 0.0.0.0

▲ Next.js 16.1.6 (Turbopack)
- Local:         http://localhost:3000
- Network:       http://0.0.0.0:3000
- Environments: .env.local

✓ Starting...
⚠ The "middleware" file convention is deprecated. Please use "proxy" instead. Learn more: https://nextjs.org/docs/messages/middleware-to-proxy
✓ Ready in 3.6s
[20:37:53.562] [32mINFO[39m: [36morder-monitor › monitor iniciat[39m
    [35mmodule[39m: "order-monitor"
 GET /api/status 200 in 599ms (compile: 531ms, proxy.ts: 55ms, render: 13ms)
[20:37:53.572] [32mINFO[39m: [36mtelegram › scheduler iniciat[39m
    [35mmodule[39m: "telegram"
    [35mnextHourIn[39m: 22
    [35mnextDailyIn[39m: 652
[20:37:53.577] [32mINFO[39m: [36morders › Crash monitor iniciat[39m
    [35mmodule[39m: "orders"
    [35msymbol[39m: "BTCUSDT"
    [35mthresholds[39m: [
      {
        "windowMin": 5,
        "pct": 5
      },
      {
        "windowMin": 15,
        "pct": 8
      },
      {
        "windowMin": 60,
        "pct": 12
      }
    ]
    [35mpollMs[39m: 60000
[20:37:53.581] [32mINFO[39m: [36mauto-trader › auto-trader multi-bot iniciat (poll 60s)[39m
    [35mmodule[39m: "auto-trader"
 GET /api/market 200 in 928ms (compile: 322ms, proxy.ts: 51ms, render: 555ms)
[20:37:54.567] [32mINFO[39m: [36morder-monitor › inicialitzat[39m
    [35mmodule[39m: "order-monitor"
    [35mcount[39m: 1
 GET /api/orders 200 in 1840ms (compile: 443ms, proxy.ts: 59ms, render: 1339ms)
 GET /api/orders 200 in 396ms (compile: 27ms, proxy.ts: 131ms, render: 238ms)
 GET /api/status 200 in 46ms (compile: 7ms, proxy.ts: 28ms, render: 11ms)
 GET /api/cost-basis 200 in 3.1s (compile: 231ms, proxy.ts: 46ms, render: 2.8s)
 GET /api/klines-range?symbol=SOLUSDT&startTime=1772086492130 200 in 337ms (compile: 59ms, proxy.ts: 9ms, render: 268ms)
 GET /api/status 200 in 33ms (compile: 7ms, proxy.ts: 19ms, render: 7ms)
 GET /api/orders 200 in 258ms (compile: 7ms, proxy.ts: 18ms, render: 233ms)
 GET /api/market 200 in 297ms (compile: 18ms, proxy.ts: 17ms, render: 263ms)
[20:37:59.049] [33mWARN[39m: [36mauto-trader › posició sense SL detectada — esperant 5 min per corregir[39m
    [35mmodule[39m: "auto-trader"
    [35msymbol[39m: "BTCUSDT"
    [35mvalueUsd[39m: 814.1078250520001
 GET /api/stream 200 in 9.8s (compile: 1334ms, proxy.ts: 194ms, render: 8.3s)
 GET /api/stream 200 in 3.4s (compile: 7ms, proxy.ts: 12ms, render: 3.4s)
 GET / 200 in 4.5s (compile: 2.7s, proxy.ts: 16ms, render: 1789ms)
 GET /api/pnl 200 in 306ms (compile: 242ms, proxy.ts: 44ms, render: 20ms)
 GET /api/errors?since=1774293055567 200 in 421ms (compile: 322ms, proxy.ts: 84ms, render: 16ms)
 GET /api/strategies 200 in 575ms (compile: 474ms, proxy.ts: 88ms, render: 13ms)
 GET /api/orders 200 in 628ms (compile: 214ms, proxy.ts: 88ms, render: 326ms)
 GET /api/orders/meta 200 in 304ms (compile: 234ms, proxy.ts: 53ms, render: 17ms)
 GET /api/cost-basis 200 in 1583ms (compile: 201ms, proxy.ts: 91ms, render: 1292ms)
[20:38:08.743] [32mINFO[39m: [36mbinance › balance[39m
    [35mmodule[39m: "binance"
    [35massets[39m: 22
 GET /api/balance 200 in 1608ms (compile: 405ms, proxy.ts: 81ms, render: 1122ms)
 POST /api/portfolio-snapshot 200 in 195ms (compile: 140ms, proxy.ts: 34ms, render: 21ms)
 GET /api/portfolio-snapshot 200 in 236ms (compile: 170ms, proxy.ts: 42ms, render: 25ms)
 GET /api/klines?pair=BTCUSDT&interval=1h&limit=168 200 in 328ms (compile: 264ms, proxy.ts: 39ms, render: 25ms)
 GET /api/portfolio-snapshot 200 in 82ms (compile: 20ms, proxy.ts: 48ms, render: 14ms)
 GET /api/portfolio-snapshot 200 in 110ms (compile: 46ms, proxy.ts: 49ms, render: 14ms)
 GET /api/portfolio-snapshot 200 in 122ms (compile: 64ms, proxy.ts: 46ms, render: 13ms)
 GET /api/klines?pair=BTCUSDT&interval=1h&limit=168 200 in 125ms (compile: 83ms, proxy.ts: 31ms, render: 12ms)
 GET /api/portfolio-snapshot 200 in 80ms (compile: 7ms, proxy.ts: 33ms, render: 39ms)
 GET /api/pnl 200 in 91ms (compile: 22ms, proxy.ts: 60ms, render: 9ms)
 GET /api/status 200 in 116ms (compile: 49ms, proxy.ts: 53ms, render: 14ms)
 GET /api/errors 200 in 130ms (compile: 65ms, proxy.ts: 50ms, render: 15ms)
 GET /api/market 200 in 500ms (compile: 107ms, proxy.ts: 37ms, render: 356ms)
 GET /api/orders 200 in 822ms (compile: 34ms, proxy.ts: 55ms, render: 733ms)
 GET /api/orders 200 in 1051ms (compile: 4ms, proxy.ts: 9ms, render: 1038ms)
[20:38:23.471] [32mINFO[39m: [36mbinance › balance[39m
    [35mmodule[39m: "binance"
    [35massets[39m: 22
 GET /api/balance 200 in 1130ms (compile: 89ms, proxy.ts: 35ms, render: 1005ms)
 GET /api/status 200 in 68ms (compile: 24ms, proxy.ts: 34ms, render: 10ms)
 GET /api/orders 200 in 315ms (compile: 15ms, proxy.ts: 37ms, render: 262ms)
 GET /api/market 200 in 443ms (compile: 47ms, proxy.ts: 31ms, render: 365ms)
 GET /api/cost-basis 200 in 1428ms (compile: 38ms, proxy.ts: 32ms, render: 1358ms)
 GET /api/klines-range?symbol=SOLUSDT&startTime=1772086492130 200 in 23ms (compile: 5ms, proxy.ts: 8ms, render: 11ms)
 GET /api/orders 200 in 708ms (compile: 5ms, proxy.ts: 10ms, render: 692ms)
 GET /api/market 200 in 312ms (compile: 6ms, proxy.ts: 6ms, render: 299ms)
 GET /api/errors 200 in 140ms (compile: 65ms, proxy.ts: 60ms, render: 15ms)
 GET /api/status 200 in 160ms (compile: 83ms, proxy.ts: 59ms, render: 18ms)
 GET /api/pnl 200 in 169ms (compile: 103ms, proxy.ts: 57ms, render: 9ms)
 GET /api/orders 200 in 805ms (compile: 20ms, proxy.ts: 16ms, render: 769ms)
 GET /api/market 200 in 506ms (compile: 24ms, proxy.ts: 64ms, render: 417ms)
 GET /api/orders 200 in 1130ms (compile: 40ms, proxy.ts: 62ms, render: 1027ms)
[20:38:53.926] [32mINFO[39m: [36mbinance › balance[39m
    [35mmodule[39m: "binance"
    [35massets[39m: 22
 GET /api/balance 200 in 1145ms (compile: 52ms, proxy.ts: 62ms, render: 1032ms)
 GET /api/status 200 in 79ms (compile: 29ms, proxy.ts: 39ms, render: 11ms)
 GET /api/orders 200 in 294ms (compile: 16ms, proxy.ts: 42ms, render: 236ms)
 GET /api/market 200 in 468ms (compile: 44ms, proxy.ts: 37ms, render: 387ms)
 GET /api/cost-basis 200 in 1558ms (compile: 80ms, proxy.ts: 34ms, render: 1444ms)
 GET /api/klines-range?symbol=SOLUSDT&startTime=1772086492130 200 in 273ms (compile: 8ms, proxy.ts: 13ms, render: 252ms)
 GET /api/status 200 in 29ms (compile: 5ms, proxy.ts: 15ms, render: 8ms)
 GET /api/orders 200 in 249ms (compile: 7ms, proxy.ts: 13ms, render: 230ms)
 GET /api/market 200 in 271ms (compile: 16ms, proxy.ts: 14ms, render: 242ms)
 GET /api/orders 200 in 253ms (compile: 5ms, proxy.ts: 12ms, render: 235ms)
 GET /api/market 200 in 283ms (compile: 5ms, proxy.ts: 8ms, render: 269ms)
 GET /api/orders 200 in 719ms (compile: 6ms, proxy.ts: 6ms, render: 706ms)
 GET /api/status 200 in 121ms (compile: 52ms, proxy.ts: 48ms, render: 21ms)
 GET /api/pnl 200 in 138ms (compile: 82ms, proxy.ts: 47ms, render: 10ms)
 GET /api/errors 200 in 159ms (compile: 99ms, proxy.ts: 46ms, render: 14ms)
 GET /api/orders 200 in 318ms (compile: 17ms, proxy.ts: 53ms, render: 248ms)
 GET /api/market 200 in 440ms (compile: 30ms, proxy.ts: 51ms, render: 359ms)
[20:39:23.912] [32mINFO[39m: [36mbinance › balance[39m
    [35mmodule[39m: "binance"
    [35massets[39m: 22
 GET /api/balance 200 in 858ms (compile: 39ms, proxy.ts: 49ms, render: 770ms)
 GET /api/status 200 in 57ms (compile: 18ms, proxy.ts: 31ms, render: 8ms)
 GET /api/orders 200 in 276ms (compile: 12ms, proxy.ts: 35ms, render: 230ms)
 GET /api/market 200 in 398ms (compile: 39ms, proxy.ts: 27ms, render: 332ms)
 GET /api/cost-basis 200 in 1111ms (compile: 31ms, proxy.ts: 30ms, render: 1050ms)
 GET /api/klines-range?symbol=SOLUSDT&startTime=1772086492130 200 in 17ms (compile: 4ms, proxy.ts: 6ms, render: 8ms)
 GET /api/orders 200 in 773ms (compile: 6ms, proxy.ts: 11ms, render: 756ms)
 GET /api/market 200 in 294ms (compile: 6ms, proxy.ts: 11ms, render: 277ms)
 GET /api/orders 200 in 778ms (compile: 10ms, proxy.ts: 19ms, render: 750ms)
 GET /api/errors 200 in 118ms (compile: 46ms, proxy.ts: 62ms, render: 10ms)
 GET /api/pnl 200 in 126ms (compile: 59ms, proxy.ts: 59ms, render: 9ms)
 GET /api/status 200 in 133ms (compile: 69ms, proxy.ts: 54ms, render: 9ms)
 GET /api/market 200 in 412ms (compile: 33ms, proxy.ts: 64ms, render: 315ms)
 GET /api/orders 200 in 932ms (compile: 21ms, proxy.ts: 65ms, render: 847ms)
[20:39:54.474] [32mINFO[39m: [36mbinance › balance[39m
    [35mmodule[39m: "binance"
    [35massets[39m: 22
 GET /api/balance 200 in 906ms (compile: 82ms, proxy.ts: 39ms, render: 785ms)
 GET /api/status 200 in 62ms (compile: 23ms, proxy.ts: 28ms, render: 11ms)
 GET /api/market 200 in 412ms (compile: 38ms, proxy.ts: 26ms, render: 348ms)
 GET /api/orders 200 in 529ms (compile: 14ms, proxy.ts: 35ms, render: 481ms)
 GET /api/status 200 in 38ms (compile: 18ms, proxy.ts: 14ms, render: 6ms)
 GET /api/orders 200 in 271ms (compile: 5ms, proxy.ts: 10ms, render: 256ms)
 GET /api/market 200 in 289ms (compile: 11ms, proxy.ts: 14ms, render: 264ms)
 GET /api/cost-basis 200 in 1587ms (compile: 69ms, proxy.ts: 16ms, render: 1503ms)
 GET /api/klines-range?symbol=SOLUSDT&startTime=1772086492130 200 in 256ms (compile: 4ms, proxy.ts: 7ms, render: 245ms)
 GET /api/orders 200 in 715ms (compile: 7ms, proxy.ts: 10ms, render: 698ms)
 GET /api/market 200 in 296ms (compile: 6ms, proxy.ts: 10ms, render: 280ms)
 GET /api/orders 200 in 707ms (compile: 6ms, proxy.ts: 24ms, render: 677ms)
 GET /api/status 200 in 78ms (compile: 18ms, proxy.ts: 48ms, render: 11ms)
 GET /api/pnl 200 in 131ms (compile: 80ms, proxy.ts: 39ms, render: 12ms)
 GET /api/errors 200 in 143ms (compile: 94ms, proxy.ts: 38ms, render: 11ms)
[20:40:24.163] [32mINFO[39m: [36mbinance › balance[39m
    [35mmodule[39m: "binance"
    [35massets[39m: 22
 GET /api/balance 200 in 324ms (compile: 32ms, proxy.ts: 47ms, render: 246ms)
 GET /api/market 200 in 410ms (compile: 63ms, proxy.ts: 39ms, render: 308ms)
 GET /api/orders 200 in 885ms (compile: 42ms, proxy.ts: 42ms, render: 802ms)
 GET /api/status 200 in 50ms (compile: 19ms, proxy.ts: 26ms, render: 5ms)
 GET /api/orders 200 in 268ms (compile: 14ms, proxy.ts: 28ms, render: 226ms)
 GET /api/market 200 in 405ms (compile: 34ms, proxy.ts: 25ms, render: 346ms)
 GET /api/cost-basis 200 in 1164ms (compile: 26ms, proxy.ts: 25ms, render: 1112ms)
 GET /api/klines-range?symbol=SOLUSDT&startTime=1772086492130 200 in 20ms (compile: 6ms, proxy.ts: 7ms, render: 7ms)
 GET /api/orders 200 in 961ms (compile: 8ms, proxy.ts: 16ms, render: 937ms)
 GET /api/market 200 in 296ms (compile: 5ms, proxy.ts: 12ms, render: 279ms)
 GET /api/orders 200 in 245ms (compile: 5ms, proxy.ts: 10ms, render: 230ms)
 GET /api/status 200 in 85ms (compile: 28ms, proxy.ts: 48ms, render: 9ms)
 GET /api/errors 200 in 95ms (compile: 39ms, proxy.ts: 47ms, render: 9ms)
 GET /api/pnl 200 in 107ms (compile: 53ms, proxy.ts: 47ms, render: 7ms)
 GET /api/orders 200 in 299ms (compile: 21ms, proxy.ts: 49ms, render: 230ms)
 GET /api/market 200 in 394ms (compile: 74ms, proxy.ts: 44ms, render: 276ms)
[20:40:55.146] [32mINFO[39m: [36mbinance › balance[39m
    [35mmodule[39m: "binance"
    [35massets[39m: 22
 GET /api/balance 200 in 889ms (compile: 65ms, proxy.ts: 45ms, render: 780ms)
 GET /api/status 200 in 87ms (compile: 29ms, proxy.ts: 49ms, render: 9ms)
 GET /api/status 200 in 57ms (compile: 12ms, proxy.ts: 38ms, render: 7ms)
 GET /api/orders 200 in 303ms (compile: 21ms, proxy.ts: 49ms, render: 232ms)
 GET /api/orders 200 in 508ms (compile: 34ms, proxy.ts: 93ms, render: 382ms)
 GET /api/market 200 in 543ms (compile: 43ms, proxy.ts: 39ms, render: 461ms)
 GET /api/market 200 in 443ms (compile: 20ms, proxy.ts: 38ms, render: 385ms)
 GET /api/cost-basis 200 in 1212ms (compile: 81ms, proxy.ts: 38ms, render: 1093ms)
 GET /api/klines-range?symbol=SOLUSDT&startTime=1772086492130 200 in 274ms (compile: 7ms, proxy.ts: 9ms, render: 258ms)
 GET /api/orders 200 in 741ms (compile: 8ms, proxy.ts: 14ms, render: 719ms)
 GET /api/market 200 in 294ms (compile: 7ms, proxy.ts: 13ms, render: 274ms)
 GET /api/orders 200 in 711ms (compile: 12ms, proxy.ts: 11ms, render: 688ms)
 GET /api/errors 200 in 77ms (compile: 18ms, proxy.ts: 48ms, render: 11ms)
 GET /api/pnl 200 in 102ms (compile: 49ms, proxy.ts: 44ms, render: 9ms)
 GET /api/status 200 in 133ms (compile: 87ms, proxy.ts: 30ms, render: 15ms)
 GET /api/market 200 in 410ms (compile: 33ms, proxy.ts: 46ms, render: 331ms)
 GET /api/orders 200 in 809ms (compile: 72ms, proxy.ts: 43ms, render: 694ms)
[20:41:25.690] [32mINFO[39m: [36mbinance › balance[39m
    [35mmodule[39m: "binance"
    [35massets[39m: 22
 GET /api/balance 200 in 1122ms (compile: 61ms, proxy.ts: 41ms, render: 1020ms)
 GET /api/status 200 in 57ms (compile: 22ms, proxy.ts: 27ms, render: 7ms)
 GET /api/orders 200 in 281ms (compile: 15ms, proxy.ts: 33ms, render: 234ms)
 GET /api/market 200 in 445ms (compile: 42ms, proxy.ts: 24ms, render: 379ms)
 GET /api/cost-basis 200 in 1404ms (compile: 33ms, proxy.ts: 25ms, render: 1346ms)
 GET /api/klines-range?symbol=SOLUSDT&startTime=1772086492130 200 in 22ms (compile: 5ms, proxy.ts: 10ms, render: 6ms)
 GET /api/orders 200 in 698ms (compile: 7ms, proxy.ts: 18ms, render: 672ms)
 GET /api/market 200 in 304ms (compile: 6ms, proxy.ts: 7ms, render: 291ms)
 GET /api/orders 200 in 691ms (compile: 4ms, proxy.ts: 17ms, render: 671ms)
 GET /api/pnl 200 in 103ms (compile: 23ms, proxy.ts: 67ms, render: 13ms)
 GET /api/status 200 in 105ms (compile: 38ms, proxy.ts: 56ms, render: 11ms)
 GET /api/errors 200 in 110ms (compile: 54ms, proxy.ts: 49ms, render: 8ms)
 GET /api/orders 200 in 356ms (compile: 75ms, proxy.ts: 45ms, render: 237ms)
[20:41:55.433] [32mINFO[39m: [36mbinance › balance[39m
    [35mmodule[39m: "binance"
    [35massets[39m: 22
 GET /api/balance 200 in 349ms (compile: 87ms, proxy.ts: 28ms, render: 234ms)
 GET /api/market 200 in 395ms (compile: 63ms, proxy.ts: 46ms, render: 285ms)
 GET /api/status 200 in 69ms (compile: 15ms, proxy.ts: 46ms, render: 8ms)
 GET /api/status 200 in 85ms (compile: 37ms, proxy.ts: 42ms, render: 6ms)
 GET /api/market 200 in 318ms (compile: 26ms, proxy.ts: 42ms, render: 251ms)
 GET /api/market 200 in 360ms (compile: 52ms, proxy.ts: 30ms, render: 277ms)
 GET /api/orders 200 in 541ms (compile: 44ms, proxy.ts: 36ms, render: 461ms)
 GET /api/status 200 in 70ms (compile: 45ms, proxy.ts: 19ms, render: 6ms)
 GET /api/orders 200 in 1223ms (compile: 6ms, proxy.ts: 10ms, render: 1206ms)
 GET /api/orders 200 in 323ms (compile: 11ms, proxy.ts: 29ms, render: 282ms)
 GET /api/cost-basis 200 in 1395ms (compile: 68ms, proxy.ts: 26ms, render: 1301ms)
 GET /api/market 200 in 387ms (compile: 28ms, proxy.ts: 20ms, render: 338ms)
 GET /api/cost-basis 200 in 627ms (compile: 19ms, proxy.ts: 28ms, render: 580ms)
 GET /api/klines-range?symbol=SOLUSDT&startTime=1772086492130 200 in 267ms (compile: 5ms, proxy.ts: 9ms, render: 252ms)
 GET /api/klines-range?symbol=SOLUSDT&startTime=1772086492130 200 in 272ms (compile: 4ms, proxy.ts: 6ms, render: 262ms)
 GET /api/orders 200 in 731ms (compile: 5ms, proxy.ts: 15ms, render: 712ms)
 GET /api/market 200 in 287ms (compile: 5ms, proxy.ts: 13ms, render: 269ms)
 GET /api/orders 200 in 728ms (compile: 7ms, proxy.ts: 15ms, render: 707ms)
 GET /api/errors 200 in 83ms (compile: 17ms, proxy.ts: 55ms, render: 11ms)
 GET /api/pnl 200 in 99ms (compile: 41ms, proxy.ts: 51ms, render: 7ms)
 GET /api/status 200 in 108ms (compile: 50ms, proxy.ts: 48ms, render: 10ms)
[20:42:25.714] [32mINFO[39m: [36mbinance › balance[39m
    [35mmodule[39m: "binance"
    [35massets[39m: 22
 GET /api/balance 200 in 327ms (compile: 32ms, proxy.ts: 53ms, render: 242ms)
 GET /api/market 200 in 395ms (compile: 75ms, proxy.ts: 32ms, render: 289ms)
 GET /api/orders 200 in 1144ms (compile: 65ms, proxy.ts: 46ms, render: 1034ms)
 GET /api/status 200 in 61ms (compile: 23ms, proxy.ts: 29ms, render: 10ms)
 GET /api/orders 200 in 283ms (compile: 14ms, proxy.ts: 35ms, render: 234ms)
 GET /api/market 200 in 476ms (compile: 39ms, proxy.ts: 28ms, render: 408ms)
 GET /api/cost-basis 200 in 1466ms (compile: 82ms, proxy.ts: 25ms, render: 1359ms)
 GET /api/klines-range?symbol=SOLUSDT&startTime=1772086492130 200 in 31ms (compile: 9ms, proxy.ts: 13ms, render: 9ms)
 GET /api/orders 200 in 244ms (compile: 5ms, proxy.ts: 8ms, render: 231ms)
 GET /api/market 200 in 303ms (compile: 6ms, proxy.ts: 6ms, render: 291ms)
 GET /api/orders 200 in 721ms (compile: 14ms, proxy.ts: 9ms, render: 698ms)
 GET /api/pnl 200 in 83ms (compile: 28ms, proxy.ts: 47ms, render: 8ms)
 GET /api/errors 200 in 85ms (compile: 29ms, proxy.ts: 49ms, render: 7ms)
 GET /api/status 200 in 97ms (compile: 40ms, proxy.ts: 48ms, render: 9ms)
 GET /api/orders 200 in 334ms (compile: 52ms, proxy.ts: 47ms, render: 235ms)
[20:42:56.302] [32mINFO[39m: [36mbinance › balance[39m
    [35mmodule[39m: "binance"
    [35massets[39m: 22
 GET /api/balance 200 in 356ms (compile: 58ms, proxy.ts: 48ms, render: 250ms)
 GET /api/market 200 in 431ms (compile: 61ms, proxy.ts: 36ms, render: 334ms)
 GET /api/status 200 in 38ms (compile: 9ms, proxy.ts: 21ms, render: 8ms)
 GET /api/orders 200 in 246ms (compile: 6ms, proxy.ts: 9ms, render: 231ms)
 GET /api/market 200 in 294ms (compile: 21ms, proxy.ts: 17ms, render: 257ms)
 GET /api/status 200 in 63ms (compile: 34ms, proxy.ts: 19ms, render: 10ms)
 GET /api/orders 200 in 277ms (compile: 15ms, proxy.ts: 23ms, render: 240ms)
 GET /api/market 200 in 392ms (compile: 21ms, proxy.ts: 20ms, render: 351ms)
 GET /api/cost-basis 200 in 1428ms (compile: 47ms, proxy.ts: 19ms, render: 1362ms)
 GET /api/klines-range?symbol=SOLUSDT&startTime=1772086492130 200 in 271ms (compile: 7ms, proxy.ts: 10ms, render: 254ms)
 GET /api/orders 200 in 743ms (compile: 6ms, proxy.ts: 13ms, render: 724ms)
 GET /api/market 200 in 389ms (compile: 8ms, proxy.ts: 12ms, render: 368ms)
 GET /api/orders 200 in 703ms (compile: 8ms, proxy.ts: 12ms, render: 683ms)
 GET /api/pnl 200 in 94ms (compile: 28ms, proxy.ts: 53ms, render: 13ms)
 GET /api/errors 200 in 105ms (compile: 43ms, proxy.ts: 52ms, render: 10ms)
 GET /api/status 200 in 117ms (compile: 57ms, proxy.ts: 48ms, render: 12ms)
 GET /api/orders 200 in 307ms (compile: 20ms, proxy.ts: 54ms, render: 234ms)
 GET /api/market 200 in 422ms (compile: 94ms, proxy.ts: 30ms, render: 299ms)
[20:43:26.984] [32mINFO[39m: [36mbinance › balance[39m
    [35mmodule[39m: "binance"
    [35massets[39m: 22
 GET /api/balance 200 in 807ms (compile: 80ms, proxy.ts: 31ms, render: 696ms)
 GET /api/status 200 in 51ms (compile: 26ms, proxy.ts: 20ms, render: 5ms)
 GET /api/orders 200 in 273ms (compile: 12ms, proxy.ts: 30ms, render: 232ms)
 GET /api/market 200 in 342ms (compile: 35ms, proxy.ts: 20ms, render: 288ms)
 GET /api/cost-basis 200 in 1391ms (compile: 17ms, proxy.ts: 26ms, render: 1348ms)
 GET /api/klines-range?symbol=SOLUSDT&startTime=1772086492130 200 in 19ms (compile: 5ms, proxy.ts: 8ms, render: 6ms)
 GET /api/orders 200 in 805ms (compile: 7ms, proxy.ts: 12ms, render: 786ms)
 GET /api/market 200 in 294ms (compile: 6ms, proxy.ts: 9ms, render: 279ms)
 GET /api/orders 200 in 789ms (compile: 10ms, proxy.ts: 14ms, render: 765ms)
[20:43:54.583] [32mINFO[39m: [36mauto-trader › aplicant correcció OCO a posició òrfena…[39m
    [35mmodule[39m: "auto-trader"
    [35msymbol[39m: "BTCUSDT"
[20:43:55.131] [31mERROR[39m: [36mauto-trader › error en col·locar OCO correctora[39m
    [35mmodule[39m: "auto-trader"
    [35msymbol[39m: "BTCUSDT"
    err: "Binance /orderList/oco 400: {\"code\":-1013,\"msg\":\"Invalid quantity.\"}"
 GET /api/pnl 200 in 87ms (compile: 20ms, proxy.ts: 58ms, render: 9ms)
 GET /api/errors 200 in 122ms (compile: 63ms, proxy.ts: 53ms, render: 6ms)
 GET /api/status 200 in 137ms (compile: 85ms, proxy.ts: 44ms, render: 7ms)
 GET /api/status 200 in 25ms (compile: 8ms, proxy.ts: 12ms, render: 5ms)
 GET /api/orders 200 in 353ms (compile: 81ms, proxy.ts: 45ms, render: 228ms)
[20:43:57.015] [32mINFO[39m: [36mbinance › balance[39m
    [35mmodule[39m: "binance"
    [35massets[39m: 22
 GET /api/balance 200 in 397ms (compile: 73ms, proxy.ts: 50ms, render: 274ms)
 GET /api/orders 200 in 253ms (compile: 5ms, proxy.ts: 6ms, render: 242ms)
 GET /api/market 200 in 462ms (compile: 31ms, proxy.ts: 55ms, render: 375ms)
 GET /api/market 200 in 362ms (compile: 16ms, proxy.ts: 10ms, render: 336ms)
 GET /api/status 200 in 52ms (compile: 25ms, proxy.ts: 18ms, render: 8ms)
 GET /api/market 200 in 288ms (compile: 18ms, proxy.ts: 19ms, render: 251ms)
 GET /api/orders 200 in 517ms (compile: 9ms, proxy.ts: 23ms, render: 485ms)
 GET /api/cost-basis 200 in 1618ms (compile: 39ms, proxy.ts: 18ms, render: 1561ms)
 GET /api/klines-range?symbol=SOLUSDT&startTime=1772086492130 200 in 263ms (compile: 5ms, proxy.ts: 7ms, render: 250ms)
 GET /api/orders 200 in 687ms (compile: 6ms, proxy.ts: 8ms, render: 673ms)
 GET /api/market 200 in 285ms (compile: 5ms, proxy.ts: 8ms, render: 272ms)
 GET /api/orders 200 in 259ms (compile: 6ms, proxy.ts: 13ms, render: 240ms)
 GET /api/pnl 200 in 90ms (compile: 33ms, proxy.ts: 46ms, render: 11ms)
 GET /api/status 200 in 96ms (compile: 45ms, proxy.ts: 45ms, render: 6ms)
 GET /api/errors 200 in 110ms (compile: 61ms, proxy.ts: 43ms, render: 6ms)
[20:44:27.139] [32mINFO[39m: [36mbinance › balance[39m
    [35mmodule[39m: "binance"
    [35massets[39m: 22
 GET /api/balance 200 in 337ms (compile: 53ms, proxy.ts: 43ms, render: 241ms)
 GET /api/market 200 in 423ms (compile: 20ms, proxy.ts: 48ms, render: 355ms)
 GET /api/orders 200 in 784ms (compile: 70ms, proxy.ts: 36ms, render: 677ms)
 GET /api/status 200 in 81ms (compile: 48ms, proxy.ts: 27ms, render: 6ms)
 GET /api/orders 200 in 268ms (compile: 8ms, proxy.ts: 33ms, render: 227ms)
 GET /api/market 200 in 400ms (compile: 23ms, proxy.ts: 29ms, render: 349ms)
 GET /api/cost-basis 200 in 1371ms (compile: 13ms, proxy.ts: 30ms, render: 1328ms)
 GET /api/klines-range?symbol=SOLUSDT&startTime=1772086492130 200 in 23ms (compile: 5ms, proxy.ts: 10ms, render: 8ms)
 GET /api/orders 200 in 737ms (compile: 5ms, proxy.ts: 9ms, render: 723ms)
 GET /api/market 200 in 303ms (compile: 4ms, proxy.ts: 8ms, render: 291ms)
 GET /api/orders 200 in 1065ms (compile: 5ms, proxy.ts: 7ms, render: 1053ms)
[20:44:54.953] [32mINFO[39m: [36mauto-trader › aplicant correcció OCO a posició òrfena…[39m
    [35mmodule[39m: "auto-trader"
    [35msymbol[39m: "BTCUSDT"
[20:44:55.534] [31mERROR[39m: [36mauto-trader › error en col·locar OCO correctora[39m
    [35mmodule[39m: "auto-trader"
    [35msymbol[39m: "BTCUSDT"
    err: "Binance /orderList/oco 400: {\"code\":-1013,\"msg\":\"Invalid quantity.\"}"
 GET /api/status 200 in 30ms (compile: 7ms, proxy.ts: 16ms, render: 7ms)
 GET /api/orders 200 in 301ms (compile: 5ms, proxy.ts: 10ms, render: 286ms)
 GET /api/market 200 in 286ms (compile: 16ms, proxy.ts: 14ms, render: 256ms)
 GET /api/errors 200 in 108ms (compile: 28ms, proxy.ts: 72ms, render: 8ms)
 GET /api/status 200 in 141ms (compile: 56ms, proxy.ts: 77ms, render: 9ms)
 GET /api/pnl 200 in 215ms (compile: 132ms, proxy.ts: 77ms, render: 7ms)
 GET /api/market 200 in 358ms (compile: 23ms, proxy.ts: 85ms, render: 250ms)
 GET /api/orders 200 in 396ms (compile: 40ms, proxy.ts: 76ms, render: 279ms)
[20:44:57.717] [32mINFO[39m: [36mbinance › balance[39m
    [35mmodule[39m: "binance"
    [35massets[39m: 22
 GET /api/balance 200 in 472ms (compile: 73ms, proxy.ts: 76ms, render: 322ms)
 GET /api/status 200 in 49ms (compile: 19ms, proxy.ts: 24ms, render: 7ms)
 GET /api/orders 200 in 306ms (compile: 9ms, proxy.ts: 25ms, render: 272ms)
 GET /api/market 200 in 431ms (compile: 43ms, proxy.ts: 20ms, render: 368ms)
 GET /api/cost-basis 200 in 1405ms (compile: 34ms, proxy.ts: 22ms, render: 1350ms)
 GET /api/klines-range?symbol=SOLUSDT&startTime=1772086492130 200 in 370ms (compile: 4ms, proxy.ts: 6ms, render: 359ms)
 GET /api/orders 200 in 815ms (compile: 5ms, proxy.ts: 10ms, render: 800ms)
 GET /api/market 200 in 342ms (compile: 8ms, proxy.ts: 11ms, render: 323ms)
 GET /api/orders 200 in 731ms (compile: 9ms, proxy.ts: 18ms, render: 704ms)
 GET /api/pnl 200 in 83ms (compile: 38ms, proxy.ts: 37ms, render: 9ms)
 GET /api/status 200 in 89ms (compile: 48ms, proxy.ts: 34ms, render: 7ms)
 GET /api/errors 200 in 109ms (compile: 70ms, proxy.ts: 32ms, render: 7ms)
 GET /api/orders 200 in 288ms (compile: 14ms, proxy.ts: 39ms, render: 235ms)
 GET /api/market 200 in 410ms (compile: 23ms, proxy.ts: 38ms, render: 349ms)
[20:45:28.497] [32mINFO[39m: [36mbinance › balance[39m
    [35mmodule[39m: "binance"
    [35massets[39m: 22
 GET /api/balance 200 in 1050ms (compile: 58ms, proxy.ts: 33ms, render: 959ms)
 GET /api/status 200 in 47ms (compile: 17ms, proxy.ts: 24ms, render: 5ms)
 GET /api/orders 200 in 276ms (compile: 9ms, proxy.ts: 30ms, render: 237ms)
 GET /api/market 200 in 443ms (compile: 28ms, proxy.ts: 21ms, render: 394ms)
 GET /api/cost-basis 200 in 1193ms (compile: 53ms, proxy.ts: 17ms, render: 1123ms)
 GET /api/klines-range?symbol=SOLUSDT&startTime=1772086492130 200 in 21ms (compile: 6ms, proxy.ts: 9ms, render: 6ms)
 GET /api/orders 200 in 821ms (compile: 8ms, proxy.ts: 15ms, render: 798ms)
 GET /api/market 200 in 346ms (compile: 6ms, proxy.ts: 11ms, render: 329ms)
 GET /api/orders 200 in 709ms (compile: 6ms, proxy.ts: 9ms, render: 693ms)
[20:45:54.806] [32mINFO[39m: [36mauto-trader › aplicant correcció OCO a posició òrfena…[39m
    [35mmodule[39m: "auto-trader"
    [35msymbol[39m: "BTCUSDT"
[20:45:55.360] [31mERROR[39m: [36mauto-trader › error en col·locar OCO correctora[39m
    [35mmodule[39m: "auto-trader"
    [35msymbol[39m: "BTCUSDT"
    err: "Binance /orderList/oco 400: {\"code\":-1013,\"msg\":\"Invalid quantity.\"}"
 GET /api/status 200 in 38ms (compile: 10ms, proxy.ts: 19ms, render: 9ms)
 GET /api/orders 200 in 253ms (compile: 6ms, proxy.ts: 10ms, render: 236ms)
 GET /api/market 200 in 302ms (compile: 21ms, proxy.ts: 17ms, render: 263ms)
 GET /api/status 200 in 84ms (compile: 28ms, proxy.ts: 48ms, render: 8ms)
 GET /api/errors 200 in 95ms (compile: 39ms, proxy.ts: 47ms, render: 9ms)
 GET /api/pnl 200 in 114ms (compile: 63ms, proxy.ts: 42ms, render: 8ms)
 GET /api/orders 200 in 307ms (compile: 18ms, proxy.ts: 50ms, render: 240ms)
 GET /api/market 200 in 373ms (compile: 74ms, proxy.ts: 40ms, render: 259ms)
[20:45:58.370] [32mINFO[39m: [36mbinance › balance[39m
    [35mmodule[39m: "binance"
    [35massets[39m: 22
 GET /api/balance 200 in 390ms (compile: 55ms, proxy.ts: 44ms, render: 291ms)
 GET /api/status 200 in 47ms (compile: 20ms, proxy.ts: 22ms, render: 5ms)
 GET /api/market 200 in 443ms (compile: 33ms, proxy.ts: 18ms, render: 392ms)
 GET /api/orders 200 in 599ms (compile: 12ms, proxy.ts: 25ms, render: 562ms)
 GET /api/cost-basis 200 in 1577ms (compile: 26ms, proxy.ts: 21ms, render: 1530ms)
 GET /api/klines-range?symbol=SOLUSDT&startTime=1772086492130 200 in 273ms (compile: 5ms, proxy.ts: 13ms, render: 255ms)
 GET /api/orders 200 in 251ms (compile: 6ms, proxy.ts: 7ms, render: 238ms)
 GET /api/market 200 in 341ms (compile: 5ms, proxy.ts: 9ms, render: 327ms)
 GET /api/orders 200 in 709ms (compile: 9ms, proxy.ts: 16ms, render: 684ms)
 GET /api/errors 200 in 76ms (compile: 19ms, proxy.ts: 48ms, render: 10ms)
 GET /api/pnl 200 in 80ms (compile: 30ms, proxy.ts: 44ms, render: 6ms)
 GET /api/status 200 in 115ms (compile: 69ms, proxy.ts: 38ms, render: 7ms)
[20:46:28.642] [32mINFO[39m: [36mbinance › balance[39m
    [35mmodule[39m: "binance"
    [35massets[39m: 22
 GET /api/balance 200 in 332ms (compile: 50ms, proxy.ts: 43ms, render: 239ms)
 GET /api/market 200 in 398ms (compile: 38ms, proxy.ts: 44ms, render: 316ms)
 GET /api/orders 200 in 790ms (compile: 56ms, proxy.ts: 42ms, render: 692ms)
 GET /api/status 200 in 108ms (compile: 71ms, proxy.ts: 29ms, render: 8ms)
 GET /api/orders 200 in 281ms (compile: 15ms, proxy.ts: 32ms, render: 233ms)
 GET /api/market 200 in 509ms (compile: 23ms, proxy.ts: 28ms, render: 458ms)
 GET /api/cost-basis 200 in 1212ms (compile: 66ms, proxy.ts: 35ms, render: 1111ms)
 GET /api/klines-range?symbol=SOLUSDT&startTime=1772086492130 200 in 20ms (compile: 5ms, proxy.ts: 9ms, render: 6ms)
 GET /api/orders 200 in 760ms (compile: 9ms, proxy.ts: 8ms, render: 742ms)
 GET /api/market 200 in 294ms (compile: 4ms, proxy.ts: 6ms, render: 283ms)
 GET /api/orders 200 in 715ms (compile: 5ms, proxy.ts: 26ms, render: 685ms)
[20:46:54.657] [32mINFO[39m: [36mauto-trader › aplicant correcció OCO a posició òrfena…[39m
    [35mmodule[39m: "auto-trader"
    [35msymbol[39m: "BTCUSDT"
[20:46:55.193] [31mERROR[39m: [36mauto-trader › error en col·locar OCO correctora[39m
    [35mmodule[39m: "auto-trader"
    [35msymbol[39m: "BTCUSDT"
    err: "Binance /orderList/oco 400: {\"code\":-1013,\"msg\":\"Invalid quantity.\"}"
 GET /api/status 200 in 31ms (compile: 5ms, proxy.ts: 18ms, render: 7ms)
 GET /api/orders 200 in 258ms (compile: 9ms, proxy.ts: 11ms, render: 238ms)
 GET /api/market 200 in 293ms (compile: 15ms, proxy.ts: 15ms, render: 263ms)
 GET /api/errors 200 in 56ms (compile: 17ms, proxy.ts: 33ms, render: 7ms)
 GET /api/status 200 in 62ms (compile: 25ms, proxy.ts: 31ms, render: 6ms)
 GET /api/pnl 200 in 81ms (compile: 38ms, proxy.ts: 30ms, render: 13ms)
[20:46:59.092] [32mINFO[39m: [36mbinance › balance[39m
    [35mmodule[39m: "binance"
    [35massets[39m: 22
 GET /api/balance 200 in 339ms (compile: 53ms, proxy.ts: 31ms, render: 255ms)
 GET /api/market 200 in 346ms (compile: 60ms, proxy.ts: 31ms, render: 254ms)
 GET /api/orders 200 in 366ms (compile: 65ms, proxy.ts: 32ms, render: 268ms)
 GET /api/status 200 in 46ms (compile: 20ms, proxy.ts: 20ms, render: 6ms)
 GET /api/orders 200 in 264ms (compile: 15ms, proxy.ts: 21ms, render: 227ms)
 GET /api/market 200 in 470ms (compile: 29ms, proxy.ts: 20ms, render: 421ms)
 GET /api/cost-basis 200 in 1346ms (compile: 10ms, proxy.ts: 25ms, render: 1311ms)
 GET /api/klines-range?symbol=SOLUSDT&startTime=1772086492130 200 in 265ms (compile: 6ms, proxy.ts: 6ms, render: 253ms)
 GET /api/orders 200 in 1625ms (compile: 6ms, proxy.ts: 6ms, render: 1614ms)
 GET /api/market 200 in 281ms (compile: 4ms, proxy.ts: 7ms, render: 270ms)
 GET /api/orders 200 in 707ms (compile: 5ms, proxy.ts: 6ms, render: 696ms)
 GET /api/errors 200 in 77ms (compile: 28ms, proxy.ts: 42ms, render: 7ms)
 GET /api/pnl 200 in 90ms (compile: 45ms, proxy.ts: 39ms, render: 6ms)
 GET /api/status 200 in 105ms (compile: 62ms, proxy.ts: 36ms, render: 7ms)
 GET /api/market 200 in 363ms (compile: 36ms, proxy.ts: 41ms, render: 286ms)
 GET /api/orders 200 in 839ms (compile: 53ms, proxy.ts: 37ms, render: 749ms)
[20:47:29.779] [32mINFO[39m: [36mbinance › balance[39m
    [35mmodule[39m: "binance"
    [35massets[39m: 22
 GET /api/balance 200 in 882ms (compile: 20ms, proxy.ts: 43ms, render: 820ms)
 GET /api/status 200 in 81ms (compile: 56ms, proxy.ts: 19ms, render: 6ms)
 GET /api/orders 200 in 303ms (compile: 12ms, proxy.ts: 30ms, render: 261ms)
 GET /api/market 200 in 389ms (compile: 30ms, proxy.ts: 28ms, render: 332ms)
 GET /api/cost-basis 200 in 1369ms (compile: 24ms, proxy.ts: 29ms, render: 1316ms)
 GET /api/klines-range?symbol=SOLUSDT&startTime=1772086492130 200 in 17ms (compile: 4ms, proxy.ts: 6ms, render: 7ms)
 GET /api/orders 200 in 765ms (compile: 11ms, proxy.ts: 15ms, render: 740ms)
 GET /api/market 200 in 300ms (compile: 6ms, proxy.ts: 10ms, render: 283ms)
 GET /api/orders 200 in 277ms (compile: 11ms, proxy.ts: 18ms, render: 248ms)
[20:47:54.819] [32mINFO[39m: [36mauto-trader › aplicant correcció OCO a posició òrfena…[39m
    [35mmodule[39m: "auto-trader"
    [35msymbol[39m: "BTCUSDT"
[20:47:55.551] [31mERROR[39m: [36mauto-trader › error en col·locar OCO correctora[39m
    [35mmodule[39m: "auto-trader"
    [35msymbol[39m: "BTCUSDT"
    err: "Binance /orderList/oco 400: {\"code\":-1013,\"msg\":\"Invalid quantity.\"}"
 GET /api/status 200 in 28ms (compile: 9ms, proxy.ts: 10ms, render: 9ms)
 GET /api/orders 200 in 248ms (compile: 6ms, proxy.ts: 11ms, render: 231ms)
 GET /api/market 200 in 278ms (compile: 7ms, proxy.ts: 22ms, render: 250ms)
 GET /api/pnl 200 in 111ms (compile: 42ms, proxy.ts: 58ms, render: 11ms)
 GET /api/status 200 in 131ms (compile: 70ms, proxy.ts: 55ms, render: 7ms)
 GET /api/errors 200 in 136ms (compile: 81ms, proxy.ts: 50ms, render: 6ms)
 GET /api/market 200 in 323ms (compile: 23ms, proxy.ts: 60ms, render: 240ms)
 GET /api/orders 200 in 324ms (compile: 32ms, proxy.ts: 58ms, render: 235ms)
[20:47:59.785] [32mINFO[39m: [36mbinance › balance[39m
    [35mmodule[39m: "binance"
    [35massets[39m: 22
 GET /api/balance 200 in 345ms (compile: 56ms, proxy.ts: 56ms, render: 234ms)
 GET /api/status 200 in 55ms (compile: 21ms, proxy.ts: 28ms, render: 6ms)
 GET /api/orders 200 in 504ms (compile: 16ms, proxy.ts: 29ms, render: 459ms)
 GET /api/market 200 in 499ms (compile: 86ms, proxy.ts: 23ms, render: 390ms)
 GET /api/cost-basis 200 in 1578ms (compile: 30ms, proxy.ts: 28ms, render: 1519ms)
 GET /api/klines-range?symbol=SOLUSDT&startTime=1772086492130 200 in 259ms (compile: 3ms, proxy.ts: 6ms, render: 249ms)
 GET /api/orders 200 in 244ms (compile: 5ms, proxy.ts: 9ms, render: 230ms)
 GET /api/market 200 in 257ms (compile: 3ms, proxy.ts: 8ms, render: 246ms)
 GET /api/orders 200 in 742ms (compile: 5ms, proxy.ts: 11ms, render: 726ms)
 GET /api/status 200 in 61ms (compile: 17ms, proxy.ts: 38ms, render: 6ms)
 GET /api/errors 200 in 78ms (compile: 36ms, proxy.ts: 35ms, render: 8ms)
 GET /api/pnl 200 in 84ms (compile: 44ms, proxy.ts: 34ms, render: 5ms)
 GET /api/market 200 in 370ms (compile: 58ms, proxy.ts: 33ms, render: 279ms)
 GET /api/orders 200 in 787ms (compile: 28ms, proxy.ts: 36ms, render: 722ms)
[20:48:30.514] [32mINFO[39m: [36mbinance › balance[39m
    [35mmodule[39m: "binance"
    [35massets[39m: 22
 GET /api/balance 200 in 796ms (compile: 50ms, proxy.ts: 34ms, render: 711ms)
 GET /api/status 200 in 61ms (compile: 20ms, proxy.ts: 34ms, render: 6ms)
 GET /api/orders 200 in 285ms (compile: 13ms, proxy.ts: 37ms, render: 235ms)
 GET /api/market 200 in 451ms (compile: 28ms, proxy.ts: 33ms, render: 390ms)
 GET /api/cost-basis 200 in 1300ms (compile: 17ms, proxy.ts: 36ms, render: 1247ms)
 GET /api/klines-range?symbol=SOLUSDT&startTime=1772086492130 200 in 19ms (compile: 6ms, proxy.ts: 7ms, render: 7ms)
 GET /api/orders 200 in 249ms (compile: 6ms, proxy.ts: 9ms, render: 234ms)
 GET /api/market 200 in 296ms (compile: 5ms, proxy.ts: 13ms, render: 278ms)
 GET /api/orders 200 in 789ms (compile: 8ms, proxy.ts: 18ms, render: 762ms)
[20:48:54.590] [32mINFO[39m: [36mauto-trader › aplicant correcció OCO a posició òrfena…[39m
    [35mmodule[39m: "auto-trader"
    [35msymbol[39m: "BTCUSDT"
[20:48:55.120] [31mERROR[39m: [36mauto-trader › error en col·locar OCO correctora[39m
    [35mmodule[39m: "auto-trader"
    [35msymbol[39m: "BTCUSDT"
    err: "Binance /orderList/oco 400: {\"code\":-1013,\"msg\":\"Invalid quantity.\"}"
 GET /api/status 200 in 58ms (compile: 23ms, proxy.ts: 17ms, render: 18ms)
 GET /api/orders 200 in 244ms (compile: 5ms, proxy.ts: 11ms, render: 228ms)
 GET /api/market 200 in 270ms (compile: 11ms, proxy.ts: 18ms, render: 242ms)
 GET /api/errors 200 in 117ms (compile: 56ms, proxy.ts: 45ms, render: 16ms)
 GET /api/status 200 in 178ms (compile: 114ms, proxy.ts: 45ms, render: 18ms)
 GET /api/pnl 200 in 205ms (compile: 155ms, proxy.ts: 42ms, render: 8ms)
 GET /api/orders 200 in 376ms (compile: 87ms, proxy.ts: 44ms, render: 245ms)
 GET /api/market 200 in 397ms (compile: 101ms, proxy.ts: 44ms, render: 251ms)
[20:49:00.513] [32mINFO[39m: [36mbinance › balance[39m
    [35mmodule[39m: "binance"
    [35massets[39m: 22
 GET /api/balance 200 in 405ms (compile: 75ms, proxy.ts: 45ms, render: 286ms)
 GET /api/status 200 in 53ms (compile: 25ms, proxy.ts: 20ms, render: 8ms)
 GET /api/orders 200 in 344ms (compile: 9ms, proxy.ts: 26ms, render: 308ms)
 GET /api/market 200 in 403ms (compile: 40ms, proxy.ts: 18ms, render: 346ms)
 GET /api/cost-basis 200 in 1340ms (compile: 16ms, proxy.ts: 22ms, render: 1302ms)
 GET /api/klines-range?symbol=SOLUSDT&startTime=1772086492130 200 in 257ms (compile: 3ms, proxy.ts: 5ms, render: 248ms)
 GET /api/orders 200 in 291ms (compile: 6ms, proxy.ts: 11ms, render: 274ms)
 GET /api/market 200 in 378ms (compile: 7ms, proxy.ts: 10ms, render: 361ms)
 GET /api/orders 200 in 709ms (compile: 6ms, proxy.ts: 20ms, render: 683ms)
 GET /api/errors 200 in 67ms (compile: 16ms, proxy.ts: 44ms, render: 7ms)
 GET /api/status 200 in 71ms (compile: 26ms, proxy.ts: 38ms, render: 7ms)
 GET /api/pnl 200 in 98ms (compile: 63ms, proxy.ts: 30ms, render: 5ms)
 GET /api/market 200 in 394ms (compile: 44ms, proxy.ts: 35ms, render: 314ms)
 GET /api/orders 200 in 777ms (compile: 54ms, proxy.ts: 33ms, render: 691ms)
[20:49:31.082] [32mINFO[39m: [36mbinance › balance[39m
    [35mmodule[39m: "binance"
    [35massets[39m: 22
 GET /api/balance 200 in 800ms (compile: 34ms, proxy.ts: 37ms, render: 729ms)
 GET /api/status 200 in 56ms (compile: 30ms, proxy.ts: 21ms, render: 5ms)
 GET /api/orders 200 in 267ms (compile: 8ms, proxy.ts: 26ms, render: 234ms)
 GET /api/market 200 in 405ms (compile: 17ms, proxy.ts: 22ms, render: 365ms)
 GET /api/cost-basis 200 in 1339ms (compile: 37ms, proxy.ts: 20ms, render: 1282ms)
 GET /api/klines-range?symbol=SOLUSDT&startTime=1772086492130 200 in 18ms (compile: 6ms, proxy.ts: 6ms, render: 5ms)
 GET /api/orders 200 in 253ms (compile: 6ms, proxy.ts: 7ms, render: 241ms)
 GET /api/market 200 in 264ms (compile: 4ms, proxy.ts: 10ms, render: 251ms)
 GET /api/orders 200 in 720ms (compile: 6ms, proxy.ts: 16ms, render: 698ms)
[20:49:54.591] [32mINFO[39m: [36mauto-trader › aplicant correcció OCO a posició òrfena…[39m
    [35mmodule[39m: "auto-trader"
    [35msymbol[39m: "BTCUSDT"
[20:49:55.240] [31mERROR[39m: [36mauto-trader › error en col·locar OCO correctora[39m
    [35mmodule[39m: "auto-trader"
    [35msymbol[39m: "BTCUSDT"
    err: "Binance /orderList/oco 400: {\"code\":-1013,\"msg\":\"Invalid quantity.\"}"
 GET /api/status 200 in 31ms (compile: 6ms, proxy.ts: 18ms, render: 8ms)
 GET /api/orders 200 in 278ms (compile: 6ms, proxy.ts: 11ms, render: 262ms)
 GET /api/market 200 in 384ms (compile: 16ms, proxy.ts: 12ms, render: 357ms)
 GET /api/errors 200 in 63ms (compile: 24ms, proxy.ts: 33ms, render: 5ms)
 GET /api/status 200 in 72ms (compile: 36ms, proxy.ts: 31ms, render: 5ms)
 GET /api/pnl 200 in 85ms (compile: 51ms, proxy.ts: 28ms, render: 5ms)
 GET /api/orders 200 in 294ms (compile: 30ms, proxy.ts: 32ms, render: 232ms)
[20:50:00.991] [32mINFO[39m: [36mbinance › balance[39m
    [35mmodule[39m: "binance"
    [35massets[39m: 22
 GET /api/balance 200 in 311ms (compile: 14ms, proxy.ts: 35ms, render: 262ms)
 GET /api/market 200 in 324ms (compile: 43ms, proxy.ts: 30ms, render: 252ms)
 GET /api/status 200 in 84ms (compile: 41ms, proxy.ts: 35ms, render: 7ms)
 GET /api/market 200 in 391ms (compile: 27ms, proxy.ts: 37ms, render: 327ms)
 GET /api/orders 200 in 1461ms (compile: 14ms, proxy.ts: 38ms, render: 1408ms)
 GET /api/cost-basis 200 in 1984ms (compile: 20ms, proxy.ts: 38ms, render: 1925ms)
 GET /api/klines-range?symbol=SOLUSDT&startTime=1772086492130 200 in 270ms (compile: 5ms, proxy.ts: 8ms, render: 258ms)
 GET /api/orders 200 in 257ms (compile: 6ms, proxy.ts: 17ms, render: 234ms)
 GET /api/market 200 in 272ms (compile: 3ms, proxy.ts: 6ms, render: 263ms)
 GET /api/orders 200 in 1033ms (compile: 9ms, proxy.ts: 12ms, render: 1013ms)
 GET /api/errors 200 in 97ms (compile: 29ms, proxy.ts: 59ms, render: 9ms)
 GET /api/status 200 in 108ms (compile: 41ms, proxy.ts: 56ms, render: 11ms)
 GET /api/pnl 200 in 131ms (compile: 64ms, proxy.ts: 56ms, render: 10ms)
 GET /api/market 200 in 514ms (compile: 89ms, proxy.ts: 51ms, render: 374ms)
[20:50:32.843] [32mINFO[39m: [36mbinance › balance[39m
    [35mmodule[39m: "binance"
    [35massets[39m: 22
 GET /api/balance 200 in 848ms (compile: 78ms, proxy.ts: 55ms, render: 716ms)
 GET /api/orders 200 in 857ms (compile: 51ms, proxy.ts: 58ms, render: 748ms)
 GET /api/status 200 in 61ms (compile: 33ms, proxy.ts: 22ms, render: 5ms)
 GET /api/orders 200 in 280ms (compile: 10ms, proxy.ts: 27ms, render: 243ms)
 GET /api/market 200 in 376ms (compile: 18ms, proxy.ts: 25ms, render: 333ms)
 GET /api/cost-basis 200 in 1178ms (compile: 25ms, proxy.ts: 24ms, render: 1128ms)
 GET /api/klines-range?symbol=SOLUSDT&startTime=1772086492130 200 in 26ms (compile: 5ms, proxy.ts: 11ms, render: 9ms)
 GET /api/orders 200 in 264ms (compile: 7ms, proxy.ts: 16ms, render: 242ms)
 GET /api/market 200 in 265ms (compile: 4ms, proxy.ts: 6ms, render: 255ms)
[20:50:54.674] [32mINFO[39m: [36mauto-trader › aplicant correcció OCO a posició òrfena…[39m
    [35mmodule[39m: "auto-trader"
    [35msymbol[39m: "BTCUSDT"
 GET /api/orders 200 in 970ms (compile: 8ms, proxy.ts: 8ms, render: 954ms)
[20:50:55.229] [31mERROR[39m: [36mauto-trader › error en col·locar OCO correctora[39m
    [35mmodule[39m: "auto-trader"
    [35msymbol[39m: "BTCUSDT"
    err: "Binance /orderList/oco 400: {\"code\":-1013,\"msg\":\"Invalid quantity.\"}"
 GET /api/status 200 in 27ms (compile: 5ms, proxy.ts: 13ms, render: 9ms)
 GET /api/orders 200 in 286ms (compile: 5ms, proxy.ts: 13ms, render: 268ms)
 GET /api/market 200 in 276ms (compile: 17ms, proxy.ts: 11ms, render: 248ms)
 GET /api/errors 200 in 65ms (compile: 19ms, proxy.ts: 36ms, render: 10ms)
 GET /api/pnl 200 in 88ms (compile: 46ms, proxy.ts: 33ms, render: 9ms)
 GET /api/status 200 in 98ms (compile: 59ms, proxy.ts: 33ms, render: 7ms)
 GET /api/orders 200 in 316ms (compile: 31ms, proxy.ts: 34ms, render: 251ms)
[20:51:02.795] [32mINFO[39m: [36mbinance › balance[39m
    [35mmodule[39m: "binance"
    [35massets[39m: 22
 GET /api/balance 200 in 334ms (compile: 37ms, proxy.ts: 33ms, render: 264ms)
 GET /api/market 200 in 430ms (compile: 66ms, proxy.ts: 33ms, render: 331ms)
 GET /api/status 200 in 58ms (compile: 29ms, proxy.ts: 16ms, render: 13ms)
 GET /api/orders 200 in 282ms (compile: 10ms, proxy.ts: 21ms, render: 251ms)
 GET /api/market 200 in 401ms (compile: 20ms, proxy.ts: 18ms, render: 362ms)
 GET /api/cost-basis 200 in 1376ms (compile: 15ms, proxy.ts: 19ms, render: 1342ms)
 GET /api/klines-range?symbol=SOLUSDT&startTime=1772086492130 200 in 259ms (compile: 4ms, proxy.ts: 7ms, render: 248ms)
 GET /api/orders 200 in 277ms (compile: 7ms, proxy.ts: 16ms, render: 255ms)
 GET /api/market 200 in 263ms (compile: 6ms, proxy.ts: 8ms, render: 249ms)
 GET /api/orders 200 in 273ms (compile: 8ms, proxy.ts: 20ms, render: 244ms)
 GET /api/status 200 in 71ms (compile: 17ms, proxy.ts: 43ms, render: 11ms)
 GET /api/pnl 200 in 87ms (compile: 42ms, proxy.ts: 38ms, render: 8ms)
 GET /api/errors 200 in 98ms (compile: 52ms, proxy.ts: 37ms, render: 9ms)
 GET /api/market 200 in 395ms (compile: 79ms, proxy.ts: 34ms, render: 282ms)
 GET /api/orders 200 in 800ms (compile: 31ms, proxy.ts: 40ms, render: 729ms)
[20:51:33.734] [32mINFO[39m: [36mbinance › balance[39m
    [35mmodule[39m: "binance"
    [35massets[39m: 22
 GET /api/balance 200 in 1140ms (compile: 63ms, proxy.ts: 36ms, render: 1042ms)
 GET /api/status 200 in 64ms (compile: 24ms, proxy.ts: 29ms, render: 11ms)
 GET /api/orders 200 in 280ms (compile: 16ms, proxy.ts: 31ms, render: 233ms)
 GET /api/market 200 in 421ms (compile: 57ms, proxy.ts: 22ms, render: 341ms)
 GET /api/cost-basis 200 in 1351ms (compile: 43ms, proxy.ts: 28ms, render: 1280ms)
 GET /api/klines-range?symbol=SOLUSDT&startTime=1772086492130 200 in 17ms (compile: 4ms, proxy.ts: 7ms, render: 6ms)
 GET /api/orders 200 in 254ms (compile: 9ms, proxy.ts: 11ms, render: 234ms)
 GET /api/market 200 in 259ms (compile: 6ms, proxy.ts: 8ms, render: 245ms)
[20:51:54.681] [32mINFO[39m: [36mauto-trader › aplicant correcció OCO a posició òrfena…[39m
    [35mmodule[39m: "auto-trader"
    [35msymbol[39m: "BTCUSDT"
 GET /api/orders 200 in 698ms (compile: 9ms, proxy.ts: 15ms, render: 674ms)
[20:51:55.208] [31mERROR[39m: [36mauto-trader › error en col·locar OCO correctora[39m
    [35mmodule[39m: "auto-trader"
    [35msymbol[39m: "BTCUSDT"
    err: "Binance /orderList/oco 400: {\"code\":-1013,\"msg\":\"Invalid quantity.\"}"
 GET /api/status 200 in 42ms (compile: 8ms, proxy.ts: 24ms, render: 9ms)
 GET /api/orders 200 in 252ms (compile: 7ms, proxy.ts: 9ms, render: 237ms)
 GET /api/market 200 in 287ms (compile: 19ms, proxy.ts: 22ms, render: 246ms)
 GET /api/errors 200 in 64ms (compile: 24ms, proxy.ts: 33ms, render: 7ms)
 GET /api/status 200 in 70ms (compile: 35ms, proxy.ts: 29ms, render: 7ms)
 GET /api/pnl 200 in 79ms (compile: 43ms, proxy.ts: 27ms, render: 8ms)
 GET /api/orders 200 in 311ms (compile: 17ms, proxy.ts: 34ms, render: 259ms)
[20:52:03.376] [32mINFO[39m: [36mbinance › balance[39m
    [35mmodule[39m: "binance"
    [35massets[39m: 22
 GET /api/balance 200 in 321ms (compile: 55ms, proxy.ts: 26ms, render: 240ms)
 GET /api/market 200 in 351ms (compile: 59ms, proxy.ts: 28ms, render: 264ms)
 GET /api/status 200 in 49ms (compile: 16ms, proxy.ts: 27ms, render: 6ms)
 GET /api/market 200 in 388ms (compile: 25ms, proxy.ts: 24ms, render: 339ms)
 GET /api/orders 200 in 998ms (compile: 12ms, proxy.ts: 30ms, render: 956ms)
 GET /api/cost-basis 200 in 1562ms (compile: 62ms, proxy.ts: 18ms, render: 1482ms)
 GET /api/orders 200 in 280ms (compile: 8ms, proxy.ts: 11ms, render: 260ms)
 GET /api/klines-range?symbol=SOLUSDT&startTime=1772086492130 200 in 268ms (compile: 6ms, proxy.ts: 6ms, render: 255ms)
 GET /api/market 200 in 269ms (compile: 8ms, proxy.ts: 11ms, render: 251ms)
 GET /api/orders 200 in 707ms (compile: 6ms, proxy.ts: 15ms, render: 685ms)
 GET /api/errors 200 in 70ms (compile: 29ms, proxy.ts: 34ms, render: 7ms)
 GET /api/status 200 in 77ms (compile: 38ms, proxy.ts: 33ms, render: 5ms)
 GET /api/pnl 200 in 95ms (compile: 61ms, proxy.ts: 28ms, render: 6ms)
[20:52:33.575] [32mINFO[39m: [36mbinance › balance[39m
    [35mmodule[39m: "binance"
    [35massets[39m: 22
 GET /api/balance 200 in 315ms (compile: 46ms, proxy.ts: 30ms, render: 239ms)
 GET /api/market 200 in 369ms (compile: 18ms, proxy.ts: 36ms, render: 315ms)
 GET /api/orders 200 in 874ms (compile: 53ms, proxy.ts: 29ms, render: 792ms)
 GET /api/status 200 in 48ms (compile: 16ms, proxy.ts: 25ms, render: 7ms)
 GET /api/orders 200 in 271ms (compile: 12ms, proxy.ts: 29ms, render: 230ms)
 GET /api/market 200 in 454ms (compile: 24ms, proxy.ts: 22ms, render: 408ms)
 GET /api/cost-basis 200 in 1502ms (compile: 34ms, proxy.ts: 16ms, render: 1451ms)
 GET /api/orders 200 in 262ms (compile: 7ms, proxy.ts: 17ms, render: 238ms)
 GET /api/klines-range?symbol=SOLUSDT&startTime=1772086492130 200 in 20ms (compile: 6ms, proxy.ts: 7ms, render: 6ms)
 GET /api/market 200 in 362ms (compile: 4ms, proxy.ts: 7ms, render: 351ms)
 GET /api/orders 200 in 742ms (compile: 6ms, proxy.ts: 12ms, render: 725ms)
[20:52:55.058] [32mINFO[39m: [36mauto-trader › aplicant correcció OCO a posició òrfena…[39m
    [35mmodule[39m: "auto-trader"
    [35msymbol[39m: "BTCUSDT"
[20:52:55.574] [31mERROR[39m: [36mauto-trader › error en col·locar OCO correctora[39m
    [35mmodule[39m: "auto-trader"
    [35msymbol[39m: "BTCUSDT"
    err: "Binance /orderList/oco 400: {\"code\":-1013,\"msg\":\"Invalid quantity.\"}"
 GET /api/status 200 in 23ms (compile: 5ms, proxy.ts: 9ms, render: 9ms)
 GET /api/orders 200 in 248ms (compile: 9ms, proxy.ts: 8ms, render: 230ms)
 GET /api/market 200 in 265ms (compile: 5ms, proxy.ts: 8ms, render: 252ms)
 GET /api/status 200 in 48ms (compile: 13ms, proxy.ts: 30ms, render: 5ms)
 GET /api/pnl 200 in 54ms (compile: 21ms, proxy.ts: 28ms, render: 5ms)
 GET /api/errors 200 in 61ms (compile: 27ms, proxy.ts: 27ms, render: 7ms)
 GET /api/orders 200 in 305ms (compile: 46ms, proxy.ts: 25ms, render: 233ms)
[20:53:03.948] [32mINFO[39m: [36mbinance › balance[39m
    [35mmodule[39m: "binance"
    [35massets[39m: 22
 GET /api/balance 200 in 323ms (compile: 37ms, proxy.ts: 26ms, render: 260ms)
 GET /api/market 200 in 418ms (compile: 63ms, proxy.ts: 25ms, render: 330ms)
[20:53:07.411] [32mINFO[39m: [36mbinance › balance[39m
    [35mmodule[39m: "binance"
    [35massets[39m: 22
 GET /api/balance 200 in 282ms (compile: 5ms, proxy.ts: 11ms, render: 266ms)
 GET /api/portfolio-snapshot 200 in 35ms (compile: 7ms, proxy.ts: 17ms, render: 11ms)
 GET /api/portfolio-snapshot 200 in 50ms (compile: 12ms, proxy.ts: 25ms, render: 13ms)
 GET /api/portfolio-snapshot 200 in 64ms (compile: 27ms, proxy.ts: 24ms, render: 13ms)
 GET /api/portfolio-snapshot 200 in 76ms (compile: 42ms, proxy.ts: 23ms, render: 11ms)
 GET /api/klines?pair=BTCUSDT&interval=1h&limit=168 200 in 296ms (compile: 22ms, proxy.ts: 13ms, render: 261ms)
 GET /api/klines?pair=BTCUSDT&interval=1h&limit=168 200 in 22ms (compile: 5ms, proxy.ts: 9ms, render: 8ms)
 GET /api/status 200 in 54ms (compile: 20ms, proxy.ts: 27ms, render: 7ms)
 GET /api/orders 200 in 304ms (compile: 12ms, proxy.ts: 29ms, render: 263ms)
 GET /api/market 200 in 349ms (compile: 46ms, proxy.ts: 24ms, render: 279ms)
 GET /api/orders 200 in 743ms (compile: 7ms, proxy.ts: 49ms, render: 687ms)
 GET /api/cost-basis 200 in 1899ms (compile: 28ms, proxy.ts: 25ms, render: 1845ms)
 GET /api/klines-range?symbol=SOLUSDT&startTime=1772086492130 200 in 272ms (compile: 8ms, proxy.ts: 9ms, render: 256ms)
 GET /api/market 200 in 253ms (compile: 4ms, proxy.ts: 8ms, render: 241ms)
 POST /api/portfolio-snapshot 200 in 30ms (compile: 5ms, proxy.ts: 17ms, render: 7ms)
 GET /api/portfolio-snapshot 200 in 23ms (compile: 5ms, proxy.ts: 7ms, render: 10ms)
 GET /api/orders 200 in 820ms (compile: 7ms, proxy.ts: 19ms, render: 794ms)
 GET /api/errors 200 in 58ms (compile: 15ms, proxy.ts: 35ms, render: 9ms)
 GET /api/pnl 200 in 66ms (compile: 25ms, proxy.ts: 33ms, render: 8ms)
 GET /api/status 200 in 80ms (compile: 43ms, proxy.ts: 31ms, render: 5ms)
 GET /api/market 200 in 416ms (compile: 49ms, proxy.ts: 30ms, render: 337ms)
 GET /api/orders 200 in 774ms (compile: 80ms, proxy.ts: 20ms, render: 674ms)
[20:53:34.566] [32mINFO[39m: [36mbinance › balance[39m
    [35mmodule[39m: "binance"
    [35massets[39m: 22
 GET /api/balance 200 in 804ms (compile: 34ms, proxy.ts: 32ms, render: 738ms)
 GET /api/status 200 in 46ms (compile: 17ms, proxy.ts: 22ms, render: 8ms)
 GET /api/orders 200 in 275ms (compile: 12ms, proxy.ts: 24ms, render: 239ms)
 GET /api/market 200 in 397ms (compile: 33ms, proxy.ts: 18ms, render: 345ms)
 GET /api/orders 200 in 258ms (compile: 8ms, proxy.ts: 14ms, render: 235ms)
 GET /api/cost-basis 200 in 1225ms (compile: 27ms, proxy.ts: 20ms, render: 1178ms)
 GET /api/klines-range?symbol=SOLUSDT&startTime=1772086492130 200 in 24ms (compile: 4ms, proxy.ts: 9ms, render: 11ms)
 GET /api/market 200 in 283ms (compile: 4ms, proxy.ts: 7ms, render: 271ms)
[20:53:54.609] [32mINFO[39m: [36mauto-trader › aplicant correcció OCO a posició òrfena…[39m
    [35mmodule[39m: "auto-trader"
    [35msymbol[39m: "BTCUSDT"
 GET /api/orders 200 in 276ms (compile: 8ms, proxy.ts: 8ms, render: 259ms)
[20:53:55.155] [31mERROR[39m: [36mauto-trader › error en col·locar OCO correctora[39m
    [35mmodule[39m: "auto-trader"
    [35msymbol[39m: "BTCUSDT"
    err: "Binance /orderList/oco 400: {\"code\":-1013,\"msg\":\"Invalid quantity.\"}"
 GET /api/status 200 in 28ms (compile: 6ms, proxy.ts: 14ms, render: 7ms)
 GET /api/orders 200 in 266ms (compile: 5ms, proxy.ts: 9ms, render: 252ms)
 GET /api/market 200 in 284ms (compile: 16ms, proxy.ts: 13ms, render: 255ms)
 GET /api/status 200 in 61ms (compile: 12ms, proxy.ts: 42ms, render: 7ms)
 GET /api/pnl 200 in 80ms (compile: 29ms, proxy.ts: 36ms, render: 14ms)
 GET /api/errors 200 in 93ms (compile: 56ms, proxy.ts: 31ms, render: 5ms)
 GET /api/orders 200 in 313ms (compile: 22ms, proxy.ts: 38ms, render: 252ms)
 GET /api/market 200 in 414ms (compile: 63ms, proxy.ts: 29ms, render: 322ms)
[20:54:04.981] [32mINFO[39m: [36mbinance › balance[39m
    [35mmodule[39m: "binance"
    [35massets[39m: 22
 GET /api/balance 200 in 798ms (compile: 47ms, proxy.ts: 34ms, render: 716ms)
 GET /api/status 200 in 59ms (compile: 37ms, proxy.ts: 17ms, render: 5ms)
 GET /api/market 200 in 292ms (compile: 30ms, proxy.ts: 19ms, render: 243ms)
 GET /api/orders 200 in 517ms (compile: 10ms, proxy.ts: 26ms, render: 481ms)
 GET /api/orders 200 in 269ms (compile: 4ms, proxy.ts: 9ms, render: 256ms)
 GET /api/cost-basis 200 in 2.2s (compile: 19ms, proxy.ts: 23ms, render: 2.1s)
 GET /api/market 200 in 280ms (compile: 14ms, proxy.ts: 22ms, render: 244ms)
 GET /api/klines-range?symbol=SOLUSDT&startTime=1772086492130 200 in 316ms (compile: 6ms, proxy.ts: 7ms, render: 303ms)
 GET /api/orders 200 in 740ms (compile: 14ms, proxy.ts: 17ms, render: 710ms)
 GET /api/errors 200 in 61ms (compile: 14ms, proxy.ts: 38ms, render: 9ms)
 GET /api/pnl 200 in 85ms (compile: 40ms, proxy.ts: 36ms, render: 9ms)
 GET /api/status 200 in 103ms (compile: 64ms, proxy.ts: 34ms, render: 6ms)
 GET /api/market 200 in 383ms (compile: 50ms, proxy.ts: 38ms, render: 295ms)
 GET /api/orders 200 in 775ms (compile: 70ms, proxy.ts: 32ms, render: 673ms)
[20:54:35.520] [32mINFO[39m: [36mbinance › balance[39m
    [35mmodule[39m: "binance"
    [35massets[39m: 22
 GET /api/balance 200 in 1057ms (compile: 25ms, proxy.ts: 37ms, render: 995ms)
 GET /api/status 200 in 91ms (compile: 59ms, proxy.ts: 26ms, render: 6ms)
 GET /api/orders 200 in 256ms (compile: 7ms, proxy.ts: 13ms, render: 237ms)
 GET /api/orders 200 in 250ms (compile: 6ms, proxy.ts: 9ms, render: 235ms)
 GET /api/market 200 in 434ms (compile: 8ms, proxy.ts: 22ms, render: 404ms)
 GET /api/market 200 in 346ms (compile: 44ms, proxy.ts: 51ms, render: 250ms)
 GET /api/cost-basis 200 in 2.2s (compile: 46ms, proxy.ts: 24ms, render: 2.1s)
 GET /api/klines-range?symbol=SOLUSDT&startTime=1772086492130 200 in 28ms (compile: 6ms, proxy.ts: 11ms, render: 11ms)
[20:54:54.655] [32mINFO[39m: [36mauto-trader › aplicant correcció OCO a posició òrfena…[39m
    [35mmodule[39m: "auto-trader"
    [35msymbol[39m: "BTCUSDT"
 GET /api/orders 200 in 253ms (compile: 7ms, proxy.ts: 10ms, render: 236ms)
[20:54:55.173] [31mERROR[39m: [36mauto-trader › error en col·locar OCO correctora[39m
    [35mmodule[39m: "auto-trader"
    [35msymbol[39m: "BTCUSDT"
    err: "Binance /orderList/oco 400: {\"code\":-1013,\"msg\":\"Invalid quantity.\"}"
 GET /api/status 200 in 45ms (compile: 18ms, proxy.ts: 18ms, render: 9ms)
 GET /api/orders 200 in 247ms (compile: 7ms, proxy.ts: 9ms, render: 231ms)
 GET /api/market 200 in 276ms (compile: 8ms, proxy.ts: 19ms, render: 248ms)
 GET /api/pnl 200 in 58ms (compile: 16ms, proxy.ts: 35ms, render: 6ms)
 GET /api/errors 200 in 86ms (compile: 46ms, proxy.ts: 33ms, render: 6ms)
 GET /api/status 200 in 93ms (compile: 54ms, proxy.ts: 32ms, render: 6ms)
 GET /api/market 200 in 364ms (compile: 62ms, proxy.ts: 29ms, render: 273ms)
 GET /api/orders 200 in 783ms (compile: 34ms, proxy.ts: 35ms, render: 714ms)
[20:55:05.946] [32mINFO[39m: [36mbinance › balance[39m
    [35mmodule[39m: "binance"
    [35massets[39m: 22
 GET /api/balance 200 in 867ms (compile: 23ms, proxy.ts: 35ms, render: 809ms)
 GET /api/orders 200 in 291ms (compile: 9ms, proxy.ts: 23ms, render: 260ms)
 GET /api/status 200 in 63ms (compile: 21ms, proxy.ts: 33ms, render: 9ms)
 GET /api/orders 200 in 311ms (compile: 13ms, proxy.ts: 36ms, render: 262ms)
 GET /api/market 200 in 471ms (compile: 44ms, proxy.ts: 21ms, render: 406ms)
 GET /api/cost-basis 200 in 1160ms (compile: 32ms, proxy.ts: 31ms, render: 1096ms)
 GET /api/klines-range?symbol=SOLUSDT&startTime=1772086492130 200 in 30ms (compile: 8ms, proxy.ts: 14ms, render: 9ms)
 GET /api/market 200 in 295ms (compile: 24ms, proxy.ts: 20ms, render: 251ms)
 GET /api/orders 200 in 723ms (compile: 13ms, proxy.ts: 14ms, render: 696ms)
 GET /api/errors 200 in 85ms (compile: 43ms, proxy.ts: 33ms, render: 9ms)
 GET /api/pnl 200 in 94ms (compile: 55ms, proxy.ts: 32ms, render: 6ms)
 GET /api/status 200 in 104ms (compile: 63ms, proxy.ts: 32ms, render: 8ms)
 GET /api/market 200 in 421ms (compile: 18ms, proxy.ts: 37ms, render: 366ms)
[20:55:36.153] [32mINFO[39m: [36mbinance › balance[39m
    [35mmodule[39m: "binance"
    [35massets[39m: 22
 GET /api/balance 200 in 800ms (compile: 30ms, proxy.ts: 35ms, render: 735ms)
 GET /api/orders 200 in 802ms (compile: 73ms, proxy.ts: 31ms, render: 698ms)
 GET /api/orders 200 in 286ms (compile: 5ms, proxy.ts: 7ms, render: 275ms)
 GET /api/status 200 in 53ms (compile: 18ms, proxy.ts: 30ms, render: 5ms)
 GET /api/orders 200 in 286ms (compile: 9ms, proxy.ts: 34ms, render: 242ms)
 GET /api/market 200 in 425ms (compile: 39ms, proxy.ts: 22ms, render: 364ms)
 GET /api/market 200 in 272ms (compile: 7ms, proxy.ts: 8ms, render: 258ms)
 GET /api/cost-basis 200 in 1888ms (compile: 28ms, proxy.ts: 29ms, render: 1831ms)
 GET /api/klines-range?symbol=SOLUSDT&startTime=1772086492130 200 in 280ms (compile: 5ms, proxy.ts: 10ms, render: 265ms)
[20:55:54.709] [32mINFO[39m: [36mauto-trader › aplicant correcció OCO a posició òrfena…[39m
    [35mmodule[39m: "auto-trader"
    [35msymbol[39m: "BTCUSDT"
 GET /api/orders 200 in 252ms (compile: 6ms, proxy.ts: 10ms, render: 236ms)
[20:55:55.253] [31mERROR[39m: [36mauto-trader › error en col·locar OCO correctora[39m
    [35mmodule[39m: "auto-trader"
    [35msymbol[39m: "BTCUSDT"
    err: "Binance /orderList/oco 400: {\"code\":-1013,\"msg\":\"Invalid quantity.\"}"
 GET /api/status 200 in 33ms (compile: 7ms, proxy.ts: 17ms, render: 9ms)
 GET /api/orders 200 in 251ms (compile: 6ms, proxy.ts: 10ms, render: 235ms)
 GET /api/market 200 in 286ms (compile: 21ms, proxy.ts: 15ms, render: 251ms)
 GET /api/pnl 200 in 57ms (compile: 13ms, proxy.ts: 37ms, render: 7ms)
 GET /api/errors 200 in 62ms (compile: 21ms, proxy.ts: 36ms, render: 5ms)
 GET /api/status 200 in 85ms (compile: 45ms, proxy.ts: 32ms, render: 8ms)
 GET /api/market 200 in 377ms (compile: 27ms, proxy.ts: 34ms, render: 316ms)
 GET /api/orders 200 in 766ms (compile: 38ms, proxy.ts: 33ms, render: 695ms)
[20:56:06.808] [32mINFO[39m: [36mbinance › balance[39m
    [35mmodule[39m: "binance"
    [35massets[39m: 22
 GET /api/balance 200 in 1026ms (compile: 55ms, proxy.ts: 28ms, render: 943ms)
 GET /api/orders 200 in 494ms (compile: 7ms, proxy.ts: 16ms, render: 471ms)
 GET /api/status 200 in 75ms (compile: 27ms, proxy.ts: 35ms, render: 13ms)
 GET /api/orders 200 in 301ms (compile: 16ms, proxy.ts: 41ms, render: 244ms)
 GET /api/market 200 in 1217ms (compile: 40ms, proxy.ts: 33ms, render: 1143ms)
 GET /api/market 200 in 274ms (compile: 7ms, proxy.ts: 12ms, render: 255ms)
 GET /api/cost-basis 200 in 1924ms (compile: 83ms, proxy.ts: 32ms, render: 1809ms)
 GET /api/klines-range?symbol=SOLUSDT&startTime=1772086492130 200 in 31ms (compile: 13ms, proxy.ts: 9ms, render: 9ms)
 GET /api/orders 200 in 715ms (compile: 7ms, proxy.ts: 20ms, render: 689ms)
 GET /api/status 200 in 66ms (compile: 23ms, proxy.ts: 37ms, render: 7ms)
 GET /api/errors 200 in 73ms (compile: 32ms, proxy.ts: 35ms, render: 6ms)
 GET /api/pnl 200 in 86ms (compile: 51ms, proxy.ts: 31ms, render: 4ms)
[20:56:37.415] [32mINFO[39m: [36mbinance › balance[39m
    [35mmodule[39m: "binance"
    [35massets[39m: 22
 GET /api/balance 200 in 292ms (compile: 14ms, proxy.ts: 38ms, render: 240ms)
 GET /api/market 200 in 364ms (compile: 40ms, proxy.ts: 32ms, render: 292ms)
 GET /api/orders 200 in 1088ms (compile: 60ms, proxy.ts: 29ms, render: 999ms)
 GET /api/orders 200 in 245ms (compile: 5ms, proxy.ts: 8ms, render: 232ms)
 GET /api/status 200 in 61ms (compile: 27ms, proxy.ts: 29ms, render: 5ms)
 GET /api/orders 200 in 276ms (compile: 12ms, proxy.ts: 31ms, render: 234ms)
 GET /api/market 200 in 302ms (compile: 22ms, proxy.ts: 33ms, render: 247ms)
 GET /api/market 200 in 391ms (compile: 5ms, proxy.ts: 114ms, render: 273ms)
 GET /api/cost-basis 200 in 1507ms (compile: 34ms, proxy.ts: 28ms, render: 1445ms)
 GET /api/klines-range?symbol=SOLUSDT&startTime=1772086492130 200 in 276ms (compile: 6ms, proxy.ts: 11ms, render: 260ms)
[20:56:54.910] [32mINFO[39m: [36mauto-trader › aplicant correcció OCO a posició òrfena…[39m
    [35mmodule[39m: "auto-trader"
    [35msymbol[39m: "BTCUSDT"
 GET /api/orders 200 in 270ms (compile: 5ms, proxy.ts: 29ms, render: 236ms)
[20:56:55.500] [31mERROR[39m: [36mauto-trader › error en col·locar OCO correctora[39m
    [35mmodule[39m: "auto-trader"
    [35msymbol[39m: "BTCUSDT"
    err: "Binance /orderList/oco 400: {\"code\":-1013,\"msg\":\"Invalid quantity.\"}"
 GET /api/status 200 in 79ms (compile: 49ms, proxy.ts: 21ms, render: 8ms)
 GET /api/orders 200 in 248ms (compile: 7ms, proxy.ts: 9ms, render: 233ms)
 GET /api/market 200 in 417ms (compile: 8ms, proxy.ts: 23ms, render: 386ms)
 GET /api/status 200 in 73ms (compile: 35ms, proxy.ts: 31ms, render: 6ms)
 GET /api/pnl 200 in 86ms (compile: 44ms, proxy.ts: 30ms, render: 12ms)
 GET /api/errors 200 in 100ms (compile: 58ms, proxy.ts: 29ms, render: 13ms)
 GET /api/market 200 in 387ms (compile: 11ms, proxy.ts: 34ms, render: 342ms)
 GET /api/orders 200 in 769ms (compile: 21ms, proxy.ts: 32ms, render: 716ms)
[20:57:08.452] [32mINFO[39m: [36mbinance › balance[39m
    [35mmodule[39m: "binance"
    [35massets[39m: 22
 GET /api/balance 200 in 772ms (compile: 75ms, proxy.ts: 19ms, render: 677ms)
 GET /api/orders 200 in 262ms (compile: 6ms, proxy.ts: 12ms, render: 244ms)
 GET /api/market 200 in 275ms (compile: 5ms, proxy.ts: 8ms, render: 263ms)
 GET /api/status 200 in 55ms (compile: 28ms, proxy.ts: 18ms, render: 9ms)
 GET /api/orders 200 in 265ms (compile: 13ms, proxy.ts: 21ms, render: 232ms)
 GET /api/market 200 in 342ms (compile: 4ms, proxy.ts: 9ms, render: 330ms)
 GET /api/cost-basis 200 in 1150ms (compile: 40ms, proxy.ts: 16ms, render: 1094ms)
 GET /api/klines-range?symbol=SOLUSDT&startTime=1772086492130 200 in 26ms (compile: 4ms, proxy.ts: 10ms, render: 12ms)
 GET /api/orders 200 in 735ms (compile: 8ms, proxy.ts: 19ms, render: 708ms)
 GET /api/pnl 200 in 106ms (compile: 46ms, proxy.ts: 53ms, render: 7ms)
 GET /api/status 200 in 118ms (compile: 63ms, proxy.ts: 47ms, render: 7ms)
 GET /api/errors 200 in 123ms (compile: 89ms, proxy.ts: 24ms, render: 10ms)
 GET /api/market 200 in 481ms (compile: 18ms, proxy.ts: 54ms, render: 409ms)
[20:57:38.656] [32mINFO[39m: [36mbinance › balance[39m
    [35mmodule[39m: "binance"
    [35massets[39m: 22
 GET /api/balance 200 in 823ms (compile: 72ms, proxy.ts: 45ms, render: 705ms)
 GET /api/orders 200 in 852ms (compile: 55ms, proxy.ts: 50ms, render: 747ms)
 GET /api/orders 200 in 260ms (compile: 7ms, proxy.ts: 10ms, render: 243ms)
 GET /api/market 200 in 261ms (compile: 4ms, proxy.ts: 10ms, render: 247ms)
 GET /api/status 200 in 52ms (compile: 13ms, proxy.ts: 30ms, render: 9ms)
 GET /api/orders 200 in 299ms (compile: 26ms, proxy.ts: 33ms, render: 239ms)
 GET /api/market 200 in 410ms (compile: 34ms, proxy.ts: 30ms, render: 346ms)
 GET /api/cost-basis 200 in 1189ms (compile: 43ms, proxy.ts: 27ms, render: 1119ms)
 GET /api/klines-range?symbol=SOLUSDT&startTime=1772086492130 200 in 267ms (compile: 5ms, proxy.ts: 8ms, render: 253ms)
[20:57:54.649] [32mINFO[39m: [36mauto-trader › aplicant correcció OCO a posició òrfena…[39m
    [35mmodule[39m: "auto-trader"
    [35msymbol[39m: "BTCUSDT"
 GET /api/orders 200 in 291ms (compile: 24ms, proxy.ts: 21ms, render: 246ms)
[20:57:55.254] [31mERROR[39m: [36mauto-trader › error en col·locar OCO correctora[39m
    [35mmodule[39m: "auto-trader"
    [35msymbol[39m: "BTCUSDT"
    err: "Binance /orderList/oco 400: {\"code\":-1013,\"msg\":\"Invalid quantity.\"}"
 GET /api/status 200 in 29ms (compile: 7ms, proxy.ts: 14ms, render: 8ms)
 GET /api/orders 200 in 278ms (compile: 5ms, proxy.ts: 10ms, render: 263ms)
 GET /api/market 200 in 286ms (compile: 17ms, proxy.ts: 13ms, render: 256ms)
 GET /api/pnl 200 in 76ms (compile: 33ms, proxy.ts: 38ms, render: 5ms)
 GET /api/errors 200 in 85ms (compile: 41ms, proxy.ts: 37ms, render: 7ms)
 GET /api/status 200 in 131ms (compile: 89ms, proxy.ts: 35ms, render: 7ms)
 GET /api/market 200 in 428ms (compile: 49ms, proxy.ts: 36ms, render: 343ms)
 GET /api/orders 200 in 802ms (compile: 12ms, proxy.ts: 40ms, render: 750ms)
[20:58:09.075] [32mINFO[39m: [36mbinance › balance[39m
    [35mmodule[39m: "binance"
    [35massets[39m: 22
 GET /api/balance 200 in 822ms (compile: 23ms, proxy.ts: 39ms, render: 760ms)
 GET /api/orders 200 in 254ms (compile: 7ms, proxy.ts: 12ms, render: 235ms)
 GET /api/market 200 in 261ms (compile: 5ms, proxy.ts: 9ms, render: 248ms)
 GET /api/status 200 in 74ms (compile: 35ms, proxy.ts: 29ms, render: 9ms)
 GET /api/market 200 in 307ms (compile: 25ms, proxy.ts: 30ms, render: 251ms)
 GET /api/orders 200 in 955ms (compile: 17ms, proxy.ts: 33ms, render: 905ms)
 GET /api/cost-basis 200 in 1758ms (compile: 48ms, proxy.ts: 26ms, render: 1684ms)
 GET /api/klines-range?symbol=SOLUSDT&startTime=1772086492130 200 in 26ms (compile: 7ms, proxy.ts: 10ms, render: 9ms)
 GET /api/orders 200 in 300ms (compile: 5ms, proxy.ts: 11ms, render: 284ms)
 GET /api/status 200 in 117ms (compile: 33ms, proxy.ts: 72ms, render: 13ms)
 GET /api/errors 200 in 124ms (compile: 47ms, proxy.ts: 69ms, render: 8ms)
 GET /api/pnl 200 in 154ms (compile: 74ms, proxy.ts: 70ms, render: 10ms)
 GET /api/market 200 in 455ms (compile: 86ms, proxy.ts: 64ms, render: 305ms)
 GET /api/orders 200 in 850ms (compile: 70ms, proxy.ts: 66ms, render: 714ms)
[20:58:39.742] [32mINFO[39m: [36mbinance › balance[39m
    [35mmodule[39m: "binance"
    [35massets[39m: 22
 GET /api/balance 200 in 1248ms (compile: 57ms, proxy.ts: 68ms, render: 1123ms)
 GET /api/orders 200 in 292ms (compile: 4ms, proxy.ts: 9ms, render: 279ms)
 GET /api/market 200 in 340ms (compile: 5ms, proxy.ts: 9ms, render: 325ms)
 GET /api/status 200 in 52ms (compile: 17ms, proxy.ts: 28ms, render: 7ms)
 GET /api/market 200 in 306ms (compile: 27ms, proxy.ts: 26ms, render: 252ms)
 GET /api/orders 200 in 320ms (compile: 11ms, proxy.ts: 31ms, render: 278ms)
 GET /api/cost-basis 200 in 1229ms (compile: 37ms, proxy.ts: 21ms, render: 1171ms)
 GET /api/klines-range?symbol=SOLUSDT&startTime=1772086492130 200 in 268ms (compile: 5ms, proxy.ts: 10ms, render: 252ms)
[20:58:54.878] [32mINFO[39m: [36mauto-trader › aplicant correcció OCO a posició òrfena…[39m
    [35mmodule[39m: "auto-trader"
    [35msymbol[39m: "BTCUSDT"
 GET /api/orders 200 in 260ms (compile: 7ms, proxy.ts: 10ms, render: 244ms)
[20:58:55.396] [31mERROR[39m: [36mauto-trader › error en col·locar OCO correctora[39m
    [35mmodule[39m: "auto-trader"
    [35msymbol[39m: "BTCUSDT"
    err: "Binance /orderList/oco 400: {\"code\":-1013,\"msg\":\"Invalid quantity.\"}"
 GET /api/status 200 in 23ms (compile: 6ms, proxy.ts: 9ms, render: 8ms)
 GET /api/orders 200 in 247ms (compile: 6ms, proxy.ts: 9ms, render: 233ms)
 GET /api/market 200 in 275ms (compile: 9ms, proxy.ts: 10ms, render: 256ms)
 GET /api/status 200 in 78ms (compile: 30ms, proxy.ts: 40ms, render: 7ms)
 GET /api/errors 200 in 81ms (compile: 38ms, proxy.ts: 38ms, render: 5ms)
 GET /api/pnl 200 in 88ms (compile: 47ms, proxy.ts: 35ms, render: 6ms)
 GET /api/market 200 in 364ms (compile: 58ms, proxy.ts: 25ms, render: 281ms)
 GET /api/orders 200 in 764ms (compile: 24ms, proxy.ts: 41ms, render: 699ms)
[20:59:09.822] [32mINFO[39m: [36mbinance › balance[39m
    [35mmodule[39m: "binance"
    [35massets[39m: 22
 GET /api/balance 200 in 772ms (compile: 16ms, proxy.ts: 42ms, render: 714ms)
 GET /api/orders 200 in 246ms (compile: 5ms, proxy.ts: 11ms, render: 230ms)
 GET /api/market 200 in 263ms (compile: 5ms, proxy.ts: 8ms, render: 250ms)
 GET /api/status 200 in 73ms (compile: 41ms, proxy.ts: 26ms, render: 7ms)
 GET /api/orders 200 in 272ms (compile: 13ms, proxy.ts: 30ms, render: 230ms)
 GET /api/market 200 in 434ms (compile: 18ms, proxy.ts: 27ms, render: 389ms)
 GET /api/cost-basis 200 in 1467ms (compile: 55ms, proxy.ts: 25ms, render: 1387ms)
 GET /api/klines-range?symbol=SOLUSDT&startTime=1772086492130 200 in 17ms (compile: 6ms, proxy.ts: 6ms, render: 5ms)
 GET /api/orders 200 in 1013ms (compile: 12ms, proxy.ts: 16ms, render: 984ms)
 GET /api/status 200 in 81ms (compile: 43ms, proxy.ts: 33ms, render: 5ms)
 GET /api/errors 200 in 82ms (compile: 54ms, proxy.ts: 22ms, render: 7ms)
 GET /api/pnl 200 in 89ms (compile: 63ms, proxy.ts: 21ms, render: 6ms)
 GET /api/market 200 in 361ms (compile: 24ms, proxy.ts: 37ms, render: 301ms)
 GET /api/orders 200 in 1065ms (compile: 33ms, proxy.ts: 36ms, render: 996ms)
[20:59:40.456] [32mINFO[39m: [36mbinance › balance[39m
    [35mmodule[39m: "binance"
    [35massets[39m: 22
 GET /api/balance 200 in 1175ms (compile: 17ms, proxy.ts: 37ms, render: 1121ms)
 GET /api/orders 200 in 695ms (compile: 8ms, proxy.ts: 10ms, render: 678ms)
 GET /api/market 200 in 283ms (compile: 7ms, proxy.ts: 7ms, render: 269ms)
 GET /api/status 200 in 66ms (compile: 24ms, proxy.ts: 30ms, render: 13ms)
 GET /api/market 200 in 317ms (compile: 40ms, proxy.ts: 29ms, render: 248ms)
 GET /api/orders 200 in 329ms (compile: 14ms, proxy.ts: 33ms, render: 282ms)
 GET /api/cost-basis 200 in 1496ms (compile: 49ms, proxy.ts: 28ms, render: 1420ms)
 GET /api/klines-range?symbol=SOLUSDT&startTime=1772086492130 200 in 269ms (compile: 4ms, proxy.ts: 7ms, render: 258ms)
[20:59:54.721] [32mINFO[39m: [36mauto-trader › aplicant correcció OCO a posició òrfena…[39m
    [35mmodule[39m: "auto-trader"
    [35msymbol[39m: "BTCUSDT"
[20:59:55.259] [31mERROR[39m: [36mauto-trader › error en col·locar OCO correctora[39m
    [35mmodule[39m: "auto-trader"
    [35msymbol[39m: "BTCUSDT"
    err: "Binance /orderList/oco 400: {\"code\":-1013,\"msg\":\"Invalid quantity.\"}"
 GET /api/orders 200 in 290ms (compile: 6ms, proxy.ts: 11ms, render: 273ms)
 GET /api/status 200 in 33ms (compile: 8ms, proxy.ts: 17ms, render: 8ms)
 GET /api/orders 200 in 272ms (compile: 5ms, proxy.ts: 8ms, render: 258ms)
 GET /api/market 200 in 413ms (compile: 19ms, proxy.ts: 12ms, render: 382ms)
[21:00:00.918] [32mINFO[39m: [36mtelegram › informe horari enviat[39m
    [35mmodule[39m: "telegram"
[21:00:01.142] [32mINFO[39m: [36mauto-trader › iniciant scan de bot[39m
    [35mmodule[39m: "auto-trader"
    [35mbot[39m: "Solana i Bitcoin a 4 hores (454%)"
    [35minterval[39m: "4h"
    [35msymbols[39m: 2
    [35mminScore[39m: 60
[21:00:01.388] [32mINFO[39m: [36mauto-trader › senyal → comprant[39m
    [35mmodule[39m: "auto-trader"
    [35mbot[39m: "Solana i Bitcoin a 4 hores (454%)"
    [35msymbol[39m: "SOLUSDT"
    [35minterval[39m: "4h"
    [35mscore[39m: 66
[21:00:02.179] [32mINFO[39m: [36mauto-trader › auto-compra executada[39m
    [35mmodule[39m: "auto-trader"
    [35msymbol[39m: "SOLUSDT"
    [35minterval[39m: "4h"
    [35mscore[39m: 66
    [35mfillPrice[39m: 91.41
    [35mtpPrice[39m: "97.86"
    [35mslStopPrice[39m: "89.26"
    [35mqty[39m: "8"
    [35mbot[39m: "Solana i Bitcoin a 4 hores (454%)"
[21:00:02.182] [32mINFO[39m: [36mtrailing-engine › motor iniciat[39m
    [35mmodule[39m: "trailing-engine"
 GET /api/status 200 in 76ms (compile: 29ms, proxy.ts: 38ms, render: 9ms)
 GET /api/pnl 200 in 93ms (compile: 49ms, proxy.ts: 37ms, render: 8ms)
 GET /api/errors 200 in 102ms (compile: 59ms, proxy.ts: 36ms, render: 7ms)
 GET /api/market 200 in 332ms (compile: 17ms, proxy.ts: 39ms, render: 276ms)
[21:00:10.527] [32mINFO[39m: [36mbinance › balance[39m
    [35mmodule[39m: "binance"
    [35massets[39m: 22
 GET /api/balance 200 in 786ms (compile: 70ms, proxy.ts: 35ms, render: 682ms)
 GET /api/orders 200 in 698ms (compile: 12ms, proxy.ts: 10ms, render: 676ms)
 GET /api/orders 200 in 1062ms (compile: 41ms, proxy.ts: 38ms, render: 983ms)
 GET /api/market 200 in 258ms (compile: 6ms, proxy.ts: 9ms, render: 243ms)
 GET /api/status 200 in 68ms (compile: 32ms, proxy.ts: 27ms, render: 8ms)
 GET /api/market 200 in 367ms (compile: 20ms, proxy.ts: 28ms, render: 318ms)
 GET /api/orders 200 in 513ms (compile: 13ms, proxy.ts: 31ms, render: 468ms)
 GET /api/cost-basis 200 in 1586ms (compile: 44ms, proxy.ts: 26ms, render: 1516ms)
 GET /api/klines-range?symbol=SOLUSDT&startTime=1772086492130 200 in 23ms (compile: 6ms, proxy.ts: 8ms, render: 9ms)
 GET /api/orders 200 in 705ms (compile: 5ms, proxy.ts: 9ms, render: 692ms)
 GET /api/errors 200 in 71ms (compile: 14ms, proxy.ts: 48ms, render: 9ms)
 GET /api/status 200 in 86ms (compile: 30ms, proxy.ts: 44ms, render: 12ms)
 GET /api/pnl 200 in 155ms (compile: 109ms, proxy.ts: 37ms, render: 9ms)
 GET /api/market 200 in 517ms (compile: 46ms, proxy.ts: 41ms, render: 430ms)
 GET /api/orders 200 in 847ms (compile: 94ms, proxy.ts: 38ms, render: 715ms)
[21:00:40.898] [32mINFO[39m: [36mbinance › balance[39m
    [35mmodule[39m: "binance"
    [35massets[39m: 22
 GET /api/balance 200 in 928ms (compile: 125ms, proxy.ts: 36ms, render: 767ms)
 GET /api/orders 200 in 785ms (compile: 5ms, proxy.ts: 11ms, render: 769ms)
 GET /api/market 200 in 303ms (compile: 41ms, proxy.ts: 8ms, render: 254ms)
 GET /api/status 200 in 46ms (compile: 16ms, proxy.ts: 23ms, render: 7ms)
 GET /api/orders 200 in 264ms (compile: 10ms, proxy.ts: 26ms, render: 228ms)
 GET /api/market 200 in 334ms (compile: 25ms, proxy.ts: 22ms, render: 287ms)
 GET /api/cost-basis 200 in 1096ms (compile: 31ms, proxy.ts: 22ms, render: 1043ms)
 GET /api/klines-range?symbol=SOLUSDT&startTime=1772086492130 200 in 273ms (compile: 4ms, proxy.ts: 6ms, render: 264ms)
[21:00:54.709] [32mINFO[39m: [36mauto-trader › aplicant correcció OCO a posició òrfena…[39m
    [35mmodule[39m: "auto-trader"
    [35msymbol[39m: "BTCUSDT"
[21:00:55.222] [31mERROR[39m: [36mauto-trader › error en col·locar OCO correctora[39m
    [35mmodule[39m: "auto-trader"
    [35msymbol[39m: "BTCUSDT"
    err: "Binance /orderList/oco 400: {\"code\":-1013,\"msg\":\"Invalid quantity.\"}"
 GET /api/orders 200 in 286ms (compile: 6ms, proxy.ts: 11ms, render: 269ms)
 GET /api/status 200 in 38ms (compile: 9ms, proxy.ts: 21ms, render: 8ms)
 GET /api/orders 200 in 253ms (compile: 9ms, proxy.ts: 9ms, render: 236ms)
 GET /api/market 200 in 285ms (compile: 19ms, proxy.ts: 19ms, render: 247ms)
 GET /api/pnl 200 in 88ms (compile: 22ms, proxy.ts: 56ms, render: 10ms)
 GET /api/errors 200 in 152ms (compile: 90ms, proxy.ts: 51ms, render: 11ms)
 GET /api/status 200 in 177ms (compile: 120ms, proxy.ts: 50ms, render: 7ms)
 GET /api/market 200 in 524ms (compile: 34ms, proxy.ts: 54ms, render: 436ms)
 GET /api/orders 200 in 1063ms (compile: 6ms, proxy.ts: 11ms, render: 1046ms)
 GET /api/orders 200 in 849ms (compile: 105ms, proxy.ts: 50ms, render: 694ms)
[21:01:11.628] [32mINFO[39m: [36mbinance › balance[39m
    [35mmodule[39m: "binance"
    [35massets[39m: 22
 GET /api/balance 200 in 1244ms (compile: 77ms, proxy.ts: 52ms, render: 1115ms)
 GET /api/market 200 in 275ms (compile: 6ms, proxy.ts: 9ms, render: 261ms)
 GET /api/status 200 in 51ms (compile: 25ms, proxy.ts: 18ms, render: 8ms)
 GET /api/orders 200 in 296ms (compile: 12ms, proxy.ts: 21ms, render: 263ms)
 GET /api/market 200 in 304ms (compile: 17ms, proxy.ts: 19ms, render: 268ms)
 GET /api/cost-basis 200 in 1155ms (compile: 34ms, proxy.ts: 18ms, render: 1103ms)
 GET /api/klines-range?symbol=SOLUSDT&startTime=1772086492130 200 in 15ms (compile: 3ms, proxy.ts: 6ms, render: 5ms)
 GET /api/orders 200 in 729ms (compile: 8ms, proxy.ts: 15ms, render: 705ms)
 GET /api/pnl 200 in 93ms (compile: 35ms, proxy.ts: 51ms, render: 7ms)
 GET /api/status 200 in 101ms (compile: 45ms, proxy.ts: 49ms, render: 7ms)
 GET /api/errors 200 in 128ms (compile: 67ms, proxy.ts: 46ms, render: 15ms)
 GET /api/orders 200 in 710ms (compile: 7ms, proxy.ts: 25ms, render: 678ms)
 GET /api/market 200 in 452ms (compile: 55ms, proxy.ts: 48ms, render: 350ms)
[21:01:41.374] [32mINFO[39m: [36mbinance › balance[39m
    [35mmodule[39m: "binance"
    [35massets[39m: 22
 GET /api/balance 200 in 810ms (compile: 22ms, proxy.ts: 52ms, render: 736ms)
 GET /api/orders 200 in 800ms (compile: 84ms, proxy.ts: 31ms, render: 685ms)
 GET /api/market 200 in 381ms (compile: 4ms, proxy.ts: 5ms, render: 372ms)
 GET /api/status 200 in 48ms (compile: 16ms, proxy.ts: 25ms, render: 7ms)
 GET /api/market 200 in 327ms (compile: 26ms, proxy.ts: 23ms, render: 278ms)
 GET /api/orders 200 in 793ms (compile: 8ms, proxy.ts: 30ms, render: 755ms)
 GET /api/cost-basis 200 in 1904ms (compile: 33ms, proxy.ts: 21ms, render: 1850ms)
 GET /api/klines-range?symbol=SOLUSDT&startTime=1772086492130 200 in 266ms (compile: 5ms, proxy.ts: 6ms, render: 255ms)
[21:01:54.905] [32mINFO[39m: [36mauto-trader › aplicant correcció OCO a posició òrfena…[39m
    [35mmodule[39m: "auto-trader"
    [35msymbol[39m: "BTCUSDT"
 GET /api/orders 200 in 252ms (compile: 10ms, proxy.ts: 10ms, render: 233ms)
[21:01:55.661] [31mERROR[39m: [36mauto-trader › error en col·locar OCO correctora[39m
    [35mmodule[39m: "auto-trader"
    [35msymbol[39m: "BTCUSDT"
    err: "Binance /orderList/oco 400: {\"code\":-1013,\"msg\":\"Invalid quantity.\"}"
 GET /api/status 200 in 27ms (compile: 6ms, proxy.ts: 13ms, render: 8ms)
 GET /api/orders 200 in 241ms (compile: 5ms, proxy.ts: 6ms, render: 230ms)
 GET /api/market 200 in 280ms (compile: 17ms, proxy.ts: 11ms, render: 252ms)
 GET /api/orders 200 in 727ms (compile: 4ms, proxy.ts: 12ms, render: 711ms)
 GET /api/errors 200 in 154ms (compile: 65ms, proxy.ts: 81ms, render: 8ms)
 GET /api/pnl 200 in 164ms (compile: 75ms, proxy.ts: 80ms, render: 8ms)
 GET /api/status 200 in 163ms (compile: 82ms, proxy.ts: 76ms, render: 6ms)
[21:02:11.447] [32mINFO[39m: [36mbinance › balance[39m
    [35mmodule[39m: "binance"
    [35massets[39m: 22
 GET /api/balance 200 in 418ms (compile: 95ms, proxy.ts: 80ms, render: 243ms)
 GET /api/market 200 in 484ms (compile: 103ms, proxy.ts: 80ms, render: 301ms)
 GET /api/orders 200 in 876ms (compile: 113ms, proxy.ts: 82ms, render: 681ms)
 GET /api/market 200 in 261ms (compile: 3ms, proxy.ts: 8ms, render: 250ms)
 GET /api/status 200 in 85ms (compile: 52ms, proxy.ts: 27ms, render: 6ms)
 GET /api/market 200 in 436ms (compile: 12ms, proxy.ts: 32ms, render: 392ms)
 GET /api/orders 200 in 1117ms (compile: 45ms, proxy.ts: 28ms, render: 1043ms)
 GET /api/cost-basis 200 in 2.1s (compile: 60ms, proxy.ts: 25ms, render: 2.0s)
 GET /api/klines-range?symbol=SOLUSDT&startTime=1772086492130 200 in 16ms (compile: 4ms, proxy.ts: 7ms, render: 5ms)
 GET /api/orders 200 in 957ms (compile: 5ms, proxy.ts: 7ms, render: 945ms)
 GET /api/orders 200 in 702ms (compile: 5ms, proxy.ts: 8ms, render: 690ms)
 GET /api/pnl 200 in 66ms (compile: 15ms, proxy.ts: 45ms, render: 6ms)
 GET /api/errors 200 in 80ms (compile: 32ms, proxy.ts: 36ms, render: 12ms)
 GET /api/status 200 in 100ms (compile: 60ms, proxy.ts: 33ms, render: 7ms)
[21:02:41.668] [32mINFO[39m: [36mbinance › balance[39m
    [35mmodule[39m: "binance"
    [35massets[39m: 22
 GET /api/balance 200 in 307ms (compile: 24ms, proxy.ts: 44ms, render: 239ms)
 GET /api/market 200 in 394ms (compile: 47ms, proxy.ts: 35ms, render: 312ms)
 GET /api/orders 200 in 809ms (compile: 69ms, proxy.ts: 31ms, render: 709ms)
 GET /api/market 200 in 701ms (compile: 5ms, proxy.ts: 8ms, render: 687ms)
 GET /api/status 200 in 56ms (compile: 27ms, proxy.ts: 19ms, render: 10ms)
 GET /api/market 200 in 456ms (compile: 41ms, proxy.ts: 18ms, render: 398ms)
 GET /api/orders 200 in 788ms (compile: 15ms, proxy.ts: 23ms, render: 751ms)
 GET /api/cost-basis 200 in 1651ms (compile: 67ms, proxy.ts: 20ms, render: 1564ms)
 GET /api/klines-range?symbol=SOLUSDT&startTime=1772086492130 200 in 273ms (compile: 5ms, proxy.ts: 7ms, render: 262ms)
[21:02:54.756] [32mINFO[39m: [36mauto-trader › aplicant correcció OCO a posició òrfena…[39m
    [35mmodule[39m: "auto-trader"
    [35msymbol[39m: "BTCUSDT"
[21:02:55.322] [31mERROR[39m: [36mauto-trader › error en col·locar OCO correctora[39m
    [35mmodule[39m: "auto-trader"
    [35msymbol[39m: "BTCUSDT"
    err: "Binance /orderList/oco 400: {\"code\":-1013,\"msg\":\"Invalid quantity.\"}"
 GET /api/orders 200 in 296ms (compile: 4ms, proxy.ts: 28ms, render: 264ms)
 GET /api/status 200 in 34ms (compile: 8ms, proxy.ts: 17ms, render: 9ms)
 GET /api/orders 200 in 278ms (compile: 6ms, proxy.ts: 9ms, render: 262ms)
 GET /api/market 200 in 289ms (compile: 19ms, proxy.ts: 15ms, render: 255ms)
 GET /api/orders 200 in 748ms (compile: 5ms, proxy.ts: 11ms, render: 732ms)
 GET /api/errors 200 in 68ms (compile: 15ms, proxy.ts: 43ms, render: 10ms)
 GET /api/status 200 in 77ms (compile: 27ms, proxy.ts: 42ms, render: 9ms)
 GET /api/pnl 200 in 86ms (compile: 37ms, proxy.ts: 40ms, render: 9ms)
 GET /api/orders 200 in 370ms (compile: 48ms, proxy.ts: 33ms, render: 289ms)
 GET /api/market 200 in 336ms (compile: 9ms, proxy.ts: 10ms, render: 317ms)
 GET /api/market 200 in 287ms (compile: 8ms, proxy.ts: 12ms, render: 267ms)
[21:03:12.921] [32mINFO[39m: [36mbinance › balance[39m
    [35mmodule[39m: "binance"
    [35massets[39m: 22
 GET /api/balance 200 in 701ms (compile: 6ms, proxy.ts: 9ms, render: 686ms)
 GET /api/status 200 in 74ms (compile: 45ms, proxy.ts: 22ms, render: 7ms)
 GET /api/market 200 in 402ms (compile: 10ms, proxy.ts: 28ms, render: 363ms)
 GET /api/orders 200 in 734ms (compile: 36ms, proxy.ts: 23ms, render: 675ms)
 GET /api/cost-basis 200 in 1775ms (compile: 55ms, proxy.ts: 15ms, render: 1704ms)
 GET /api/klines-range?symbol=SOLUSDT&startTime=1772086492130 200 in 16ms (compile: 3ms, proxy.ts: 6ms, render: 6ms)
 GET /api/orders 200 in 709ms (compile: 9ms, proxy.ts: 16ms, render: 684ms)
 GET /api/orders 200 in 706ms (compile: 7ms, proxy.ts: 6ms, render: 693ms)
 GET /api/status 200 in 77ms (compile: 19ms, proxy.ts: 50ms, render: 9ms)
 GET /api/errors 200 in 88ms (compile: 36ms, proxy.ts: 45ms, render: 8ms)
 GET /api/pnl 200 in 108ms (compile: 61ms, proxy.ts: 39ms, render: 7ms)
[21:03:42.417] [32mINFO[39m: [36mbinance › balance[39m
    [35mmodule[39m: "binance"
    [35massets[39m: 22
 GET /api/balance 200 in 314ms (compile: 31ms, proxy.ts: 47ms, render: 236ms)
 GET /api/market 200 in 381ms (compile: 52ms, proxy.ts: 40ms, render: 288ms)
 GET /api/market 200 in 290ms (compile: 5ms, proxy.ts: 7ms, render: 278ms)
 GET /api/orders 200 in 1104ms (compile: 45ms, proxy.ts: 42ms, render: 1018ms)
 GET /api/status 200 in 110ms (compile: 74ms, proxy.ts: 28ms, render: 8ms)
 GET /api/market 200 in 443ms (compile: 27ms, proxy.ts: 33ms, render: 383ms)
 GET /api/orders 200 in 733ms (compile: 13ms, proxy.ts: 34ms, render: 687ms)
[21:03:54.229] [32mINFO[39m: [36mauto-trader › aplicant correcció OCO a posició òrfena…[39m
    [35mmodule[39m: "auto-trader"
    [35msymbol[39m: "BTCUSDT"
[21:03:54.743] [31mERROR[39m: [36mauto-trader › error en col·locar OCO correctora[39m
    [35mmodule[39m: "auto-trader"
    [35msymbol[39m: "BTCUSDT"
    err: "Binance /orderList/oco 400: {\"code\":-1013,\"msg\":\"Invalid quantity.\"}"
 GET /api/orders 200 in 258ms (compile: 6ms, proxy.ts: 13ms, render: 238ms)
 GET /api/status 200 in 38ms (compile: 18ms, proxy.ts: 12ms, render: 8ms)
 GET /api/orders 200 in 270ms (compile: 6ms, proxy.ts: 10ms, render: 255ms)
 GET /api/market 200 in 270ms (compile: 11ms, proxy.ts: 14ms, render: 245ms)
 GET /api/cost-basis 200 in 11.2s (compile: 84ms, proxy.ts: 27ms, render: 11.1s)
 GET /api/klines-range?symbol=SOLUSDT&startTime=1772086492130 200 in 284ms (compile: 5ms, proxy.ts: 9ms, render: 269ms)
 GET /api/orders 200 in 272ms (compile: 5ms, proxy.ts: 21ms, render: 246ms)
 GET /api/errors 200 in 64ms (compile: 16ms, proxy.ts: 42ms, render: 7ms)
 GET /api/pnl 200 in 77ms (compile: 26ms, proxy.ts: 40ms, render: 10ms)
 GET /api/status 200 in 85ms (compile: 38ms, proxy.ts: 39ms, render: 8ms)
 GET /api/market 200 in 327ms (compile: 5ms, proxy.ts: 9ms, render: 313ms)
 GET /api/orders 200 in 316ms (compile: 48ms, proxy.ts: 37ms, render: 230ms)
 GET /api/market 200 in 440ms (compile: 110ms, proxy.ts: 28ms, render: 302ms)
[21:04:13.693] [32mINFO[39m: [36mbinance › balance[39m
    [35mmodule[39m: "binance"
    [35massets[39m: 22
 GET /api/balance 200 in 1100ms (compile: 54ms, proxy.ts: 36ms, render: 1011ms)
 GET /api/status 200 in 50ms (compile: 21ms, proxy.ts: 23ms, render: 6ms)
 GET /api/market 200 in 397ms (compile: 29ms, proxy.ts: 20ms, render: 347ms)
 GET /api/orders 200 in 1749ms (compile: 10ms, proxy.ts: 29ms, render: 1711ms)
 GET /api/cost-basis 200 in 2.0s (compile: 16ms, proxy.ts: 25ms, render: 1990ms)
 GET /api/klines-range?symbol=SOLUSDT&startTime=1772086492130 200 in 16ms (compile: 4ms, proxy.ts: 7ms, render: 5ms)
 GET /api/orders 200 in 701ms (compile: 6ms, proxy.ts: 10ms, render: 685ms)
 GET /api/orders 200 in 703ms (compile: 6ms, proxy.ts: 20ms, render: 676ms)
 GET /api/errors 200 in 93ms (compile: 40ms, proxy.ts: 46ms, render: 8ms)
 GET /api/pnl 200 in 101ms (compile: 49ms, proxy.ts: 44ms, render: 8ms)
 GET /api/status 200 in 129ms (compile: 82ms, proxy.ts: 40ms, render: 7ms)
 GET /api/market 200 in 321ms (compile: 6ms, proxy.ts: 9ms, render: 306ms)
 GET /api/orders 200 in 310ms (compile: 32ms, proxy.ts: 48ms, render: 230ms)
 GET /api/market 200 in 402ms (compile: 18ms, proxy.ts: 49ms, render: 335ms)
[21:04:43.685] [32mINFO[39m: [36mbinance › balance[39m
    [35mmodule[39m: "binance"
    [35massets[39m: 22
 GET /api/balance 200 in 824ms (compile: 68ms, proxy.ts: 42ms, render: 715ms)
 GET /api/status 200 in 88ms (compile: 45ms, proxy.ts: 36ms, render: 7ms)
 GET /api/orders 200 in 282ms (compile: 14ms, proxy.ts: 38ms, render: 229ms)
 GET /api/market 200 in 422ms (compile: 21ms, proxy.ts: 38ms, render: 363ms)
 GET /api/cost-basis 200 in 1715ms (compile: 56ms, proxy.ts: 34ms, render: 1624ms)
 GET /api/klines-range?symbol=SOLUSDT&startTime=1772086492130 200 in 26ms (compile: 5ms, proxy.ts: 13ms, render: 8ms)
[21:04:54.248] [32mINFO[39m: [36mauto-trader › aplicant correcció OCO a posició òrfena…[39m
    [35mmodule[39m: "auto-trader"
    [35msymbol[39m: "BTCUSDT"
[21:04:54.745] [31mERROR[39m: [36mauto-trader › error en col·locar OCO correctora[39m
    [35mmodule[39m: "auto-trader"
    [35msymbol[39m: "BTCUSDT"
    err: "Binance /orderList/oco 400: {\"code\":-1013,\"msg\":\"Invalid quantity.\"}"
 GET /api/orders 200 in 280ms (compile: 7ms, proxy.ts: 10ms, render: 263ms)
 GET /api/status 200 in 27ms (compile: 7ms, proxy.ts: 10ms, render: 11ms)
 GET /api/orders 200 in 242ms (compile: 5ms, proxy.ts: 9ms, render: 228ms)
 GET /api/market 200 in 717ms (compile: 5ms, proxy.ts: 10ms, render: 702ms)
 GET /api/orders 200 in 725ms (compile: 5ms, proxy.ts: 7ms, render: 714ms)
 GET /api/market 200 in 370ms (compile: 5ms, proxy.ts: 8ms, render: 357ms)
 GET /api/errors 200 in 102ms (compile: 31ms, proxy.ts: 59ms, render: 11ms)
 GET /api/pnl 200 in 121ms (compile: 57ms, proxy.ts: 56ms, render: 9ms)
 GET /api/status 200 in 130ms (compile: 70ms, proxy.ts: 53ms, render: 8ms)
 GET /api/orders 200 in 317ms (compile: 22ms, proxy.ts: 61ms, render: 234ms)
 GET /api/market 200 in 365ms (compile: 80ms, proxy.ts: 37ms, render: 248ms)
[21:05:14.143] [32mINFO[39m: [36mbinance › balance[39m
    [35mmodule[39m: "binance"
    [35massets[39m: 22
 GET /api/balance 200 in 833ms (compile: 45ms, proxy.ts: 57ms, render: 730ms)
 GET /api/status 200 in 104ms (compile: 72ms, proxy.ts: 24ms, render: 9ms)
 GET /api/market 200 in 421ms (compile: 39ms, proxy.ts: 26ms, render: 357ms)
 GET /api/orders 200 in 891ms (compile: 15ms, proxy.ts: 30ms, render: 846ms)
 GET /api/cost-basis 200 in 1905ms (compile: 26ms, proxy.ts: 27ms, render: 1851ms)
 GET /api/klines-range?symbol=SOLUSDT&startTime=1772086492130 200 in 266ms (compile: 5ms, proxy.ts: 7ms, render: 254ms)
 GET /api/orders 200 in 959ms (compile: 5ms, proxy.ts: 10ms, render: 944ms)
 GET /api/orders 200 in 711ms (compile: 8ms, proxy.ts: 18ms, render: 685ms)
 GET /api/market 200 in 288ms (compile: 5ms, proxy.ts: 8ms, render: 275ms)
 GET /api/pnl 200 in 88ms (compile: 24ms, proxy.ts: 57ms, render: 7ms)
 GET /api/status 200 in 105ms (compile: 39ms, proxy.ts: 55ms, render: 11ms)
 GET /api/errors 200 in 117ms (compile: 51ms, proxy.ts: 56ms, render: 10ms)
 GET /api/orders 200 in 325ms (compile: 32ms, proxy.ts: 55ms, render: 238ms)
 GET /api/market 200 in 371ms (compile: 63ms, proxy.ts: 56ms, render: 252ms)
[21:05:44.787] [32mINFO[39m: [36mbinance › balance[39m
    [35mmodule[39m: "binance"
    [35massets[39m: 22
 GET /api/balance 200 in 1082ms (compile: 72ms, proxy.ts: 39ms, render: 971ms)
 GET /api/status 200 in 93ms (compile: 55ms, proxy.ts: 31ms, render: 7ms)
 GET /api/market 200 in 412ms (compile: 27ms, proxy.ts: 30ms, render: 354ms)
 GET /api/orders 200 in 1070ms (compile: 16ms, proxy.ts: 32ms, render: 1022ms)
 GET /api/cost-basis 200 in 1147ms (compile: 65ms, proxy.ts: 30ms, render: 1053ms)
 GET /api/klines-range?symbol=SOLUSDT&startTime=1772086492130 200 in 26ms (compile: 8ms, proxy.ts: 10ms, render: 8ms)
[21:05:54.231] [32mINFO[39m: [36mauto-trader › aplicant correcció OCO a posició òrfena…[39m
    [35mmodule[39m: "auto-trader"
    [35msymbol[39m: "BTCUSDT"
[21:05:54.707] [31mERROR[39m: [36mauto-trader › error en col·locar OCO correctora[39m
    [35mmodule[39m: "auto-trader"
    [35msymbol[39m: "BTCUSDT"
    err: "Binance /orderList/oco 400: {\"code\":-1013,\"msg\":\"Invalid quantity.\"}"
 GET /api/orders 200 in 261ms (compile: 9ms, proxy.ts: 17ms, render: 236ms)
 GET /api/status 200 in 20ms (compile: 5ms, proxy.ts: 8ms, render: 8ms)
 GET /api/orders 200 in 247ms (compile: 5ms, proxy.ts: 10ms, render: 232ms)
 GET /api/market 200 in 264ms (compile: 6ms, proxy.ts: 9ms, render: 249ms)
 GET /api/orders 200 in 793ms (compile: 7ms, proxy.ts: 20ms, render: 766ms)
 GET /api/market 200 in 331ms (compile: 4ms, proxy.ts: 6ms, render: 321ms)
 GET /api/pnl 200 in 79ms (compile: 24ms, proxy.ts: 48ms, render: 8ms)
 GET /api/status 200 in 110ms (compile: 59ms, proxy.ts: 45ms, render: 6ms)
 GET /api/errors 200 in 119ms (compile: 68ms, proxy.ts: 43ms, render: 7ms)
 GET /api/market 200 in 315ms (compile: 15ms, proxy.ts: 49ms, render: 251ms)
 GET /api/orders 200 in 322ms (compile: 33ms, proxy.ts: 47ms, render: 242ms)
[21:06:15.443] [32mINFO[39m: [36mbinance › balance[39m
    [35mmodule[39m: "binance"
    [35massets[39m: 22
 GET /api/balance 200 in 1126ms (compile: 50ms, proxy.ts: 46ms, render: 1031ms)
 GET /api/status 200 in 57ms (compile: 25ms, proxy.ts: 22ms, render: 10ms)
 GET /api/market 200 in 433ms (compile: 36ms, proxy.ts: 21ms, render: 377ms)
 GET /api/orders 200 in 1735ms (compile: 11ms, proxy.ts: 28ms, render: 1696ms)
 GET /api/cost-basis 200 in 2.5s (compile: 18ms, proxy.ts: 25ms, render: 2.5s)
 GET /api/klines-range?symbol=SOLUSDT&startTime=1772086492130 200 in 282ms (compile: 6ms, proxy.ts: 9ms, render: 267ms)
 GET /api/orders 200 in 721ms (compile: 8ms, proxy.ts: 21ms, render: 693ms)
 GET /api/orders 200 in 723ms (compile: 10ms, proxy.ts: 26ms, render: 687ms)
 GET /api/market 200 in 301ms (compile: 5ms, proxy.ts: 10ms, render: 285ms)
 GET /api/pnl 200 in 78ms (compile: 17ms, proxy.ts: 52ms, render: 8ms)
 GET /api/errors 200 in 88ms (compile: 35ms, proxy.ts: 47ms, render: 6ms)
 GET /api/status 200 in 108ms (compile: 57ms, proxy.ts: 44ms, render: 6ms)
[21:06:44.819] [32mINFO[39m: [36mbinance › balance[39m
    [35mmodule[39m: "binance"
    [35massets[39m: 22
 GET /api/balance 200 in 315ms (compile: 27ms, proxy.ts: 49ms, render: 239ms)
 GET /api/market 200 in 338ms (compile: 65ms, proxy.ts: 30ms, render: 243ms)
 GET /api/orders 200 in 770ms (compile: 43ms, proxy.ts: 46ms, render: 680ms)
 GET /api/status 200 in 82ms (compile: 55ms, proxy.ts: 22ms, render: 5ms)
 GET /api/market 200 in 418ms (compile: 19ms, proxy.ts: 26ms, render: 373ms)
 GET /api/orders 200 in 875ms (compile: 11ms, proxy.ts: 29ms, render: 835ms)
 GET /api/cost-basis 200 in 1663ms (compile: 45ms, proxy.ts: 24ms, render: 1594ms)
 GET /api/klines-range?symbol=SOLUSDT&startTime=1772086492130 200 in 24ms (compile: 7ms, proxy.ts: 12ms, render: 6ms)
[21:06:54.263] [32mINFO[39m: [36mauto-trader › aplicant correcció OCO a posició òrfena…[39m
    [35mmodule[39m: "auto-trader"
    [35msymbol[39m: "BTCUSDT"
[21:06:54.784] [31mERROR[39m: [36mauto-trader › error en col·locar OCO correctora[39m
    [35mmodule[39m: "auto-trader"
    [35msymbol[39m: "BTCUSDT"
    err: "Binance /orderList/oco 400: {\"code\":-1013,\"msg\":\"Invalid quantity.\"}"
 GET /api/orders 200 in 246ms (compile: 5ms, proxy.ts: 7ms, render: 234ms)
 GET /api/status 200 in 29ms (compile: 7ms, proxy.ts: 12ms, render: 11ms)
 GET /api/orders 200 in 271ms (compile: 5ms, proxy.ts: 8ms, render: 258ms)
 GET /api/market 200 in 285ms (compile: 21ms, proxy.ts: 12ms, render: 253ms)
 GET /api/orders 200 in 750ms (compile: 5ms, proxy.ts: 11ms, render: 733ms)
 GET /api/market 200 in 307ms (compile: 3ms, proxy.ts: 5ms, render: 298ms)
 GET /api/pnl 200 in 82ms (compile: 30ms, proxy.ts: 41ms, render: 11ms)
 GET /api/status 200 in 87ms (compile: 42ms, proxy.ts: 41ms, render: 5ms)
 GET /api/errors 200 in 102ms (compile: 52ms, proxy.ts: 41ms, render: 9ms)
[21:07:15.232] [32mINFO[39m: [36mbinance › balance[39m
    [35mmodule[39m: "binance"
    [35massets[39m: 22
 GET /api/balance 200 in 303ms (compile: 23ms, proxy.ts: 43ms, render: 236ms)
 GET /api/market 200 in 358ms (compile: 63ms, proxy.ts: 41ms, render: 254ms)
 GET /api/orders 200 in 864ms (compile: 72ms, proxy.ts: 32ms, render: 760ms)
 GET /api/status 200 in 47ms (compile: 24ms, proxy.ts: 18ms, render: 6ms)
 GET /api/market 200 in 418ms (compile: 32ms, proxy.ts: 17ms, render: 369ms)
 GET /api/orders 200 in 756ms (compile: 8ms, proxy.ts: 22ms, render: 725ms)
 GET /api/cost-basis 200 in 1904ms (compile: 16ms, proxy.ts: 20ms, render: 1869ms)
 GET /api/klines-range?symbol=SOLUSDT&startTime=1772086492130 200 in 277ms (compile: 5ms, proxy.ts: 8ms, render: 264ms)
 GET /api/orders 200 in 711ms (compile: 7ms, proxy.ts: 20ms, render: 684ms)
 GET /api/orders 200 in 257ms (compile: 6ms, proxy.ts: 9ms, render: 242ms)
 GET /api/market 200 in 283ms (compile: 5ms, proxy.ts: 8ms, render: 270ms)
 GET /api/status 200 in 63ms (compile: 20ms, proxy.ts: 35ms, render: 8ms)
 GET /api/pnl 200 in 88ms (compile: 50ms, proxy.ts: 30ms, render: 8ms)
 GET /api/errors 200 in 96ms (compile: 65ms, proxy.ts: 22ms, render: 9ms)
 GET /api/market 200 in 296ms (compile: 14ms, proxy.ts: 37ms, render: 245ms)
 GET /api/orders 200 in 303ms (compile: 30ms, proxy.ts: 33ms, render: 239ms)
[21:07:45.936] [32mINFO[39m: [36mbinance › balance[39m
    [35mmodule[39m: "binance"
    [35massets[39m: 22
 GET /api/balance 200 in 759ms (compile: 37ms, proxy.ts: 31ms, render: 691ms)
 GET /api/status 200 in 51ms (compile: 20ms, proxy.ts: 26ms, render: 5ms)
 GET /api/market 200 in 385ms (compile: 40ms, proxy.ts: 19ms, render: 326ms)
 GET /api/orders 200 in 752ms (compile: 10ms, proxy.ts: 29ms, render: 713ms)
 GET /api/cost-basis 200 in 1580ms (compile: 27ms, proxy.ts: 22ms, render: 1531ms)
 GET /api/klines-range?symbol=SOLUSDT&startTime=1772086492130 200 in 20ms (compile: 4ms, proxy.ts: 10ms, render: 6ms)
[21:07:54.254] [32mINFO[39m: [36mauto-trader › aplicant correcció OCO a posició òrfena…[39m
    [35mmodule[39m: "auto-trader"
    [35msymbol[39m: "BTCUSDT"
[21:07:54.740] [31mERROR[39m: [36mauto-trader › error en col·locar OCO correctora[39m
    [35mmodule[39m: "auto-trader"
    [35msymbol[39m: "BTCUSDT"
    err: "Binance /orderList/oco 400: {\"code\":-1013,\"msg\":\"Invalid quantity.\"}"
 GET /api/orders 200 in 255ms (compile: 6ms, proxy.ts: 11ms, render: 238ms)
 GET /api/status 200 in 33ms (compile: 8ms, proxy.ts: 16ms, render: 9ms)
 GET /api/orders 200 in 253ms (compile: 6ms, proxy.ts: 12ms, render: 235ms)
 GET /api/market 200 in 279ms (compile: 19ms, proxy.ts: 14ms, render: 246ms)
[21:08:07.564] [32mINFO[39m: [36mbinance › balance[39m
    [35mmodule[39m: "binance"
    [35massets[39m: 22
 GET /api/balance 200 in 273ms (compile: 7ms, proxy.ts: 19ms, render: 246ms)
 GET /api/portfolio-snapshot 200 in 60ms (compile: 23ms, proxy.ts: 21ms, render: 15ms)
 GET /api/portfolio-snapshot 200 in 53ms (compile: 11ms, proxy.ts: 30ms, render: 12ms)
 GET /api/portfolio-snapshot 200 in 66ms (compile: 25ms, proxy.ts: 28ms, render: 13ms)
 GET /api/portfolio-snapshot 200 in 80ms (compile: 41ms, proxy.ts: 26ms, render: 13ms)
 GET /api/klines?pair=BTCUSDT&interval=1h&limit=168 200 in 427ms (compile: 8ms, proxy.ts: 18ms, render: 401ms)
 GET /api/klines?pair=BTCUSDT&interval=1h&limit=168 200 in 23ms (compile: 5ms, proxy.ts: 9ms, render: 9ms)
 GET /api/orders 200 in 242ms (compile: 5ms, proxy.ts: 10ms, render: 227ms)
 GET /api/market 200 in 276ms (compile: 4ms, proxy.ts: 7ms, render: 265ms)
 POST /api/portfolio-snapshot 200 in 27ms (compile: 5ms, proxy.ts: 12ms, render: 10ms)
 GET /api/portfolio-snapshot 200 in 24ms (compile: 5ms, proxy.ts: 8ms, render: 11ms)
 GET /api/errors 200 in 79ms (compile: 22ms, proxy.ts: 48ms, render: 10ms)
 GET /api/pnl 200 in 103ms (compile: 50ms, proxy.ts: 43ms, render: 10ms)
 GET /api/status 200 in 124ms (compile: 72ms, proxy.ts: 43ms, render: 9ms)
[21:08:16.080] [32mINFO[39m: [36mbinance › balance[39m
    [35mmodule[39m: "binance"
    [35massets[39m: 22
 GET /api/balance 200 in 320ms (compile: 34ms, proxy.ts: 45ms, render: 240ms)
 GET /api/market 200 in 332ms (compile: 41ms, proxy.ts: 44ms, render: 247ms)
 GET /api/orders 200 in 832ms (compile: 63ms, proxy.ts: 41ms, render: 727ms)
 GET /api/status 200 in 80ms (compile: 39ms, proxy.ts: 31ms, render: 10ms)
 GET /api/market 200 in 456ms (compile: 52ms, proxy.ts: 30ms, render: 375ms)
 GET /api/orders 200 in 1288ms (compile: 15ms, proxy.ts: 35ms, render: 1238ms)
 GET /api/cost-basis 200 in 2.7s (compile: 27ms, proxy.ts: 32ms, render: 2.7s)
 GET /api/klines-range?symbol=SOLUSDT&startTime=1772086492130 200 in 260ms (compile: 3ms, proxy.ts: 6ms, render: 251ms)
 GET /api/orders 200 in 263ms (compile: 7ms, proxy.ts: 10ms, render: 246ms)
 GET /api/orders 200 in 688ms (compile: 5ms, proxy.ts: 8ms, render: 675ms)
 GET /api/market 200 in 285ms (compile: 4ms, proxy.ts: 7ms, render: 275ms)
 GET /api/pnl 200 in 68ms (compile: 18ms, proxy.ts: 46ms, render: 4ms)
 GET /api/errors 200 in 80ms (compile: 24ms, proxy.ts: 46ms, render: 10ms)
 GET /api/status 200 in 89ms (compile: 36ms, proxy.ts: 46ms, render: 7ms)
 GET /api/market 200 in 310ms (compile: 24ms, proxy.ts: 44ms, render: 243ms)
 GET /api/orders 200 in 308ms (compile: 45ms, proxy.ts: 36ms, render: 227ms)
[21:08:47.166] [32mINFO[39m: [36mbinance › balance[39m
    [35mmodule[39m: "binance"
    [35massets[39m: 22
 GET /api/balance 200 in 850ms (compile: 47ms, proxy.ts: 31ms, render: 771ms)
 GET /api/status 200 in 159ms (compile: 93ms, proxy.ts: 60ms, render: 7ms)
 GET /api/orders 200 in 306ms (compile: 13ms, proxy.ts: 61ms, render: 232ms)
 GET /api/market 200 in 481ms (compile: 75ms, proxy.ts: 62ms, render: 344ms)
 GET /api/cost-basis 200 in 1663ms (compile: 68ms, proxy.ts: 52ms, render: 1543ms)
 GET /api/klines-range?symbol=SOLUSDT&startTime=1772086492130 200 in 15ms (compile: 3ms, proxy.ts: 5ms, render: 7ms)
[21:08:54.675] [32mINFO[39m: [36mauto-trader › aplicant correcció OCO a posició òrfena…[39m
    [35mmodule[39m: "auto-trader"
    [35msymbol[39m: "BTCUSDT"
[21:08:55.151] [31mERROR[39m: [36mauto-trader › error en col·locar OCO correctora[39m
    [35mmodule[39m: "auto-trader"
    [35msymbol[39m: "BTCUSDT"
    err: "Binance /orderList/oco 400: {\"code\":-1013,\"msg\":\"Invalid quantity.\"}"
 GET /api/orders 200 in 256ms (compile: 6ms, proxy.ts: 15ms, render: 234ms)
 GET /api/status 200 in 28ms (compile: 7ms, proxy.ts: 16ms, render: 5ms)
 GET /api/orders 200 in 255ms (compile: 6ms, proxy.ts: 8ms, render: 241ms)
 GET /api/market 200 in 278ms (compile: 15ms, proxy.ts: 15ms, render: 248ms)
 GET /api/orders 200 in 735ms (compile: 7ms, proxy.ts: 30ms, render: 698ms)
 GET /api/market 200 in 296ms (compile: 5ms, proxy.ts: 7ms, render: 284ms)
 GET /api/errors 200 in 76ms (compile: 17ms, proxy.ts: 52ms, render: 7ms)
 GET /api/pnl 200 in 79ms (compile: 26ms, proxy.ts: 49ms, render: 4ms)
 GET /api/status 200 in 102ms (compile: 51ms, proxy.ts: 42ms, render: 8ms)
[21:09:16.967] [32mINFO[39m: [36mbinance › balance[39m
    [35mmodule[39m: "binance"
    [35massets[39m: 22
 GET /api/balance 200 in 324ms (compile: 38ms, proxy.ts: 45ms, render: 241ms)
 GET /api/market 200 in 334ms (compile: 31ms, proxy.ts: 47ms, render: 257ms)
 GET /api/orders 200 in 892ms (compile: 43ms, proxy.ts: 43ms, render: 806ms)
 GET /api/status 200 in 56ms (compile: 22ms, proxy.ts: 30ms, render: 4ms)
 GET /api/market 200 in 401ms (compile: 28ms, proxy.ts: 28ms, render: 344ms)
 GET /api/orders 200 in 761ms (compile: 7ms, proxy.ts: 35ms, render: 718ms)
 GET /api/cost-basis 200 in 1882ms (compile: 16ms, proxy.ts: 31ms, render: 1835ms)
 GET /api/klines-range?symbol=SOLUSDT&startTime=1772086492130 200 in 273ms (compile: 6ms, proxy.ts: 8ms, render: 259ms)
 GET /api/orders 200 in 248ms (compile: 6ms, proxy.ts: 11ms, render: 231ms)
 GET /api/orders 200 in 699ms (compile: 8ms, proxy.ts: 13ms, render: 679ms)
 GET /api/market 200 in 286ms (compile: 7ms, proxy.ts: 10ms, render: 269ms)
 GET /api/errors 200 in 69ms (compile: 15ms, proxy.ts: 43ms, render: 10ms)
 GET /api/status 200 in 76ms (compile: 26ms, proxy.ts: 42ms, render: 8ms)
 GET /api/pnl 200 in 91ms (compile: 48ms, proxy.ts: 36ms, render: 7ms)
 GET /api/market 200 in 337ms (compile: 56ms, proxy.ts: 35ms, render: 246ms)
 GET /api/orders 200 in 777ms (compile: 64ms, proxy.ts: 33ms, render: 680ms)
[21:09:48.126] [32mINFO[39m: [36mbinance › balance[39m
    [35mmodule[39m: "binance"
    [35massets[39m: 22
 GET /api/balance 200 in 803ms (compile: 37ms, proxy.ts: 40ms, render: 726ms)
 GET /api/status 200 in 80ms (compile: 22ms, proxy.ts: 48ms, render: 11ms)
 GET /api/market 200 in 432ms (compile: 46ms, proxy.ts: 41ms, render: 346ms)
 GET /api/orders 200 in 801ms (compile: 14ms, proxy.ts: 51ms, render: 736ms)
[21:09:54.743] [32mINFO[39m: [36mauto-trader › aplicant correcció OCO a posició òrfena…[39m
    [35mmodule[39m: "auto-trader"
    [35msymbol[39m: "BTCUSDT"
[21:09:55.214] [31mERROR[39m: [36mauto-trader › error en col·locar OCO correctora[39m
    [35mmodule[39m: "auto-trader"
    [35msymbol[39m: "BTCUSDT"
    err: "Binance /orderList/oco 400: {\"code\":-1013,\"msg\":\"Invalid quantity.\"}"
 GET /api/cost-basis 200 in 1633ms (compile: 35ms, proxy.ts: 44ms, render: 1555ms)
 GET /api/klines-range?symbol=SOLUSDT&startTime=1772086492130 200 in 18ms (compile: 5ms, proxy.ts: 7ms, render: 7ms)
 GET /api/orders 200 in 268ms (compile: 4ms, proxy.ts: 10ms, render: 253ms)
 GET /api/status 200 in 24ms (compile: 6ms, proxy.ts: 10ms, render: 8ms)
 GET /api/orders 200 in 249ms (compile: 5ms, proxy.ts: 9ms, render: 235ms)
 GET /api/market 200 in 268ms (compile: 7ms, proxy.ts: 9ms, render: 253ms)
 GET /api/orders 200 in 778ms (compile: 6ms, proxy.ts: 10ms, render: 762ms)
 GET /api/market 200 in 322ms (compile: 4ms, proxy.ts: 6ms, render: 313ms)
 GET /api/pnl 200 in 68ms (compile: 21ms, proxy.ts: 40ms, render: 6ms)
 GET /api/errors 200 in 94ms (compile: 53ms, proxy.ts: 35ms, render: 6ms)
 GET /api/status 200 in 100ms (compile: 62ms, proxy.ts: 34ms, render: 5ms)
 GET /api/market 200 in 330ms (compile: 44ms, proxy.ts: 37ms, render: 249ms)
 GET /api/orders 200 in 811ms (compile: 67ms, proxy.ts: 33ms, render: 711ms)
[21:10:18.645] [32mINFO[39m: [36mbinance › balance[39m
    [35mmodule[39m: "binance"
    [35massets[39m: 22
 GET /api/balance 200 in 965ms (compile: 31ms, proxy.ts: 38ms, render: 896ms)
 GET /api/status 200 in 68ms (compile: 33ms, proxy.ts: 28ms, render: 6ms)
 GET /api/market 200 in 373ms (compile: 43ms, proxy.ts: 28ms, render: 303ms)
 GET /api/orders 200 in 1452ms (compile: 11ms, proxy.ts: 34ms, render: 1407ms)
 GET /api/cost-basis 200 in 2.3s (compile: 22ms, proxy.ts: 31ms, render: 2.3s)
 GET /api/klines-range?symbol=SOLUSDT&startTime=1772086492130 200 in 275ms (compile: 7ms, proxy.ts: 6ms, render: 261ms)
 GET /api/orders 200 in 245ms (compile: 8ms, proxy.ts: 9ms, render: 228ms)
 GET /api/orders 200 in 806ms (compile: 6ms, proxy.ts: 27ms, render: 772ms)
 GET /api/market 200 in 399ms (compile: 5ms, proxy.ts: 10ms, render: 384ms)
 GET /api/pnl 200 in 74ms (compile: 19ms, proxy.ts: 48ms, render: 8ms)
 GET /api/status 200 in 85ms (compile: 46ms, proxy.ts: 33ms, render: 5ms)
 GET /api/errors 200 in 89ms (compile: 53ms, proxy.ts: 31ms, render: 5ms)
 GET /api/market 200 in 324ms (compile: 12ms, proxy.ts: 52ms, render: 259ms)
 GET /api/orders 200 in 767ms (compile: 35ms, proxy.ts: 40ms, render: 692ms)
[21:10:48.687] [32mINFO[39m: [36mbinance › balance[39m
    [35mmodule[39m: "binance"
    [35massets[39m: 22
 GET /api/balance 200 in 781ms (compile: 29ms, proxy.ts: 44ms, render: 708ms)
 GET /api/status 200 in 49ms (compile: 20ms, proxy.ts: 23ms, render: 5ms)
 GET /api/market 200 in 374ms (compile: 31ms, proxy.ts: 22ms, render: 321ms)
[21:10:54.760] [32mINFO[39m: [36mauto-trader › aplicant correcció OCO a posició òrfena…[39m
    [35mmodule[39m: "auto-trader"
    [35msymbol[39m: "BTCUSDT"
 GET /api/orders 200 in 747ms (compile: 12ms, proxy.ts: 26ms, render: 710ms)
[21:10:55.259] [31mERROR[39m: [36mauto-trader › error en col·locar OCO correctora[39m
    [35mmodule[39m: "auto-trader"
    [35msymbol[39m: "BTCUSDT"
    err: "Binance /orderList/oco 400: {\"code\":-1013,\"msg\":\"Invalid quantity.\"}"
 GET /api/cost-basis 200 in 1788ms (compile: 40ms, proxy.ts: 21ms, render: 1727ms)
 GET /api/klines-range?symbol=SOLUSDT&startTime=1772086492130 200 in 22ms (compile: 6ms, proxy.ts: 10ms, render: 6ms)
 GET /api/orders 200 in 288ms (compile: 7ms, proxy.ts: 16ms, render: 265ms)
 GET /api/status 200 in 25ms (compile: 7ms, proxy.ts: 9ms, render: 9ms)
 GET /api/orders 200 in 275ms (compile: 6ms, proxy.ts: 9ms, render: 260ms)
 GET /api/market 200 in 266ms (compile: 6ms, proxy.ts: 10ms, render: 251ms)
 GET /api/orders 200 in 281ms (compile: 5ms, proxy.ts: 7ms, render: 269ms)
 GET /api/market 200 in 287ms (compile: 4ms, proxy.ts: 7ms, render: 277ms)
 GET /api/errors 200 in 95ms (compile: 54ms, proxy.ts: 36ms, render: 5ms)
 GET /api/pnl 200 in 107ms (compile: 69ms, proxy.ts: 33ms, render: 5ms)
 GET /api/status 200 in 113ms (compile: 75ms, proxy.ts: 31ms, render: 6ms)
 GET /api/market 200 in 482ms (compile: 15ms, proxy.ts: 40ms, render: 428ms)
[21:11:19.641] [32mINFO[39m: [36mbinance › balance[39m
    [35mmodule[39m: "binance"
    [35massets[39m: 22
 GET /api/balance 200 in 837ms (compile: 60ms, proxy.ts: 34ms, render: 743ms)
 GET /api/orders 200 in 838ms (compile: 91ms, proxy.ts: 30ms, render: 716ms)
 GET /api/status 200 in 79ms (compile: 51ms, proxy.ts: 20ms, render: 8ms)
 GET /api/market 200 in 343ms (compile: 26ms, proxy.ts: 22ms, render: 295ms)
 GET /api/orders 200 in 756ms (compile: 13ms, proxy.ts: 25ms, render: 718ms)
 GET /api/cost-basis 200 in 1876ms (compile: 39ms, proxy.ts: 21ms, render: 1816ms)
 GET /api/orders 200 in 254ms (compile: 7ms, proxy.ts: 11ms, render: 236ms)
 GET /api/klines-range?symbol=SOLUSDT&startTime=1772086492130 200 in 265ms (compile: 5ms, proxy.ts: 9ms, render: 251ms)
 GET /api/orders 200 in 951ms (compile: 6ms, proxy.ts: 7ms, render: 938ms)
 GET /api/market 200 in 271ms (compile: 4ms, proxy.ts: 6ms, render: 261ms)
 GET /api/status 200 in 54ms (compile: 16ms, proxy.ts: 34ms, render: 5ms)
 GET /api/pnl 200 in 66ms (compile: 33ms, proxy.ts: 27ms, render: 5ms)
 GET /api/errors 200 in 91ms (compile: 46ms, proxy.ts: 27ms, render: 19ms)
[21:11:49.409] [32mINFO[39m: [36mbinance › balance[39m
    [35mmodule[39m: "binance"
    [35massets[39m: 22
 GET /api/balance 200 in 289ms (compile: 29ms, proxy.ts: 28ms, render: 232ms)
 GET /api/market 200 in 374ms (compile: 22ms, proxy.ts: 28ms, render: 324ms)
 GET /api/orders 200 in 1039ms (compile: 40ms, proxy.ts: 27ms, render: 971ms)
[21:11:54.725] [32mINFO[39m: [36mauto-trader › aplicant correcció OCO a posició òrfena…[39m
    [35mmodule[39m: "auto-trader"
    [35msymbol[39m: "BTCUSDT"
 GET /api/status 200 in 62ms (compile: 28ms, proxy.ts: 28ms, render: 5ms)
 GET /api/orders 200 in 275ms (compile: 14ms, proxy.ts: 35ms, render: 226ms)
[21:11:55.450] [31mERROR[39m: [36mauto-trader › error en col·locar OCO correctora[39m
    [35mmodule[39m: "auto-trader"
    [35msymbol[39m: "BTCUSDT"
    err: "Binance /orderList/oco 400: {\"code\":-1013,\"msg\":\"Invalid quantity.\"}"
 GET /api/market 200 in 473ms (compile: 36ms, proxy.ts: 28ms, render: 409ms)
 GET /api/cost-basis 200 in 1294ms (compile: 23ms, proxy.ts: 31ms, render: 1240ms)
 GET /api/klines-range?symbol=SOLUSDT&startTime=1772086492130 200 in 22ms (compile: 6ms, proxy.ts: 11ms, render: 5ms)
 GET /api/orders 200 in 250ms (compile: 6ms, proxy.ts: 11ms, render: 233ms)
 GET /api/status 200 in 38ms (compile: 9ms, proxy.ts: 20ms, render: 9ms)
 GET /api/status 200 in 84ms (compile: 39ms, proxy.ts: 36ms, render: 9ms)
 GET /api/orders 200 in 256ms (compile: 5ms, proxy.ts: 10ms, render: 240ms)
 GET /api/market 200 in 295ms (compile: 20ms, proxy.ts: 18ms, render: 256ms)
 GET /api/market 200 in 336ms (compile: 26ms, proxy.ts: 38ms, render: 272ms)
 GET /api/orders 200 in 341ms (compile: 60ms, proxy.ts: 34ms, render: 247ms)
 GET /api/cost-basis 200 in 693ms (compile: 50ms, proxy.ts: 35ms, render: 608ms)
 GET /api/klines-range?symbol=SOLUSDT&startTime=1772086492130 200 in 33ms (compile: 8ms, proxy.ts: 14ms, render: 10ms)
 GET /api/orders 200 in 1008ms (compile: 6ms, proxy.ts: 8ms, render: 994ms)
 GET /api/market 200 in 304ms (compile: 5ms, proxy.ts: 11ms, render: 288ms)
 GET /api/errors 200 in 71ms (compile: 22ms, proxy.ts: 42ms, render: 7ms)
 GET /api/pnl 200 in 79ms (compile: 30ms, proxy.ts: 41ms, render: 8ms)
 GET /api/status 200 in 84ms (compile: 39ms, proxy.ts: 40ms, render: 5ms)
 GET /api/market 200 in 378ms (compile: 56ms, proxy.ts: 37ms, render: 285ms)
[21:12:20.315] [32mINFO[39m: [36mbinance › balance[39m
    [35mmodule[39m: "binance"
    [35massets[39m: 22
 GET /api/balance 200 in 801ms (compile: 14ms, proxy.ts: 43ms, render: 744ms)
 GET /api/orders 200 in 844ms (compile: 47ms, proxy.ts: 39ms, render: 758ms)
 GET /api/status 200 in 57ms (compile: 31ms, proxy.ts: 20ms, render: 6ms)
 GET /api/market 200 in 363ms (compile: 18ms, proxy.ts: 24ms, render: 320ms)
 GET /api/orders 200 in 1766ms (compile: 10ms, proxy.ts: 28ms, render: 1728ms)
 GET /api/orders 200 in 293ms (compile: 6ms, proxy.ts: 51ms, render: 235ms)
 GET /api/cost-basis 200 in 2.1s (compile: 43ms, proxy.ts: 19ms, render: 2.0s)
 GET /api/klines-range?symbol=SOLUSDT&startTime=1772086492130 200 in 282ms (compile: 7ms, proxy.ts: 13ms, render: 261ms)
 GET /api/orders 200 in 724ms (compile: 6ms, proxy.ts: 9ms, render: 709ms)
 GET /api/market 200 in 380ms (compile: 5ms, proxy.ts: 6ms, render: 369ms)
 GET /api/status 200 in 55ms (compile: 15ms, proxy.ts: 32ms, render: 8ms)
 GET /api/errors 200 in 62ms (compile: 25ms, proxy.ts: 31ms, render: 5ms)
 GET /api/pnl 200 in 77ms (compile: 42ms, proxy.ts: 30ms, render: 5ms)
 GET /api/market 200 in 371ms (compile: 32ms, proxy.ts: 32ms, render: 306ms)
 GET /api/orders 200 in 803ms (compile: 49ms, proxy.ts: 29ms, render: 725ms)
[21:12:50.650] [32mINFO[39m: [36mbinance › balance[39m
    [35mmodule[39m: "binance"
    [35massets[39m: 22
 GET /api/balance 200 in 819ms (compile: 59ms, proxy.ts: 27ms, render: 732ms)
[21:12:54.958] [32mINFO[39m: [36mauto-trader › aplicant correcció OCO a posició òrfena…[39m
    [35mmodule[39m: "auto-trader"
    [35msymbol[39m: "BTCUSDT"
[21:12:55.448] [31mERROR[39m: [36mauto-trader › error en col·locar OCO correctora[39m
    [35mmodule[39m: "auto-trader"
    [35msymbol[39m: "BTCUSDT"
    err: "Binance /orderList/oco 400: {\"code\":-1013,\"msg\":\"Invalid quantity.\"}"
 GET /api/status 200 in 46ms (compile: 20ms, proxy.ts: 17ms, render: 9ms)
 GET /api/orders 200 in 265ms (compile: 7ms, proxy.ts: 23ms, render: 235ms)
 GET /api/market 200 in 347ms (compile: 33ms, proxy.ts: 15ms, render: 300ms)
 GET /api/status 200 in 88ms (compile: 60ms, proxy.ts: 17ms, render: 11ms)
 GET /api/orders 200 in 284ms (compile: 7ms, proxy.ts: 11ms, render: 266ms)
 GET /api/cost-basis 200 in 1127ms (compile: 15ms, proxy.ts: 20ms, render: 1092ms)
 GET /api/klines-range?symbol=SOLUSDT&startTime=1772086492130 200 in 28ms (compile: 9ms, proxy.ts: 11ms, render: 8ms)
 GET /api/orders 200 in 345ms (compile: 68ms, proxy.ts: 42ms, render: 235ms)
 GET /api/market 200 in 311ms (compile: 54ms, proxy.ts: 15ms, render: 242ms)
 GET /api/orders 200 in 717ms (compile: 7ms, proxy.ts: 11ms, render: 698ms)
 GET /api/market 200 in 292ms (compile: 5ms, proxy.ts: 9ms, render: 277ms)
 GET /api/status 200 in 84ms (compile: 51ms, proxy.ts: 27ms, render: 7ms)
 GET /api/pnl 200 in 107ms (compile: 69ms, proxy.ts: 26ms, render: 12ms)
 GET /api/errors 200 in 130ms (compile: 95ms, proxy.ts: 25ms, render: 9ms)
 GET /api/market 200 in 444ms (compile: 22ms, proxy.ts: 29ms, render: 393ms)
 GET /api/orders 200 in 1062ms (compile: 59ms, proxy.ts: 26ms, render: 977ms)
[21:13:21.399] [32mINFO[39m: [36mbinance › balance[39m
    [35mmodule[39m: "binance"
    [35massets[39m: 22
 GET /api/balance 200 in 1069ms (compile: 83ms, proxy.ts: 26ms, render: 960ms)
 GET /api/status 200 in 55ms (compile: 28ms, proxy.ts: 20ms, render: 8ms)
 GET /api/market 200 in 353ms (compile: 19ms, proxy.ts: 20ms, render: 314ms)
 GET /api/orders 200 in 1110ms (compile: 10ms, proxy.ts: 28ms, render: 1072ms)
 GET /api/orders 200 in 257ms (compile: 7ms, proxy.ts: 14ms, render: 236ms)
 GET /api/cost-basis 200 in 1832ms (compile: 40ms, proxy.ts: 20ms, render: 1772ms)
 GET /api/klines-range?symbol=SOLUSDT&startTime=1772086492130 200 in 280ms (compile: 10ms, proxy.ts: 9ms, render: 261ms)
 GET /api/orders 200 in 712ms (compile: 6ms, proxy.ts: 13ms, render: 693ms)
 GET /api/market 200 in 319ms (compile: 5ms, proxy.ts: 8ms, render: 305ms)
 GET /api/status 200 in 64ms (compile: 22ms, proxy.ts: 35ms, render: 7ms)
 GET /api/errors 200 in 76ms (compile: 37ms, proxy.ts: 34ms, render: 5ms)
 GET /api/pnl 200 in 103ms (compile: 68ms, proxy.ts: 31ms, render: 4ms)
 GET /api/market 200 in 448ms (compile: 44ms, proxy.ts: 32ms, render: 372ms)
 GET /api/orders 200 in 773ms (compile: 13ms, proxy.ts: 36ms, render: 724ms)
[21:13:51.486] [32mINFO[39m: [36mbinance › balance[39m
    [35mmodule[39m: "binance"
    [35massets[39m: 22
 GET /api/balance 200 in 784ms (compile: 31ms, proxy.ts: 34ms, render: 719ms)
[21:13:54.709] [32mINFO[39m: [36mauto-trader › aplicant correcció OCO a posició òrfena…[39m
    [35mmodule[39m: "auto-trader"
    [35msymbol[39m: "BTCUSDT"
[21:13:55.197] [31mERROR[39m: [36mauto-trader › error en col·locar OCO correctora[39m
    [35mmodule[39m: "auto-trader"
    [35msymbol[39m: "BTCUSDT"
    err: "Binance /orderList/oco 400: {\"code\":-1013,\"msg\":\"Invalid quantity.\"}"
 GET /api/status 200 in 34ms (compile: 16ms, proxy.ts: 12ms, render: 6ms)
 GET /api/orders 200 in 265ms (compile: 11ms, proxy.ts: 19ms, render: 234ms)
 GET /api/market 200 in 292ms (compile: 6ms, proxy.ts: 12ms, render: 273ms)
 GET /api/status 200 in 72ms (compile: 35ms, proxy.ts: 29ms, render: 8ms)
 GET /api/orders 200 in 244ms (compile: 4ms, proxy.ts: 9ms, render: 231ms)
 GET /api/market 200 in 405ms (compile: 42ms, proxy.ts: 30ms, render: 333ms)
 GET /api/orders 200 in 333ms (compile: 55ms, proxy.ts: 44ms, render: 235ms)
 GET /api/cost-basis 200 in 1425ms (compile: 21ms, proxy.ts: 30ms, render: 1374ms)
 GET /api/klines-range?symbol=SOLUSDT&startTime=1772086492130 200 in 23ms (compile: 5ms, proxy.ts: 10ms, render: 7ms)
 GET /api/orders 200 in 695ms (compile: 6ms, proxy.ts: 16ms, render: 673ms)
 GET /api/market 200 in 310ms (compile: 10ms, proxy.ts: 19ms, render: 281ms)
 GET /api/errors 200 in 72ms (compile: 19ms, proxy.ts: 44ms, render: 8ms)
 GET /api/pnl 200 in 142ms (compile: 93ms, proxy.ts: 40ms, render: 9ms)
 GET /api/status 200 in 141ms (compile: 105ms, proxy.ts: 28ms, render: 8ms)
 GET /api/market 200 in 466ms (compile: 41ms, proxy.ts: 41ms, render: 384ms)
 GET /api/orders 200 in 820ms (compile: 81ms, proxy.ts: 40ms, render: 699ms)
[21:14:21.971] [32mINFO[39m: [36mbinance › balance[39m
    [35mmodule[39m: "binance"
    [35massets[39m: 22
 GET /api/balance 200 in 913ms (compile: 29ms, proxy.ts: 43ms, render: 841ms)
 GET /api/status 200 in 68ms (compile: 35ms, proxy.ts: 25ms, render: 8ms)
 GET /api/market 200 in 362ms (compile: 48ms, proxy.ts: 27ms, render: 286ms)
 GET /api/orders 200 in 1739ms (compile: 7ms, proxy.ts: 12ms, render: 1720ms)
 GET /api/orders 200 in 244ms (compile: 4ms, proxy.ts: 9ms, render: 231ms)
 GET /api/cost-basis 200 in 2.5s (compile: 17ms, proxy.ts: 24ms, render: 2.4s)
 GET /api/klines-range?symbol=SOLUSDT&startTime=1772086492130 200 in 262ms (compile: 5ms, proxy.ts: 8ms, render: 249ms)
 GET /api/orders 200 in 281ms (compile: 7ms, proxy.ts: 18ms, render: 256ms)
 GET /api/market 200 in 314ms (compile: 6ms, proxy.ts: 9ms, render: 300ms)
 GET /api/status 200 in 92ms (compile: 21ms, proxy.ts: 60ms, render: 12ms)
 GET /api/errors 200 in 110ms (compile: 48ms, proxy.ts: 54ms, render: 8ms)
 GET /api/pnl 200 in 129ms (compile: 71ms, proxy.ts: 49ms, render: 9ms)
 GET /api/market 200 in 512ms (compile: 79ms, proxy.ts: 50ms, render: 384ms)
 GET /api/orders 200 in 1190ms (compile: 58ms, proxy.ts: 53ms, render: 1079ms)
[21:14:52.663] [32mINFO[39m: [36mbinance › balance[39m
    [35mmodule[39m: "binance"
    [35massets[39m: 22
 GET /api/balance 200 in 1209ms (compile: 35ms, proxy.ts: 56ms, render: 1119ms)
[21:14:54.761] [32mINFO[39m: [36mauto-trader › aplicant correcció OCO a posició òrfena…[39m
    [35mmodule[39m: "auto-trader"
    [35msymbol[39m: "BTCUSDT"
[21:14:55.272] [31mERROR[39m: [36mauto-trader › error en col·locar OCO correctora[39m
    [35mmodule[39m: "auto-trader"
    [35msymbol[39m: "BTCUSDT"
    err: "Binance /orderList/oco 400: {\"code\":-1013,\"msg\":\"Invalid quantity.\"}"
 GET /api/status 200 in 28ms (compile: 7ms, proxy.ts: 16ms, render: 5ms)
 GET /api/orders 200 in 271ms (compile: 5ms, proxy.ts: 8ms, render: 258ms)
 GET /api/market 200 in 279ms (compile: 14ms, proxy.ts: 14ms, render: 251ms)
 GET /api/orders 200 in 275ms (compile: 5ms, proxy.ts: 10ms, render: 260ms)
 GET /api/status 200 in 154ms (compile: 83ms, proxy.ts: 61ms, render: 10ms)
 GET /api/orders 200 in 407ms (compile: 61ms, proxy.ts: 64ms, render: 282ms)
 GET /api/market 200 in 498ms (compile: 100ms, proxy.ts: 60ms, render: 338ms)
 GET /api/cost-basis 200 in 1518ms (compile: 113ms, proxy.ts: 59ms, render: 1346ms)
 GET /api/klines-range?symbol=SOLUSDT&startTime=1772086492130 200 in 23ms (compile: 6ms, proxy.ts: 9ms, render: 7ms)
 GET /api/orders 200 in 782ms (compile: 5ms, proxy.ts: 10ms, render: 767ms)
 GET /api/market 200 in 308ms (compile: 8ms, proxy.ts: 8ms, render: 292ms)
 GET /api/pnl 200 in 69ms (compile: 25ms, proxy.ts: 38ms, render: 6ms)
 GET /api/errors 200 in 91ms (compile: 45ms, proxy.ts: 37ms, render: 9ms)
 GET /api/status 200 in 119ms (compile: 77ms, proxy.ts: 36ms, render: 7ms)
 GET /api/market 200 in 455ms (compile: 55ms, proxy.ts: 36ms, render: 364ms)
 GET /api/orders 200 in 813ms (compile: 15ms, proxy.ts: 38ms, render: 760ms)
[21:15:22.841] [32mINFO[39m: [36mbinance › balance[39m
    [35mmodule[39m: "binance"
    [35massets[39m: 22
 GET /api/balance 200 in 823ms (compile: 34ms, proxy.ts: 37ms, render: 752ms)
 GET /api/orders 200 in 249ms (compile: 4ms, proxy.ts: 9ms, render: 235ms)
 GET /api/status 200 in 51ms (compile: 17ms, proxy.ts: 25ms, render: 8ms)
 GET /api/orders 200 in 275ms (compile: 11ms, proxy.ts: 28ms, render: 236ms)
 GET /api/market 200 in 396ms (compile: 27ms, proxy.ts: 25ms, render: 345ms)
 GET /api/cost-basis 200 in 1908ms (compile: 44ms, proxy.ts: 22ms, render: 1842ms)
 GET /api/klines-range?symbol=SOLUSDT&startTime=1772086492130 200 in 274ms (compile: 6ms, proxy.ts: 12ms, render: 257ms)
 GET /api/orders 200 in 703ms (compile: 6ms, proxy.ts: 10ms, render: 688ms)
 GET /api/market 200 in 321ms (compile: 6ms, proxy.ts: 8ms, render: 307ms)
 GET /api/pnl 200 in 71ms (compile: 17ms, proxy.ts: 46ms, render: 8ms)
 GET /api/errors 200 in 78ms (compile: 28ms, proxy.ts: 43ms, render: 7ms)
 GET /api/status 200 in 118ms (compile: 75ms, proxy.ts: 37ms, render: 6ms)
[21:15:52.865] [32mINFO[39m: [36mbinance › balance[39m
    [35mmodule[39m: "binance"
    [35massets[39m: 22
 GET /api/balance 200 in 354ms (compile: 37ms, proxy.ts: 41ms, render: 276ms)
 GET /api/market 200 in 452ms (compile: 54ms, proxy.ts: 39ms, render: 359ms)
 GET /api/orders 200 in 813ms (compile: 47ms, proxy.ts: 40ms, render: 727ms)
[21:15:54.777] [32mINFO[39m: [36mauto-trader › aplicant correcció OCO a posició òrfena…[39m
    [35mmodule[39m: "auto-trader"
    [35msymbol[39m: "BTCUSDT"
[21:15:55.287] [31mERROR[39m: [36mauto-trader › error en col·locar OCO correctora[39m
    [35mmodule[39m: "auto-trader"
    [35msymbol[39m: "BTCUSDT"
    err: "Binance /orderList/oco 400: {\"code\":-1013,\"msg\":\"Invalid quantity.\"}"
 GET /api/status 200 in 35ms (compile: 8ms, proxy.ts: 19ms, render: 9ms)
 GET /api/orders 200 in 278ms (compile: 5ms, proxy.ts: 8ms, render: 265ms)
 GET /api/market 200 in 287ms (compile: 19ms, proxy.ts: 16ms, render: 252ms)
 GET /api/orders 200 in 256ms (compile: 5ms, proxy.ts: 9ms, render: 242ms)
 GET /api/status 200 in 126ms (compile: 61ms, proxy.ts: 58ms, render: 6ms)
 GET /api/orders 200 in 374ms (compile: 84ms, proxy.ts: 61ms, render: 229ms)
 GET /api/market 200 in 482ms (compile: 48ms, proxy.ts: 58ms, render: 375ms)
 GET /api/cost-basis 200 in 1431ms (compile: 77ms, proxy.ts: 58ms, render: 1296ms)
 GET /api/klines-range?symbol=SOLUSDT&startTime=1772086492130 200 in 21ms (compile: 5ms, proxy.ts: 8ms, render: 8ms)
 GET /api/orders 200 in 710ms (compile: 6ms, proxy.ts: 15ms, render: 689ms)
 GET /api/market 200 in 289ms (compile: 5ms, proxy.ts: 13ms, render: 271ms)
 GET /api/status 200 in 74ms (compile: 17ms, proxy.ts: 50ms, render: 7ms)
 GET /api/errors 200 in 78ms (compile: 25ms, proxy.ts: 47ms, render: 6ms)
 GET /api/pnl 200 in 108ms (compile: 71ms, proxy.ts: 32ms, render: 6ms)
 GET /api/market 200 in 424ms (compile: 40ms, proxy.ts: 34ms, render: 350ms)
 GET /api/orders 200 in 805ms (compile: 77ms, proxy.ts: 30ms, render: 697ms)
[21:16:23.776] [32mINFO[39m: [36mbinance › balance[39m
    [35mmodule[39m: "binance"
    [35massets[39m: 22
 GET /api/balance 200 in 840ms (compile: 35ms, proxy.ts: 44ms, render: 762ms)
 GET /api/orders 200 in 246ms (compile: 5ms, proxy.ts: 9ms, render: 233ms)
 GET /api/status 200 in 51ms (compile: 20ms, proxy.ts: 26ms, render: 5ms)
 GET /api/market 200 in 348ms (compile: 36ms, proxy.ts: 24ms, render: 288ms)
 GET /api/orders 200 in 948ms (compile: 11ms, proxy.ts: 29ms, render: 909ms)
 GET /api/cost-basis 200 in 1874ms (compile: 26ms, proxy.ts: 25ms, render: 1823ms)
 GET /api/klines-range?symbol=SOLUSDT&startTime=1772086492130 200 in 272ms (compile: 4ms, proxy.ts: 7ms, render: 261ms)
 GET /api/orders 200 in 1042ms (compile: 7ms, proxy.ts: 18ms, render: 1017ms)
 GET /api/market 200 in 351ms (compile: 6ms, proxy.ts: 7ms, render: 337ms)
 GET /api/pnl 200 in 79ms (compile: 20ms, proxy.ts: 51ms, render: 8ms)
 GET /api/errors 200 in 118ms (compile: 69ms, proxy.ts: 42ms, render: 7ms)
 GET /api/status 200 in 126ms (compile: 79ms, proxy.ts: 41ms, render: 6ms)
 GET /api/market 200 in 409ms (compile: 41ms, proxy.ts: 47ms, render: 321ms)
 GET /api/orders 200 in 816ms (compile: 32ms, proxy.ts: 49ms, render: 736ms)
[21:16:53.956] [32mINFO[39m: [36mbinance › balance[39m
    [35mmodule[39m: "binance"
    [35massets[39m: 22
 GET /api/balance 200 in 818ms (compile: 56ms, proxy.ts: 45ms, render: 717ms)
[21:16:54.860] [32mINFO[39m: [36mauto-trader › aplicant correcció OCO a posició òrfena…[39m
    [35mmodule[39m: "auto-trader"
    [35msymbol[39m: "BTCUSDT"
[21:16:55.357] [31mERROR[39m: [36mauto-trader › error en col·locar OCO correctora[39m
    [35mmodule[39m: "auto-trader"
    [35msymbol[39m: "BTCUSDT"
    err: "Binance /orderList/oco 400: {\"code\":-1013,\"msg\":\"Invalid quantity.\"}"
 GET /api/status 200 in 21ms (compile: 4ms, proxy.ts: 11ms, render: 5ms)
 GET /api/orders 200 in 247ms (compile: 4ms, proxy.ts: 5ms, render: 237ms)
 GET /api/market 200 in 391ms (compile: 12ms, proxy.ts: 10ms, render: 369ms)
 GET /api/orders 200 in 253ms (compile: 5ms, proxy.ts: 9ms, render: 239ms)
 GET /api/status 200 in 152ms (compile: 79ms, proxy.ts: 63ms, render: 9ms)
 GET /api/orders 200 in 313ms (compile: 13ms, proxy.ts: 64ms, render: 236ms)
 GET /api/market 200 in 350ms (compile: 21ms, proxy.ts: 59ms, render: 271ms)
 GET /api/cost-basis 200 in 1509ms (compile: 69ms, proxy.ts: 60ms, render: 1380ms)
 GET /api/klines-range?symbol=SOLUSDT&startTime=1772086492130 200 in 16ms (compile: 4ms, proxy.ts: 7ms, render: 5ms)
 GET /api/orders 200 in 712ms (compile: 5ms, proxy.ts: 8ms, render: 699ms)
 GET /api/market 200 in 330ms (compile: 5ms, proxy.ts: 7ms, render: 319ms)
 GET /api/errors 200 in 81ms (compile: 21ms, proxy.ts: 51ms, render: 9ms)
 GET /api/pnl 200 in 105ms (compile: 44ms, proxy.ts: 47ms, render: 14ms)
 GET /api/status 200 in 123ms (compile: 70ms, proxy.ts: 43ms, render: 9ms)
 GET /api/market 200 in 415ms (compile: 59ms, proxy.ts: 44ms, render: 311ms)
 GET /api/orders 200 in 828ms (compile: 32ms, proxy.ts: 49ms, render: 747ms)
[21:17:24.471] [32mINFO[39m: [36mbinance › balance[39m
    [35mmodule[39m: "binance"
    [35massets[39m: 22
 GET /api/balance 200 in 822ms (compile: 81ms, proxy.ts: 42ms, render: 700ms)
 GET /api/orders 200 in 271ms (compile: 5ms, proxy.ts: 10ms, render: 255ms)
 GET /api/status 200 in 55ms (compile: 19ms, proxy.ts: 29ms, render: 7ms)
 GET /api/orders 200 in 280ms (compile: 12ms, proxy.ts: 31ms, render: 236ms)
 GET /api/market 200 in 438ms (compile: 43ms, proxy.ts: 26ms, render: 368ms)
 GET /api/cost-basis 200 in 1658ms (compile: 30ms, proxy.ts: 28ms, render: 1600ms)
 GET /api/klines-range?symbol=SOLUSDT&startTime=1772086492130 200 in 264ms (compile: 4ms, proxy.ts: 8ms, render: 252ms)
 GET /api/orders 200 in 779ms (compile: 8ms, proxy.ts: 12ms, render: 760ms)
 GET /api/market 200 in 293ms (compile: 5ms, proxy.ts: 9ms, render: 279ms)
 GET /api/status 200 in 92ms (compile: 40ms, proxy.ts: 44ms, render: 8ms)
 GET /api/errors 200 in 109ms (compile: 65ms, proxy.ts: 38ms, render: 6ms)
 GET /api/pnl 200 in 115ms (compile: 72ms, proxy.ts: 37ms, render: 6ms)
 GET /api/market 200 in 373ms (compile: 50ms, proxy.ts: 42ms, render: 281ms)
[21:17:54.752] [32mINFO[39m: [36mauto-trader › aplicant correcció OCO a posició òrfena…[39m
    [35mmodule[39m: "auto-trader"
    [35msymbol[39m: "BTCUSDT"
 GET /api/orders 200 in 797ms (compile: 31ms, proxy.ts: 46ms, render: 720ms)
[21:17:54.917] [32mINFO[39m: [36mbinance › balance[39m
    [35mmodule[39m: "binance"
    [35massets[39m: 22
 GET /api/balance 200 in 807ms (compile: 17ms, proxy.ts: 47ms, render: 743ms)
[21:17:55.266] [31mERROR[39m: [36mauto-trader › error en col·locar OCO correctora[39m
    [35mmodule[39m: "auto-trader"
    [35msymbol[39m: "BTCUSDT"
    err: "Binance /orderList/oco 400: {\"code\":-1013,\"msg\":\"Invalid quantity.\"}"
 GET /api/status 200 in 22ms (compile: 4ms, proxy.ts: 13ms, render: 5ms)
 GET /api/orders 200 in 275ms (compile: 5ms, proxy.ts: 9ms, render: 261ms)
 GET /api/market 200 in 274ms (compile: 12ms, proxy.ts: 11ms, render: 251ms)
 GET /api/orders 200 in 270ms (compile: 6ms, proxy.ts: 12ms, render: 252ms)
 GET /api/status 200 in 142ms (compile: 72ms, proxy.ts: 62ms, render: 8ms)
 GET /api/orders 200 in 357ms (compile: 15ms, proxy.ts: 66ms, render: 275ms)
 GET /api/market 200 in 500ms (compile: 85ms, proxy.ts: 63ms, render: 352ms)
 GET /api/cost-basis 200 in 1192ms (compile: 60ms, proxy.ts: 60ms, render: 1071ms)
 GET /api/klines-range?symbol=SOLUSDT&startTime=1772086492130 200 in 20ms (compile: 6ms, proxy.ts: 6ms, render: 7ms)
 GET /api/orders 200 in 252ms (compile: 5ms, proxy.ts: 20ms, render: 228ms)
 GET /api/market 200 in 303ms (compile: 6ms, proxy.ts: 12ms, render: 286ms)
 GET /api/errors 200 in 64ms (compile: 24ms, proxy.ts: 34ms, render: 7ms)
 GET /api/pnl 200 in 71ms (compile: 33ms, proxy.ts: 33ms, render: 4ms)
 GET /api/status 200 in 100ms (compile: 61ms, proxy.ts: 30ms, render: 8ms)
 GET /api/market 200 in 361ms (compile: 13ms, proxy.ts: 35ms, render: 313ms)
 GET /api/orders 200 in 1037ms (compile: 50ms, proxy.ts: 31ms, render: 957ms)
[21:18:25.539] [32mINFO[39m: [36mbinance › balance[39m
    [35mmodule[39m: "binance"
    [35massets[39m: 22
 GET /api/balance 200 in 1093ms (compile: 39ms, proxy.ts: 32ms, render: 1022ms)
 GET /api/orders 200 in 280ms (compile: 5ms, proxy.ts: 11ms, render: 265ms)
 GET /api/status 200 in 49ms (compile: 15ms, proxy.ts: 28ms, render: 5ms)
 GET /api/market 200 in 345ms (compile: 23ms, proxy.ts: 26ms, render: 296ms)
 GET /api/orders 200 in 1069ms (compile: 10ms, proxy.ts: 29ms, render: 1030ms)
 GET /api/cost-basis 200 in 2.4s (compile: 34ms, proxy.ts: 24ms, render: 2.4s)
 GET /api/klines-range?symbol=SOLUSDT&startTime=1772086492130 200 in 273ms (compile: 5ms, proxy.ts: 11ms, render: 256ms)
 GET /api/orders 200 in 971ms (compile: 7ms, proxy.ts: 11ms, render: 953ms)
 GET /api/market 200 in 356ms (compile: 4ms, proxy.ts: 7ms, render: 345ms)
 GET /api/pnl 200 in 67ms (compile: 16ms, proxy.ts: 44ms, render: 7ms)
 GET /api/errors 200 in 77ms (compile: 28ms, proxy.ts: 41ms, render: 8ms)
 GET /api/status 200 in 96ms (compile: 49ms, proxy.ts: 37ms, render: 11ms)
[21:18:54.775] [32mINFO[39m: [36mauto-trader › aplicant correcció OCO a posició òrfena…[39m
    [35mmodule[39m: "auto-trader"
    [35msymbol[39m: "BTCUSDT"
[21:18:54.976] [32mINFO[39m: [36mbinance › balance[39m
    [35mmodule[39m: "binance"
    [35massets[39m: 22
 GET /api/balance 200 in 336ms (compile: 64ms, proxy.ts: 33ms, render: 239ms)
 GET /api/market 200 in 392ms (compile: 39ms, proxy.ts: 39ms, render: 315ms)
[21:18:55.272] [31mERROR[39m: [36mauto-trader › error en col·locar OCO correctora[39m
    [35mmodule[39m: "auto-trader"
    [35msymbol[39m: "BTCUSDT"
    err: "Binance /orderList/oco 400: {\"code\":-1013,\"msg\":\"Invalid quantity.\"}"
 GET /api/orders 200 in 779ms (compile: 71ms, proxy.ts: 31ms, render: 677ms)
 GET /api/status 200 in 23ms (compile: 6ms, proxy.ts: 12ms, render: 5ms)
 GET /api/orders 200 in 252ms (compile: 5ms, proxy.ts: 9ms, render: 239ms)
 GET /api/market 200 in 267ms (compile: 13ms, proxy.ts: 11ms, render: 243ms)
 GET /api/orders 200 in 249ms (compile: 6ms, proxy.ts: 12ms, render: 232ms)
 GET /api/status 200 in 55ms (compile: 22ms, proxy.ts: 26ms, render: 7ms)
 GET /api/orders 200 in 269ms (compile: 9ms, proxy.ts: 30ms, render: 231ms)
 GET /api/market 200 in 289ms (compile: 14ms, proxy.ts: 27ms, render: 248ms)
 GET /api/cost-basis 200 in 1143ms (compile: 34ms, proxy.ts: 24ms, render: 1085ms)
 GET /api/klines-range?symbol=SOLUSDT&startTime=1772086492130 200 in 23ms (compile: 5ms, proxy.ts: 11ms, render: 8ms)
 GET /api/orders 200 in 743ms (compile: 5ms, proxy.ts: 14ms, render: 724ms)
 GET /api/market 200 in 333ms (compile: 4ms, proxy.ts: 8ms, render: 321ms)
 GET /api/status 200 in 49ms (compile: 10ms, proxy.ts: 30ms, render: 8ms)
 GET /api/pnl 200 in 53ms (compile: 20ms, proxy.ts: 29ms, render: 4ms)
 GET /api/errors 200 in 65ms (compile: 29ms, proxy.ts: 23ms, render: 13ms)
 GET /api/orders 200 in 312ms (compile: 30ms, proxy.ts: 27ms, render: 255ms)
 GET /api/market 200 in 407ms (compile: 33ms, proxy.ts: 26ms, render: 347ms)
[21:19:25.896] [32mINFO[39m: [36mbinance › balance[39m
    [35mmodule[39m: "binance"
    [35massets[39m: 22
 GET /api/balance 200 in 765ms (compile: 13ms, proxy.ts: 23ms, render: 729ms)
 GET /api/orders 200 in 281ms (compile: 6ms, proxy.ts: 10ms, render: 266ms)
 GET /api/status 200 in 40ms (compile: 14ms, proxy.ts: 22ms, render: 5ms)
 GET /api/orders 200 in 298ms (compile: 10ms, proxy.ts: 22ms, render: 265ms)
 GET /api/market 200 in 325ms (compile: 21ms, proxy.ts: 21ms, render: 283ms)
 GET /api/cost-basis 200 in 1595ms (compile: 32ms, proxy.ts: 20ms, render: 1544ms)
 GET /api/klines-range?symbol=SOLUSDT&startTime=1772086492130 200 in 29ms (compile: 7ms, proxy.ts: 14ms, render: 8ms)
 GET /api/orders 200 in 725ms (compile: 5ms, proxy.ts: 12ms, render: 708ms)
 GET /api/market 200 in 307ms (compile: 5ms, proxy.ts: 6ms, render: 296ms)
 GET /api/orders/trailing 200 in 149ms (compile: 97ms, proxy.ts: 41ms, render: 10ms)
 GET /api/market 200 in 337ms (compile: 20ms, proxy.ts: 28ms, render: 288ms)
[21:19:53.588] [32mINFO[39m: [36mbinance › balance[39m
    [35mmodule[39m: "binance"
    [35massets[39m: 22
 GET /api/balance 200 in 760ms (compile: 10ms, proxy.ts: 33ms, render: 718ms)
 GET /api/orders 200 in 756ms (compile: 33ms, proxy.ts: 25ms, render: 697ms)
[21:19:54.737] [32mINFO[39m: [36mauto-trader › aplicant correcció OCO a posició òrfena…[39m
    [35mmodule[39m: "auto-trader"
    [35msymbol[39m: "BTCUSDT"
[21:19:55.257] [31mERROR[39m: [36mauto-trader › error en col·locar OCO correctora[39m
    [35mmodule[39m: "auto-trader"
    [35msymbol[39m: "BTCUSDT"
    err: "Binance /orderList/oco 400: {\"code\":-1013,\"msg\":\"Invalid quantity.\"}"
 GET /api/status 200 in 79ms (compile: 19ms, proxy.ts: 52ms, render: 8ms)
 GET /api/pnl 200 in 87ms (compile: 29ms, proxy.ts: 50ms, render: 8ms)
 GET /api/errors 200 in 98ms (compile: 42ms, proxy.ts: 48ms, render: 9ms)
[21:19:55.717] [32mINFO[39m: [36mbinance › balance[39m
    [35mmodule[39m: "binance"
    [35massets[39m: 22
 GET /api/balance 200 in 336ms (compile: 52ms, proxy.ts: 48ms, render: 236ms)
 GET /api/market 200 in 514ms (compile: 72ms, proxy.ts: 34ms, render: 408ms)
 GET /api/orders 200 in 807ms (compile: 64ms, proxy.ts: 38ms, render: 706ms)
 GET /api/status 200 in 28ms (compile: 9ms, proxy.ts: 12ms, render: 7ms)
 GET /api/orders 200 in 246ms (compile: 6ms, proxy.ts: 10ms, render: 230ms)
 GET /api/market 200 in 272ms (compile: 19ms, proxy.ts: 11ms, render: 243ms)
 GET /api/orders 200 in 249ms (compile: 6ms, proxy.ts: 9ms, render: 235ms)
 GET /api/status 200 in 51ms (compile: 24ms, proxy.ts: 22ms, render: 5ms)
 GET /api/orders 200 in 274ms (compile: 12ms, proxy.ts: 28ms, render: 234ms)
 GET /api/market 200 in 387ms (compile: 17ms, proxy.ts: 25ms, render: 345ms)
 GET /api/cost-basis 200 in 1375ms (compile: 30ms, proxy.ts: 21ms, render: 1324ms)
 GET /api/klines-range?symbol=SOLUSDT&startTime=1772086492130 200 in 572ms (compile: 5ms, proxy.ts: 8ms, render: 558ms)
 GET /api/orders/trailing 200 in 72ms (compile: 28ms, proxy.ts: 36ms, render: 8ms)
 GET /api/market 200 in 346ms (compile: 10ms, proxy.ts: 40ms, render: 296ms)
 GET /api/orders 200 in 723ms (compile: 25ms, proxy.ts: 13ms, render: 686ms)
[21:20:09.308] [32mINFO[39m: [36mbinance › balance[39m
    [35mmodule[39m: "binance"
    [35massets[39m: 22
 GET /api/balance 200 in 1016ms (compile: 20ms, proxy.ts: 37ms, render: 958ms)
 GET /api/orders 200 in 276ms (compile: 5ms, proxy.ts: 36ms, render: 234ms)
 GET /api/market 200 in 303ms (compile: 5ms, proxy.ts: 7ms, render: 292ms)
 GET /api/status 200 in 13ms (compile: 3ms, proxy.ts: 5ms, render: 5ms)
 GET /api/pnl 200 in 44ms (compile: 12ms, proxy.ts: 27ms, render: 5ms)
 GET /api/errors 200 in 68ms (compile: 42ms, proxy.ts: 18ms, render: 7ms)
 GET /api/market 200 in 297ms (compile: 32ms, proxy.ts: 19ms, render: 245ms)
[21:20:18.902] [32mINFO[39m: [36mbinance › balance[39m
    [35mmodule[39m: "binance"
    [35massets[39m: 22
 GET /api/balance 200 in 736ms (compile: 19ms, proxy.ts: 26ms, render: 691ms)
 GET /api/orders 200 in 773ms (compile: 25ms, proxy.ts: 22ms, render: 726ms)
 GET /api/pnl 200 in 149ms (compile: 107ms, proxy.ts: 35ms, render: 6ms)
 GET /api/errors 200 in 153ms (compile: 114ms, proxy.ts: 34ms, render: 5ms)
 GET /api/status 200 in 159ms (compile: 120ms, proxy.ts: 33ms, render: 5ms)
 GET /api/market 200 in 504ms (compile: 16ms, proxy.ts: 44ms, render: 444ms)
[21:20:26.866] [32mINFO[39m: [36mbinance › balance[39m
    [35mmodule[39m: "binance"
    [35massets[39m: 22
 GET /api/balance 200 in 1156ms (compile: 97ms, proxy.ts: 41ms, render: 1019ms)
 GET /api/orders 200 in 1167ms (compile: 102ms, proxy.ts: 38ms, render: 1027ms)
 GET /api/orders 200 in 272ms (compile: 11ms, proxy.ts: 23ms, render: 237ms)
 GET /api/status 200 in 103ms (compile: 57ms, proxy.ts: 37ms, render: 10ms)
 GET /api/market 200 in 455ms (compile: 70ms, proxy.ts: 33ms, render: 352ms)
 GET /api/orders 200 in 978ms (compile: 26ms, proxy.ts: 40ms, render: 911ms)
 GET /api/cost-basis 200 in 2.1s (compile: 39ms, proxy.ts: 36ms, render: 2.0s)
 GET /api/klines-range?symbol=SOLUSDT&startTime=1772086492130 200 in 34ms (compile: 5ms, proxy.ts: 18ms, render: 10ms)
 GET /api/orders 200 in 824ms (compile: 5ms, proxy.ts: 12ms, render: 806ms)
 GET /api/market 200 in 306ms (compile: 5ms, proxy.ts: 9ms, render: 292ms)
[21:20:55.025] [32mINFO[39m: [36mauto-trader › aplicant correcció OCO a posició òrfena…[39m
    [35mmodule[39m: "auto-trader"
    [35msymbol[39m: "BTCUSDT"
[21:20:55.570] [31mERROR[39m: [36mauto-trader › error en col·locar OCO correctora[39m
    [35mmodule[39m: "auto-trader"
    [35msymbol[39m: "BTCUSDT"
    err: "Binance /orderList/oco 400: {\"code\":-1013,\"msg\":\"Invalid quantity.\"}"
 GET /api/status 200 in 27ms (compile: 6ms, proxy.ts: 13ms, render: 7ms)
 GET /api/orders 200 in 247ms (compile: 5ms, proxy.ts: 9ms, render: 233ms)
 GET /api/market 200 in 306ms (compile: 16ms, proxy.ts: 12ms, render: 279ms)
 GET /api/pnl 200 in 103ms (compile: 33ms, proxy.ts: 54ms, render: 16ms)
 GET /api/errors 200 in 110ms (compile: 49ms, proxy.ts: 50ms, render: 11ms)
 GET /api/status 200 in 166ms (compile: 89ms, proxy.ts: 53ms, render: 25ms)
 GET /api/orders 200 in 388ms (compile: 9ms, proxy.ts: 24ms, render: 354ms)
 GET /api/orders 200 in 365ms (compile: 66ms, proxy.ts: 51ms, render: 249ms)
 GET /api/market 200 in 423ms (compile: 112ms, proxy.ts: 50ms, render: 261ms)
[21:20:59.110] [32mINFO[39m: [36mbinance › balance[39m
    [35mmodule[39m: "binance"
    [35massets[39m: 22
 GET /api/balance 200 in 998ms (compile: 123ms, proxy.ts: 49ms, render: 827ms)
 GET /api/status 200 in 65ms (compile: 28ms, proxy.ts: 30ms, render: 7ms)
 GET /api/orders 200 in 304ms (compile: 20ms, proxy.ts: 32ms, render: 252ms)
 GET /api/market 200 in 427ms (compile: 50ms, proxy.ts: 27ms, render: 350ms)
 GET /api/cost-basis 200 in 1900ms (compile: 37ms, proxy.ts: 28ms, render: 1834ms)
 GET /api/klines-range?symbol=SOLUSDT&startTime=1772086492130 200 in 266ms (compile: 4ms, proxy.ts: 7ms, render: 254ms)
 GET /api/orders 200 in 708ms (compile: 5ms, proxy.ts: 15ms, render: 688ms)
 GET /api/market 200 in 276ms (compile: 4ms, proxy.ts: 6ms, render: 266ms)
 GET /api/orders 200 in 792ms (compile: 5ms, proxy.ts: 10ms, render: 777ms)
 GET /api/status 200 in 98ms (compile: 39ms, proxy.ts: 51ms, render: 7ms)
 GET /api/pnl 200 in 107ms (compile: 49ms, proxy.ts: 50ms, render: 8ms)
 GET /api/errors 200 in 120ms (compile: 63ms, proxy.ts: 51ms, render: 6ms)
 GET /api/orders 200 in 318ms (compile: 34ms, proxy.ts: 48ms, render: 236ms)
 GET /api/market 200 in 521ms (compile: 66ms, proxy.ts: 40ms, render: 416ms)
[21:21:29.635] [32mINFO[39m: [36mbinance › balance[39m
    [35mmodule[39m: "binance"
    [35massets[39m: 22
 GET /api/balance 200 in 784ms (compile: 57ms, proxy.ts: 51ms, render: 676ms)
 GET /api/status 200 in 39ms (compile: 11ms, proxy.ts: 22ms, render: 7ms)
 GET /api/orders 200 in 265ms (compile: 8ms, proxy.ts: 26ms, render: 232ms)
 GET /api/market 200 in 373ms (compile: 19ms, proxy.ts: 20ms, render: 333ms)
 GET /api/cost-basis 200 in 1616ms (compile: 40ms, proxy.ts: 18ms, render: 1558ms)
 GET /api/klines-range?symbol=SOLUSDT&startTime=1772086492130 200 in 73ms (compile: 54ms, proxy.ts: 12ms, render: 8ms)
 GET /api/orders 200 in 265ms (compile: 7ms, proxy.ts: 10ms, render: 248ms)
 GET /api/market 200 in 290ms (compile: 5ms, proxy.ts: 8ms, render: 277ms)
[21:21:55.174] [32mINFO[39m: [36mauto-trader › aplicant correcció OCO a posició òrfena…[39m
    [35mmodule[39m: "auto-trader"
    [35msymbol[39m: "BTCUSDT"
[21:21:55.742] [31mERROR[39m: [36mauto-trader › error en col·locar OCO correctora[39m
    [35mmodule[39m: "auto-trader"
    [35msymbol[39m: "BTCUSDT"
    err: "Binance /orderList/oco 400: {\"code\":-1013,\"msg\":\"Invalid quantity.\"}"
 GET /api/status 200 in 44ms (compile: 10ms, proxy.ts: 25ms, render: 9ms)
 GET /api/orders 200 in 276ms (compile: 6ms, proxy.ts: 13ms, render: 257ms)
 GET /api/market 200 in 300ms (compile: 23ms, proxy.ts: 23ms, render: 254ms)
 GET /api/orders 200 in 278ms (compile: 6ms, proxy.ts: 11ms, render: 262ms)
 GET /api/pnl 200 in 86ms (compile: 26ms, proxy.ts: 52ms, render: 8ms)
 GET /api/errors 200 in 113ms (compile: 50ms, proxy.ts: 52ms, render: 11ms)
 GET /api/status 200 in 121ms (compile: 63ms, proxy.ts: 50ms, render: 8ms)
 GET /api/orders 200 in 336ms (compile: 43ms, proxy.ts: 52ms, render: 241ms)
[21:21:59.590] [32mINFO[39m: [36mbinance › balance[39m
    [35mmodule[39m: "binance"
    [35massets[39m: 22
 GET /api/balance 200 in 351ms (compile: 19ms, proxy.ts: 53ms, render: 279ms)
 GET /api/market 200 in 353ms (compile: 36ms, proxy.ts: 52ms, render: 265ms)
 GET /api/stream 200 in 43.9min (compile: 30ms, proxy.ts: 149ms, render: 43.9min)
 GET / 200 in 836ms (compile: 24ms, proxy.ts: 15ms, render: 797ms)
 GET /api/strategies 200 in 101ms (compile: 38ms, proxy.ts: 53ms, render: 10ms)
 GET /api/orders/meta 200 in 112ms (compile: 52ms, proxy.ts: 50ms, render: 10ms)
 GET /api/pnl 200 in 125ms (compile: 71ms, proxy.ts: 48ms, render: 5ms)
 GET /api/errors?since=1774293055567 200 in 136ms (compile: 80ms, proxy.ts: 47ms, render: 9ms)
 GET /api/orders 200 in 315ms (compile: 26ms, proxy.ts: 55ms, render: 235ms)
[21:22:02.794] [32mINFO[39m: [36mbinance › balance[39m
    [35mmodule[39m: "binance"
    [35massets[39m: 22
 GET /api/balance 200 in 355ms (compile: 16ms, proxy.ts: 56ms, render: 283ms)
 POST /api/portfolio-snapshot 200 in 130ms (compile: 96ms, proxy.ts: 20ms, render: 15ms)
 GET /api/portfolio-snapshot 200 in 159ms (compile: 117ms, proxy.ts: 21ms, render: 21ms)
 GET /api/portfolio-snapshot 200 in 53ms (compile: 8ms, proxy.ts: 34ms, render: 11ms)
 GET /api/portfolio-snapshot 200 in 64ms (compile: 21ms, proxy.ts: 31ms, render: 12ms)
 GET /api/portfolio-snapshot 200 in 68ms (compile: 36ms, proxy.ts: 22ms, render: 10ms)
 GET /api/klines?pair=BTCUSDT&interval=1h&limit=168 200 in 444ms (compile: 120ms, proxy.ts: 17ms, render: 307ms)
 GET /api/status 200 in 82ms (compile: 28ms, proxy.ts: 46ms, render: 8ms)
 GET /api/portfolio-snapshot 200 in 108ms (compile: 68ms, proxy.ts: 31ms, render: 9ms)
 GET /api/klines?pair=BTCUSDT&interval=1h&limit=168 200 in 46ms (compile: 5ms, proxy.ts: 34ms, render: 7ms)
 GET /api/cost-basis 200 in 1460ms (compile: 25ms, proxy.ts: 16ms, render: 1419ms)
 GET /api/orders 200 in 338ms (compile: 12ms, proxy.ts: 52ms, render: 274ms)
 GET /api/market 200 in 460ms (compile: 44ms, proxy.ts: 40ms, render: 376ms)
 GET /api/cost-basis 200 in 695ms (compile: 7ms, proxy.ts: 11ms, render: 678ms)
 GET /api/klines-range?symbol=SOLUSDT&startTime=1772086492130 200 in 24ms (compile: 4ms, proxy.ts: 11ms, render: 9ms)
 GET /api/orders 200 in 282ms (compile: 7ms, proxy.ts: 16ms, render: 260ms)
 GET /api/pnl 200 in 107ms (compile: 24ms, proxy.ts: 59ms, render: 24ms)
 GET /api/status 200 in 131ms (compile: 68ms, proxy.ts: 52ms, render: 12ms)
 GET /api/errors 200 in 158ms (compile: 93ms, proxy.ts: 50ms, render: 15ms)
 GET /api/market 200 in 418ms (compile: 104ms, proxy.ts: 35ms, render: 279ms)
 GET /api/orders 200 in 880ms (compile: 51ms, proxy.ts: 54ms, render: 775ms)
[21:22:30.726] [32mINFO[39m: [36mbinance › balance[39m
    [35mmodule[39m: "binance"
    [35massets[39m: 22
 GET /api/balance 200 in 883ms (compile: 81ms, proxy.ts: 51ms, render: 751ms)
 GET /api/orders 200 in 273ms (compile: 6ms, proxy.ts: 21ms, render: 245ms)
 GET /api/market 200 in 338ms (compile: 14ms, proxy.ts: 20ms, render: 304ms)
 GET /api/status 200 in 55ms (compile: 16ms, proxy.ts: 30ms, render: 9ms)
 GET /api/orders 200 in 287ms (compile: 12ms, proxy.ts: 31ms, render: 244ms)
 GET /api/market 200 in 414ms (compile: 37ms, proxy.ts: 21ms, render: 356ms)
 GET /api/cost-basis 200 in 1439ms (compile: 27ms, proxy.ts: 28ms, render: 1384ms)
 GET /api/klines-range?symbol=SOLUSDT&startTime=1772086492130 200 in 272ms (compile: 8ms, proxy.ts: 9ms, render: 255ms)
 GET /api/orders 200 in 702ms (compile: 7ms, proxy.ts: 8ms, render: 687ms)
[21:22:54.886] [32mINFO[39m: [36mauto-trader › aplicant correcció OCO a posició òrfena…[39m
    [35mmodule[39m: "auto-trader"
    [35msymbol[39m: "BTCUSDT"
[21:22:55.359] [31mERROR[39m: [36mauto-trader › error en col·locar OCO correctora[39m
    [35mmodule[39m: "auto-trader"
    [35msymbol[39m: "BTCUSDT"
    err: "Binance /orderList/oco 400: {\"code\":-1013,\"msg\":\"Invalid quantity.\"}"
 GET /api/status 200 in 22ms (compile: 5ms, proxy.ts: 8ms, render: 9ms)
 GET /api/orders 200 in 300ms (compile: 5ms, proxy.ts: 23ms, render: 271ms)
 GET /api/market 200 in 268ms (compile: 7ms, proxy.ts: 9ms, render: 253ms)
 GET /api/errors 200 in 55ms (compile: 13ms, proxy.ts: 36ms, render: 6ms)
 GET /api/status 200 in 60ms (compile: 21ms, proxy.ts: 33ms, render: 6ms)
 GET /api/pnl 200 in 73ms (compile: 40ms, proxy.ts: 28ms, render: 5ms)
 GET /api/market 200 in 306ms (compile: 33ms, proxy.ts: 30ms, render: 243ms)
 GET /api/orders 200 in 321ms (compile: 29ms, proxy.ts: 31ms, render: 261ms)
[21:23:00.643] [32mINFO[39m: [36mbinance › balance[39m
    [35mmodule[39m: "binance"
    [35massets[39m: 22
 GET /api/balance 200 in 328ms (compile: 46ms, proxy.ts: 25ms, render: 256ms)
 GET /api/market 200 in 260ms (compile: 7ms, proxy.ts: 9ms, render: 244ms)
 GET /api/orders 200 in 347ms (compile: 8ms, proxy.ts: 13ms, render: 326ms)
 GET /api/status 200 in 75ms (compile: 37ms, proxy.ts: 31ms, render: 7ms)
 GET /api/market 200 in 442ms (compile: 22ms, proxy.ts: 33ms, render: 387ms)
 GET /api/orders 200 in 451ms (compile: 13ms, proxy.ts: 36ms, render: 402ms)
 GET /api/cost-basis 200 in 1612ms (compile: 50ms, proxy.ts: 30ms, render: 1533ms)
 GET /api/klines-range?symbol=SOLUSDT&startTime=1772086492130 200 in 26ms (compile: 6ms, proxy.ts: 11ms, render: 8ms)
 GET /api/errors 200 in 82ms (compile: 21ms, proxy.ts: 52ms, render: 9ms)
 GET /api/pnl 200 in 91ms (compile: 32ms, proxy.ts: 51ms, render: 8ms)
 GET /api/status 200 in 93ms (compile: 46ms, proxy.ts: 40ms, render: 7ms)
 GET /api/orders 200 in 364ms (compile: 56ms, proxy.ts: 55ms, render: 253ms)
[21:23:07.406] [32mINFO[39m: [36mbinance › balance[39m
    [35mmodule[39m: "binance"
    [35massets[39m: 22
 GET /api/balance 200 in 414ms (compile: 42ms, proxy.ts: 53ms, render: 320ms)
 GET /api/market 200 in 462ms (compile: 54ms, proxy.ts: 38ms, render: 369ms)
 GET /api/status 200 in 38ms (compile: 9ms, proxy.ts: 21ms, render: 9ms)
 GET /api/activity 200 in 115ms (compile: 94ms, proxy.ts: 13ms, render: 8ms)
 GET /api/status 200 in 29ms (compile: 9ms, proxy.ts: 13ms, render: 7ms)
 GET /api/activity 200 in 40ms (compile: 20ms, proxy.ts: 12ms, render: 9ms)
 GET /api/orders 200 in 741ms (compile: 9ms, proxy.ts: 17ms, render: 716ms)
 GET /api/errors 200 in 28ms (compile: 6ms, proxy.ts: 9ms, render: 12ms)
 GET /api/errors 200 in 25ms (compile: 6ms, proxy.ts: 10ms, render: 9ms)
 GET /api/pnl 200 in 65ms (compile: 24ms, proxy.ts: 31ms, render: 10ms)
 GET /api/status 200 in 77ms (compile: 32ms, proxy.ts: 35ms, render: 10ms)
 GET /api/errors 200 in 90ms (compile: 43ms, proxy.ts: 34ms, render: 13ms)
 GET /api/orders 200 in 336ms (compile: 59ms, proxy.ts: 32ms, render: 245ms)
 GET /api/market 200 in 392ms (compile: 19ms, proxy.ts: 67ms, render: 306ms)
[21:23:32.121] [32mINFO[39m: [36mbinance › balance[39m
    [35mmodule[39m: "binance"
    [35massets[39m: 22
 GET /api/balance 200 in 1165ms (compile: 29ms, proxy.ts: 69ms, render: 1067ms)
 GET /api/market 200 in 263ms (compile: 5ms, proxy.ts: 6ms, render: 252ms)
 GET /api/orders 200 in 255ms (compile: 4ms, proxy.ts: 8ms, render: 242ms)
 GET /api/status 200 in 45ms (compile: 14ms, proxy.ts: 21ms, render: 9ms)
 GET /api/orders 200 in 293ms (compile: 29ms, proxy.ts: 23ms, render: 242ms)
 GET /api/market 200 in 462ms (compile: 35ms, proxy.ts: 18ms, render: 409ms)
 GET /api/cost-basis 200 in 1595ms (compile: 52ms, proxy.ts: 18ms, render: 1525ms)
 GET /api/klines-range?symbol=SOLUSDT&startTime=1772086492130 200 in 280ms (compile: 10ms, proxy.ts: 11ms, render: 258ms)
 GET /api/status 200 in 38ms (compile: 9ms, proxy.ts: 20ms, render: 9ms)
 GET /api/activity 200 in 50ms (compile: 21ms, proxy.ts: 17ms, render: 12ms)
 GET /api/status 200 in 31ms (compile: 7ms, proxy.ts: 16ms, render: 7ms)
 GET /api/activity 200 in 47ms (compile: 20ms, proxy.ts: 15ms, render: 12ms)
 GET /api/orders 200 in 693ms (compile: 5ms, proxy.ts: 6ms, render: 682ms)
 GET /api/logs?level=info&limit=300 200 in 140ms (compile: 79ms, proxy.ts: 12ms, render: 49ms)
 GET /api/logs?level=info&limit=300 200 in 67ms (compile: 7ms, proxy.ts: 12ms, render: 49ms)
 GET /api/errors 200 in 21ms (compile: 5ms, proxy.ts: 8ms, render: 9ms)
 GET /api/errors 200 in 19ms (compile: 4ms, proxy.ts: 6ms, render: 9ms)
[21:23:55.472] [32mINFO[39m: [36mauto-trader › aplicant correcció OCO a posició òrfena…[39m
    [35mmodule[39m: "auto-trader"
    [35msymbol[39m: "BTCUSDT"
 GET /api/status 200 in 33ms (compile: 7ms, proxy.ts: 18ms, render: 9ms)
 GET /api/activity 200 in 46ms (compile: 18ms, proxy.ts: 17ms, render: 11ms)
 GET /api/status 200 in 30ms (compile: 7ms, proxy.ts: 16ms, render: 8ms)
 GET /api/activity 200 in 43ms (compile: 17ms, proxy.ts: 14ms, render: 12ms)
[21:23:56.040] [31mERROR[39m: [36mauto-trader › error en col·locar OCO correctora[39m
    [35mmodule[39m: "auto-trader"
    [35msymbol[39m: "BTCUSDT"
    err: "Binance /orderList/oco 400: {\"code\":-1013,\"msg\":\"Invalid quantity.\"}"
 GET /api/status 200 in 31ms (compile: 7ms, proxy.ts: 17ms, render: 7ms)
 GET /api/orders 200 in 283ms (compile: 6ms, proxy.ts: 14ms, render: 262ms)
 GET /api/market 200 in 397ms (compile: 16ms, proxy.ts: 15ms, render: 366ms)
 GET /api/errors 200 in 26ms (compile: 6ms, proxy.ts: 11ms, render: 9ms)
 GET /api/errors 200 in 25ms (compile: 8ms, proxy.ts: 8ms, render: 9ms)
 GET /api/errors 200 in 85ms (compile: 17ms, proxy.ts: 58ms, render: 10ms)
 GET /api/status 200 in 104ms (compile: 39ms, proxy.ts: 56ms, render: 10ms)
 GET /api/pnl 200 in 111ms (compile: 51ms, proxy.ts: 53ms, render: 7ms)
 GET /api/orders 200 in 329ms (compile: 34ms, proxy.ts: 60ms, render: 236ms)
 GET /api/market 200 in 371ms (compile: 77ms, proxy.ts: 37ms, render: 257ms)
[21:24:01.709] [32mINFO[39m: [36mbinance › balance[39m
    [35mmodule[39m: "binance"
    [35massets[39m: 22
 GET /api/balance 200 in 401ms (compile: 61ms, proxy.ts: 51ms, render: 288ms)
 GET /api/market 200 in 265ms (compile: 6ms, proxy.ts: 9ms, render: 250ms)
 GET /api/orders 200 in 275ms (compile: 4ms, proxy.ts: 9ms, render: 262ms)
 GET /api/status 200 in 70ms (compile: 32ms, proxy.ts: 34ms, render: 5ms)
 GET /api/orders 200 in 295ms (compile: 11ms, proxy.ts: 46ms, render: 239ms)
 GET /api/market 200 in 428ms (compile: 19ms, proxy.ts: 42ms, render: 368ms)
 GET /api/cost-basis 200 in 1181ms (compile: 42ms, proxy.ts: 33ms, render: 1107ms)
 GET /api/klines-range?symbol=SOLUSDT&startTime=1772086492130 200 in 20ms (compile: 5ms, proxy.ts: 8ms, render: 7ms)
 GET /api/orders 200 in 781ms (compile: 4ms, proxy.ts: 9ms, render: 768ms)
 GET /api/pnl 200 in 118ms (compile: 76ms, proxy.ts: 37ms, render: 5ms)
 GET /api/status 200 in 126ms (compile: 81ms, proxy.ts: 37ms, render: 8ms)
 GET /api/errors 200 in 131ms (compile: 90ms, proxy.ts: 37ms, render: 5ms)
 GET /api/market 200 in 525ms (compile: 24ms, proxy.ts: 34ms, render: 467ms)
 GET /api/orders 200 in 804ms (compile: 63ms, proxy.ts: 37ms, render: 704ms)
[21:24:32.541] [32mINFO[39m: [36mbinance › balance[39m
    [35mmodule[39m: "binance"
    [35massets[39m: 22
 GET /api/balance 200 in 901ms (compile: 51ms, proxy.ts: 40ms, render: 810ms)
 GET /api/market 200 in 265ms (compile: 5ms, proxy.ts: 10ms, render: 249ms)
 GET /api/orders 200 in 503ms (compile: 8ms, proxy.ts: 8ms, render: 486ms)
 GET /api/status 200 in 67ms (compile: 26ms, proxy.ts: 35ms, render: 6ms)
 GET /api/market 200 in 450ms (compile: 17ms, proxy.ts: 37ms, render: 396ms)
 GET /api/orders 200 in 460ms (compile: 11ms, proxy.ts: 40ms, render: 409ms)
 GET /api/cost-basis 200 in 1497ms (compile: 34ms, proxy.ts: 33ms, render: 1430ms)
 GET /api/klines-range?symbol=SOLUSDT&startTime=1772086492130 200 in 266ms (compile: 5ms, proxy.ts: 13ms, render: 249ms)
 GET /api/orders 200 in 1034ms (compile: 7ms, proxy.ts: 12ms, render: 1015ms)
[21:24:54.851] [32mINFO[39m: [36mauto-trader › aplicant correcció OCO a posició òrfena…[39m
    [35mmodule[39m: "auto-trader"
    [35msymbol[39m: "BTCUSDT"
[21:24:55.360] [31mERROR[39m: [36mauto-trader › error en col·locar OCO correctora[39m
    [35mmodule[39m: "auto-trader"
    [35msymbol[39m: "BTCUSDT"
    err: "Binance /orderList/oco 400: {\"code\":-1013,\"msg\":\"Invalid quantity.\"}"
 GET /api/status 200 in 28ms (compile: 7ms, proxy.ts: 10ms, render: 11ms)
 GET /api/orders 200 in 250ms (compile: 5ms, proxy.ts: 9ms, render: 236ms)
 GET /api/market 200 in 266ms (compile: 6ms, proxy.ts: 8ms, render: 251ms)
 GET /api/pnl 200 in 81ms (compile: 33ms, proxy.ts: 41ms, render: 6ms)
 GET /api/errors 200 in 88ms (compile: 40ms, proxy.ts: 41ms, render: 7ms)
 GET /api/status 200 in 96ms (compile: 58ms, proxy.ts: 31ms, render: 7ms)
 GET /api/orders 200 in 347ms (compile: 25ms, proxy.ts: 42ms, render: 280ms)
[21:25:02.182] [32mINFO[39m: [36mbinance › balance[39m
    [35mmodule[39m: "binance"
    [35massets[39m: 22
 GET /api/balance 200 in 355ms (compile: 18ms, proxy.ts: 43ms, render: 294ms)
 GET /api/market 200 in 542ms (compile: 49ms, proxy.ts: 39ms, render: 454ms)
 GET /api/market 200 in 1955ms (compile: 5ms, proxy.ts: 9ms, render: 1941ms)
 GET /api/orders 200 in 248ms (compile: 6ms, proxy.ts: 10ms, render: 232ms)
 GET /api/status 200 in 141ms (compile: 42ms, proxy.ts: 85ms, render: 15ms)
 GET /api/orders 200 in 380ms (compile: 32ms, proxy.ts: 89ms, render: 259ms)
 GET /api/market 200 in 384ms (compile: 15ms, proxy.ts: 86ms, render: 282ms)
 GET /api/cost-basis 200 in 1580ms (compile: 59ms, proxy.ts: 75ms, render: 1446ms)
 GET /api/klines-range?symbol=SOLUSDT&startTime=1772086492130 200 in 22ms (compile: 5ms, proxy.ts: 9ms, render: 7ms)
 GET /api/orders 200 in 794ms (compile: 6ms, proxy.ts: 14ms, render: 774ms)
[21:25:29.802] [32mINFO[39m: [36mbinance › balance[39m
    [35mmodule[39m: "binance"
    [35massets[39m: 22
 GET /api/balance 200 in 877ms (compile: 9ms, proxy.ts: 23ms, render: 845ms)
[21:25:29.831] [32mINFO[39m: [36mbinance › balance[39m
    [35mmodule[39m: "binance"
    [35massets[39m: 22
 GET /api/balance 200 in 812ms (compile: 13ms, proxy.ts: 10ms, render: 790ms)
 GET /api/portfolio-snapshot 200 in 64ms (compile: 15ms, proxy.ts: 37ms, render: 12ms)
 GET /api/klines?pair=BTCUSDT&interval=1h&limit=168 200 in 77ms (compile: 32ms, proxy.ts: 35ms, render: 10ms)
 POST /api/portfolio-snapshot 200 in 98ms (compile: 56ms, proxy.ts: 30ms, render: 11ms)
 GET /api/portfolio-snapshot 200 in 74ms (compile: 18ms, proxy.ts: 41ms, render: 16ms)
 GET /api/portfolio-snapshot 200 in 90ms (compile: 38ms, proxy.ts: 39ms, render: 13ms)
 GET /api/portfolio-snapshot 200 in 108ms (compile: 52ms, proxy.ts: 41ms, render: 16ms)
 GET /api/klines?pair=BTCUSDT&interval=1h&limit=168 200 in 117ms (compile: 70ms, proxy.ts: 40ms, render: 7ms)
 GET /api/portfolio-snapshot 200 in 24ms (compile: 5ms, proxy.ts: 11ms, render: 8ms)
 GET /api/cost-basis 200 in 1918ms (compile: 24ms, proxy.ts: 21ms, render: 1873ms)
 GET /api/cost-basis 200 in 588ms (compile: 4ms, proxy.ts: 7ms, render: 578ms)
 GET /api/orders/trailing 200 in 43ms (compile: 16ms, proxy.ts: 19ms, render: 8ms)
 GET /api/orders/trailing 200 in 20ms (compile: 6ms, proxy.ts: 7ms, render: 7ms)
 GET /api/klines-range?symbol=SOLUSDT&startTime=1774296000308&window=1h 200 in 373ms (compile: 7ms, proxy.ts: 20ms, render: 346ms)
 GET /api/klines-range?symbol=SOLUSDT&startTime=1774296000308&window=1h 200 in 22ms (compile: 5ms, proxy.ts: 9ms, render: 8ms)
 GET /api/klines-range?symbol=SOLUSDT&startTime=1774065660278&window=1w 200 in 361ms (compile: 18ms, proxy.ts: 16ms, render: 327ms)
 GET /api/klines-range?symbol=SOLUSDT&startTime=1774065660278&window=1w 200 in 18ms (compile: 6ms, proxy.ts: 7ms, render: 6ms)
 GET /api/klines-range?symbol=SOLUSDT&startTime=1774065660278&window=1h 200 in 410ms (compile: 9ms, proxy.ts: 17ms, render: 384ms)
 GET /api/pnl 200 in 90ms (compile: 38ms, proxy.ts: 45ms, render: 8ms)
 GET /api/errors 200 in 97ms (compile: 47ms, proxy.ts: 43ms, render: 7ms)
 GET /api/status 200 in 106ms (compile: 57ms, proxy.ts: 42ms, render: 7ms)
 GET /api/orders 200 in 321ms (compile: 16ms, proxy.ts: 46ms, render: 258ms)
 GET /api/market 200 in 333ms (compile: 24ms, proxy.ts: 47ms, render: 262ms)
[21:25:32.650] [32mINFO[39m: [36mbinance › balance[39m
    [35mmodule[39m: "binance"
    [35massets[39m: 22
 GET /api/balance 200 in 336ms (compile: 31ms, proxy.ts: 45ms, render: 260ms)
 GET /api/market 200 in 710ms (compile: 8ms, proxy.ts: 9ms, render: 693ms)
 GET /api/orders 200 in 276ms (compile: 5ms, proxy.ts: 9ms, render: 261ms)
 GET /api/orders/trailing 200 in 25ms (compile: 6ms, proxy.ts: 9ms, render: 10ms)
 GET /api/status 200 in 108ms (compile: 68ms, proxy.ts: 31ms, render: 9ms)
 GET /api/orders 200 in 407ms (compile: 14ms, proxy.ts: 35ms, render: 358ms)
 GET /api/market 200 in 450ms (compile: 31ms, proxy.ts: 33ms, render: 386ms)
 GET /api/cost-basis 200 in 10.4s (compile: 23ms, proxy.ts: 34ms, render: 10.3s)
 GET /api/klines-range?symbol=SOLUSDT&startTime=1774278502257 200 in 404ms (compile: 4ms, proxy.ts: 11ms, render: 388ms)
 GET /api/orders 200 in 254ms (compile: 6ms, proxy.ts: 12ms, render: 236ms)
 GET /api/orders/trailing 200 in 26ms (compile: 5ms, proxy.ts: 10ms, render: 11ms)
[21:25:54.849] [32mINFO[39m: [36mauto-trader › aplicant correcció OCO a posició òrfena…[39m
    [35mmodule[39m: "auto-trader"
    [35msymbol[39m: "BTCUSDT"
[21:25:55.399] [31mERROR[39m: [36mauto-trader › error en col·locar OCO correctora[39m
    [35mmodule[39m: "auto-trader"
    [35msymbol[39m: "BTCUSDT"
    err: "Binance /orderList/oco 400: {\"code\":-1013,\"msg\":\"Invalid quantity.\"}"
 GET /api/status 200 in 35ms (compile: 9ms, proxy.ts: 17ms, render: 8ms)
 GET /api/orders 200 in 258ms (compile: 7ms, proxy.ts: 9ms, render: 241ms)
 GET /api/market 200 in 292ms (compile: 20ms, proxy.ts: 15ms, render: 257ms)
 GET /api/status 200 in 78ms (compile: 19ms, proxy.ts: 47ms, render: 12ms)
 GET /api/pnl 200 in 98ms (compile: 44ms, proxy.ts: 44ms, render: 10ms)
 GET /api/errors 200 in 105ms (compile: 56ms, proxy.ts: 38ms, render: 12ms)
 GET /api/orders 200 in 316ms (compile: 33ms, proxy.ts: 45ms, render: 238ms)
 GET /api/market 200 in 490ms (compile: 70ms, proxy.ts: 33ms, render: 388ms)
 GET /api/market 200 in 365ms (compile: 28ms, proxy.ts: 18ms, render: 320ms)
[21:26:03.695] [32mINFO[39m: [36mbinance › balance[39m
    [35mmodule[39m: "binance"
    [35massets[39m: 22
 GET /api/balance 200 in 752ms (compile: 11ms, proxy.ts: 32ms, render: 709ms)
 GET /api/klines-range?symbol=SOLUSDT&startTime=1774065660278&window=1d 200 in 278ms (compile: 6ms, proxy.ts: 10ms, render: 262ms)
 GET /api/orders 200 in 253ms (compile: 5ms, proxy.ts: 10ms, render: 238ms)
 GET /api/orders/trailing 200 in 26ms (compile: 6ms, proxy.ts: 10ms, render: 10ms)
 GET /api/status 200 in 82ms (compile: 35ms, proxy.ts: 34ms, render: 13ms)
 GET /api/orders 200 in 302ms (compile: 28ms, proxy.ts: 37ms, render: 237ms)
 GET /api/market 200 in 508ms (compile: 54ms, proxy.ts: 32ms, render: 422ms)
 GET /api/cost-basis 200 in 1521ms (compile: 87ms, proxy.ts: 30ms, render: 1404ms)
 GET /api/klines-range?symbol=SOLUSDT&startTime=1774065660278&window=1w 200 in 33ms (compile: 4ms, proxy.ts: 21ms, render: 9ms)
 GET /api/klines-range?symbol=SOLUSDT&startTime=1772086492130 200 in 304ms (compile: 14ms, proxy.ts: 14ms, render: 276ms)
 GET /api/orders 200 in 261ms (compile: 7ms, proxy.ts: 18ms, render: 236ms)
 GET /api/orders/trailing 200 in 28ms (compile: 6ms, proxy.ts: 11ms, render: 11ms)
 GET /api/klines-range?symbol=SOLUSDT&startTime=1774065660278&window=1w 200 in 31ms (compile: 7ms, proxy.ts: 15ms, render: 9ms)
 GET /api/pnl 200 in 72ms (compile: 16ms, proxy.ts: 47ms, render: 9ms)
 GET /api/errors 200 in 83ms (compile: 35ms, proxy.ts: 42ms, render: 7ms)
 GET /api/status 200 in 91ms (compile: 42ms, proxy.ts: 42ms, render: 7ms)
[21:26:33.798] [32mINFO[39m: [36mbinance › balance[39m
    [35mmodule[39m: "binance"
    [35massets[39m: 22
 GET /api/balance 200 in 315ms (compile: 27ms, proxy.ts: 43ms, render: 244ms)
 GET /api/market 200 in 396ms (compile: 59ms, proxy.ts: 39ms, render: 297ms)
 GET /api/market 200 in 314ms (compile: 6ms, proxy.ts: 11ms, render: 296ms)
 GET /api/orders 200 in 898ms (compile: 50ms, proxy.ts: 41ms, render: 806ms)
 GET /api/orders 200 in 498ms (compile: 5ms, proxy.ts: 8ms, render: 484ms)
 GET /api/orders/trailing 200 in 29ms (compile: 6ms, proxy.ts: 9ms, render: 13ms)
 GET /api/status 200 in 75ms (compile: 48ms, proxy.ts: 20ms, render: 7ms)
 GET /api/orders 200 in 274ms (compile: 13ms, proxy.ts: 23ms, render: 237ms)
 GET /api/market 200 in 458ms (compile: 22ms, proxy.ts: 20ms, render: 416ms)
 GET /api/cost-basis 200 in 1507ms (compile: 57ms, proxy.ts: 19ms, render: 1431ms)
 GET /api/klines-range?symbol=SOLUSDT&startTime=1772086492130 200 in 22ms (compile: 6ms, proxy.ts: 9ms, render: 8ms)
 GET /api/orders 200 in 697ms (compile: 5ms, proxy.ts: 10ms, render: 681ms)
 GET /api/orders/trailing 200 in 22ms (compile: 5ms, proxy.ts: 9ms, render: 8ms)
[21:26:54.865] [32mINFO[39m: [36mauto-trader › aplicant correcció OCO a posició òrfena…[39m
    [35mmodule[39m: "auto-trader"
    [35msymbol[39m: "BTCUSDT"
[21:26:55.397] [31mERROR[39m: [36mauto-trader › error en col·locar OCO correctora[39m
    [35mmodule[39m: "auto-trader"
    [35msymbol[39m: "BTCUSDT"
    err: "Binance /orderList/oco 400: {\"code\":-1013,\"msg\":\"Invalid quantity.\"}"
 GET /api/status 200 in 28ms (compile: 11ms, proxy.ts: 11ms, render: 5ms)
 GET /api/orders 200 in 244ms (compile: 5ms, proxy.ts: 8ms, render: 231ms)
 GET /api/market 200 in 263ms (compile: 4ms, proxy.ts: 12ms, render: 246ms)
 GET /api/errors 200 in 91ms (compile: 24ms, proxy.ts: 59ms, render: 7ms)
 GET /api/status 200 in 101ms (compile: 40ms, proxy.ts: 55ms, render: 5ms)
 GET /api/pnl 200 in 122ms (compile: 65ms, proxy.ts: 52ms, render: 5ms)
 GET /api/market 200 in 300ms (compile: 4ms, proxy.ts: 7ms, render: 289ms)
 GET /api/orders 200 in 328ms (compile: 33ms, proxy.ts: 58ms, render: 237ms)
[21:27:04.110] [32mINFO[39m: [36mbinance › balance[39m
    [35mmodule[39m: "binance"
    [35massets[39m: 22
 GET /api/balance 200 in 340ms (compile: 48ms, proxy.ts: 53ms, render: 239ms)
 GET /api/market 200 in 393ms (compile: 56ms, proxy.ts: 52ms, render: 285ms)
 GET /api/orders 200 in 288ms (compile: 5ms, proxy.ts: 8ms, render: 275ms)
 GET /api/orders/trailing 200 in 23ms (compile: 5ms, proxy.ts: 9ms, render: 9ms)
 GET /api/status 200 in 45ms (compile: 15ms, proxy.ts: 24ms, render: 6ms)
 GET /api/orders 200 in 267ms (compile: 10ms, proxy.ts: 28ms, render: 230ms)
 GET /api/market 200 in 469ms (compile: 29ms, proxy.ts: 23ms, render: 417ms)
 GET /api/cost-basis 200 in 1189ms (compile: 24ms, proxy.ts: 23ms, render: 1141ms)
 GET /api/klines-range?symbol=SOLUSDT&startTime=1774065660278&window=1w 200 in 321ms (compile: 10ms, proxy.ts: 63ms, render: 248ms)
 GET /api/klines-range?symbol=SOLUSDT&startTime=1772086492130 200 in 262ms (compile: 4ms, proxy.ts: 10ms, render: 249ms)
 GET /api/orders 200 in 738ms (compile: 7ms, proxy.ts: 15ms, render: 717ms)
 GET /api/orders/trailing 200 in 32ms (compile: 9ms, proxy.ts: 11ms, render: 12ms)
 GET /api/klines-range?symbol=SOLUSDT&startTime=1774065660278&window=1w 200 in 22ms (compile: 5ms, proxy.ts: 10ms, render: 7ms)
 GET /api/market 200 in 361ms (compile: 5ms, proxy.ts: 7ms, render: 349ms)
 GET /api/pnl 200 in 75ms (compile: 21ms, proxy.ts: 42ms, render: 12ms)
 GET /api/errors 200 in 85ms (compile: 46ms, proxy.ts: 34ms, render: 6ms)
 GET /api/status 200 in 92ms (compile: 53ms, proxy.ts: 33ms, render: 6ms)
 GET /api/orders 200 in 310ms (compile: 15ms, proxy.ts: 46ms, render: 250ms)
[21:27:35.390] [32mINFO[39m: [36mbinance › balance[39m
    [35mmodule[39m: "binance"
    [35massets[39m: 22
 GET /api/balance 200 in 311ms (compile: 42ms, proxy.ts: 35ms, render: 235ms)
 GET /api/market 200 in 328ms (compile: 36ms, proxy.ts: 39ms, render: 253ms)
 GET /api/orders 200 in 265ms (compile: 5ms, proxy.ts: 9ms, render: 251ms)
 GET /api/orders/trailing 200 in 27ms (compile: 6ms, proxy.ts: 8ms, render: 13ms)
 GET /api/status 200 in 50ms (compile: 22ms, proxy.ts: 20ms, render: 8ms)
 GET /api/market 200 in 279ms (compile: 16ms, proxy.ts: 22ms, render: 241ms)
 GET /api/orders 200 in 293ms (compile: 11ms, proxy.ts: 26ms, render: 257ms)
 GET /api/cost-basis 200 in 1386ms (compile: 33ms, proxy.ts: 19ms, render: 1334ms)
 GET /api/klines-range?symbol=SOLUSDT&startTime=1772086492130 200 in 17ms (compile: 5ms, proxy.ts: 7ms, render: 5ms)
 GET /api/orders 200 in 1720ms (compile: 241ms, proxy.ts: 15ms, render: 1464ms)
 GET /api/orders/trailing 200 in 30ms (compile: 8ms, proxy.ts: 11ms, render: 11ms)
[21:27:55.261] [32mINFO[39m: [36mauto-trader › aplicant correcció OCO a posició òrfena…[39m
    [35mmodule[39m: "auto-trader"
    [35msymbol[39m: "BTCUSDT"
[21:27:55.843] [31mERROR[39m: [36mauto-trader › error en col·locar OCO correctora[39m
    [35mmodule[39m: "auto-trader"
    [35msymbol[39m: "BTCUSDT"
    err: "Binance /orderList/oco 400: {\"code\":-1013,\"msg\":\"Invalid quantity.\"}"
 GET /api/status 200 in 255ms (compile: 210ms, proxy.ts: 20ms, render: 26ms)
 GET /api/orders 200 in 361ms (compile: 5ms, proxy.ts: 12ms, render: 343ms)
 GET /api/market 200 in 660ms (compile: 6ms, proxy.ts: 25ms, render: 629ms)
 GET /api/market 200 in 290ms (compile: 5ms, proxy.ts: 11ms, render: 274ms)
 GET /api/status 200 in 97ms (compile: 38ms, proxy.ts: 48ms, render: 11ms)
 GET /api/errors 200 in 105ms (compile: 51ms, proxy.ts: 45ms, render: 9ms)
 GET /api/pnl 200 in 116ms (compile: 68ms, proxy.ts: 41ms, render: 8ms)
 GET /api/orders 200 in 315ms (compile: 21ms, proxy.ts: 52ms, render: 242ms)
 GET /api/market 200 in 336ms (compile: 29ms, proxy.ts: 50ms, render: 257ms)
[21:28:06.149] [32mINFO[39m: [36mbinance › balance[39m
    [35mmodule[39m: "binance"
    [35massets[39m: 22
 GET /api/balance 200 in 383ms (compile: 62ms, proxy.ts: 43ms, render: 277ms)
 GET /api/orders 200 in 256ms (compile: 7ms, proxy.ts: 11ms, render: 238ms)
 GET /api/orders/trailing 200 in 25ms (compile: 5ms, proxy.ts: 10ms, render: 10ms)
 GET /api/klines-range?symbol=SOLUSDT&startTime=1774065660278&window=1w 200 in 31ms (compile: 7ms, proxy.ts: 15ms, render: 10ms)
 GET /api/status 200 in 59ms (compile: 23ms, proxy.ts: 28ms, render: 7ms)
 GET /api/orders 200 in 287ms (compile: 14ms, proxy.ts: 31ms, render: 242ms)
 GET /api/market 200 in 314ms (compile: 33ms, proxy.ts: 27ms, render: 255ms)
 GET /api/cost-basis 200 in 1443ms (compile: 39ms, proxy.ts: 25ms, render: 1378ms)
 GET /api/klines-range?symbol=SOLUSDT&startTime=1772086492130 200 in 298ms (compile: 33ms, proxy.ts: 9ms, render: 256ms)
 GET /api/orders 200 in 1049ms (compile: 5ms, proxy.ts: 13ms, render: 1031ms)
 GET /api/orders/trailing 200 in 19ms (compile: 5ms, proxy.ts: 6ms, render: 9ms)
 GET /api/klines-range?symbol=SOLUSDT&startTime=1774065660278&window=1w 200 in 382ms (compile: 5ms, proxy.ts: 20ms, render: 357ms)
 GET /api/market 200 in 375ms (compile: 8ms, proxy.ts: 11ms, render: 355ms)
 GET /api/status 200 in 95ms (compile: 27ms, proxy.ts: 59ms, render: 10ms)
 GET /api/pnl 200 in 112ms (compile: 50ms, proxy.ts: 55ms, render: 8ms)
 GET /api/errors 200 in 159ms (compile: 91ms, proxy.ts: 55ms, render: 14ms)
 GET /api/orders 200 in 327ms (compile: 40ms, proxy.ts: 57ms, render: 231ms)
 GET /api/market 200 in 411ms (compile: 103ms, proxy.ts: 38ms, render: 270ms)
[21:28:37.743] [32mINFO[39m: [36mbinance › balance[39m
    [35mmodule[39m: "binance"
    [35massets[39m: 22
 GET /api/balance 200 in 604ms (compile: 57ms, proxy.ts: 53ms, render: 494ms)
 GET /api/orders 200 in 253ms (compile: 6ms, proxy.ts: 12ms, render: 234ms)
 GET /api/orders/trailing 200 in 24ms (compile: 6ms, proxy.ts: 8ms, render: 9ms)
 GET /api/status 200 in 64ms (compile: 27ms, proxy.ts: 30ms, render: 6ms)
 GET /api/orders 200 in 307ms (compile: 17ms, proxy.ts: 30ms, render: 260ms)
 GET /api/market 200 in 304ms (compile: 23ms, proxy.ts: 29ms, render: 252ms)
 GET /api/cost-basis 200 in 1155ms (compile: 25ms, proxy.ts: 36ms, render: 1094ms)
 GET /api/klines-range?symbol=SOLUSDT&startTime=1772086492130 200 in 16ms (compile: 5ms, proxy.ts: 5ms, render: 7ms)
 GET /api/orders 200 in 780ms (compile: 6ms, proxy.ts: 19ms, render: 756ms)
 GET /api/orders/trailing 200 in 17ms (compile: 4ms, proxy.ts: 6ms, render: 7ms)
[21:28:54.991] [32mINFO[39m: [36mauto-trader › aplicant correcció OCO a posició òrfena…[39m
    [35mmodule[39m: "auto-trader"
    [35msymbol[39m: "BTCUSDT"
[21:28:55.581] [31mERROR[39m: [36mauto-trader › error en col·locar OCO correctora[39m
    [35mmodule[39m: "auto-trader"
    [35msymbol[39m: "BTCUSDT"
    err: "Binance /orderList/oco 400: {\"code\":-1013,\"msg\":\"Invalid quantity.\"}"
 GET /api/status 200 in 22ms (compile: 6ms, proxy.ts: 10ms, render: 6ms)
 GET /api/orders 200 in 263ms (compile: 7ms, proxy.ts: 17ms, render: 239ms)
 GET /api/market 200 in 263ms (compile: 13ms, proxy.ts: 9ms, render: 240ms)
 GET /api/market 200 in 391ms (compile: 6ms, proxy.ts: 9ms, render: 375ms)
 GET /api/errors 200 in 51ms (compile: 12ms, proxy.ts: 32ms, render: 7ms)
 GET /api/pnl 200 in 59ms (compile: 21ms, proxy.ts: 31ms, render: 7ms)
 GET /api/status 200 in 65ms (compile: 29ms, proxy.ts: 30ms, render: 6ms)
 GET /api/market 200 in 464ms (compile: 58ms, proxy.ts: 22ms, render: 384ms)
 GET /api/orders 200 in 821ms (compile: 47ms, proxy.ts: 29ms, render: 745ms)
 GET /api/orders 200 in 714ms (compile: 4ms, proxy.ts: 13ms, render: 696ms)
 GET /api/orders/trailing 200 in 17ms (compile: 4ms, proxy.ts: 7ms, render: 6ms)
[21:29:09.257] [32mINFO[39m: [36mbinance › balance[39m
    [35mmodule[39m: "binance"
    [35massets[39m: 22
 GET /api/balance 200 in 1022ms (compile: 37ms, proxy.ts: 29ms, render: 955ms)
 GET /api/klines-range?symbol=SOLUSDT&startTime=1774065660278&window=1w 200 in 28ms (compile: 6ms, proxy.ts: 12ms, render: 11ms)
 GET /api/status 200 in 86ms (compile: 13ms, proxy.ts: 37ms, render: 36ms)
 GET /api/market 200 in 362ms (compile: 61ms, proxy.ts: 35ms, render: 266ms)
 GET /api/orders 200 in 377ms (compile: 87ms, proxy.ts: 39ms, render: 250ms)
 GET /api/cost-basis 200 in 1765ms (compile: 98ms, proxy.ts: 34ms, render: 1634ms)
 GET /api/klines-range?symbol=SOLUSDT&startTime=1772086492130 200 in 278ms (compile: 4ms, proxy.ts: 6ms, render: 268ms)
 GET /api/orders 200 in 689ms (compile: 7ms, proxy.ts: 12ms, render: 671ms)
 GET /api/orders/trailing 200 in 17ms (compile: 4ms, proxy.ts: 7ms, render: 7ms)
 GET /api/klines-range?symbol=SOLUSDT&startTime=1774065660278&window=1w 200 in 332ms (compile: 5ms, proxy.ts: 8ms, render: 319ms)
 GET /api/market 200 in 315ms (compile: 11ms, proxy.ts: 15ms, render: 290ms)
 GET /api/orders 200 in 271ms (compile: 9ms, proxy.ts: 21ms, render: 241ms)
 GET /api/orders/trailing 200 in 20ms (compile: 4ms, proxy.ts: 9ms, render: 7ms)
 GET /api/status 200 in 73ms (compile: 37ms, proxy.ts: 31ms, render: 6ms)
 GET /api/orders 200 in 283ms (compile: 11ms, proxy.ts: 39ms, render: 233ms)
 GET /api/market 200 in 399ms (compile: 15ms, proxy.ts: 33ms, render: 350ms)
 GET /api/errors 200 in 68ms (compile: 28ms, proxy.ts: 33ms, render: 7ms)
 GET /api/pnl 200 in 74ms (compile: 37ms, proxy.ts: 32ms, render: 5ms)
 GET /api/status 200 in 82ms (compile: 44ms, proxy.ts: 31ms, render: 7ms)
[21:29:42.306] [32mINFO[39m: [36mbinance › balance[39m
    [35mmodule[39m: "binance"
    [35massets[39m: 22
 GET /api/balance 200 in 303ms (compile: 12ms, proxy.ts: 37ms, render: 254ms)
 GET /api/market 200 in 309ms (compile: 22ms, proxy.ts: 35ms, render: 252ms)
 GET /api/orders 200 in 758ms (compile: 53ms, proxy.ts: 30ms, render: 675ms)
 GET /api/cost-basis 200 in 1924ms (compile: 44ms, proxy.ts: 29ms, render: 1851ms)
 GET /api/klines-range?symbol=SOLUSDT&startTime=1772086492130 200 in 25ms (compile: 6ms, proxy.ts: 9ms, render: 9ms)
[21:29:54.931] [32mINFO[39m: [36mauto-trader › aplicant correcció OCO a posició òrfena…[39m
    [35mmodule[39m: "auto-trader"
    [35msymbol[39m: "BTCUSDT"
 GET /api/orders 200 in 939ms (compile: 7ms, proxy.ts: 16ms, render: 916ms)
 GET /api/orders/trailing 200 in 22ms (compile: 5ms, proxy.ts: 8ms, render: 9ms)
[21:29:55.442] [31mERROR[39m: [36mauto-trader › error en col·locar OCO correctora[39m
    [35mmodule[39m: "auto-trader"
    [35msymbol[39m: "BTCUSDT"
    err: "Binance /orderList/oco 400: {\"code\":-1013,\"msg\":\"Invalid quantity.\"}"
 GET /api/status 200 in 30ms (compile: 8ms, proxy.ts: 15ms, render: 6ms)
 GET /api/orders 200 in 251ms (compile: 5ms, proxy.ts: 7ms, render: 240ms)
 GET /api/market 200 in 278ms (compile: 17ms, proxy.ts: 14ms, render: 247ms)
 GET /api/market 200 in 304ms (compile: 5ms, proxy.ts: 13ms, render: 285ms)
 GET /api/orders 200 in 854ms (compile: 7ms, proxy.ts: 14ms, render: 833ms)
 GET /api/orders/trailing 200 in 23ms (compile: 5ms, proxy.ts: 8ms, render: 10ms)
 GET /api/klines-range?symbol=SOLUSDT&startTime=1774065660278&window=1w 200 in 40ms (compile: 10ms, proxy.ts: 20ms, render: 10ms)
 GET /api/status 200 in 86ms (compile: 31ms, proxy.ts: 41ms, render: 14ms)
 GET /api/orders 200 in 324ms (compile: 19ms, proxy.ts: 44ms, render: 261ms)
 GET /api/status 200 in 92ms (compile: 44ms, proxy.ts: 40ms, render: 8ms)
 GET /api/pnl 200 in 132ms (compile: 93ms, proxy.ts: 33ms, render: 6ms)
 GET /api/errors 200 in 153ms (compile: 112ms, proxy.ts: 31ms, render: 10ms)
 GET /api/market 200 in 539ms (compile: 44ms, proxy.ts: 42ms, render: 453ms)
[21:30:12.532] [32mINFO[39m: [36mbinance › balance[39m
    [35mmodule[39m: "binance"
    [35massets[39m: 22
 GET /api/balance 200 in 334ms (compile: 23ms, proxy.ts: 46ms, render: 265ms)
 GET /api/market 200 in 498ms (compile: 52ms, proxy.ts: 35ms, render: 411ms)
 GET /api/orders 200 in 895ms (compile: 32ms, proxy.ts: 43ms, render: 820ms)
 GET /api/cost-basis 200 in 2.0s (compile: 96ms, proxy.ts: 41ms, render: 1899ms)
 GET /api/klines-range?symbol=SOLUSDT&startTime=1772086492130 200 in 269ms (compile: 4ms, proxy.ts: 13ms, render: 252ms)
 GET /api/stream 200 in 8.2min (compile: 7ms, proxy.ts: 14ms, render: 8.2min)
 GET / 200 in 584ms (compile: 12ms, proxy.ts: 16ms, render: 556ms)
 GET /api/errors?since=1774297440067 200 in 98ms (compile: 25ms, proxy.ts: 57ms, render: 16ms)
 GET /api/strategies 200 in 142ms (compile: 79ms, proxy.ts: 51ms, render: 11ms)
 GET /api/orders/meta 200 in 155ms (compile: 94ms, proxy.ts: 50ms, render: 11ms)
 GET /api/pnl 200 in 50ms (compile: 10ms, proxy.ts: 31ms, render: 9ms)
[21:30:18.051] [32mINFO[39m: [36mbinance › balance[39m
    [35mmodule[39m: "binance"
    [35massets[39m: 22
 GET /api/balance 200 in 360ms (compile: 57ms, proxy.ts: 54ms, render: 250ms)
 GET /api/orders 200 in 367ms (compile: 69ms, proxy.ts: 52ms, render: 246ms)
 GET /api/portfolio-snapshot 200 in 54ms (compile: 10ms, proxy.ts: 31ms, render: 12ms)
 POST /api/portfolio-snapshot 200 in 74ms (compile: 36ms, proxy.ts: 28ms, render: 10ms)
 GET /api/portfolio-snapshot 200 in 46ms (compile: 7ms, proxy.ts: 27ms, render: 12ms)
 GET /api/portfolio-snapshot 200 in 47ms (compile: 24ms, proxy.ts: 14ms, render: 9ms)
 GET /api/portfolio-snapshot 200 in 38ms (compile: 4ms, proxy.ts: 22ms, render: 13ms)
 GET /api/klines?pair=BTCUSDT&interval=1h&limit=168 200 in 315ms (compile: 25ms, proxy.ts: 29ms, render: 260ms)
 GET /api/klines?pair=BTCUSDT&interval=1h&limit=168 200 in 25ms (compile: 4ms, proxy.ts: 14ms, render: 7ms)
 GET /api/portfolio-snapshot 200 in 23ms (compile: 4ms, proxy.ts: 9ms, render: 10ms)
 GET /api/cost-basis 200 in 1559ms (compile: 42ms, proxy.ts: 53ms, render: 1464ms)
 GET /api/orders 200 in 725ms (compile: 6ms, proxy.ts: 7ms, render: 712ms)
 GET /api/status 200 in 69ms (compile: 20ms, proxy.ts: 34ms, render: 14ms)
 GET /api/market 200 in 446ms (compile: 40ms, proxy.ts: 40ms, render: 366ms)
 GET /api/status 200 in 105ms (compile: 50ms, proxy.ts: 47ms, render: 8ms)
 GET /api/errors 200 in 119ms (compile: 69ms, proxy.ts: 41ms, render: 9ms)
 GET /api/pnl 200 in 124ms (compile: 78ms, proxy.ts: 40ms, render: 5ms)
 GET /api/orders 200 in 742ms (compile: 11ms, proxy.ts: 38ms, render: 693ms)
 GET /api/market 200 in 483ms (compile: 27ms, proxy.ts: 49ms, render: 407ms)
 GET /api/orders 200 in 1176ms (compile: 18ms, proxy.ts: 51ms, render: 1108ms)
[21:30:45.151] [32mINFO[39m: [36mbinance › balance[39m
    [35mmodule[39m: "binance"
    [35massets[39m: 22
 GET /api/balance 200 in 2.1s (compile: 60ms, proxy.ts: 44ms, render: 1972ms)
 GET /api/cost-basis 200 in 3.2s (compile: 42ms, proxy.ts: 32ms, render: 3.2s)
 GET /api/klines-range?symbol=SOLUSDT&startTime=1772086492130 200 in 71ms (compile: 6ms, proxy.ts: 55ms, render: 10ms)
 GET /api/orders 200 in 255ms (compile: 6ms, proxy.ts: 11ms, render: 239ms)
 GET /api/market 200 in 326ms (compile: 6ms, proxy.ts: 9ms, render: 312ms)
[21:30:54.959] [32mINFO[39m: [36mauto-trader › aplicant correcció OCO a posició òrfena…[39m
    [35mmodule[39m: "auto-trader"
    [35msymbol[39m: "BTCUSDT"
[21:30:55.520] [31mERROR[39m: [36mauto-trader › error en col·locar OCO correctora[39m
    [35mmodule[39m: "auto-trader"
    [35msymbol[39m: "BTCUSDT"
    err: "Binance /orderList/oco 400: {\"code\":-1013,\"msg\":\"Invalid quantity.\"}"
 GET /api/status 200 in 40ms (compile: 8ms, proxy.ts: 22ms, render: 10ms)
 GET /api/orders 200 in 251ms (compile: 7ms, proxy.ts: 12ms, render: 233ms)
 GET /api/market 200 in 304ms (compile: 22ms, proxy.ts: 20ms, render: 262ms)
 GET /api/orders 200 in 257ms (compile: 5ms, proxy.ts: 9ms, render: 242ms)
 GET /api/status 200 in 64ms (compile: 41ms, proxy.ts: 18ms, render: 5ms)
 GET /api/market 200 in 371ms (compile: 30ms, proxy.ts: 20ms, render: 321ms)
 GET /api/status 200 in 82ms (compile: 18ms, proxy.ts: 55ms, render: 9ms)
 GET /api/errors 200 in 93ms (compile: 31ms, proxy.ts: 53ms, render: 9ms)
 GET /api/pnl 200 in 132ms (compile: 93ms, proxy.ts: 34ms, render: 5ms)
 GET /api/orders 200 in 737ms (compile: 12ms, proxy.ts: 24ms, render: 701ms)
 GET /api/market 200 in 465ms (compile: 61ms, proxy.ts: 46ms, render: 358ms)
 GET /api/orders 200 in 860ms (compile: 98ms, proxy.ts: 33ms, render: 729ms)
[21:31:14.417] [32mINFO[39m: [36mbinance › balance[39m
    [35mmodule[39m: "binance"
    [35massets[39m: 22
 GET /api/balance 200 in 935ms (compile: 45ms, proxy.ts: 49ms, render: 840ms)
 GET /api/cost-basis 200 in 1948ms (compile: 21ms, proxy.ts: 22ms, render: 1904ms)
 GET /api/klines-range?symbol=SOLUSDT&startTime=1772086492130 200 in 272ms (compile: 6ms, proxy.ts: 15ms, render: 250ms)
 GET /api/orders 200 in 292ms (compile: 8ms, proxy.ts: 32ms, render: 253ms)
 GET /api/market 200 in 267ms (compile: 6ms, proxy.ts: 11ms, render: 250ms)
 GET /api/orders 200 in 725ms (compile: 14ms, proxy.ts: 13ms, render: 697ms)
 GET /api/status 200 in 68ms (compile: 34ms, proxy.ts: 24ms, render: 10ms)
 GET /api/market 200 in 420ms (compile: 66ms, proxy.ts: 23ms, render: 331ms)
 GET /api/orders 200 in 1181ms (compile: 15ms, proxy.ts: 26ms, render: 1140ms)
 GET /api/status 200 in 62ms (compile: 16ms, proxy.ts: 39ms, render: 7ms)
 GET /api/pnl 200 in 67ms (compile: 25ms, proxy.ts: 38ms, render: 5ms)
 GET /api/errors 200 in 101ms (compile: 59ms, proxy.ts: 36ms, render: 6ms)
[21:31:45.154] [32mINFO[39m: [36mbinance › balance[39m
    [35mmodule[39m: "binance"
    [35massets[39m: 22
 GET /api/balance 200 in 287ms (compile: 12ms, proxy.ts: 40ms, render: 236ms)
 GET /api/orders 200 in 330ms (compile: 67ms, proxy.ts: 34ms, render: 228ms)
 GET /api/market 200 in 762ms (compile: 31ms, proxy.ts: 37ms, render: 694ms)
 GET /api/cost-basis 200 in 2.2s (compile: 52ms, proxy.ts: 24ms, render: 2.1s)
 GET /api/klines-range?symbol=SOLUSDT&startTime=1772086492130 200 in 18ms (compile: 4ms, proxy.ts: 6ms, render: 7ms)
 GET /api/orders 200 in 281ms (compile: 5ms, proxy.ts: 11ms, render: 266ms)
 GET /api/market 200 in 308ms (compile: 45ms, proxy.ts: 8ms, render: 255ms)
[21:31:54.896] [32mINFO[39m: [36mauto-trader › aplicant correcció OCO a posició òrfena…[39m
    [35mmodule[39m: "auto-trader"
    [35msymbol[39m: "BTCUSDT"
[21:31:55.416] [31mERROR[39m: [36mauto-trader › error en col·locar OCO correctora[39m
    [35mmodule[39m: "auto-trader"
    [35msymbol[39m: "BTCUSDT"
    err: "Binance /orderList/oco 400: {\"code\":-1013,\"msg\":\"Invalid quantity.\"}"
[?25h
{"level":30,"time":1774297925053,"pid":50068,"hostname":"DESKTOP-KPAMGTB","module":"order-monitor","msg":"monitor iniciat"}
{"level":30,"time":1774297925084,"pid":50068,"hostname":"DESKTOP-KPAMGTB","module":"telegram","nextHourIn":28,"nextDailyIn":598,"msg":"scheduler iniciat"}
{"level":30,"time":1774297925092,"pid":50068,"hostname":"DESKTOP-KPAMGTB","module":"orders","symbol":"BTCUSDT","thresholds":[{"windowMin":5,"pct":5},{"windowMin":15,"pct":8},{"windowMin":60,"pct":12}],"pollMs":60000,"msg":"Crash monitor iniciat"}
{"level":30,"time":1774297925101,"pid":50068,"hostname":"DESKTOP-KPAMGTB","module":"auto-trader","msg":"auto-trader multi-bot iniciat (poll 60s)"}
{"level":30,"time":1774297926693,"pid":50068,"hostname":"DESKTOP-KPAMGTB","module":"order-monitor","count":3,"msg":"inicialitzat"}
{"level":30,"time":1774297930886,"pid":50068,"hostname":"DESKTOP-KPAMGTB","module":"auto-trader","symbol":"BTCUSDT","msg":"aplicant correcció OCO a posició òrfena…"}
{"level":30,"time":1774297931422,"pid":50068,"hostname":"DESKTOP-KPAMGTB","module":"trailing-engine","msg":"motor iniciat"}
{"level":30,"time":1774297931437,"pid":50068,"hostname":"DESKTOP-KPAMGTB","module":"auto-trader","symbol":"BTCUSDT","tpPrice":"73744.56","slStopPrice":"69062.17","msg":"OCO correctora col·locada amb èxit"}
{"level":30,"time":1774297931574,"pid":50068,"hostname":"DESKTOP-KPAMGTB","module":"binance","assets":22,"msg":"balance"}
{"level":30,"time":1774297939193,"pid":50068,"hostname":"DESKTOP-KPAMGTB","module":"binance","assets":22,"msg":"balance"}
{"level":30,"time":1774297949617,"pid":50068,"hostname":"DESKTOP-KPAMGTB","module":"binance","assets":22,"msg":"balance"}
{"level":30,"time":1774297969817,"pid":50068,"hostname":"DESKTOP-KPAMGTB","module":"binance","assets":22,"msg":"balance"}
{"level":30,"time":1774297970406,"pid":50068,"hostname":"DESKTOP-KPAMGTB","module":"binance","assets":22,"msg":"balance"}
{"level":30,"time":1774297999301,"pid":50068,"hostname":"DESKTOP-KPAMGTB","module":"binance","assets":22,"msg":"balance"}
{"level":30,"time":1774298000829,"pid":50068,"hostname":"DESKTOP-KPAMGTB","module":"binance","assets":22,"msg":"balance"}
{"level":30,"time":1774298024253,"pid":50068,"hostname":"DESKTOP-KPAMGTB","module":"binance","assets":22,"msg":"balance"}
{"level":30,"time":1774298031192,"pid":50068,"hostname":"DESKTOP-KPAMGTB","module":"binance","assets":22,"msg":"balance"}
{"level":30,"time":1774298061419,"pid":50068,"hostname":"DESKTOP-KPAMGTB","module":"binance","assets":22,"msg":"balance"}
{"level":30,"time":1774298074957,"pid":50068,"hostname":"DESKTOP-KPAMGTB","module":"binance","assets":22,"msg":"balance"}
{"level":30,"time":1774298084383,"pid":50068,"hostname":"DESKTOP-KPAMGTB","module":"binance","assets":22,"msg":"balance"}
{"level":30,"time":1774298091867,"pid":50068,"hostname":"DESKTOP-KPAMGTB","module":"binance","assets":22,"msg":"balance"}
{"level":30,"time":1774298122258,"pid":50068,"hostname":"DESKTOP-KPAMGTB","module":"binance","assets":22,"msg":"balance"}
{"level":30,"time":1774298152660,"pid":50068,"hostname":"DESKTOP-KPAMGTB","module":"binance","assets":22,"msg":"balance"}
{"level":30,"time":1774298183602,"pid":50068,"hostname":"DESKTOP-KPAMGTB","module":"binance","assets":22,"msg":"balance"}
{"level":30,"time":1774298213462,"pid":50068,"hostname":"DESKTOP-KPAMGTB","module":"binance","assets":22,"msg":"balance"}
{"level":30,"time":1774298243704,"pid":50068,"hostname":"DESKTOP-KPAMGTB","module":"binance","assets":22,"msg":"balance"}
{"level":30,"time":1774298264808,"pid":50068,"hostname":"DESKTOP-KPAMGTB","module":"binance","assets":22,"msg":"balance"}
{"level":30,"time":1774298274132,"pid":50068,"hostname":"DESKTOP-KPAMGTB","module":"binance","assets":22,"msg":"balance"}
{"level":30,"time":1774298294860,"pid":50068,"hostname":"DESKTOP-KPAMGTB","module":"binance","assets":22,"msg":"balance"}
{"level":30,"time":1774298304413,"pid":50068,"hostname":"DESKTOP-KPAMGTB","module":"binance","assets":22,"msg":"balance"}
{"level":30,"time":1774298321854,"pid":50068,"hostname":"DESKTOP-KPAMGTB","module":"binance","assets":22,"msg":"balance"}
{"level":30,"time":1774298334830,"pid":50068,"hostname":"DESKTOP-KPAMGTB","module":"binance","assets":22,"msg":"balance"}
{"level":30,"time":1774298365065,"pid":50068,"hostname":"DESKTOP-KPAMGTB","module":"binance","assets":22,"msg":"balance"}
{"level":30,"time":1774298385506,"pid":50068,"hostname":"DESKTOP-KPAMGTB","module":"binance","assets":22,"msg":"balance"}
{"level":30,"time":1774298395479,"pid":50068,"hostname":"DESKTOP-KPAMGTB","module":"binance","assets":22,"msg":"balance"}
{"level":30,"time":1774298425635,"pid":50068,"hostname":"DESKTOP-KPAMGTB","module":"binance","assets":22,"msg":"balance"}
{"level":30,"time":1774298457776,"pid":50068,"hostname":"DESKTOP-KPAMGTB","module":"binance","assets":22,"msg":"balance"}
{"level":30,"time":1774298487344,"pid":50068,"hostname":"DESKTOP-KPAMGTB","module":"binance","assets":22,"msg":"balance"}
{"level":30,"time":1774298518304,"pid":50068,"hostname":"DESKTOP-KPAMGTB","module":"binance","assets":22,"msg":"balance"}
{"level":30,"time":1774298548501,"pid":50068,"hostname":"DESKTOP-KPAMGTB","module":"binance","assets":22,"msg":"balance"}
{"level":30,"time":1774298578496,"pid":50068,"hostname":"DESKTOP-KPAMGTB","module":"binance","assets":22,"msg":"balance"}
{"level":30,"time":1774298608823,"pid":50068,"hostname":"DESKTOP-KPAMGTB","module":"binance","assets":22,"msg":"balance"}
{"level":30,"time":1774298639177,"pid":50068,"hostname":"DESKTOP-KPAMGTB","module":"binance","assets":22,"msg":"balance"}
{"level":30,"time":1774298669214,"pid":50068,"hostname":"DESKTOP-KPAMGTB","module":"binance","assets":22,"msg":"balance"}
{"level":30,"time":1774298699508,"pid":50068,"hostname":"DESKTOP-KPAMGTB","module":"binance","assets":22,"msg":"balance"}
{"level":30,"time":1774298729771,"pid":50068,"hostname":"DESKTOP-KPAMGTB","module":"binance","assets":22,"msg":"balance"}
{"level":30,"time":1774298760350,"pid":50068,"hostname":"DESKTOP-KPAMGTB","module":"binance","assets":22,"msg":"balance"}
{"level":30,"time":1774298790577,"pid":50068,"hostname":"DESKTOP-KPAMGTB","module":"binance","assets":22,"msg":"balance"}
{"level":30,"time":1774298820894,"pid":50068,"hostname":"DESKTOP-KPAMGTB","module":"binance","assets":22,"msg":"balance"}
{"level":30,"time":1774298851298,"pid":50068,"hostname":"DESKTOP-KPAMGTB","module":"binance","assets":22,"msg":"balance"}
{"level":30,"time":1774298882401,"pid":50068,"hostname":"DESKTOP-KPAMGTB","module":"binance","assets":22,"msg":"balance"}
{"level":30,"time":1774298912285,"pid":50068,"hostname":"DESKTOP-KPAMGTB","module":"binance","assets":22,"msg":"balance"}
{"level":30,"time":1774298943130,"pid":50068,"hostname":"DESKTOP-KPAMGTB","module":"binance","assets":22,"msg":"balance"}
{"level":30,"time":1774298973087,"pid":50068,"hostname":"DESKTOP-KPAMGTB","module":"binance","assets":22,"msg":"balance"}
{"level":30,"time":1774299004221,"pid":50068,"hostname":"DESKTOP-KPAMGTB","module":"binance","assets":22,"msg":"balance"}
{"level":30,"time":1774299035784,"pid":50068,"hostname":"DESKTOP-KPAMGTB","module":"binance","assets":22,"msg":"balance"}
{"level":30,"time":1774299039332,"pid":50068,"hostname":"DESKTOP-KPAMGTB","module":"binance","assets":22,"msg":"balance"}
{"level":30,"time":1774299064113,"pid":50068,"hostname":"DESKTOP-KPAMGTB","module":"binance","assets":22,"msg":"balance"}
{"level":30,"time":1774299065085,"pid":50068,"hostname":"DESKTOP-KPAMGTB","module":"binance","assets":22,"msg":"balance"}
{"level":30,"time":1774299095696,"pid":50068,"hostname":"DESKTOP-KPAMGTB","module":"binance","assets":22,"msg":"balance"}
{"level":30,"time":1774299126191,"pid":50068,"hostname":"DESKTOP-KPAMGTB","module":"binance","assets":22,"msg":"balance"}
{"level":30,"time":1774299156741,"pid":50068,"hostname":"DESKTOP-KPAMGTB","module":"binance","assets":22,"msg":"balance"}
{"level":30,"time":1774299186748,"pid":50068,"hostname":"DESKTOP-KPAMGTB","module":"binance","assets":22,"msg":"balance"}
{"level":30,"time":1774299216995,"pid":50068,"hostname":"DESKTOP-KPAMGTB","module":"binance","assets":22,"msg":"balance"}
{"level":30,"time":1774299247363,"pid":50068,"hostname":"DESKTOP-KPAMGTB","module":"binance","assets":22,"msg":"balance"}
{"level":30,"time":1774299277771,"pid":50068,"hostname":"DESKTOP-KPAMGTB","module":"binance","assets":22,"msg":"balance"}
{"level":30,"time":1774299307886,"pid":50068,"hostname":"DESKTOP-KPAMGTB","module":"binance","assets":22,"msg":"balance"}
{"level":30,"time":1774299309536,"pid":50068,"hostname":"DESKTOP-KPAMGTB","module":"binance","assets":22,"msg":"balance"}
{"level":30,"time":1774299338049,"pid":50068,"hostname":"DESKTOP-KPAMGTB","module":"binance","assets":22,"msg":"balance"}
{"level":30,"time":1774299363721,"pid":50068,"hostname":"DESKTOP-KPAMGTB","module":"binance","assets":22,"msg":"balance"}
{"level":30,"time":1774299368372,"pid":50068,"hostname":"DESKTOP-KPAMGTB","module":"binance","assets":22,"msg":"balance"}
{"level":30,"time":1774299372018,"pid":50068,"hostname":"DESKTOP-KPAMGTB","module":"binance","assets":22,"msg":"balance"}
{"level":30,"time":1774299399168,"pid":50068,"hostname":"DESKTOP-KPAMGTB","module":"binance","assets":22,"msg":"balance"}
{"level":30,"time":1774299428796,"pid":50068,"hostname":"DESKTOP-KPAMGTB","module":"binance","assets":22,"msg":"balance"}
{"level":30,"time":1774299459578,"pid":50068,"hostname":"DESKTOP-KPAMGTB","module":"binance","assets":22,"msg":"balance"}
{"level":30,"time":1774299489541,"pid":50068,"hostname":"DESKTOP-KPAMGTB","module":"binance","assets":22,"msg":"balance"}
{"level":30,"time":1774299520269,"pid":50068,"hostname":"DESKTOP-KPAMGTB","module":"binance","assets":22,"msg":"balance"}
{"level":30,"time":1774299550617,"pid":50068,"hostname":"DESKTOP-KPAMGTB","module":"binance","assets":22,"msg":"balance"}
{"level":30,"time":1774299580886,"pid":50068,"hostname":"DESKTOP-KPAMGTB","module":"binance","assets":22,"msg":"balance"}
{"level":30,"time":1774299601848,"pid":50068,"hostname":"DESKTOP-KPAMGTB","module":"telegram","msg":"informe horari enviat"}
{"level":30,"time":1774299611014,"pid":50068,"hostname":"DESKTOP-KPAMGTB","module":"binance","assets":22,"msg":"balance"}
{"level":30,"time":1774299642929,"pid":50068,"hostname":"DESKTOP-KPAMGTB","module":"binance","assets":22,"msg":"balance"}
{"level":30,"time":1774299671926,"pid":50068,"hostname":"DESKTOP-KPAMGTB","module":"binance","assets":22,"msg":"balance"}
{"level":30,"time":1774299702735,"pid":50068,"hostname":"DESKTOP-KPAMGTB","module":"binance","assets":22,"msg":"balance"}
{"level":30,"time":1774299732900,"pid":50068,"hostname":"DESKTOP-KPAMGTB","module":"binance","assets":22,"msg":"balance"}
{"level":30,"time":1774299762944,"pid":50068,"hostname":"DESKTOP-KPAMGTB","module":"binance","assets":22,"msg":"balance"}
{"level":30,"time":1774299793688,"pid":50068,"hostname":"DESKTOP-KPAMGTB","module":"binance","assets":22,"msg":"balance"}
{"level":30,"time":1774299823130,"pid":50068,"hostname":"DESKTOP-KPAMGTB","module":"binance","assets":22,"msg":"balance"}
{"level":30,"time":1774299853605,"pid":50068,"hostname":"DESKTOP-KPAMGTB","module":"binance","assets":22,"msg":"balance"}
{"level":30,"time":1774299883629,"pid":50068,"hostname":"DESKTOP-KPAMGTB","module":"binance","assets":22,"msg":"balance"}
{"level":30,"time":1774299914012,"pid":50068,"hostname":"DESKTOP-KPAMGTB","module":"binance","assets":22,"msg":"balance"}
{"level":30,"time":1774299944755,"pid":50068,"hostname":"DESKTOP-KPAMGTB","module":"binance","assets":22,"msg":"balance"}
{"level":30,"time":1774299974790,"pid":50068,"hostname":"DESKTOP-KPAMGTB","module":"binance","assets":22,"msg":"balance"}
{"level":30,"time":1774300004938,"pid":50068,"hostname":"DESKTOP-KPAMGTB","module":"binance","assets":22,"msg":"balance"}
{"level":30,"time":1774300035297,"pid":50068,"hostname":"DESKTOP-KPAMGTB","module":"binance","assets":22,"msg":"balance"}
{"level":30,"time":1774300065610,"pid":50068,"hostname":"DESKTOP-KPAMGTB","module":"binance","assets":22,"msg":"balance"}
{"level":30,"time":1774300096160,"pid":50068,"hostname":"DESKTOP-KPAMGTB","module":"binance","assets":22,"msg":"balance"}
{"level":30,"time":1774300126245,"pid":50068,"hostname":"DESKTOP-KPAMGTB","module":"binance","assets":22,"msg":"balance"}
{"level":30,"time":1774300156614,"pid":50068,"hostname":"DESKTOP-KPAMGTB","module":"binance","assets":22,"msg":"balance"}
{"level":30,"time":1774300186818,"pid":50068,"hostname":"DESKTOP-KPAMGTB","module":"binance","assets":22,"msg":"balance"}
{"level":30,"time":1774300217277,"pid":50068,"hostname":"DESKTOP-KPAMGTB","module":"binance","assets":22,"msg":"balance"}
{"level":30,"time":1774300247639,"pid":50068,"hostname":"DESKTOP-KPAMGTB","module":"binance","assets":22,"msg":"balance"}
{"level":30,"time":1774300278118,"pid":50068,"hostname":"DESKTOP-KPAMGTB","module":"binance","assets":22,"msg":"balance"}
{"level":30,"time":1774300308408,"pid":50068,"hostname":"DESKTOP-KPAMGTB","module":"binance","assets":22,"msg":"balance"}
{"level":30,"time":1774300339592,"pid":50068,"hostname":"DESKTOP-KPAMGTB","module":"binance","assets":22,"msg":"balance"}
{"level":30,"time":1774300369799,"pid":50068,"hostname":"DESKTOP-KPAMGTB","module":"binance","assets":22,"msg":"balance"}
{"level":30,"time":1774300400325,"pid":50068,"hostname":"DESKTOP-KPAMGTB","module":"binance","assets":22,"msg":"balance"}
{"level":30,"time":1774300431015,"pid":50068,"hostname":"DESKTOP-KPAMGTB","module":"binance","assets":22,"msg":"balance"}
{"level":30,"time":1774300461260,"pid":50068,"hostname":"DESKTOP-KPAMGTB","module":"binance","assets":22,"msg":"balance"}
{"level":30,"time":1774300491541,"pid":50068,"hostname":"DESKTOP-KPAMGTB","module":"binance","assets":22,"msg":"balance"}
{"level":30,"time":1774300522030,"pid":50068,"hostname":"DESKTOP-KPAMGTB","module":"binance","assets":22,"msg":"balance"}
{"level":30,"time":1774300552377,"pid":50068,"hostname":"DESKTOP-KPAMGTB","module":"binance","assets":22,"msg":"balance"}
{"level":30,"time":1774300583036,"pid":50068,"hostname":"DESKTOP-KPAMGTB","module":"binance","assets":22,"msg":"balance"}
{"level":30,"time":1774300613008,"pid":50068,"hostname":"DESKTOP-KPAMGTB","module":"binance","assets":22,"msg":"balance"}
{"level":30,"time":1774300643564,"pid":50068,"hostname":"DESKTOP-KPAMGTB","module":"binance","assets":22,"msg":"balance"}
{"level":30,"time":1774300673981,"pid":50068,"hostname":"DESKTOP-KPAMGTB","module":"binance","assets":22,"msg":"balance"}
{"level":30,"time":1774300704606,"pid":50068,"hostname":"DESKTOP-KPAMGTB","module":"binance","assets":22,"msg":"balance"}
{"level":30,"time":1774300735005,"pid":50068,"hostname":"DESKTOP-KPAMGTB","module":"binance","assets":22,"msg":"balance"}
{"level":30,"time":1774300765079,"pid":50068,"hostname":"DESKTOP-KPAMGTB","module":"binance","assets":22,"msg":"balance"}
{"level":30,"time":1774300795843,"pid":50068,"hostname":"DESKTOP-KPAMGTB","module":"binance","assets":22,"msg":"balance"}
{"level":30,"time":1774300826472,"pid":50068,"hostname":"DESKTOP-KPAMGTB","module":"binance","assets":22,"msg":"balance"}
{"level":30,"time":1774300856889,"pid":50068,"hostname":"DESKTOP-KPAMGTB","module":"binance","assets":22,"msg":"balance"}
{"level":30,"time":1774300887285,"pid":50068,"hostname":"DESKTOP-KPAMGTB","module":"binance","assets":22,"msg":"balance"}
{"level":30,"time":1774300917737,"pid":50068,"hostname":"DESKTOP-KPAMGTB","module":"binance","assets":22,"msg":"balance"}
{"level":30,"time":1774300948176,"pid":50068,"hostname":"DESKTOP-KPAMGTB","module":"binance","assets":22,"msg":"balance"}
{"level":30,"time":1774300978684,"pid":50068,"hostname":"DESKTOP-KPAMGTB","module":"binance","assets":22,"msg":"balance"}
{"level":30,"time":1774301008750,"pid":50068,"hostname":"DESKTOP-KPAMGTB","module":"binance","assets":22,"msg":"balance"}
{"level":30,"time":1774301039138,"pid":50068,"hostname":"DESKTOP-KPAMGTB","module":"binance","assets":22,"msg":"balance"}
{"level":30,"time":1774301070216,"pid":50068,"hostname":"DESKTOP-KPAMGTB","module":"binance","assets":22,"msg":"balance"}
{"level":30,"time":1774301100530,"pid":50068,"hostname":"DESKTOP-KPAMGTB","module":"binance","assets":22,"msg":"balance"}
{"level":30,"time":1774301130851,"pid":50068,"hostname":"DESKTOP-KPAMGTB","module":"binance","assets":22,"msg":"balance"}
{"level":30,"time":1774301160786,"pid":50068,"hostname":"DESKTOP-KPAMGTB","module":"binance","assets":22,"msg":"balance"}
{"level":30,"time":1774301191793,"pid":50068,"hostname":"DESKTOP-KPAMGTB","module":"binance","assets":22,"msg":"balance"}
{"level":30,"time":1774301221645,"pid":50068,"hostname":"DESKTOP-KPAMGTB","module":"binance","assets":22,"msg":"balance"}
{"level":30,"time":1774301252412,"pid":50068,"hostname":"DESKTOP-KPAMGTB","module":"binance","assets":22,"msg":"balance"}
{"level":30,"time":1774301284201,"pid":50068,"hostname":"DESKTOP-KPAMGTB","module":"binance","assets":22,"msg":"balance"}
{"level":30,"time":1774301312925,"pid":50068,"hostname":"DESKTOP-KPAMGTB","module":"binance","assets":22,"msg":"balance"}
{"level":30,"time":1774301344105,"pid":50068,"hostname":"DESKTOP-KPAMGTB","module":"binance","assets":22,"msg":"balance"}
{"level":30,"time":1774301374280,"pid":50068,"hostname":"DESKTOP-KPAMGTB","module":"binance","assets":22,"msg":"balance"}
{"level":30,"time":1774301404533,"pid":50068,"hostname":"DESKTOP-KPAMGTB","module":"binance","assets":22,"msg":"balance"}
{"level":30,"time":1774301434970,"pid":50068,"hostname":"DESKTOP-KPAMGTB","module":"binance","assets":22,"msg":"balance"}
{"level":30,"time":1774301465521,"pid":50068,"hostname":"DESKTOP-KPAMGTB","module":"binance","assets":22,"msg":"balance"}
{"level":30,"time":1774301496335,"pid":50068,"hostname":"DESKTOP-KPAMGTB","module":"binance","assets":22,"msg":"balance"}
{"level":30,"time":1774301526269,"pid":50068,"hostname":"DESKTOP-KPAMGTB","module":"binance","assets":22,"msg":"balance"}
{"level":30,"time":1774301556634,"pid":50068,"hostname":"DESKTOP-KPAMGTB","module":"binance","assets":22,"msg":"balance"}
{"level":30,"time":1774301587206,"pid":50068,"hostname":"DESKTOP-KPAMGTB","module":"binance","assets":22,"msg":"balance"}
{"level":30,"time":1774301617676,"pid":50068,"hostname":"DESKTOP-KPAMGTB","module":"binance","assets":22,"msg":"balance"}
{"level":30,"time":1774301647225,"pid":50068,"hostname":"DESKTOP-KPAMGTB","module":"binance","assets":22,"msg":"balance"}
{"level":30,"time":1774301677623,"pid":50068,"hostname":"DESKTOP-KPAMGTB","module":"binance","assets":22,"msg":"balance"}
{"level":30,"time":1774301708738,"pid":50068,"hostname":"DESKTOP-KPAMGTB","module":"binance","assets":22,"msg":"balance"}
{"level":30,"time":1774301739875,"pid":50068,"hostname":"DESKTOP-KPAMGTB","module":"binance","assets":22,"msg":"balance"}
{"level":30,"time":1774301768778,"pid":50068,"hostname":"DESKTOP-KPAMGTB","module":"binance","assets":22,"msg":"balance"}
{"level":30,"time":1774301799640,"pid":50068,"hostname":"DESKTOP-KPAMGTB","module":"binance","assets":22,"msg":"balance"}
{"level":30,"time":1774301829625,"pid":50068,"hostname":"DESKTOP-KPAMGTB","module":"binance","assets":22,"msg":"balance"}
{"level":30,"time":1774301860273,"pid":50068,"hostname":"DESKTOP-KPAMGTB","module":"binance","assets":22,"msg":"balance"}
{"level":30,"time":1774301890104,"pid":50068,"hostname":"DESKTOP-KPAMGTB","module":"binance","assets":22,"msg":"balance"}
{"level":30,"time":1774301920503,"pid":50068,"hostname":"DESKTOP-KPAMGTB","module":"binance","assets":22,"msg":"balance"}
{"level":30,"time":1774301951046,"pid":50068,"hostname":"DESKTOP-KPAMGTB","module":"binance","assets":22,"msg":"balance"}
{"level":30,"time":1774301981804,"pid":50068,"hostname":"DESKTOP-KPAMGTB","module":"binance","assets":22,"msg":"balance"}
{"level":30,"time":1774302011957,"pid":50068,"hostname":"DESKTOP-KPAMGTB","module":"binance","assets":22,"msg":"balance"}
{"level":30,"time":1774302042498,"pid":50068,"hostname":"DESKTOP-KPAMGTB","module":"binance","assets":22,"msg":"balance"}
{"level":30,"time":1774302073078,"pid":50068,"hostname":"DESKTOP-KPAMGTB","module":"binance","assets":22,"msg":"balance"}
{"level":30,"time":1774302103406,"pid":50068,"hostname":"DESKTOP-KPAMGTB","module":"binance","assets":22,"msg":"balance"}
{"level":30,"time":1774302133806,"pid":50068,"hostname":"DESKTOP-KPAMGTB","module":"binance","assets":22,"msg":"balance"}
{"level":30,"time":1774302164428,"pid":50068,"hostname":"DESKTOP-KPAMGTB","module":"binance","assets":22,"msg":"balance"}
{"level":30,"time":1774302194605,"pid":50068,"hostname":"DESKTOP-KPAMGTB","module":"binance","assets":22,"msg":"balance"}
{"level":30,"time":1774302225085,"pid":50068,"hostname":"DESKTOP-KPAMGTB","module":"binance","assets":22,"msg":"balance"}
{"level":30,"time":1774302254906,"pid":50068,"hostname":"DESKTOP-KPAMGTB","module":"binance","assets":22,"msg":"balance"}
{"level":30,"time":1774302285285,"pid":50068,"hostname":"DESKTOP-KPAMGTB","module":"binance","assets":22,"msg":"balance"}
{"level":30,"time":1774302316674,"pid":50068,"hostname":"DESKTOP-KPAMGTB","module":"binance","assets":22,"msg":"balance"}
{"level":30,"time":1774302346368,"pid":50068,"hostname":"DESKTOP-KPAMGTB","module":"binance","assets":22,"msg":"balance"}
{"level":30,"time":1774302376811,"pid":50068,"hostname":"DESKTOP-KPAMGTB","module":"binance","assets":22,"msg":"balance"}
{"level":30,"time":1774302407187,"pid":50068,"hostname":"DESKTOP-KPAMGTB","module":"binance","assets":22,"msg":"balance"}
{"level":30,"time":1774302437680,"pid":50068,"hostname":"DESKTOP-KPAMGTB","module":"binance","assets":22,"msg":"balance"}
{"level":30,"time":1774302468194,"pid":50068,"hostname":"DESKTOP-KPAMGTB","module":"binance","assets":22,"msg":"balance"}
{"level":30,"time":1774302498290,"pid":50068,"hostname":"DESKTOP-KPAMGTB","module":"binance","assets":22,"msg":"balance"}
{"level":30,"time":1774302528803,"pid":50068,"hostname":"DESKTOP-KPAMGTB","module":"binance","assets":22,"msg":"balance"}
{"level":30,"time":1774302559094,"pid":50068,"hostname":"DESKTOP-KPAMGTB","module":"binance","assets":22,"msg":"balance"}
{"level":30,"time":1774302590150,"pid":50068,"hostname":"DESKTOP-KPAMGTB","module":"binance","assets":22,"msg":"balance"}
{"level":30,"time":1774302619841,"pid":50068,"hostname":"DESKTOP-KPAMGTB","module":"binance","assets":22,"msg":"balance"}
{"level":30,"time":1774302650695,"pid":50068,"hostname":"DESKTOP-KPAMGTB","module":"binance","assets":22,"msg":"balance"}
{"level":30,"time":1774302680545,"pid":50068,"hostname":"DESKTOP-KPAMGTB","module":"binance","assets":22,"msg":"balance"}
{"level":30,"time":1774302711038,"pid":50068,"hostname":"DESKTOP-KPAMGTB","module":"binance","assets":22,"msg":"balance"}
{"level":30,"time":1774302741596,"pid":50068,"hostname":"DESKTOP-KPAMGTB","module":"binance","assets":22,"msg":"balance"}
{"level":30,"time":1774302771711,"pid":50068,"hostname":"DESKTOP-KPAMGTB","module":"binance","assets":22,"msg":"balance"}
{"level":30,"time":1774302802060,"pid":50068,"hostname":"DESKTOP-KPAMGTB","module":"binance","assets":22,"msg":"balance"}
{"level":30,"time":1774302832600,"pid":50068,"hostname":"DESKTOP-KPAMGTB","module":"binance","assets":22,"msg":"balance"}
{"level":30,"time":1774302863179,"pid":50068,"hostname":"DESKTOP-KPAMGTB","module":"binance","assets":22,"msg":"balance"}
{"level":30,"time":1774302893275,"pid":50068,"hostname":"DESKTOP-KPAMGTB","module":"binance","assets":22,"msg":"balance"}
{"level":30,"time":1774302924384,"pid":50068,"hostname":"DESKTOP-KPAMGTB","module":"binance","assets":22,"msg":"balance"}
{"level":30,"time":1774302954715,"pid":50068,"hostname":"DESKTOP-KPAMGTB","module":"binance","assets":22,"msg":"balance"}
{"level":30,"time":1774302984558,"pid":50068,"hostname":"DESKTOP-KPAMGTB","module":"binance","assets":22,"msg":"balance"}
{"level":30,"time":1774303015648,"pid":50068,"hostname":"DESKTOP-KPAMGTB","module":"binance","assets":22,"msg":"balance"}
{"level":30,"time":1774303046673,"pid":50068,"hostname":"DESKTOP-KPAMGTB","module":"binance","assets":22,"msg":"balance"}
{"level":30,"time":1774303076525,"pid":50068,"hostname":"DESKTOP-KPAMGTB","module":"binance","assets":22,"msg":"balance"}
{"level":30,"time":1774303106795,"pid":50068,"hostname":"DESKTOP-KPAMGTB","module":"binance","assets":22,"msg":"balance"}
{"level":30,"time":1774303137480,"pid":50068,"hostname":"DESKTOP-KPAMGTB","module":"binance","assets":22,"msg":"balance"}
{"level":30,"time":1774303168651,"pid":50068,"hostname":"DESKTOP-KPAMGTB","module":"binance","assets":22,"msg":"balance"}
{"level":30,"time":1774303197831,"pid":50068,"hostname":"DESKTOP-KPAMGTB","module":"binance","assets":22,"msg":"balance"}
{"level":30,"time":1774303200826,"pid":50068,"hostname":"DESKTOP-KPAMGTB","module":"telegram","msg":"informe horari enviat"}
{"level":30,"time":1774303228831,"pid":50068,"hostname":"DESKTOP-KPAMGTB","module":"binance","assets":22,"msg":"balance"}
{"level":30,"time":1774303259295,"pid":50068,"hostname":"DESKTOP-KPAMGTB","module":"binance","assets":22,"msg":"balance"}
{"level":30,"time":1774303289822,"pid":50068,"hostname":"DESKTOP-KPAMGTB","module":"binance","assets":22,"msg":"balance"}
{"level":30,"time":1774303319650,"pid":50068,"hostname":"DESKTOP-KPAMGTB","module":"binance","assets":22,"msg":"balance"}
{"level":30,"time":1774303349863,"pid":50068,"hostname":"DESKTOP-KPAMGTB","module":"binance","assets":22,"msg":"balance"}
{"level":30,"time":1774303380225,"pid":50068,"hostname":"DESKTOP-KPAMGTB","module":"binance","assets":22,"msg":"balance"}
{"level":30,"time":1774303412408,"pid":50068,"hostname":"DESKTOP-KPAMGTB","module":"binance","assets":22,"msg":"balance"}
{"level":30,"time":1774303440697,"pid":50068,"hostname":"DESKTOP-KPAMGTB","module":"binance","assets":22,"msg":"balance"}
{"level":30,"time":1774303471637,"pid":50068,"hostname":"DESKTOP-KPAMGTB","module":"binance","assets":22,"msg":"balance"}
{"level":30,"time":1774303501907,"pid":50068,"hostname":"DESKTOP-KPAMGTB","module":"binance","assets":22,"msg":"balance"}
{"level":30,"time":1774303531600,"pid":50068,"hostname":"DESKTOP-KPAMGTB","module":"binance","assets":22,"msg":"balance"}
{"level":30,"time":1774303562189,"pid":50068,"hostname":"DESKTOP-KPAMGTB","module":"binance","assets":22,"msg":"balance"}
{"level":30,"time":1774303593078,"pid":50068,"hostname":"DESKTOP-KPAMGTB","module":"binance","assets":22,"msg":"balance"}
{"level":30,"time":1774303623432,"pid":50068,"hostname":"DESKTOP-KPAMGTB","module":"binance","assets":22,"msg":"balance"}
{"level":30,"time":1774303653750,"pid":50068,"hostname":"DESKTOP-KPAMGTB","module":"binance","assets":22,"msg":"balance"}
{"level":30,"time":1774303684431,"pid":50068,"hostname":"DESKTOP-KPAMGTB","module":"binance","assets":22,"msg":"balance"}
{"level":30,"time":1774303716056,"pid":50068,"hostname":"DESKTOP-KPAMGTB","module":"binance","assets":22,"msg":"balance"}
{"level":30,"time":1774303744871,"pid":50068,"hostname":"DESKTOP-KPAMGTB","module":"binance","assets":22,"msg":"balance"}
{"level":30,"time":1774303776439,"pid":50068,"hostname":"DESKTOP-KPAMGTB","module":"binance","assets":22,"msg":"balance"}
{"level":30,"time":1774303791477,"pid":50068,"hostname":"DESKTOP-KPAMGTB","module":"binance","assets":22,"msg":"balance"}
{"level":30,"time":1774303791515,"pid":50068,"hostname":"DESKTOP-KPAMGTB","module":"binance","assets":22,"msg":"balance"}
{"level":30,"time":1774303807952,"pid":50068,"hostname":"DESKTOP-KPAMGTB","module":"binance","assets":22,"msg":"balance"}
{"level":30,"time":1774303838144,"pid":50068,"hostname":"DESKTOP-KPAMGTB","module":"binance","assets":22,"msg":"balance"}
{"level":30,"time":1774303853184,"pid":50068,"hostname":"DESKTOP-KPAMGTB","module":"binance","assets":22,"msg":"balance"}
{"level":30,"time":1774303869244,"pid":50068,"hostname":"DESKTOP-KPAMGTB","module":"binance","assets":22,"msg":"balance"}
{"level":30,"time":1774303887223,"pid":50068,"hostname":"DESKTOP-KPAMGTB","module":"binance","assets":22,"msg":"balance"}
{"level":30,"time":1774303899546,"pid":50068,"hostname":"DESKTOP-KPAMGTB","module":"binance","assets":22,"msg":"balance"}
{"level":30,"time":1774303916458,"pid":50068,"hostname":"DESKTOP-KPAMGTB","module":"binance","assets":22,"msg":"balance"}
{"level":30,"time":1774303917254,"pid":50068,"hostname":"DESKTOP-KPAMGTB","module":"binance","assets":22,"msg":"balance"}
{"level":30,"time":1774303930454,"pid":50068,"hostname":"DESKTOP-KPAMGTB","module":"binance","assets":22,"msg":"balance"}
{"level":30,"time":1774303960611,"pid":50068,"hostname":"DESKTOP-KPAMGTB","module":"binance","assets":22,"msg":"balance"}
{"level":30,"time":1774303991185,"pid":50068,"hostname":"DESKTOP-KPAMGTB","module":"binance","assets":22,"msg":"balance"}
{"level":30,"time":1774304021514,"pid":50068,"hostname":"DESKTOP-KPAMGTB","module":"binance","assets":22,"msg":"balance"}
{"level":30,"time":1774304052010,"pid":50068,"hostname":"DESKTOP-KPAMGTB","module":"binance","assets":22,"msg":"balance"}
{"level":30,"time":1774304082292,"pid":50068,"hostname":"DESKTOP-KPAMGTB","module":"binance","assets":22,"msg":"balance"}
{"level":30,"time":1774304112875,"pid":50068,"hostname":"DESKTOP-KPAMGTB","module":"binance","assets":22,"msg":"balance"}
{"level":30,"time":1774304143561,"pid":50068,"hostname":"DESKTOP-KPAMGTB","module":"binance","assets":22,"msg":"balance"}
{"level":30,"time":1774304158782,"pid":50068,"hostname":"DESKTOP-KPAMGTB","module":"binance","assets":22,"msg":"balance"}
{"level":30,"time":1774304386850,"pid":65108,"hostname":"DESKTOP-KPAMGTB","module":"order-monitor","msg":"monitor iniciat"}
{"level":30,"time":1774304386865,"pid":65108,"hostname":"DESKTOP-KPAMGTB","module":"telegram","nextHourIn":40,"nextDailyIn":490,"msg":"scheduler iniciat"}
{"level":30,"time":1774304386870,"pid":65108,"hostname":"DESKTOP-KPAMGTB","module":"orders","symbol":"BTCUSDT","thresholds":[{"windowMin":5,"pct":5},{"windowMin":15,"pct":8},{"windowMin":60,"pct":12}],"pollMs":60000,"msg":"Crash monitor iniciat"}
{"level":30,"time":1774304386898,"pid":65108,"hostname":"DESKTOP-KPAMGTB","module":"auto-trader","msg":"auto-trader multi-bot iniciat (poll 60s)"}
{"level":30,"time":1774304388484,"pid":65108,"hostname":"DESKTOP-KPAMGTB","module":"order-monitor","count":5,"msg":"inicialitzat"}
{"level":30,"time":1774304388700,"pid":65108,"hostname":"DESKTOP-KPAMGTB","module":"binance","assets":22,"msg":"balance"}
{"level":30,"time":1774305287047,"pid":65108,"hostname":"DESKTOP-KPAMGTB","module":"binance","assets":22,"msg":"balance"}
{"level":30,"time":1774306187635,"pid":65108,"hostname":"DESKTOP-KPAMGTB","module":"binance","assets":22,"msg":"balance"}
{"level":30,"time":1774306576431,"pid":65108,"hostname":"DESKTOP-KPAMGTB","module":"binance","assets":22,"msg":"balance"}
{"level":30,"time":1774306578495,"pid":65108,"hostname":"DESKTOP-KPAMGTB","module":"binance","assets":22,"msg":"balance"}
{"level":30,"time":1774306640357,"pid":65108,"hostname":"DESKTOP-KPAMGTB","module":"binance","assets":22,"msg":"balance"}
{"level":30,"time":1774306700871,"pid":65108,"hostname":"DESKTOP-KPAMGTB","module":"binance","assets":22,"msg":"balance"}
{"level":30,"time":1774306801750,"pid":65108,"hostname":"DESKTOP-KPAMGTB","module":"telegram","msg":"informe horari enviat"}
{"level":30,"time":1774307085220,"pid":65108,"hostname":"DESKTOP-KPAMGTB","module":"binance","assets":22,"msg":"balance"}
{"level":30,"time":1774307171670,"pid":65108,"hostname":"DESKTOP-KPAMGTB","module":"binance","assets":22,"msg":"balance"}
{"level":30,"time":1774307201814,"pid":65108,"hostname":"DESKTOP-KPAMGTB","module":"binance","assets":22,"msg":"balance"}
{"level":30,"time":1774307268649,"pid":65108,"hostname":"DESKTOP-KPAMGTB","module":"binance","assets":22,"msg":"balance"}
{"level":30,"time":1774307279085,"pid":65108,"hostname":"DESKTOP-KPAMGTB","module":"binance","assets":22,"msg":"balance"}
{"level":30,"time":1774307340063,"pid":65108,"hostname":"DESKTOP-KPAMGTB","module":"binance","assets":22,"msg":"balance"}
{"level":30,"time":1774307986124,"pid":65108,"hostname":"DESKTOP-KPAMGTB","module":"binance","assets":22,"msg":"balance"}
{"level":30,"time":1774308886382,"pid":65108,"hostname":"DESKTOP-KPAMGTB","module":"binance","assets":22,"msg":"balance"}
{"level":30,"time":1774309786567,"pid":65108,"hostname":"DESKTOP-KPAMGTB","module":"binance","assets":22,"msg":"balance"}
{"level":30,"time":1774310398970,"pid":65108,"hostname":"DESKTOP-KPAMGTB","module":"telegram","msg":"informe horari enviat"}
{"level":30,"time":1774310686980,"pid":65108,"hostname":"DESKTOP-KPAMGTB","module":"binance","assets":22,"msg":"balance"}
{"level":30,"time":1774311587241,"pid":65108,"hostname":"DESKTOP-KPAMGTB","module":"binance","assets":22,"msg":"balance"}
{"level":30,"time":1774312487607,"pid":65108,"hostname":"DESKTOP-KPAMGTB","module":"binance","assets":22,"msg":"balance"}
{"level":30,"time":1774313388314,"pid":65108,"hostname":"DESKTOP-KPAMGTB","module":"binance","assets":22,"msg":"balance"}
{"level":30,"time":1774313999528,"pid":65108,"hostname":"DESKTOP-KPAMGTB","module":"telegram","msg":"informe horari enviat"}
{"level":30,"time":1774314289470,"pid":65108,"hostname":"DESKTOP-KPAMGTB","module":"binance","assets":22,"msg":"balance"}
{"level":30,"time":1774315189034,"pid":65108,"hostname":"DESKTOP-KPAMGTB","module":"binance","assets":22,"msg":"balance"}
{"level":30,"time":1774316089922,"pid":65108,"hostname":"DESKTOP-KPAMGTB","module":"binance","assets":22,"msg":"balance"}
{"level":30,"time":1774316990317,"pid":65108,"hostname":"DESKTOP-KPAMGTB","module":"binance","assets":22,"msg":"balance"}
{"level":50,"time":1774317133168,"pid":65108,"hostname":"DESKTOP-KPAMGTB","module":"api","source":"orders","code":"NETWORK","err":"fetch failed","msg":"error de ruta"}
{"level":30,"time":1774317599471,"pid":65108,"hostname":"DESKTOP-KPAMGTB","module":"telegram","msg":"informe horari enviat"}
{"level":30,"time":1774317891210,"pid":65108,"hostname":"DESKTOP-KPAMGTB","module":"binance","assets":22,"msg":"balance"}
{"level":30,"time":1774318791915,"pid":65108,"hostname":"DESKTOP-KPAMGTB","module":"binance","assets":22,"msg":"balance"}
{"level":30,"time":1774319691923,"pid":65108,"hostname":"DESKTOP-KPAMGTB","module":"binance","assets":22,"msg":"balance"}
{"level":30,"time":1774320592501,"pid":65108,"hostname":"DESKTOP-KPAMGTB","module":"binance","assets":22,"msg":"balance"}
{"level":30,"time":1774321199469,"pid":65108,"hostname":"DESKTOP-KPAMGTB","module":"telegram","msg":"informe horari enviat"}
{"level":30,"time":1774321492535,"pid":65108,"hostname":"DESKTOP-KPAMGTB","module":"binance","assets":22,"msg":"balance"}
{"level":30,"time":1774322393190,"pid":65108,"hostname":"DESKTOP-KPAMGTB","module":"binance","assets":22,"msg":"balance"}
{"level":30,"time":1774323294100,"pid":65108,"hostname":"DESKTOP-KPAMGTB","module":"binance","assets":22,"msg":"balance"}
{"level":30,"time":1774324194156,"pid":65108,"hostname":"DESKTOP-KPAMGTB","module":"binance","assets":22,"msg":"balance"}
{"level":30,"time":1774324799002,"pid":65108,"hostname":"DESKTOP-KPAMGTB","module":"telegram","msg":"informe horari enviat"}
{"level":30,"time":1774325094923,"pid":65108,"hostname":"DESKTOP-KPAMGTB","module":"binance","assets":22,"msg":"balance"}
{"level":30,"time":1774325994955,"pid":65108,"hostname":"DESKTOP-KPAMGTB","module":"binance","assets":22,"msg":"balance"}
{"level":30,"time":1774326895025,"pid":65108,"hostname":"DESKTOP-KPAMGTB","module":"binance","assets":22,"msg":"balance"}
{"level":30,"time":1774327795887,"pid":65108,"hostname":"DESKTOP-KPAMGTB","module":"binance","assets":22,"msg":"balance"}
{"level":30,"time":1774328399150,"pid":65108,"hostname":"DESKTOP-KPAMGTB","module":"telegram","msg":"informe horari enviat"}
{"level":30,"time":1774328697761,"pid":65108,"hostname":"DESKTOP-KPAMGTB","module":"binance","assets":22,"msg":"balance"}
{"level":30,"time":1774329597748,"pid":65108,"hostname":"DESKTOP-KPAMGTB","module":"binance","assets":22,"msg":"balance"}
{"level":30,"time":1774330497908,"pid":65108,"hostname":"DESKTOP-KPAMGTB","module":"binance","assets":22,"msg":"balance"}
{"level":30,"time":1774331398339,"pid":65108,"hostname":"DESKTOP-KPAMGTB","module":"binance","assets":22,"msg":"balance"}
{"level":30,"time":1774331653129,"pid":65108,"hostname":"DESKTOP-KPAMGTB","module":"binance","assets":22,"msg":"balance"}
{"level":30,"time":1774331664647,"pid":65108,"hostname":"DESKTOP-KPAMGTB","module":"binance","assets":22,"msg":"balance"}
{"level":30,"time":1774331999177,"pid":65108,"hostname":"DESKTOP-KPAMGTB","module":"telegram","msg":"informe horari enviat"}
{"level":30,"time":1774332298720,"pid":65108,"hostname":"DESKTOP-KPAMGTB","module":"binance","assets":22,"msg":"balance"}
{"level":30,"time":1774333107817,"pid":65108,"hostname":"DESKTOP-KPAMGTB","module":"trailing-engine","msg":"motor iniciat"}
{"level":30,"time":1774333107936,"pid":65108,"hostname":"DESKTOP-KPAMGTB","module":"binance","assets":22,"msg":"balance"}
{"level":30,"time":1774333168637,"pid":65108,"hostname":"DESKTOP-KPAMGTB","module":"binance","assets":22,"msg":"balance"}
{"level":30,"time":1774333198771,"pid":65108,"hostname":"DESKTOP-KPAMGTB","module":"binance","assets":22,"msg":"balance"}
{"level":30,"time":1774333239700,"pid":65108,"hostname":"DESKTOP-KPAMGTB","module":"binance","assets":22,"msg":"balance"}
{"level":30,"time":1774333279720,"pid":65108,"hostname":"DESKTOP-KPAMGTB","module":"binance","assets":22,"msg":"balance"}
{"level":30,"time":1774333309462,"pid":65108,"hostname":"DESKTOP-KPAMGTB","module":"binance","assets":22,"msg":"balance"}
{"level":30,"time":1774333339718,"pid":65108,"hostname":"DESKTOP-KPAMGTB","module":"binance","assets":22,"msg":"balance"}
{"level":30,"time":1774333362528,"pid":65108,"hostname":"DESKTOP-KPAMGTB","module":"binance","assets":22,"msg":"balance"}
{"level":30,"time":1774333477601,"pid":65108,"hostname":"DESKTOP-KPAMGTB","module":"binance","assets":22,"msg":"balance"}
{"level":30,"time":1774333799096,"pid":65108,"hostname":"DESKTOP-KPAMGTB","module":"telegram","msg":"informe diari enviat"}
{"level":30,"time":1774334099149,"pid":65108,"hostname":"DESKTOP-KPAMGTB","module":"binance","assets":22,"msg":"balance"}
{"level":30,"time":1774334945035,"pid":65108,"hostname":"DESKTOP-KPAMGTB","module":"binance","assets":22,"msg":"balance"}
{"level":30,"time":1774334985674,"pid":65108,"hostname":"DESKTOP-KPAMGTB","module":"binance","assets":22,"msg":"balance"}
{"level":30,"time":1774335000369,"pid":65108,"hostname":"DESKTOP-KPAMGTB","module":"binance","assets":22,"msg":"balance"}
{"level":30,"time":1774335015957,"pid":65108,"hostname":"DESKTOP-KPAMGTB","module":"binance","assets":22,"msg":"balance"}
{"level":30,"time":1774335045270,"pid":65108,"hostname":"DESKTOP-KPAMGTB","module":"binance","assets":22,"msg":"balance"}
{"level":30,"time":1774335075786,"pid":65108,"hostname":"DESKTOP-KPAMGTB","module":"binance","assets":22,"msg":"balance"}
{"level":30,"time":1774335095028,"pid":65108,"hostname":"DESKTOP-KPAMGTB","module":"binance","assets":22,"msg":"balance"}
{"level":30,"time":1774335155105,"pid":65108,"hostname":"DESKTOP-KPAMGTB","module":"binance","assets":22,"msg":"balance"}
{"level":30,"time":1774335215172,"pid":65108,"hostname":"DESKTOP-KPAMGTB","module":"binance","assets":22,"msg":"balance"}
{"level":30,"time":1774335266896,"pid":65108,"hostname":"DESKTOP-KPAMGTB","module":"binance","assets":22,"msg":"balance"}
{"level":30,"time":1774335296531,"pid":65108,"hostname":"DESKTOP-KPAMGTB","module":"binance","assets":22,"msg":"balance"}
{"level":30,"time":1774335327193,"pid":65108,"hostname":"DESKTOP-KPAMGTB","module":"binance","assets":22,"msg":"balance"}
{"level":30,"time":1774335356574,"pid":65108,"hostname":"DESKTOP-KPAMGTB","module":"binance","assets":22,"msg":"balance"}
{"level":30,"time":1774335383894,"pid":65108,"hostname":"DESKTOP-KPAMGTB","module":"binance","assets":22,"msg":"balance"}
{"level":30,"time":1774335443796,"pid":65108,"hostname":"DESKTOP-KPAMGTB","module":"binance","assets":22,"msg":"balance"}
{"level":30,"time":1774335504522,"pid":65108,"hostname":"DESKTOP-KPAMGTB","module":"binance","assets":22,"msg":"balance"}
{"level":30,"time":1774335599530,"pid":65108,"hostname":"DESKTOP-KPAMGTB","module":"telegram","msg":"informe horari enviat"}
{"level":30,"time":1774335652634,"pid":65108,"hostname":"DESKTOP-KPAMGTB","module":"binance","assets":22,"msg":"balance"}
{"level":30,"time":1774335712704,"pid":65108,"hostname":"DESKTOP-KPAMGTB","module":"binance","assets":22,"msg":"balance"}
{"level":30,"time":1774335772812,"pid":65108,"hostname":"DESKTOP-KPAMGTB","module":"binance","assets":22,"msg":"balance"}
{"level":30,"time":1774335899950,"pid":65108,"hostname":"DESKTOP-KPAMGTB","module":"binance","assets":22,"msg":"balance"}
{"level":30,"time":1774335915421,"pid":65108,"hostname":"DESKTOP-KPAMGTB","module":"binance","assets":22,"msg":"balance"}
{"level":30,"time":1774336800294,"pid":65108,"hostname":"DESKTOP-KPAMGTB","module":"binance","assets":22,"msg":"balance"}
{"level":30,"time":1774337700300,"pid":65108,"hostname":"DESKTOP-KPAMGTB","module":"binance","assets":22,"msg":"balance"}
{"level":30,"time":1774338601194,"pid":65108,"hostname":"DESKTOP-KPAMGTB","module":"binance","assets":22,"msg":"balance"}
{"level":30,"time":1774339199428,"pid":65108,"hostname":"DESKTOP-KPAMGTB","module":"telegram","msg":"informe horari enviat"}
{"level":30,"time":1774339501168,"pid":65108,"hostname":"DESKTOP-KPAMGTB","module":"binance","assets":22,"msg":"balance"}
{"level":30,"time":1774340401683,"pid":65108,"hostname":"DESKTOP-KPAMGTB","module":"binance","assets":22,"msg":"balance"}
