{"level":30,"time":1772918171040,"pid":6660,"hostname":"DESKTOP-KPAMGTB","module":"order-monitor","msg":"monitor iniciat"}
{"level":30,"time":1772918172439,"pid":6660,"hostname":"DESKTOP-KPAMGTB","module":"order-monitor","count":1,"msg":"inicialitzat"}
{"level":30,"time":1772918174085,"pid":6660,"hostname":"DESKTOP-KPAMGTB","module":"binance","assets":14,"msg":"balance"}
{"level":30,"time":1772918174517,"pid":6660,"hostname":"DESKTOP-KPAMGTB","module":"binance","assets":14,"msg":"balance"}
{"level":30,"time":1772918331425,"pid":6660,"hostname":"DESKTOP-KPAMGTB","module":"binance","assets":14,"msg":"balance"}
{"level":30,"time":1772918331753,"pid":6660,"hostname":"DESKTOP-KPAMGTB","module":"binance","assets":14,"msg":"balance"}
{"level":30,"time":1772918354835,"pid":6660,"hostname":"DESKTOP-KPAMGTB","module":"trailing-engine","msg":"motor iniciat"}
{"level":30,"time":1772918355732,"pid":6660,"hostname":"DESKTOP-KPAMGTB","module":"binance","count":30,"msg":"order history"}
{"level":30,"time":1772918355955,"pid":6660,"hostname":"DESKTOP-KPAMGTB","module":"binance","count":60,"msg":"trades"}
{"level":30,"time":1772918358339,"pid":6660,"hostname":"DESKTOP-KPAMGTB","module":"binance","count":60,"msg":"trades"}
{"level":30,"time":1772918376444,"pid":6660,"hostname":"DESKTOP-KPAMGTB","module":"binance","count":60,"msg":"trades"}
{"level":30,"time":1772918376728,"pid":6660,"hostname":"DESKTOP-KPAMGTB","module":"binance","count":60,"msg":"trades"}
{"level":30,"time":1772918395825,"pid":6660,"hostname":"DESKTOP-KPAMGTB","module":"binance","assets":14,"msg":"balance"}
{"level":30,"time":1772918398861,"pid":6660,"hostname":"DESKTOP-KPAMGTB","module":"binance","count":60,"msg":"trades"}
{"level":30,"time":1772918399757,"pid":6660,"hostname":"DESKTOP-KPAMGTB","module":"binance","count":60,"msg":"trades"}
{"level":30,"time":1772918552179,"pid":6660,"hostname":"DESKTOP-KPAMGTB","module":"binance","count":60,"msg":"trades"}
{"level":30,"time":1772918552452,"pid":6660,"hostname":"DESKTOP-KPAMGTB","module":"binance","count":60,"msg":"trades"}
{"level":30,"time":1772918772175,"pid":6660,"hostname":"DESKTOP-KPAMGTB","module":"binance","assets":14,"msg":"balance"}
{"level":30,"time":1772918772665,"pid":6660,"hostname":"DESKTOP-KPAMGTB","module":"binance","assets":14,"msg":"balance"}
{"level":30,"time":1772918776597,"pid":6660,"hostname":"DESKTOP-KPAMGTB","module":"trailing-engine","symbol":"ETHUSDT","oldSl":1927.91,"newSl":"1928.22000000","peak":1969.6,"msg":"SL pujat"}
{"level":30,"time":1772918807307,"pid":6660,"hostname":"DESKTOP-KPAMGTB","module":"trailing-engine","symbol":"ETHUSDT","oldSl":1928.22,"newSl":"1928.66000000","peak":1970.04,"msg":"SL pujat"}
{"level":30,"time":1772918928119,"pid":6660,"hostname":"DESKTOP-KPAMGTB","module":"trailing-engine","symbol":"ETHUSDT","oldSl":1928.66,"newSl":"1928.67000000","peak":1970.05,"msg":"SL pujat"}
{"level":30,"time":1772918938162,"pid":6660,"hostname":"DESKTOP-KPAMGTB","module":"binance","count":60,"msg":"trades"}
{"level":30,"time":1772918938457,"pid":6660,"hostname":"DESKTOP-KPAMGTB","module":"binance","count":60,"msg":"trades"}
{"level":30,"time":1772918958233,"pid":6660,"hostname":"DESKTOP-KPAMGTB","module":"trailing-engine","symbol":"ETHUSDT","oldSl":1928.67,"newSl":"1929.09000000","peak":1970.47,"msg":"SL pujat"}
{"level":30,"time":1772918977375,"pid":6660,"hostname":"DESKTOP-KPAMGTB","module":"binance","count":60,"msg":"trades"}
{"level":30,"time":1772918977668,"pid":6660,"hostname":"DESKTOP-KPAMGTB","module":"binance","count":60,"msg":"trades"}
{"level":30,"time":1772919057093,"pid":6660,"hostname":"DESKTOP-KPAMGTB","module":"binance","count":60,"msg":"trades"}
{"level":30,"time":1772919057374,"pid":6660,"hostname":"DESKTOP-KPAMGTB","module":"binance","count":60,"msg":"trades"}
{"level":30,"time":1772919061022,"pid":6660,"hostname":"DESKTOP-KPAMGTB","module":"binance","assets":14,"msg":"balance"}
{"level":30,"time":1772919062974,"pid":6660,"hostname":"DESKTOP-KPAMGTB","module":"binance","assets":14,"msg":"balance"}
{"level":30,"time":1772919073989,"pid":6660,"hostname":"DESKTOP-KPAMGTB","module":"binance","assets":14,"msg":"balance"}
{"level":30,"time":1772919269119,"pid":6660,"hostname":"DESKTOP-KPAMGTB","module":"telegram","nextHourIn":26,"nextDailyIn":536,"msg":"scheduler iniciat"}
{"level":30,"time":1772919961220,"pid":6660,"hostname":"DESKTOP-KPAMGTB","module":"binance","assets":14,"msg":"balance"}
{"level":30,"time":1772919974296,"pid":6660,"hostname":"DESKTOP-KPAMGTB","module":"binance","assets":14,"msg":"balance"}
{"level":30,"time":1772920668727,"pid":6660,"hostname":"DESKTOP-KPAMGTB","module":"trailing-engine","symbol":"ETHUSDT","oldSl":1929.09,"newSl":"1930.24000000","peak":1971.62,"msg":"SL pujat"}
{"level":30,"time":1772920801570,"pid":6660,"hostname":"DESKTOP-KPAMGTB","module":"telegram","msg":"informe horari enviat"}
{"level":30,"time":1772920861861,"pid":6660,"hostname":"DESKTOP-KPAMGTB","module":"binance","assets":14,"msg":"balance"}
{"level":30,"time":1772920874292,"pid":6660,"hostname":"DESKTOP-KPAMGTB","module":"binance","assets":14,"msg":"balance"}
{"level":30,"time":1772921761120,"pid":6660,"hostname":"DESKTOP-KPAMGTB","module":"binance","assets":14,"msg":"balance"}
{"level":30,"time":1772921776903,"pid":6660,"hostname":"DESKTOP-KPAMGTB","module":"binance","assets":14,"msg":"balance"}
{"level":30,"time":1772922661164,"pid":6660,"hostname":"DESKTOP-KPAMGTB","module":"binance","assets":14,"msg":"balance"}
{"level":30,"time":1772922674670,"pid":6660,"hostname":"DESKTOP-KPAMGTB","module":"binance","assets":14,"msg":"balance"}
{"level":30,"time":1772923393241,"pid":6660,"hostname":"DESKTOP-KPAMGTB","module":"binance","symbol":"BTCUSDT","interval":"5m","verdict":"WAIT","score":43,"price":67306.8,"msg":"scanner"}
{"level":30,"time":1772923393280,"pid":6660,"hostname":"DESKTOP-KPAMGTB","module":"binance","symbol":"BTCUSDT","interval":"1h","verdict":"WAIT","score":50,"price":67306.8,"msg":"scanner"}
{"level":30,"time":1772923393302,"pid":6660,"hostname":"DESKTOP-KPAMGTB","module":"binance","symbol":"ETHUSDT","interval":"5m","verdict":"WAIT","score":37,"price":1965.84,"msg":"scanner"}
{"level":30,"time":1772923393532,"pid":6660,"hostname":"DESKTOP-KPAMGTB","module":"binance","symbol":"BTCUSDT","interval":"4h","verdict":"WAIT","score":47,"price":67306.8,"msg":"scanner"}
{"level":30,"time":1772923393864,"pid":6660,"hostname":"DESKTOP-KPAMGTB","module":"binance","symbol":"ETHUSDT","interval":"1h","verdict":"WAIT","score":47,"price":1965.84,"msg":"scanner"}
{"level":30,"time":1772923393913,"pid":6660,"hostname":"DESKTOP-KPAMGTB","module":"binance","symbol":"BNBUSDT","interval":"5m","verdict":"WAIT","score":43,"price":619.81,"msg":"scanner"}
{"level":30,"time":1772923393970,"pid":6660,"hostname":"DESKTOP-KPAMGTB","module":"binance","symbol":"BNBUSDT","interval":"1h","verdict":"WAIT","score":47,"price":619.81,"msg":"scanner"}
{"level":30,"time":1772923394221,"pid":6660,"hostname":"DESKTOP-KPAMGTB","module":"binance","symbol":"BNBUSDT","interval":"4h","verdict":"WAIT","score":43,"price":619.81,"msg":"scanner"}
{"level":30,"time":1772923394304,"pid":6660,"hostname":"DESKTOP-KPAMGTB","module":"binance","symbol":"SOLUSDT","interval":"5m","verdict":"WAIT","score":47,"price":83.05,"msg":"scanner"}
{"level":30,"time":1772923394346,"pid":6660,"hostname":"DESKTOP-KPAMGTB","module":"binance","symbol":"SOLUSDT","interval":"1h","verdict":"WAIT","score":50,"price":83.05,"msg":"scanner"}
{"level":30,"time":1772923394549,"pid":6660,"hostname":"DESKTOP-KPAMGTB","module":"binance","symbol":"ETHUSDT","interval":"4h","verdict":"WAIT","score":47,"price":1965.84,"msg":"scanner"}
{"level":30,"time":1772923394578,"pid":6660,"hostname":"DESKTOP-KPAMGTB","module":"binance","symbol":"SOLUSDT","interval":"4h","verdict":"WAIT","score":50,"price":83.05,"msg":"scanner"}
{"level":30,"time":1772923394662,"pid":6660,"hostname":"DESKTOP-KPAMGTB","module":"binance","symbol":"XRPUSDT","interval":"5m","verdict":"WAIT","score":40,"price":1.3547,"msg":"scanner"}
{"level":30,"time":1772923394800,"pid":6660,"hostname":"DESKTOP-KPAMGTB","module":"binance","symbol":"XRPUSDT","interval":"1h","verdict":"WAIT","score":53,"price":1.3547,"msg":"scanner"}
{"level":30,"time":1772923394981,"pid":6660,"hostname":"DESKTOP-KPAMGTB","module":"binance","symbol":"XRPUSDT","interval":"4h","verdict":"WAIT","score":50,"price":1.3547,"msg":"scanner"}
{"level":30,"time":1772923395010,"pid":6660,"hostname":"DESKTOP-KPAMGTB","module":"binance","symbol":"DOGEUSDT","interval":"5m","verdict":"WAIT","score":43,"price":0.08973,"msg":"scanner"}
{"level":30,"time":1772923395082,"pid":6660,"hostname":"DESKTOP-KPAMGTB","module":"binance","symbol":"DOGEUSDT","interval":"1h","verdict":"WAIT","score":47,"price":0.08973,"msg":"scanner"}
{"level":30,"time":1772923395183,"pid":6660,"hostname":"DESKTOP-KPAMGTB","module":"binance","symbol":"DOGEUSDT","interval":"4h","verdict":"WAIT","score":47,"price":0.08973,"msg":"scanner"}
{"level":30,"time":1772923395355,"pid":6660,"hostname":"DESKTOP-KPAMGTB","module":"binance","symbol":"ADAUSDT","interval":"5m","verdict":"WAIT","score":43,"price":0.2539,"msg":"scanner"}
{"level":30,"time":1772923395414,"pid":6660,"hostname":"DESKTOP-KPAMGTB","module":"binance","symbol":"ADAUSDT","interval":"1h","verdict":"WAIT","score":40,"price":0.2539,"msg":"scanner"}
{"level":30,"time":1772923395462,"pid":6660,"hostname":"DESKTOP-KPAMGTB","module":"binance","symbol":"ADAUSDT","interval":"4h","verdict":"WAIT","score":47,"price":0.2539,"msg":"scanner"}
{"level":30,"time":1772923395514,"pid":6660,"hostname":"DESKTOP-KPAMGTB","module":"binance","symbol":"AVAXUSDT","interval":"5m","verdict":"WAIT","score":43,"price":8.9,"msg":"scanner"}
{"level":30,"time":1772923395665,"pid":6660,"hostname":"DESKTOP-KPAMGTB","module":"binance","symbol":"AVAXUSDT","interval":"1h","verdict":"WAIT","score":50,"price":8.9,"msg":"scanner"}
{"level":30,"time":1772923395807,"pid":6660,"hostname":"DESKTOP-KPAMGTB","module":"binance","symbol":"AVAXUSDT","interval":"4h","verdict":"WAIT","score":50,"price":8.9,"msg":"scanner"}
{"level":30,"time":1772923395898,"pid":6660,"hostname":"DESKTOP-KPAMGTB","module":"binance","symbol":"TRXUSDT","interval":"5m","verdict":"WAIT","score":40,"price":0.2862,"msg":"scanner"}
{"level":30,"time":1772923395931,"pid":6660,"hostname":"DESKTOP-KPAMGTB","module":"binance","symbol":"TRXUSDT","interval":"1h","verdict":"WAIT","score":50,"price":0.2862,"msg":"scanner"}
{"level":30,"time":1772923396049,"pid":6660,"hostname":"DESKTOP-KPAMGTB","module":"binance","symbol":"TRXUSDT","interval":"4h","verdict":"WAIT","score":63,"price":0.2862,"msg":"scanner"}
{"level":30,"time":1772923396175,"pid":6660,"hostname":"DESKTOP-KPAMGTB","module":"binance","symbol":"DOTUSDT","interval":"5m","verdict":"WAIT","score":50,"price":1.438,"msg":"scanner"}
{"level":30,"time":1772923396260,"pid":6660,"hostname":"DESKTOP-KPAMGTB","module":"binance","symbol":"DOTUSDT","interval":"1h","verdict":"WAIT","score":57,"price":1.438,"msg":"scanner"}
{"level":30,"time":1772923396327,"pid":6660,"hostname":"DESKTOP-KPAMGTB","module":"binance","symbol":"DOTUSDT","interval":"4h","verdict":"WAIT","score":43,"price":1.438,"msg":"scanner"}
{"level":30,"time":1772923396417,"pid":6660,"hostname":"DESKTOP-KPAMGTB","module":"binance","symbol":"LINKUSDT","interval":"5m","verdict":"WAIT","score":40,"price":8.68,"msg":"scanner"}
{"level":30,"time":1772923396590,"pid":6660,"hostname":"DESKTOP-KPAMGTB","module":"binance","symbol":"LINKUSDT","interval":"4h","verdict":"WAIT","score":50,"price":8.68,"msg":"scanner"}
{"level":30,"time":1772923396682,"pid":6660,"hostname":"DESKTOP-KPAMGTB","module":"binance","symbol":"MATICUSDT","interval":"5m","verdict":"WAIT","score":57,"price":0.3794,"msg":"scanner"}
{"level":30,"time":1772923396744,"pid":6660,"hostname":"DESKTOP-KPAMGTB","module":"binance","symbol":"LINKUSDT","interval":"1h","verdict":"WAIT","score":50,"price":8.68,"msg":"scanner"}
{"level":30,"time":1772923396796,"pid":6660,"hostname":"DESKTOP-KPAMGTB","module":"binance","symbol":"MATICUSDT","interval":"1h","verdict":"WAIT","score":50,"price":0.3794,"msg":"scanner"}
{"level":30,"time":1772923396932,"pid":6660,"hostname":"DESKTOP-KPAMGTB","module":"binance","symbol":"MATICUSDT","interval":"4h","verdict":"WAIT","score":43,"price":0.3794,"msg":"scanner"}
{"level":30,"time":1772923397043,"pid":6660,"hostname":"DESKTOP-KPAMGTB","module":"binance","symbol":"LTCUSDT","interval":"5m","verdict":"WAIT","score":43,"price":53.44,"msg":"scanner"}
{"level":30,"time":1772923397161,"pid":6660,"hostname":"DESKTOP-KPAMGTB","module":"binance","symbol":"LTCUSDT","interval":"1h","verdict":"WAIT","score":40,"price":53.44,"msg":"scanner"}
{"level":30,"time":1772923397228,"pid":6660,"hostname":"DESKTOP-KPAMGTB","module":"binance","symbol":"LTCUSDT","interval":"4h","verdict":"WAIT","score":47,"price":53.44,"msg":"scanner"}
{"level":30,"time":1772923397263,"pid":6660,"hostname":"DESKTOP-KPAMGTB","module":"binance","symbol":"SHIBUSDT","interval":"5m","verdict":"WAIT","score":43,"price":0.00000532,"msg":"scanner"}
{"level":30,"time":1772923397368,"pid":6660,"hostname":"DESKTOP-KPAMGTB","module":"binance","symbol":"SHIBUSDT","interval":"1h","verdict":"WAIT","score":40,"price":0.00000532,"msg":"scanner"}
{"level":30,"time":1772923397547,"pid":6660,"hostname":"DESKTOP-KPAMGTB","module":"binance","symbol":"SHIBUSDT","interval":"4h","verdict":"WAIT","score":40,"price":0.00000532,"msg":"scanner"}
{"level":30,"time":1772923397633,"pid":6660,"hostname":"DESKTOP-KPAMGTB","module":"binance","symbol":"UNIUSDT","interval":"5m","verdict":"WAIT","score":43,"price":3.765,"msg":"scanner"}
{"level":30,"time":1772923397665,"pid":6660,"hostname":"DESKTOP-KPAMGTB","module":"binance","symbol":"UNIUSDT","interval":"1h","verdict":"WAIT","score":37,"price":3.765,"msg":"scanner"}
{"level":30,"time":1772923397735,"pid":6660,"hostname":"DESKTOP-KPAMGTB","module":"binance","symbol":"UNIUSDT","interval":"4h","verdict":"WAIT","score":43,"price":3.765,"msg":"scanner"}
{"level":30,"time":1772923397849,"pid":6660,"hostname":"DESKTOP-KPAMGTB","module":"binance","symbol":"ATOMUSDT","interval":"5m","verdict":"WAIT","score":37,"price":1.783,"msg":"scanner"}
{"level":30,"time":1772923398045,"pid":6660,"hostname":"DESKTOP-KPAMGTB","module":"binance","symbol":"ATOMUSDT","interval":"1h","verdict":"WAIT","score":47,"price":1.783,"msg":"scanner"}
{"level":30,"time":1772923398102,"pid":6660,"hostname":"DESKTOP-KPAMGTB","module":"binance","symbol":"ATOMUSDT","interval":"4h","verdict":"WAIT","score":43,"price":1.783,"msg":"scanner"}
{"level":30,"time":1772923398177,"pid":6660,"hostname":"DESKTOP-KPAMGTB","module":"binance","symbol":"ETCUSDT","interval":"5m","verdict":"WAIT","score":47,"price":8.08,"msg":"scanner"}
{"level":30,"time":1772923398219,"pid":6660,"hostname":"DESKTOP-KPAMGTB","module":"binance","symbol":"ETCUSDT","interval":"1h","verdict":"WAIT","score":47,"price":8.08,"msg":"scanner"}
{"level":30,"time":1772923398351,"pid":6660,"hostname":"DESKTOP-KPAMGTB","module":"binance","symbol":"ETCUSDT","interval":"4h","verdict":"WAIT","score":43,"price":8.08,"msg":"scanner"}
{"level":30,"time":1772923398422,"pid":6660,"hostname":"DESKTOP-KPAMGTB","module":"binance","symbol":"XLMUSDT","interval":"5m","verdict":"WAIT","score":43,"price":0.1496,"msg":"scanner"}
{"level":30,"time":1772923398542,"pid":6660,"hostname":"DESKTOP-KPAMGTB","module":"binance","symbol":"XLMUSDT","interval":"1h","verdict":"WAIT","score":40,"price":0.1496,"msg":"scanner"}
{"level":30,"time":1772923398589,"pid":6660,"hostname":"DESKTOP-KPAMGTB","module":"binance","symbol":"XLMUSDT","interval":"4h","verdict":"WAIT","score":47,"price":0.1496,"msg":"scanner"}
{"level":30,"time":1772923398701,"pid":6660,"hostname":"DESKTOP-KPAMGTB","module":"binance","symbol":"APTUSDT","interval":"5m","verdict":"WAIT","score":43,"price":0.937,"msg":"scanner"}
{"level":30,"time":1772923398775,"pid":6660,"hostname":"DESKTOP-KPAMGTB","module":"binance","symbol":"APTUSDT","interval":"1h","verdict":"WAIT","score":50,"price":0.937,"msg":"scanner"}
{"level":30,"time":1772923399099,"pid":6660,"hostname":"DESKTOP-KPAMGTB","module":"binance","symbol":"APTUSDT","interval":"4h","verdict":"WAIT","score":43,"price":0.937,"msg":"scanner"}
{"level":30,"time":1772923399108,"pid":6660,"hostname":"DESKTOP-KPAMGTB","module":"binance","symbol":"NEARUSDT","interval":"5m","verdict":"WAIT","score":40,"price":1.215,"msg":"scanner"}
{"level":30,"time":1772923399193,"pid":6660,"hostname":"DESKTOP-KPAMGTB","module":"binance","symbol":"NEARUSDT","interval":"1h","verdict":"WAIT","score":43,"price":1.215,"msg":"scanner"}
{"level":30,"time":1772923399397,"pid":6660,"hostname":"DESKTOP-KPAMGTB","module":"binance","symbol":"NEARUSDT","interval":"4h","verdict":"WAIT","score":57,"price":1.215,"msg":"scanner"}
{"level":30,"time":1772923420995,"pid":6660,"hostname":"DESKTOP-KPAMGTB","module":"binance","count":60,"msg":"trades"}
{"level":30,"time":1772923421306,"pid":6660,"hostname":"DESKTOP-KPAMGTB","module":"binance","count":60,"msg":"trades"}
{"level":30,"time":1772923504415,"pid":6660,"hostname":"DESKTOP-KPAMGTB","module":"binance","count":60,"msg":"trades"}
{"level":30,"time":1772923504714,"pid":6660,"hostname":"DESKTOP-KPAMGTB","module":"binance","count":60,"msg":"trades"}
{"level":30,"time":1772923561983,"pid":6660,"hostname":"DESKTOP-KPAMGTB","module":"binance","symbol":"BTCUSDT","interval":"5m","verdict":"WAIT","score":40,"price":67331.49,"msg":"scanner"}
{"level":30,"time":1772923561997,"pid":6660,"hostname":"DESKTOP-KPAMGTB","module":"binance","symbol":"ETHUSDT","interval":"5m","verdict":"WAIT","score":53,"price":1968.32,"msg":"scanner"}
{"level":30,"time":1772923562534,"pid":6660,"hostname":"DESKTOP-KPAMGTB","module":"binance","symbol":"BNBUSDT","interval":"5m","verdict":"WAIT","score":40,"price":620.42,"msg":"scanner"}
{"level":30,"time":1772923562549,"pid":6660,"hostname":"DESKTOP-KPAMGTB","module":"binance","symbol":"SOLUSDT","interval":"5m","verdict":"WAIT","score":47,"price":83.08,"msg":"scanner"}
{"level":30,"time":1772923562919,"pid":6660,"hostname":"DESKTOP-KPAMGTB","module":"binance","symbol":"XRPUSDT","interval":"5m","verdict":"WAIT","score":47,"price":1.3553,"msg":"scanner"}
{"level":30,"time":1772923563070,"pid":6660,"hostname":"DESKTOP-KPAMGTB","module":"binance","symbol":"DOGEUSDT","interval":"5m","verdict":"WAIT","score":43,"price":0.08981,"msg":"scanner"}
{"level":30,"time":1772923563483,"pid":6660,"hostname":"DESKTOP-KPAMGTB","module":"binance","symbol":"ADAUSDT","interval":"5m","verdict":"WAIT","score":43,"price":0.2542,"msg":"scanner"}
{"level":30,"time":1772923563597,"pid":6660,"hostname":"DESKTOP-KPAMGTB","module":"binance","symbol":"AVAXUSDT","interval":"5m","verdict":"WAIT","score":43,"price":8.9,"msg":"scanner"}
{"level":30,"time":1772923563971,"pid":6660,"hostname":"DESKTOP-KPAMGTB","module":"binance","symbol":"TRXUSDT","interval":"5m","verdict":"WAIT","score":47,"price":0.2862,"msg":"scanner"}
{"level":30,"time":1772923564193,"pid":6660,"hostname":"DESKTOP-KPAMGTB","module":"binance","symbol":"DOTUSDT","interval":"5m","verdict":"WAIT","score":53,"price":1.439,"msg":"scanner"}
{"level":30,"time":1772923564450,"pid":6660,"hostname":"DESKTOP-KPAMGTB","module":"binance","symbol":"LINKUSDT","interval":"5m","verdict":"WAIT","score":53,"price":8.69,"msg":"scanner"}
{"level":30,"time":1772923564530,"pid":6660,"hostname":"DESKTOP-KPAMGTB","module":"binance","symbol":"MATICUSDT","interval":"5m","verdict":"WAIT","score":57,"price":0.3794,"msg":"scanner"}
{"level":30,"time":1772923564713,"pid":6660,"hostname":"DESKTOP-KPAMGTB","module":"binance","symbol":"LTCUSDT","interval":"5m","verdict":"WAIT","score":43,"price":53.47,"msg":"scanner"}
{"level":30,"time":1772923565105,"pid":6660,"hostname":"DESKTOP-KPAMGTB","module":"binance","symbol":"SHIBUSDT","interval":"5m","verdict":"WAIT","score":43,"price":0.00000532,"msg":"scanner"}
{"level":30,"time":1772923565420,"pid":6660,"hostname":"DESKTOP-KPAMGTB","module":"binance","symbol":"UNIUSDT","interval":"5m","verdict":"WAIT","score":43,"price":3.766,"msg":"scanner"}
{"level":30,"time":1772923565526,"pid":6660,"hostname":"DESKTOP-KPAMGTB","module":"binance","symbol":"ATOMUSDT","interval":"5m","verdict":"WAIT","score":47,"price":1.784,"msg":"scanner"}
{"level":30,"time":1772923565717,"pid":6660,"hostname":"DESKTOP-KPAMGTB","module":"binance","symbol":"ETCUSDT","interval":"5m","verdict":"WAIT","score":47,"price":8.08,"msg":"scanner"}
{"level":30,"time":1772923565951,"pid":6660,"hostname":"DESKTOP-KPAMGTB","module":"binance","symbol":"XLMUSDT","interval":"5m","verdict":"WAIT","score":43,"price":0.1498,"msg":"scanner"}
{"level":30,"time":1772923566172,"pid":6660,"hostname":"DESKTOP-KPAMGTB","module":"binance","symbol":"APTUSDT","interval":"5m","verdict":"WAIT","score":40,"price":0.937,"msg":"scanner"}
{"level":30,"time":1772923566338,"pid":6660,"hostname":"DESKTOP-KPAMGTB","module":"binance","symbol":"NEARUSDT","interval":"5m","verdict":"WAIT","score":40,"price":1.214,"msg":"scanner"}
{"level":30,"time":1772923575559,"pid":6660,"hostname":"DESKTOP-KPAMGTB","module":"binance","assets":14,"msg":"balance"}
{"level":30,"time":1772923684000,"pid":6660,"hostname":"DESKTOP-KPAMGTB","module":"binance","assets":14,"msg":"balance"}
{"level":30,"time":1772923684298,"pid":6660,"hostname":"DESKTOP-KPAMGTB","module":"binance","assets":14,"msg":"balance"}
{"level":30,"time":1772923725938,"pid":6660,"hostname":"DESKTOP-KPAMGTB","module":"binance","assets":14,"msg":"balance"}
{"level":30,"time":1772923726206,"pid":6660,"hostname":"DESKTOP-KPAMGTB","module":"binance","assets":14,"msg":"balance"}
{"level":30,"time":1772924209881,"pid":6660,"hostname":"DESKTOP-KPAMGTB","module":"binance","assets":14,"msg":"balance"}
{"level":30,"time":1772924210460,"pid":6660,"hostname":"DESKTOP-KPAMGTB","module":"binance","assets":14,"msg":"balance"}
{"level":30,"time":1772924401540,"pid":6660,"hostname":"DESKTOP-KPAMGTB","module":"telegram","msg":"informe horari enviat"}
{"level":30,"time":1772924476055,"pid":6660,"hostname":"DESKTOP-KPAMGTB","module":"binance","assets":14,"msg":"balance"}
{"level":30,"time":1772924569721,"pid":6660,"hostname":"DESKTOP-KPAMGTB","module":"binance","assets":14,"msg":"balance"}
{"level":30,"time":1772924570055,"pid":6660,"hostname":"DESKTOP-KPAMGTB","module":"binance","assets":14,"msg":"balance"}
{"level":30,"time":1772925374281,"pid":6660,"hostname":"DESKTOP-KPAMGTB","module":"binance","assets":14,"msg":"balance"}
{"level":30,"time":1772925468248,"pid":6660,"hostname":"DESKTOP-KPAMGTB","module":"binance","assets":14,"msg":"balance"}
{"level":30,"time":1772925737522,"pid":6660,"hostname":"DESKTOP-KPAMGTB","module":"trailing-engine","symbol":"ETHUSDT","oldSl":1930.24,"newSl":"1931.36000000","peak":1972.74,"msg":"SL pujat"}
{"level":30,"time":1772925917050,"pid":6660,"hostname":"DESKTOP-KPAMGTB","module":"trailing-engine","symbol":"ETHUSDT","oldSl":1931.36,"newSl":"1931.57000000","peak":1972.95,"msg":"SL pujat"}
{"level":30,"time":1772926274204,"pid":6660,"hostname":"DESKTOP-KPAMGTB","module":"binance","assets":14,"msg":"balance"}
{"level":30,"time":1772926309154,"pid":6660,"hostname":"DESKTOP-KPAMGTB","module":"trailing-engine","symbol":"ETHUSDT","oldSl":1931.57,"newSl":"1931.64000000","peak":1973.02,"msg":"SL pujat"}
{"level":30,"time":1772926368272,"pid":6660,"hostname":"DESKTOP-KPAMGTB","module":"binance","assets":14,"msg":"balance"}
{"level":30,"time":1772926577613,"pid":6660,"hostname":"DESKTOP-KPAMGTB","module":"trailing-engine","symbol":"ETHUSDT","oldSl":1931.64,"newSl":"1932.07000000","peak":1973.45,"msg":"SL pujat"}
{"level":30,"time":1772927174746,"pid":6660,"hostname":"DESKTOP-KPAMGTB","module":"binance","assets":14,"msg":"balance"}
{"level":30,"time":1772927268266,"pid":6660,"hostname":"DESKTOP-KPAMGTB","module":"binance","assets":14,"msg":"balance"}
{"level":30,"time":1772927999382,"pid":6660,"hostname":"DESKTOP-KPAMGTB","module":"telegram","msg":"informe horari enviat"}
{"level":30,"time":1772928074776,"pid":6660,"hostname":"DESKTOP-KPAMGTB","module":"binance","assets":14,"msg":"balance"}
{"level":30,"time":1772928168666,"pid":6660,"hostname":"DESKTOP-KPAMGTB","module":"binance","assets":14,"msg":"balance"}
{"level":30,"time":1772928317157,"pid":6660,"hostname":"DESKTOP-KPAMGTB","module":"trailing-engine","symbol":"ETHUSDT","oldSl":1932.07,"newSl":"1932.22000000","peak":1973.6,"msg":"SL pujat"}
{"level":30,"time":1772928618444,"pid":6660,"hostname":"DESKTOP-KPAMGTB","module":"trailing-engine","symbol":"ETHUSDT","oldSl":1932.22,"newSl":"1932.54000000","peak":1973.92,"msg":"SL pujat"}
{"level":30,"time":1772928647825,"pid":6660,"hostname":"DESKTOP-KPAMGTB","module":"trailing-engine","symbol":"ETHUSDT","oldSl":1932.54,"newSl":"1933.05000000","peak":1974.43,"msg":"SL pujat"}
{"level":30,"time":1772928857965,"pid":6660,"hostname":"DESKTOP-KPAMGTB","module":"trailing-engine","symbol":"ETHUSDT","oldSl":1933.05,"newSl":"1933.88000000","peak":1975.26,"msg":"SL pujat"}
{"level":30,"time":1772928974796,"pid":6660,"hostname":"DESKTOP-KPAMGTB","module":"binance","assets":14,"msg":"balance"}
{"level":30,"time":1772929068329,"pid":6660,"hostname":"DESKTOP-KPAMGTB","module":"binance","assets":14,"msg":"balance"}
{"level":30,"time":1772929338291,"pid":6660,"hostname":"DESKTOP-KPAMGTB","module":"trailing-engine","symbol":"ETHUSDT","oldSl":1933.88,"newSl":"1933.97000000","peak":1975.35,"msg":"SL pujat"}
{"level":30,"time":1772929368299,"pid":6660,"hostname":"DESKTOP-KPAMGTB","module":"trailing-engine","symbol":"ETHUSDT","oldSl":1933.97,"newSl":"1935.30000000","peak":1976.68,"msg":"SL pujat"}
{"level":30,"time":1772929874767,"pid":6660,"hostname":"DESKTOP-KPAMGTB","module":"binance","assets":14,"msg":"balance"}
{"level":30,"time":1772929968306,"pid":6660,"hostname":"DESKTOP-KPAMGTB","module":"binance","assets":14,"msg":"balance"}
{"level":30,"time":1772930774981,"pid":6660,"hostname":"DESKTOP-KPAMGTB","module":"binance","assets":14,"msg":"balance"}
{"level":30,"time":1772930890890,"pid":6660,"hostname":"DESKTOP-KPAMGTB","module":"binance","assets":14,"msg":"balance"}
{"level":30,"time":1772931601468,"pid":6660,"hostname":"DESKTOP-KPAMGTB","module":"telegram","msg":"informe horari enviat"}
{"level":30,"time":1772931676652,"pid":6660,"hostname":"DESKTOP-KPAMGTB","module":"binance","assets":14,"msg":"balance"}
{"level":30,"time":1772931790746,"pid":6660,"hostname":"DESKTOP-KPAMGTB","module":"binance","assets":14,"msg":"balance"}
{"level":30,"time":1772932574954,"pid":6660,"hostname":"DESKTOP-KPAMGTB","module":"binance","assets":14,"msg":"balance"}
{"level":30,"time":1772932690352,"pid":6660,"hostname":"DESKTOP-KPAMGTB","module":"binance","assets":14,"msg":"balance"}
{"level":30,"time":1772933474953,"pid":6660,"hostname":"DESKTOP-KPAMGTB","module":"binance","assets":14,"msg":"balance"}
{"level":30,"time":1772933591893,"pid":6660,"hostname":"DESKTOP-KPAMGTB","module":"binance","assets":14,"msg":"balance"}
{"level":30,"time":1772934376792,"pid":6660,"hostname":"DESKTOP-KPAMGTB","module":"binance","assets":14,"msg":"balance"}
{"level":30,"time":1772934490714,"pid":6660,"hostname":"DESKTOP-KPAMGTB","module":"binance","assets":14,"msg":"balance"}
{"level":30,"time":1772935199494,"pid":6660,"hostname":"DESKTOP-KPAMGTB","module":"telegram","msg":"informe horari enviat"}
{"level":30,"time":1772935275457,"pid":6660,"hostname":"DESKTOP-KPAMGTB","module":"binance","assets":14,"msg":"balance"}
{"level":30,"time":1772935390824,"pid":6660,"hostname":"DESKTOP-KPAMGTB","module":"binance","assets":14,"msg":"balance"}
{"level":30,"time":1772936176243,"pid":6660,"hostname":"DESKTOP-KPAMGTB","module":"binance","assets":14,"msg":"balance"}
{"level":30,"time":1772936291135,"pid":6660,"hostname":"DESKTOP-KPAMGTB","module":"binance","assets":14,"msg":"balance"}
{"level":30,"time":1772937076108,"pid":6660,"hostname":"DESKTOP-KPAMGTB","module":"binance","assets":14,"msg":"balance"}
{"level":30,"time":1772937190786,"pid":6660,"hostname":"DESKTOP-KPAMGTB","module":"binance","assets":14,"msg":"balance"}
{"level":30,"time":1772937976908,"pid":6660,"hostname":"DESKTOP-KPAMGTB","module":"binance","assets":14,"msg":"balance"}
{"level":30,"time":1772938091115,"pid":6660,"hostname":"DESKTOP-KPAMGTB","module":"binance","assets":14,"msg":"balance"}
{"level":30,"time":1772938799794,"pid":6660,"hostname":"DESKTOP-KPAMGTB","module":"telegram","msg":"informe horari enviat"}
{"level":30,"time":1772938877354,"pid":6660,"hostname":"DESKTOP-KPAMGTB","module":"binance","assets":14,"msg":"balance"}
{"level":30,"time":1772938990359,"pid":6660,"hostname":"DESKTOP-KPAMGTB","module":"binance","assets":14,"msg":"balance"}
{"level":30,"time":1772939777031,"pid":6660,"hostname":"DESKTOP-KPAMGTB","module":"binance","assets":14,"msg":"balance"}
{"level":30,"time":1772939891013,"pid":6660,"hostname":"DESKTOP-KPAMGTB","module":"binance","assets":14,"msg":"balance"}
{"level":30,"time":1772940678966,"pid":6660,"hostname":"DESKTOP-KPAMGTB","module":"binance","assets":14,"msg":"balance"}
{"level":30,"time":1772940790757,"pid":6660,"hostname":"DESKTOP-KPAMGTB","module":"binance","assets":14,"msg":"balance"}
{"level":30,"time":1772941577484,"pid":6660,"hostname":"DESKTOP-KPAMGTB","module":"binance","assets":14,"msg":"balance"}
{"level":30,"time":1772941690750,"pid":6660,"hostname":"DESKTOP-KPAMGTB","module":"binance","assets":14,"msg":"balance"}
{"level":30,"time":1772942399010,"pid":6660,"hostname":"DESKTOP-KPAMGTB","module":"telegram","msg":"informe horari enviat"}
{"level":30,"time":1772942477920,"pid":6660,"hostname":"DESKTOP-KPAMGTB","module":"binance","assets":14,"msg":"balance"}
{"level":30,"time":1772942590785,"pid":6660,"hostname":"DESKTOP-KPAMGTB","module":"binance","assets":14,"msg":"balance"}
{"level":30,"time":1772943378429,"pid":6660,"hostname":"DESKTOP-KPAMGTB","module":"binance","assets":14,"msg":"balance"}
{"level":30,"time":1772943491039,"pid":6660,"hostname":"DESKTOP-KPAMGTB","module":"binance","assets":14,"msg":"balance"}
{"level":30,"time":1772944278881,"pid":6660,"hostname":"DESKTOP-KPAMGTB","module":"binance","assets":14,"msg":"balance"}
{"level":30,"time":1772944391026,"pid":6660,"hostname":"DESKTOP-KPAMGTB","module":"binance","assets":14,"msg":"balance"}
{"level":30,"time":1772945178883,"pid":6660,"hostname":"DESKTOP-KPAMGTB","module":"binance","assets":14,"msg":"balance"}
{"level":30,"time":1772945290870,"pid":6660,"hostname":"DESKTOP-KPAMGTB","module":"binance","assets":14,"msg":"balance"}
{"level":30,"time":1772945661349,"pid":6660,"hostname":"DESKTOP-KPAMGTB","module":"trailing-engine","symbol":"ETHUSDT","stopPrice":1935.3,"msg":"SL executat — tancat"}
{"level":30,"time":1772945688041,"pid":6660,"hostname":"DESKTOP-KPAMGTB","module":"orders","symbol":"ETHUSDT","side":"SELL","type":"STOP_LOSS_LIMIT","execPrice":1933.36,"execValue":9.6668,"orderId":3791867264,"msg":"ordre executada (fill)"}
{"level":30,"time":1772946000902,"pid":6660,"hostname":"DESKTOP-KPAMGTB","module":"telegram","msg":"informe horari enviat"}
{"level":30,"time":1772946079374,"pid":6660,"hostname":"DESKTOP-KPAMGTB","module":"binance","assets":14,"msg":"balance"}
{"level":30,"time":1772946190863,"pid":6660,"hostname":"DESKTOP-KPAMGTB","module":"binance","assets":14,"msg":"balance"}
{"level":30,"time":1772946980508,"pid":6660,"hostname":"DESKTOP-KPAMGTB","module":"binance","assets":14,"msg":"balance"}
{"level":30,"time":1772947090796,"pid":6660,"hostname":"DESKTOP-KPAMGTB","module":"binance","assets":14,"msg":"balance"}
{"level":30,"time":1772947879876,"pid":6660,"hostname":"DESKTOP-KPAMGTB","module":"binance","assets":14,"msg":"balance"}
{"level":30,"time":1772947990772,"pid":6660,"hostname":"DESKTOP-KPAMGTB","module":"binance","assets":14,"msg":"balance"}
{"level":30,"time":1772948780264,"pid":6660,"hostname":"DESKTOP-KPAMGTB","module":"binance","assets":14,"msg":"balance"}
{"level":30,"time":1772948890804,"pid":6660,"hostname":"DESKTOP-KPAMGTB","module":"binance","assets":14,"msg":"balance"}
{"level":30,"time":1772949600042,"pid":6660,"hostname":"DESKTOP-KPAMGTB","module":"telegram","msg":"informe horari enviat"}
{"level":30,"time":1772949679523,"pid":6660,"hostname":"DESKTOP-KPAMGTB","module":"binance","assets":14,"msg":"balance"}
{"level":30,"time":1772949790804,"pid":6660,"hostname":"DESKTOP-KPAMGTB","module":"binance","assets":14,"msg":"balance"}
{"level":30,"time":1772950580236,"pid":6660,"hostname":"DESKTOP-KPAMGTB","module":"binance","assets":14,"msg":"balance"}
{"level":30,"time":1772950690746,"pid":6660,"hostname":"DESKTOP-KPAMGTB","module":"binance","assets":14,"msg":"balance"}
{"level":30,"time":1772951399389,"pid":6660,"hostname":"DESKTOP-KPAMGTB","module":"telegram","msg":"informe diari enviat"}
{"level":30,"time":1772951480835,"pid":6660,"hostname":"DESKTOP-KPAMGTB","module":"binance","assets":14,"msg":"balance"}
{"level":30,"time":1772951590748,"pid":6660,"hostname":"DESKTOP-KPAMGTB","module":"binance","assets":14,"msg":"balance"}
{"level":30,"time":1772952380897,"pid":6660,"hostname":"DESKTOP-KPAMGTB","module":"binance","assets":14,"msg":"balance"}
{"level":30,"time":1772952490995,"pid":6660,"hostname":"DESKTOP-KPAMGTB","module":"binance","assets":14,"msg":"balance"}
{"level":30,"time":1772953199591,"pid":6660,"hostname":"DESKTOP-KPAMGTB","module":"telegram","msg":"informe horari enviat"}
{"level":30,"time":1772953281971,"pid":6660,"hostname":"DESKTOP-KPAMGTB","module":"binance","assets":14,"msg":"balance"}
{"level":30,"time":1772953390759,"pid":6660,"hostname":"DESKTOP-KPAMGTB","module":"binance","assets":14,"msg":"balance"}
{"level":30,"time":1772954180992,"pid":6660,"hostname":"DESKTOP-KPAMGTB","module":"binance","assets":14,"msg":"balance"}
{"level":30,"time":1772954290763,"pid":6660,"hostname":"DESKTOP-KPAMGTB","module":"binance","assets":14,"msg":"balance"}
{"level":30,"time":1772955080993,"pid":6660,"hostname":"DESKTOP-KPAMGTB","module":"binance","assets":14,"msg":"balance"}
{"level":30,"time":1772955190738,"pid":6660,"hostname":"DESKTOP-KPAMGTB","module":"binance","assets":14,"msg":"balance"}
{"level":30,"time":1772955980999,"pid":6660,"hostname":"DESKTOP-KPAMGTB","module":"binance","assets":14,"msg":"balance"}
{"level":30,"time":1772956090862,"pid":6660,"hostname":"DESKTOP-KPAMGTB","module":"binance","assets":14,"msg":"balance"}
{"level":30,"time":1772956799000,"pid":6660,"hostname":"DESKTOP-KPAMGTB","module":"telegram","msg":"informe horari enviat"}
{"level":30,"time":1772956881416,"pid":6660,"hostname":"DESKTOP-KPAMGTB","module":"binance","assets":14,"msg":"balance"}
{"level":30,"time":1772956990770,"pid":6660,"hostname":"DESKTOP-KPAMGTB","module":"binance","assets":14,"msg":"balance"}
{"level":30,"time":1772957781313,"pid":6660,"hostname":"DESKTOP-KPAMGTB","module":"binance","assets":14,"msg":"balance"}
{"level":30,"time":1772957890789,"pid":6660,"hostname":"DESKTOP-KPAMGTB","module":"binance","assets":14,"msg":"balance"}
{"level":30,"time":1772958681970,"pid":6660,"hostname":"DESKTOP-KPAMGTB","module":"binance","assets":14,"msg":"balance"}
{"level":30,"time":1772958791067,"pid":6660,"hostname":"DESKTOP-KPAMGTB","module":"binance","assets":14,"msg":"balance"}
{"level":30,"time":1772959582738,"pid":6660,"hostname":"DESKTOP-KPAMGTB","module":"binance","assets":14,"msg":"balance"}
{"level":30,"time":1772959690926,"pid":6660,"hostname":"DESKTOP-KPAMGTB","module":"binance","assets":14,"msg":"balance"}
{"level":30,"time":1772960399075,"pid":6660,"hostname":"DESKTOP-KPAMGTB","module":"telegram","msg":"informe horari enviat"}
{"level":30,"time":1772960483020,"pid":6660,"hostname":"DESKTOP-KPAMGTB","module":"binance","assets":14,"msg":"balance"}
{"level":30,"time":1772960590763,"pid":6660,"hostname":"DESKTOP-KPAMGTB","module":"binance","assets":14,"msg":"balance"}
{"level":30,"time":1772961382768,"pid":6660,"hostname":"DESKTOP-KPAMGTB","module":"binance","assets":14,"msg":"balance"}
{"level":30,"time":1772961490885,"pid":6660,"hostname":"DESKTOP-KPAMGTB","module":"binance","assets":14,"msg":"balance"}
{"level":30,"time":1772961798993,"pid":6660,"hostname":"DESKTOP-KPAMGTB","module":"binance","count":60,"msg":"trades"}
{"level":30,"time":1772961799364,"pid":6660,"hostname":"DESKTOP-KPAMGTB","module":"binance","count":60,"msg":"trades"}
{"level":30,"time":1772961818361,"pid":6660,"hostname":"DESKTOP-KPAMGTB","module":"binance","assets":14,"msg":"balance"}
{"level":30,"time":1772961819378,"pid":6660,"hostname":"DESKTOP-KPAMGTB","module":"binance","assets":14,"msg":"balance"}
{"level":30,"time":1772961824047,"pid":6660,"hostname":"DESKTOP-KPAMGTB","module":"binance","symbol":"ETHUSDT","interval":"5m","verdict":"WAIT","score":60,"price":1966.21,"msg":"scanner"}
{"level":30,"time":1772961824083,"pid":6660,"hostname":"DESKTOP-KPAMGTB","module":"binance","symbol":"BTCUSDT","interval":"1h","verdict":"WAIT","score":57,"price":67755.28,"msg":"scanner"}
{"level":30,"time":1772961824100,"pid":6660,"hostname":"DESKTOP-KPAMGTB","module":"binance","symbol":"BTCUSDT","interval":"4h","verdict":"WAIT","score":50,"price":67755.28,"msg":"scanner"}
{"level":30,"time":1772961824110,"pid":6660,"hostname":"DESKTOP-KPAMGTB","module":"binance","symbol":"BTCUSDT","interval":"5m","verdict":"WAIT","score":57,"price":67755.28,"msg":"scanner"}
{"level":30,"time":1772961824549,"pid":6660,"hostname":"DESKTOP-KPAMGTB","module":"binance","symbol":"ETHUSDT","interval":"1h","verdict":"WAIT","score":60,"price":1966,"msg":"scanner"}
{"level":30,"time":1772961824564,"pid":6660,"hostname":"DESKTOP-KPAMGTB","module":"binance","symbol":"ETHUSDT","interval":"4h","verdict":"WAIT","score":53,"price":1966,"msg":"scanner"}
{"level":30,"time":1772961824601,"pid":6660,"hostname":"DESKTOP-KPAMGTB","module":"binance","symbol":"BNBUSDT","interval":"5m","verdict":"WAIT","score":57,"price":620.96,"msg":"scanner"}
{"level":30,"time":1772961824621,"pid":6660,"hostname":"DESKTOP-KPAMGTB","module":"binance","symbol":"BNBUSDT","interval":"1h","verdict":"WAIT","score":60,"price":620.96,"msg":"scanner"}
{"level":30,"time":1772961824975,"pid":6660,"hostname":"DESKTOP-KPAMGTB","module":"binance","symbol":"BNBUSDT","interval":"4h","verdict":"WAIT","score":50,"price":620.97,"msg":"scanner"}
{"level":30,"time":1772961825027,"pid":6660,"hostname":"DESKTOP-KPAMGTB","module":"binance","symbol":"SOLUSDT","interval":"5m","verdict":"WAIT","score":63,"price":83.16,"msg":"scanner"}
{"level":30,"time":1772961825067,"pid":6660,"hostname":"DESKTOP-KPAMGTB","module":"binance","symbol":"SOLUSDT","interval":"1h","verdict":"WAIT","score":60,"price":83.16,"msg":"scanner"}
{"level":30,"time":1772961825088,"pid":6660,"hostname":"DESKTOP-KPAMGTB","module":"binance","symbol":"SOLUSDT","interval":"4h","verdict":"WAIT","score":50,"price":83.16,"msg":"scanner"}
{"level":30,"time":1772961825365,"pid":6660,"hostname":"DESKTOP-KPAMGTB","module":"binance","symbol":"XRPUSDT","interval":"5m","verdict":"WAIT","score":63,"price":1.3635,"msg":"scanner"}
{"level":30,"time":1772961825641,"pid":6660,"hostname":"DESKTOP-KPAMGTB","module":"binance","symbol":"XRPUSDT","interval":"1h","verdict":"WAIT","score":50,"price":1.3635,"msg":"scanner"}
{"level":30,"time":1772961825680,"pid":6660,"hostname":"DESKTOP-KPAMGTB","module":"binance","symbol":"DOGEUSDT","interval":"5m","verdict":"WAIT","score":60,"price":0.08989,"msg":"scanner"}
{"level":30,"time":1772961825706,"pid":6660,"hostname":"DESKTOP-KPAMGTB","module":"binance","symbol":"XRPUSDT","interval":"4h","verdict":"WAIT","score":47,"price":1.3635,"msg":"scanner"}
{"level":30,"time":1772961825902,"pid":6660,"hostname":"DESKTOP-KPAMGTB","module":"binance","symbol":"DOGEUSDT","interval":"1h","verdict":"WAIT","score":57,"price":0.08989,"msg":"scanner"}
{"level":30,"time":1772961826057,"pid":6660,"hostname":"DESKTOP-KPAMGTB","module":"binance","symbol":"DOGEUSDT","interval":"4h","verdict":"WAIT","score":53,"price":0.08989,"msg":"scanner"}
{"level":30,"time":1772961826127,"pid":6660,"hostname":"DESKTOP-KPAMGTB","module":"binance","symbol":"ADAUSDT","interval":"5m","verdict":"WAIT","score":60,"price":0.2537,"msg":"scanner"}
{"level":30,"time":1772961826163,"pid":6660,"hostname":"DESKTOP-KPAMGTB","module":"binance","symbol":"ADAUSDT","interval":"1h","verdict":"WAIT","score":53,"price":0.2537,"msg":"scanner"}
{"level":30,"time":1772961826243,"pid":6660,"hostname":"DESKTOP-KPAMGTB","module":"binance","symbol":"ADAUSDT","interval":"4h","verdict":"WAIT","score":50,"price":0.2537,"msg":"scanner"}
{"level":30,"time":1772961826358,"pid":6660,"hostname":"DESKTOP-KPAMGTB","module":"binance","symbol":"AVAXUSDT","interval":"5m","verdict":"WAIT","score":53,"price":8.92,"msg":"scanner"}
{"level":30,"time":1772961826487,"pid":6660,"hostname":"DESKTOP-KPAMGTB","module":"binance","symbol":"AVAXUSDT","interval":"1h","verdict":"WAIT","score":57,"price":8.92,"msg":"scanner"}
{"level":30,"time":1772961826566,"pid":6660,"hostname":"DESKTOP-KPAMGTB","module":"binance","symbol":"AVAXUSDT","interval":"4h","verdict":"WAIT","score":53,"price":8.92,"msg":"scanner"}
{"level":30,"time":1772961826630,"pid":6660,"hostname":"DESKTOP-KPAMGTB","module":"binance","symbol":"TRXUSDT","interval":"5m","verdict":"WAIT","score":47,"price":0.2867,"msg":"scanner"}
{"level":30,"time":1772961826729,"pid":6660,"hostname":"DESKTOP-KPAMGTB","module":"binance","symbol":"TRXUSDT","interval":"1h","verdict":"WAIT","score":60,"price":0.2867,"msg":"scanner"}
{"level":30,"time":1772961826865,"pid":6660,"hostname":"DESKTOP-KPAMGTB","module":"binance","symbol":"TRXUSDT","interval":"4h","verdict":"WAIT","score":63,"price":0.2867,"msg":"scanner"}
{"level":30,"time":1772961826947,"pid":6660,"hostname":"DESKTOP-KPAMGTB","module":"binance","symbol":"DOTUSDT","interval":"5m","verdict":"WAIT","score":53,"price":1.455,"msg":"scanner"}
{"level":30,"time":1772961827009,"pid":6660,"hostname":"DESKTOP-KPAMGTB","module":"binance","symbol":"DOTUSDT","interval":"1h","verdict":"WAIT","score":53,"price":1.455,"msg":"scanner"}
{"level":30,"time":1772961827164,"pid":6660,"hostname":"DESKTOP-KPAMGTB","module":"binance","symbol":"LINKUSDT","interval":"5m","verdict":"WAIT","score":63,"price":8.69,"msg":"scanner"}
{"level":30,"time":1772961827310,"pid":6660,"hostname":"DESKTOP-KPAMGTB","module":"binance","symbol":"LINKUSDT","interval":"1h","verdict":"WAIT","score":60,"price":8.69,"msg":"scanner"}
{"level":30,"time":1772961827378,"pid":6660,"hostname":"DESKTOP-KPAMGTB","module":"binance","symbol":"LINKUSDT","interval":"4h","verdict":"WAIT","score":50,"price":8.69,"msg":"scanner"}
{"level":30,"time":1772961827499,"pid":6660,"hostname":"DESKTOP-KPAMGTB","module":"binance","symbol":"MATICUSDT","interval":"5m","verdict":"WAIT","score":57,"price":0.3794,"msg":"scanner"}
{"level":30,"time":1772961827529,"pid":6660,"hostname":"DESKTOP-KPAMGTB","module":"binance","symbol":"DOTUSDT","interval":"4h","verdict":"WAIT","score":50,"price":1.455,"msg":"scanner"}
{"level":30,"time":1772961827643,"pid":6660,"hostname":"DESKTOP-KPAMGTB","module":"binance","symbol":"MATICUSDT","interval":"1h","verdict":"WAIT","score":50,"price":0.3794,"msg":"scanner"}
{"level":30,"time":1772961827726,"pid":6660,"hostname":"DESKTOP-KPAMGTB","module":"binance","symbol":"MATICUSDT","interval":"4h","verdict":"WAIT","score":43,"price":0.3794,"msg":"scanner"}
{"level":30,"time":1772961827843,"pid":6660,"hostname":"DESKTOP-KPAMGTB","module":"binance","symbol":"LTCUSDT","interval":"5m","verdict":"WAIT","score":60,"price":53.21,"msg":"scanner"}
{"level":30,"time":1772961827898,"pid":6660,"hostname":"DESKTOP-KPAMGTB","module":"binance","symbol":"LTCUSDT","interval":"1h","verdict":"WAIT","score":47,"price":53.21,"msg":"scanner"}
{"level":30,"time":1772961827962,"pid":6660,"hostname":"DESKTOP-KPAMGTB","module":"binance","symbol":"LTCUSDT","interval":"4h","verdict":"WAIT","score":57,"price":53.21,"msg":"scanner"}
{"level":30,"time":1772961828140,"pid":6660,"hostname":"DESKTOP-KPAMGTB","module":"binance","symbol":"SHIBUSDT","interval":"1h","verdict":"WAIT","score":57,"price":0.00000533,"msg":"scanner"}
{"level":30,"time":1772961828281,"pid":6660,"hostname":"DESKTOP-KPAMGTB","module":"binance","symbol":"UNIUSDT","interval":"5m","verdict":"WAIT","score":60,"price":3.755,"msg":"scanner"}
{"level":30,"time":1772961828413,"pid":6660,"hostname":"DESKTOP-KPAMGTB","module":"binance","symbol":"SHIBUSDT","interval":"4h","verdict":"WAIT","score":53,"price":0.00000533,"msg":"scanner"}
{"level":30,"time":1772961828449,"pid":6660,"hostname":"DESKTOP-KPAMGTB","module":"binance","symbol":"UNIUSDT","interval":"1h","verdict":"WAIT","score":57,"price":3.755,"msg":"scanner"}
{"level":30,"time":1772961828520,"pid":6660,"hostname":"DESKTOP-KPAMGTB","module":"binance","symbol":"SHIBUSDT","interval":"5m","verdict":"WAIT","score":63,"price":0.00000533,"msg":"scanner"}
{"level":30,"time":1772961828693,"pid":6660,"hostname":"DESKTOP-KPAMGTB","module":"binance","symbol":"UNIUSDT","interval":"4h","verdict":"WAIT","score":50,"price":3.755,"msg":"scanner"}
{"level":30,"time":1772961828873,"pid":6660,"hostname":"DESKTOP-KPAMGTB","module":"binance","symbol":"ATOMUSDT","interval":"1h","verdict":"WAIT","score":43,"price":1.765,"msg":"scanner"}
{"level":30,"time":1772961829075,"pid":6660,"hostname":"DESKTOP-KPAMGTB","module":"binance","symbol":"ATOMUSDT","interval":"4h","verdict":"WAIT","score":37,"price":1.765,"msg":"scanner"}
{"level":30,"time":1772961829213,"pid":6660,"hostname":"DESKTOP-KPAMGTB","module":"binance","symbol":"ATOMUSDT","interval":"5m","verdict":"WAIT","score":60,"price":1.765,"msg":"scanner"}
{"level":30,"time":1772961829373,"pid":6660,"hostname":"DESKTOP-KPAMGTB","module":"binance","symbol":"ETCUSDT","interval":"4h","verdict":"WAIT","score":50,"price":8.11,"msg":"scanner"}
{"level":30,"time":1772961829563,"pid":6660,"hostname":"DESKTOP-KPAMGTB","module":"binance","symbol":"XLMUSDT","interval":"5m","verdict":"WAIT","score":57,"price":0.1509,"msg":"scanner"}
{"level":30,"time":1772961829617,"pid":6660,"hostname":"DESKTOP-KPAMGTB","module":"binance","symbol":"ETCUSDT","interval":"5m","verdict":"WAIT","score":53,"price":8.11,"msg":"scanner"}
{"level":30,"time":1772961829704,"pid":6660,"hostname":"DESKTOP-KPAMGTB","module":"binance","symbol":"ETCUSDT","interval":"1h","verdict":"WAIT","score":57,"price":8.11,"msg":"scanner"}
{"level":30,"time":1772961829729,"pid":6660,"hostname":"DESKTOP-KPAMGTB","module":"binance","symbol":"XLMUSDT","interval":"1h","verdict":"WAIT","score":53,"price":0.1509,"msg":"scanner"}
{"level":30,"time":1772961829855,"pid":6660,"hostname":"DESKTOP-KPAMGTB","module":"binance","symbol":"XLMUSDT","interval":"4h","verdict":"WAIT","score":50,"price":0.1509,"msg":"scanner"}
{"level":30,"time":1772961829943,"pid":6660,"hostname":"DESKTOP-KPAMGTB","module":"binance","symbol":"APTUSDT","interval":"5m","verdict":"WAIT","score":53,"price":0.94,"msg":"scanner"}
{"level":30,"time":1772961830044,"pid":6660,"hostname":"DESKTOP-KPAMGTB","module":"binance","symbol":"APTUSDT","interval":"1h","verdict":"WAIT","score":57,"price":0.94,"msg":"scanner"}
{"level":30,"time":1772961830095,"pid":6660,"hostname":"DESKTOP-KPAMGTB","module":"binance","symbol":"APTUSDT","interval":"4h","verdict":"WAIT","score":50,"price":0.94,"msg":"scanner"}
{"level":30,"time":1772961830159,"pid":6660,"hostname":"DESKTOP-KPAMGTB","module":"binance","symbol":"NEARUSDT","interval":"5m","verdict":"WAIT","score":53,"price":1.226,"msg":"scanner"}
{"level":30,"time":1772961830337,"pid":6660,"hostname":"DESKTOP-KPAMGTB","module":"binance","symbol":"NEARUSDT","interval":"4h","verdict":"WAIT","score":47,"price":1.226,"msg":"scanner"}
{"level":30,"time":1772961830696,"pid":6660,"hostname":"DESKTOP-KPAMGTB","module":"binance","symbol":"NEARUSDT","interval":"1h","verdict":"WAIT","score":57,"price":1.226,"msg":"scanner"}
{"level":30,"time":1772961979986,"pid":6660,"hostname":"DESKTOP-KPAMGTB","module":"binance","assets":14,"msg":"balance"}
{"level":30,"time":1772961980238,"pid":6660,"hostname":"DESKTOP-KPAMGTB","module":"binance","assets":14,"msg":"balance"}
{"level":30,"time":1772961983549,"pid":6660,"hostname":"DESKTOP-KPAMGTB","module":"binance","assets":14,"msg":"balance"}
{"level":30,"time":1772961983813,"pid":6660,"hostname":"DESKTOP-KPAMGTB","module":"binance","assets":14,"msg":"balance"}
{"level":30,"time":1772961993488,"pid":6660,"hostname":"DESKTOP-KPAMGTB","module":"orders","symbol":"BTCUSDT","side":"SELL","fillPrice":67712.06,"quantity":"0.00017000","tpPrice":"69032.45","slStopPrice":"66960.46","buyOrderId":20218613778,"ocoOrderListId":2020232,"msg":"compra de mercat + OCO"}
{"level":30,"time":1772962042526,"pid":6660,"hostname":"DESKTOP-KPAMGTB","module":"binance","count":60,"msg":"trades"}
{"level":30,"time":1772962042818,"pid":6660,"hostname":"DESKTOP-KPAMGTB","module":"binance","count":60,"msg":"trades"}
{"level":30,"time":1772962056825,"pid":6660,"hostname":"DESKTOP-KPAMGTB","module":"binance","symbol":"BTCUSDT","interval":"5m","verdict":"WAIT","score":50,"price":67757.45,"msg":"scanner"}
{"level":30,"time":1772962056869,"pid":6660,"hostname":"DESKTOP-KPAMGTB","module":"binance","symbol":"ETHUSDT","interval":"5m","verdict":"WAIT","score":53,"price":1966.55,"msg":"scanner"}
{"level":30,"time":1772962057508,"pid":6660,"hostname":"DESKTOP-KPAMGTB","module":"binance","symbol":"BNBUSDT","interval":"5m","verdict":"WAIT","score":50,"price":620.62,"msg":"scanner"}
{"level":30,"time":1772962057623,"pid":6660,"hostname":"DESKTOP-KPAMGTB","module":"binance","symbol":"SOLUSDT","interval":"5m","verdict":"WAIT","score":60,"price":83.29,"msg":"scanner"}
{"level":30,"time":1772962057825,"pid":6660,"hostname":"DESKTOP-KPAMGTB","module":"binance","symbol":"XRPUSDT","interval":"5m","verdict":"WAIT","score":63,"price":1.3642,"msg":"scanner"}
{"level":30,"time":1772962057989,"pid":6660,"hostname":"DESKTOP-KPAMGTB","module":"binance","symbol":"DOGEUSDT","interval":"5m","verdict":"WAIT","score":57,"price":0.08991,"msg":"scanner"}
{"level":30,"time":1772962058217,"pid":6660,"hostname":"DESKTOP-KPAMGTB","module":"binance","symbol":"ADAUSDT","interval":"5m","verdict":"WAIT","score":63,"price":0.2539,"msg":"scanner"}
{"level":30,"time":1772962058570,"pid":6660,"hostname":"DESKTOP-KPAMGTB","module":"binance","symbol":"AVAXUSDT","interval":"5m","verdict":"WAIT","score":60,"price":8.93,"msg":"scanner"}
{"level":30,"time":1772962058714,"pid":6660,"hostname":"DESKTOP-KPAMGTB","module":"binance","symbol":"TRXUSDT","interval":"5m","verdict":"WAIT","score":50,"price":0.2868,"msg":"scanner"}
{"level":30,"time":1772962058916,"pid":6660,"hostname":"DESKTOP-KPAMGTB","module":"binance","symbol":"DOTUSDT","interval":"5m","verdict":"WAIT","score":57,"price":1.456,"msg":"scanner"}
{"level":30,"time":1772962059091,"pid":6660,"hostname":"DESKTOP-KPAMGTB","module":"binance","symbol":"LINKUSDT","interval":"5m","verdict":"WAIT","score":63,"price":8.7,"msg":"scanner"}
{"level":30,"time":1772962059238,"pid":6660,"hostname":"DESKTOP-KPAMGTB","module":"binance","symbol":"MATICUSDT","interval":"5m","verdict":"WAIT","score":57,"price":0.3794,"msg":"scanner"}
{"level":30,"time":1772962059408,"pid":6660,"hostname":"DESKTOP-KPAMGTB","module":"binance","symbol":"LTCUSDT","interval":"5m","verdict":"WAIT","score":63,"price":53.28,"msg":"scanner"}
{"level":30,"time":1772962059457,"pid":6660,"hostname":"DESKTOP-KPAMGTB","module":"binance","symbol":"SHIBUSDT","interval":"5m","verdict":"BUY","score":67,"price":0.00000534,"msg":"scanner"}
{"level":30,"time":1772962059584,"pid":6660,"hostname":"DESKTOP-KPAMGTB","module":"binance","symbol":"UNIUSDT","interval":"5m","verdict":"WAIT","score":63,"price":3.758,"msg":"scanner"}
{"level":30,"time":1772962059733,"pid":6660,"hostname":"DESKTOP-KPAMGTB","module":"binance","symbol":"ATOMUSDT","interval":"5m","verdict":"WAIT","score":50,"price":1.763,"msg":"scanner"}
{"level":30,"time":1772962059868,"pid":6660,"hostname":"DESKTOP-KPAMGTB","module":"binance","symbol":"ETCUSDT","interval":"5m","verdict":"WAIT","score":60,"price":8.12,"msg":"scanner"}
{"level":30,"time":1772962060017,"pid":6660,"hostname":"DESKTOP-KPAMGTB","module":"binance","symbol":"XLMUSDT","interval":"5m","verdict":"WAIT","score":63,"price":0.151,"msg":"scanner"}
{"level":30,"time":1772962060128,"pid":6660,"hostname":"DESKTOP-KPAMGTB","module":"binance","symbol":"APTUSDT","interval":"5m","verdict":"WAIT","score":60,"price":0.942,"msg":"scanner"}
{"level":30,"time":1772962060262,"pid":6660,"hostname":"DESKTOP-KPAMGTB","module":"binance","symbol":"NEARUSDT","interval":"5m","verdict":"WAIT","score":47,"price":1.225,"msg":"scanner"}
{"level":30,"time":1772962140482,"pid":6660,"hostname":"DESKTOP-KPAMGTB","module":"binance","symbol":"BTCUSDT","interval":"1h","verdict":"WAIT","score":50,"price":67812.45,"msg":"scanner"}
{"level":30,"time":1772962140665,"pid":6660,"hostname":"DESKTOP-KPAMGTB","module":"binance","symbol":"ETHUSDT","interval":"1h","verdict":"WAIT","score":60,"price":1968.58,"msg":"scanner"}
{"level":30,"time":1772962140678,"pid":6660,"hostname":"DESKTOP-KPAMGTB","module":"binance","symbol":"ETHUSDT","interval":"5m","verdict":"WAIT","score":63,"price":1968.58,"msg":"scanner"}
{"level":30,"time":1772962141027,"pid":6660,"hostname":"DESKTOP-KPAMGTB","module":"binance","symbol":"BNBUSDT","interval":"5m","verdict":"WAIT","score":50,"price":620.81,"msg":"scanner"}
{"level":30,"time":1772962141094,"pid":6660,"hostname":"DESKTOP-KPAMGTB","module":"binance","symbol":"BNBUSDT","interval":"1h","verdict":"WAIT","score":60,"price":620.81,"msg":"scanner"}
{"level":30,"time":1772962141138,"pid":6660,"hostname":"DESKTOP-KPAMGTB","module":"binance","symbol":"SOLUSDT","interval":"5m","verdict":"WAIT","score":60,"price":83.34,"msg":"scanner"}
{"level":30,"time":1772962141307,"pid":6660,"hostname":"DESKTOP-KPAMGTB","module":"binance","symbol":"SOLUSDT","interval":"1h","verdict":"WAIT","score":60,"price":83.34,"msg":"scanner"}
{"level":30,"time":1772962141481,"pid":6660,"hostname":"DESKTOP-KPAMGTB","module":"binance","symbol":"BTCUSDT","interval":"5m","verdict":"WAIT","score":57,"price":67812.46,"msg":"scanner"}
{"level":30,"time":1772962141555,"pid":6660,"hostname":"DESKTOP-KPAMGTB","module":"binance","symbol":"XRPUSDT","interval":"1h","verdict":"WAIT","score":53,"price":1.3647,"msg":"scanner"}
{"level":30,"time":1772962141563,"pid":6660,"hostname":"DESKTOP-KPAMGTB","module":"binance","symbol":"XRPUSDT","interval":"5m","verdict":"WAIT","score":63,"price":1.3647,"msg":"scanner"}
{"level":30,"time":1772962141793,"pid":6660,"hostname":"DESKTOP-KPAMGTB","module":"binance","symbol":"DOGEUSDT","interval":"5m","verdict":"BUY","score":67,"price":0.08996,"msg":"scanner"}
{"level":30,"time":1772962141963,"pid":6660,"hostname":"DESKTOP-KPAMGTB","module":"binance","symbol":"DOGEUSDT","interval":"1h","verdict":"WAIT","score":57,"price":0.08996,"msg":"scanner"}
{"level":30,"time":1772962142001,"pid":6660,"hostname":"DESKTOP-KPAMGTB","module":"binance","symbol":"ADAUSDT","interval":"5m","verdict":"WAIT","score":63,"price":0.2541,"msg":"scanner"}
{"level":30,"time":1772962142147,"pid":6660,"hostname":"DESKTOP-KPAMGTB","module":"binance","symbol":"ADAUSDT","interval":"1h","verdict":"WAIT","score":57,"price":0.2541,"msg":"scanner"}
{"level":30,"time":1772962142459,"pid":6660,"hostname":"DESKTOP-KPAMGTB","module":"binance","symbol":"AVAXUSDT","interval":"5m","verdict":"WAIT","score":60,"price":8.93,"msg":"scanner"}
{"level":30,"time":1772962142540,"pid":6660,"hostname":"DESKTOP-KPAMGTB","module":"binance","symbol":"AVAXUSDT","interval":"1h","verdict":"WAIT","score":57,"price":8.93,"msg":"scanner"}
{"level":30,"time":1772962142633,"pid":6660,"hostname":"DESKTOP-KPAMGTB","module":"binance","symbol":"TRXUSDT","interval":"5m","verdict":"WAIT","score":50,"price":0.2867,"msg":"scanner"}
{"level":30,"time":1772962143102,"pid":6660,"hostname":"DESKTOP-KPAMGTB","module":"binance","symbol":"DOTUSDT","interval":"5m","verdict":"WAIT","score":63,"price":1.458,"msg":"scanner"}
{"level":30,"time":1772962143148,"pid":6660,"hostname":"DESKTOP-KPAMGTB","module":"binance","symbol":"DOTUSDT","interval":"1h","verdict":"WAIT","score":60,"price":1.458,"msg":"scanner"}
{"level":30,"time":1772962143258,"pid":6660,"hostname":"DESKTOP-KPAMGTB","module":"binance","symbol":"LINKUSDT","interval":"5m","verdict":"WAIT","score":63,"price":8.71,"msg":"scanner"}
{"level":30,"time":1772962143275,"pid":6660,"hostname":"DESKTOP-KPAMGTB","module":"binance","symbol":"TRXUSDT","interval":"1h","verdict":"WAIT","score":60,"price":0.2867,"msg":"scanner"}
{"level":30,"time":1772962143439,"pid":6660,"hostname":"DESKTOP-KPAMGTB","module":"binance","symbol":"LINKUSDT","interval":"1h","verdict":"WAIT","score":60,"price":8.71,"msg":"scanner"}
{"level":30,"time":1772962143643,"pid":6660,"hostname":"DESKTOP-KPAMGTB","module":"binance","symbol":"MATICUSDT","interval":"5m","verdict":"WAIT","score":57,"price":0.3794,"msg":"scanner"}
{"level":30,"time":1772962143752,"pid":6660,"hostname":"DESKTOP-KPAMGTB","module":"binance","symbol":"MATICUSDT","interval":"1h","verdict":"WAIT","score":50,"price":0.3794,"msg":"scanner"}
{"level":30,"time":1772962143893,"pid":6660,"hostname":"DESKTOP-KPAMGTB","module":"binance","symbol":"LTCUSDT","interval":"1h","verdict":"WAIT","score":43,"price":53.31,"msg":"scanner"}
{"level":30,"time":1772962144022,"pid":6660,"hostname":"DESKTOP-KPAMGTB","module":"binance","symbol":"SHIBUSDT","interval":"5m","verdict":"BUY","score":67,"price":0.00000534,"msg":"scanner"}
{"level":30,"time":1772962144064,"pid":6660,"hostname":"DESKTOP-KPAMGTB","module":"binance","symbol":"SHIBUSDT","interval":"1h","verdict":"WAIT","score":57,"price":0.00000534,"msg":"scanner"}
{"level":30,"time":1772962144277,"pid":6660,"hostname":"DESKTOP-KPAMGTB","module":"binance","symbol":"LTCUSDT","interval":"5m","verdict":"WAIT","score":63,"price":53.31,"msg":"scanner"}
{"level":30,"time":1772962144302,"pid":6660,"hostname":"DESKTOP-KPAMGTB","module":"binance","symbol":"UNIUSDT","interval":"1h","verdict":"WAIT","score":63,"price":3.759,"msg":"scanner"}
{"level":30,"time":1772962144617,"pid":6660,"hostname":"DESKTOP-KPAMGTB","module":"binance","symbol":"ATOMUSDT","interval":"5m","verdict":"WAIT","score":57,"price":1.764,"msg":"scanner"}
{"level":30,"time":1772962144634,"pid":6660,"hostname":"DESKTOP-KPAMGTB","module":"binance","symbol":"ATOMUSDT","interval":"1h","verdict":"WAIT","score":47,"price":1.764,"msg":"scanner"}
{"level":30,"time":1772962144682,"pid":6660,"hostname":"DESKTOP-KPAMGTB","module":"binance","symbol":"UNIUSDT","interval":"5m","verdict":"WAIT","score":63,"price":3.759,"msg":"scanner"}
{"level":30,"time":1772962144967,"pid":6660,"hostname":"DESKTOP-KPAMGTB","module":"binance","symbol":"ETCUSDT","interval":"1h","verdict":"WAIT","score":57,"price":8.12,"msg":"scanner"}
{"level":30,"time":1772962145005,"pid":6660,"hostname":"DESKTOP-KPAMGTB","module":"binance","symbol":"ETCUSDT","interval":"5m","verdict":"WAIT","score":60,"price":8.12,"msg":"scanner"}
{"level":30,"time":1772962145082,"pid":6660,"hostname":"DESKTOP-KPAMGTB","module":"binance","symbol":"XLMUSDT","interval":"5m","verdict":"WAIT","score":63,"price":0.1511,"msg":"scanner"}
{"level":30,"time":1772962145125,"pid":6660,"hostname":"DESKTOP-KPAMGTB","module":"binance","symbol":"XLMUSDT","interval":"1h","verdict":"WAIT","score":50,"price":0.1511,"msg":"scanner"}
{"level":30,"time":1772962145314,"pid":6660,"hostname":"DESKTOP-KPAMGTB","module":"binance","symbol":"APTUSDT","interval":"5m","verdict":"BUY","score":67,"price":0.944,"msg":"scanner"}
{"level":30,"time":1772962145350,"pid":6660,"hostname":"DESKTOP-KPAMGTB","module":"binance","symbol":"APTUSDT","interval":"1h","verdict":"WAIT","score":57,"price":0.944,"msg":"scanner"}
{"level":30,"time":1772962145476,"pid":6660,"hostname":"DESKTOP-KPAMGTB","module":"binance","symbol":"NEARUSDT","interval":"1h","verdict":"WAIT","score":57,"price":1.226,"msg":"scanner"}
{"level":30,"time":1772962145498,"pid":6660,"hostname":"DESKTOP-KPAMGTB","module":"binance","symbol":"NEARUSDT","interval":"5m","verdict":"WAIT","score":47,"price":1.226,"msg":"scanner"}
{"level":30,"time":1772962273605,"pid":6660,"hostname":"DESKTOP-KPAMGTB","module":"binance","symbol":"BTCUSDT","interval":"5m","verdict":"WAIT","score":50,"price":67770.78,"msg":"scanner"}
{"level":30,"time":1772962273659,"pid":6660,"hostname":"DESKTOP-KPAMGTB","module":"binance","symbol":"ETHUSDT","interval":"5m","verdict":"WAIT","score":57,"price":1967.01,"msg":"scanner"}
{"level":30,"time":1772962273872,"pid":6660,"hostname":"DESKTOP-KPAMGTB","module":"binance","symbol":"BNBUSDT","interval":"5m","verdict":"WAIT","score":53,"price":620.4,"msg":"scanner"}
{"level":30,"time":1772962274020,"pid":6660,"hostname":"DESKTOP-KPAMGTB","module":"binance","symbol":"SOLUSDT","interval":"5m","verdict":"WAIT","score":53,"price":83.29,"msg":"scanner"}
{"level":30,"time":1772962274717,"pid":6660,"hostname":"DESKTOP-KPAMGTB","module":"binance","symbol":"XRPUSDT","interval":"5m","verdict":"WAIT","score":53,"price":1.3633,"msg":"scanner"}
{"level":30,"time":1772962274736,"pid":6660,"hostname":"DESKTOP-KPAMGTB","module":"binance","symbol":"ADAUSDT","interval":"5m","verdict":"WAIT","score":57,"price":0.2538,"msg":"scanner"}
{"level":30,"time":1772962274819,"pid":6660,"hostname":"DESKTOP-KPAMGTB","module":"binance","symbol":"DOGEUSDT","interval":"5m","verdict":"WAIT","score":53,"price":0.08987,"msg":"scanner"}
{"level":30,"time":1772962275049,"pid":6660,"hostname":"DESKTOP-KPAMGTB","module":"binance","symbol":"AVAXUSDT","interval":"5m","verdict":"WAIT","score":60,"price":8.93,"msg":"scanner"}
{"level":30,"time":1772962275209,"pid":6660,"hostname":"DESKTOP-KPAMGTB","module":"binance","symbol":"TRXUSDT","interval":"5m","verdict":"WAIT","score":60,"price":0.2868,"msg":"scanner"}
{"level":30,"time":1772962275651,"pid":6660,"hostname":"DESKTOP-KPAMGTB","module":"binance","symbol":"DOTUSDT","interval":"5m","verdict":"WAIT","score":50,"price":1.456,"msg":"scanner"}
{"level":30,"time":1772962275665,"pid":6660,"hostname":"DESKTOP-KPAMGTB","module":"binance","symbol":"LINKUSDT","interval":"5m","verdict":"WAIT","score":53,"price":8.7,"msg":"scanner"}
{"level":30,"time":1772962275900,"pid":6660,"hostname":"DESKTOP-KPAMGTB","module":"binance","symbol":"MATICUSDT","interval":"5m","verdict":"WAIT","score":57,"price":0.3794,"msg":"scanner"}
{"level":30,"time":1772962276091,"pid":6660,"hostname":"DESKTOP-KPAMGTB","module":"binance","symbol":"LTCUSDT","interval":"5m","verdict":"WAIT","score":60,"price":53.3,"msg":"scanner"}
{"level":30,"time":1772962276226,"pid":6660,"hostname":"DESKTOP-KPAMGTB","module":"binance","symbol":"SHIBUSDT","interval":"5m","verdict":"WAIT","score":50,"price":0.00000533,"msg":"scanner"}
{"level":30,"time":1772962276510,"pid":6660,"hostname":"DESKTOP-KPAMGTB","module":"binance","symbol":"UNIUSDT","interval":"5m","verdict":"WAIT","score":50,"price":3.757,"msg":"scanner"}
{"level":30,"time":1772962276735,"pid":6660,"hostname":"DESKTOP-KPAMGTB","module":"binance","symbol":"ATOMUSDT","interval":"5m","verdict":"WAIT","score":53,"price":1.764,"msg":"scanner"}
{"level":30,"time":1772962276862,"pid":6660,"hostname":"DESKTOP-KPAMGTB","module":"binance","symbol":"ETCUSDT","interval":"5m","verdict":"WAIT","score":57,"price":8.12,"msg":"scanner"}
{"level":30,"time":1772962277021,"pid":6660,"hostname":"DESKTOP-KPAMGTB","module":"binance","symbol":"XLMUSDT","interval":"5m","verdict":"WAIT","score":57,"price":0.151,"msg":"scanner"}
{"level":30,"time":1772962277173,"pid":6660,"hostname":"DESKTOP-KPAMGTB","module":"binance","symbol":"APTUSDT","interval":"5m","verdict":"WAIT","score":53,"price":0.942,"msg":"scanner"}
{"level":30,"time":1772962277351,"pid":6660,"hostname":"DESKTOP-KPAMGTB","module":"binance","symbol":"NEARUSDT","interval":"5m","verdict":"WAIT","score":47,"price":1.226,"msg":"scanner"}
{"level":30,"time":1772962282738,"pid":6660,"hostname":"DESKTOP-KPAMGTB","module":"binance","assets":14,"msg":"balance"}
{"level":30,"time":1772962291763,"pid":6660,"hostname":"DESKTOP-KPAMGTB","module":"binance","assets":14,"msg":"balance"}
{"level":30,"time":1772962420862,"pid":6660,"hostname":"DESKTOP-KPAMGTB","module":"binance","symbol":"ETHUSDT","interval":"5m","verdict":"WAIT","score":57,"price":1967.76,"msg":"scanner"}
{"level":30,"time":1772962421085,"pid":6660,"hostname":"DESKTOP-KPAMGTB","module":"binance","symbol":"BTCUSDT","interval":"5m","verdict":"WAIT","score":57,"price":67781.79,"msg":"scanner"}
{"level":30,"time":1772962421123,"pid":6660,"hostname":"DESKTOP-KPAMGTB","module":"binance","symbol":"BNBUSDT","interval":"5m","verdict":"WAIT","score":50,"price":620.63,"msg":"scanner"}
{"level":30,"time":1772962421298,"pid":6660,"hostname":"DESKTOP-KPAMGTB","module":"binance","symbol":"SOLUSDT","interval":"5m","verdict":"WAIT","score":53,"price":83.27,"msg":"scanner"}
{"level":30,"time":1772962421542,"pid":6660,"hostname":"DESKTOP-KPAMGTB","module":"binance","symbol":"XRPUSDT","interval":"5m","verdict":"WAIT","score":50,"price":1.3638,"msg":"scanner"}
{"level":30,"time":1772962421744,"pid":6660,"hostname":"DESKTOP-KPAMGTB","module":"binance","symbol":"DOGEUSDT","interval":"5m","verdict":"WAIT","score":57,"price":0.0899,"msg":"scanner"}
{"level":30,"time":1772962421961,"pid":6660,"hostname":"DESKTOP-KPAMGTB","module":"binance","symbol":"ADAUSDT","interval":"5m","verdict":"WAIT","score":63,"price":0.254,"msg":"scanner"}
{"level":30,"time":1772962422228,"pid":6660,"hostname":"DESKTOP-KPAMGTB","module":"binance","symbol":"AVAXUSDT","interval":"5m","verdict":"WAIT","score":60,"price":8.93,"msg":"scanner"}
{"level":30,"time":1772962422339,"pid":6660,"hostname":"DESKTOP-KPAMGTB","module":"binance","symbol":"TRXUSDT","interval":"5m","verdict":"WAIT","score":50,"price":0.2867,"msg":"scanner"}
{"level":30,"time":1772962422510,"pid":6660,"hostname":"DESKTOP-KPAMGTB","module":"binance","symbol":"DOTUSDT","interval":"5m","verdict":"WAIT","score":50,"price":1.455,"msg":"scanner"}
{"level":30,"time":1772962422840,"pid":6660,"hostname":"DESKTOP-KPAMGTB","module":"binance","symbol":"LINKUSDT","interval":"5m","verdict":"WAIT","score":53,"price":8.7,"msg":"scanner"}
{"level":30,"time":1772962423031,"pid":6660,"hostname":"DESKTOP-KPAMGTB","module":"binance","symbol":"MATICUSDT","interval":"5m","verdict":"WAIT","score":57,"price":0.3794,"msg":"scanner"}
{"level":30,"time":1772962423187,"pid":6660,"hostname":"DESKTOP-KPAMGTB","module":"binance","symbol":"LTCUSDT","interval":"5m","verdict":"WAIT","score":60,"price":53.31,"msg":"scanner"}
{"level":30,"time":1772962423381,"pid":6660,"hostname":"DESKTOP-KPAMGTB","module":"binance","symbol":"SHIBUSDT","interval":"5m","verdict":"WAIT","score":50,"price":0.00000533,"msg":"scanner"}
{"level":30,"time":1772962423752,"pid":6660,"hostname":"DESKTOP-KPAMGTB","module":"binance","symbol":"ATOMUSDT","interval":"5m","verdict":"WAIT","score":53,"price":1.764,"msg":"scanner"}
{"level":30,"time":1772962423919,"pid":6660,"hostname":"DESKTOP-KPAMGTB","module":"binance","symbol":"ETCUSDT","interval":"5m","verdict":"WAIT","score":57,"price":8.12,"msg":"scanner"}
{"level":30,"time":1772962423937,"pid":6660,"hostname":"DESKTOP-KPAMGTB","module":"binance","symbol":"UNIUSDT","interval":"5m","verdict":"WAIT","score":50,"price":3.757,"msg":"scanner"}
{"level":30,"time":1772962424283,"pid":6660,"hostname":"DESKTOP-KPAMGTB","module":"binance","symbol":"APTUSDT","interval":"5m","verdict":"WAIT","score":63,"price":0.943,"msg":"scanner"}
{"level":30,"time":1772962424405,"pid":6660,"hostname":"DESKTOP-KPAMGTB","module":"binance","symbol":"NEARUSDT","interval":"5m","verdict":"WAIT","score":47,"price":1.226,"msg":"scanner"}
{"level":30,"time":1772962424554,"pid":6660,"hostname":"DESKTOP-KPAMGTB","module":"binance","symbol":"XLMUSDT","interval":"5m","verdict":"WAIT","score":63,"price":0.1511,"msg":"scanner"}
{"level":30,"time":1772962447390,"pid":6660,"hostname":"DESKTOP-KPAMGTB","module":"binance","symbol":"BTCUSDT","interval":"4h","verdict":"WAIT","score":50,"price":67756.13,"msg":"scanner"}
{"level":30,"time":1772962447430,"pid":6660,"hostname":"DESKTOP-KPAMGTB","module":"binance","symbol":"ETHUSDT","interval":"1h","verdict":"WAIT","score":60,"price":1966.92,"msg":"scanner"}
{"level":30,"time":1772962447442,"pid":6660,"hostname":"DESKTOP-KPAMGTB","module":"binance","symbol":"ETHUSDT","interval":"4h","verdict":"WAIT","score":53,"price":1966.92,"msg":"scanner"}
{"level":30,"time":1772962447451,"pid":6660,"hostname":"DESKTOP-KPAMGTB","module":"binance","symbol":"BTCUSDT","interval":"1h","verdict":"WAIT","score":57,"price":67756.13,"msg":"scanner"}
{"level":30,"time":1772962447745,"pid":6660,"hostname":"DESKTOP-KPAMGTB","module":"binance","symbol":"BNBUSDT","interval":"1h","verdict":"BUY","score":67,"price":620.55,"msg":"scanner"}
{"level":30,"time":1772962447813,"pid":6660,"hostname":"DESKTOP-KPAMGTB","module":"binance","symbol":"BNBUSDT","interval":"4h","verdict":"WAIT","score":50,"price":620.55,"msg":"scanner"}
{"level":30,"time":1772962447851,"pid":6660,"hostname":"DESKTOP-KPAMGTB","module":"binance","symbol":"SOLUSDT","interval":"1h","verdict":"WAIT","score":60,"price":83.24,"msg":"scanner"}
{"level":30,"time":1772962447905,"pid":6660,"hostname":"DESKTOP-KPAMGTB","module":"binance","symbol":"SOLUSDT","interval":"4h","verdict":"WAIT","score":50,"price":83.25,"msg":"scanner"}
{"level":30,"time":1772962448092,"pid":6660,"hostname":"DESKTOP-KPAMGTB","module":"binance","symbol":"XRPUSDT","interval":"1h","verdict":"WAIT","score":50,"price":1.3635,"msg":"scanner"}
{"level":30,"time":1772962448139,"pid":6660,"hostname":"DESKTOP-KPAMGTB","module":"binance","symbol":"XRPUSDT","interval":"4h","verdict":"WAIT","score":47,"price":1.3635,"msg":"scanner"}
{"level":30,"time":1772962448240,"pid":6660,"hostname":"DESKTOP-KPAMGTB","module":"binance","symbol":"DOGEUSDT","interval":"1h","verdict":"WAIT","score":57,"price":0.08988,"msg":"scanner"}
{"level":30,"time":1772962448311,"pid":6660,"hostname":"DESKTOP-KPAMGTB","module":"binance","symbol":"DOGEUSDT","interval":"4h","verdict":"WAIT","score":53,"price":0.08988,"msg":"scanner"}
{"level":30,"time":1772962448448,"pid":6660,"hostname":"DESKTOP-KPAMGTB","module":"binance","symbol":"ADAUSDT","interval":"1h","verdict":"WAIT","score":57,"price":0.2539,"msg":"scanner"}
{"level":30,"time":1772962448474,"pid":6660,"hostname":"DESKTOP-KPAMGTB","module":"binance","symbol":"ADAUSDT","interval":"4h","verdict":"WAIT","score":50,"price":0.2539,"msg":"scanner"}
{"level":30,"time":1772962448615,"pid":6660,"hostname":"DESKTOP-KPAMGTB","module":"binance","symbol":"AVAXUSDT","interval":"4h","verdict":"WAIT","score":53,"price":8.93,"msg":"scanner"}
{"level":30,"time":1772962448658,"pid":6660,"hostname":"DESKTOP-KPAMGTB","module":"binance","symbol":"AVAXUSDT","interval":"1h","verdict":"WAIT","score":57,"price":8.93,"msg":"scanner"}
{"level":30,"time":1772962448830,"pid":6660,"hostname":"DESKTOP-KPAMGTB","module":"binance","symbol":"TRXUSDT","interval":"4h","verdict":"WAIT","score":63,"price":0.2868,"msg":"scanner"}
{"level":30,"time":1772962448853,"pid":6660,"hostname":"DESKTOP-KPAMGTB","module":"binance","symbol":"TRXUSDT","interval":"1h","verdict":"BUY","score":70,"price":0.2868,"msg":"scanner"}
{"level":30,"time":1772962448998,"pid":6660,"hostname":"DESKTOP-KPAMGTB","module":"binance","symbol":"DOTUSDT","interval":"1h","verdict":"WAIT","score":60,"price":1.455,"msg":"scanner"}
{"level":30,"time":1772962449016,"pid":6660,"hostname":"DESKTOP-KPAMGTB","module":"binance","symbol":"DOTUSDT","interval":"4h","verdict":"WAIT","score":50,"price":1.455,"msg":"scanner"}
{"level":30,"time":1772962449218,"pid":6660,"hostname":"DESKTOP-KPAMGTB","module":"binance","symbol":"LINKUSDT","interval":"1h","verdict":"WAIT","score":63,"price":8.69,"msg":"scanner"}
{"level":30,"time":1772962449237,"pid":6660,"hostname":"DESKTOP-KPAMGTB","module":"binance","symbol":"LINKUSDT","interval":"4h","verdict":"WAIT","score":50,"price":8.69,"msg":"scanner"}
{"level":30,"time":1772962449373,"pid":6660,"hostname":"DESKTOP-KPAMGTB","module":"binance","symbol":"MATICUSDT","interval":"1h","verdict":"WAIT","score":50,"price":0.3794,"msg":"scanner"}
{"level":30,"time":1772962449396,"pid":6660,"hostname":"DESKTOP-KPAMGTB","module":"binance","symbol":"MATICUSDT","interval":"4h","verdict":"WAIT","score":43,"price":0.3794,"msg":"scanner"}
{"level":30,"time":1772962449560,"pid":6660,"hostname":"DESKTOP-KPAMGTB","module":"binance","symbol":"LTCUSDT","interval":"1h","verdict":"WAIT","score":43,"price":53.28,"msg":"scanner"}
{"level":30,"time":1772962449637,"pid":6660,"hostname":"DESKTOP-KPAMGTB","module":"binance","symbol":"LTCUSDT","interval":"4h","verdict":"WAIT","score":57,"price":53.28,"msg":"scanner"}
{"level":30,"time":1772962449736,"pid":6660,"hostname":"DESKTOP-KPAMGTB","module":"binance","symbol":"SHIBUSDT","interval":"1h","verdict":"WAIT","score":50,"price":0.00000532,"msg":"scanner"}
{"level":30,"time":1772962449807,"pid":6660,"hostname":"DESKTOP-KPAMGTB","module":"binance","symbol":"SHIBUSDT","interval":"4h","verdict":"WAIT","score":53,"price":0.00000532,"msg":"scanner"}
{"level":30,"time":1772962449958,"pid":6660,"hostname":"DESKTOP-KPAMGTB","module":"binance","symbol":"UNIUSDT","interval":"1h","verdict":"WAIT","score":57,"price":3.755,"msg":"scanner"}
{"level":30,"time":1772962450018,"pid":6660,"hostname":"DESKTOP-KPAMGTB","module":"binance","symbol":"UNIUSDT","interval":"4h","verdict":"WAIT","score":50,"price":3.755,"msg":"scanner"}
{"level":30,"time":1772962450117,"pid":6660,"hostname":"DESKTOP-KPAMGTB","module":"binance","symbol":"ATOMUSDT","interval":"1h","verdict":"WAIT","score":47,"price":1.763,"msg":"scanner"}
{"level":30,"time":1772962450138,"pid":6660,"hostname":"DESKTOP-KPAMGTB","module":"binance","symbol":"ATOMUSDT","interval":"4h","verdict":"WAIT","score":37,"price":1.763,"msg":"scanner"}
{"level":30,"time":1772962450365,"pid":6660,"hostname":"DESKTOP-KPAMGTB","module":"binance","symbol":"ETCUSDT","interval":"1h","verdict":"WAIT","score":57,"price":8.12,"msg":"scanner"}
{"level":30,"time":1772962450393,"pid":6660,"hostname":"DESKTOP-KPAMGTB","module":"binance","symbol":"ETCUSDT","interval":"4h","verdict":"WAIT","score":50,"price":8.12,"msg":"scanner"}
{"level":30,"time":1772962450506,"pid":6660,"hostname":"DESKTOP-KPAMGTB","module":"binance","symbol":"XLMUSDT","interval":"1h","verdict":"WAIT","score":50,"price":0.1511,"msg":"scanner"}
{"level":30,"time":1772962450558,"pid":6660,"hostname":"DESKTOP-KPAMGTB","module":"binance","symbol":"XLMUSDT","interval":"4h","verdict":"WAIT","score":50,"price":0.1511,"msg":"scanner"}
{"level":30,"time":1772962450724,"pid":6660,"hostname":"DESKTOP-KPAMGTB","module":"binance","symbol":"APTUSDT","interval":"1h","verdict":"WAIT","score":60,"price":0.943,"msg":"scanner"}
{"level":30,"time":1772962450770,"pid":6660,"hostname":"DESKTOP-KPAMGTB","module":"binance","symbol":"APTUSDT","interval":"4h","verdict":"WAIT","score":47,"price":0.943,"msg":"scanner"}
{"level":30,"time":1772962450893,"pid":6660,"hostname":"DESKTOP-KPAMGTB","module":"binance","symbol":"NEARUSDT","interval":"1h","verdict":"WAIT","score":63,"price":1.227,"msg":"scanner"}
{"level":30,"time":1772962450911,"pid":6660,"hostname":"DESKTOP-KPAMGTB","module":"binance","symbol":"NEARUSDT","interval":"4h","verdict":"WAIT","score":43,"price":1.227,"msg":"scanner"}
{"level":30,"time":1772962529955,"pid":6660,"hostname":"DESKTOP-KPAMGTB","module":"binance","symbol":"ETHUSDT","interval":"5m","verdict":"WAIT","score":50,"price":1966.99,"msg":"scanner"}
{"level":30,"time":1772962530098,"pid":6660,"hostname":"DESKTOP-KPAMGTB","module":"binance","symbol":"BNBUSDT","interval":"5m","verdict":"WAIT","score":53,"price":620.65,"msg":"scanner"}
{"level":30,"time":1772962530189,"pid":6660,"hostname":"DESKTOP-KPAMGTB","module":"binance","symbol":"SOLUSDT","interval":"5m","verdict":"WAIT","score":50,"price":83.22,"msg":"scanner"}
{"level":30,"time":1772962530377,"pid":6660,"hostname":"DESKTOP-KPAMGTB","module":"binance","symbol":"XRPUSDT","interval":"5m","verdict":"WAIT","score":53,"price":1.3632,"msg":"scanner"}
{"level":30,"time":1772962530475,"pid":6660,"hostname":"DESKTOP-KPAMGTB","module":"binance","symbol":"BTCUSDT","interval":"5m","verdict":"WAIT","score":50,"price":67759.17,"msg":"scanner"}
{"level":30,"time":1772962530593,"pid":6660,"hostname":"DESKTOP-KPAMGTB","module":"binance","symbol":"DOGEUSDT","interval":"5m","verdict":"WAIT","score":53,"price":0.08985,"msg":"scanner"}
{"level":30,"time":1772962530772,"pid":6660,"hostname":"DESKTOP-KPAMGTB","module":"binance","symbol":"ADAUSDT","interval":"5m","verdict":"WAIT","score":57,"price":0.254,"msg":"scanner"}
{"level":30,"time":1772962530896,"pid":6660,"hostname":"DESKTOP-KPAMGTB","module":"binance","symbol":"AVAXUSDT","interval":"5m","verdict":"WAIT","score":53,"price":8.94,"msg":"scanner"}
{"level":30,"time":1772962531090,"pid":6660,"hostname":"DESKTOP-KPAMGTB","module":"binance","symbol":"TRXUSDT","interval":"5m","verdict":"WAIT","score":53,"price":0.2868,"msg":"scanner"}
{"level":30,"time":1772962531225,"pid":6660,"hostname":"DESKTOP-KPAMGTB","module":"binance","symbol":"DOTUSDT","interval":"5m","verdict":"WAIT","score":47,"price":1.455,"msg":"scanner"}
{"level":30,"time":1772962531443,"pid":6660,"hostname":"DESKTOP-KPAMGTB","module":"binance","symbol":"LINKUSDT","interval":"5m","verdict":"WAIT","score":47,"price":8.69,"msg":"scanner"}
{"level":30,"time":1772962531559,"pid":6660,"hostname":"DESKTOP-KPAMGTB","module":"binance","symbol":"MATICUSDT","interval":"5m","verdict":"WAIT","score":57,"price":0.3794,"msg":"scanner"}
{"level":30,"time":1772962531662,"pid":6660,"hostname":"DESKTOP-KPAMGTB","module":"binance","symbol":"LTCUSDT","interval":"5m","verdict":"WAIT","score":53,"price":53.28,"msg":"scanner"}
{"level":30,"time":1772962531988,"pid":6660,"hostname":"DESKTOP-KPAMGTB","module":"binance","symbol":"SHIBUSDT","interval":"5m","verdict":"WAIT","score":53,"price":0.00000532,"msg":"scanner"}
{"level":30,"time":1772962532122,"pid":6660,"hostname":"DESKTOP-KPAMGTB","module":"binance","symbol":"UNIUSDT","interval":"5m","verdict":"WAIT","score":47,"price":3.753,"msg":"scanner"}
{"level":30,"time":1772962532305,"pid":6660,"hostname":"DESKTOP-KPAMGTB","module":"binance","symbol":"ATOMUSDT","interval":"5m","verdict":"WAIT","score":37,"price":1.762,"msg":"scanner"}
{"level":30,"time":1772962532440,"pid":6660,"hostname":"DESKTOP-KPAMGTB","module":"binance","symbol":"ETCUSDT","interval":"5m","verdict":"WAIT","score":50,"price":8.11,"msg":"scanner"}
{"level":30,"time":1772962532559,"pid":6660,"hostname":"DESKTOP-KPAMGTB","module":"binance","symbol":"XLMUSDT","interval":"5m","verdict":"WAIT","score":53,"price":0.151,"msg":"scanner"}
{"level":30,"time":1772962532796,"pid":6660,"hostname":"DESKTOP-KPAMGTB","module":"binance","symbol":"APTUSDT","interval":"5m","verdict":"WAIT","score":53,"price":0.942,"msg":"scanner"}
{"level":30,"time":1772962533056,"pid":6660,"hostname":"DESKTOP-KPAMGTB","module":"binance","symbol":"NEARUSDT","interval":"5m","verdict":"WAIT","score":47,"price":1.227,"msg":"scanner"}
{"level":30,"time":1772962606723,"pid":6660,"hostname":"DESKTOP-KPAMGTB","module":"binance","symbol":"BTCUSDT","interval":"5m","verdict":"WAIT","score":53,"price":67737.24,"msg":"scanner"}
{"level":30,"time":1772962606740,"pid":6660,"hostname":"DESKTOP-KPAMGTB","module":"binance","symbol":"ETHUSDT","interval":"5m","verdict":"WAIT","score":47,"price":1966.34,"msg":"scanner"}
{"level":30,"time":1772962606995,"pid":6660,"hostname":"DESKTOP-KPAMGTB","module":"binance","symbol":"BNBUSDT","interval":"5m","verdict":"WAIT","score":53,"price":620.66,"msg":"scanner"}
{"level":30,"time":1772962607074,"pid":6660,"hostname":"DESKTOP-KPAMGTB","module":"binance","symbol":"SOLUSDT","interval":"5m","verdict":"WAIT","score":50,"price":83.18,"msg":"scanner"}
{"level":30,"time":1772962607281,"pid":6660,"hostname":"DESKTOP-KPAMGTB","module":"binance","symbol":"XRPUSDT","interval":"5m","verdict":"WAIT","score":57,"price":1.3629,"msg":"scanner"}
{"level":30,"time":1772962607400,"pid":6660,"hostname":"DESKTOP-KPAMGTB","module":"binance","symbol":"DOGEUSDT","interval":"5m","verdict":"WAIT","score":53,"price":0.08979,"msg":"scanner"}
{"level":30,"time":1772962607479,"pid":6660,"hostname":"DESKTOP-KPAMGTB","module":"binance","symbol":"ADAUSDT","interval":"5m","verdict":"WAIT","score":47,"price":0.2537,"msg":"scanner"}
{"level":30,"time":1772962607696,"pid":6660,"hostname":"DESKTOP-KPAMGTB","module":"binance","symbol":"AVAXUSDT","interval":"5m","verdict":"WAIT","score":53,"price":8.93,"msg":"scanner"}
{"level":30,"time":1772962607945,"pid":6660,"hostname":"DESKTOP-KPAMGTB","module":"binance","symbol":"TRXUSDT","interval":"5m","verdict":"WAIT","score":50,"price":0.2867,"msg":"scanner"}
{"level":30,"time":1772962608062,"pid":6660,"hostname":"DESKTOP-KPAMGTB","module":"binance","symbol":"DOTUSDT","interval":"5m","verdict":"WAIT","score":47,"price":1.455,"msg":"scanner"}
{"level":30,"time":1772962608185,"pid":6660,"hostname":"DESKTOP-KPAMGTB","module":"binance","symbol":"LINKUSDT","interval":"5m","verdict":"WAIT","score":53,"price":8.68,"msg":"scanner"}
{"level":30,"time":1772962608293,"pid":6660,"hostname":"DESKTOP-KPAMGTB","module":"binance","symbol":"MATICUSDT","interval":"5m","verdict":"WAIT","score":57,"price":0.3794,"msg":"scanner"}
{"level":30,"time":1772962608422,"pid":6660,"hostname":"DESKTOP-KPAMGTB","module":"binance","symbol":"LTCUSDT","interval":"5m","verdict":"WAIT","score":53,"price":53.28,"msg":"scanner"}
{"level":30,"time":1772962608733,"pid":6660,"hostname":"DESKTOP-KPAMGTB","module":"binance","symbol":"SHIBUSDT","interval":"5m","verdict":"WAIT","score":47,"price":0.00000533,"msg":"scanner"}
{"level":30,"time":1772962608833,"pid":6660,"hostname":"DESKTOP-KPAMGTB","module":"binance","symbol":"UNIUSDT","interval":"5m","verdict":"WAIT","score":53,"price":3.751,"msg":"scanner"}
{"level":30,"time":1772962609075,"pid":6660,"hostname":"DESKTOP-KPAMGTB","module":"binance","symbol":"ATOMUSDT","interval":"5m","verdict":"WAIT","score":37,"price":1.762,"msg":"scanner"}
{"level":30,"time":1772962609203,"pid":6660,"hostname":"DESKTOP-KPAMGTB","module":"binance","symbol":"ETCUSDT","interval":"5m","verdict":"WAIT","score":50,"price":8.11,"msg":"scanner"}
{"level":30,"time":1772962609312,"pid":6660,"hostname":"DESKTOP-KPAMGTB","module":"binance","symbol":"XLMUSDT","interval":"5m","verdict":"WAIT","score":53,"price":0.1509,"msg":"scanner"}
{"level":30,"time":1772962609529,"pid":6660,"hostname":"DESKTOP-KPAMGTB","module":"binance","symbol":"APTUSDT","interval":"5m","verdict":"WAIT","score":53,"price":0.942,"msg":"scanner"}
{"level":30,"time":1772962609777,"pid":6660,"hostname":"DESKTOP-KPAMGTB","module":"binance","symbol":"NEARUSDT","interval":"5m","verdict":"WAIT","score":47,"price":1.227,"msg":"scanner"}
{"level":30,"time":1772962617039,"pid":6660,"hostname":"DESKTOP-KPAMGTB","module":"binance","assets":14,"msg":"balance"}
{"level":30,"time":1772962617288,"pid":6660,"hostname":"DESKTOP-KPAMGTB","module":"binance","assets":14,"msg":"balance"}
{"level":30,"time":1772962640258,"pid":6660,"hostname":"DESKTOP-KPAMGTB","module":"binance","assets":14,"msg":"balance"}
{"level":30,"time":1772962640513,"pid":6660,"hostname":"DESKTOP-KPAMGTB","module":"binance","assets":14,"msg":"balance"}
{"level":50,"time":1772962649731,"pid":6660,"hostname":"DESKTOP-KPAMGTB","module":"api","source":"orders/buy-and-exit","code":"BAD_PARAMS","err":"Binance /orderList/oco 400: {\"code\":-1013,\"msg\":\"The relationship of the prices for the orders is not correct.\"}","msg":"error de ruta"}
{"level":30,"time":1772962658370,"pid":6660,"hostname":"DESKTOP-KPAMGTB","module":"binance","assets":15,"msg":"balance"}
{"level":30,"time":1772962658624,"pid":6660,"hostname":"DESKTOP-KPAMGTB","module":"binance","assets":15,"msg":"balance"}
{"level":50,"time":1772962671734,"pid":6660,"hostname":"DESKTOP-KPAMGTB","module":"api","source":"orders/buy-and-exit","code":"BAD_PARAMS","err":"Binance /orderList/oco 400: {\"code\":-1013,\"msg\":\"The relationship of the prices for the orders is not correct.\"}","msg":"error de ruta"}
{"level":30,"time":1772962798926,"pid":6660,"hostname":"DESKTOP-KPAMGTB","module":"binance","symbol":"XRPUSDT","interval":"1h","verdict":"WAIT","score":50,"price":1.3624,"msg":"scanner"}
{"level":30,"time":1772962798946,"pid":6660,"hostname":"DESKTOP-KPAMGTB","module":"binance","symbol":"BTCUSDT","interval":"1h","verdict":"WAIT","score":60,"price":67753.94,"msg":"scanner"}
{"level":30,"time":1772962798952,"pid":6660,"hostname":"DESKTOP-KPAMGTB","module":"binance","symbol":"SOLUSDT","interval":"1h","verdict":"WAIT","score":60,"price":83.16,"msg":"scanner"}
{"level":30,"time":1772962798964,"pid":6660,"hostname":"DESKTOP-KPAMGTB","module":"binance","symbol":"ETHUSDT","interval":"1h","verdict":"WAIT","score":60,"price":1966.65,"msg":"scanner"}
{"level":30,"time":1772962799055,"pid":6660,"hostname":"DESKTOP-KPAMGTB","module":"binance","symbol":"BNBUSDT","interval":"1h","verdict":"WAIT","score":60,"price":620.33,"msg":"scanner"}
{"level":30,"time":1772962799218,"pid":6660,"hostname":"DESKTOP-KPAMGTB","module":"binance","symbol":"BTCUSDT","interval":"1h","verdict":"WAIT","score":60,"price":67753.93,"msg":"scanner"}
{"level":30,"time":1772962799229,"pid":6660,"hostname":"DESKTOP-KPAMGTB","module":"binance","symbol":"SOLUSDT","interval":"1h","verdict":"WAIT","score":60,"price":83.16,"msg":"scanner"}
{"level":30,"time":1772962799316,"pid":6660,"hostname":"DESKTOP-KPAMGTB","module":"binance","symbol":"BNBUSDT","interval":"1h","verdict":"WAIT","score":60,"price":620.34,"msg":"scanner"}
{"level":30,"time":1772962799329,"pid":6660,"hostname":"DESKTOP-KPAMGTB","module":"binance","symbol":"ETHUSDT","interval":"1h","verdict":"WAIT","score":60,"price":1966.65,"msg":"scanner"}
{"level":30,"time":1772962799348,"pid":6660,"hostname":"DESKTOP-KPAMGTB","module":"binance","symbol":"XRPUSDT","interval":"1h","verdict":"WAIT","score":50,"price":1.3624,"msg":"scanner"}
{"level":30,"time":1772962801479,"pid":6660,"hostname":"DESKTOP-KPAMGTB","module":"binance","symbol":"BTCUSDT","interval":"5m","verdict":"WAIT","score":57,"price":67753.94,"msg":"scanner"}
{"level":30,"time":1772962801583,"pid":6660,"hostname":"DESKTOP-KPAMGTB","module":"binance","symbol":"ETHUSDT","interval":"5m","verdict":"WAIT","score":47,"price":1966.67,"msg":"scanner"}
{"level":30,"time":1772962801952,"pid":6660,"hostname":"DESKTOP-KPAMGTB","module":"binance","symbol":"BNBUSDT","interval":"5m","verdict":"WAIT","score":50,"price":620.35,"msg":"scanner"}
{"level":30,"time":1772962802330,"pid":6660,"hostname":"DESKTOP-KPAMGTB","module":"binance","symbol":"SOLUSDT","interval":"5m","verdict":"WAIT","score":53,"price":83.17,"msg":"scanner"}
{"level":30,"time":1772962802528,"pid":6660,"hostname":"DESKTOP-KPAMGTB","module":"binance","symbol":"XRPUSDT","interval":"5m","verdict":"WAIT","score":57,"price":1.3627,"msg":"scanner"}
{"level":30,"time":1772962802760,"pid":6660,"hostname":"DESKTOP-KPAMGTB","module":"binance","symbol":"DOGEUSDT","interval":"5m","verdict":"WAIT","score":53,"price":0.08982,"msg":"scanner"}
{"level":30,"time":1772962802927,"pid":6660,"hostname":"DESKTOP-KPAMGTB","module":"binance","symbol":"ADAUSDT","interval":"5m","verdict":"WAIT","score":47,"price":0.2539,"msg":"scanner"}
{"level":30,"time":1772962802978,"pid":6660,"hostname":"DESKTOP-KPAMGTB","module":"binance","symbol":"ADAUSDT","interval":"1h","verdict":"WAIT","score":57,"price":0.2539,"msg":"scanner"}
{"level":30,"time":1772962803058,"pid":6660,"hostname":"DESKTOP-KPAMGTB","module":"binance","symbol":"DOGEUSDT","interval":"1h","verdict":"WAIT","score":60,"price":0.08982,"msg":"scanner"}
{"level":30,"time":1772962803332,"pid":6660,"hostname":"DESKTOP-KPAMGTB","module":"binance","symbol":"AVAXUSDT","interval":"5m","verdict":"WAIT","score":53,"price":8.94,"msg":"scanner"}
{"level":30,"time":1772962803456,"pid":6660,"hostname":"DESKTOP-KPAMGTB","module":"binance","symbol":"AVAXUSDT","interval":"1h","verdict":"WAIT","score":57,"price":8.94,"msg":"scanner"}
{"level":30,"time":1772962803592,"pid":6660,"hostname":"DESKTOP-KPAMGTB","module":"binance","symbol":"TRXUSDT","interval":"5m","verdict":"WAIT","score":50,"price":0.2867,"msg":"scanner"}
{"level":30,"time":1772962803692,"pid":6660,"hostname":"DESKTOP-KPAMGTB","module":"binance","symbol":"TRXUSDT","interval":"1h","verdict":"WAIT","score":60,"price":0.2867,"msg":"scanner"}
{"level":30,"time":1772962803887,"pid":6660,"hostname":"DESKTOP-KPAMGTB","module":"binance","symbol":"DOTUSDT","interval":"5m","verdict":"WAIT","score":47,"price":1.456,"msg":"scanner"}
{"level":30,"time":1772962803902,"pid":6660,"hostname":"DESKTOP-KPAMGTB","module":"binance","symbol":"DOTUSDT","interval":"1h","verdict":"WAIT","score":60,"price":1.456,"msg":"scanner"}
{"level":30,"time":1772962804086,"pid":6660,"hostname":"DESKTOP-KPAMGTB","module":"binance","symbol":"LINKUSDT","interval":"5m","verdict":"WAIT","score":57,"price":8.68,"msg":"scanner"}
{"level":30,"time":1772962804136,"pid":6660,"hostname":"DESKTOP-KPAMGTB","module":"binance","symbol":"LINKUSDT","interval":"1h","verdict":"WAIT","score":63,"price":8.68,"msg":"scanner"}
{"level":30,"time":1772962804285,"pid":6660,"hostname":"DESKTOP-KPAMGTB","module":"binance","symbol":"MATICUSDT","interval":"5m","verdict":"WAIT","score":57,"price":0.3794,"msg":"scanner"}
{"level":30,"time":1772962804469,"pid":6660,"hostname":"DESKTOP-KPAMGTB","module":"binance","symbol":"MATICUSDT","interval":"1h","verdict":"WAIT","score":50,"price":0.3794,"msg":"scanner"}
{"level":30,"time":1772962804667,"pid":6660,"hostname":"DESKTOP-KPAMGTB","module":"binance","symbol":"LTCUSDT","interval":"5m","verdict":"WAIT","score":53,"price":53.31,"msg":"scanner"}
{"level":30,"time":1772962804796,"pid":6660,"hostname":"DESKTOP-KPAMGTB","module":"binance","symbol":"LTCUSDT","interval":"1h","verdict":"WAIT","score":43,"price":53.31,"msg":"scanner"}
{"level":30,"time":1772962804851,"pid":6660,"hostname":"DESKTOP-KPAMGTB","module":"binance","symbol":"SHIBUSDT","interval":"5m","verdict":"WAIT","score":57,"price":0.00000532,"msg":"scanner"}
{"level":30,"time":1772962805059,"pid":6660,"hostname":"DESKTOP-KPAMGTB","module":"binance","symbol":"SHIBUSDT","interval":"1h","verdict":"WAIT","score":50,"price":0.00000532,"msg":"scanner"}
{"level":30,"time":1772962805240,"pid":6660,"hostname":"DESKTOP-KPAMGTB","module":"binance","symbol":"UNIUSDT","interval":"5m","verdict":"WAIT","score":57,"price":3.751,"msg":"scanner"}
{"level":30,"time":1772962805282,"pid":6660,"hostname":"DESKTOP-KPAMGTB","module":"binance","symbol":"UNIUSDT","interval":"1h","verdict":"WAIT","score":60,"price":3.751,"msg":"scanner"}
{"level":30,"time":1772962805482,"pid":6660,"hostname":"DESKTOP-KPAMGTB","module":"binance","symbol":"ATOMUSDT","interval":"5m","verdict":"WAIT","score":43,"price":1.762,"msg":"scanner"}
{"level":30,"time":1772962805530,"pid":6660,"hostname":"DESKTOP-KPAMGTB","module":"binance","symbol":"ATOMUSDT","interval":"1h","verdict":"WAIT","score":47,"price":1.762,"msg":"scanner"}
{"level":30,"time":1772962805763,"pid":6660,"hostname":"DESKTOP-KPAMGTB","module":"binance","symbol":"ETCUSDT","interval":"5m","verdict":"WAIT","score":50,"price":8.12,"msg":"scanner"}
{"level":30,"time":1772962805778,"pid":6660,"hostname":"DESKTOP-KPAMGTB","module":"binance","symbol":"ETCUSDT","interval":"1h","verdict":"WAIT","score":57,"price":8.12,"msg":"scanner"}
{"level":30,"time":1772962805995,"pid":6660,"hostname":"DESKTOP-KPAMGTB","module":"binance","symbol":"XLMUSDT","interval":"5m","verdict":"WAIT","score":47,"price":0.151,"msg":"scanner"}
{"level":30,"time":1772962806143,"pid":6660,"hostname":"DESKTOP-KPAMGTB","module":"binance","symbol":"XLMUSDT","interval":"1h","verdict":"WAIT","score":50,"price":0.151,"msg":"scanner"}
{"level":30,"time":1772962806226,"pid":6660,"hostname":"DESKTOP-KPAMGTB","module":"binance","symbol":"APTUSDT","interval":"5m","verdict":"WAIT","score":47,"price":0.942,"msg":"scanner"}
{"level":30,"time":1772962806331,"pid":6660,"hostname":"DESKTOP-KPAMGTB","module":"binance","symbol":"APTUSDT","interval":"1h","verdict":"WAIT","score":60,"price":0.942,"msg":"scanner"}
{"level":30,"time":1772962806711,"pid":6660,"hostname":"DESKTOP-KPAMGTB","module":"binance","symbol":"NEARUSDT","interval":"5m","verdict":"WAIT","score":57,"price":1.228,"msg":"scanner"}
{"level":30,"time":1772962806742,"pid":6660,"hostname":"DESKTOP-KPAMGTB","module":"binance","symbol":"NEARUSDT","interval":"1h","verdict":"WAIT","score":60,"price":1.228,"msg":"scanner"}
{"level":30,"time":1772962827243,"pid":6660,"hostname":"DESKTOP-KPAMGTB","module":"binance","assets":15,"msg":"balance"}
{"level":30,"time":1772962827516,"pid":6660,"hostname":"DESKTOP-KPAMGTB","module":"binance","assets":15,"msg":"balance"}
{"level":30,"time":1772962873821,"pid":6660,"hostname":"DESKTOP-KPAMGTB","module":"binance","assets":15,"msg":"balance"}
{"level":30,"time":1772962874077,"pid":6660,"hostname":"DESKTOP-KPAMGTB","module":"binance","assets":15,"msg":"balance"}
{"level":30,"time":1772962886102,"pid":6660,"hostname":"DESKTOP-KPAMGTB","module":"orders","symbol":"TRXUSDT","side":"SELL","fillPrice":0.2867,"quantity":"115.10000000","tpPrice":"0.29","slStopPrice":"0.28","buyOrderId":190007538,"ocoOrderListId":2020321,"msg":"compra de mercat + OCO"}
{"level":30,"time":1772962924053,"pid":6660,"hostname":"DESKTOP-KPAMGTB","module":"binance","count":60,"msg":"trades"}
{"level":30,"time":1772962924165,"pid":6660,"hostname":"DESKTOP-KPAMGTB","module":"binance","count":30,"msg":"order history"}
{"level":30,"time":1772962924360,"pid":6660,"hostname":"DESKTOP-KPAMGTB","module":"binance","count":60,"msg":"trades"}
{"level":30,"time":1772963020245,"pid":6660,"hostname":"DESKTOP-KPAMGTB","module":"binance","assets":15,"msg":"balance"}
{"level":30,"time":1772963079327,"pid":6660,"hostname":"DESKTOP-KPAMGTB","module":"binance","count":60,"msg":"trades"}
{"level":30,"time":1772963079631,"pid":6660,"hostname":"DESKTOP-KPAMGTB","module":"binance","count":60,"msg":"trades"}
{"level":30,"time":1772963181796,"pid":6660,"hostname":"DESKTOP-KPAMGTB","module":"binance","assets":15,"msg":"balance"}
{"level":30,"time":1772963183618,"pid":6660,"hostname":"DESKTOP-KPAMGTB","module":"binance","assets":15,"msg":"balance"}
{"level":30,"time":1772963184918,"pid":6660,"hostname":"DESKTOP-KPAMGTB","module":"binance","count":60,"msg":"trades"}
{"level":30,"time":1772963185000,"pid":6660,"hostname":"DESKTOP-KPAMGTB","module":"binance","count":30,"msg":"order history"}
{"level":30,"time":1772963185306,"pid":6660,"hostname":"DESKTOP-KPAMGTB","module":"binance","count":60,"msg":"trades"}
{"level":30,"time":1772963214175,"pid":6660,"hostname":"DESKTOP-KPAMGTB","module":"binance","count":60,"msg":"trades"}
{"level":30,"time":1772963214467,"pid":6660,"hostname":"DESKTOP-KPAMGTB","module":"binance","count":60,"msg":"trades"}
{"level":30,"time":1772963238690,"pid":6660,"hostname":"DESKTOP-KPAMGTB","module":"binance","assets":15,"msg":"balance"}
{"level":30,"time":1772964000192,"pid":6660,"hostname":"DESKTOP-KPAMGTB","module":"telegram","msg":"informe horari enviat"}
{"level":30,"time":1772964085053,"pid":6660,"hostname":"DESKTOP-KPAMGTB","module":"binance","assets":15,"msg":"balance"}
{"level":30,"time":1772964877470,"pid":6660,"hostname":"DESKTOP-KPAMGTB","module":"binance","symbol":"ETHUSDT","interval":"5m","verdict":"WAIT","score":63,"price":1966.07,"msg":"scanner"}
{"level":30,"time":1772964877510,"pid":6660,"hostname":"DESKTOP-KPAMGTB","module":"binance","symbol":"BTCUSDT","interval":"4h","verdict":"WAIT","score":50,"price":67877.97,"msg":"scanner"}
{"level":30,"time":1772964877527,"pid":6660,"hostname":"DESKTOP-KPAMGTB","module":"binance","symbol":"BTCUSDT","interval":"5m","verdict":"WAIT","score":60,"price":67877.97,"msg":"scanner"}
{"level":30,"time":1772964877939,"pid":6660,"hostname":"DESKTOP-KPAMGTB","module":"binance","symbol":"BNBUSDT","interval":"5m","verdict":"BUY","score":70,"price":621.01,"msg":"scanner"}
{"level":30,"time":1772964878140,"pid":6660,"hostname":"DESKTOP-KPAMGTB","module":"binance","symbol":"BTCUSDT","interval":"1h","verdict":"WAIT","score":47,"price":67877.97,"msg":"scanner"}
{"level":30,"time":1772964878174,"pid":6660,"hostname":"DESKTOP-KPAMGTB","module":"binance","symbol":"ETHUSDT","interval":"4h","verdict":"WAIT","score":53,"price":1966.07,"msg":"scanner"}
{"level":30,"time":1772964878266,"pid":6660,"hostname":"DESKTOP-KPAMGTB","module":"binance","symbol":"BNBUSDT","interval":"1h","verdict":"WAIT","score":60,"price":621.01,"msg":"scanner"}
{"level":30,"time":1772964878576,"pid":6660,"hostname":"DESKTOP-KPAMGTB","module":"binance","symbol":"ETHUSDT","interval":"1h","verdict":"WAIT","score":60,"price":1966.07,"msg":"scanner"}
{"level":30,"time":1772964878723,"pid":6660,"hostname":"DESKTOP-KPAMGTB","module":"binance","symbol":"BNBUSDT","interval":"4h","verdict":"WAIT","score":50,"price":621.01,"msg":"scanner"}
{"level":30,"time":1772964878813,"pid":6660,"hostname":"DESKTOP-KPAMGTB","module":"binance","symbol":"SOLUSDT","interval":"5m","verdict":"WAIT","score":60,"price":83.45,"msg":"scanner"}
{"level":30,"time":1772964879140,"pid":6660,"hostname":"DESKTOP-KPAMGTB","module":"binance","symbol":"XRPUSDT","interval":"5m","verdict":"WAIT","score":57,"price":1.3625,"msg":"scanner"}
{"level":30,"time":1772964879173,"pid":6660,"hostname":"DESKTOP-KPAMGTB","module":"binance","symbol":"SOLUSDT","interval":"4h","verdict":"WAIT","score":50,"price":83.45,"msg":"scanner"}
{"level":30,"time":1772964879235,"pid":6660,"hostname":"DESKTOP-KPAMGTB","module":"binance","symbol":"XRPUSDT","interval":"1h","verdict":"WAIT","score":50,"price":1.3625,"msg":"scanner"}
{"level":30,"time":1772964879283,"pid":6660,"hostname":"DESKTOP-KPAMGTB","module":"binance","symbol":"SOLUSDT","interval":"1h","verdict":"WAIT","score":53,"price":83.45,"msg":"scanner"}
{"level":30,"time":1772964879460,"pid":6660,"hostname":"DESKTOP-KPAMGTB","module":"binance","symbol":"XRPUSDT","interval":"4h","verdict":"WAIT","score":47,"price":1.3625,"msg":"scanner"}
{"level":30,"time":1772964879585,"pid":6660,"hostname":"DESKTOP-KPAMGTB","module":"binance","symbol":"DOGEUSDT","interval":"5m","verdict":"BUY","score":67,"price":0.09035,"msg":"scanner"}
{"level":30,"time":1772964879689,"pid":6660,"hostname":"DESKTOP-KPAMGTB","module":"binance","symbol":"DOGEUSDT","interval":"4h","verdict":"WAIT","score":53,"price":0.09035,"msg":"scanner"}
{"level":30,"time":1772964879706,"pid":6660,"hostname":"DESKTOP-KPAMGTB","module":"binance","symbol":"DOGEUSDT","interval":"1h","verdict":"WAIT","score":50,"price":0.09035,"msg":"scanner"}
{"level":30,"time":1772964879838,"pid":6660,"hostname":"DESKTOP-KPAMGTB","module":"binance","symbol":"ADAUSDT","interval":"5m","verdict":"WAIT","score":60,"price":0.255,"msg":"scanner"}
{"level":30,"time":1772964879961,"pid":6660,"hostname":"DESKTOP-KPAMGTB","module":"binance","symbol":"ADAUSDT","interval":"1h","verdict":"WAIT","score":57,"price":0.255,"msg":"scanner"}
{"level":30,"time":1772964880078,"pid":6660,"hostname":"DESKTOP-KPAMGTB","module":"binance","symbol":"ADAUSDT","interval":"4h","verdict":"WAIT","score":50,"price":0.255,"msg":"scanner"}
{"level":30,"time":1772964880175,"pid":6660,"hostname":"DESKTOP-KPAMGTB","module":"binance","symbol":"AVAXUSDT","interval":"1h","verdict":"WAIT","score":53,"price":8.95,"msg":"scanner"}
{"level":30,"time":1772964880331,"pid":6660,"hostname":"DESKTOP-KPAMGTB","module":"binance","symbol":"AVAXUSDT","interval":"4h","verdict":"WAIT","score":50,"price":8.95,"msg":"scanner"}
{"level":30,"time":1772964880533,"pid":6660,"hostname":"DESKTOP-KPAMGTB","module":"binance","symbol":"TRXUSDT","interval":"5m","verdict":"WAIT","score":57,"price":0.2867,"msg":"scanner"}
{"level":30,"time":1772964880597,"pid":6660,"hostname":"DESKTOP-KPAMGTB","module":"binance","symbol":"AVAXUSDT","interval":"5m","verdict":"WAIT","score":53,"price":8.95,"msg":"scanner"}
{"level":30,"time":1772964880714,"pid":6660,"hostname":"DESKTOP-KPAMGTB","module":"binance","symbol":"TRXUSDT","interval":"1h","verdict":"WAIT","score":53,"price":0.2867,"msg":"scanner"}
{"level":30,"time":1772964880814,"pid":6660,"hostname":"DESKTOP-KPAMGTB","module":"binance","symbol":"TRXUSDT","interval":"4h","verdict":"WAIT","score":63,"price":0.2867,"msg":"scanner"}
{"level":30,"time":1772964880913,"pid":6660,"hostname":"DESKTOP-KPAMGTB","module":"binance","symbol":"DOTUSDT","interval":"5m","verdict":"WAIT","score":63,"price":1.462,"msg":"scanner"}
{"level":30,"time":1772964881005,"pid":6660,"hostname":"DESKTOP-KPAMGTB","module":"binance","symbol":"DOTUSDT","interval":"1h","verdict":"WAIT","score":53,"price":1.462,"msg":"scanner"}
{"level":30,"time":1772964881061,"pid":6660,"hostname":"DESKTOP-KPAMGTB","module":"binance","symbol":"DOTUSDT","interval":"4h","verdict":"WAIT","score":50,"price":1.462,"msg":"scanner"}
{"level":30,"time":1772964881224,"pid":6660,"hostname":"DESKTOP-KPAMGTB","module":"binance","symbol":"LINKUSDT","interval":"1h","verdict":"WAIT","score":60,"price":8.71,"msg":"scanner"}
{"level":30,"time":1772964881437,"pid":6660,"hostname":"DESKTOP-KPAMGTB","module":"binance","symbol":"LINKUSDT","interval":"4h","verdict":"WAIT","score":50,"price":8.71,"msg":"scanner"}
{"level":30,"time":1772964881523,"pid":6660,"hostname":"DESKTOP-KPAMGTB","module":"binance","symbol":"MATICUSDT","interval":"5m","verdict":"WAIT","score":57,"price":0.3794,"msg":"scanner"}
{"level":30,"time":1772964881563,"pid":6660,"hostname":"DESKTOP-KPAMGTB","module":"binance","symbol":"MATICUSDT","interval":"1h","verdict":"WAIT","score":50,"price":0.3794,"msg":"scanner"}
{"level":30,"time":1772964881628,"pid":6660,"hostname":"DESKTOP-KPAMGTB","module":"binance","symbol":"LINKUSDT","interval":"5m","verdict":"WAIT","score":60,"price":8.71,"msg":"scanner"}
{"level":30,"time":1772964881775,"pid":6660,"hostname":"DESKTOP-KPAMGTB","module":"binance","symbol":"MATICUSDT","interval":"4h","verdict":"WAIT","score":43,"price":0.3794,"msg":"scanner"}
{"level":30,"time":1772964881945,"pid":6660,"hostname":"DESKTOP-KPAMGTB","module":"binance","symbol":"LTCUSDT","interval":"5m","verdict":"WAIT","score":53,"price":53.48,"msg":"scanner"}
{"level":30,"time":1772964882033,"pid":6660,"hostname":"DESKTOP-KPAMGTB","module":"binance","symbol":"LTCUSDT","interval":"1h","verdict":"WAIT","score":53,"price":53.48,"msg":"scanner"}
{"level":30,"time":1772964882123,"pid":6660,"hostname":"DESKTOP-KPAMGTB","module":"binance","symbol":"SHIBUSDT","interval":"5m","verdict":"WAIT","score":63,"price":0.00000534,"msg":"scanner"}
{"level":30,"time":1772964882447,"pid":6660,"hostname":"DESKTOP-KPAMGTB","module":"binance","symbol":"SHIBUSDT","interval":"4h","verdict":"WAIT","score":50,"price":0.00000534,"msg":"scanner"}
{"level":30,"time":1772964882495,"pid":6660,"hostname":"DESKTOP-KPAMGTB","module":"binance","symbol":"LTCUSDT","interval":"4h","verdict":"WAIT","score":57,"price":53.48,"msg":"scanner"}
{"level":30,"time":1772964882579,"pid":6660,"hostname":"DESKTOP-KPAMGTB","module":"binance","symbol":"UNIUSDT","interval":"5m","verdict":"WAIT","score":63,"price":3.762,"msg":"scanner"}
{"level":30,"time":1772964882707,"pid":6660,"hostname":"DESKTOP-KPAMGTB","module":"binance","symbol":"SHIBUSDT","interval":"1h","verdict":"WAIT","score":53,"price":0.00000534,"msg":"scanner"}
{"level":30,"time":1772964883003,"pid":6660,"hostname":"DESKTOP-KPAMGTB","module":"binance","symbol":"UNIUSDT","interval":"1h","verdict":"WAIT","score":60,"price":3.762,"msg":"scanner"}
{"level":30,"time":1772964883052,"pid":6660,"hostname":"DESKTOP-KPAMGTB","module":"binance","symbol":"ATOMUSDT","interval":"5m","verdict":"WAIT","score":40,"price":1.761,"msg":"scanner"}
{"level":30,"time":1772964883297,"pid":6660,"hostname":"DESKTOP-KPAMGTB","module":"binance","symbol":"ATOMUSDT","interval":"1h","verdict":"WAIT","score":50,"price":1.761,"msg":"scanner"}
{"level":30,"time":1772964883358,"pid":6660,"hostname":"DESKTOP-KPAMGTB","module":"binance","symbol":"UNIUSDT","interval":"4h","verdict":"WAIT","score":50,"price":3.762,"msg":"scanner"}
{"level":30,"time":1772964883655,"pid":6660,"hostname":"DESKTOP-KPAMGTB","module":"binance","symbol":"ETCUSDT","interval":"1h","verdict":"WAIT","score":57,"price":8.12,"msg":"scanner"}
{"level":30,"time":1772964883812,"pid":6660,"hostname":"DESKTOP-KPAMGTB","module":"binance","symbol":"ATOMUSDT","interval":"4h","verdict":"WAIT","score":37,"price":1.761,"msg":"scanner"}
{"level":30,"time":1772964883870,"pid":6660,"hostname":"DESKTOP-KPAMGTB","module":"binance","symbol":"ETCUSDT","interval":"5m","verdict":"WAIT","score":47,"price":8.12,"msg":"scanner"}
{"level":30,"time":1772964883957,"pid":6660,"hostname":"DESKTOP-KPAMGTB","module":"binance","symbol":"XLMUSDT","interval":"5m","verdict":"WAIT","score":60,"price":0.1513,"msg":"scanner"}
{"level":30,"time":1772964884104,"pid":6660,"hostname":"DESKTOP-KPAMGTB","module":"binance","symbol":"XLMUSDT","interval":"1h","verdict":"WAIT","score":50,"price":0.1513,"msg":"scanner"}
{"level":30,"time":1772964884166,"pid":6660,"hostname":"DESKTOP-KPAMGTB","module":"binance","symbol":"ETCUSDT","interval":"4h","verdict":"WAIT","score":50,"price":8.12,"msg":"scanner"}
{"level":30,"time":1772964884210,"pid":6660,"hostname":"DESKTOP-KPAMGTB","module":"binance","symbol":"XLMUSDT","interval":"4h","verdict":"WAIT","score":50,"price":0.1513,"msg":"scanner"}
{"level":30,"time":1772964884301,"pid":6660,"hostname":"DESKTOP-KPAMGTB","module":"binance","symbol":"APTUSDT","interval":"5m","verdict":"WAIT","score":57,"price":0.945,"msg":"scanner"}
{"level":30,"time":1772964884580,"pid":6660,"hostname":"DESKTOP-KPAMGTB","module":"binance","symbol":"NEARUSDT","interval":"5m","verdict":"WAIT","score":57,"price":1.231,"msg":"scanner"}
{"level":30,"time":1772964884878,"pid":6660,"hostname":"DESKTOP-KPAMGTB","module":"binance","symbol":"APTUSDT","interval":"1h","verdict":"WAIT","score":47,"price":0.945,"msg":"scanner"}
{"level":30,"time":1772964884925,"pid":6660,"hostname":"DESKTOP-KPAMGTB","module":"binance","symbol":"NEARUSDT","interval":"4h","verdict":"WAIT","score":43,"price":1.231,"msg":"scanner"}
{"level":30,"time":1772964885022,"pid":6660,"hostname":"DESKTOP-KPAMGTB","module":"binance","symbol":"APTUSDT","interval":"4h","verdict":"WAIT","score":47,"price":0.945,"msg":"scanner"}
{"level":30,"time":1772964885112,"pid":6660,"hostname":"DESKTOP-KPAMGTB","module":"binance","symbol":"NEARUSDT","interval":"1h","verdict":"WAIT","score":50,"price":1.231,"msg":"scanner"}
{"level":30,"time":1772964986111,"pid":6660,"hostname":"DESKTOP-KPAMGTB","module":"binance","assets":15,"msg":"balance"}
{"level":30,"time":1772965886237,"pid":6660,"hostname":"DESKTOP-KPAMGTB","module":"binance","assets":15,"msg":"balance"}
{"level":30,"time":1772966785439,"pid":6660,"hostname":"DESKTOP-KPAMGTB","module":"binance","assets":15,"msg":"balance"}
{"level":30,"time":1772967600101,"pid":6660,"hostname":"DESKTOP-KPAMGTB","module":"telegram","msg":"informe horari enviat"}
{"level":30,"time":1772967686531,"pid":6660,"hostname":"DESKTOP-KPAMGTB","module":"binance","assets":15,"msg":"balance"}
{"level":50,"time":1772967815763,"pid":6660,"hostname":"DESKTOP-KPAMGTB","module":"trailing-engine","symbol":"BTCUSDT","count":1,"max":3,"err":"fetch failed","msg":"error al cicle"}
{"level":50,"time":1772968055597,"pid":6660,"hostname":"DESKTOP-KPAMGTB","module":"trailing-engine","symbol":"BTCUSDT","count":1,"max":3,"err":"fetch failed","msg":"error al cicle"}
{"level":30,"time":1772968586642,"pid":6660,"hostname":"DESKTOP-KPAMGTB","module":"binance","assets":15,"msg":"balance"}
{"level":30,"time":1772969487212,"pid":6660,"hostname":"DESKTOP-KPAMGTB","module":"binance","assets":15,"msg":"balance"}
{"level":30,"time":1772970387252,"pid":6660,"hostname":"DESKTOP-KPAMGTB","module":"binance","assets":15,"msg":"balance"}
{"level":30,"time":1772971199903,"pid":6660,"hostname":"DESKTOP-KPAMGTB","module":"telegram","msg":"informe horari enviat"}
{"level":30,"time":1772971287253,"pid":6660,"hostname":"DESKTOP-KPAMGTB","module":"binance","assets":15,"msg":"balance"}
{"level":30,"time":1772972153274,"pid":6660,"hostname":"DESKTOP-KPAMGTB","module":"orders","symbol":"BTCUSDT","side":"SELL","type":"STOP_LOSS_LIMIT","execPrice":66893.5,"execValue":11.371895,"orderId":20218613779,"msg":"ordre executada (fill)"}
{"level":30,"time":1772972187931,"pid":6660,"hostname":"DESKTOP-KPAMGTB","module":"binance","assets":15,"msg":"balance"}
{"level":30,"time":1772973087906,"pid":6660,"hostname":"DESKTOP-KPAMGTB","module":"binance","assets":15,"msg":"balance"}
{"level":30,"time":1772973987707,"pid":6660,"hostname":"DESKTOP-KPAMGTB","module":"binance","assets":15,"msg":"balance"}
{"level":30,"time":1772974800457,"pid":6660,"hostname":"DESKTOP-KPAMGTB","module":"telegram","msg":"informe horari enviat"}
{"level":30,"time":1772974889377,"pid":6660,"hostname":"DESKTOP-KPAMGTB","module":"binance","assets":15,"msg":"balance"}
{"level":30,"time":1772975788287,"pid":6660,"hostname":"DESKTOP-KPAMGTB","module":"binance","assets":15,"msg":"balance"}
{"level":30,"time":1772976689275,"pid":6660,"hostname":"DESKTOP-KPAMGTB","module":"binance","assets":15,"msg":"balance"}
{"level":30,"time":1772977589009,"pid":6660,"hostname":"DESKTOP-KPAMGTB","module":"binance","assets":15,"msg":"balance"}
{"level":30,"time":1772978401017,"pid":6660,"hostname":"DESKTOP-KPAMGTB","module":"telegram","msg":"informe horari enviat"}
{"level":30,"time":1772978489364,"pid":6660,"hostname":"DESKTOP-KPAMGTB","module":"binance","assets":15,"msg":"balance"}
{"level":30,"time":1772979389211,"pid":6660,"hostname":"DESKTOP-KPAMGTB","module":"binance","assets":15,"msg":"balance"}
{"level":30,"time":1772980289986,"pid":6660,"hostname":"DESKTOP-KPAMGTB","module":"binance","assets":15,"msg":"balance"}
{"level":30,"time":1772981189096,"pid":6660,"hostname":"DESKTOP-KPAMGTB","module":"binance","assets":15,"msg":"balance"}
{"level":30,"time":1772982005444,"pid":6660,"hostname":"DESKTOP-KPAMGTB","module":"telegram","msg":"informe horari enviat"}
{"level":30,"time":1772982090528,"pid":6660,"hostname":"DESKTOP-KPAMGTB","module":"binance","assets":15,"msg":"balance"}
{"level":30,"time":1772982991520,"pid":6660,"hostname":"DESKTOP-KPAMGTB","module":"binance","assets":15,"msg":"balance"}
{"level":30,"time":1772983890868,"pid":6660,"hostname":"DESKTOP-KPAMGTB","module":"binance","assets":15,"msg":"balance"}
{"level":30,"time":1772984791323,"pid":6660,"hostname":"DESKTOP-KPAMGTB","module":"binance","assets":15,"msg":"balance"}
{"level":30,"time":1772985309261,"pid":6660,"hostname":"DESKTOP-KPAMGTB","module":"binance","symbol":"BTCUSDT","interval":"1h","verdict":"WAIT","score":37,"price":67139.52,"msg":"scanner"}
{"level":30,"time":1772985309303,"pid":6660,"hostname":"DESKTOP-KPAMGTB","module":"binance","symbol":"ETHUSDT","interval":"5m","verdict":"AVOID","score":30,"price":1940.3,"msg":"scanner"}
{"level":30,"time":1772985309317,"pid":6660,"hostname":"DESKTOP-KPAMGTB","module":"binance","symbol":"BTCUSDT","interval":"5m","verdict":"AVOID","score":30,"price":67139.52,"msg":"scanner"}
{"level":30,"time":1772985309335,"pid":6660,"hostname":"DESKTOP-KPAMGTB","module":"binance","symbol":"BTCUSDT","interval":"4h","verdict":"WAIT","score":50,"price":67139.52,"msg":"scanner"}
{"level":30,"time":1772985309765,"pid":6660,"hostname":"DESKTOP-KPAMGTB","module":"binance","symbol":"ETHUSDT","interval":"1h","verdict":"WAIT","score":40,"price":1940.3,"msg":"scanner"}
{"level":30,"time":1772985309791,"pid":6660,"hostname":"DESKTOP-KPAMGTB","module":"binance","symbol":"ETHUSDT","interval":"4h","verdict":"WAIT","score":53,"price":1940.3,"msg":"scanner"}
{"level":30,"time":1772985309846,"pid":6660,"hostname":"DESKTOP-KPAMGTB","module":"binance","symbol":"BNBUSDT","interval":"5m","verdict":"WAIT","score":43,"price":616.06,"msg":"scanner"}
{"level":30,"time":1772985309885,"pid":6660,"hostname":"DESKTOP-KPAMGTB","module":"binance","symbol":"BNBUSDT","interval":"1h","verdict":"WAIT","score":37,"price":616.06,"msg":"scanner"}
{"level":30,"time":1772985310255,"pid":6660,"hostname":"DESKTOP-KPAMGTB","module":"binance","symbol":"BNBUSDT","interval":"4h","verdict":"WAIT","score":53,"price":616.05,"msg":"scanner"}
{"level":30,"time":1772985310350,"pid":6660,"hostname":"DESKTOP-KPAMGTB","module":"binance","symbol":"SOLUSDT","interval":"5m","verdict":"WAIT","score":47,"price":81.95,"msg":"scanner"}
{"level":30,"time":1772985310536,"pid":6660,"hostname":"DESKTOP-KPAMGTB","module":"binance","symbol":"SOLUSDT","interval":"1h","verdict":"WAIT","score":37,"price":81.95,"msg":"scanner"}
{"level":30,"time":1772985310664,"pid":6660,"hostname":"DESKTOP-KPAMGTB","module":"binance","symbol":"XRPUSDT","interval":"5m","verdict":"WAIT","score":47,"price":1.3445,"msg":"scanner"}
{"level":30,"time":1772985310783,"pid":6660,"hostname":"DESKTOP-KPAMGTB","module":"binance","symbol":"XRPUSDT","interval":"1h","verdict":"AVOID","score":33,"price":1.3445,"msg":"scanner"}
{"level":30,"time":1772985310954,"pid":6660,"hostname":"DESKTOP-KPAMGTB","module":"binance","symbol":"XRPUSDT","interval":"4h","verdict":"WAIT","score":50,"price":1.3445,"msg":"scanner"}
{"level":30,"time":1772985311072,"pid":6660,"hostname":"DESKTOP-KPAMGTB","module":"binance","symbol":"DOGEUSDT","interval":"5m","verdict":"WAIT","score":43,"price":0.08863,"msg":"scanner"}
{"level":30,"time":1772985311222,"pid":6660,"hostname":"DESKTOP-KPAMGTB","module":"binance","symbol":"SOLUSDT","interval":"4h","verdict":"WAIT","score":53,"price":81.95,"msg":"scanner"}
{"level":30,"time":1772985311297,"pid":6660,"hostname":"DESKTOP-KPAMGTB","module":"binance","symbol":"DOGEUSDT","interval":"1h","verdict":"WAIT","score":37,"price":0.08863,"msg":"scanner"}
{"level":30,"time":1772985311383,"pid":6660,"hostname":"DESKTOP-KPAMGTB","module":"binance","symbol":"ADAUSDT","interval":"5m","verdict":"WAIT","score":47,"price":0.2489,"msg":"scanner"}
{"level":30,"time":1772985311529,"pid":6660,"hostname":"DESKTOP-KPAMGTB","module":"binance","symbol":"ADAUSDT","interval":"1h","verdict":"AVOID","score":30,"price":0.2489,"msg":"scanner"}
{"level":30,"time":1772985311661,"pid":6660,"hostname":"DESKTOP-KPAMGTB","module":"binance","symbol":"ADAUSDT","interval":"4h","verdict":"WAIT","score":47,"price":0.2489,"msg":"scanner"}
{"level":30,"time":1772985311717,"pid":6660,"hostname":"DESKTOP-KPAMGTB","module":"binance","symbol":"AVAXUSDT","interval":"5m","verdict":"WAIT","score":43,"price":8.86,"msg":"scanner"}
{"level":30,"time":1772985311778,"pid":6660,"hostname":"DESKTOP-KPAMGTB","module":"binance","symbol":"DOGEUSDT","interval":"4h","verdict":"WAIT","score":53,"price":0.08863,"msg":"scanner"}
{"level":30,"time":1772985311911,"pid":6660,"hostname":"DESKTOP-KPAMGTB","module":"binance","symbol":"AVAXUSDT","interval":"1h","verdict":"WAIT","score":37,"price":8.86,"msg":"scanner"}
{"level":30,"time":1772985312007,"pid":6660,"hostname":"DESKTOP-KPAMGTB","module":"binance","symbol":"AVAXUSDT","interval":"4h","verdict":"WAIT","score":53,"price":8.86,"msg":"scanner"}
{"level":30,"time":1772985312234,"pid":6660,"hostname":"DESKTOP-KPAMGTB","module":"binance","symbol":"TRXUSDT","interval":"4h","verdict":"WAIT","score":63,"price":0.2885,"msg":"scanner"}
{"level":30,"time":1772985312318,"pid":6660,"hostname":"DESKTOP-KPAMGTB","module":"binance","symbol":"DOTUSDT","interval":"5m","verdict":"WAIT","score":50,"price":1.449,"msg":"scanner"}
{"level":30,"time":1772985312538,"pid":6660,"hostname":"DESKTOP-KPAMGTB","module":"binance","symbol":"DOTUSDT","interval":"1h","verdict":"WAIT","score":53,"price":1.449,"msg":"scanner"}
{"level":30,"time":1772985312582,"pid":6660,"hostname":"DESKTOP-KPAMGTB","module":"binance","symbol":"TRXUSDT","interval":"5m","verdict":"WAIT","score":47,"price":0.2885,"msg":"scanner"}
{"level":30,"time":1772985312701,"pid":6660,"hostname":"DESKTOP-KPAMGTB","module":"binance","symbol":"DOTUSDT","interval":"4h","verdict":"WAIT","score":50,"price":1.45,"msg":"scanner"}
{"level":30,"time":1772985312716,"pid":6660,"hostname":"DESKTOP-KPAMGTB","module":"binance","symbol":"TRXUSDT","interval":"1h","verdict":"BUY","score":67,"price":0.2885,"msg":"scanner"}
{"level":30,"time":1772985312999,"pid":6660,"hostname":"DESKTOP-KPAMGTB","module":"binance","symbol":"LINKUSDT","interval":"5m","verdict":"WAIT","score":47,"price":8.55,"msg":"scanner"}
{"level":30,"time":1772985313064,"pid":6660,"hostname":"DESKTOP-KPAMGTB","module":"binance","symbol":"LINKUSDT","interval":"1h","verdict":"WAIT","score":40,"price":8.55,"msg":"scanner"}
{"level":30,"time":1772985313174,"pid":6660,"hostname":"DESKTOP-KPAMGTB","module":"binance","symbol":"LINKUSDT","interval":"4h","verdict":"WAIT","score":57,"price":8.55,"msg":"scanner"}
{"level":30,"time":1772985313585,"pid":6660,"hostname":"DESKTOP-KPAMGTB","module":"binance","symbol":"MATICUSDT","interval":"5m","verdict":"WAIT","score":57,"price":0.3794,"msg":"scanner"}
{"level":30,"time":1772985313635,"pid":6660,"hostname":"DESKTOP-KPAMGTB","module":"binance","symbol":"MATICUSDT","interval":"4h","verdict":"WAIT","score":43,"price":0.3794,"msg":"scanner"}
{"level":30,"time":1772985313650,"pid":6660,"hostname":"DESKTOP-KPAMGTB","module":"binance","symbol":"LTCUSDT","interval":"5m","verdict":"WAIT","score":57,"price":52.56,"msg":"scanner"}
{"level":30,"time":1772985313770,"pid":6660,"hostname":"DESKTOP-KPAMGTB","module":"binance","symbol":"MATICUSDT","interval":"1h","verdict":"WAIT","score":50,"price":0.3794,"msg":"scanner"}
{"level":30,"time":1772985314130,"pid":6660,"hostname":"DESKTOP-KPAMGTB","module":"binance","symbol":"SHIBUSDT","interval":"5m","verdict":"WAIT","score":43,"price":0.00000527,"msg":"scanner"}
{"level":30,"time":1772985314167,"pid":6660,"hostname":"DESKTOP-KPAMGTB","module":"binance","symbol":"SHIBUSDT","interval":"1h","verdict":"WAIT","score":40,"price":0.00000527,"msg":"scanner"}
{"level":30,"time":1772985314543,"pid":6660,"hostname":"DESKTOP-KPAMGTB","module":"binance","symbol":"LTCUSDT","interval":"4h","verdict":"WAIT","score":50,"price":52.56,"msg":"scanner"}
{"level":30,"time":1772985314575,"pid":6660,"hostname":"DESKTOP-KPAMGTB","module":"binance","symbol":"SHIBUSDT","interval":"4h","verdict":"WAIT","score":50,"price":0.00000527,"msg":"scanner"}
{"level":30,"time":1772985314731,"pid":6660,"hostname":"DESKTOP-KPAMGTB","module":"binance","symbol":"LTCUSDT","interval":"1h","verdict":"AVOID","score":33,"price":52.56,"msg":"scanner"}
{"level":30,"time":1772985314966,"pid":6660,"hostname":"DESKTOP-KPAMGTB","module":"binance","symbol":"UNIUSDT","interval":"1h","verdict":"WAIT","score":37,"price":3.684,"msg":"scanner"}
{"level":30,"time":1772985315041,"pid":6660,"hostname":"DESKTOP-KPAMGTB","module":"binance","symbol":"UNIUSDT","interval":"5m","verdict":"WAIT","score":50,"price":3.684,"msg":"scanner"}
{"level":30,"time":1772985315465,"pid":6660,"hostname":"DESKTOP-KPAMGTB","module":"binance","symbol":"UNIUSDT","interval":"4h","verdict":"WAIT","score":43,"price":3.684,"msg":"scanner"}
{"level":30,"time":1772985315507,"pid":6660,"hostname":"DESKTOP-KPAMGTB","module":"binance","symbol":"ATOMUSDT","interval":"4h","verdict":"WAIT","score":37,"price":1.727,"msg":"scanner"}
{"level":30,"time":1772985315594,"pid":6660,"hostname":"DESKTOP-KPAMGTB","module":"binance","symbol":"ATOMUSDT","interval":"5m","verdict":"WAIT","score":57,"price":1.727,"msg":"scanner"}
{"level":30,"time":1772985315756,"pid":6660,"hostname":"DESKTOP-KPAMGTB","module":"binance","symbol":"ATOMUSDT","interval":"1h","verdict":"WAIT","score":40,"price":1.727,"msg":"scanner"}
{"level":30,"time":1772985315831,"pid":6660,"hostname":"DESKTOP-KPAMGTB","module":"binance","symbol":"ETCUSDT","interval":"5m","verdict":"WAIT","score":53,"price":8.01,"msg":"scanner"}
{"level":30,"time":1772985315964,"pid":6660,"hostname":"DESKTOP-KPAMGTB","module":"binance","symbol":"ETCUSDT","interval":"4h","verdict":"WAIT","score":53,"price":8.01,"msg":"scanner"}
{"level":30,"time":1772985316201,"pid":6660,"hostname":"DESKTOP-KPAMGTB","module":"binance","symbol":"XLMUSDT","interval":"1h","verdict":"WAIT","score":37,"price":0.1487,"msg":"scanner"}
{"level":30,"time":1772985316280,"pid":6660,"hostname":"DESKTOP-KPAMGTB","module":"binance","symbol":"XLMUSDT","interval":"4h","verdict":"WAIT","score":57,"price":0.1487,"msg":"scanner"}
{"level":30,"time":1772985316364,"pid":6660,"hostname":"DESKTOP-KPAMGTB","module":"binance","symbol":"ETCUSDT","interval":"1h","verdict":"WAIT","score":40,"price":8.01,"msg":"scanner"}
{"level":30,"time":1772985316572,"pid":6660,"hostname":"DESKTOP-KPAMGTB","module":"binance","symbol":"XLMUSDT","interval":"5m","verdict":"WAIT","score":53,"price":0.1487,"msg":"scanner"}
{"level":30,"time":1772985316613,"pid":6660,"hostname":"DESKTOP-KPAMGTB","module":"binance","symbol":"APTUSDT","interval":"1h","verdict":"WAIT","score":37,"price":0.93,"msg":"scanner"}
{"level":30,"time":1772985316705,"pid":6660,"hostname":"DESKTOP-KPAMGTB","module":"binance","symbol":"APTUSDT","interval":"4h","verdict":"WAIT","score":53,"price":0.93,"msg":"scanner"}
{"level":30,"time":1772985316927,"pid":6660,"hostname":"DESKTOP-KPAMGTB","module":"binance","symbol":"NEARUSDT","interval":"5m","verdict":"WAIT","score":53,"price":1.214,"msg":"scanner"}
{"level":30,"time":1772985316969,"pid":6660,"hostname":"DESKTOP-KPAMGTB","module":"binance","symbol":"APTUSDT","interval":"5m","verdict":"WAIT","score":53,"price":0.93,"msg":"scanner"}
{"level":30,"time":1772985316990,"pid":6660,"hostname":"DESKTOP-KPAMGTB","module":"binance","symbol":"NEARUSDT","interval":"1h","verdict":"WAIT","score":43,"price":1.214,"msg":"scanner"}
{"level":30,"time":1772985317035,"pid":6660,"hostname":"DESKTOP-KPAMGTB","module":"binance","symbol":"NEARUSDT","interval":"4h","verdict":"WAIT","score":47,"price":1.214,"msg":"scanner"}
{"level":30,"time":1772985359594,"pid":6660,"hostname":"DESKTOP-KPAMGTB","module":"binance","count":60,"msg":"trades"}
{"level":30,"time":1772985359865,"pid":6660,"hostname":"DESKTOP-KPAMGTB","module":"binance","count":60,"msg":"trades"}
{"level":30,"time":1772985409214,"pid":6660,"hostname":"DESKTOP-KPAMGTB","module":"binance","count":30,"msg":"order history"}
{"level":30,"time":1772985448153,"pid":6660,"hostname":"DESKTOP-KPAMGTB","module":"binance","assets":15,"msg":"balance"}
{"level":30,"time":1772985448569,"pid":6660,"hostname":"DESKTOP-KPAMGTB","module":"binance","assets":15,"msg":"balance"}
{"level":30,"time":1772985483221,"pid":6660,"hostname":"DESKTOP-KPAMGTB","module":"binance","count":60,"msg":"trades"}
{"level":30,"time":1772985483526,"pid":6660,"hostname":"DESKTOP-KPAMGTB","module":"binance","count":60,"msg":"trades"}
{"level":30,"time":1772985530071,"pid":6660,"hostname":"DESKTOP-KPAMGTB","module":"binance","symbol":"ETHUSDT","interval":"5m","verdict":"WAIT","score":40,"price":1941.92,"msg":"scanner"}
{"level":30,"time":1772985530140,"pid":6660,"hostname":"DESKTOP-KPAMGTB","module":"binance","symbol":"BTCUSDT","interval":"5m","verdict":"WAIT","score":50,"price":67208.38,"msg":"scanner"}
{"level":30,"time":1772985530492,"pid":6660,"hostname":"DESKTOP-KPAMGTB","module":"binance","symbol":"BNBUSDT","interval":"5m","verdict":"WAIT","score":40,"price":616.05,"msg":"scanner"}
{"level":30,"time":1772985530659,"pid":6660,"hostname":"DESKTOP-KPAMGTB","module":"binance","symbol":"SOLUSDT","interval":"5m","verdict":"WAIT","score":43,"price":82.04,"msg":"scanner"}
{"level":30,"time":1772985530908,"pid":6660,"hostname":"DESKTOP-KPAMGTB","module":"binance","symbol":"XRPUSDT","interval":"5m","verdict":"WAIT","score":43,"price":1.346,"msg":"scanner"}
{"level":30,"time":1772985531076,"pid":6660,"hostname":"DESKTOP-KPAMGTB","module":"binance","symbol":"DOGEUSDT","interval":"5m","verdict":"WAIT","score":50,"price":0.08867,"msg":"scanner"}
{"level":30,"time":1772985531284,"pid":6660,"hostname":"DESKTOP-KPAMGTB","module":"binance","symbol":"ADAUSDT","interval":"5m","verdict":"WAIT","score":47,"price":0.2496,"msg":"scanner"}
{"level":30,"time":1772985531473,"pid":6660,"hostname":"DESKTOP-KPAMGTB","module":"binance","symbol":"AVAXUSDT","interval":"5m","verdict":"WAIT","score":43,"price":8.87,"msg":"scanner"}
{"level":30,"time":1772985531669,"pid":6660,"hostname":"DESKTOP-KPAMGTB","module":"binance","symbol":"TRXUSDT","interval":"5m","verdict":"WAIT","score":47,"price":0.2885,"msg":"scanner"}
{"level":30,"time":1772985531898,"pid":6660,"hostname":"DESKTOP-KPAMGTB","module":"binance","symbol":"DOTUSDT","interval":"5m","verdict":"WAIT","score":53,"price":1.453,"msg":"scanner"}
{"level":30,"time":1772985532502,"pid":6660,"hostname":"DESKTOP-KPAMGTB","module":"binance","symbol":"LINKUSDT","interval":"5m","verdict":"WAIT","score":47,"price":8.57,"msg":"scanner"}
{"level":30,"time":1772985532531,"pid":6660,"hostname":"DESKTOP-KPAMGTB","module":"binance","symbol":"MATICUSDT","interval":"5m","verdict":"WAIT","score":57,"price":0.3794,"msg":"scanner"}
{"level":30,"time":1772985532714,"pid":6660,"hostname":"DESKTOP-KPAMGTB","module":"binance","symbol":"LTCUSDT","interval":"5m","verdict":"WAIT","score":57,"price":52.69,"msg":"scanner"}
{"level":30,"time":1772985533117,"pid":6660,"hostname":"DESKTOP-KPAMGTB","module":"binance","symbol":"UNIUSDT","interval":"5m","verdict":"WAIT","score":57,"price":3.692,"msg":"scanner"}
{"level":30,"time":1772985533320,"pid":6660,"hostname":"DESKTOP-KPAMGTB","module":"binance","symbol":"ATOMUSDT","interval":"5m","verdict":"WAIT","score":57,"price":1.727,"msg":"scanner"}
{"level":30,"time":1772985533351,"pid":6660,"hostname":"DESKTOP-KPAMGTB","module":"binance","symbol":"SHIBUSDT","interval":"5m","verdict":"WAIT","score":40,"price":0.00000527,"msg":"scanner"}
{"level":30,"time":1772985533556,"pid":6660,"hostname":"DESKTOP-KPAMGTB","module":"binance","symbol":"ETCUSDT","interval":"5m","verdict":"WAIT","score":50,"price":8.02,"msg":"scanner"}
{"level":30,"time":1772985533742,"pid":6660,"hostname":"DESKTOP-KPAMGTB","module":"binance","symbol":"XLMUSDT","interval":"5m","verdict":"WAIT","score":43,"price":0.1489,"msg":"scanner"}
{"level":30,"time":1772985534137,"pid":6660,"hostname":"DESKTOP-KPAMGTB","module":"binance","symbol":"NEARUSDT","interval":"5m","verdict":"WAIT","score":50,"price":1.215,"msg":"scanner"}
{"level":30,"time":1772985534355,"pid":6660,"hostname":"DESKTOP-KPAMGTB","module":"binance","symbol":"APTUSDT","interval":"5m","verdict":"WAIT","score":50,"price":0.932,"msg":"scanner"}
{"level":30,"time":1772985550557,"pid":6660,"hostname":"DESKTOP-KPAMGTB","module":"orders","symbol":"TRXUSDT","side":"SELL","fillPrice":0.2886,"quantity":"173.20000000","tpPrice":"0.31","slStopPrice":"0.26","buyOrderId":190360831,"ocoOrderListId":2022663,"msg":"compra de mercat + OCO"}
{"level":30,"time":1772985600217,"pid":6660,"hostname":"DESKTOP-KPAMGTB","module":"telegram","msg":"informe horari enviat"}
{"level":30,"time":1772985781891,"pid":6660,"hostname":"DESKTOP-KPAMGTB","module":"binance","assets":15,"msg":"balance"}
{"level":30,"time":1772985812537,"pid":6660,"hostname":"DESKTOP-KPAMGTB","module":"binance","assets":15,"msg":"balance"}
{"level":30,"time":1772985812915,"pid":6660,"hostname":"DESKTOP-KPAMGTB","module":"binance","assets":15,"msg":"balance"}
{"level":30,"time":1772985991224,"pid":6660,"hostname":"DESKTOP-KPAMGTB","module":"trailing-engine","symbol":"TRXUSDT","price":0.2892,"activateAt":0.2891709941626681,"msg":"trailing activat"}
{"level":50,"time":1772985991698,"pid":6660,"hostname":"DESKTOP-KPAMGTB","module":"trailing-engine","symbol":"TRXUSDT","count":1,"max":3,"err":"Binance /order 400: {\"code\":-2010,\"msg\":\"Stop price would trigger immediately.\"}","msg":"error al cicle"}
{"level":30,"time":1772986022488,"pid":6660,"hostname":"DESKTOP-KPAMGTB","module":"trailing-engine","symbol":"TRXUSDT","price":0.2892,"activateAt":0.2891709941626681,"msg":"trailing activat"}
{"level":50,"time":1772986022724,"pid":6660,"hostname":"DESKTOP-KPAMGTB","module":"trailing-engine","symbol":"TRXUSDT","count":2,"max":3,"err":"Binance /orderList 400: {\"code\":-2011,\"msg\":\"Unknown order list sent.\"}","msg":"error al cicle"}
{"level":30,"time":1772986029649,"pid":6660,"hostname":"DESKTOP-KPAMGTB","module":"orders","symbol":"BTCUSDT","thresholds":[{"windowMin":5,"pct":5},{"windowMin":15,"pct":8},{"windowMin":60,"pct":12}],"pollMs":60000,"msg":"Crash monitor iniciat"}
{"level":30,"time":1772986040616,"pid":6660,"hostname":"DESKTOP-KPAMGTB","module":"binance","assets":15,"msg":"balance"}
{"level":30,"time":1772986051716,"pid":6660,"hostname":"DESKTOP-KPAMGTB","module":"trailing-engine","symbol":"TRXUSDT","price":0.2892,"activateAt":0.2891709941626681,"msg":"trailing activat"}
{"level":40,"time":1772986051947,"pid":6660,"hostname":"DESKTOP-KPAMGTB","module":"trailing-engine","symbol":"TRXUSDT","count":3,"pauseSecs":60,"msg":"pausat per errors consecutius"}
{"level":30,"time":1772986114044,"pid":6660,"hostname":"DESKTOP-KPAMGTB","module":"trailing-engine","symbol":"TRXUSDT","price":0.2893,"activateAt":0.2891709941626681,"msg":"trailing activat"}
{"level":50,"time":1772986114269,"pid":6660,"hostname":"DESKTOP-KPAMGTB","module":"trailing-engine","symbol":"TRXUSDT","count":1,"max":3,"err":"Binance /orderList 400: {\"code\":-2011,\"msg\":\"Unknown order list sent.\"}","msg":"error al cicle"}
{"level":30,"time":1772986142388,"pid":6660,"hostname":"DESKTOP-KPAMGTB","module":"trailing-engine","symbol":"TRXUSDT","price":0.2893,"activateAt":0.2891709941626681,"msg":"trailing activat"}
{"level":50,"time":1772986142652,"pid":6660,"hostname":"DESKTOP-KPAMGTB","module":"trailing-engine","symbol":"TRXUSDT","count":2,"max":3,"err":"Binance /orderList 400: {\"code\":-2011,\"msg\":\"Unknown order list sent.\"}","msg":"error al cicle"}
{"level":30,"time":1772986172475,"pid":6660,"hostname":"DESKTOP-KPAMGTB","module":"trailing-engine","symbol":"TRXUSDT","price":0.2893,"activateAt":0.2891709941626681,"msg":"trailing activat"}
{"level":40,"time":1772986172704,"pid":6660,"hostname":"DESKTOP-KPAMGTB","module":"trailing-engine","symbol":"TRXUSDT","count":3,"pauseSecs":60,"msg":"pausat per errors consecutius"}
{"level":30,"time":1772986234480,"pid":6660,"hostname":"DESKTOP-KPAMGTB","module":"trailing-engine","symbol":"TRXUSDT","price":0.2893,"activateAt":0.2891709941626681,"msg":"trailing activat"}
{"level":50,"time":1772986234704,"pid":6660,"hostname":"DESKTOP-KPAMGTB","module":"trailing-engine","symbol":"TRXUSDT","count":1,"max":3,"err":"Binance /orderList 400: {\"code\":-2011,\"msg\":\"Unknown order list sent.\"}","msg":"error al cicle"}
{"level":30,"time":1772986263925,"pid":6660,"hostname":"DESKTOP-KPAMGTB","module":"trailing-engine","symbol":"TRXUSDT","price":0.2892,"activateAt":0.2891709941626681,"msg":"trailing activat"}
{"level":50,"time":1772986264193,"pid":6660,"hostname":"DESKTOP-KPAMGTB","module":"trailing-engine","symbol":"TRXUSDT","count":2,"max":3,"err":"Binance /orderList 400: {\"code\":-2011,\"msg\":\"Unknown order list sent.\"}","msg":"error al cicle"}
{"level":30,"time":1772986293628,"pid":6660,"hostname":"DESKTOP-KPAMGTB","module":"trailing-engine","symbol":"TRXUSDT","price":0.2893,"activateAt":0.2891709941626681,"msg":"trailing activat"}
{"level":40,"time":1772986293857,"pid":6660,"hostname":"DESKTOP-KPAMGTB","module":"trailing-engine","symbol":"TRXUSDT","count":3,"pauseSecs":60,"msg":"pausat per errors consecutius"}
{"level":30,"time":1772986382300,"pid":6660,"hostname":"DESKTOP-KPAMGTB","module":"trailing-engine","symbol":"TRXUSDT","price":0.2893,"activateAt":0.2891709941626681,"msg":"trailing activat"}
{"level":50,"time":1772986382523,"pid":6660,"hostname":"DESKTOP-KPAMGTB","module":"trailing-engine","symbol":"TRXUSDT","count":1,"max":3,"err":"Binance /orderList 400: {\"code\":-2011,\"msg\":\"Unknown order list sent.\"}","msg":"error al cicle"}
{"level":30,"time":1772986412420,"pid":6660,"hostname":"DESKTOP-KPAMGTB","module":"trailing-engine","symbol":"TRXUSDT","price":0.2892,"activateAt":0.2891709941626681,"msg":"trailing activat"}
{"level":50,"time":1772986412689,"pid":6660,"hostname":"DESKTOP-KPAMGTB","module":"trailing-engine","symbol":"TRXUSDT","count":2,"max":3,"err":"Binance /orderList 400: {\"code\":-2011,\"msg\":\"Unknown order list sent.\"}","msg":"error al cicle"}
{"level":30,"time":1772986441404,"pid":6660,"hostname":"DESKTOP-KPAMGTB","module":"trailing-engine","symbol":"TRXUSDT","price":0.2892,"activateAt":0.2891709941626681,"msg":"trailing activat"}
{"level":40,"time":1772986441663,"pid":6660,"hostname":"DESKTOP-KPAMGTB","module":"trailing-engine","symbol":"TRXUSDT","count":3,"pauseSecs":60,"msg":"pausat per errors consecutius"}
{"level":30,"time":1772986532202,"pid":6660,"hostname":"DESKTOP-KPAMGTB","module":"trailing-engine","symbol":"TRXUSDT","price":0.2892,"activateAt":0.2891709941626681,"msg":"trailing activat"}
{"level":50,"time":1772986532464,"pid":6660,"hostname":"DESKTOP-KPAMGTB","module":"trailing-engine","symbol":"TRXUSDT","count":1,"max":3,"err":"Binance /orderList 400: {\"code\":-2011,\"msg\":\"Unknown order list sent.\"}","msg":"error al cicle"}
{"level":30,"time":1772986562018,"pid":6660,"hostname":"DESKTOP-KPAMGTB","module":"trailing-engine","symbol":"TRXUSDT","price":0.2892,"activateAt":0.2891709941626681,"msg":"trailing activat"}
{"level":50,"time":1772986562268,"pid":6660,"hostname":"DESKTOP-KPAMGTB","module":"trailing-engine","symbol":"TRXUSDT","count":2,"max":3,"err":"Binance /orderList 400: {\"code\":-2011,\"msg\":\"Unknown order list sent.\"}","msg":"error al cicle"}
{"level":30,"time":1772986591892,"pid":6660,"hostname":"DESKTOP-KPAMGTB","module":"trailing-engine","symbol":"TRXUSDT","price":0.2892,"activateAt":0.2891709941626681,"msg":"trailing activat"}
{"level":40,"time":1772986592157,"pid":6660,"hostname":"DESKTOP-KPAMGTB","module":"trailing-engine","symbol":"TRXUSDT","count":3,"pauseSecs":60,"msg":"pausat per errors consecutius"}
{"level":30,"time":1772986682524,"pid":6660,"hostname":"DESKTOP-KPAMGTB","module":"trailing-engine","symbol":"TRXUSDT","price":0.2892,"activateAt":0.2891709941626681,"msg":"trailing activat"}
{"level":50,"time":1772986682887,"pid":6660,"hostname":"DESKTOP-KPAMGTB","module":"trailing-engine","symbol":"TRXUSDT","count":1,"max":3,"err":"Binance /orderList 400: {\"code\":-2011,\"msg\":\"Unknown order list sent.\"}","msg":"error al cicle"}
{"level":30,"time":1772986712867,"pid":6660,"hostname":"DESKTOP-KPAMGTB","module":"trailing-engine","symbol":"TRXUSDT","price":0.2892,"activateAt":0.2891709941626681,"msg":"trailing activat"}
{"level":50,"time":1772986713100,"pid":6660,"hostname":"DESKTOP-KPAMGTB","module":"trailing-engine","symbol":"TRXUSDT","count":2,"max":3,"err":"Binance /orderList 400: {\"code\":-2011,\"msg\":\"Unknown order list sent.\"}","msg":"error al cicle"}
{"level":30,"time":1772986743211,"pid":6660,"hostname":"DESKTOP-KPAMGTB","module":"trailing-engine","symbol":"TRXUSDT","price":0.2892,"activateAt":0.2891709941626681,"msg":"trailing activat"}
{"level":40,"time":1772986743449,"pid":6660,"hostname":"DESKTOP-KPAMGTB","module":"trailing-engine","symbol":"TRXUSDT","count":3,"pauseSecs":60,"msg":"pausat per errors consecutius"}
{"level":30,"time":1772986832007,"pid":6660,"hostname":"DESKTOP-KPAMGTB","module":"trailing-engine","symbol":"TRXUSDT","price":0.2892,"activateAt":0.2891709941626681,"msg":"trailing activat"}
{"level":50,"time":1772986832232,"pid":6660,"hostname":"DESKTOP-KPAMGTB","module":"trailing-engine","symbol":"TRXUSDT","count":1,"max":3,"err":"Binance /orderList 400: {\"code\":-2011,\"msg\":\"Unknown order list sent.\"}","msg":"error al cicle"}
{"level":30,"time":1772986862747,"pid":6660,"hostname":"DESKTOP-KPAMGTB","module":"trailing-engine","symbol":"TRXUSDT","price":0.2892,"activateAt":0.2891709941626681,"msg":"trailing activat"}
{"level":50,"time":1772986863023,"pid":6660,"hostname":"DESKTOP-KPAMGTB","module":"trailing-engine","symbol":"TRXUSDT","count":2,"max":3,"err":"Binance /orderList 400: {\"code\":-2011,\"msg\":\"Unknown order list sent.\"}","msg":"error al cicle"}
{"level":30,"time":1772986891965,"pid":6660,"hostname":"DESKTOP-KPAMGTB","module":"trailing-engine","symbol":"TRXUSDT","price":0.2892,"activateAt":0.2891709941626681,"msg":"trailing activat"}
{"level":40,"time":1772986892241,"pid":6660,"hostname":"DESKTOP-KPAMGTB","module":"trailing-engine","symbol":"TRXUSDT","count":3,"pauseSecs":60,"msg":"pausat per errors consecutius"}
{"level":30,"time":1772986943845,"pid":6660,"hostname":"DESKTOP-KPAMGTB","module":"binance","assets":15,"msg":"balance"}
{"level":30,"time":1772987041342,"pid":6660,"hostname":"DESKTOP-KPAMGTB","module":"binance","assets":15,"msg":"balance"}
{"level":30,"time":1772987041777,"pid":6660,"hostname":"DESKTOP-KPAMGTB","module":"binance","assets":15,"msg":"balance"}
{"level":30,"time":1772987173140,"pid":6660,"hostname":"DESKTOP-KPAMGTB","module":"binance","symbol":"ETHUSDT","interval":"5m","verdict":"WAIT","score":53,"price":1942.93,"msg":"scanner"}
{"level":30,"time":1772987173158,"pid":6660,"hostname":"DESKTOP-KPAMGTB","module":"binance","symbol":"BTCUSDT","interval":"1h","verdict":"WAIT","score":37,"price":67122.93,"msg":"scanner"}
{"level":30,"time":1772987173204,"pid":6660,"hostname":"DESKTOP-KPAMGTB","module":"binance","symbol":"BTCUSDT","interval":"5m","verdict":"WAIT","score":43,"price":67122.93,"msg":"scanner"}
{"level":30,"time":1772987173221,"pid":6660,"hostname":"DESKTOP-KPAMGTB","module":"binance","symbol":"BTCUSDT","interval":"4h","verdict":"WAIT","score":50,"price":67122.93,"msg":"scanner"}
{"level":30,"time":1772987173636,"pid":6660,"hostname":"DESKTOP-KPAMGTB","module":"binance","symbol":"ETHUSDT","interval":"1h","verdict":"WAIT","score":37,"price":1942.93,"msg":"scanner"}
{"level":30,"time":1772987173749,"pid":6660,"hostname":"DESKTOP-KPAMGTB","module":"binance","symbol":"BNBUSDT","interval":"5m","verdict":"WAIT","score":43,"price":615.75,"msg":"scanner"}
{"level":30,"time":1772987173762,"pid":6660,"hostname":"DESKTOP-KPAMGTB","module":"binance","symbol":"ETHUSDT","interval":"4h","verdict":"WAIT","score":40,"price":1942.93,"msg":"scanner"}
{"level":30,"time":1772987173773,"pid":6660,"hostname":"DESKTOP-KPAMGTB","module":"binance","symbol":"BNBUSDT","interval":"1h","verdict":"WAIT","score":37,"price":615.75,"msg":"scanner"}
{"level":30,"time":1772987173983,"pid":6660,"hostname":"DESKTOP-KPAMGTB","module":"binance","symbol":"BNBUSDT","interval":"4h","verdict":"WAIT","score":47,"price":615.75,"msg":"scanner"}
{"level":30,"time":1772987174192,"pid":6660,"hostname":"DESKTOP-KPAMGTB","module":"binance","symbol":"SOLUSDT","interval":"5m","verdict":"WAIT","score":37,"price":81.91,"msg":"scanner"}
{"level":30,"time":1772987174203,"pid":6660,"hostname":"DESKTOP-KPAMGTB","module":"binance","symbol":"SOLUSDT","interval":"4h","verdict":"WAIT","score":50,"price":81.91,"msg":"scanner"}
{"level":30,"time":1772987174239,"pid":6660,"hostname":"DESKTOP-KPAMGTB","module":"binance","symbol":"SOLUSDT","interval":"1h","verdict":"AVOID","score":30,"price":81.91,"msg":"scanner"}
{"level":30,"time":1772987174589,"pid":6660,"hostname":"DESKTOP-KPAMGTB","module":"binance","symbol":"XRPUSDT","interval":"5m","verdict":"WAIT","score":47,"price":1.3432,"msg":"scanner"}
{"level":30,"time":1772987174879,"pid":6660,"hostname":"DESKTOP-KPAMGTB","module":"binance","symbol":"XRPUSDT","interval":"1h","verdict":"WAIT","score":37,"price":1.3432,"msg":"scanner"}
{"level":30,"time":1772987174913,"pid":6660,"hostname":"DESKTOP-KPAMGTB","module":"binance","symbol":"XRPUSDT","interval":"4h","verdict":"WAIT","score":47,"price":1.3432,"msg":"scanner"}
{"level":30,"time":1772987174984,"pid":6660,"hostname":"DESKTOP-KPAMGTB","module":"binance","symbol":"DOGEUSDT","interval":"5m","verdict":"WAIT","score":47,"price":0.08869,"msg":"scanner"}
{"level":30,"time":1772987175001,"pid":6660,"hostname":"DESKTOP-KPAMGTB","module":"binance","symbol":"DOGEUSDT","interval":"1h","verdict":"AVOID","score":30,"price":0.08869,"msg":"scanner"}
{"level":30,"time":1772987175239,"pid":6660,"hostname":"DESKTOP-KPAMGTB","module":"binance","symbol":"DOGEUSDT","interval":"4h","verdict":"WAIT","score":53,"price":0.08869,"msg":"scanner"}
{"level":30,"time":1772987175297,"pid":6660,"hostname":"DESKTOP-KPAMGTB","module":"binance","symbol":"ADAUSDT","interval":"5m","verdict":"WAIT","score":53,"price":0.2495,"msg":"scanner"}
{"level":30,"time":1772987175397,"pid":6660,"hostname":"DESKTOP-KPAMGTB","module":"binance","symbol":"ADAUSDT","interval":"1h","verdict":"WAIT","score":37,"price":0.2495,"msg":"scanner"}
{"level":30,"time":1772987175405,"pid":6660,"hostname":"DESKTOP-KPAMGTB","module":"binance","symbol":"ADAUSDT","interval":"4h","verdict":"WAIT","score":47,"price":0.2495,"msg":"scanner"}
{"level":30,"time":1772987175543,"pid":6660,"hostname":"DESKTOP-KPAMGTB","module":"binance","symbol":"AVAXUSDT","interval":"5m","verdict":"WAIT","score":37,"price":8.85,"msg":"scanner"}
{"level":30,"time":1772987175667,"pid":6660,"hostname":"DESKTOP-KPAMGTB","module":"binance","symbol":"AVAXUSDT","interval":"1h","verdict":"WAIT","score":37,"price":8.85,"msg":"scanner"}
{"level":30,"time":1772987175735,"pid":6660,"hostname":"DESKTOP-KPAMGTB","module":"binance","symbol":"AVAXUSDT","interval":"4h","verdict":"WAIT","score":53,"price":8.85,"msg":"scanner"}
{"level":30,"time":1772987175766,"pid":6660,"hostname":"DESKTOP-KPAMGTB","module":"binance","symbol":"TRXUSDT","interval":"5m","verdict":"WAIT","score":53,"price":0.2887,"msg":"scanner"}
{"level":30,"time":1772987175983,"pid":6660,"hostname":"DESKTOP-KPAMGTB","module":"binance","symbol":"TRXUSDT","interval":"4h","verdict":"WAIT","score":60,"price":0.2887,"msg":"scanner"}
{"level":30,"time":1772987176153,"pid":6660,"hostname":"DESKTOP-KPAMGTB","module":"binance","symbol":"DOTUSDT","interval":"1h","verdict":"WAIT","score":47,"price":1.454,"msg":"scanner"}
{"level":30,"time":1772987176243,"pid":6660,"hostname":"DESKTOP-KPAMGTB","module":"binance","symbol":"DOTUSDT","interval":"5m","verdict":"WAIT","score":53,"price":1.454,"msg":"scanner"}
{"level":30,"time":1772987176305,"pid":6660,"hostname":"DESKTOP-KPAMGTB","module":"binance","symbol":"DOTUSDT","interval":"4h","verdict":"WAIT","score":47,"price":1.454,"msg":"scanner"}
{"level":30,"time":1772987176335,"pid":6660,"hostname":"DESKTOP-KPAMGTB","module":"binance","symbol":"TRXUSDT","interval":"1h","verdict":"WAIT","score":63,"price":0.2887,"msg":"scanner"}
{"level":30,"time":1772987176485,"pid":6660,"hostname":"DESKTOP-KPAMGTB","module":"binance","symbol":"LINKUSDT","interval":"5m","verdict":"WAIT","score":43,"price":8.55,"msg":"scanner"}
{"level":30,"time":1772987176564,"pid":6660,"hostname":"DESKTOP-KPAMGTB","module":"binance","symbol":"LINKUSDT","interval":"1h","verdict":"WAIT","score":37,"price":8.55,"msg":"scanner"}
{"level":30,"time":1772987176681,"pid":6660,"hostname":"DESKTOP-KPAMGTB","module":"binance","symbol":"MATICUSDT","interval":"5m","verdict":"WAIT","score":57,"price":0.3794,"msg":"scanner"}
{"level":30,"time":1772987176804,"pid":6660,"hostname":"DESKTOP-KPAMGTB","module":"binance","symbol":"MATICUSDT","interval":"1h","verdict":"WAIT","score":50,"price":0.3794,"msg":"scanner"}
{"level":30,"time":1772987176890,"pid":6660,"hostname":"DESKTOP-KPAMGTB","module":"binance","symbol":"MATICUSDT","interval":"4h","verdict":"WAIT","score":43,"price":0.3794,"msg":"scanner"}
{"level":30,"time":1772987177014,"pid":6660,"hostname":"DESKTOP-KPAMGTB","module":"binance","symbol":"LTCUSDT","interval":"5m","verdict":"WAIT","score":50,"price":52.49,"msg":"scanner"}
{"level":30,"time":1772987177098,"pid":6660,"hostname":"DESKTOP-KPAMGTB","module":"binance","symbol":"LINKUSDT","interval":"4h","verdict":"WAIT","score":50,"price":8.55,"msg":"scanner"}
{"level":30,"time":1772987177125,"pid":6660,"hostname":"DESKTOP-KPAMGTB","module":"binance","symbol":"LTCUSDT","interval":"1h","verdict":"WAIT","score":37,"price":52.49,"msg":"scanner"}
{"level":30,"time":1772987177246,"pid":6660,"hostname":"DESKTOP-KPAMGTB","module":"binance","symbol":"LTCUSDT","interval":"4h","verdict":"WAIT","score":40,"price":52.49,"msg":"scanner"}
{"level":30,"time":1772987177333,"pid":6660,"hostname":"DESKTOP-KPAMGTB","module":"binance","symbol":"SHIBUSDT","interval":"5m","verdict":"WAIT","score":47,"price":0.00000528,"msg":"scanner"}
{"level":30,"time":1772987177516,"pid":6660,"hostname":"DESKTOP-KPAMGTB","module":"binance","symbol":"SHIBUSDT","interval":"1h","verdict":"WAIT","score":37,"price":0.00000528,"msg":"scanner"}
{"level":30,"time":1772987177529,"pid":6660,"hostname":"DESKTOP-KPAMGTB","module":"binance","symbol":"SHIBUSDT","interval":"4h","verdict":"WAIT","score":57,"price":0.00000528,"msg":"scanner"}
{"level":30,"time":1772987177590,"pid":6660,"hostname":"DESKTOP-KPAMGTB","module":"binance","symbol":"UNIUSDT","interval":"5m","verdict":"WAIT","score":53,"price":3.689,"msg":"scanner"}
{"level":30,"time":1772987177666,"pid":6660,"hostname":"DESKTOP-KPAMGTB","module":"binance","symbol":"UNIUSDT","interval":"1h","verdict":"WAIT","score":40,"price":3.689,"msg":"scanner"}
{"level":30,"time":1772987177871,"pid":6660,"hostname":"DESKTOP-KPAMGTB","module":"binance","symbol":"UNIUSDT","interval":"4h","verdict":"WAIT","score":47,"price":3.689,"msg":"scanner"}
{"level":30,"time":1772987177999,"pid":6660,"hostname":"DESKTOP-KPAMGTB","module":"binance","symbol":"ATOMUSDT","interval":"1h","verdict":"WAIT","score":50,"price":1.728,"msg":"scanner"}
{"level":30,"time":1772987178253,"pid":6660,"hostname":"DESKTOP-KPAMGTB","module":"binance","symbol":"ETCUSDT","interval":"5m","verdict":"WAIT","score":50,"price":8.02,"msg":"scanner"}
{"level":30,"time":1772987178312,"pid":6660,"hostname":"DESKTOP-KPAMGTB","module":"binance","symbol":"ETCUSDT","interval":"1h","verdict":"WAIT","score":43,"price":8.02,"msg":"scanner"}
{"level":30,"time":1772987178424,"pid":6660,"hostname":"DESKTOP-KPAMGTB","module":"binance","symbol":"ATOMUSDT","interval":"5m","verdict":"WAIT","score":53,"price":1.728,"msg":"scanner"}
{"level":30,"time":1772987178502,"pid":6660,"hostname":"DESKTOP-KPAMGTB","module":"binance","symbol":"ATOMUSDT","interval":"4h","verdict":"WAIT","score":37,"price":1.728,"msg":"scanner"}
{"level":30,"time":1772987178624,"pid":6660,"hostname":"DESKTOP-KPAMGTB","module":"binance","symbol":"XLMUSDT","interval":"5m","verdict":"WAIT","score":47,"price":0.1485,"msg":"scanner"}
{"level":30,"time":1772987178737,"pid":6660,"hostname":"DESKTOP-KPAMGTB","module":"binance","symbol":"XLMUSDT","interval":"1h","verdict":"WAIT","score":40,"price":0.1485,"msg":"scanner"}
{"level":30,"time":1772987178835,"pid":6660,"hostname":"DESKTOP-KPAMGTB","module":"binance","symbol":"XLMUSDT","interval":"4h","verdict":"WAIT","score":50,"price":0.1485,"msg":"scanner"}
{"level":30,"time":1772987178938,"pid":6660,"hostname":"DESKTOP-KPAMGTB","module":"binance","symbol":"APTUSDT","interval":"5m","verdict":"WAIT","score":50,"price":0.931,"msg":"scanner"}
{"level":30,"time":1772987179064,"pid":6660,"hostname":"DESKTOP-KPAMGTB","module":"binance","symbol":"ETCUSDT","interval":"4h","verdict":"WAIT","score":43,"price":8.02,"msg":"scanner"}
{"level":30,"time":1772987179144,"pid":6660,"hostname":"DESKTOP-KPAMGTB","module":"binance","symbol":"APTUSDT","interval":"1h","verdict":"AVOID","score":33,"price":0.931,"msg":"scanner"}
{"level":30,"time":1772987179342,"pid":6660,"hostname":"DESKTOP-KPAMGTB","module":"binance","symbol":"NEARUSDT","interval":"5m","verdict":"WAIT","score":53,"price":1.212,"msg":"scanner"}
{"level":30,"time":1772987179470,"pid":6660,"hostname":"DESKTOP-KPAMGTB","module":"binance","symbol":"NEARUSDT","interval":"4h","verdict":"WAIT","score":50,"price":1.212,"msg":"scanner"}
{"level":30,"time":1772987179636,"pid":6660,"hostname":"DESKTOP-KPAMGTB","module":"binance","symbol":"APTUSDT","interval":"4h","verdict":"WAIT","score":50,"price":0.931,"msg":"scanner"}
{"level":30,"time":1772987179847,"pid":6660,"hostname":"DESKTOP-KPAMGTB","module":"binance","symbol":"NEARUSDT","interval":"1h","verdict":"WAIT","score":43,"price":1.212,"msg":"scanner"}
{"level":30,"time":1772987191654,"pid":6660,"hostname":"DESKTOP-KPAMGTB","module":"binance","assets":15,"msg":"balance"}
{"level":30,"time":1772987191916,"pid":6660,"hostname":"DESKTOP-KPAMGTB","module":"binance","assets":15,"msg":"balance"}
{"level":30,"time":1772987200355,"pid":6660,"hostname":"DESKTOP-KPAMGTB","module":"binance","assets":15,"msg":"balance"}
{"level":30,"time":1772987200602,"pid":6660,"hostname":"DESKTOP-KPAMGTB","module":"binance","assets":15,"msg":"balance"}
{"level":30,"time":1772987223975,"pid":6660,"hostname":"DESKTOP-KPAMGTB","module":"binance","assets":15,"msg":"balance"}
{"level":30,"time":1772987226408,"pid":6660,"hostname":"DESKTOP-KPAMGTB","module":"binance","assets":15,"msg":"balance"}
{"level":30,"time":1772987286165,"pid":6660,"hostname":"DESKTOP-KPAMGTB","module":"binance","symbol":"BTCUSDT","interval":"5m","verdict":"WAIT","score":43,"price":67119.64,"msg":"scanner"}
{"level":30,"time":1772987286234,"pid":6660,"hostname":"DESKTOP-KPAMGTB","module":"binance","symbol":"ETHUSDT","interval":"5m","verdict":"WAIT","score":40,"price":1942.22,"msg":"scanner"}
{"level":30,"time":1772987286540,"pid":6660,"hostname":"DESKTOP-KPAMGTB","module":"binance","symbol":"BNBUSDT","interval":"5m","verdict":"WAIT","score":43,"price":615.65,"msg":"scanner"}
{"level":30,"time":1772987286716,"pid":6660,"hostname":"DESKTOP-KPAMGTB","module":"binance","symbol":"SOLUSDT","interval":"5m","verdict":"WAIT","score":37,"price":81.84,"msg":"scanner"}
{"level":30,"time":1772987286991,"pid":6660,"hostname":"DESKTOP-KPAMGTB","module":"binance","symbol":"XRPUSDT","interval":"5m","verdict":"WAIT","score":40,"price":1.343,"msg":"scanner"}
{"level":30,"time":1772987287348,"pid":6660,"hostname":"DESKTOP-KPAMGTB","module":"binance","symbol":"DOGEUSDT","interval":"5m","verdict":"WAIT","score":40,"price":0.08867,"msg":"scanner"}
{"level":30,"time":1772987287430,"pid":6660,"hostname":"DESKTOP-KPAMGTB","module":"binance","symbol":"ADAUSDT","interval":"5m","verdict":"WAIT","score":53,"price":0.2494,"msg":"scanner"}
{"level":30,"time":1772987288023,"pid":6660,"hostname":"DESKTOP-KPAMGTB","module":"binance","symbol":"AVAXUSDT","interval":"5m","verdict":"WAIT","score":37,"price":8.85,"msg":"scanner"}
{"level":30,"time":1772987288151,"pid":6660,"hostname":"DESKTOP-KPAMGTB","module":"binance","symbol":"TRXUSDT","interval":"5m","verdict":"WAIT","score":50,"price":0.2885,"msg":"scanner"}
{"level":30,"time":1772987288515,"pid":6660,"hostname":"DESKTOP-KPAMGTB","module":"binance","symbol":"DOTUSDT","interval":"5m","verdict":"WAIT","score":50,"price":1.454,"msg":"scanner"}
{"level":30,"time":1772987288829,"pid":6660,"hostname":"DESKTOP-KPAMGTB","module":"binance","symbol":"LINKUSDT","interval":"5m","verdict":"WAIT","score":43,"price":8.55,"msg":"scanner"}
{"level":30,"time":1772987289031,"pid":6660,"hostname":"DESKTOP-KPAMGTB","module":"binance","symbol":"MATICUSDT","interval":"5m","verdict":"WAIT","score":57,"price":0.3794,"msg":"scanner"}
{"level":30,"time":1772987289193,"pid":6660,"hostname":"DESKTOP-KPAMGTB","module":"binance","symbol":"LTCUSDT","interval":"5m","verdict":"WAIT","score":50,"price":52.44,"msg":"scanner"}
{"level":30,"time":1772987289316,"pid":6660,"hostname":"DESKTOP-KPAMGTB","module":"binance","symbol":"SHIBUSDT","interval":"5m","verdict":"WAIT","score":47,"price":0.00000528,"msg":"scanner"}
{"level":30,"time":1772987289701,"pid":6660,"hostname":"DESKTOP-KPAMGTB","module":"binance","symbol":"UNIUSDT","interval":"5m","verdict":"WAIT","score":53,"price":3.688,"msg":"scanner"}
{"level":30,"time":1772987289834,"pid":6660,"hostname":"DESKTOP-KPAMGTB","module":"binance","symbol":"ATOMUSDT","interval":"5m","verdict":"WAIT","score":47,"price":1.725,"msg":"scanner"}
{"level":30,"time":1772987290081,"pid":6660,"hostname":"DESKTOP-KPAMGTB","module":"binance","symbol":"XLMUSDT","interval":"5m","verdict":"WAIT","score":43,"price":0.1485,"msg":"scanner"}
{"level":30,"time":1772987290245,"pid":6660,"hostname":"DESKTOP-KPAMGTB","module":"binance","symbol":"APTUSDT","interval":"5m","verdict":"WAIT","score":50,"price":0.931,"msg":"scanner"}
{"level":30,"time":1772987290442,"pid":6660,"hostname":"DESKTOP-KPAMGTB","module":"binance","symbol":"NEARUSDT","interval":"5m","verdict":"WAIT","score":47,"price":1.209,"msg":"scanner"}
{"level":30,"time":1772987290991,"pid":6660,"hostname":"DESKTOP-KPAMGTB","module":"binance","symbol":"ETCUSDT","interval":"5m","verdict":"WAIT","score":50,"price":8.02,"msg":"scanner"}
{"level":30,"time":1772987319017,"pid":6660,"hostname":"DESKTOP-KPAMGTB","module":"binance","assets":15,"msg":"balance"}
{"level":30,"time":1772987319300,"pid":6660,"hostname":"DESKTOP-KPAMGTB","module":"binance","assets":15,"msg":"balance"}
{"level":50,"time":1772987343149,"pid":6660,"hostname":"DESKTOP-KPAMGTB","module":"api","source":"orders/buy-and-exit","code":"BAD_PARAMS","err":"Binance /orderList/oco 400: {\"code\":-2010,\"msg\":\"Account has insufficient balance for requested action.\"}","msg":"error de ruta"}
{"level":30,"time":1772987391153,"pid":6660,"hostname":"DESKTOP-KPAMGTB","module":"binance","assets":15,"msg":"balance"}
{"level":30,"time":1772987391524,"pid":6660,"hostname":"DESKTOP-KPAMGTB","module":"binance","assets":15,"msg":"balance"}
{"level":50,"time":1772987709343,"pid":6660,"hostname":"DESKTOP-KPAMGTB","module":"api","source":"orders","code":"BAD_PARAMS","err":"Binance /openOrders 400: {\"code\":-1021,\"msg\":\"Timestamp for this request is outside of the recvWindow.\"}","msg":"error de ruta"}
{"level":50,"time":1772987710321,"pid":6660,"hostname":"DESKTOP-KPAMGTB","module":"api","source":"orders","code":"BAD_PARAMS","err":"Binance /openOrders 400: {\"code\":-1021,\"msg\":\"Timestamp for this request is outside of the recvWindow.\"}","msg":"error de ruta"}
{"level":30,"time":1772987840134,"pid":6660,"hostname":"DESKTOP-KPAMGTB","module":"binance","assets":15,"msg":"balance"}
{"level":30,"time":1772988290962,"pid":6660,"hostname":"DESKTOP-KPAMGTB","module":"binance","assets":15,"msg":"balance"}
{"level":30,"time":1772988740989,"pid":6660,"hostname":"DESKTOP-KPAMGTB","module":"binance","assets":15,"msg":"balance"}
{"level":30,"time":1772989191373,"pid":6660,"hostname":"DESKTOP-KPAMGTB","module":"binance","assets":15,"msg":"balance"}
{"level":30,"time":1772989200333,"pid":6660,"hostname":"DESKTOP-KPAMGTB","module":"telegram","msg":"informe horari enviat"}
{"level":30,"time":1772989641683,"pid":6660,"hostname":"DESKTOP-KPAMGTB","module":"binance","assets":15,"msg":"balance"}
{"level":30,"time":1772990091738,"pid":6660,"hostname":"DESKTOP-KPAMGTB","module":"binance","assets":15,"msg":"balance"}
{"level":30,"time":1772990103522,"pid":6660,"hostname":"DESKTOP-KPAMGTB","module":"trailing-engine","symbol":"TRXUSDT","price":0.2892,"activateAt":0.2891709941626681,"msg":"trailing activat"}
{"level":50,"time":1772990103756,"pid":6660,"hostname":"DESKTOP-KPAMGTB","module":"trailing-engine","symbol":"TRXUSDT","count":1,"max":3,"err":"Binance /orderList 400: {\"code\":-2011,\"msg\":\"Unknown order list sent.\"}","msg":"error al cicle"}
{"level":30,"time":1772990133057,"pid":6660,"hostname":"DESKTOP-KPAMGTB","module":"trailing-engine","symbol":"TRXUSDT","price":0.2892,"activateAt":0.2891709941626681,"msg":"trailing activat"}
{"level":50,"time":1772990133504,"pid":6660,"hostname":"DESKTOP-KPAMGTB","module":"trailing-engine","symbol":"TRXUSDT","count":2,"max":3,"err":"Binance /orderList 400: {\"code\":-2011,\"msg\":\"Unknown order list sent.\"}","msg":"error al cicle"}
{"level":30,"time":1772990162774,"pid":6660,"hostname":"DESKTOP-KPAMGTB","module":"trailing-engine","symbol":"TRXUSDT","price":0.2892,"activateAt":0.2891709941626681,"msg":"trailing activat"}
{"level":40,"time":1772990163009,"pid":6660,"hostname":"DESKTOP-KPAMGTB","module":"trailing-engine","symbol":"TRXUSDT","count":3,"pauseSecs":60,"msg":"pausat per errors consecutius"}
{"level":30,"time":1772990252868,"pid":6660,"hostname":"DESKTOP-KPAMGTB","module":"trailing-engine","symbol":"TRXUSDT","price":0.2892,"activateAt":0.2891709941626681,"msg":"trailing activat"}
{"level":50,"time":1772990253096,"pid":6660,"hostname":"DESKTOP-KPAMGTB","module":"trailing-engine","symbol":"TRXUSDT","count":1,"max":3,"err":"Binance /orderList 400: {\"code\":-2011,\"msg\":\"Unknown order list sent.\"}","msg":"error al cicle"}
{"level":30,"time":1772990283042,"pid":6660,"hostname":"DESKTOP-KPAMGTB","module":"trailing-engine","symbol":"TRXUSDT","price":0.2892,"activateAt":0.2891709941626681,"msg":"trailing activat"}
{"level":50,"time":1772990283314,"pid":6660,"hostname":"DESKTOP-KPAMGTB","module":"trailing-engine","symbol":"TRXUSDT","count":2,"max":3,"err":"Binance /orderList 400: {\"code\":-2011,\"msg\":\"Unknown order list sent.\"}","msg":"error al cicle"}
{"level":30,"time":1772990312843,"pid":6660,"hostname":"DESKTOP-KPAMGTB","module":"trailing-engine","symbol":"TRXUSDT","price":0.2892,"activateAt":0.2891709941626681,"msg":"trailing activat"}
{"level":40,"time":1772990313073,"pid":6660,"hostname":"DESKTOP-KPAMGTB","module":"trailing-engine","symbol":"TRXUSDT","count":3,"pauseSecs":60,"msg":"pausat per errors consecutius"}
{"level":30,"time":1772990402931,"pid":6660,"hostname":"DESKTOP-KPAMGTB","module":"trailing-engine","symbol":"TRXUSDT","price":0.2893,"activateAt":0.2891709941626681,"msg":"trailing activat"}
{"level":50,"time":1772990403203,"pid":6660,"hostname":"DESKTOP-KPAMGTB","module":"trailing-engine","symbol":"TRXUSDT","count":1,"max":3,"err":"Binance /orderList 400: {\"code\":-2011,\"msg\":\"Unknown order list sent.\"}","msg":"error al cicle"}
{"level":30,"time":1772990432934,"pid":6660,"hostname":"DESKTOP-KPAMGTB","module":"trailing-engine","symbol":"TRXUSDT","price":0.2893,"activateAt":0.2891709941626681,"msg":"trailing activat"}
{"level":50,"time":1772990433164,"pid":6660,"hostname":"DESKTOP-KPAMGTB","module":"trailing-engine","symbol":"TRXUSDT","count":2,"max":3,"err":"Binance /orderList 400: {\"code\":-2011,\"msg\":\"Unknown order list sent.\"}","msg":"error al cicle"}
{"level":30,"time":1772990463530,"pid":6660,"hostname":"DESKTOP-KPAMGTB","module":"trailing-engine","symbol":"TRXUSDT","price":0.2893,"activateAt":0.2891709941626681,"msg":"trailing activat"}
{"level":40,"time":1772990463798,"pid":6660,"hostname":"DESKTOP-KPAMGTB","module":"trailing-engine","symbol":"TRXUSDT","count":3,"pauseSecs":60,"msg":"pausat per errors consecutius"}
{"level":30,"time":1772990542177,"pid":6660,"hostname":"DESKTOP-KPAMGTB","module":"binance","assets":15,"msg":"balance"}
{"level":30,"time":1772990553463,"pid":6660,"hostname":"DESKTOP-KPAMGTB","module":"trailing-engine","symbol":"TRXUSDT","price":0.2893,"activateAt":0.2891709941626681,"msg":"trailing activat"}
{"level":50,"time":1772990553713,"pid":6660,"hostname":"DESKTOP-KPAMGTB","module":"trailing-engine","symbol":"TRXUSDT","count":1,"max":3,"err":"Binance /orderList 400: {\"code\":-2011,\"msg\":\"Unknown order list sent.\"}","msg":"error al cicle"}
{"level":30,"time":1772990583334,"pid":6660,"hostname":"DESKTOP-KPAMGTB","module":"trailing-engine","symbol":"TRXUSDT","price":0.2893,"activateAt":0.2891709941626681,"msg":"trailing activat"}
{"level":50,"time":1772990583594,"pid":6660,"hostname":"DESKTOP-KPAMGTB","module":"trailing-engine","symbol":"TRXUSDT","count":2,"max":3,"err":"Binance /orderList 400: {\"code\":-2011,\"msg\":\"Unknown order list sent.\"}","msg":"error al cicle"}
{"level":30,"time":1772990613602,"pid":6660,"hostname":"DESKTOP-KPAMGTB","module":"trailing-engine","symbol":"TRXUSDT","price":0.2893,"activateAt":0.2891709941626681,"msg":"trailing activat"}
{"level":40,"time":1772990613824,"pid":6660,"hostname":"DESKTOP-KPAMGTB","module":"trailing-engine","symbol":"TRXUSDT","count":3,"pauseSecs":60,"msg":"pausat per errors consecutius"}
{"level":30,"time":1772990703912,"pid":6660,"hostname":"DESKTOP-KPAMGTB","module":"trailing-engine","symbol":"TRXUSDT","price":0.2893,"activateAt":0.2891709941626681,"msg":"trailing activat"}
{"level":50,"time":1772990704143,"pid":6660,"hostname":"DESKTOP-KPAMGTB","module":"trailing-engine","symbol":"TRXUSDT","count":1,"max":3,"err":"Binance /orderList 400: {\"code\":-2011,\"msg\":\"Unknown order list sent.\"}","msg":"error al cicle"}
{"level":30,"time":1772990733368,"pid":6660,"hostname":"DESKTOP-KPAMGTB","module":"trailing-engine","symbol":"TRXUSDT","price":0.2893,"activateAt":0.2891709941626681,"msg":"trailing activat"}
{"level":50,"time":1772990733595,"pid":6660,"hostname":"DESKTOP-KPAMGTB","module":"trailing-engine","symbol":"TRXUSDT","count":2,"max":3,"err":"Binance /orderList 400: {\"code\":-2011,\"msg\":\"Unknown order list sent.\"}","msg":"error al cicle"}
{"level":30,"time":1772990763887,"pid":6660,"hostname":"DESKTOP-KPAMGTB","module":"trailing-engine","symbol":"TRXUSDT","price":0.2893,"activateAt":0.2891709941626681,"msg":"trailing activat"}
{"level":40,"time":1772990764387,"pid":6660,"hostname":"DESKTOP-KPAMGTB","module":"trailing-engine","symbol":"TRXUSDT","count":3,"pauseSecs":60,"msg":"pausat per errors consecutius"}
{"level":30,"time":1772990853017,"pid":6660,"hostname":"DESKTOP-KPAMGTB","module":"trailing-engine","symbol":"TRXUSDT","price":0.2893,"activateAt":0.2891709941626681,"msg":"trailing activat"}
{"level":50,"time":1772990853246,"pid":6660,"hostname":"DESKTOP-KPAMGTB","module":"trailing-engine","symbol":"TRXUSDT","count":1,"max":3,"err":"Binance /orderList 400: {\"code\":-2011,\"msg\":\"Unknown order list sent.\"}","msg":"error al cicle"}
{"level":30,"time":1772990883443,"pid":6660,"hostname":"DESKTOP-KPAMGTB","module":"trailing-engine","symbol":"TRXUSDT","price":0.2893,"activateAt":0.2891709941626681,"msg":"trailing activat"}
{"level":50,"time":1772990883715,"pid":6660,"hostname":"DESKTOP-KPAMGTB","module":"trailing-engine","symbol":"TRXUSDT","count":2,"max":3,"err":"Binance /orderList 400: {\"code\":-2011,\"msg\":\"Unknown order list sent.\"}","msg":"error al cicle"}
{"level":30,"time":1772990913470,"pid":6660,"hostname":"DESKTOP-KPAMGTB","module":"trailing-engine","symbol":"TRXUSDT","price":0.2893,"activateAt":0.2891709941626681,"msg":"trailing activat"}
{"level":40,"time":1772990914117,"pid":6660,"hostname":"DESKTOP-KPAMGTB","module":"trailing-engine","symbol":"TRXUSDT","count":3,"pauseSecs":60,"msg":"pausat per errors consecutius"}
{"level":30,"time":1772990990996,"pid":6660,"hostname":"DESKTOP-KPAMGTB","module":"binance","assets":15,"msg":"balance"}
{"level":30,"time":1772991003641,"pid":6660,"hostname":"DESKTOP-KPAMGTB","module":"trailing-engine","symbol":"TRXUSDT","price":0.2892,"activateAt":0.2891709941626681,"msg":"trailing activat"}
{"level":50,"time":1772991003923,"pid":6660,"hostname":"DESKTOP-KPAMGTB","module":"trailing-engine","symbol":"TRXUSDT","count":1,"max":3,"err":"Binance /orderList 400: {\"code\":-2011,\"msg\":\"Unknown order list sent.\"}","msg":"error al cicle"}
{"level":30,"time":1772991033453,"pid":6660,"hostname":"DESKTOP-KPAMGTB","module":"trailing-engine","symbol":"TRXUSDT","price":0.2893,"activateAt":0.2891709941626681,"msg":"trailing activat"}
{"level":50,"time":1772991033682,"pid":6660,"hostname":"DESKTOP-KPAMGTB","module":"trailing-engine","symbol":"TRXUSDT","count":2,"max":3,"err":"Binance /orderList 400: {\"code\":-2011,\"msg\":\"Unknown order list sent.\"}","msg":"error al cicle"}
{"level":30,"time":1772991063611,"pid":6660,"hostname":"DESKTOP-KPAMGTB","module":"trailing-engine","symbol":"TRXUSDT","price":0.2893,"activateAt":0.2891709941626681,"msg":"trailing activat"}
{"level":40,"time":1772991063885,"pid":6660,"hostname":"DESKTOP-KPAMGTB","module":"trailing-engine","symbol":"TRXUSDT","count":3,"pauseSecs":60,"msg":"pausat per errors consecutius"}
{"level":30,"time":1772991153646,"pid":6660,"hostname":"DESKTOP-KPAMGTB","module":"trailing-engine","symbol":"TRXUSDT","price":0.2893,"activateAt":0.2891709941626681,"msg":"trailing activat"}
{"level":50,"time":1772991153879,"pid":6660,"hostname":"DESKTOP-KPAMGTB","module":"trailing-engine","symbol":"TRXUSDT","count":1,"max":3,"err":"Binance /orderList 400: {\"code\":-2011,\"msg\":\"Unknown order list sent.\"}","msg":"error al cicle"}
{"level":30,"time":1772991183509,"pid":6660,"hostname":"DESKTOP-KPAMGTB","module":"trailing-engine","symbol":"TRXUSDT","price":0.2893,"activateAt":0.2891709941626681,"msg":"trailing activat"}
{"level":50,"time":1772991183764,"pid":6660,"hostname":"DESKTOP-KPAMGTB","module":"trailing-engine","symbol":"TRXUSDT","count":2,"max":3,"err":"Binance /orderList 400: {\"code\":-2011,\"msg\":\"Unknown order list sent.\"}","msg":"error al cicle"}
{"level":30,"time":1772991213651,"pid":6660,"hostname":"DESKTOP-KPAMGTB","module":"trailing-engine","symbol":"TRXUSDT","price":0.2893,"activateAt":0.2891709941626681,"msg":"trailing activat"}
{"level":40,"time":1772991213887,"pid":6660,"hostname":"DESKTOP-KPAMGTB","module":"trailing-engine","symbol":"TRXUSDT","count":3,"pauseSecs":60,"msg":"pausat per errors consecutius"}
{"level":30,"time":1772991303331,"pid":6660,"hostname":"DESKTOP-KPAMGTB","module":"trailing-engine","symbol":"TRXUSDT","price":0.2893,"activateAt":0.2891709941626681,"msg":"trailing activat"}
{"level":50,"time":1772991303566,"pid":6660,"hostname":"DESKTOP-KPAMGTB","module":"trailing-engine","symbol":"TRXUSDT","count":1,"max":3,"err":"Binance /orderList 400: {\"code\":-2011,\"msg\":\"Unknown order list sent.\"}","msg":"error al cicle"}
{"level":30,"time":1772991333745,"pid":6660,"hostname":"DESKTOP-KPAMGTB","module":"trailing-engine","symbol":"TRXUSDT","price":0.2892,"activateAt":0.2891709941626681,"msg":"trailing activat"}
{"level":50,"time":1772991333971,"pid":6660,"hostname":"DESKTOP-KPAMGTB","module":"trailing-engine","symbol":"TRXUSDT","count":2,"max":3,"err":"Binance /orderList 400: {\"code\":-2011,\"msg\":\"Unknown order list sent.\"}","msg":"error al cicle"}
{"level":30,"time":1772991363656,"pid":6660,"hostname":"DESKTOP-KPAMGTB","module":"trailing-engine","symbol":"TRXUSDT","price":0.2893,"activateAt":0.2891709941626681,"msg":"trailing activat"}
{"level":40,"time":1772991363879,"pid":6660,"hostname":"DESKTOP-KPAMGTB","module":"trailing-engine","symbol":"TRXUSDT","count":3,"pauseSecs":60,"msg":"pausat per errors consecutius"}
{"level":30,"time":1772991442189,"pid":6660,"hostname":"DESKTOP-KPAMGTB","module":"binance","assets":15,"msg":"balance"}
{"level":30,"time":1772991453578,"pid":6660,"hostname":"DESKTOP-KPAMGTB","module":"trailing-engine","symbol":"TRXUSDT","price":0.2894,"activateAt":0.2891709941626681,"msg":"trailing activat"}
{"level":50,"time":1772991453845,"pid":6660,"hostname":"DESKTOP-KPAMGTB","module":"trailing-engine","symbol":"TRXUSDT","count":1,"max":3,"err":"Binance /orderList 400: {\"code\":-2011,\"msg\":\"Unknown order list sent.\"}","msg":"error al cicle"}
{"level":30,"time":1772991483206,"pid":6660,"hostname":"DESKTOP-KPAMGTB","module":"trailing-engine","symbol":"TRXUSDT","price":0.2892,"activateAt":0.2891709941626681,"msg":"trailing activat"}
{"level":50,"time":1772991483438,"pid":6660,"hostname":"DESKTOP-KPAMGTB","module":"trailing-engine","symbol":"TRXUSDT","count":2,"max":3,"err":"Binance /orderList 400: {\"code\":-2011,\"msg\":\"Unknown order list sent.\"}","msg":"error al cicle"}
{"level":30,"time":1772991512662,"pid":6660,"hostname":"DESKTOP-KPAMGTB","module":"trailing-engine","symbol":"TRXUSDT","price":0.2893,"activateAt":0.2891709941626681,"msg":"trailing activat"}
{"level":40,"time":1772991512891,"pid":6660,"hostname":"DESKTOP-KPAMGTB","module":"trailing-engine","symbol":"TRXUSDT","count":3,"pauseSecs":60,"msg":"pausat per errors consecutius"}
{"level":30,"time":1772991573172,"pid":6660,"hostname":"DESKTOP-KPAMGTB","module":"trailing-engine","symbol":"TRXUSDT","price":0.2893,"activateAt":0.2891709941626681,"msg":"trailing activat"}
{"level":50,"time":1772991573445,"pid":6660,"hostname":"DESKTOP-KPAMGTB","module":"trailing-engine","symbol":"TRXUSDT","count":1,"max":3,"err":"Binance /orderList 400: {\"code\":-2011,\"msg\":\"Unknown order list sent.\"}","msg":"error al cicle"}
{"level":30,"time":1772991603887,"pid":6660,"hostname":"DESKTOP-KPAMGTB","module":"trailing-engine","symbol":"TRXUSDT","price":0.2893,"activateAt":0.2891709941626681,"msg":"trailing activat"}
{"level":50,"time":1772991604685,"pid":6660,"hostname":"DESKTOP-KPAMGTB","module":"trailing-engine","symbol":"TRXUSDT","count":2,"max":3,"err":"Binance /orderList 400: {\"code\":-2011,\"msg\":\"Unknown order list sent.\"}","msg":"error al cicle"}
{"level":30,"time":1772991633636,"pid":6660,"hostname":"DESKTOP-KPAMGTB","module":"trailing-engine","symbol":"TRXUSDT","price":0.2892,"activateAt":0.2891709941626681,"msg":"trailing activat"}
{"level":40,"time":1772991633872,"pid":6660,"hostname":"DESKTOP-KPAMGTB","module":"trailing-engine","symbol":"TRXUSDT","count":3,"pauseSecs":60,"msg":"pausat per errors consecutius"}
{"level":30,"time":1772991694180,"pid":6660,"hostname":"DESKTOP-KPAMGTB","module":"trailing-engine","symbol":"TRXUSDT","price":0.2893,"activateAt":0.2891709941626681,"msg":"trailing activat"}
{"level":50,"time":1772991694447,"pid":6660,"hostname":"DESKTOP-KPAMGTB","module":"trailing-engine","symbol":"TRXUSDT","count":1,"max":3,"err":"Binance /orderList 400: {\"code\":-2011,\"msg\":\"Unknown order list sent.\"}","msg":"error al cicle"}
{"level":30,"time":1772991723736,"pid":6660,"hostname":"DESKTOP-KPAMGTB","module":"trailing-engine","symbol":"TRXUSDT","price":0.2893,"activateAt":0.2891709941626681,"msg":"trailing activat"}
{"level":50,"time":1772991723966,"pid":6660,"hostname":"DESKTOP-KPAMGTB","module":"trailing-engine","symbol":"TRXUSDT","count":2,"max":3,"err":"Binance /orderList 400: {\"code\":-2011,\"msg\":\"Unknown order list sent.\"}","msg":"error al cicle"}
{"level":30,"time":1772991753891,"pid":6660,"hostname":"DESKTOP-KPAMGTB","module":"trailing-engine","symbol":"TRXUSDT","price":0.2893,"activateAt":0.2891709941626681,"msg":"trailing activat"}
{"level":40,"time":1772991754130,"pid":6660,"hostname":"DESKTOP-KPAMGTB","module":"trailing-engine","symbol":"TRXUSDT","count":3,"pauseSecs":60,"msg":"pausat per errors consecutius"}
{"level":30,"time":1772991844057,"pid":6660,"hostname":"DESKTOP-KPAMGTB","module":"trailing-engine","symbol":"TRXUSDT","price":0.2893,"activateAt":0.2891709941626681,"msg":"trailing activat"}
{"level":50,"time":1772991844343,"pid":6660,"hostname":"DESKTOP-KPAMGTB","module":"trailing-engine","symbol":"TRXUSDT","count":1,"max":3,"err":"Binance /orderList 400: {\"code\":-2011,\"msg\":\"Unknown order list sent.\"}","msg":"error al cicle"}
{"level":30,"time":1772991874874,"pid":6660,"hostname":"DESKTOP-KPAMGTB","module":"trailing-engine","symbol":"TRXUSDT","price":0.2893,"activateAt":0.2891709941626681,"msg":"trailing activat"}
{"level":50,"time":1772991875112,"pid":6660,"hostname":"DESKTOP-KPAMGTB","module":"trailing-engine","symbol":"TRXUSDT","count":2,"max":3,"err":"Binance /orderList 400: {\"code\":-2011,\"msg\":\"Unknown order list sent.\"}","msg":"error al cicle"}
{"level":30,"time":1772991890921,"pid":6660,"hostname":"DESKTOP-KPAMGTB","module":"binance","assets":15,"msg":"balance"}
{"level":30,"time":1772991904171,"pid":6660,"hostname":"DESKTOP-KPAMGTB","module":"trailing-engine","symbol":"TRXUSDT","price":0.2893,"activateAt":0.2891709941626681,"msg":"trailing activat"}
{"level":40,"time":1772991904403,"pid":6660,"hostname":"DESKTOP-KPAMGTB","module":"trailing-engine","symbol":"TRXUSDT","count":3,"pauseSecs":60,"msg":"pausat per errors consecutius"}
{"level":30,"time":1772991994224,"pid":6660,"hostname":"DESKTOP-KPAMGTB","module":"trailing-engine","symbol":"TRXUSDT","price":0.2893,"activateAt":0.2891709941626681,"msg":"trailing activat"}
{"level":50,"time":1772991994462,"pid":6660,"hostname":"DESKTOP-KPAMGTB","module":"trailing-engine","symbol":"TRXUSDT","count":1,"max":3,"err":"Binance /orderList 400: {\"code\":-2011,\"msg\":\"Unknown order list sent.\"}","msg":"error al cicle"}
{"level":30,"time":1772992024325,"pid":6660,"hostname":"DESKTOP-KPAMGTB","module":"trailing-engine","symbol":"TRXUSDT","price":0.2893,"activateAt":0.2891709941626681,"msg":"trailing activat"}
{"level":50,"time":1772992024780,"pid":6660,"hostname":"DESKTOP-KPAMGTB","module":"trailing-engine","symbol":"TRXUSDT","count":2,"max":3,"err":"Binance /orderList 400: {\"code\":-2011,\"msg\":\"Unknown order list sent.\"}","msg":"error al cicle"}
{"level":30,"time":1772992054747,"pid":6660,"hostname":"DESKTOP-KPAMGTB","module":"trailing-engine","symbol":"TRXUSDT","price":0.2893,"activateAt":0.2891709941626681,"msg":"trailing activat"}
{"level":40,"time":1772992054988,"pid":6660,"hostname":"DESKTOP-KPAMGTB","module":"trailing-engine","symbol":"TRXUSDT","count":3,"pauseSecs":60,"msg":"pausat per errors consecutius"}
{"level":30,"time":1772992144732,"pid":6660,"hostname":"DESKTOP-KPAMGTB","module":"trailing-engine","symbol":"TRXUSDT","price":0.2893,"activateAt":0.2891709941626681,"msg":"trailing activat"}
{"level":50,"time":1772992144970,"pid":6660,"hostname":"DESKTOP-KPAMGTB","module":"trailing-engine","symbol":"TRXUSDT","count":1,"max":3,"err":"Binance /orderList 400: {\"code\":-2011,\"msg\":\"Unknown order list sent.\"}","msg":"error al cicle"}
{"level":30,"time":1772992174346,"pid":6660,"hostname":"DESKTOP-KPAMGTB","module":"trailing-engine","symbol":"TRXUSDT","price":0.2893,"activateAt":0.2891709941626681,"msg":"trailing activat"}
{"level":50,"time":1772992174579,"pid":6660,"hostname":"DESKTOP-KPAMGTB","module":"trailing-engine","symbol":"TRXUSDT","count":2,"max":3,"err":"Binance /orderList 400: {\"code\":-2011,\"msg\":\"Unknown order list sent.\"}","msg":"error al cicle"}
{"level":30,"time":1772992203902,"pid":6660,"hostname":"DESKTOP-KPAMGTB","module":"trailing-engine","symbol":"TRXUSDT","price":0.2893,"activateAt":0.2891709941626681,"msg":"trailing activat"}
{"level":40,"time":1772992204163,"pid":6660,"hostname":"DESKTOP-KPAMGTB","module":"trailing-engine","symbol":"TRXUSDT","count":3,"pauseSecs":60,"msg":"pausat per errors consecutius"}
{"level":30,"time":1772992294712,"pid":6660,"hostname":"DESKTOP-KPAMGTB","module":"trailing-engine","symbol":"TRXUSDT","price":0.2893,"activateAt":0.2891709941626681,"msg":"trailing activat"}
{"level":50,"time":1772992294975,"pid":6660,"hostname":"DESKTOP-KPAMGTB","module":"trailing-engine","symbol":"TRXUSDT","count":1,"max":3,"err":"Binance /orderList 400: {\"code\":-2011,\"msg\":\"Unknown order list sent.\"}","msg":"error al cicle"}
{"level":30,"time":1772992325221,"pid":6660,"hostname":"DESKTOP-KPAMGTB","module":"trailing-engine","symbol":"TRXUSDT","price":0.2892,"activateAt":0.2891709941626681,"msg":"trailing activat"}
{"level":50,"time":1772992325747,"pid":6660,"hostname":"DESKTOP-KPAMGTB","module":"trailing-engine","symbol":"TRXUSDT","count":2,"max":3,"err":"Binance /orderList 400: {\"code\":-2011,\"msg\":\"Unknown order list sent.\"}","msg":"error al cicle"}
{"level":30,"time":1772992342450,"pid":6660,"hostname":"DESKTOP-KPAMGTB","module":"binance","assets":15,"msg":"balance"}
{"level":30,"time":1772992354207,"pid":6660,"hostname":"DESKTOP-KPAMGTB","module":"trailing-engine","symbol":"TRXUSDT","price":0.2892,"activateAt":0.2891709941626681,"msg":"trailing activat"}
{"level":40,"time":1772992354875,"pid":6660,"hostname":"DESKTOP-KPAMGTB","module":"trailing-engine","symbol":"TRXUSDT","count":3,"pauseSecs":60,"msg":"pausat per errors consecutius"}
{"level":30,"time":1772992443824,"pid":6660,"hostname":"DESKTOP-KPAMGTB","module":"trailing-engine","symbol":"TRXUSDT","price":0.2893,"activateAt":0.2891709941626681,"msg":"trailing activat"}
{"level":50,"time":1772992444057,"pid":6660,"hostname":"DESKTOP-KPAMGTB","module":"trailing-engine","symbol":"TRXUSDT","count":1,"max":3,"err":"Binance /orderList 400: {\"code\":-2011,\"msg\":\"Unknown order list sent.\"}","msg":"error al cicle"}
{"level":30,"time":1772992474082,"pid":6660,"hostname":"DESKTOP-KPAMGTB","module":"trailing-engine","symbol":"TRXUSDT","price":0.2893,"activateAt":0.2891709941626681,"msg":"trailing activat"}
{"level":50,"time":1772992474367,"pid":6660,"hostname":"DESKTOP-KPAMGTB","module":"trailing-engine","symbol":"TRXUSDT","count":2,"max":3,"err":"Binance /orderList 400: {\"code\":-2011,\"msg\":\"Unknown order list sent.\"}","msg":"error al cicle"}
{"level":30,"time":1772992504423,"pid":6660,"hostname":"DESKTOP-KPAMGTB","module":"trailing-engine","symbol":"TRXUSDT","price":0.2893,"activateAt":0.2891709941626681,"msg":"trailing activat"}
{"level":40,"time":1772992504696,"pid":6660,"hostname":"DESKTOP-KPAMGTB","module":"trailing-engine","symbol":"TRXUSDT","count":3,"pauseSecs":60,"msg":"pausat per errors consecutius"}
{"level":30,"time":1772992594058,"pid":6660,"hostname":"DESKTOP-KPAMGTB","module":"trailing-engine","symbol":"TRXUSDT","price":0.2894,"activateAt":0.2891709941626681,"msg":"trailing activat"}
{"level":50,"time":1772992594288,"pid":6660,"hostname":"DESKTOP-KPAMGTB","module":"trailing-engine","symbol":"TRXUSDT","count":1,"max":3,"err":"Binance /orderList 400: {\"code\":-2011,\"msg\":\"Unknown order list sent.\"}","msg":"error al cicle"}
{"level":30,"time":1772992623881,"pid":6660,"hostname":"DESKTOP-KPAMGTB","module":"trailing-engine","symbol":"TRXUSDT","price":0.2894,"activateAt":0.2891709941626681,"msg":"trailing activat"}
{"level":50,"time":1772992624110,"pid":6660,"hostname":"DESKTOP-KPAMGTB","module":"trailing-engine","symbol":"TRXUSDT","count":2,"max":3,"err":"Binance /orderList 400: {\"code\":-2011,\"msg\":\"Unknown order list sent.\"}","msg":"error al cicle"}
{"level":30,"time":1772992653991,"pid":6660,"hostname":"DESKTOP-KPAMGTB","module":"trailing-engine","symbol":"TRXUSDT","price":0.2894,"activateAt":0.2891709941626681,"msg":"trailing activat"}
{"level":40,"time":1772992654228,"pid":6660,"hostname":"DESKTOP-KPAMGTB","module":"trailing-engine","symbol":"TRXUSDT","count":3,"pauseSecs":60,"msg":"pausat per errors consecutius"}
{"level":30,"time":1772992743569,"pid":6660,"hostname":"DESKTOP-KPAMGTB","module":"trailing-engine","symbol":"TRXUSDT","price":0.2894,"activateAt":0.2891709941626681,"msg":"trailing activat"}
{"level":50,"time":1772992743796,"pid":6660,"hostname":"DESKTOP-KPAMGTB","module":"trailing-engine","symbol":"TRXUSDT","count":1,"max":3,"err":"Binance /orderList 400: {\"code\":-2011,\"msg\":\"Unknown order list sent.\"}","msg":"error al cicle"}
{"level":30,"time":1772992774179,"pid":6660,"hostname":"DESKTOP-KPAMGTB","module":"trailing-engine","symbol":"TRXUSDT","price":0.2894,"activateAt":0.2891709941626681,"msg":"trailing activat"}
{"level":50,"time":1772992774410,"pid":6660,"hostname":"DESKTOP-KPAMGTB","module":"trailing-engine","symbol":"TRXUSDT","count":2,"max":3,"err":"Binance /orderList 400: {\"code\":-2011,\"msg\":\"Unknown order list sent.\"}","msg":"error al cicle"}
{"level":30,"time":1772992792082,"pid":6660,"hostname":"DESKTOP-KPAMGTB","module":"binance","assets":15,"msg":"balance"}
{"level":30,"time":1772992800231,"pid":6660,"hostname":"DESKTOP-KPAMGTB","module":"telegram","msg":"informe horari enviat"}
{"level":30,"time":1772992805678,"pid":6660,"hostname":"DESKTOP-KPAMGTB","module":"trailing-engine","symbol":"TRXUSDT","price":0.2894,"activateAt":0.2891709941626681,"msg":"trailing activat"}
{"level":40,"time":1772992805950,"pid":6660,"hostname":"DESKTOP-KPAMGTB","module":"trailing-engine","symbol":"TRXUSDT","count":3,"pauseSecs":60,"msg":"pausat per errors consecutius"}
{"level":30,"time":1772992893935,"pid":6660,"hostname":"DESKTOP-KPAMGTB","module":"trailing-engine","symbol":"TRXUSDT","price":0.2894,"activateAt":0.2891709941626681,"msg":"trailing activat"}
{"level":50,"time":1772992894190,"pid":6660,"hostname":"DESKTOP-KPAMGTB","module":"trailing-engine","symbol":"TRXUSDT","count":1,"max":3,"err":"Binance /orderList 400: {\"code\":-2011,\"msg\":\"Unknown order list sent.\"}","msg":"error al cicle"}
{"level":30,"time":1772992924216,"pid":6660,"hostname":"DESKTOP-KPAMGTB","module":"trailing-engine","symbol":"TRXUSDT","price":0.2894,"activateAt":0.2891709941626681,"msg":"trailing activat"}
{"level":50,"time":1772992924448,"pid":6660,"hostname":"DESKTOP-KPAMGTB","module":"trailing-engine","symbol":"TRXUSDT","count":2,"max":3,"err":"Binance /orderList 400: {\"code\":-2011,\"msg\":\"Unknown order list sent.\"}","msg":"error al cicle"}
{"level":30,"time":1772992954341,"pid":6660,"hostname":"DESKTOP-KPAMGTB","module":"trailing-engine","symbol":"TRXUSDT","price":0.2894,"activateAt":0.2891709941626681,"msg":"trailing activat"}
{"level":40,"time":1772992954579,"pid":6660,"hostname":"DESKTOP-KPAMGTB","module":"trailing-engine","symbol":"TRXUSDT","count":3,"pauseSecs":60,"msg":"pausat per errors consecutius"}
{"level":30,"time":1772993044554,"pid":6660,"hostname":"DESKTOP-KPAMGTB","module":"trailing-engine","symbol":"TRXUSDT","price":0.2895,"activateAt":0.2891709941626681,"msg":"trailing activat"}
{"level":50,"time":1772993044789,"pid":6660,"hostname":"DESKTOP-KPAMGTB","module":"trailing-engine","symbol":"TRXUSDT","count":1,"max":3,"err":"Binance /orderList 400: {\"code\":-2011,\"msg\":\"Unknown order list sent.\"}","msg":"error al cicle"}
{"level":30,"time":1772993074295,"pid":6660,"hostname":"DESKTOP-KPAMGTB","module":"trailing-engine","symbol":"TRXUSDT","price":0.2895,"activateAt":0.2891709941626681,"msg":"trailing activat"}
{"level":50,"time":1772993075171,"pid":6660,"hostname":"DESKTOP-KPAMGTB","module":"trailing-engine","symbol":"TRXUSDT","count":2,"max":3,"err":"Binance /orderList 400: {\"code\":-2011,\"msg\":\"Unknown order list sent.\"}","msg":"error al cicle"}
{"level":30,"time":1772993105083,"pid":6660,"hostname":"DESKTOP-KPAMGTB","module":"trailing-engine","symbol":"TRXUSDT","price":0.2895,"activateAt":0.2891709941626681,"msg":"trailing activat"}
{"level":40,"time":1772993105313,"pid":6660,"hostname":"DESKTOP-KPAMGTB","module":"trailing-engine","symbol":"TRXUSDT","count":3,"pauseSecs":60,"msg":"pausat per errors consecutius"}
{"level":30,"time":1772993193591,"pid":6660,"hostname":"DESKTOP-KPAMGTB","module":"trailing-engine","symbol":"TRXUSDT","price":0.2895,"activateAt":0.2891709941626681,"msg":"trailing activat"}
{"level":50,"time":1772993194400,"pid":6660,"hostname":"DESKTOP-KPAMGTB","module":"trailing-engine","symbol":"TRXUSDT","count":1,"max":3,"err":"Binance /orderList 400: {\"code\":-2011,\"msg\":\"Unknown order list sent.\"}","msg":"error al cicle"}
{"level":30,"time":1772993223565,"pid":6660,"hostname":"DESKTOP-KPAMGTB","module":"trailing-engine","symbol":"TRXUSDT","price":0.2895,"activateAt":0.2891709941626681,"msg":"trailing activat"}
{"level":50,"time":1772993223799,"pid":6660,"hostname":"DESKTOP-KPAMGTB","module":"trailing-engine","symbol":"TRXUSDT","count":2,"max":3,"err":"Binance /orderList 400: {\"code\":-2011,\"msg\":\"Unknown order list sent.\"}","msg":"error al cicle"}
{"level":30,"time":1772993242107,"pid":6660,"hostname":"DESKTOP-KPAMGTB","module":"binance","assets":15,"msg":"balance"}
{"level":30,"time":1772993256201,"pid":6660,"hostname":"DESKTOP-KPAMGTB","module":"trailing-engine","symbol":"TRXUSDT","price":0.2895,"activateAt":0.2891709941626681,"msg":"trailing activat"}
{"level":40,"time":1772993256718,"pid":6660,"hostname":"DESKTOP-KPAMGTB","module":"trailing-engine","symbol":"TRXUSDT","count":3,"pauseSecs":60,"msg":"pausat per errors consecutius"}
{"level":30,"time":1772993343575,"pid":6660,"hostname":"DESKTOP-KPAMGTB","module":"trailing-engine","symbol":"TRXUSDT","price":0.2894,"activateAt":0.2891709941626681,"msg":"trailing activat"}
{"level":50,"time":1772993343803,"pid":6660,"hostname":"DESKTOP-KPAMGTB","module":"trailing-engine","symbol":"TRXUSDT","count":1,"max":3,"err":"Binance /orderList 400: {\"code\":-2011,\"msg\":\"Unknown order list sent.\"}","msg":"error al cicle"}
{"level":30,"time":1772993373749,"pid":6660,"hostname":"DESKTOP-KPAMGTB","module":"trailing-engine","symbol":"TRXUSDT","price":0.2895,"activateAt":0.2891709941626681,"msg":"trailing activat"}
{"level":50,"time":1772993374013,"pid":6660,"hostname":"DESKTOP-KPAMGTB","module":"trailing-engine","symbol":"TRXUSDT","count":2,"max":3,"err":"Binance /orderList 400: {\"code\":-2011,\"msg\":\"Unknown order list sent.\"}","msg":"error al cicle"}
{"level":30,"time":1772993404106,"pid":6660,"hostname":"DESKTOP-KPAMGTB","module":"trailing-engine","symbol":"TRXUSDT","price":0.2895,"activateAt":0.2891709941626681,"msg":"trailing activat"}
{"level":40,"time":1772993404379,"pid":6660,"hostname":"DESKTOP-KPAMGTB","module":"trailing-engine","symbol":"TRXUSDT","count":3,"pauseSecs":60,"msg":"pausat per errors consecutius"}
{"level":30,"time":1772993465181,"pid":6660,"hostname":"DESKTOP-KPAMGTB","module":"trailing-engine","symbol":"TRXUSDT","price":0.2895,"activateAt":0.2891709941626681,"msg":"trailing activat"}
{"level":50,"time":1772993465426,"pid":6660,"hostname":"DESKTOP-KPAMGTB","module":"trailing-engine","symbol":"TRXUSDT","count":1,"max":3,"err":"Binance /orderList 400: {\"code\":-2011,\"msg\":\"Unknown order list sent.\"}","msg":"error al cicle"}
{"level":30,"time":1772993493780,"pid":6660,"hostname":"DESKTOP-KPAMGTB","module":"trailing-engine","symbol":"TRXUSDT","price":0.2895,"activateAt":0.2891709941626681,"msg":"trailing activat"}
{"level":50,"time":1772993494052,"pid":6660,"hostname":"DESKTOP-KPAMGTB","module":"trailing-engine","symbol":"TRXUSDT","count":2,"max":3,"err":"Binance /orderList 400: {\"code\":-2011,\"msg\":\"Unknown order list sent.\"}","msg":"error al cicle"}
{"level":30,"time":1772993524556,"pid":6660,"hostname":"DESKTOP-KPAMGTB","module":"trailing-engine","symbol":"TRXUSDT","price":0.2895,"activateAt":0.2891709941626681,"msg":"trailing activat"}
{"level":40,"time":1772993525415,"pid":6660,"hostname":"DESKTOP-KPAMGTB","module":"trailing-engine","symbol":"TRXUSDT","count":3,"pauseSecs":60,"msg":"pausat per errors consecutius"}
{"level":30,"time":1772993614465,"pid":6660,"hostname":"DESKTOP-KPAMGTB","module":"trailing-engine","symbol":"TRXUSDT","price":0.2895,"activateAt":0.2891709941626681,"msg":"trailing activat"}
{"level":50,"time":1772993614735,"pid":6660,"hostname":"DESKTOP-KPAMGTB","module":"trailing-engine","symbol":"TRXUSDT","count":1,"max":3,"err":"Binance /orderList 400: {\"code\":-2011,\"msg\":\"Unknown order list sent.\"}","msg":"error al cicle"}
{"level":30,"time":1772993645355,"pid":6660,"hostname":"DESKTOP-KPAMGTB","module":"trailing-engine","symbol":"TRXUSDT","price":0.2895,"activateAt":0.2891709941626681,"msg":"trailing activat"}
{"level":50,"time":1772993645587,"pid":6660,"hostname":"DESKTOP-KPAMGTB","module":"trailing-engine","symbol":"TRXUSDT","count":2,"max":3,"err":"Binance /orderList 400: {\"code\":-2011,\"msg\":\"Unknown order list sent.\"}","msg":"error al cicle"}
{"level":30,"time":1772993675024,"pid":6660,"hostname":"DESKTOP-KPAMGTB","module":"trailing-engine","symbol":"TRXUSDT","price":0.2895,"activateAt":0.2891709941626681,"msg":"trailing activat"}
{"level":40,"time":1772993675289,"pid":6660,"hostname":"DESKTOP-KPAMGTB","module":"trailing-engine","symbol":"TRXUSDT","count":3,"pauseSecs":60,"msg":"pausat per errors consecutius"}
{"level":30,"time":1772993711702,"pid":6660,"hostname":"DESKTOP-KPAMGTB","module":"binance","assets":15,"msg":"balance"}
{"level":30,"time":1772993764201,"pid":6660,"hostname":"DESKTOP-KPAMGTB","module":"trailing-engine","symbol":"TRXUSDT","price":0.2894,"activateAt":0.2891709941626681,"msg":"trailing activat"}
{"level":50,"time":1772993764456,"pid":6660,"hostname":"DESKTOP-KPAMGTB","module":"trailing-engine","symbol":"TRXUSDT","count":1,"max":3,"err":"Binance /orderList 400: {\"code\":-2011,\"msg\":\"Unknown order list sent.\"}","msg":"error al cicle"}
{"level":30,"time":1772993788399,"pid":6660,"hostname":"DESKTOP-KPAMGTB","module":"binance","assets":15,"msg":"balance"}
{"level":30,"time":1772993793346,"pid":6660,"hostname":"DESKTOP-KPAMGTB","module":"trailing-engine","symbol":"TRXUSDT","price":0.2895,"activateAt":0.2891709941626681,"msg":"trailing activat"}
{"level":50,"time":1772993793576,"pid":6660,"hostname":"DESKTOP-KPAMGTB","module":"trailing-engine","symbol":"TRXUSDT","count":2,"max":3,"err":"Binance /orderList 400: {\"code\":-2011,\"msg\":\"Unknown order list sent.\"}","msg":"error al cicle"}
{"level":30,"time":1772993823697,"pid":6660,"hostname":"DESKTOP-KPAMGTB","module":"trailing-engine","symbol":"TRXUSDT","price":0.2894,"activateAt":0.2891709941626681,"msg":"trailing activat"}
{"level":40,"time":1772993823922,"pid":6660,"hostname":"DESKTOP-KPAMGTB","module":"trailing-engine","symbol":"TRXUSDT","count":3,"pauseSecs":60,"msg":"pausat per errors consecutius"}
{"level":30,"time":1772993870469,"pid":6660,"hostname":"DESKTOP-KPAMGTB","module":"binance","count":60,"msg":"trades"}
{"level":30,"time":1772993870959,"pid":6660,"hostname":"DESKTOP-KPAMGTB","module":"binance","count":60,"msg":"trades"}
{"level":30,"time":1772993872439,"pid":6660,"hostname":"DESKTOP-KPAMGTB","module":"binance","count":30,"msg":"order history"}
{"level":30,"time":1772993885540,"pid":6660,"hostname":"DESKTOP-KPAMGTB","module":"trailing-engine","symbol":"TRXUSDT","price":0.2894,"activateAt":0.2891709941626681,"msg":"trailing activat"}
{"level":50,"time":1772993886570,"pid":6660,"hostname":"DESKTOP-KPAMGTB","module":"trailing-engine","symbol":"TRXUSDT","count":1,"max":3,"err":"Binance /orderList 400: {\"code\":-2011,\"msg\":\"Unknown order list sent.\"}","msg":"error al cicle"}
{"level":30,"time":1772993913770,"pid":6660,"hostname":"DESKTOP-KPAMGTB","module":"trailing-engine","symbol":"TRXUSDT","price":0.2893,"activateAt":0.2891709941626681,"msg":"trailing activat"}
{"level":50,"time":1772993913999,"pid":6660,"hostname":"DESKTOP-KPAMGTB","module":"trailing-engine","symbol":"TRXUSDT","count":2,"max":3,"err":"Binance /orderList 400: {\"code\":-2011,\"msg\":\"Unknown order list sent.\"}","msg":"error al cicle"}
{"level":30,"time":1772993921856,"pid":6660,"hostname":"DESKTOP-KPAMGTB","module":"binance","symbol":"BTCUSDT","interval":"4h","verdict":"WAIT","score":43,"price":66838.45,"msg":"scanner"}
{"level":30,"time":1772993921922,"pid":6660,"hostname":"DESKTOP-KPAMGTB","module":"binance","symbol":"ETHUSDT","interval":"5m","verdict":"AVOID","score":33,"price":1930.38,"msg":"scanner"}
{"level":30,"time":1772993921937,"pid":6660,"hostname":"DESKTOP-KPAMGTB","module":"binance","symbol":"BTCUSDT","interval":"1h","verdict":"WAIT","score":40,"price":66838.45,"msg":"scanner"}
{"level":30,"time":1772993921957,"pid":6660,"hostname":"DESKTOP-KPAMGTB","module":"binance","symbol":"BTCUSDT","interval":"5m","verdict":"WAIT","score":37,"price":66838.45,"msg":"scanner"}
{"level":30,"time":1772993922371,"pid":6660,"hostname":"DESKTOP-KPAMGTB","module":"binance","symbol":"ETHUSDT","interval":"1h","verdict":"WAIT","score":40,"price":1930.42,"msg":"scanner"}
{"level":30,"time":1772993922467,"pid":6660,"hostname":"DESKTOP-KPAMGTB","module":"binance","symbol":"ETHUSDT","interval":"4h","verdict":"WAIT","score":43,"price":1930.42,"msg":"scanner"}
{"level":30,"time":1772993922537,"pid":6660,"hostname":"DESKTOP-KPAMGTB","module":"binance","symbol":"BNBUSDT","interval":"5m","verdict":"WAIT","score":43,"price":612.5,"msg":"scanner"}
{"level":30,"time":1772993922555,"pid":6660,"hostname":"DESKTOP-KPAMGTB","module":"binance","symbol":"BNBUSDT","interval":"1h","verdict":"WAIT","score":40,"price":612.5,"msg":"scanner"}
{"level":30,"time":1772993922922,"pid":6660,"hostname":"DESKTOP-KPAMGTB","module":"binance","symbol":"BNBUSDT","interval":"4h","verdict":"WAIT","score":47,"price":612.5,"msg":"scanner"}
{"level":30,"time":1772993923473,"pid":6660,"hostname":"DESKTOP-KPAMGTB","module":"binance","symbol":"SOLUSDT","interval":"5m","verdict":"WAIT","score":40,"price":81.43,"msg":"scanner"}
{"level":30,"time":1772993923554,"pid":6660,"hostname":"DESKTOP-KPAMGTB","module":"binance","symbol":"SOLUSDT","interval":"1h","verdict":"WAIT","score":40,"price":81.43,"msg":"scanner"}
{"level":30,"time":1772993923568,"pid":6660,"hostname":"DESKTOP-KPAMGTB","module":"binance","symbol":"SOLUSDT","interval":"4h","verdict":"WAIT","score":43,"price":81.43,"msg":"scanner"}
{"level":30,"time":1772993923603,"pid":6660,"hostname":"DESKTOP-KPAMGTB","module":"binance","symbol":"XRPUSDT","interval":"5m","verdict":"WAIT","score":40,"price":1.3416,"msg":"scanner"}
{"level":30,"time":1772993923832,"pid":6660,"hostname":"DESKTOP-KPAMGTB","module":"binance","symbol":"XRPUSDT","interval":"1h","verdict":"WAIT","score":37,"price":1.3416,"msg":"scanner"}
{"level":30,"time":1772993924015,"pid":6660,"hostname":"DESKTOP-KPAMGTB","module":"binance","symbol":"XRPUSDT","interval":"4h","verdict":"WAIT","score":40,"price":1.3416,"msg":"scanner"}
{"level":30,"time":1772993924074,"pid":6660,"hostname":"DESKTOP-KPAMGTB","module":"binance","symbol":"DOGEUSDT","interval":"5m","verdict":"WAIT","score":40,"price":0.08839,"msg":"scanner"}
{"level":30,"time":1772993924121,"pid":6660,"hostname":"DESKTOP-KPAMGTB","module":"binance","symbol":"DOGEUSDT","interval":"1h","verdict":"WAIT","score":40,"price":0.08839,"msg":"scanner"}
{"level":30,"time":1772993924336,"pid":6660,"hostname":"DESKTOP-KPAMGTB","module":"binance","symbol":"DOGEUSDT","interval":"4h","verdict":"WAIT","score":53,"price":0.08839,"msg":"scanner"}
{"level":30,"time":1772993924460,"pid":6660,"hostname":"DESKTOP-KPAMGTB","module":"binance","symbol":"ADAUSDT","interval":"5m","verdict":"WAIT","score":40,"price":0.2493,"msg":"scanner"}
{"level":30,"time":1772993924890,"pid":6660,"hostname":"DESKTOP-KPAMGTB","module":"binance","symbol":"ADAUSDT","interval":"4h","verdict":"WAIT","score":47,"price":0.2493,"msg":"scanner"}
{"level":30,"time":1772993924965,"pid":6660,"hostname":"DESKTOP-KPAMGTB","module":"binance","symbol":"AVAXUSDT","interval":"5m","verdict":"WAIT","score":40,"price":8.83,"msg":"scanner"}
{"level":30,"time":1772993925001,"pid":6660,"hostname":"DESKTOP-KPAMGTB","module":"binance","symbol":"AVAXUSDT","interval":"1h","verdict":"WAIT","score":40,"price":8.83,"msg":"scanner"}
{"level":30,"time":1772993925202,"pid":6660,"hostname":"DESKTOP-KPAMGTB","module":"binance","symbol":"AVAXUSDT","interval":"4h","verdict":"WAIT","score":47,"price":8.83,"msg":"scanner"}
{"level":30,"time":1772993925328,"pid":6660,"hostname":"DESKTOP-KPAMGTB","module":"binance","symbol":"ADAUSDT","interval":"1h","verdict":"WAIT","score":40,"price":0.2493,"msg":"scanner"}
{"level":30,"time":1772993925393,"pid":6660,"hostname":"DESKTOP-KPAMGTB","module":"binance","symbol":"TRXUSDT","interval":"5m","verdict":"WAIT","score":47,"price":0.2893,"msg":"scanner"}
{"level":30,"time":1772993925491,"pid":6660,"hostname":"DESKTOP-KPAMGTB","module":"binance","symbol":"TRXUSDT","interval":"1h","verdict":"WAIT","score":57,"price":0.2893,"msg":"scanner"}
{"level":30,"time":1772993925587,"pid":6660,"hostname":"DESKTOP-KPAMGTB","module":"binance","symbol":"TRXUSDT","interval":"4h","verdict":"WAIT","score":60,"price":0.2893,"msg":"scanner"}
{"level":30,"time":1772993925723,"pid":6660,"hostname":"DESKTOP-KPAMGTB","module":"binance","symbol":"DOTUSDT","interval":"5m","verdict":"WAIT","score":40,"price":1.447,"msg":"scanner"}
{"level":30,"time":1772993925854,"pid":6660,"hostname":"DESKTOP-KPAMGTB","module":"binance","symbol":"DOTUSDT","interval":"1h","verdict":"WAIT","score":37,"price":1.447,"msg":"scanner"}
{"level":30,"time":1772993925973,"pid":6660,"hostname":"DESKTOP-KPAMGTB","module":"binance","symbol":"DOTUSDT","interval":"4h","verdict":"WAIT","score":50,"price":1.447,"msg":"scanner"}
{"level":30,"time":1772993926085,"pid":6660,"hostname":"DESKTOP-KPAMGTB","module":"binance","symbol":"LINKUSDT","interval":"1h","verdict":"WAIT","score":37,"price":8.53,"msg":"scanner"}
{"level":30,"time":1772993926285,"pid":6660,"hostname":"DESKTOP-KPAMGTB","module":"binance","symbol":"MATICUSDT","interval":"5m","verdict":"WAIT","score":57,"price":0.3794,"msg":"scanner"}
{"level":30,"time":1772993926454,"pid":6660,"hostname":"DESKTOP-KPAMGTB","module":"binance","symbol":"LINKUSDT","interval":"4h","verdict":"WAIT","score":50,"price":8.53,"msg":"scanner"}
{"level":30,"time":1772993926495,"pid":6660,"hostname":"DESKTOP-KPAMGTB","module":"binance","symbol":"MATICUSDT","interval":"1h","verdict":"WAIT","score":50,"price":0.3794,"msg":"scanner"}
{"level":30,"time":1772993926508,"pid":6660,"hostname":"DESKTOP-KPAMGTB","module":"binance","symbol":"LINKUSDT","interval":"5m","verdict":"AVOID","score":33,"price":8.53,"msg":"scanner"}
{"level":30,"time":1772993926681,"pid":6660,"hostname":"DESKTOP-KPAMGTB","module":"binance","symbol":"MATICUSDT","interval":"4h","verdict":"WAIT","score":43,"price":0.3794,"msg":"scanner"}
{"level":30,"time":1772993926873,"pid":6660,"hostname":"DESKTOP-KPAMGTB","module":"binance","symbol":"LTCUSDT","interval":"5m","verdict":"WAIT","score":37,"price":52.4,"msg":"scanner"}
{"level":30,"time":1772993926919,"pid":6660,"hostname":"DESKTOP-KPAMGTB","module":"binance","symbol":"LTCUSDT","interval":"1h","verdict":"WAIT","score":37,"price":52.4,"msg":"scanner"}
{"level":30,"time":1772993926998,"pid":6660,"hostname":"DESKTOP-KPAMGTB","module":"binance","symbol":"LTCUSDT","interval":"4h","verdict":"WAIT","score":40,"price":52.4,"msg":"scanner"}
{"level":30,"time":1772993927074,"pid":6660,"hostname":"DESKTOP-KPAMGTB","module":"binance","symbol":"SHIBUSDT","interval":"5m","verdict":"WAIT","score":40,"price":0.00000527,"msg":"scanner"}
{"level":30,"time":1772993927224,"pid":6660,"hostname":"DESKTOP-KPAMGTB","module":"binance","symbol":"SHIBUSDT","interval":"1h","verdict":"AVOID","score":30,"price":0.00000527,"msg":"scanner"}
{"level":30,"time":1772993927317,"pid":6660,"hostname":"DESKTOP-KPAMGTB","module":"binance","symbol":"SHIBUSDT","interval":"4h","verdict":"WAIT","score":50,"price":0.00000527,"msg":"scanner"}
{"level":30,"time":1772993927389,"pid":6660,"hostname":"DESKTOP-KPAMGTB","module":"binance","symbol":"UNIUSDT","interval":"5m","verdict":"WAIT","score":37,"price":3.661,"msg":"scanner"}
{"level":30,"time":1772993927631,"pid":6660,"hostname":"DESKTOP-KPAMGTB","module":"binance","symbol":"ATOMUSDT","interval":"5m","verdict":"WAIT","score":37,"price":1.726,"msg":"scanner"}
{"level":30,"time":1772993927771,"pid":6660,"hostname":"DESKTOP-KPAMGTB","module":"binance","symbol":"ATOMUSDT","interval":"1h","verdict":"WAIT","score":53,"price":1.726,"msg":"scanner"}
{"level":30,"time":1772993927831,"pid":6660,"hostname":"DESKTOP-KPAMGTB","module":"binance","symbol":"UNIUSDT","interval":"1h","verdict":"WAIT","score":37,"price":3.661,"msg":"scanner"}
{"level":30,"time":1772993927938,"pid":6660,"hostname":"DESKTOP-KPAMGTB","module":"binance","symbol":"UNIUSDT","interval":"4h","verdict":"WAIT","score":40,"price":3.661,"msg":"scanner"}
{"level":30,"time":1772993927997,"pid":6660,"hostname":"DESKTOP-KPAMGTB","module":"binance","symbol":"ATOMUSDT","interval":"4h","verdict":"WAIT","score":37,"price":1.726,"msg":"scanner"}
{"level":30,"time":1772993928171,"pid":6660,"hostname":"DESKTOP-KPAMGTB","module":"binance","symbol":"ETCUSDT","interval":"5m","verdict":"WAIT","score":37,"price":7.98,"msg":"scanner"}
{"level":30,"time":1772993928250,"pid":6660,"hostname":"DESKTOP-KPAMGTB","module":"binance","symbol":"ETCUSDT","interval":"1h","verdict":"WAIT","score":37,"price":7.98,"msg":"scanner"}
{"level":30,"time":1772993928403,"pid":6660,"hostname":"DESKTOP-KPAMGTB","module":"binance","symbol":"XLMUSDT","interval":"5m","verdict":"WAIT","score":40,"price":0.148,"msg":"scanner"}
{"level":30,"time":1772993928446,"pid":6660,"hostname":"DESKTOP-KPAMGTB","module":"binance","symbol":"ETCUSDT","interval":"4h","verdict":"WAIT","score":47,"price":7.98,"msg":"scanner"}
{"level":30,"time":1772993928562,"pid":6660,"hostname":"DESKTOP-KPAMGTB","module":"binance","symbol":"XLMUSDT","interval":"1h","verdict":"WAIT","score":40,"price":0.148,"msg":"scanner"}
{"level":30,"time":1772993928648,"pid":6660,"hostname":"DESKTOP-KPAMGTB","module":"binance","symbol":"XLMUSDT","interval":"4h","verdict":"WAIT","score":43,"price":0.148,"msg":"scanner"}
{"level":30,"time":1772993928854,"pid":6660,"hostname":"DESKTOP-KPAMGTB","module":"binance","symbol":"APTUSDT","interval":"5m","verdict":"WAIT","score":40,"price":0.925,"msg":"scanner"}
{"level":30,"time":1772993928957,"pid":6660,"hostname":"DESKTOP-KPAMGTB","module":"binance","symbol":"APTUSDT","interval":"1h","verdict":"WAIT","score":37,"price":0.925,"msg":"scanner"}
{"level":30,"time":1772993930052,"pid":6660,"hostname":"DESKTOP-KPAMGTB","module":"binance","symbol":"NEARUSDT","interval":"5m","verdict":"WAIT","score":47,"price":1.215,"msg":"scanner"}
{"level":30,"time":1772993930069,"pid":6660,"hostname":"DESKTOP-KPAMGTB","module":"binance","symbol":"NEARUSDT","interval":"1h","verdict":"AVOID","score":33,"price":1.215,"msg":"scanner"}
{"level":30,"time":1772993930353,"pid":6660,"hostname":"DESKTOP-KPAMGTB","module":"binance","symbol":"NEARUSDT","interval":"4h","verdict":"WAIT","score":50,"price":1.215,"msg":"scanner"}
{"level":30,"time":1772993930415,"pid":6660,"hostname":"DESKTOP-KPAMGTB","module":"binance","symbol":"APTUSDT","interval":"4h","verdict":"WAIT","score":47,"price":0.925,"msg":"scanner"}
{"level":30,"time":1772993943862,"pid":6660,"hostname":"DESKTOP-KPAMGTB","module":"trailing-engine","symbol":"TRXUSDT","price":0.2894,"activateAt":0.2891709941626681,"msg":"trailing activat"}
{"level":40,"time":1772993944087,"pid":6660,"hostname":"DESKTOP-KPAMGTB","module":"trailing-engine","symbol":"TRXUSDT","count":3,"pauseSecs":60,"msg":"pausat per errors consecutius"}
{"level":30,"time":1772994018561,"pid":6660,"hostname":"DESKTOP-KPAMGTB","module":"binance","assets":15,"msg":"balance"}
{"level":30,"time":1772994034050,"pid":6660,"hostname":"DESKTOP-KPAMGTB","module":"trailing-engine","symbol":"TRXUSDT","price":0.2894,"activateAt":0.2891709941626681,"msg":"trailing activat"}
{"level":50,"time":1772994034271,"pid":6660,"hostname":"DESKTOP-KPAMGTB","module":"trailing-engine","symbol":"TRXUSDT","count":1,"max":3,"err":"Binance /orderList 400: {\"code\":-2011,\"msg\":\"Unknown order list sent.\"}","msg":"error al cicle"}
{"level":30,"time":1772994050363,"pid":6660,"hostname":"DESKTOP-KPAMGTB","module":"binance","count":60,"msg":"trades"}
{"level":30,"time":1772994050404,"pid":6660,"hostname":"DESKTOP-KPAMGTB","module":"binance","count":30,"msg":"order history"}
{"level":30,"time":1772994050688,"pid":6660,"hostname":"DESKTOP-KPAMGTB","module":"binance","count":60,"msg":"trades"}
{"level":30,"time":1772994063788,"pid":6660,"hostname":"DESKTOP-KPAMGTB","module":"trailing-engine","symbol":"TRXUSDT","price":0.2894,"activateAt":0.2891709941626681,"msg":"trailing activat"}
{"level":50,"time":1772994064015,"pid":6660,"hostname":"DESKTOP-KPAMGTB","module":"trailing-engine","symbol":"TRXUSDT","count":2,"max":3,"err":"Binance /orderList 400: {\"code\":-2011,\"msg\":\"Unknown order list sent.\"}","msg":"error al cicle"}
{"level":30,"time":1772994070879,"pid":6660,"hostname":"DESKTOP-KPAMGTB","module":"binance","symbol":"BTCUSDT","interval":"5m","verdict":"AVOID","score":33,"price":66947.34,"msg":"scanner"}
{"level":30,"time":1772994070922,"pid":6660,"hostname":"DESKTOP-KPAMGTB","module":"binance","symbol":"ETHUSDT","interval":"5m","verdict":"WAIT","score":37,"price":1935.92,"msg":"scanner"}
{"level":30,"time":1772994071219,"pid":6660,"hostname":"DESKTOP-KPAMGTB","module":"binance","symbol":"BNBUSDT","interval":"5m","verdict":"WAIT","score":53,"price":613.56,"msg":"scanner"}
{"level":30,"time":1772994071404,"pid":6660,"hostname":"DESKTOP-KPAMGTB","module":"binance","symbol":"SOLUSDT","interval":"5m","verdict":"WAIT","score":53,"price":81.66,"msg":"scanner"}
{"level":30,"time":1772994071614,"pid":6660,"hostname":"DESKTOP-KPAMGTB","module":"binance","symbol":"XRPUSDT","interval":"5m","verdict":"WAIT","score":50,"price":1.3441,"msg":"scanner"}
{"level":30,"time":1772994071852,"pid":6660,"hostname":"DESKTOP-KPAMGTB","module":"binance","symbol":"DOGEUSDT","interval":"5m","verdict":"WAIT","score":40,"price":0.0886,"msg":"scanner"}
{"level":30,"time":1772994072234,"pid":6660,"hostname":"DESKTOP-KPAMGTB","module":"binance","symbol":"ADAUSDT","interval":"5m","verdict":"WAIT","score":40,"price":0.25,"msg":"scanner"}
{"level":30,"time":1772994072373,"pid":6660,"hostname":"DESKTOP-KPAMGTB","module":"binance","symbol":"AVAXUSDT","interval":"5m","verdict":"WAIT","score":43,"price":8.85,"msg":"scanner"}
{"level":30,"time":1772994072692,"pid":6660,"hostname":"DESKTOP-KPAMGTB","module":"binance","symbol":"TRXUSDT","interval":"5m","verdict":"WAIT","score":47,"price":0.2895,"msg":"scanner"}
{"level":30,"time":1772994072927,"pid":6660,"hostname":"DESKTOP-KPAMGTB","module":"binance","symbol":"DOTUSDT","interval":"5m","verdict":"WAIT","score":37,"price":1.451,"msg":"scanner"}
{"level":30,"time":1772994073127,"pid":6660,"hostname":"DESKTOP-KPAMGTB","module":"binance","symbol":"LINKUSDT","interval":"5m","verdict":"WAIT","score":37,"price":8.54,"msg":"scanner"}
{"level":30,"time":1772994073349,"pid":6660,"hostname":"DESKTOP-KPAMGTB","module":"binance","symbol":"MATICUSDT","interval":"5m","verdict":"WAIT","score":57,"price":0.3794,"msg":"scanner"}
{"level":30,"time":1772994073522,"pid":6660,"hostname":"DESKTOP-KPAMGTB","module":"binance","symbol":"LTCUSDT","interval":"5m","verdict":"WAIT","score":37,"price":52.52,"msg":"scanner"}
{"level":30,"time":1772994073710,"pid":6660,"hostname":"DESKTOP-KPAMGTB","module":"binance","symbol":"SHIBUSDT","interval":"5m","verdict":"WAIT","score":43,"price":0.00000528,"msg":"scanner"}
{"level":30,"time":1772994073973,"pid":6660,"hostname":"DESKTOP-KPAMGTB","module":"binance","symbol":"UNIUSDT","interval":"5m","verdict":"WAIT","score":43,"price":3.671,"msg":"scanner"}
{"level":30,"time":1772994074158,"pid":6660,"hostname":"DESKTOP-KPAMGTB","module":"binance","symbol":"ATOMUSDT","interval":"5m","verdict":"WAIT","score":57,"price":1.73,"msg":"scanner"}
{"level":30,"time":1772994074398,"pid":6660,"hostname":"DESKTOP-KPAMGTB","module":"binance","symbol":"ETCUSDT","interval":"5m","verdict":"AVOID","score":27,"price":7.99,"msg":"scanner"}
{"level":30,"time":1772994074570,"pid":6660,"hostname":"DESKTOP-KPAMGTB","module":"binance","symbol":"XLMUSDT","interval":"5m","verdict":"WAIT","score":37,"price":0.1484,"msg":"scanner"}
{"level":30,"time":1772994074739,"pid":6660,"hostname":"DESKTOP-KPAMGTB","module":"binance","symbol":"APTUSDT","interval":"5m","verdict":"WAIT","score":47,"price":0.928,"msg":"scanner"}
{"level":30,"time":1772994074989,"pid":6660,"hostname":"DESKTOP-KPAMGTB","module":"binance","symbol":"NEARUSDT","interval":"5m","verdict":"WAIT","score":50,"price":1.218,"msg":"scanner"}
{"level":30,"time":1772994094036,"pid":6660,"hostname":"DESKTOP-KPAMGTB","module":"trailing-engine","symbol":"TRXUSDT","price":0.2895,"activateAt":0.2891709941626681,"msg":"trailing activat"}
{"level":40,"time":1772994094266,"pid":6660,"hostname":"DESKTOP-KPAMGTB","module":"trailing-engine","symbol":"TRXUSDT","count":3,"pauseSecs":60,"msg":"pausat per errors consecutius"}
{"level":30,"time":1772994141869,"pid":6660,"hostname":"DESKTOP-KPAMGTB","module":"binance","assets":15,"msg":"balance"}
{"level":30,"time":1772994155321,"pid":6660,"hostname":"DESKTOP-KPAMGTB","module":"trailing-engine","symbol":"TRXUSDT","price":0.2895,"activateAt":0.2891709941626681,"msg":"trailing activat"}
{"level":50,"time":1772994155548,"pid":6660,"hostname":"DESKTOP-KPAMGTB","module":"trailing-engine","symbol":"TRXUSDT","count":1,"max":3,"err":"Binance /orderList 400: {\"code\":-2011,\"msg\":\"Unknown order list sent.\"}","msg":"error al cicle"}
{"level":30,"time":1772994183914,"pid":6660,"hostname":"DESKTOP-KPAMGTB","module":"trailing-engine","symbol":"TRXUSDT","price":0.2895,"activateAt":0.2891709941626681,"msg":"trailing activat"}
{"level":50,"time":1772994184137,"pid":6660,"hostname":"DESKTOP-KPAMGTB","module":"trailing-engine","symbol":"TRXUSDT","count":2,"max":3,"err":"Binance /orderList 400: {\"code\":-2011,\"msg\":\"Unknown order list sent.\"}","msg":"error al cicle"}
{"level":30,"time":1772994210527,"pid":6660,"hostname":"DESKTOP-KPAMGTB","module":"binance","assets":15,"msg":"balance"}
{"level":30,"time":1772994211686,"pid":6660,"hostname":"DESKTOP-KPAMGTB","module":"binance","assets":15,"msg":"balance"}
{"level":30,"time":1772994213326,"pid":6660,"hostname":"DESKTOP-KPAMGTB","module":"trailing-engine","symbol":"TRXUSDT","price":0.2895,"activateAt":0.2891709941626681,"msg":"trailing activat"}
{"level":40,"time":1772994213547,"pid":6660,"hostname":"DESKTOP-KPAMGTB","module":"trailing-engine","symbol":"TRXUSDT","count":3,"pauseSecs":60,"msg":"pausat per errors consecutius"}
{"level":50,"time":1772994227090,"pid":6660,"hostname":"DESKTOP-KPAMGTB","module":"api","source":"orders/buy-and-exit","code":"BAD_PARAMS","err":"Binance /orderList/oco 400: {\"code\":-1013,\"msg\":\"Filter failure: LOT_SIZE\"}","msg":"error de ruta"}
{"level":30,"time":1772994274770,"pid":6660,"hostname":"DESKTOP-KPAMGTB","module":"trailing-engine","symbol":"TRXUSDT","price":0.2895,"activateAt":0.2891709941626681,"msg":"trailing activat"}
{"level":50,"time":1772994275005,"pid":6660,"hostname":"DESKTOP-KPAMGTB","module":"trailing-engine","symbol":"TRXUSDT","count":1,"max":3,"err":"Binance /orderList 400: {\"code\":-2011,\"msg\":\"Unknown order list sent.\"}","msg":"error al cicle"}
{"level":30,"time":1772994305786,"pid":6660,"hostname":"DESKTOP-KPAMGTB","module":"trailing-engine","symbol":"TRXUSDT","price":0.2895,"activateAt":0.2891709941626681,"msg":"trailing activat"}
{"level":50,"time":1772994306056,"pid":6660,"hostname":"DESKTOP-KPAMGTB","module":"trailing-engine","symbol":"TRXUSDT","count":2,"max":3,"err":"Binance /orderList 400: {\"code\":-2011,\"msg\":\"Unknown order list sent.\"}","msg":"error al cicle"}
{"level":50,"time":1772994308244,"pid":6660,"hostname":"DESKTOP-KPAMGTB","module":"api","source":"orders/buy-and-exit","code":"BAD_PARAMS","err":"Binance /orderList/oco 400: {\"code\":-1013,\"msg\":\"Filter failure: LOT_SIZE\"}","msg":"error de ruta"}
{"level":30,"time":1772994315221,"pid":6660,"hostname":"DESKTOP-KPAMGTB","module":"binance","symbol":"TRXUSDT","interval":"1h","verdict":"WAIT","score":57,"price":0.2894,"msg":"scanner"}
{"level":30,"time":1772994317939,"pid":6660,"hostname":"DESKTOP-KPAMGTB","module":"binance","assets":15,"msg":"balance"}
{"level":30,"time":1772994318496,"pid":6660,"hostname":"DESKTOP-KPAMGTB","module":"binance","assets":15,"msg":"balance"}
{"level":50,"time":1772994325458,"pid":6660,"hostname":"DESKTOP-KPAMGTB","module":"api","source":"orders/buy-and-exit","code":"BAD_PARAMS","err":"Binance /orderList/oco 400: {\"code\":-1013,\"msg\":\"Filter failure: LOT_SIZE\"}","msg":"error de ruta"}
{"level":30,"time":1772994333925,"pid":6660,"hostname":"DESKTOP-KPAMGTB","module":"trailing-engine","symbol":"TRXUSDT","price":0.2895,"activateAt":0.2891709941626681,"msg":"trailing activat"}
{"level":40,"time":1772994334805,"pid":6660,"hostname":"DESKTOP-KPAMGTB","module":"trailing-engine","symbol":"TRXUSDT","count":3,"pauseSecs":60,"msg":"pausat per errors consecutius"}
{"level":30,"time":1772994424594,"pid":6660,"hostname":"DESKTOP-KPAMGTB","module":"trailing-engine","symbol":"TRXUSDT","price":0.2894,"activateAt":0.2891709941626681,"msg":"trailing activat"}
{"level":50,"time":1772994424820,"pid":6660,"hostname":"DESKTOP-KPAMGTB","module":"trailing-engine","symbol":"TRXUSDT","count":1,"max":3,"err":"Binance /orderList 400: {\"code\":-2011,\"msg\":\"Unknown order list sent.\"}","msg":"error al cicle"}
{"level":30,"time":1772994453944,"pid":6660,"hostname":"DESKTOP-KPAMGTB","module":"trailing-engine","symbol":"TRXUSDT","price":0.2894,"activateAt":0.2891709941626681,"msg":"trailing activat"}
{"level":50,"time":1772994454166,"pid":6660,"hostname":"DESKTOP-KPAMGTB","module":"trailing-engine","symbol":"TRXUSDT","count":2,"max":3,"err":"Binance /orderList 400: {\"code\":-2011,\"msg\":\"Unknown order list sent.\"}","msg":"error al cicle"}
{"level":30,"time":1772994484085,"pid":6660,"hostname":"DESKTOP-KPAMGTB","module":"trailing-engine","symbol":"TRXUSDT","price":0.2893,"activateAt":0.2891709941626681,"msg":"trailing activat"}
{"level":40,"time":1772994484316,"pid":6660,"hostname":"DESKTOP-KPAMGTB","module":"trailing-engine","symbol":"TRXUSDT","count":3,"pauseSecs":60,"msg":"pausat per errors consecutius"}
{"level":30,"time":1772994540914,"pid":6660,"hostname":"DESKTOP-KPAMGTB","module":"orders","symbol":"TRXUSDT","side":"SELL","fillPrice":0.2893,"quantity":"227","commissionInBase":0.2281,"tpPrice":"0.31","slStopPrice":"0.26","buyOrderId":190494618,"ocoOrderListId":2023578,"msg":"compra de mercat + OCO"}
{"level":30,"time":1772994551955,"pid":6660,"hostname":"DESKTOP-KPAMGTB","module":"binance","symbol":"ETHUSDT","interval":"5m","verdict":"WAIT","score":40,"price":1935.14,"msg":"scanner"}
{"level":30,"time":1772994552770,"pid":6660,"hostname":"DESKTOP-KPAMGTB","module":"binance","assets":15,"msg":"balance"}
{"level":30,"time":1772994553029,"pid":6660,"hostname":"DESKTOP-KPAMGTB","module":"binance","assets":15,"msg":"balance"}
{"level":30,"time":1772994568264,"pid":6660,"hostname":"DESKTOP-KPAMGTB","module":"orders","symbol":"ETHUSDT","side":"SELL","fillPrice":1935.0699999999997,"quantity":"0.01690000","commissionInBase":0.000017,"tpPrice":"1944.36000000","slStopPrice":"1929.45000000","buyOrderId":3812119947,"ocoOrderListId":2023582,"msg":"compra de mercat + OCO"}
{"level":30,"time":1772994573463,"pid":6660,"hostname":"DESKTOP-KPAMGTB","module":"trailing-engine","symbol":"TRXUSDT","price":0.2893,"activateAt":0.2891709941626681,"msg":"trailing activat"}
{"level":50,"time":1772994574165,"pid":6660,"hostname":"DESKTOP-KPAMGTB","module":"trailing-engine","symbol":"TRXUSDT","count":1,"max":3,"err":"Binance /orderList 400: {\"code\":-2011,\"msg\":\"Unknown order list sent.\"}","msg":"error al cicle"}
{"level":30,"time":1772994604669,"pid":6660,"hostname":"DESKTOP-KPAMGTB","module":"trailing-engine","symbol":"TRXUSDT","price":0.2893,"activateAt":0.2891709941626681,"msg":"trailing activat"}
{"level":50,"time":1772994604896,"pid":6660,"hostname":"DESKTOP-KPAMGTB","module":"trailing-engine","symbol":"TRXUSDT","count":2,"max":3,"err":"Binance /orderList 400: {\"code\":-2011,\"msg\":\"Unknown order list sent.\"}","msg":"error al cicle"}
{"level":30,"time":1772994635286,"pid":6660,"hostname":"DESKTOP-KPAMGTB","module":"trailing-engine","symbol":"TRXUSDT","price":0.2893,"activateAt":0.2891709941626681,"msg":"trailing activat"}
{"level":40,"time":1772994635510,"pid":6660,"hostname":"DESKTOP-KPAMGTB","module":"trailing-engine","symbol":"TRXUSDT","count":3,"pauseSecs":60,"msg":"pausat per errors consecutius"}
{"level":30,"time":1772994698582,"pid":6660,"hostname":"DESKTOP-KPAMGTB","module":"trailing-engine","symbol":"TRXUSDT","price":0.2895,"activateAt":0.2891709941626681,"msg":"trailing activat"}
{"level":50,"time":1772994698803,"pid":6660,"hostname":"DESKTOP-KPAMGTB","module":"trailing-engine","symbol":"TRXUSDT","count":1,"max":3,"err":"Binance /orderList 400: {\"code\":-2011,\"msg\":\"Unknown order list sent.\"}","msg":"error al cicle"}
{"level":30,"time":1772994712736,"pid":6660,"hostname":"DESKTOP-KPAMGTB","module":"binance","count":60,"msg":"trades"}
{"level":30,"time":1772994713024,"pid":6660,"hostname":"DESKTOP-KPAMGTB","module":"binance","count":60,"msg":"trades"}
{"level":30,"time":1772994724479,"pid":6660,"hostname":"DESKTOP-KPAMGTB","module":"trailing-engine","symbol":"TRXUSDT","price":0.2895,"activateAt":0.2891709941626681,"msg":"trailing activat"}
{"level":50,"time":1772994724704,"pid":6660,"hostname":"DESKTOP-KPAMGTB","module":"trailing-engine","symbol":"TRXUSDT","count":2,"max":3,"err":"Binance /orderList 400: {\"code\":-2011,\"msg\":\"Unknown order list sent.\"}","msg":"error al cicle"}
{"level":30,"time":1772994726265,"pid":6660,"hostname":"DESKTOP-KPAMGTB","module":"binance","assets":15,"msg":"balance"}
{"level":30,"time":1772994755448,"pid":6660,"hostname":"DESKTOP-KPAMGTB","module":"trailing-engine","symbol":"TRXUSDT","price":0.2894,"activateAt":0.2891709941626681,"msg":"trailing activat"}
{"level":40,"time":1772994755694,"pid":6660,"hostname":"DESKTOP-KPAMGTB","module":"trailing-engine","symbol":"TRXUSDT","count":3,"pauseSecs":60,"msg":"pausat per errors consecutius"}
{"level":30,"time":1772994843668,"pid":6660,"hostname":"DESKTOP-KPAMGTB","module":"trailing-engine","symbol":"TRXUSDT","price":0.2895,"activateAt":0.2891709941626681,"msg":"trailing activat"}
{"level":50,"time":1772994843898,"pid":6660,"hostname":"DESKTOP-KPAMGTB","module":"trailing-engine","symbol":"TRXUSDT","count":1,"max":3,"err":"Binance /orderList 400: {\"code\":-2011,\"msg\":\"Unknown order list sent.\"}","msg":"error al cicle"}
{"level":30,"time":1772994874317,"pid":6660,"hostname":"DESKTOP-KPAMGTB","module":"trailing-engine","symbol":"TRXUSDT","price":0.2895,"activateAt":0.2891709941626681,"msg":"trailing activat"}
{"level":50,"time":1772994875017,"pid":6660,"hostname":"DESKTOP-KPAMGTB","module":"trailing-engine","symbol":"TRXUSDT","count":2,"max":3,"err":"Binance /orderList 400: {\"code\":-2011,\"msg\":\"Unknown order list sent.\"}","msg":"error al cicle"}
{"level":30,"time":1772994905783,"pid":6660,"hostname":"DESKTOP-KPAMGTB","module":"trailing-engine","symbol":"TRXUSDT","price":0.2895,"activateAt":0.2891709941626681,"msg":"trailing activat"}
{"level":40,"time":1772994906016,"pid":6660,"hostname":"DESKTOP-KPAMGTB","module":"trailing-engine","symbol":"TRXUSDT","count":3,"pauseSecs":60,"msg":"pausat per errors consecutius"}
{"level":30,"time":1772994995169,"pid":6660,"hostname":"DESKTOP-KPAMGTB","module":"trailing-engine","symbol":"TRXUSDT","price":0.2895,"activateAt":0.2891709941626681,"msg":"trailing activat"}
{"level":50,"time":1772994995427,"pid":6660,"hostname":"DESKTOP-KPAMGTB","module":"trailing-engine","symbol":"TRXUSDT","count":1,"max":3,"err":"Binance /orderList 400: {\"code\":-2011,\"msg\":\"Unknown order list sent.\"}","msg":"error al cicle"}
{"level":30,"time":1772995024758,"pid":6660,"hostname":"DESKTOP-KPAMGTB","module":"trailing-engine","symbol":"TRXUSDT","price":0.2893,"activateAt":0.2891709941626681,"msg":"trailing activat"}
{"level":50,"time":1772995025722,"pid":6660,"hostname":"DESKTOP-KPAMGTB","module":"trailing-engine","symbol":"TRXUSDT","count":2,"max":3,"err":"Binance /orderList 400: {\"code\":-2011,\"msg\":\"Unknown order list sent.\"}","msg":"error al cicle"}
{"level":30,"time":1772995042569,"pid":6660,"hostname":"DESKTOP-KPAMGTB","module":"binance","assets":15,"msg":"balance"}
{"level":30,"time":1772995056345,"pid":6660,"hostname":"DESKTOP-KPAMGTB","module":"trailing-engine","symbol":"TRXUSDT","price":0.2893,"activateAt":0.2891709941626681,"msg":"trailing activat"}
{"level":40,"time":1772995056572,"pid":6660,"hostname":"DESKTOP-KPAMGTB","module":"trailing-engine","symbol":"TRXUSDT","count":3,"pauseSecs":60,"msg":"pausat per errors consecutius"}
{"level":30,"time":1772995144181,"pid":6660,"hostname":"DESKTOP-KPAMGTB","module":"trailing-engine","symbol":"TRXUSDT","price":0.2893,"activateAt":0.2891709941626681,"msg":"trailing activat"}
{"level":50,"time":1772995144649,"pid":6660,"hostname":"DESKTOP-KPAMGTB","module":"trailing-engine","symbol":"TRXUSDT","count":1,"max":3,"err":"Binance /orderList 400: {\"code\":-2011,\"msg\":\"Unknown order list sent.\"}","msg":"error al cicle"}
{"level":30,"time":1772995174243,"pid":6660,"hostname":"DESKTOP-KPAMGTB","module":"trailing-engine","symbol":"TRXUSDT","price":0.2893,"activateAt":0.2891709941626681,"msg":"trailing activat"}
{"level":50,"time":1772995174470,"pid":6660,"hostname":"DESKTOP-KPAMGTB","module":"trailing-engine","symbol":"TRXUSDT","count":2,"max":3,"err":"Binance /orderList 400: {\"code\":-2011,\"msg\":\"Unknown order list sent.\"}","msg":"error al cicle"}
{"level":30,"time":1772995204196,"pid":6660,"hostname":"DESKTOP-KPAMGTB","module":"trailing-engine","symbol":"TRXUSDT","price":0.2894,"activateAt":0.2891709941626681,"msg":"trailing activat"}
{"level":40,"time":1772995204420,"pid":6660,"hostname":"DESKTOP-KPAMGTB","module":"trailing-engine","symbol":"TRXUSDT","count":3,"pauseSecs":60,"msg":"pausat per errors consecutius"}
{"level":30,"time":1772995257732,"pid":6660,"hostname":"DESKTOP-KPAMGTB","module":"orders","symbol":"ETHUSDT","side":"SELL","type":"STOP_LOSS_LIMIT","execPrice":1927.52,"execValue":32.575087999999994,"orderId":3812120250,"msg":"ordre executada (fill)"}
{"level":30,"time":1772995294185,"pid":6660,"hostname":"DESKTOP-KPAMGTB","module":"trailing-engine","symbol":"TRXUSDT","price":0.2894,"activateAt":0.2891709941626681,"msg":"trailing activat"}
{"level":50,"time":1772995294450,"pid":6660,"hostname":"DESKTOP-KPAMGTB","module":"trailing-engine","symbol":"TRXUSDT","count":1,"max":3,"err":"Binance /orderList 400: {\"code\":-2011,\"msg\":\"Unknown order list sent.\"}","msg":"error al cicle"}
{"level":30,"time":1772995324231,"pid":6660,"hostname":"DESKTOP-KPAMGTB","module":"trailing-engine","symbol":"TRXUSDT","price":0.2894,"activateAt":0.2891709941626681,"msg":"trailing activat"}
{"level":50,"time":1772995324458,"pid":6660,"hostname":"DESKTOP-KPAMGTB","module":"trailing-engine","symbol":"TRXUSDT","count":2,"max":3,"err":"Binance /orderList 400: {\"code\":-2011,\"msg\":\"Unknown order list sent.\"}","msg":"error al cicle"}
{"level":30,"time":1772995355481,"pid":6660,"hostname":"DESKTOP-KPAMGTB","module":"trailing-engine","symbol":"TRXUSDT","price":0.2894,"activateAt":0.2891709941626681,"msg":"trailing activat"}
{"level":40,"time":1772995355738,"pid":6660,"hostname":"DESKTOP-KPAMGTB","module":"trailing-engine","symbol":"TRXUSDT","count":3,"pauseSecs":60,"msg":"pausat per errors consecutius"}
{"level":30,"time":1772995444686,"pid":6660,"hostname":"DESKTOP-KPAMGTB","module":"trailing-engine","symbol":"TRXUSDT","price":0.2895,"activateAt":0.2891709941626681,"msg":"trailing activat"}
{"level":50,"time":1772995445140,"pid":6660,"hostname":"DESKTOP-KPAMGTB","module":"trailing-engine","symbol":"TRXUSDT","count":1,"max":3,"err":"Binance /orderList 400: {\"code\":-2011,\"msg\":\"Unknown order list sent.\"}","msg":"error al cicle"}
{"level":30,"time":1772995476897,"pid":6660,"hostname":"DESKTOP-KPAMGTB","module":"trailing-engine","symbol":"TRXUSDT","price":0.2895,"activateAt":0.2891709941626681,"msg":"trailing activat"}
{"level":50,"time":1772995477126,"pid":6660,"hostname":"DESKTOP-KPAMGTB","module":"trailing-engine","symbol":"TRXUSDT","count":2,"max":3,"err":"Binance /orderList 400: {\"code\":-2011,\"msg\":\"Unknown order list sent.\"}","msg":"error al cicle"}
{"level":30,"time":1772995506027,"pid":6660,"hostname":"DESKTOP-KPAMGTB","module":"trailing-engine","symbol":"TRXUSDT","price":0.2895,"activateAt":0.2891709941626681,"msg":"trailing activat"}
{"level":40,"time":1772995506252,"pid":6660,"hostname":"DESKTOP-KPAMGTB","module":"trailing-engine","symbol":"TRXUSDT","count":3,"pauseSecs":60,"msg":"pausat per errors consecutius"}
{"level":30,"time":1772995594654,"pid":6660,"hostname":"DESKTOP-KPAMGTB","module":"trailing-engine","symbol":"TRXUSDT","price":0.2893,"activateAt":0.2891709941626681,"msg":"trailing activat"}
{"level":50,"time":1772995595337,"pid":6660,"hostname":"DESKTOP-KPAMGTB","module":"trailing-engine","symbol":"TRXUSDT","count":1,"max":3,"err":"Binance /orderList 400: {\"code\":-2011,\"msg\":\"Unknown order list sent.\"}","msg":"error al cicle"}
{"level":30,"time":1772995625865,"pid":6660,"hostname":"DESKTOP-KPAMGTB","module":"trailing-engine","symbol":"TRXUSDT","price":0.2892,"activateAt":0.2891709941626681,"msg":"trailing activat"}
{"level":50,"time":1772995627351,"pid":6660,"hostname":"DESKTOP-KPAMGTB","module":"trailing-engine","symbol":"TRXUSDT","count":2,"max":3,"err":"Binance /orderList 400: {\"code\":-2011,\"msg\":\"Unknown order list sent.\"}","msg":"error al cicle"}
{"level":30,"time":1772995654643,"pid":6660,"hostname":"DESKTOP-KPAMGTB","module":"trailing-engine","symbol":"TRXUSDT","price":0.2893,"activateAt":0.2891709941626681,"msg":"trailing activat"}
{"level":40,"time":1772995655367,"pid":6660,"hostname":"DESKTOP-KPAMGTB","module":"trailing-engine","symbol":"TRXUSDT","count":3,"pauseSecs":60,"msg":"pausat per errors consecutius"}
{"level":30,"time":1772995746926,"pid":6660,"hostname":"DESKTOP-KPAMGTB","module":"trailing-engine","symbol":"TRXUSDT","price":0.2894,"activateAt":0.2891709941626681,"msg":"trailing activat"}
{"level":50,"time":1772995747412,"pid":6660,"hostname":"DESKTOP-KPAMGTB","module":"trailing-engine","symbol":"TRXUSDT","count":1,"max":3,"err":"Binance /orderList 400: {\"code\":-2011,\"msg\":\"Unknown order list sent.\"}","msg":"error al cicle"}
{"level":30,"time":1772995774836,"pid":6660,"hostname":"DESKTOP-KPAMGTB","module":"trailing-engine","symbol":"TRXUSDT","price":0.2894,"activateAt":0.2891709941626681,"msg":"trailing activat"}
{"level":50,"time":1772995775099,"pid":6660,"hostname":"DESKTOP-KPAMGTB","module":"trailing-engine","symbol":"TRXUSDT","count":2,"max":3,"err":"Binance /orderList 400: {\"code\":-2011,\"msg\":\"Unknown order list sent.\"}","msg":"error al cicle"}
{"level":30,"time":1772995805197,"pid":6660,"hostname":"DESKTOP-KPAMGTB","module":"trailing-engine","symbol":"TRXUSDT","price":0.2894,"activateAt":0.2891709941626681,"msg":"trailing activat"}
{"level":40,"time":1772995805464,"pid":6660,"hostname":"DESKTOP-KPAMGTB","module":"trailing-engine","symbol":"TRXUSDT","count":3,"pauseSecs":60,"msg":"pausat per errors consecutius"}
{"level":30,"time":1772995895006,"pid":6660,"hostname":"DESKTOP-KPAMGTB","module":"trailing-engine","symbol":"TRXUSDT","price":0.2893,"activateAt":0.2891709941626681,"msg":"trailing activat"}
{"level":50,"time":1772995895231,"pid":6660,"hostname":"DESKTOP-KPAMGTB","module":"trailing-engine","symbol":"TRXUSDT","count":1,"max":3,"err":"Binance /orderList 400: {\"code\":-2011,\"msg\":\"Unknown order list sent.\"}","msg":"error al cicle"}
{"level":30,"time":1772995925451,"pid":6660,"hostname":"DESKTOP-KPAMGTB","module":"trailing-engine","symbol":"TRXUSDT","price":0.2895,"activateAt":0.2891709941626681,"msg":"trailing activat"}
{"level":50,"time":1772995925714,"pid":6660,"hostname":"DESKTOP-KPAMGTB","module":"trailing-engine","symbol":"TRXUSDT","count":2,"max":3,"err":"Binance /orderList 400: {\"code\":-2011,\"msg\":\"Unknown order list sent.\"}","msg":"error al cicle"}
{"level":30,"time":1772995943781,"pid":6660,"hostname":"DESKTOP-KPAMGTB","module":"binance","assets":15,"msg":"balance"}
{"level":30,"time":1772995954465,"pid":6660,"hostname":"DESKTOP-KPAMGTB","module":"trailing-engine","symbol":"TRXUSDT","price":0.2894,"activateAt":0.2891709941626681,"msg":"trailing activat"}
{"level":40,"time":1772995954690,"pid":6660,"hostname":"DESKTOP-KPAMGTB","module":"trailing-engine","symbol":"TRXUSDT","count":3,"pauseSecs":60,"msg":"pausat per errors consecutius"}
{"level":30,"time":1772996045335,"pid":6660,"hostname":"DESKTOP-KPAMGTB","module":"trailing-engine","symbol":"TRXUSDT","price":0.2894,"activateAt":0.2891709941626681,"msg":"trailing activat"}
{"level":50,"time":1772996045560,"pid":6660,"hostname":"DESKTOP-KPAMGTB","module":"trailing-engine","symbol":"TRXUSDT","count":1,"max":3,"err":"Binance /orderList 400: {\"code\":-2011,\"msg\":\"Unknown order list sent.\"}","msg":"error al cicle"}
{"level":30,"time":1772996073857,"pid":6660,"hostname":"DESKTOP-KPAMGTB","module":"trailing-engine","symbol":"TRXUSDT","price":0.2895,"activateAt":0.2891709941626681,"msg":"trailing activat"}
{"level":50,"time":1772996074080,"pid":6660,"hostname":"DESKTOP-KPAMGTB","module":"trailing-engine","symbol":"TRXUSDT","count":2,"max":3,"err":"Binance /orderList 400: {\"code\":-2011,\"msg\":\"Unknown order list sent.\"}","msg":"error al cicle"}
{"level":30,"time":1772996104872,"pid":6660,"hostname":"DESKTOP-KPAMGTB","module":"trailing-engine","symbol":"TRXUSDT","price":0.2895,"activateAt":0.2891709941626681,"msg":"trailing activat"}
{"level":40,"time":1772996105149,"pid":6660,"hostname":"DESKTOP-KPAMGTB","module":"trailing-engine","symbol":"TRXUSDT","count":3,"pauseSecs":60,"msg":"pausat per errors consecutius"}
{"level":30,"time":1772996195859,"pid":6660,"hostname":"DESKTOP-KPAMGTB","module":"trailing-engine","symbol":"TRXUSDT","price":0.2895,"activateAt":0.2891709941626681,"msg":"trailing activat"}
{"level":50,"time":1772996196675,"pid":6660,"hostname":"DESKTOP-KPAMGTB","module":"trailing-engine","symbol":"TRXUSDT","count":1,"max":3,"err":"Binance /orderList 400: {\"code\":-2011,\"msg\":\"Unknown order list sent.\"}","msg":"error al cicle"}
{"level":30,"time":1772996224817,"pid":6660,"hostname":"DESKTOP-KPAMGTB","module":"trailing-engine","symbol":"TRXUSDT","price":0.2895,"activateAt":0.2891709941626681,"msg":"trailing activat"}
{"level":50,"time":1772996225899,"pid":6660,"hostname":"DESKTOP-KPAMGTB","module":"trailing-engine","symbol":"TRXUSDT","count":2,"max":3,"err":"Binance /orderList 400: {\"code\":-2011,\"msg\":\"Unknown order list sent.\"}","msg":"error al cicle"}
{"level":30,"time":1772996255934,"pid":6660,"hostname":"DESKTOP-KPAMGTB","module":"trailing-engine","symbol":"TRXUSDT","price":0.2896,"activateAt":0.2891709941626681,"msg":"trailing activat"}
{"level":40,"time":1772996256199,"pid":6660,"hostname":"DESKTOP-KPAMGTB","module":"trailing-engine","symbol":"TRXUSDT","count":3,"pauseSecs":60,"msg":"pausat per errors consecutius"}
{"level":30,"time":1772996344414,"pid":6660,"hostname":"DESKTOP-KPAMGTB","module":"trailing-engine","symbol":"TRXUSDT","price":0.2896,"activateAt":0.2891709941626681,"msg":"trailing activat"}
{"level":50,"time":1772996344637,"pid":6660,"hostname":"DESKTOP-KPAMGTB","module":"trailing-engine","symbol":"TRXUSDT","count":1,"max":3,"err":"Binance /orderList 400: {\"code\":-2011,\"msg\":\"Unknown order list sent.\"}","msg":"error al cicle"}
{"level":30,"time":1772996375228,"pid":6660,"hostname":"DESKTOP-KPAMGTB","module":"trailing-engine","symbol":"TRXUSDT","price":0.2896,"activateAt":0.2891709941626681,"msg":"trailing activat"}
{"level":50,"time":1772996376270,"pid":6660,"hostname":"DESKTOP-KPAMGTB","module":"trailing-engine","symbol":"TRXUSDT","count":2,"max":3,"err":"Binance /orderList 400: {\"code\":-2011,\"msg\":\"Unknown order list sent.\"}","msg":"error al cicle"}
{"level":30,"time":1772996401840,"pid":6660,"hostname":"DESKTOP-KPAMGTB","module":"telegram","msg":"informe horari enviat"}
{"level":30,"time":1772996404033,"pid":6660,"hostname":"DESKTOP-KPAMGTB","module":"trailing-engine","symbol":"TRXUSDT","price":0.2896,"activateAt":0.2891709941626681,"msg":"trailing activat"}
{"level":40,"time":1772996404289,"pid":6660,"hostname":"DESKTOP-KPAMGTB","module":"trailing-engine","symbol":"TRXUSDT","count":3,"pauseSecs":60,"msg":"pausat per errors consecutius"}
{"level":30,"time":1772996446808,"pid":6660,"hostname":"DESKTOP-KPAMGTB","module":"binance","assets":15,"msg":"balance"}
{"level":30,"time":1772996447192,"pid":6660,"hostname":"DESKTOP-KPAMGTB","module":"binance","assets":15,"msg":"balance"}
{"level":30,"time":1772996494474,"pid":6660,"hostname":"DESKTOP-KPAMGTB","module":"trailing-engine","symbol":"TRXUSDT","price":0.2895,"activateAt":0.2891709941626681,"msg":"trailing activat"}
{"level":50,"time":1772996494733,"pid":6660,"hostname":"DESKTOP-KPAMGTB","module":"trailing-engine","symbol":"TRXUSDT","count":1,"max":3,"err":"Binance /orderList 400: {\"code\":-2011,\"msg\":\"Unknown order list sent.\"}","msg":"error al cicle"}
{"level":30,"time":1772996524662,"pid":6660,"hostname":"DESKTOP-KPAMGTB","module":"trailing-engine","symbol":"TRXUSDT","price":0.2894,"activateAt":0.2891709941626681,"msg":"trailing activat"}
{"level":50,"time":1772996524925,"pid":6660,"hostname":"DESKTOP-KPAMGTB","module":"trailing-engine","symbol":"TRXUSDT","count":2,"max":3,"err":"Binance /orderList 400: {\"code\":-2011,\"msg\":\"Unknown order list sent.\"}","msg":"error al cicle"}
{"level":30,"time":1772996554554,"pid":6660,"hostname":"DESKTOP-KPAMGTB","module":"trailing-engine","symbol":"TRXUSDT","price":0.2894,"activateAt":0.2891709941626681,"msg":"trailing activat"}
{"level":40,"time":1772996554811,"pid":6660,"hostname":"DESKTOP-KPAMGTB","module":"trailing-engine","symbol":"TRXUSDT","count":3,"pauseSecs":60,"msg":"pausat per errors consecutius"}
{"level":30,"time":1772996615441,"pid":6660,"hostname":"DESKTOP-KPAMGTB","module":"trailing-engine","symbol":"TRXUSDT","price":0.2894,"activateAt":0.2891709941626681,"msg":"trailing activat"}
{"level":50,"time":1772996615705,"pid":6660,"hostname":"DESKTOP-KPAMGTB","module":"trailing-engine","symbol":"TRXUSDT","count":1,"max":3,"err":"Binance /orderList 400: {\"code\":-2011,\"msg\":\"Unknown order list sent.\"}","msg":"error al cicle"}
{"level":30,"time":1772996646133,"pid":6660,"hostname":"DESKTOP-KPAMGTB","module":"trailing-engine","symbol":"TRXUSDT","price":0.2894,"activateAt":0.2891709941626681,"msg":"trailing activat"}
{"level":50,"time":1772996647073,"pid":6660,"hostname":"DESKTOP-KPAMGTB","module":"trailing-engine","symbol":"TRXUSDT","count":2,"max":3,"err":"Binance /orderList 400: {\"code\":-2011,\"msg\":\"Unknown order list sent.\"}","msg":"error al cicle"}
{"level":30,"time":1772996674462,"pid":6660,"hostname":"DESKTOP-KPAMGTB","module":"trailing-engine","symbol":"TRXUSDT","price":0.2895,"activateAt":0.2891709941626681,"msg":"trailing activat"}
{"level":40,"time":1772996674685,"pid":6660,"hostname":"DESKTOP-KPAMGTB","module":"trailing-engine","symbol":"TRXUSDT","count":3,"pauseSecs":60,"msg":"pausat per errors consecutius"}
{"level":30,"time":1772996764156,"pid":6660,"hostname":"DESKTOP-KPAMGTB","module":"trailing-engine","symbol":"TRXUSDT","price":0.2896,"activateAt":0.2891709941626681,"msg":"trailing activat"}
{"level":50,"time":1772996764422,"pid":6660,"hostname":"DESKTOP-KPAMGTB","module":"trailing-engine","symbol":"TRXUSDT","count":1,"max":3,"err":"Binance /orderList 400: {\"code\":-2011,\"msg\":\"Unknown order list sent.\"}","msg":"error al cicle"}
{"level":30,"time":1772996794481,"pid":6660,"hostname":"DESKTOP-KPAMGTB","module":"trailing-engine","symbol":"TRXUSDT","price":0.2895,"activateAt":0.2891709941626681,"msg":"trailing activat"}
{"level":50,"time":1772996794706,"pid":6660,"hostname":"DESKTOP-KPAMGTB","module":"trailing-engine","symbol":"TRXUSDT","count":2,"max":3,"err":"Binance /orderList 400: {\"code\":-2011,\"msg\":\"Unknown order list sent.\"}","msg":"error al cicle"}
{"level":30,"time":1772996824483,"pid":6660,"hostname":"DESKTOP-KPAMGTB","module":"trailing-engine","symbol":"TRXUSDT","price":0.2895,"activateAt":0.2891709941626681,"msg":"trailing activat"}
{"level":40,"time":1772996824706,"pid":6660,"hostname":"DESKTOP-KPAMGTB","module":"trailing-engine","symbol":"TRXUSDT","count":3,"pauseSecs":60,"msg":"pausat per errors consecutius"}
{"level":30,"time":1772996843850,"pid":6660,"hostname":"DESKTOP-KPAMGTB","module":"binance","assets":15,"msg":"balance"}
{"level":30,"time":1772996885292,"pid":6660,"hostname":"DESKTOP-KPAMGTB","module":"trailing-engine","symbol":"TRXUSDT","price":0.2896,"activateAt":0.2891709941626681,"msg":"trailing activat"}
{"level":50,"time":1772996885572,"pid":6660,"hostname":"DESKTOP-KPAMGTB","module":"trailing-engine","symbol":"TRXUSDT","count":1,"max":3,"err":"Binance /orderList 400: {\"code\":-2011,\"msg\":\"Unknown order list sent.\"}","msg":"error al cicle"}
{"level":30,"time":1772996915306,"pid":6660,"hostname":"DESKTOP-KPAMGTB","module":"trailing-engine","symbol":"TRXUSDT","price":0.2897,"activateAt":0.2891709941626681,"msg":"trailing activat"}
{"level":50,"time":1772996915530,"pid":6660,"hostname":"DESKTOP-KPAMGTB","module":"trailing-engine","symbol":"TRXUSDT","count":2,"max":3,"err":"Binance /orderList 400: {\"code\":-2011,\"msg\":\"Unknown order list sent.\"}","msg":"error al cicle"}
{"level":30,"time":1772996945206,"pid":6660,"hostname":"DESKTOP-KPAMGTB","module":"trailing-engine","symbol":"TRXUSDT","price":0.2897,"activateAt":0.2891709941626681,"msg":"trailing activat"}
{"level":40,"time":1772996945432,"pid":6660,"hostname":"DESKTOP-KPAMGTB","module":"trailing-engine","symbol":"TRXUSDT","count":3,"pauseSecs":60,"msg":"pausat per errors consecutius"}
{"level":30,"time":1772997007483,"pid":6660,"hostname":"DESKTOP-KPAMGTB","module":"trailing-engine","symbol":"TRXUSDT","price":0.2897,"activateAt":0.2891709941626681,"msg":"trailing activat"}
{"level":50,"time":1772997007952,"pid":6660,"hostname":"DESKTOP-KPAMGTB","module":"trailing-engine","symbol":"TRXUSDT","count":1,"max":3,"err":"Binance /orderList 400: {\"code\":-2011,\"msg\":\"Unknown order list sent.\"}","msg":"error al cicle"}
{"level":30,"time":1772997036472,"pid":6660,"hostname":"DESKTOP-KPAMGTB","module":"trailing-engine","symbol":"TRXUSDT","price":0.2897,"activateAt":0.2891709941626681,"msg":"trailing activat"}
{"level":50,"time":1772997036695,"pid":6660,"hostname":"DESKTOP-KPAMGTB","module":"trailing-engine","symbol":"TRXUSDT","count":2,"max":3,"err":"Binance /orderList 400: {\"code\":-2011,\"msg\":\"Unknown order list sent.\"}","msg":"error al cicle"}
{"level":30,"time":1772997065050,"pid":6660,"hostname":"DESKTOP-KPAMGTB","module":"trailing-engine","symbol":"TRXUSDT","price":0.2897,"activateAt":0.2891709941626681,"msg":"trailing activat"}
{"level":40,"time":1772997065291,"pid":6660,"hostname":"DESKTOP-KPAMGTB","module":"trailing-engine","symbol":"TRXUSDT","count":3,"pauseSecs":60,"msg":"pausat per errors consecutius"}
{"level":30,"time":1772997126255,"pid":6660,"hostname":"DESKTOP-KPAMGTB","module":"trailing-engine","symbol":"TRXUSDT","price":0.2897,"activateAt":0.2891709941626681,"msg":"trailing activat"}
{"level":50,"time":1772997126482,"pid":6660,"hostname":"DESKTOP-KPAMGTB","module":"trailing-engine","symbol":"TRXUSDT","count":1,"max":3,"err":"Binance /orderList 400: {\"code\":-2011,\"msg\":\"Unknown order list sent.\"}","msg":"error al cicle"}
{"level":30,"time":1772997155953,"pid":6660,"hostname":"DESKTOP-KPAMGTB","module":"trailing-engine","symbol":"TRXUSDT","price":0.2897,"activateAt":0.2891709941626681,"msg":"trailing activat"}
{"level":50,"time":1772997156178,"pid":6660,"hostname":"DESKTOP-KPAMGTB","module":"trailing-engine","symbol":"TRXUSDT","count":2,"max":3,"err":"Binance /orderList 400: {\"code\":-2011,\"msg\":\"Unknown order list sent.\"}","msg":"error al cicle"}
{"level":30,"time":1772997184710,"pid":6660,"hostname":"DESKTOP-KPAMGTB","module":"trailing-engine","symbol":"TRXUSDT","price":0.2897,"activateAt":0.2891709941626681,"msg":"trailing activat"}
{"level":40,"time":1772997184961,"pid":6660,"hostname":"DESKTOP-KPAMGTB","module":"trailing-engine","symbol":"TRXUSDT","count":3,"pauseSecs":60,"msg":"pausat per errors consecutius"}
{"level":30,"time":1772997245225,"pid":6660,"hostname":"DESKTOP-KPAMGTB","module":"trailing-engine","symbol":"TRXUSDT","price":0.2896,"activateAt":0.2891709941626681,"msg":"trailing activat"}
{"level":50,"time":1772997245450,"pid":6660,"hostname":"DESKTOP-KPAMGTB","module":"trailing-engine","symbol":"TRXUSDT","count":1,"max":3,"err":"Binance /orderList 400: {\"code\":-2011,\"msg\":\"Unknown order list sent.\"}","msg":"error al cicle"}
{"level":30,"time":1772997275468,"pid":6660,"hostname":"DESKTOP-KPAMGTB","module":"trailing-engine","symbol":"TRXUSDT","price":0.2897,"activateAt":0.2891709941626681,"msg":"trailing activat"}
{"level":50,"time":1772997275730,"pid":6660,"hostname":"DESKTOP-KPAMGTB","module":"trailing-engine","symbol":"TRXUSDT","count":2,"max":3,"err":"Binance /orderList 400: {\"code\":-2011,\"msg\":\"Unknown order list sent.\"}","msg":"error al cicle"}
{"level":30,"time":1772997306684,"pid":6660,"hostname":"DESKTOP-KPAMGTB","module":"trailing-engine","symbol":"TRXUSDT","price":0.2897,"activateAt":0.2891709941626681,"msg":"trailing activat"}
{"level":40,"time":1772997306905,"pid":6660,"hostname":"DESKTOP-KPAMGTB","module":"trailing-engine","symbol":"TRXUSDT","count":3,"pauseSecs":60,"msg":"pausat per errors consecutius"}
{"level":30,"time":1772997346920,"pid":6660,"hostname":"DESKTOP-KPAMGTB","module":"binance","assets":15,"msg":"balance"}
{"level":30,"time":1772997370969,"pid":6660,"hostname":"DESKTOP-KPAMGTB","module":"binance","count":60,"msg":"trades"}
{"level":30,"time":1772997371280,"pid":6660,"hostname":"DESKTOP-KPAMGTB","module":"binance","count":60,"msg":"trades"}
{"level":30,"time":1772997379509,"pid":6660,"hostname":"DESKTOP-KPAMGTB","module":"binance","count":60,"msg":"trades"}
{"level":30,"time":1772997379802,"pid":6660,"hostname":"DESKTOP-KPAMGTB","module":"binance","count":60,"msg":"trades"}
{"level":30,"time":1772997390113,"pid":6660,"hostname":"DESKTOP-KPAMGTB","module":"binance","assets":15,"msg":"balance"}
{"level":30,"time":1772997390414,"pid":6660,"hostname":"DESKTOP-KPAMGTB","module":"binance","assets":15,"msg":"balance"}
{"level":30,"time":1772997395390,"pid":6660,"hostname":"DESKTOP-KPAMGTB","module":"trailing-engine","symbol":"TRXUSDT","price":0.2897,"activateAt":0.2891709941626681,"msg":"trailing activat"}
{"level":50,"time":1772997395619,"pid":6660,"hostname":"DESKTOP-KPAMGTB","module":"trailing-engine","symbol":"TRXUSDT","count":1,"max":3,"err":"Binance /orderList 400: {\"code\":-2011,\"msg\":\"Unknown order list sent.\"}","msg":"error al cicle"}
{"level":30,"time":1772997424688,"pid":6660,"hostname":"DESKTOP-KPAMGTB","module":"trailing-engine","symbol":"TRXUSDT","price":0.2898,"activateAt":0.2891709941626681,"msg":"trailing activat"}
{"level":50,"time":1772997424922,"pid":6660,"hostname":"DESKTOP-KPAMGTB","module":"trailing-engine","symbol":"TRXUSDT","count":2,"max":3,"err":"Binance /orderList 400: {\"code\":-2011,\"msg\":\"Unknown order list sent.\"}","msg":"error al cicle"}
{"level":30,"time":1772997455558,"pid":6660,"hostname":"DESKTOP-KPAMGTB","module":"trailing-engine","symbol":"TRXUSDT","price":0.2898,"activateAt":0.2891709941626681,"msg":"trailing activat"}
{"level":40,"time":1772997455779,"pid":6660,"hostname":"DESKTOP-KPAMGTB","module":"trailing-engine","symbol":"TRXUSDT","count":3,"pauseSecs":60,"msg":"pausat per errors consecutius"}
{"level":30,"time":1772997545982,"pid":6660,"hostname":"DESKTOP-KPAMGTB","module":"trailing-engine","symbol":"TRXUSDT","price":0.2899,"activateAt":0.2891709941626681,"msg":"trailing activat"}
{"level":50,"time":1772997546214,"pid":6660,"hostname":"DESKTOP-KPAMGTB","module":"trailing-engine","symbol":"TRXUSDT","count":1,"max":3,"err":"Binance /orderList 400: {\"code\":-2011,\"msg\":\"Unknown order list sent.\"}","msg":"error al cicle"}
{"level":30,"time":1772997575255,"pid":6660,"hostname":"DESKTOP-KPAMGTB","module":"trailing-engine","symbol":"TRXUSDT","price":0.2897,"activateAt":0.2891709941626681,"msg":"trailing activat"}
{"level":50,"time":1772997575486,"pid":6660,"hostname":"DESKTOP-KPAMGTB","module":"trailing-engine","symbol":"TRXUSDT","count":2,"max":3,"err":"Binance /orderList 400: {\"code\":-2011,\"msg\":\"Unknown order list sent.\"}","msg":"error al cicle"}
{"level":30,"time":1772997621808,"pid":6660,"hostname":"DESKTOP-KPAMGTB","module":"trailing-engine","symbol":"TRXUSDT","price":0.2897,"activateAt":0.2891709941626681,"msg":"trailing activat"}
{"level":40,"time":1772997622031,"pid":6660,"hostname":"DESKTOP-KPAMGTB","module":"trailing-engine","symbol":"TRXUSDT","count":3,"pauseSecs":60,"msg":"pausat per errors consecutius"}
