{"level":30,"time":1774168813782,"pid":29888,"hostname":"DESKTOP-KPAMGTB","module":"order-monitor","msg":"monitor iniciat"}
{"level":30,"time":1774168813811,"pid":29888,"hostname":"DESKTOP-KPAMGTB","module":"telegram","nextHourIn":20,"nextDailyIn":1310,"msg":"scheduler iniciat"}
{"level":30,"time":1774168813817,"pid":29888,"hostname":"DESKTOP-KPAMGTB","module":"orders","symbol":"BTCUSDT","thresholds":[{"windowMin":5,"pct":5},{"windowMin":15,"pct":8},{"windowMin":60,"pct":12}],"pollMs":60000,"msg":"Crash monitor iniciat"}
{"level":30,"time":1774168813831,"pid":29888,"hostname":"DESKTOP-KPAMGTB","module":"auto-trader","msg":"auto-trader multi-bot iniciat (poll 60s)"}
{"level":30,"time":1774168814648,"pid":29888,"hostname":"DESKTOP-KPAMGTB","module":"binance","assets":22,"msg":"balance"}
{"level":30,"time":1774168815265,"pid":29888,"hostname":"DESKTOP-KPAMGTB","module":"binance","assets":22,"msg":"balance"}
{"level":30,"time":1774168815385,"pid":29888,"hostname":"DESKTOP-KPAMGTB","module":"order-monitor","count":1,"msg":"inicialitzat"}
{"level":30,"time":1774168825870,"pid":29888,"hostname":"DESKTOP-KPAMGTB","module":"trailing-engine","msg":"motor iniciat"}
{"level":30,"time":1774168853901,"pid":29888,"hostname":"DESKTOP-KPAMGTB","module":"binance","count":72,"msg":"trades"}
{"level":30,"time":1774168854180,"pid":29888,"hostname":"DESKTOP-KPAMGTB","module":"binance","count":50,"msg":"order history"}
{"level":30,"time":1774168854194,"pid":29888,"hostname":"DESKTOP-KPAMGTB","module":"binance","count":72,"msg":"trades"}
{"level":30,"time":1774168856867,"pid":29888,"hostname":"DESKTOP-KPAMGTB","module":"binance","assets":22,"msg":"balance"}
{"level":30,"time":1774168856876,"pid":29888,"hostname":"DESKTOP-KPAMGTB","module":"binance","assets":22,"msg":"balance"}
{"level":30,"time":1774169757758,"pid":29888,"hostname":"DESKTOP-KPAMGTB","module":"binance","assets":22,"msg":"balance"}
{"level":30,"time":1774170001267,"pid":29888,"hostname":"DESKTOP-KPAMGTB","module":"telegram","msg":"informe horari enviat"}
{"level":30,"time":1774170657598,"pid":29888,"hostname":"DESKTOP-KPAMGTB","module":"binance","assets":22,"msg":"balance"}
{"level":30,"time":1774171557896,"pid":29888,"hostname":"DESKTOP-KPAMGTB","module":"binance","assets":22,"msg":"balance"}
{"level":30,"time":1774172457621,"pid":29888,"hostname":"DESKTOP-KPAMGTB","module":"binance","assets":22,"msg":"balance"}
{"level":30,"time":1774173357988,"pid":29888,"hostname":"DESKTOP-KPAMGTB","module":"binance","assets":22,"msg":"balance"}
{"level":30,"time":1774173601248,"pid":29888,"hostname":"DESKTOP-KPAMGTB","module":"telegram","msg":"informe horari enviat"}
{"level":30,"time":1774174257569,"pid":29888,"hostname":"DESKTOP-KPAMGTB","module":"binance","assets":22,"msg":"balance"}
{"level":30,"time":1774175157102,"pid":29888,"hostname":"DESKTOP-KPAMGTB","module":"binance","assets":22,"msg":"balance"}
{"level":30,"time":1774175729083,"pid":29888,"hostname":"DESKTOP-KPAMGTB","module":"binance","assets":22,"msg":"balance"}
{"level":30,"time":1774175729650,"pid":29888,"hostname":"DESKTOP-KPAMGTB","module":"binance","assets":22,"msg":"balance"}
{"level":30,"time":1774177200952,"pid":29888,"hostname":"DESKTOP-KPAMGTB","module":"telegram","msg":"informe horari enviat"}
{"level":30,"time":1774177536293,"pid":29888,"hostname":"DESKTOP-KPAMGTB","module":"binance","assets":22,"msg":"balance"}
{"level":30,"time":1774177536768,"pid":29888,"hostname":"DESKTOP-KPAMGTB","module":"binance","assets":22,"msg":"balance"}
{"level":30,"time":1774177539424,"pid":29888,"hostname":"DESKTOP-KPAMGTB","module":"binance","assets":22,"msg":"balance"}
{"level":30,"time":1774177569547,"pid":29888,"hostname":"DESKTOP-KPAMGTB","module":"binance","assets":22,"msg":"balance"}
{"level":30,"time":1774177570009,"pid":29888,"hostname":"DESKTOP-KPAMGTB","module":"binance","assets":22,"msg":"balance"}
{"level":30,"time":1774177806084,"pid":29888,"hostname":"DESKTOP-KPAMGTB","module":"binance","assets":22,"msg":"balance"}
{"level":30,"time":1774179092761,"pid":29888,"hostname":"DESKTOP-KPAMGTB","module":"binance","assets":22,"msg":"balance"}
{"level":30,"time":1774179795036,"pid":29888,"hostname":"DESKTOP-KPAMGTB","module":"binance","assets":22,"msg":"balance"}
{"level":50,"time":1774180177648,"pid":29888,"hostname":"DESKTOP-KPAMGTB","module":"api","source":"orders","code":"NETWORK","err":"fetch failed","msg":"error de ruta"}
{"level":30,"time":1774180801216,"pid":29888,"hostname":"DESKTOP-KPAMGTB","module":"telegram","msg":"informe horari enviat"}
{"level":30,"time":1774180816269,"pid":29888,"hostname":"DESKTOP-KPAMGTB","module":"auto-trader","bot":"Solana i Bitcoin a 4 hores (454%)","interval":"4h","symbols":2,"minScore":60,"msg":"iniciant scan de bot"}
{"level":50,"time":1774182187865,"pid":29888,"hostname":"DESKTOP-KPAMGTB","module":"api","source":"orders","code":"NETWORK","err":"fetch failed","msg":"error de ruta"}
{"level":30,"time":1774183794609,"pid":29888,"hostname":"DESKTOP-KPAMGTB","module":"binance","assets":22,"msg":"balance"}
{"level":30,"time":1774184403101,"pid":29888,"hostname":"DESKTOP-KPAMGTB","module":"telegram","msg":"informe horari enviat"}
{"level":30,"time":1774188002231,"pid":29888,"hostname":"DESKTOP-KPAMGTB","module":"telegram","msg":"informe horari enviat"}
{"level":30,"time":1774191601873,"pid":29888,"hostname":"DESKTOP-KPAMGTB","module":"telegram","msg":"informe horari enviat"}
{"level":30,"time":1774195201895,"pid":29888,"hostname":"DESKTOP-KPAMGTB","module":"telegram","msg":"informe horari enviat"}
{"level":30,"time":1774195217943,"pid":29888,"hostname":"DESKTOP-KPAMGTB","module":"auto-trader","bot":"Solana i Bitcoin a 4 hores (454%)","interval":"4h","symbols":2,"minScore":60,"msg":"iniciant scan de bot"}
{"level":30,"time":1774196037005,"pid":3288,"hostname":"DESKTOP-KPAMGTB","module":"order-monitor","msg":"monitor iniciat"}
{"level":30,"time":1774196037024,"pid":3288,"hostname":"DESKTOP-KPAMGTB","module":"telegram","nextHourIn":46,"nextDailyIn":856,"msg":"scheduler iniciat"}
{"level":30,"time":1774196037032,"pid":3288,"hostname":"DESKTOP-KPAMGTB","module":"orders","symbol":"BTCUSDT","thresholds":[{"windowMin":5,"pct":5},{"windowMin":15,"pct":8},{"windowMin":60,"pct":12}],"pollMs":60000,"msg":"Crash monitor iniciat"}
{"level":30,"time":1774196037039,"pid":3288,"hostname":"DESKTOP-KPAMGTB","module":"auto-trader","msg":"auto-trader multi-bot iniciat (poll 60s)"}
{"level":30,"time":1774196038488,"pid":3288,"hostname":"DESKTOP-KPAMGTB","module":"order-monitor","count":1,"msg":"inicialitzat"}
{"level":30,"time":1774196038506,"pid":3288,"hostname":"DESKTOP-KPAMGTB","module":"binance","assets":22,"msg":"balance"}
{"level":50,"time":1774196102404,"pid":3288,"hostname":"DESKTOP-KPAMGTB","module":"api","source":"orders","code":"NETWORK","err":"fetch failed","msg":"error de ruta"}
{"level":30,"time":1774196132437,"pid":3288,"hostname":"DESKTOP-KPAMGTB","module":"trailing-engine","msg":"motor iniciat"}
{"level":30,"time":1774196133202,"pid":3288,"hostname":"DESKTOP-KPAMGTB","module":"binance","count":50,"msg":"order history"}
{"level":30,"time":1774196133220,"pid":3288,"hostname":"DESKTOP-KPAMGTB","module":"binance","count":72,"msg":"trades"}
{"level":30,"time":1774196133522,"pid":3288,"hostname":"DESKTOP-KPAMGTB","module":"binance","count":72,"msg":"trades"}
{"level":30,"time":1774197328663,"pid":3288,"hostname":"DESKTOP-KPAMGTB","module":"binance","assets":22,"msg":"balance"}
{"level":30,"time":1774197328875,"pid":3288,"hostname":"DESKTOP-KPAMGTB","module":"binance","assets":22,"msg":"balance"}
{"level":30,"time":1774198182981,"pid":3288,"hostname":"DESKTOP-KPAMGTB","module":"binance","assets":22,"msg":"balance"}
{"level":30,"time":1774198183169,"pid":3288,"hostname":"DESKTOP-KPAMGTB","module":"binance","assets":22,"msg":"balance"}
{"level":30,"time":1774198228461,"pid":3288,"hostname":"DESKTOP-KPAMGTB","module":"binance","assets":22,"msg":"balance"}
{"level":30,"time":1774198259484,"pid":3288,"hostname":"DESKTOP-KPAMGTB","module":"binance","assets":22,"msg":"balance"}
{"level":30,"time":1774198290380,"pid":3288,"hostname":"DESKTOP-KPAMGTB","module":"binance","assets":22,"msg":"balance"}
{"level":30,"time":1774198320222,"pid":3288,"hostname":"DESKTOP-KPAMGTB","module":"binance","assets":22,"msg":"balance"}
{"level":30,"time":1774198332511,"pid":3288,"hostname":"DESKTOP-KPAMGTB","module":"binance","assets":22,"msg":"balance"}
{"level":30,"time":1774198363548,"pid":3288,"hostname":"DESKTOP-KPAMGTB","module":"binance","assets":22,"msg":"balance"}
{"level":30,"time":1774198385303,"pid":3288,"hostname":"DESKTOP-KPAMGTB","module":"binance","assets":22,"msg":"balance"}
{"level":30,"time":1774198386360,"pid":3288,"hostname":"DESKTOP-KPAMGTB","module":"binance","assets":22,"msg":"balance"}
{"level":30,"time":1774198393782,"pid":3288,"hostname":"DESKTOP-KPAMGTB","module":"binance","assets":22,"msg":"balance"}
{"level":30,"time":1774198419007,"pid":3288,"hostname":"DESKTOP-KPAMGTB","module":"binance","assets":22,"msg":"balance"}
{"level":30,"time":1774198449567,"pid":3288,"hostname":"DESKTOP-KPAMGTB","module":"binance","assets":22,"msg":"balance"}
{"level":30,"time":1774198480484,"pid":3288,"hostname":"DESKTOP-KPAMGTB","module":"binance","assets":22,"msg":"balance"}
{"level":30,"time":1774198511869,"pid":3288,"hostname":"DESKTOP-KPAMGTB","module":"binance","assets":22,"msg":"balance"}
{"level":30,"time":1774198542569,"pid":3288,"hostname":"DESKTOP-KPAMGTB","module":"binance","assets":22,"msg":"balance"}
{"level":30,"time":1774198546327,"pid":3288,"hostname":"DESKTOP-KPAMGTB","module":"binance","assets":22,"msg":"balance"}
{"level":30,"time":1774198578561,"pid":3288,"hostname":"DESKTOP-KPAMGTB","module":"binance","assets":22,"msg":"balance"}
{"level":30,"time":1774198608139,"pid":3288,"hostname":"DESKTOP-KPAMGTB","module":"binance","assets":22,"msg":"balance"}
{"level":30,"time":1774198638154,"pid":3288,"hostname":"DESKTOP-KPAMGTB","module":"binance","assets":22,"msg":"balance"}
{"level":30,"time":1774198668454,"pid":3288,"hostname":"DESKTOP-KPAMGTB","module":"binance","assets":22,"msg":"balance"}
{"level":30,"time":1774198698873,"pid":3288,"hostname":"DESKTOP-KPAMGTB","module":"binance","assets":22,"msg":"balance"}
{"level":30,"time":1774198728983,"pid":3288,"hostname":"DESKTOP-KPAMGTB","module":"binance","assets":22,"msg":"balance"}
{"level":30,"time":1774198759203,"pid":3288,"hostname":"DESKTOP-KPAMGTB","module":"binance","assets":22,"msg":"balance"}
{"level":30,"time":1774198789473,"pid":3288,"hostname":"DESKTOP-KPAMGTB","module":"binance","assets":22,"msg":"balance"}
{"level":30,"time":1774198800817,"pid":3288,"hostname":"DESKTOP-KPAMGTB","module":"telegram","msg":"informe horari enviat"}
{"level":30,"time":1774198820574,"pid":3288,"hostname":"DESKTOP-KPAMGTB","module":"binance","assets":22,"msg":"balance"}
{"level":30,"time":1774198850041,"pid":3288,"hostname":"DESKTOP-KPAMGTB","module":"binance","assets":22,"msg":"balance"}
{"level":30,"time":1774198880166,"pid":3288,"hostname":"DESKTOP-KPAMGTB","module":"binance","assets":22,"msg":"balance"}
{"level":30,"time":1774198910397,"pid":3288,"hostname":"DESKTOP-KPAMGTB","module":"binance","assets":22,"msg":"balance"}
{"level":30,"time":1774198940970,"pid":3288,"hostname":"DESKTOP-KPAMGTB","module":"binance","assets":22,"msg":"balance"}
{"level":30,"time":1774198971003,"pid":3288,"hostname":"DESKTOP-KPAMGTB","module":"binance","assets":22,"msg":"balance"}
{"level":30,"time":1774199001265,"pid":3288,"hostname":"DESKTOP-KPAMGTB","module":"binance","assets":22,"msg":"balance"}
{"level":30,"time":1774199031537,"pid":3288,"hostname":"DESKTOP-KPAMGTB","module":"binance","assets":22,"msg":"balance"}
{"level":30,"time":1774199061908,"pid":3288,"hostname":"DESKTOP-KPAMGTB","module":"binance","assets":22,"msg":"balance"}
{"level":30,"time":1774199092039,"pid":3288,"hostname":"DESKTOP-KPAMGTB","module":"binance","assets":22,"msg":"balance"}
{"level":30,"time":1774199122216,"pid":3288,"hostname":"DESKTOP-KPAMGTB","module":"binance","assets":22,"msg":"balance"}
{"level":30,"time":1774199152441,"pid":3288,"hostname":"DESKTOP-KPAMGTB","module":"binance","assets":22,"msg":"balance"}
{"level":30,"time":1774199182950,"pid":3288,"hostname":"DESKTOP-KPAMGTB","module":"binance","assets":22,"msg":"balance"}
{"level":30,"time":1774199212897,"pid":3288,"hostname":"DESKTOP-KPAMGTB","module":"binance","assets":22,"msg":"balance"}
{"level":30,"time":1774199243097,"pid":3288,"hostname":"DESKTOP-KPAMGTB","module":"binance","assets":22,"msg":"balance"}
{"level":30,"time":1774199273396,"pid":3288,"hostname":"DESKTOP-KPAMGTB","module":"binance","assets":22,"msg":"balance"}
{"level":30,"time":1774199286081,"pid":3288,"hostname":"DESKTOP-KPAMGTB","module":"binance","assets":22,"msg":"balance"}
{"level":30,"time":1774199303840,"pid":3288,"hostname":"DESKTOP-KPAMGTB","module":"binance","assets":22,"msg":"balance"}
{"level":30,"time":1774199333971,"pid":3288,"hostname":"DESKTOP-KPAMGTB","module":"binance","assets":22,"msg":"balance"}
{"level":30,"time":1774199364096,"pid":3288,"hostname":"DESKTOP-KPAMGTB","module":"binance","assets":22,"msg":"balance"}
{"level":30,"time":1774199394355,"pid":3288,"hostname":"DESKTOP-KPAMGTB","module":"binance","assets":22,"msg":"balance"}
{"level":30,"time":1774199425329,"pid":3288,"hostname":"DESKTOP-KPAMGTB","module":"binance","assets":22,"msg":"balance"}
{"level":30,"time":1774199454947,"pid":3288,"hostname":"DESKTOP-KPAMGTB","module":"binance","assets":22,"msg":"balance"}
{"level":30,"time":1774199485417,"pid":3288,"hostname":"DESKTOP-KPAMGTB","module":"binance","assets":22,"msg":"balance"}
{"level":30,"time":1774199515463,"pid":3288,"hostname":"DESKTOP-KPAMGTB","module":"binance","assets":22,"msg":"balance"}
{"level":30,"time":1774199545908,"pid":3288,"hostname":"DESKTOP-KPAMGTB","module":"binance","assets":22,"msg":"balance"}
{"level":30,"time":1774199575982,"pid":3288,"hostname":"DESKTOP-KPAMGTB","module":"binance","assets":22,"msg":"balance"}
{"level":30,"time":1774199606226,"pid":3288,"hostname":"DESKTOP-KPAMGTB","module":"binance","assets":22,"msg":"balance"}
{"level":30,"time":1774199636692,"pid":3288,"hostname":"DESKTOP-KPAMGTB","module":"binance","assets":22,"msg":"balance"}
{"level":30,"time":1774199666945,"pid":3288,"hostname":"DESKTOP-KPAMGTB","module":"binance","assets":22,"msg":"balance"}
{"level":30,"time":1774199697103,"pid":3288,"hostname":"DESKTOP-KPAMGTB","module":"binance","assets":22,"msg":"balance"}
{"level":30,"time":1774199727289,"pid":3288,"hostname":"DESKTOP-KPAMGTB","module":"binance","assets":22,"msg":"balance"}
{"level":30,"time":1774199757685,"pid":3288,"hostname":"DESKTOP-KPAMGTB","module":"binance","assets":22,"msg":"balance"}
{"level":30,"time":1774199788233,"pid":3288,"hostname":"DESKTOP-KPAMGTB","module":"binance","assets":22,"msg":"balance"}
{"level":30,"time":1774199818207,"pid":3288,"hostname":"DESKTOP-KPAMGTB","module":"binance","assets":22,"msg":"balance"}
{"level":30,"time":1774199848385,"pid":3288,"hostname":"DESKTOP-KPAMGTB","module":"binance","assets":22,"msg":"balance"}
{"level":30,"time":1774199878453,"pid":3288,"hostname":"DESKTOP-KPAMGTB","module":"binance","assets":22,"msg":"balance"}
{"level":30,"time":1774199909017,"pid":3288,"hostname":"DESKTOP-KPAMGTB","module":"binance","assets":22,"msg":"balance"}
{"level":30,"time":1774199938896,"pid":3288,"hostname":"DESKTOP-KPAMGTB","module":"binance","assets":22,"msg":"balance"}
{"level":30,"time":1774199969234,"pid":3288,"hostname":"DESKTOP-KPAMGTB","module":"binance","assets":22,"msg":"balance"}
{"level":30,"time":1774199999355,"pid":3288,"hostname":"DESKTOP-KPAMGTB","module":"binance","assets":22,"msg":"balance"}
{"level":30,"time":1774200030285,"pid":3288,"hostname":"DESKTOP-KPAMGTB","module":"binance","assets":22,"msg":"balance"}
{"level":30,"time":1774200060050,"pid":3288,"hostname":"DESKTOP-KPAMGTB","module":"binance","assets":22,"msg":"balance"}
{"level":30,"time":1774200090162,"pid":3288,"hostname":"DESKTOP-KPAMGTB","module":"binance","assets":22,"msg":"balance"}
{"level":30,"time":1774200119910,"pid":3288,"hostname":"DESKTOP-KPAMGTB","module":"binance","assets":22,"msg":"balance"}
{"level":30,"time":1774200150748,"pid":3288,"hostname":"DESKTOP-KPAMGTB","module":"binance","assets":22,"msg":"balance"}
{"level":30,"time":1774200181117,"pid":3288,"hostname":"DESKTOP-KPAMGTB","module":"binance","assets":22,"msg":"balance"}
{"level":30,"time":1774200186097,"pid":3288,"hostname":"DESKTOP-KPAMGTB","module":"binance","assets":22,"msg":"balance"}
{"level":30,"time":1774200210932,"pid":3288,"hostname":"DESKTOP-KPAMGTB","module":"binance","assets":22,"msg":"balance"}
{"level":30,"time":1774200241212,"pid":3288,"hostname":"DESKTOP-KPAMGTB","module":"binance","assets":22,"msg":"balance"}
{"level":30,"time":1774200271694,"pid":3288,"hostname":"DESKTOP-KPAMGTB","module":"binance","assets":22,"msg":"balance"}
{"level":30,"time":1774200301800,"pid":3288,"hostname":"DESKTOP-KPAMGTB","module":"binance","assets":22,"msg":"balance"}
{"level":30,"time":1774200331913,"pid":3288,"hostname":"DESKTOP-KPAMGTB","module":"binance","assets":22,"msg":"balance"}
{"level":30,"time":1774200362421,"pid":3288,"hostname":"DESKTOP-KPAMGTB","module":"binance","assets":22,"msg":"balance"}
{"level":30,"time":1774200393149,"pid":3288,"hostname":"DESKTOP-KPAMGTB","module":"binance","assets":22,"msg":"balance"}
{"level":30,"time":1774200422669,"pid":3288,"hostname":"DESKTOP-KPAMGTB","module":"binance","assets":22,"msg":"balance"}
{"level":30,"time":1774200452954,"pid":3288,"hostname":"DESKTOP-KPAMGTB","module":"binance","assets":22,"msg":"balance"}
{"level":30,"time":1774200482658,"pid":3288,"hostname":"DESKTOP-KPAMGTB","module":"binance","assets":22,"msg":"balance"}
{"level":30,"time":1774200514179,"pid":3288,"hostname":"DESKTOP-KPAMGTB","module":"binance","assets":22,"msg":"balance"}
{"level":30,"time":1774200543565,"pid":3288,"hostname":"DESKTOP-KPAMGTB","module":"binance","assets":22,"msg":"balance"}
{"level":30,"time":1774200573941,"pid":3288,"hostname":"DESKTOP-KPAMGTB","module":"binance","assets":22,"msg":"balance"}
{"level":30,"time":1774200603951,"pid":3288,"hostname":"DESKTOP-KPAMGTB","module":"binance","assets":22,"msg":"balance"}
{"level":30,"time":1774200634990,"pid":3288,"hostname":"DESKTOP-KPAMGTB","module":"binance","assets":22,"msg":"balance"}
{"level":30,"time":1774200664583,"pid":3288,"hostname":"DESKTOP-KPAMGTB","module":"binance","assets":22,"msg":"balance"}
{"level":30,"time":1774200694749,"pid":3288,"hostname":"DESKTOP-KPAMGTB","module":"binance","assets":22,"msg":"balance"}
{"level":30,"time":1774200724937,"pid":3288,"hostname":"DESKTOP-KPAMGTB","module":"binance","assets":22,"msg":"balance"}
{"level":30,"time":1774200755689,"pid":3288,"hostname":"DESKTOP-KPAMGTB","module":"binance","assets":22,"msg":"balance"}
{"level":30,"time":1774200785009,"pid":3288,"hostname":"DESKTOP-KPAMGTB","module":"binance","assets":22,"msg":"balance"}
{"level":30,"time":1774200815523,"pid":3288,"hostname":"DESKTOP-KPAMGTB","module":"binance","assets":22,"msg":"balance"}
{"level":30,"time":1774200845744,"pid":3288,"hostname":"DESKTOP-KPAMGTB","module":"binance","assets":22,"msg":"balance"}
{"level":30,"time":1774200875993,"pid":3288,"hostname":"DESKTOP-KPAMGTB","module":"binance","assets":22,"msg":"balance"}
{"level":30,"time":1774200905862,"pid":3288,"hostname":"DESKTOP-KPAMGTB","module":"binance","assets":22,"msg":"balance"}
{"level":30,"time":1774200936482,"pid":3288,"hostname":"DESKTOP-KPAMGTB","module":"binance","assets":22,"msg":"balance"}
{"level":30,"time":1774200966660,"pid":3288,"hostname":"DESKTOP-KPAMGTB","module":"binance","assets":22,"msg":"balance"}
{"level":30,"time":1774200996373,"pid":3288,"hostname":"DESKTOP-KPAMGTB","module":"binance","assets":22,"msg":"balance"}
{"level":30,"time":1774201027115,"pid":3288,"hostname":"DESKTOP-KPAMGTB","module":"binance","assets":22,"msg":"balance"}
{"level":30,"time":1774201056879,"pid":3288,"hostname":"DESKTOP-KPAMGTB","module":"binance","assets":22,"msg":"balance"}
{"level":30,"time":1774201086059,"pid":3288,"hostname":"DESKTOP-KPAMGTB","module":"binance","assets":22,"msg":"balance"}
{"level":30,"time":1774201087131,"pid":3288,"hostname":"DESKTOP-KPAMGTB","module":"binance","assets":22,"msg":"balance"}
{"level":30,"time":1774201117438,"pid":3288,"hostname":"DESKTOP-KPAMGTB","module":"binance","assets":22,"msg":"balance"}
{"level":30,"time":1774201147817,"pid":3288,"hostname":"DESKTOP-KPAMGTB","module":"binance","assets":22,"msg":"balance"}
{"level":30,"time":1774201177850,"pid":3288,"hostname":"DESKTOP-KPAMGTB","module":"binance","assets":22,"msg":"balance"}
{"level":30,"time":1774201208206,"pid":3288,"hostname":"DESKTOP-KPAMGTB","module":"binance","assets":22,"msg":"balance"}
{"level":30,"time":1774201238472,"pid":3288,"hostname":"DESKTOP-KPAMGTB","module":"binance","assets":22,"msg":"balance"}
{"level":30,"time":1774201268888,"pid":3288,"hostname":"DESKTOP-KPAMGTB","module":"binance","assets":22,"msg":"balance"}
{"level":30,"time":1774201298879,"pid":3288,"hostname":"DESKTOP-KPAMGTB","module":"binance","assets":22,"msg":"balance"}
{"level":30,"time":1774201329171,"pid":3288,"hostname":"DESKTOP-KPAMGTB","module":"binance","assets":22,"msg":"balance"}
{"level":30,"time":1774201359549,"pid":3288,"hostname":"DESKTOP-KPAMGTB","module":"binance","assets":22,"msg":"balance"}
{"level":30,"time":1774201389914,"pid":3288,"hostname":"DESKTOP-KPAMGTB","module":"binance","assets":22,"msg":"balance"}
{"level":30,"time":1774201419907,"pid":3288,"hostname":"DESKTOP-KPAMGTB","module":"binance","assets":22,"msg":"balance"}
{"level":30,"time":1774201450252,"pid":3288,"hostname":"DESKTOP-KPAMGTB","module":"binance","assets":22,"msg":"balance"}
{"level":30,"time":1774201480443,"pid":3288,"hostname":"DESKTOP-KPAMGTB","module":"binance","assets":22,"msg":"balance"}
{"level":30,"time":1774201511311,"pid":3288,"hostname":"DESKTOP-KPAMGTB","module":"binance","assets":22,"msg":"balance"}
{"level":30,"time":1774201541407,"pid":3288,"hostname":"DESKTOP-KPAMGTB","module":"binance","assets":22,"msg":"balance"}
{"level":30,"time":1774201571557,"pid":3288,"hostname":"DESKTOP-KPAMGTB","module":"binance","assets":22,"msg":"balance"}
{"level":30,"time":1774201601866,"pid":3288,"hostname":"DESKTOP-KPAMGTB","module":"binance","assets":22,"msg":"balance"}
{"level":30,"time":1774201632214,"pid":3288,"hostname":"DESKTOP-KPAMGTB","module":"binance","assets":22,"msg":"balance"}
{"level":30,"time":1774201662392,"pid":3288,"hostname":"DESKTOP-KPAMGTB","module":"binance","assets":22,"msg":"balance"}
{"level":30,"time":1774201692376,"pid":3288,"hostname":"DESKTOP-KPAMGTB","module":"binance","assets":22,"msg":"balance"}
{"level":30,"time":1774201722823,"pid":3288,"hostname":"DESKTOP-KPAMGTB","module":"binance","assets":22,"msg":"balance"}
{"level":30,"time":1774201753304,"pid":3288,"hostname":"DESKTOP-KPAMGTB","module":"binance","assets":22,"msg":"balance"}
{"level":30,"time":1774201783504,"pid":3288,"hostname":"DESKTOP-KPAMGTB","module":"binance","assets":22,"msg":"balance"}
{"level":30,"time":1774201813672,"pid":3288,"hostname":"DESKTOP-KPAMGTB","module":"binance","assets":22,"msg":"balance"}
{"level":30,"time":1774201843983,"pid":3288,"hostname":"DESKTOP-KPAMGTB","module":"binance","assets":22,"msg":"balance"}
{"level":30,"time":1774201874375,"pid":3288,"hostname":"DESKTOP-KPAMGTB","module":"binance","assets":22,"msg":"balance"}
{"level":30,"time":1774201904904,"pid":3288,"hostname":"DESKTOP-KPAMGTB","module":"binance","assets":22,"msg":"balance"}
{"level":30,"time":1774201934734,"pid":3288,"hostname":"DESKTOP-KPAMGTB","module":"binance","assets":22,"msg":"balance"}
{"level":30,"time":1774201965044,"pid":3288,"hostname":"DESKTOP-KPAMGTB","module":"binance","assets":22,"msg":"balance"}
{"level":30,"time":1774201986075,"pid":3288,"hostname":"DESKTOP-KPAMGTB","module":"binance","assets":22,"msg":"balance"}
{"level":30,"time":1774201995506,"pid":3288,"hostname":"DESKTOP-KPAMGTB","module":"binance","assets":22,"msg":"balance"}
{"level":30,"time":1774202025495,"pid":3288,"hostname":"DESKTOP-KPAMGTB","module":"binance","assets":22,"msg":"balance"}
{"level":50,"time":1774202046851,"pid":3288,"hostname":"DESKTOP-KPAMGTB","module":"api","source":"orders","code":"NETWORK","err":"fetch failed","msg":"error de ruta"}
{"level":30,"time":1774202055611,"pid":3288,"hostname":"DESKTOP-KPAMGTB","module":"binance","assets":22,"msg":"balance"}
{"level":30,"time":1774202085941,"pid":3288,"hostname":"DESKTOP-KPAMGTB","module":"binance","assets":22,"msg":"balance"}
{"level":30,"time":1774202116525,"pid":3288,"hostname":"DESKTOP-KPAMGTB","module":"binance","assets":22,"msg":"balance"}
{"level":30,"time":1774202146495,"pid":3288,"hostname":"DESKTOP-KPAMGTB","module":"binance","assets":22,"msg":"balance"}
{"level":30,"time":1774202176658,"pid":3288,"hostname":"DESKTOP-KPAMGTB","module":"binance","assets":22,"msg":"balance"}
{"level":30,"time":1774202206816,"pid":3288,"hostname":"DESKTOP-KPAMGTB","module":"binance","assets":22,"msg":"balance"}
{"level":30,"time":1774202237416,"pid":3288,"hostname":"DESKTOP-KPAMGTB","module":"binance","assets":22,"msg":"balance"}
{"level":30,"time":1774202267287,"pid":3288,"hostname":"DESKTOP-KPAMGTB","module":"binance","assets":22,"msg":"balance"}
{"level":30,"time":1774202297669,"pid":3288,"hostname":"DESKTOP-KPAMGTB","module":"binance","assets":22,"msg":"balance"}
{"level":30,"time":1774202327843,"pid":3288,"hostname":"DESKTOP-KPAMGTB","module":"binance","assets":22,"msg":"balance"}
{"level":30,"time":1774202358873,"pid":3288,"hostname":"DESKTOP-KPAMGTB","module":"binance","assets":22,"msg":"balance"}
{"level":30,"time":1774202388628,"pid":3288,"hostname":"DESKTOP-KPAMGTB","module":"binance","assets":22,"msg":"balance"}
{"level":30,"time":1774202401311,"pid":3288,"hostname":"DESKTOP-KPAMGTB","module":"telegram","msg":"informe horari enviat"}
{"level":30,"time":1774202418865,"pid":3288,"hostname":"DESKTOP-KPAMGTB","module":"binance","assets":22,"msg":"balance"}
{"level":30,"time":1774202448945,"pid":3288,"hostname":"DESKTOP-KPAMGTB","module":"binance","assets":22,"msg":"balance"}
{"level":30,"time":1774202479938,"pid":3288,"hostname":"DESKTOP-KPAMGTB","module":"binance","assets":22,"msg":"balance"}
{"level":30,"time":1774202509339,"pid":3288,"hostname":"DESKTOP-KPAMGTB","module":"binance","assets":22,"msg":"balance"}
{"level":30,"time":1774202539662,"pid":3288,"hostname":"DESKTOP-KPAMGTB","module":"binance","assets":22,"msg":"balance"}
{"level":30,"time":1774202569833,"pid":3288,"hostname":"DESKTOP-KPAMGTB","module":"binance","assets":22,"msg":"balance"}
{"level":30,"time":1774202600832,"pid":3288,"hostname":"DESKTOP-KPAMGTB","module":"binance","assets":22,"msg":"balance"}
{"level":30,"time":1774202630355,"pid":3288,"hostname":"DESKTOP-KPAMGTB","module":"binance","assets":22,"msg":"balance"}
{"level":30,"time":1774202660582,"pid":3288,"hostname":"DESKTOP-KPAMGTB","module":"binance","assets":22,"msg":"balance"}
{"level":30,"time":1774202690740,"pid":3288,"hostname":"DESKTOP-KPAMGTB","module":"binance","assets":22,"msg":"balance"}
{"level":30,"time":1774202721326,"pid":3288,"hostname":"DESKTOP-KPAMGTB","module":"binance","assets":22,"msg":"balance"}
{"level":30,"time":1774202751466,"pid":3288,"hostname":"DESKTOP-KPAMGTB","module":"binance","assets":22,"msg":"balance"}
{"level":30,"time":1774202781290,"pid":3288,"hostname":"DESKTOP-KPAMGTB","module":"binance","assets":22,"msg":"balance"}
{"level":30,"time":1774202811447,"pid":3288,"hostname":"DESKTOP-KPAMGTB","module":"binance","assets":22,"msg":"balance"}
{"level":30,"time":1774202841807,"pid":3288,"hostname":"DESKTOP-KPAMGTB","module":"binance","assets":22,"msg":"balance"}
{"level":30,"time":1774202872100,"pid":3288,"hostname":"DESKTOP-KPAMGTB","module":"binance","assets":22,"msg":"balance"}
{"level":30,"time":1774202886061,"pid":3288,"hostname":"DESKTOP-KPAMGTB","module":"binance","assets":22,"msg":"balance"}
{"level":30,"time":1774202902632,"pid":3288,"hostname":"DESKTOP-KPAMGTB","module":"binance","assets":22,"msg":"balance"}
{"level":30,"time":1774202932555,"pid":3288,"hostname":"DESKTOP-KPAMGTB","module":"binance","assets":22,"msg":"balance"}
{"level":30,"time":1774202962758,"pid":3288,"hostname":"DESKTOP-KPAMGTB","module":"binance","assets":22,"msg":"balance"}
{"level":30,"time":1774202993221,"pid":3288,"hostname":"DESKTOP-KPAMGTB","module":"binance","assets":22,"msg":"balance"}
{"level":30,"time":1774203023248,"pid":3288,"hostname":"DESKTOP-KPAMGTB","module":"binance","assets":22,"msg":"balance"}
{"level":30,"time":1774203053473,"pid":3288,"hostname":"DESKTOP-KPAMGTB","module":"binance","assets":22,"msg":"balance"}
{"level":30,"time":1774203083612,"pid":3288,"hostname":"DESKTOP-KPAMGTB","module":"binance","assets":22,"msg":"balance"}
{"level":30,"time":1774203114339,"pid":3288,"hostname":"DESKTOP-KPAMGTB","module":"binance","assets":22,"msg":"balance"}
{"level":30,"time":1774203144137,"pid":3288,"hostname":"DESKTOP-KPAMGTB","module":"binance","assets":22,"msg":"balance"}
{"level":30,"time":1774203174310,"pid":3288,"hostname":"DESKTOP-KPAMGTB","module":"binance","assets":22,"msg":"balance"}
{"level":30,"time":1774203204536,"pid":3288,"hostname":"DESKTOP-KPAMGTB","module":"binance","assets":22,"msg":"balance"}
{"level":30,"time":1774203234857,"pid":3288,"hostname":"DESKTOP-KPAMGTB","module":"binance","assets":22,"msg":"balance"}
{"level":30,"time":1774203265063,"pid":3288,"hostname":"DESKTOP-KPAMGTB","module":"binance","assets":22,"msg":"balance"}
{"level":30,"time":1774203295393,"pid":3288,"hostname":"DESKTOP-KPAMGTB","module":"binance","assets":22,"msg":"balance"}
{"level":30,"time":1774203325528,"pid":3288,"hostname":"DESKTOP-KPAMGTB","module":"binance","assets":22,"msg":"balance"}
{"level":30,"time":1774203355796,"pid":3288,"hostname":"DESKTOP-KPAMGTB","module":"binance","assets":22,"msg":"balance"}
{"level":30,"time":1774203385354,"pid":3288,"hostname":"DESKTOP-KPAMGTB","module":"binance","assets":22,"msg":"balance"}
{"level":30,"time":1774203416060,"pid":3288,"hostname":"DESKTOP-KPAMGTB","module":"binance","assets":22,"msg":"balance"}
{"level":30,"time":1774203446774,"pid":3288,"hostname":"DESKTOP-KPAMGTB","module":"binance","assets":22,"msg":"balance"}
{"level":30,"time":1774203447252,"pid":3288,"hostname":"DESKTOP-KPAMGTB","module":"binance","assets":22,"msg":"balance"}
{"level":30,"time":1774203467757,"pid":3288,"hostname":"DESKTOP-KPAMGTB","module":"binance","assets":22,"msg":"balance"}
{"level":30,"time":1774203497876,"pid":3288,"hostname":"DESKTOP-KPAMGTB","module":"binance","assets":22,"msg":"balance"}
{"level":30,"time":1774203528868,"pid":3288,"hostname":"DESKTOP-KPAMGTB","module":"binance","assets":22,"msg":"balance"}
{"level":30,"time":1774203559121,"pid":3288,"hostname":"DESKTOP-KPAMGTB","module":"binance","assets":22,"msg":"balance"}
{"level":30,"time":1774203589580,"pid":3288,"hostname":"DESKTOP-KPAMGTB","module":"binance","assets":22,"msg":"balance"}
{"level":30,"time":1774203598919,"pid":3288,"hostname":"DESKTOP-KPAMGTB","module":"binance","assets":22,"msg":"balance"}
{"level":30,"time":1774203630679,"pid":3288,"hostname":"DESKTOP-KPAMGTB","module":"binance","assets":22,"msg":"balance"}
{"level":30,"time":1774203660643,"pid":3288,"hostname":"DESKTOP-KPAMGTB","module":"binance","assets":22,"msg":"balance"}
{"level":30,"time":1774203690936,"pid":3288,"hostname":"DESKTOP-KPAMGTB","module":"binance","assets":22,"msg":"balance"}
{"level":30,"time":1774203721209,"pid":3288,"hostname":"DESKTOP-KPAMGTB","module":"binance","assets":22,"msg":"balance"}
{"level":30,"time":1774203751738,"pid":3288,"hostname":"DESKTOP-KPAMGTB","module":"binance","assets":22,"msg":"balance"}
{"level":30,"time":1774203782262,"pid":3288,"hostname":"DESKTOP-KPAMGTB","module":"binance","assets":22,"msg":"balance"}
{"level":30,"time":1774203786116,"pid":3288,"hostname":"DESKTOP-KPAMGTB","module":"binance","assets":22,"msg":"balance"}
{"level":30,"time":1774203812153,"pid":3288,"hostname":"DESKTOP-KPAMGTB","module":"binance","assets":22,"msg":"balance"}
{"level":30,"time":1774203820898,"pid":3288,"hostname":"DESKTOP-KPAMGTB","module":"binance","assets":22,"msg":"balance"}
{"level":30,"time":1774203827782,"pid":3288,"hostname":"DESKTOP-KPAMGTB","module":"binance","assets":22,"msg":"balance"}
{"level":30,"time":1774203845111,"pid":3288,"hostname":"DESKTOP-KPAMGTB","module":"binance","assets":22,"msg":"balance"}
{"level":30,"time":1774203851877,"pid":3288,"hostname":"DESKTOP-KPAMGTB","module":"binance","assets":22,"msg":"balance"}
{"level":30,"time":1774203888721,"pid":3288,"hostname":"DESKTOP-KPAMGTB","module":"binance","assets":22,"msg":"balance"}
{"level":30,"time":1774203893007,"pid":3288,"hostname":"DESKTOP-KPAMGTB","module":"binance","assets":22,"msg":"balance"}
{"level":30,"time":1774203936010,"pid":3288,"hostname":"DESKTOP-KPAMGTB","module":"binance","assets":22,"msg":"balance"}
{"level":30,"time":1774203939704,"pid":3288,"hostname":"DESKTOP-KPAMGTB","module":"binance","assets":22,"msg":"balance"}
{"level":30,"time":1774203949893,"pid":3288,"hostname":"DESKTOP-KPAMGTB","module":"binance","assets":22,"msg":"balance"}
{"level":30,"time":1774203962459,"pid":3288,"hostname":"DESKTOP-KPAMGTB","module":"binance","assets":22,"msg":"balance"}
{"level":30,"time":1774203999297,"pid":3288,"hostname":"DESKTOP-KPAMGTB","module":"binance","assets":22,"msg":"balance"}
{"level":30,"time":1774204000181,"pid":3288,"hostname":"DESKTOP-KPAMGTB","module":"binance","assets":22,"msg":"balance"}
{"level":30,"time":1774204254809,"pid":3288,"hostname":"DESKTOP-KPAMGTB","module":"binance","assets":22,"msg":"balance"}
{"level":30,"time":1774204274004,"pid":3288,"hostname":"DESKTOP-KPAMGTB","module":"binance","assets":22,"msg":"balance"}
{"level":30,"time":1774204276089,"pid":3288,"hostname":"DESKTOP-KPAMGTB","module":"binance","assets":22,"msg":"balance"}
{"level":30,"time":1774204277886,"pid":3288,"hostname":"DESKTOP-KPAMGTB","module":"binance","assets":22,"msg":"balance"}
{"level":30,"time":1774204295506,"pid":3288,"hostname":"DESKTOP-KPAMGTB","module":"binance","assets":22,"msg":"balance"}
{"level":30,"time":1774204299174,"pid":3288,"hostname":"DESKTOP-KPAMGTB","module":"binance","assets":22,"msg":"balance"}
{"level":30,"time":1774204306157,"pid":3288,"hostname":"DESKTOP-KPAMGTB","module":"binance","assets":22,"msg":"balance"}
{"level":30,"time":1774204331521,"pid":3288,"hostname":"DESKTOP-KPAMGTB","module":"binance","assets":22,"msg":"balance"}
{"level":30,"time":1774204362962,"pid":3288,"hostname":"DESKTOP-KPAMGTB","module":"binance","assets":22,"msg":"balance"}
{"level":30,"time":1774204366720,"pid":3288,"hostname":"DESKTOP-KPAMGTB","module":"binance","assets":22,"msg":"balance"}
{"level":30,"time":1774204368782,"pid":3288,"hostname":"DESKTOP-KPAMGTB","module":"binance","assets":22,"msg":"balance"}
{"level":30,"time":1774204444246,"pid":3288,"hostname":"DESKTOP-KPAMGTB","module":"binance","assets":22,"msg":"balance"}
{"level":30,"time":1774204453922,"pid":3288,"hostname":"DESKTOP-KPAMGTB","module":"binance","assets":22,"msg":"balance"}
{"level":30,"time":1774204457011,"pid":3288,"hostname":"DESKTOP-KPAMGTB","module":"binance","assets":22,"msg":"balance"}
{"level":30,"time":1774204467572,"pid":3288,"hostname":"DESKTOP-KPAMGTB","module":"binance","assets":22,"msg":"balance"}
{"level":30,"time":1774204496342,"pid":3288,"hostname":"DESKTOP-KPAMGTB","module":"binance","assets":22,"msg":"balance"}
{"level":30,"time":1774204512794,"pid":3288,"hostname":"DESKTOP-KPAMGTB","module":"binance","assets":22,"msg":"balance"}
{"level":30,"time":1774204518310,"pid":3288,"hostname":"DESKTOP-KPAMGTB","module":"binance","assets":22,"msg":"balance"}
{"level":30,"time":1774204549884,"pid":3288,"hostname":"DESKTOP-KPAMGTB","module":"binance","assets":22,"msg":"balance"}
{"level":30,"time":1774204560370,"pid":3288,"hostname":"DESKTOP-KPAMGTB","module":"binance","assets":22,"msg":"balance"}
{"level":30,"time":1774204624691,"pid":3288,"hostname":"DESKTOP-KPAMGTB","module":"binance","assets":22,"msg":"balance"}
{"level":30,"time":1774204625907,"pid":3288,"hostname":"DESKTOP-KPAMGTB","module":"binance","assets":22,"msg":"balance"}
{"level":30,"time":1774204627095,"pid":3288,"hostname":"DESKTOP-KPAMGTB","module":"binance","assets":22,"msg":"balance"}
{"level":30,"time":1774204651811,"pid":3288,"hostname":"DESKTOP-KPAMGTB","module":"binance","assets":22,"msg":"balance"}
{"level":30,"time":1774204703433,"pid":3288,"hostname":"DESKTOP-KPAMGTB","module":"binance","assets":22,"msg":"balance"}
{"level":30,"time":1774204733951,"pid":3288,"hostname":"DESKTOP-KPAMGTB","module":"binance","assets":22,"msg":"balance"}
{"level":30,"time":1774204737379,"pid":3288,"hostname":"DESKTOP-KPAMGTB","module":"binance","assets":22,"msg":"balance"}
{"level":30,"time":1774204749881,"pid":3288,"hostname":"DESKTOP-KPAMGTB","module":"binance","assets":22,"msg":"balance"}
{"level":30,"time":1774204757820,"pid":3288,"hostname":"DESKTOP-KPAMGTB","module":"binance","assets":22,"msg":"balance"}
{"level":30,"time":1774204767847,"pid":3288,"hostname":"DESKTOP-KPAMGTB","module":"binance","assets":22,"msg":"balance"}
{"level":30,"time":1774204829866,"pid":3288,"hostname":"DESKTOP-KPAMGTB","module":"binance","assets":22,"msg":"balance"}
{"level":30,"time":1774204832071,"pid":3288,"hostname":"DESKTOP-KPAMGTB","module":"binance","assets":22,"msg":"balance"}
{"level":30,"time":1774204859320,"pid":3288,"hostname":"DESKTOP-KPAMGTB","module":"binance","assets":22,"msg":"balance"}
{"level":30,"time":1774204890290,"pid":3288,"hostname":"DESKTOP-KPAMGTB","module":"binance","assets":22,"msg":"balance"}
{"level":30,"time":1774204920895,"pid":3288,"hostname":"DESKTOP-KPAMGTB","module":"binance","assets":22,"msg":"balance"}
{"level":30,"time":1774204951241,"pid":3288,"hostname":"DESKTOP-KPAMGTB","module":"binance","assets":22,"msg":"balance"}
{"level":30,"time":1774204962404,"pid":3288,"hostname":"DESKTOP-KPAMGTB","module":"binance","assets":22,"msg":"balance"}
{"level":30,"time":1774205354302,"pid":3288,"hostname":"DESKTOP-KPAMGTB","module":"binance","assets":22,"msg":"balance"}
{"level":30,"time":1774205359531,"pid":3288,"hostname":"DESKTOP-KPAMGTB","module":"binance","assets":22,"msg":"balance"}
{"level":30,"time":1774205375644,"pid":3288,"hostname":"DESKTOP-KPAMGTB","module":"binance","assets":22,"msg":"balance"}
{"level":30,"time":1774205405914,"pid":3288,"hostname":"DESKTOP-KPAMGTB","module":"binance","assets":22,"msg":"balance"}
{"level":30,"time":1774205436277,"pid":3288,"hostname":"DESKTOP-KPAMGTB","module":"binance","assets":22,"msg":"balance"}
{"level":30,"time":1774205465062,"pid":3288,"hostname":"DESKTOP-KPAMGTB","module":"binance","assets":22,"msg":"balance"}
{"level":30,"time":1774205492174,"pid":3288,"hostname":"DESKTOP-KPAMGTB","module":"binance","assets":22,"msg":"balance"}
{"level":30,"time":1774205522586,"pid":3288,"hostname":"DESKTOP-KPAMGTB","module":"binance","assets":22,"msg":"balance"}
{"level":30,"time":1774205550626,"pid":3288,"hostname":"DESKTOP-KPAMGTB","module":"binance","assets":22,"msg":"balance"}
{"level":30,"time":1774205569680,"pid":3288,"hostname":"DESKTOP-KPAMGTB","module":"binance","assets":22,"msg":"balance"}
{"level":30,"time":1774205581515,"pid":3288,"hostname":"DESKTOP-KPAMGTB","module":"binance","assets":22,"msg":"balance"}
{"level":30,"time":1774205637903,"pid":3288,"hostname":"DESKTOP-KPAMGTB","module":"binance","assets":22,"msg":"balance"}
{"level":30,"time":1774205643140,"pid":3288,"hostname":"DESKTOP-KPAMGTB","module":"binance","assets":22,"msg":"balance"}
{"level":30,"time":1774205646098,"pid":3288,"hostname":"DESKTOP-KPAMGTB","module":"binance","assets":22,"msg":"balance"}
{"level":30,"time":1774205663345,"pid":3288,"hostname":"DESKTOP-KPAMGTB","module":"binance","assets":22,"msg":"balance"}
{"level":30,"time":1774205694005,"pid":3288,"hostname":"DESKTOP-KPAMGTB","module":"binance","assets":22,"msg":"balance"}
{"level":30,"time":1774205694679,"pid":3288,"hostname":"DESKTOP-KPAMGTB","module":"binance","assets":22,"msg":"balance"}
{"level":30,"time":1774205725386,"pid":3288,"hostname":"DESKTOP-KPAMGTB","module":"binance","assets":22,"msg":"balance"}
{"level":30,"time":1774205736354,"pid":3288,"hostname":"DESKTOP-KPAMGTB","module":"binance","assets":22,"msg":"balance"}
{"level":30,"time":1774205751435,"pid":3288,"hostname":"DESKTOP-KPAMGTB","module":"binance","assets":22,"msg":"balance"}
{"level":30,"time":1774205782004,"pid":3288,"hostname":"DESKTOP-KPAMGTB","module":"binance","assets":22,"msg":"balance"}
{"level":30,"time":1774205795146,"pid":3288,"hostname":"DESKTOP-KPAMGTB","module":"binance","assets":22,"msg":"balance"}
{"level":30,"time":1774205856010,"pid":3288,"hostname":"DESKTOP-KPAMGTB","module":"binance","assets":22,"msg":"balance"}
{"level":30,"time":1774205906920,"pid":3288,"hostname":"DESKTOP-KPAMGTB","module":"binance","assets":22,"msg":"balance"}
{"level":30,"time":1774205909899,"pid":3288,"hostname":"DESKTOP-KPAMGTB","module":"binance","assets":22,"msg":"balance"}
{"level":30,"time":1774205921450,"pid":3288,"hostname":"DESKTOP-KPAMGTB","module":"binance","assets":22,"msg":"balance"}
{"level":30,"time":1774205977980,"pid":3288,"hostname":"DESKTOP-KPAMGTB","module":"binance","assets":22,"msg":"balance"}
{"level":30,"time":1774205989490,"pid":3288,"hostname":"DESKTOP-KPAMGTB","module":"binance","assets":22,"msg":"balance"}
{"level":30,"time":1774205994204,"pid":3288,"hostname":"DESKTOP-KPAMGTB","module":"binance","assets":22,"msg":"balance"}
{"level":30,"time":1774206001540,"pid":3288,"hostname":"DESKTOP-KPAMGTB","module":"telegram","msg":"informe horari enviat"}
{"level":30,"time":1774206019471,"pid":3288,"hostname":"DESKTOP-KPAMGTB","module":"binance","assets":22,"msg":"balance"}
{"level":30,"time":1774206035292,"pid":3288,"hostname":"DESKTOP-KPAMGTB","module":"binance","assets":22,"msg":"balance"}
{"level":30,"time":1774206066240,"pid":3288,"hostname":"DESKTOP-KPAMGTB","module":"binance","assets":22,"msg":"balance"}
{"level":30,"time":1774206096340,"pid":3288,"hostname":"DESKTOP-KPAMGTB","module":"binance","assets":22,"msg":"balance"}
{"level":30,"time":1774206111859,"pid":3288,"hostname":"DESKTOP-KPAMGTB","module":"binance","assets":22,"msg":"balance"}
{"level":30,"time":1774206133060,"pid":3288,"hostname":"DESKTOP-KPAMGTB","module":"binance","assets":22,"msg":"balance"}
{"level":30,"time":1774206153919,"pid":3288,"hostname":"DESKTOP-KPAMGTB","module":"binance","assets":22,"msg":"balance"}
{"level":30,"time":1774206159318,"pid":3288,"hostname":"DESKTOP-KPAMGTB","module":"binance","assets":22,"msg":"balance"}
{"level":30,"time":1774206179611,"pid":3288,"hostname":"DESKTOP-KPAMGTB","module":"binance","assets":22,"msg":"balance"}
{"level":30,"time":1774206241690,"pid":3288,"hostname":"DESKTOP-KPAMGTB","module":"binance","assets":22,"msg":"balance"}
{"level":30,"time":1774206245818,"pid":3288,"hostname":"DESKTOP-KPAMGTB","module":"binance","assets":22,"msg":"balance"}
{"level":30,"time":1774206295572,"pid":3288,"hostname":"DESKTOP-KPAMGTB","module":"binance","assets":22,"msg":"balance"}
{"level":30,"time":1774206352429,"pid":3288,"hostname":"DESKTOP-KPAMGTB","module":"binance","assets":22,"msg":"balance"}
{"level":30,"time":1774206413305,"pid":3288,"hostname":"DESKTOP-KPAMGTB","module":"binance","assets":22,"msg":"balance"}
{"level":30,"time":1774206474572,"pid":3288,"hostname":"DESKTOP-KPAMGTB","module":"binance","assets":22,"msg":"balance"}
{"level":30,"time":1774206535160,"pid":3288,"hostname":"DESKTOP-KPAMGTB","module":"binance","assets":22,"msg":"balance"}
{"level":30,"time":1774206537292,"pid":3288,"hostname":"DESKTOP-KPAMGTB","module":"binance","assets":22,"msg":"balance"}
{"level":30,"time":1774206596458,"pid":3288,"hostname":"DESKTOP-KPAMGTB","module":"binance","assets":22,"msg":"balance"}
{"level":30,"time":1774206656679,"pid":3288,"hostname":"DESKTOP-KPAMGTB","module":"binance","assets":22,"msg":"balance"}
{"level":30,"time":1774206717947,"pid":3288,"hostname":"DESKTOP-KPAMGTB","module":"binance","assets":22,"msg":"balance"}
{"level":30,"time":1774206777880,"pid":3288,"hostname":"DESKTOP-KPAMGTB","module":"binance","assets":22,"msg":"balance"}
{"level":30,"time":1774206838732,"pid":3288,"hostname":"DESKTOP-KPAMGTB","module":"binance","assets":22,"msg":"balance"}
{"level":30,"time":1774206899473,"pid":3288,"hostname":"DESKTOP-KPAMGTB","module":"binance","assets":22,"msg":"balance"}
{"level":30,"time":1774206960833,"pid":3288,"hostname":"DESKTOP-KPAMGTB","module":"binance","assets":22,"msg":"balance"}
{"level":30,"time":1774207020807,"pid":3288,"hostname":"DESKTOP-KPAMGTB","module":"binance","assets":22,"msg":"balance"}
{"level":30,"time":1774207082509,"pid":3288,"hostname":"DESKTOP-KPAMGTB","module":"binance","assets":22,"msg":"balance"}
{"level":30,"time":1774207142554,"pid":3288,"hostname":"DESKTOP-KPAMGTB","module":"binance","assets":22,"msg":"balance"}
{"level":30,"time":1774207204975,"pid":3288,"hostname":"DESKTOP-KPAMGTB","module":"binance","assets":22,"msg":"balance"}
{"level":30,"time":1774207264840,"pid":3288,"hostname":"DESKTOP-KPAMGTB","module":"binance","assets":22,"msg":"balance"}
{"level":30,"time":1774207327053,"pid":3288,"hostname":"DESKTOP-KPAMGTB","module":"binance","assets":22,"msg":"balance"}
{"level":30,"time":1774207386565,"pid":3288,"hostname":"DESKTOP-KPAMGTB","module":"binance","assets":22,"msg":"balance"}
{"level":30,"time":1774207437737,"pid":3288,"hostname":"DESKTOP-KPAMGTB","module":"binance","assets":22,"msg":"balance"}
{"level":30,"time":1774207447859,"pid":3288,"hostname":"DESKTOP-KPAMGTB","module":"binance","assets":22,"msg":"balance"}
{"level":30,"time":1774207508621,"pid":3288,"hostname":"DESKTOP-KPAMGTB","module":"binance","assets":22,"msg":"balance"}
{"level":30,"time":1774207570213,"pid":3288,"hostname":"DESKTOP-KPAMGTB","module":"binance","assets":22,"msg":"balance"}
{"level":30,"time":1774207630431,"pid":3288,"hostname":"DESKTOP-KPAMGTB","module":"binance","assets":22,"msg":"balance"}
{"level":30,"time":1774207692084,"pid":3288,"hostname":"DESKTOP-KPAMGTB","module":"binance","assets":22,"msg":"balance"}
{"level":30,"time":1774207752416,"pid":3288,"hostname":"DESKTOP-KPAMGTB","module":"binance","assets":22,"msg":"balance"}
{"level":30,"time":1774207814452,"pid":3288,"hostname":"DESKTOP-KPAMGTB","module":"binance","assets":22,"msg":"balance"}
{"level":30,"time":1774207874578,"pid":3288,"hostname":"DESKTOP-KPAMGTB","module":"binance","assets":22,"msg":"balance"}
{"level":30,"time":1774207936679,"pid":3288,"hostname":"DESKTOP-KPAMGTB","module":"binance","assets":22,"msg":"balance"}
{"level":30,"time":1774207997002,"pid":3288,"hostname":"DESKTOP-KPAMGTB","module":"binance","assets":22,"msg":"balance"}
{"level":30,"time":1774208058618,"pid":3288,"hostname":"DESKTOP-KPAMGTB","module":"binance","assets":22,"msg":"balance"}
{"level":30,"time":1774208119221,"pid":3288,"hostname":"DESKTOP-KPAMGTB","module":"binance","assets":22,"msg":"balance"}
{"level":30,"time":1774208180096,"pid":3288,"hostname":"DESKTOP-KPAMGTB","module":"binance","assets":22,"msg":"balance"}
{"level":30,"time":1774208240827,"pid":3288,"hostname":"DESKTOP-KPAMGTB","module":"binance","assets":22,"msg":"balance"}
{"level":30,"time":1774208299407,"pid":3288,"hostname":"DESKTOP-KPAMGTB","module":"binance","assets":22,"msg":"balance"}
{"level":30,"time":1774208301664,"pid":3288,"hostname":"DESKTOP-KPAMGTB","module":"binance","assets":22,"msg":"balance"}
{"level":30,"time":1774208302572,"pid":3288,"hostname":"DESKTOP-KPAMGTB","module":"binance","assets":22,"msg":"balance"}
{"level":30,"time":1774208363683,"pid":3288,"hostname":"DESKTOP-KPAMGTB","module":"binance","assets":22,"msg":"balance"}
{"level":30,"time":1774208393315,"pid":3288,"hostname":"DESKTOP-KPAMGTB","module":"binance","assets":22,"msg":"balance"}
{"level":30,"time":1774208454288,"pid":3288,"hostname":"DESKTOP-KPAMGTB","module":"binance","assets":22,"msg":"balance"}
{"level":30,"time":1774208514984,"pid":3288,"hostname":"DESKTOP-KPAMGTB","module":"binance","assets":22,"msg":"balance"}
{"level":30,"time":1774208575305,"pid":3288,"hostname":"DESKTOP-KPAMGTB","module":"binance","assets":22,"msg":"balance"}
{"level":30,"time":1774208636416,"pid":3288,"hostname":"DESKTOP-KPAMGTB","module":"binance","assets":22,"msg":"balance"}
{"level":30,"time":1774208697685,"pid":3288,"hostname":"DESKTOP-KPAMGTB","module":"binance","assets":22,"msg":"balance"}
{"level":30,"time":1774208757750,"pid":3288,"hostname":"DESKTOP-KPAMGTB","module":"binance","assets":22,"msg":"balance"}
{"level":30,"time":1774208818426,"pid":3288,"hostname":"DESKTOP-KPAMGTB","module":"binance","assets":22,"msg":"balance"}
{"level":30,"time":1774208878420,"pid":3288,"hostname":"DESKTOP-KPAMGTB","module":"binance","assets":22,"msg":"balance"}
{"level":30,"time":1774208939862,"pid":3288,"hostname":"DESKTOP-KPAMGTB","module":"binance","assets":22,"msg":"balance"}
{"level":30,"time":1774209000036,"pid":3288,"hostname":"DESKTOP-KPAMGTB","module":"binance","assets":22,"msg":"balance"}
{"level":30,"time":1774209061649,"pid":3288,"hostname":"DESKTOP-KPAMGTB","module":"binance","assets":22,"msg":"balance"}
{"level":30,"time":1774209121706,"pid":3288,"hostname":"DESKTOP-KPAMGTB","module":"binance","assets":22,"msg":"balance"}
{"level":30,"time":1774209183191,"pid":3288,"hostname":"DESKTOP-KPAMGTB","module":"binance","assets":22,"msg":"balance"}
{"level":30,"time":1774209237999,"pid":3288,"hostname":"DESKTOP-KPAMGTB","module":"binance","assets":22,"msg":"balance"}
{"level":30,"time":1774209243316,"pid":3288,"hostname":"DESKTOP-KPAMGTB","module":"binance","assets":22,"msg":"balance"}
{"level":30,"time":1774209304584,"pid":3288,"hostname":"DESKTOP-KPAMGTB","module":"binance","assets":22,"msg":"balance"}
{"level":30,"time":1774209365131,"pid":3288,"hostname":"DESKTOP-KPAMGTB","module":"binance","assets":22,"msg":"balance"}
{"level":30,"time":1774209426615,"pid":3288,"hostname":"DESKTOP-KPAMGTB","module":"binance","assets":22,"msg":"balance"}
{"level":30,"time":1774209476111,"pid":3288,"hostname":"DESKTOP-KPAMGTB","module":"binance","assets":22,"msg":"balance"}
{"level":30,"time":1774209516168,"pid":3288,"hostname":"DESKTOP-KPAMGTB","module":"binance","assets":22,"msg":"balance"}
{"level":30,"time":1774209547695,"pid":3288,"hostname":"DESKTOP-KPAMGTB","module":"binance","assets":22,"msg":"balance"}
{"level":30,"time":1774209577837,"pid":3288,"hostname":"DESKTOP-KPAMGTB","module":"binance","assets":22,"msg":"balance"}
{"level":30,"time":1774209602518,"pid":3288,"hostname":"DESKTOP-KPAMGTB","module":"telegram","msg":"informe horari enviat"}
{"level":30,"time":1774209608314,"pid":3288,"hostname":"DESKTOP-KPAMGTB","module":"binance","assets":22,"msg":"balance"}
{"level":30,"time":1774209638451,"pid":3288,"hostname":"DESKTOP-KPAMGTB","module":"binance","assets":22,"msg":"balance"}
{"level":30,"time":1774209659244,"pid":3288,"hostname":"DESKTOP-KPAMGTB","module":"auto-trader","bot":"Solana i Bitcoin a 4 hores (454%)","interval":"4h","symbols":2,"minScore":60,"msg":"iniciant scan de bot"}
{"level":30,"time":1774209669137,"pid":3288,"hostname":"DESKTOP-KPAMGTB","module":"binance","assets":22,"msg":"balance"}
{"level":30,"time":1774209699086,"pid":3288,"hostname":"DESKTOP-KPAMGTB","module":"binance","assets":22,"msg":"balance"}
{"level":30,"time":1774209729369,"pid":3288,"hostname":"DESKTOP-KPAMGTB","module":"binance","assets":22,"msg":"balance"}
{"level":30,"time":1774209759901,"pid":3288,"hostname":"DESKTOP-KPAMGTB","module":"binance","assets":22,"msg":"balance"}
{"level":30,"time":1774209790842,"pid":3288,"hostname":"DESKTOP-KPAMGTB","module":"binance","assets":22,"msg":"balance"}
{"level":30,"time":1774209821312,"pid":3288,"hostname":"DESKTOP-KPAMGTB","module":"binance","assets":22,"msg":"balance"}
{"level":30,"time":1774209822253,"pid":3288,"hostname":"DESKTOP-KPAMGTB","module":"binance","assets":22,"msg":"balance"}
{"level":30,"time":1774209829294,"pid":3288,"hostname":"DESKTOP-KPAMGTB","module":"binance","assets":22,"msg":"balance"}
{"level":30,"time":1774209839595,"pid":3288,"hostname":"DESKTOP-KPAMGTB","module":"binance","assets":22,"msg":"balance"}
{"level":30,"time":1774209856273,"pid":3288,"hostname":"DESKTOP-KPAMGTB","module":"binance","assets":22,"msg":"balance"}
{"level":30,"time":1774209867566,"pid":3288,"hostname":"DESKTOP-KPAMGTB","module":"binance","assets":22,"msg":"balance"}
{"level":30,"time":1774209875933,"pid":3288,"hostname":"DESKTOP-KPAMGTB","module":"binance","assets":22,"msg":"balance"}
{"level":30,"time":1774209900729,"pid":3288,"hostname":"DESKTOP-KPAMGTB","module":"binance","assets":22,"msg":"balance"}
{"level":30,"time":1774209931480,"pid":3288,"hostname":"DESKTOP-KPAMGTB","module":"binance","assets":22,"msg":"balance"}
{"level":30,"time":1774209934431,"pid":3288,"hostname":"DESKTOP-KPAMGTB","module":"binance","assets":22,"msg":"balance"}
{"level":30,"time":1774209938349,"pid":3288,"hostname":"DESKTOP-KPAMGTB","module":"binance","assets":22,"msg":"balance"}
{"level":30,"time":1774209969072,"pid":3288,"hostname":"DESKTOP-KPAMGTB","module":"binance","assets":22,"msg":"balance"}
{"level":30,"time":1774209987572,"pid":3288,"hostname":"DESKTOP-KPAMGTB","module":"binance","assets":22,"msg":"balance"}
{"level":30,"time":1774209997714,"pid":3288,"hostname":"DESKTOP-KPAMGTB","module":"binance","assets":22,"msg":"balance"}
{"level":30,"time":1774210009793,"pid":3288,"hostname":"DESKTOP-KPAMGTB","module":"binance","assets":22,"msg":"balance"}
{"level":30,"time":1774210086603,"pid":3288,"hostname":"DESKTOP-KPAMGTB","module":"binance","assets":22,"msg":"balance"}
{"level":30,"time":1774210166897,"pid":3288,"hostname":"DESKTOP-KPAMGTB","module":"binance","assets":22,"msg":"balance"}
{"level":30,"time":1774210197538,"pid":3288,"hostname":"DESKTOP-KPAMGTB","module":"binance","assets":22,"msg":"balance"}
{"level":30,"time":1774210254155,"pid":3288,"hostname":"DESKTOP-KPAMGTB","module":"binance","assets":22,"msg":"balance"}
{"level":30,"time":1774210267293,"pid":3288,"hostname":"DESKTOP-KPAMGTB","module":"binance","assets":22,"msg":"balance"}
{"level":30,"time":1774210327940,"pid":3288,"hostname":"DESKTOP-KPAMGTB","module":"binance","assets":22,"msg":"balance"}
{"level":30,"time":1774210462487,"pid":3288,"hostname":"DESKTOP-KPAMGTB","module":"binance","assets":22,"msg":"balance"}
{"level":30,"time":1774210500951,"pid":3288,"hostname":"DESKTOP-KPAMGTB","module":"binance","assets":22,"msg":"balance"}
{"level":30,"time":1774210590580,"pid":3288,"hostname":"DESKTOP-KPAMGTB","module":"binance","assets":22,"msg":"balance"}
{"level":30,"time":1774210621621,"pid":3288,"hostname":"DESKTOP-KPAMGTB","module":"binance","assets":22,"msg":"balance"}
{"level":30,"time":1774210739834,"pid":3288,"hostname":"DESKTOP-KPAMGTB","module":"binance","assets":22,"msg":"balance"}
{"level":30,"time":1774210770246,"pid":3288,"hostname":"DESKTOP-KPAMGTB","module":"binance","assets":22,"msg":"balance"}
{"level":30,"time":1774210801839,"pid":3288,"hostname":"DESKTOP-KPAMGTB","module":"binance","assets":22,"msg":"balance"}
{"level":30,"time":1774210876259,"pid":3288,"hostname":"DESKTOP-KPAMGTB","module":"binance","assets":22,"msg":"balance"}
{"level":30,"time":1774210901063,"pid":3288,"hostname":"DESKTOP-KPAMGTB","module":"binance","assets":22,"msg":"balance"}
{"level":30,"time":1774210931612,"pid":3288,"hostname":"DESKTOP-KPAMGTB","module":"binance","assets":22,"msg":"balance"}
{"level":30,"time":1774210963251,"pid":3288,"hostname":"DESKTOP-KPAMGTB","module":"binance","assets":22,"msg":"balance"}
{"level":30,"time":1774210985834,"pid":3288,"hostname":"DESKTOP-KPAMGTB","module":"binance","assets":22,"msg":"balance"}
{"level":30,"time":1774211003041,"pid":3288,"hostname":"DESKTOP-KPAMGTB","module":"binance","assets":22,"msg":"balance"}
{"level":30,"time":1774211033872,"pid":3288,"hostname":"DESKTOP-KPAMGTB","module":"binance","assets":22,"msg":"balance"}
{"level":30,"time":1774211064594,"pid":3288,"hostname":"DESKTOP-KPAMGTB","module":"binance","assets":22,"msg":"balance"}
{"level":30,"time":1774211095068,"pid":3288,"hostname":"DESKTOP-KPAMGTB","module":"binance","assets":22,"msg":"balance"}
{"level":30,"time":1774211103446,"pid":3288,"hostname":"DESKTOP-KPAMGTB","module":"binance","assets":22,"msg":"balance"}
{"level":30,"time":1774211165769,"pid":3288,"hostname":"DESKTOP-KPAMGTB","module":"binance","assets":22,"msg":"balance"}
{"level":30,"time":1774211171751,"pid":3288,"hostname":"DESKTOP-KPAMGTB","module":"binance","assets":22,"msg":"balance"}
{"level":30,"time":1774211202501,"pid":3288,"hostname":"DESKTOP-KPAMGTB","module":"binance","assets":22,"msg":"balance"}
{"level":30,"time":1774211229764,"pid":3288,"hostname":"DESKTOP-KPAMGTB","module":"binance","assets":22,"msg":"balance"}
{"level":30,"time":1774211328098,"pid":3288,"hostname":"DESKTOP-KPAMGTB","module":"binance","assets":22,"msg":"balance"}
{"level":30,"time":1774211358585,"pid":3288,"hostname":"DESKTOP-KPAMGTB","module":"binance","assets":22,"msg":"balance"}
{"level":30,"time":1774211366103,"pid":3288,"hostname":"DESKTOP-KPAMGTB","module":"binance","assets":22,"msg":"balance"}
{"level":30,"time":1774211432118,"pid":3288,"hostname":"DESKTOP-KPAMGTB","module":"binance","assets":22,"msg":"balance"}
{"level":30,"time":1774211442110,"pid":3288,"hostname":"DESKTOP-KPAMGTB","module":"binance","assets":22,"msg":"balance"}
{"level":30,"time":1774211514356,"pid":3288,"hostname":"DESKTOP-KPAMGTB","module":"binance","assets":22,"msg":"balance"}
{"level":30,"time":1774211542942,"pid":3288,"hostname":"DESKTOP-KPAMGTB","module":"binance","assets":22,"msg":"balance"}
{"level":30,"time":1774211553167,"pid":3288,"hostname":"DESKTOP-KPAMGTB","module":"binance","assets":22,"msg":"balance"}
{"level":30,"time":1774211636842,"pid":3288,"hostname":"DESKTOP-KPAMGTB","module":"binance","assets":22,"msg":"balance"}
{"level":30,"time":1774211653696,"pid":3288,"hostname":"DESKTOP-KPAMGTB","module":"binance","assets":22,"msg":"balance"}
{"level":30,"time":1774211657470,"pid":3288,"hostname":"DESKTOP-KPAMGTB","module":"binance","assets":22,"msg":"balance"}
{"level":30,"time":1774211676780,"pid":3288,"hostname":"DESKTOP-KPAMGTB","module":"binance","assets":22,"msg":"balance"}
{"level":30,"time":1774211738258,"pid":3288,"hostname":"DESKTOP-KPAMGTB","module":"binance","assets":22,"msg":"balance"}
{"level":30,"time":1774211758118,"pid":3288,"hostname":"DESKTOP-KPAMGTB","module":"binance","assets":22,"msg":"balance"}
{"level":30,"time":1774211784792,"pid":3288,"hostname":"DESKTOP-KPAMGTB","module":"binance","assets":22,"msg":"balance"}
{"level":30,"time":1774211885818,"pid":3288,"hostname":"DESKTOP-KPAMGTB","module":"binance","assets":22,"msg":"balance"}
{"level":30,"time":1774212069194,"pid":3288,"hostname":"DESKTOP-KPAMGTB","module":"binance","assets":22,"msg":"balance"}
{"level":30,"time":1774212099428,"pid":3288,"hostname":"DESKTOP-KPAMGTB","module":"binance","assets":22,"msg":"balance"}
{"level":30,"time":1774212131025,"pid":3288,"hostname":"DESKTOP-KPAMGTB","module":"binance","assets":22,"msg":"balance"}
{"level":30,"time":1774212162137,"pid":3288,"hostname":"DESKTOP-KPAMGTB","module":"binance","assets":22,"msg":"balance"}
{"level":30,"time":1774212254597,"pid":3288,"hostname":"DESKTOP-KPAMGTB","module":"binance","assets":22,"msg":"balance"}
{"level":30,"time":1774212283883,"pid":3288,"hostname":"DESKTOP-KPAMGTB","module":"binance","assets":22,"msg":"balance"}
{"level":30,"time":1774212315132,"pid":3288,"hostname":"DESKTOP-KPAMGTB","module":"binance","assets":22,"msg":"balance"}
{"level":30,"time":1774212407399,"pid":3288,"hostname":"DESKTOP-KPAMGTB","module":"binance","assets":22,"msg":"balance"}
{"level":30,"time":1774212436988,"pid":3288,"hostname":"DESKTOP-KPAMGTB","module":"binance","assets":22,"msg":"balance"}
{"level":30,"time":1774212439768,"pid":3288,"hostname":"DESKTOP-KPAMGTB","module":"binance","assets":22,"msg":"balance"}
{"level":30,"time":1774212470538,"pid":3288,"hostname":"DESKTOP-KPAMGTB","module":"binance","assets":22,"msg":"balance"}
{"level":30,"time":1774212501725,"pid":3288,"hostname":"DESKTOP-KPAMGTB","module":"binance","assets":22,"msg":"balance"}
{"level":30,"time":1774212531704,"pid":3288,"hostname":"DESKTOP-KPAMGTB","module":"binance","assets":22,"msg":"balance"}
{"level":30,"time":1774212555150,"pid":3288,"hostname":"DESKTOP-KPAMGTB","module":"binance","assets":22,"msg":"balance"}
{"level":30,"time":1774212617335,"pid":3288,"hostname":"DESKTOP-KPAMGTB","module":"binance","assets":22,"msg":"balance"}
{"level":30,"time":1774212680018,"pid":3288,"hostname":"DESKTOP-KPAMGTB","module":"binance","assets":22,"msg":"balance"}
{"level":30,"time":1774212741837,"pid":3288,"hostname":"DESKTOP-KPAMGTB","module":"binance","assets":22,"msg":"balance"}
{"level":30,"time":1774212803460,"pid":3288,"hostname":"DESKTOP-KPAMGTB","module":"binance","assets":22,"msg":"balance"}
{"level":30,"time":1774212837753,"pid":3288,"hostname":"DESKTOP-KPAMGTB","module":"binance","assets":22,"msg":"balance"}
{"level":30,"time":1774212864445,"pid":3288,"hostname":"DESKTOP-KPAMGTB","module":"binance","assets":22,"msg":"balance"}
{"level":30,"time":1774212926574,"pid":3288,"hostname":"DESKTOP-KPAMGTB","module":"binance","assets":22,"msg":"balance"}
{"level":30,"time":1774212988183,"pid":3288,"hostname":"DESKTOP-KPAMGTB","module":"binance","assets":22,"msg":"balance"}
{"level":30,"time":1774212997238,"pid":3288,"hostname":"DESKTOP-KPAMGTB","module":"binance","assets":22,"msg":"balance"}
{"level":30,"time":1774213000729,"pid":3288,"hostname":"DESKTOP-KPAMGTB","module":"binance","assets":22,"msg":"balance"}
{"level":30,"time":1774213002390,"pid":3288,"hostname":"DESKTOP-KPAMGTB","module":"binance","assets":22,"msg":"balance"}
{"level":30,"time":1774213031749,"pid":3288,"hostname":"DESKTOP-KPAMGTB","module":"binance","assets":22,"msg":"balance"}
{"level":30,"time":1774213047126,"pid":3288,"hostname":"DESKTOP-KPAMGTB","module":"binance","assets":22,"msg":"balance"}
{"level":30,"time":1774213055056,"pid":3288,"hostname":"DESKTOP-KPAMGTB","module":"binance","assets":22,"msg":"balance"}
{"level":30,"time":1774213062262,"pid":3288,"hostname":"DESKTOP-KPAMGTB","module":"binance","assets":22,"msg":"balance"}
{"level":30,"time":1774213093396,"pid":3288,"hostname":"DESKTOP-KPAMGTB","module":"binance","assets":22,"msg":"balance"}
{"level":30,"time":1774213125442,"pid":3288,"hostname":"DESKTOP-KPAMGTB","module":"binance","assets":22,"msg":"balance"}
{"level":30,"time":1774213143431,"pid":3288,"hostname":"DESKTOP-KPAMGTB","module":"binance","assets":22,"msg":"balance"}
{"level":30,"time":1774213162435,"pid":3288,"hostname":"DESKTOP-KPAMGTB","module":"binance","assets":22,"msg":"balance"}
{"level":30,"time":1774213201414,"pid":3288,"hostname":"DESKTOP-KPAMGTB","module":"telegram","msg":"informe horari enviat"}
{"level":30,"time":1774213223877,"pid":3288,"hostname":"DESKTOP-KPAMGTB","module":"binance","assets":22,"msg":"balance"}
{"level":30,"time":1774213285557,"pid":3288,"hostname":"DESKTOP-KPAMGTB","module":"binance","assets":22,"msg":"balance"}
{"level":30,"time":1774213291215,"pid":3288,"hostname":"DESKTOP-KPAMGTB","module":"binance","assets":22,"msg":"balance"}
{"level":30,"time":1774213352328,"pid":3288,"hostname":"DESKTOP-KPAMGTB","module":"binance","assets":22,"msg":"balance"}
{"level":30,"time":1774213414371,"pid":3288,"hostname":"DESKTOP-KPAMGTB","module":"binance","assets":22,"msg":"balance"}
{"level":30,"time":1774213418071,"pid":3288,"hostname":"DESKTOP-KPAMGTB","module":"binance","assets":22,"msg":"balance"}
{"level":30,"time":1774213479093,"pid":3288,"hostname":"DESKTOP-KPAMGTB","module":"binance","assets":22,"msg":"balance"}
{"level":30,"time":1774213516885,"pid":3288,"hostname":"DESKTOP-KPAMGTB","module":"binance","assets":22,"msg":"balance"}
{"level":30,"time":1774213566485,"pid":3288,"hostname":"DESKTOP-KPAMGTB","module":"binance","assets":22,"msg":"balance"}
{"level":30,"time":1774213612677,"pid":3288,"hostname":"DESKTOP-KPAMGTB","module":"binance","assets":22,"msg":"balance"}
{"level":30,"time":1774213675276,"pid":3288,"hostname":"DESKTOP-KPAMGTB","module":"binance","assets":22,"msg":"balance"}
{"level":30,"time":1774213676808,"pid":3288,"hostname":"DESKTOP-KPAMGTB","module":"binance","assets":22,"msg":"balance"}
{"level":30,"time":1774213690491,"pid":3288,"hostname":"DESKTOP-KPAMGTB","module":"binance","assets":22,"msg":"balance"}
{"level":30,"time":1774213737788,"pid":3288,"hostname":"DESKTOP-KPAMGTB","module":"binance","assets":22,"msg":"balance"}
{"level":30,"time":1774213740475,"pid":3288,"hostname":"DESKTOP-KPAMGTB","module":"binance","assets":22,"msg":"balance"}
{"level":30,"time":1774213746324,"pid":3288,"hostname":"DESKTOP-KPAMGTB","module":"binance","assets":22,"msg":"balance"}
{"level":30,"time":1774213757362,"pid":3288,"hostname":"DESKTOP-KPAMGTB","module":"binance","assets":22,"msg":"balance"}
{"level":30,"time":1774213762491,"pid":3288,"hostname":"DESKTOP-KPAMGTB","module":"binance","assets":22,"msg":"balance"}
{"level":30,"time":1774213769069,"pid":3288,"hostname":"DESKTOP-KPAMGTB","module":"binance","assets":22,"msg":"balance"}
{"level":30,"time":1774213806962,"pid":3288,"hostname":"DESKTOP-KPAMGTB","module":"binance","assets":22,"msg":"balance"}
{"level":30,"time":1774213822174,"pid":3288,"hostname":"DESKTOP-KPAMGTB","module":"binance","assets":22,"msg":"balance"}
{"level":30,"time":1774213883086,"pid":3288,"hostname":"DESKTOP-KPAMGTB","module":"binance","assets":22,"msg":"balance"}
{"level":30,"time":1774213944160,"pid":3288,"hostname":"DESKTOP-KPAMGTB","module":"binance","assets":22,"msg":"balance"}
{"level":30,"time":1774214004804,"pid":3288,"hostname":"DESKTOP-KPAMGTB","module":"binance","assets":22,"msg":"balance"}
{"level":30,"time":1774214065473,"pid":3288,"hostname":"DESKTOP-KPAMGTB","module":"binance","assets":22,"msg":"balance"}
{"level":30,"time":1774214126546,"pid":3288,"hostname":"DESKTOP-KPAMGTB","module":"binance","assets":22,"msg":"balance"}
{"level":30,"time":1774214186748,"pid":3288,"hostname":"DESKTOP-KPAMGTB","module":"binance","assets":22,"msg":"balance"}
{"level":30,"time":1774214246900,"pid":3288,"hostname":"DESKTOP-KPAMGTB","module":"binance","assets":22,"msg":"balance"}
{"level":30,"time":1774214308914,"pid":3288,"hostname":"DESKTOP-KPAMGTB","module":"binance","assets":22,"msg":"balance"}
{"level":30,"time":1774214369161,"pid":3288,"hostname":"DESKTOP-KPAMGTB","module":"binance","assets":22,"msg":"balance"}
{"level":30,"time":1774214429757,"pid":3288,"hostname":"DESKTOP-KPAMGTB","module":"binance","assets":22,"msg":"balance"}
{"level":30,"time":1774214489871,"pid":3288,"hostname":"DESKTOP-KPAMGTB","module":"binance","assets":22,"msg":"balance"}
{"level":30,"time":1774214551761,"pid":3288,"hostname":"DESKTOP-KPAMGTB","module":"binance","assets":22,"msg":"balance"}
{"level":30,"time":1774214612416,"pid":3288,"hostname":"DESKTOP-KPAMGTB","module":"binance","assets":22,"msg":"balance"}
{"level":30,"time":1774214637706,"pid":3288,"hostname":"DESKTOP-KPAMGTB","module":"binance","assets":22,"msg":"balance"}
{"level":30,"time":1774214673934,"pid":3288,"hostname":"DESKTOP-KPAMGTB","module":"binance","assets":22,"msg":"balance"}
{"level":30,"time":1774214734001,"pid":3288,"hostname":"DESKTOP-KPAMGTB","module":"binance","assets":22,"msg":"balance"}
{"level":30,"time":1774214795458,"pid":3288,"hostname":"DESKTOP-KPAMGTB","module":"binance","assets":22,"msg":"balance"}
{"level":30,"time":1774214855690,"pid":3288,"hostname":"DESKTOP-KPAMGTB","module":"binance","assets":22,"msg":"balance"}
{"level":30,"time":1774214916668,"pid":3288,"hostname":"DESKTOP-KPAMGTB","module":"binance","assets":22,"msg":"balance"}
{"level":30,"time":1774214977383,"pid":3288,"hostname":"DESKTOP-KPAMGTB","module":"binance","assets":22,"msg":"balance"}
{"level":30,"time":1774215038841,"pid":3288,"hostname":"DESKTOP-KPAMGTB","module":"binance","assets":22,"msg":"balance"}
{"level":30,"time":1774215099225,"pid":3288,"hostname":"DESKTOP-KPAMGTB","module":"binance","assets":22,"msg":"balance"}
{"level":30,"time":1774215159541,"pid":3288,"hostname":"DESKTOP-KPAMGTB","module":"binance","assets":22,"msg":"balance"}
{"level":30,"time":1774215220111,"pid":3288,"hostname":"DESKTOP-KPAMGTB","module":"binance","assets":22,"msg":"balance"}
{"level":30,"time":1774215281865,"pid":3288,"hostname":"DESKTOP-KPAMGTB","module":"binance","assets":22,"msg":"balance"}
{"level":30,"time":1774215341929,"pid":3288,"hostname":"DESKTOP-KPAMGTB","module":"binance","assets":22,"msg":"balance"}
{"level":30,"time":1774215402879,"pid":3288,"hostname":"DESKTOP-KPAMGTB","module":"binance","assets":22,"msg":"balance"}
{"level":30,"time":1774215463515,"pid":3288,"hostname":"DESKTOP-KPAMGTB","module":"binance","assets":22,"msg":"balance"}
{"level":30,"time":1774215525544,"pid":3288,"hostname":"DESKTOP-KPAMGTB","module":"binance","assets":22,"msg":"balance"}
{"level":30,"time":1774215537698,"pid":3288,"hostname":"DESKTOP-KPAMGTB","module":"binance","assets":22,"msg":"balance"}
{"level":30,"time":1774215586162,"pid":3288,"hostname":"DESKTOP-KPAMGTB","module":"binance","assets":22,"msg":"balance"}
{"level":30,"time":1774215646997,"pid":3288,"hostname":"DESKTOP-KPAMGTB","module":"binance","assets":22,"msg":"balance"}
{"level":30,"time":1774215707660,"pid":3288,"hostname":"DESKTOP-KPAMGTB","module":"binance","assets":22,"msg":"balance"}
{"level":30,"time":1774215769026,"pid":3288,"hostname":"DESKTOP-KPAMGTB","module":"binance","assets":22,"msg":"balance"}
{"level":30,"time":1774215829401,"pid":3288,"hostname":"DESKTOP-KPAMGTB","module":"binance","assets":22,"msg":"balance"}
{"level":30,"time":1774215889531,"pid":3288,"hostname":"DESKTOP-KPAMGTB","module":"binance","assets":22,"msg":"balance"}
{"level":30,"time":1774215950892,"pid":3288,"hostname":"DESKTOP-KPAMGTB","module":"binance","assets":22,"msg":"balance"}
{"level":30,"time":1774216012496,"pid":3288,"hostname":"DESKTOP-KPAMGTB","module":"binance","assets":22,"msg":"balance"}
{"level":30,"time":1774216072390,"pid":3288,"hostname":"DESKTOP-KPAMGTB","module":"binance","assets":22,"msg":"balance"}
{"level":30,"time":1774216133728,"pid":3288,"hostname":"DESKTOP-KPAMGTB","module":"binance","assets":22,"msg":"balance"}
{"level":30,"time":1774216193956,"pid":3288,"hostname":"DESKTOP-KPAMGTB","module":"binance","assets":22,"msg":"balance"}
{"level":30,"time":1774216254922,"pid":3288,"hostname":"DESKTOP-KPAMGTB","module":"binance","assets":22,"msg":"balance"}
{"level":30,"time":1774216315308,"pid":3288,"hostname":"DESKTOP-KPAMGTB","module":"binance","assets":22,"msg":"balance"}
{"level":30,"time":1774216376495,"pid":3288,"hostname":"DESKTOP-KPAMGTB","module":"binance","assets":22,"msg":"balance"}
{"level":30,"time":1774216437128,"pid":3288,"hostname":"DESKTOP-KPAMGTB","module":"binance","assets":22,"msg":"balance"}
{"level":30,"time":1774216437703,"pid":3288,"hostname":"DESKTOP-KPAMGTB","module":"binance","assets":22,"msg":"balance"}
{"level":30,"time":1774216498191,"pid":3288,"hostname":"DESKTOP-KPAMGTB","module":"binance","assets":22,"msg":"balance"}
{"level":30,"time":1774216558179,"pid":3288,"hostname":"DESKTOP-KPAMGTB","module":"binance","assets":22,"msg":"balance"}
{"level":30,"time":1774216619734,"pid":3288,"hostname":"DESKTOP-KPAMGTB","module":"binance","assets":22,"msg":"balance"}
{"level":30,"time":1774216679996,"pid":3288,"hostname":"DESKTOP-KPAMGTB","module":"binance","assets":22,"msg":"balance"}
{"level":30,"time":1774216740819,"pid":3288,"hostname":"DESKTOP-KPAMGTB","module":"binance","assets":22,"msg":"balance"}
{"level":30,"time":1774216801351,"pid":3288,"hostname":"DESKTOP-KPAMGTB","module":"telegram","msg":"informe horari enviat"}
{"level":30,"time":1774216801525,"pid":3288,"hostname":"DESKTOP-KPAMGTB","module":"binance","assets":22,"msg":"balance"}
{"level":30,"time":1774216862997,"pid":3288,"hostname":"DESKTOP-KPAMGTB","module":"binance","assets":22,"msg":"balance"}
{"level":30,"time":1774216923175,"pid":3288,"hostname":"DESKTOP-KPAMGTB","module":"binance","assets":22,"msg":"balance"}
{"level":30,"time":1774216984385,"pid":3288,"hostname":"DESKTOP-KPAMGTB","module":"binance","assets":22,"msg":"balance"}
{"level":30,"time":1774217044323,"pid":3288,"hostname":"DESKTOP-KPAMGTB","module":"binance","assets":22,"msg":"balance"}
{"level":30,"time":1774217105791,"pid":3288,"hostname":"DESKTOP-KPAMGTB","module":"binance","assets":22,"msg":"balance"}
{"level":30,"time":1774217166475,"pid":3288,"hostname":"DESKTOP-KPAMGTB","module":"binance","assets":22,"msg":"balance"}
{"level":30,"time":1774217227183,"pid":3288,"hostname":"DESKTOP-KPAMGTB","module":"binance","assets":22,"msg":"balance"}
{"level":30,"time":1774217287924,"pid":3288,"hostname":"DESKTOP-KPAMGTB","module":"binance","assets":22,"msg":"balance"}
{"level":30,"time":1774217337720,"pid":3288,"hostname":"DESKTOP-KPAMGTB","module":"binance","assets":22,"msg":"balance"}
{"level":30,"time":1774217349058,"pid":3288,"hostname":"DESKTOP-KPAMGTB","module":"binance","assets":22,"msg":"balance"}
{"level":30,"time":1774217409398,"pid":3288,"hostname":"DESKTOP-KPAMGTB","module":"binance","assets":22,"msg":"balance"}
{"level":30,"time":1774217470576,"pid":3288,"hostname":"DESKTOP-KPAMGTB","module":"binance","assets":22,"msg":"balance"}
{"level":30,"time":1774217530490,"pid":3288,"hostname":"DESKTOP-KPAMGTB","module":"binance","assets":22,"msg":"balance"}
{"level":30,"time":1774217591202,"pid":3288,"hostname":"DESKTOP-KPAMGTB","module":"binance","assets":22,"msg":"balance"}
{"level":30,"time":1774217651872,"pid":3288,"hostname":"DESKTOP-KPAMGTB","module":"binance","assets":22,"msg":"balance"}
{"level":30,"time":1774217713700,"pid":3288,"hostname":"DESKTOP-KPAMGTB","module":"binance","assets":22,"msg":"balance"}
{"level":30,"time":1774217773545,"pid":3288,"hostname":"DESKTOP-KPAMGTB","module":"binance","assets":22,"msg":"balance"}
{"level":30,"time":1774217834682,"pid":3288,"hostname":"DESKTOP-KPAMGTB","module":"binance","assets":22,"msg":"balance"}
{"level":30,"time":1774217895122,"pid":3288,"hostname":"DESKTOP-KPAMGTB","module":"binance","assets":22,"msg":"balance"}
{"level":30,"time":1774217956714,"pid":3288,"hostname":"DESKTOP-KPAMGTB","module":"binance","assets":22,"msg":"balance"}
{"level":30,"time":1774217989203,"pid":3288,"hostname":"DESKTOP-KPAMGTB","module":"binance","assets":22,"msg":"balance"}
{"level":30,"time":1774218001732,"pid":3288,"hostname":"DESKTOP-KPAMGTB","module":"binance","assets":22,"msg":"balance"}
{"level":30,"time":1774218040892,"pid":3288,"hostname":"DESKTOP-KPAMGTB","module":"binance","assets":22,"msg":"balance"}
{"level":30,"time":1774218047455,"pid":3288,"hostname":"DESKTOP-KPAMGTB","module":"binance","assets":22,"msg":"balance"}
{"level":30,"time":1774218064349,"pid":3288,"hostname":"DESKTOP-KPAMGTB","module":"binance","assets":22,"msg":"balance"}
{"level":30,"time":1774218172472,"pid":3288,"hostname":"DESKTOP-KPAMGTB","module":"binance","assets":22,"msg":"balance"}
{"level":30,"time":1774218237791,"pid":3288,"hostname":"DESKTOP-KPAMGTB","module":"binance","assets":22,"msg":"balance"}
{"level":30,"time":1774218248060,"pid":3288,"hostname":"DESKTOP-KPAMGTB","module":"binance","assets":22,"msg":"balance"}
{"level":30,"time":1774218308881,"pid":3288,"hostname":"DESKTOP-KPAMGTB","module":"binance","assets":22,"msg":"balance"}
{"level":30,"time":1774218358232,"pid":3288,"hostname":"DESKTOP-KPAMGTB","module":"binance","assets":22,"msg":"balance"}
{"level":30,"time":1774218389585,"pid":3288,"hostname":"DESKTOP-KPAMGTB","module":"binance","assets":22,"msg":"balance"}
{"level":30,"time":1774218580305,"pid":3288,"hostname":"DESKTOP-KPAMGTB","module":"binance","assets":22,"msg":"balance"}
{"level":30,"time":1774218609141,"pid":3288,"hostname":"DESKTOP-KPAMGTB","module":"binance","assets":22,"msg":"balance"}
{"level":30,"time":1774218655940,"pid":3288,"hostname":"DESKTOP-KPAMGTB","module":"binance","assets":22,"msg":"balance"}
{"level":30,"time":1774218712079,"pid":3288,"hostname":"DESKTOP-KPAMGTB","module":"binance","assets":22,"msg":"balance"}
{"level":30,"time":1774218773020,"pid":3288,"hostname":"DESKTOP-KPAMGTB","module":"binance","assets":22,"msg":"balance"}
{"level":30,"time":1774218833485,"pid":3288,"hostname":"DESKTOP-KPAMGTB","module":"binance","assets":22,"msg":"balance"}
{"level":30,"time":1774218869755,"pid":3288,"hostname":"DESKTOP-KPAMGTB","module":"binance","assets":22,"msg":"balance"}
{"level":30,"time":1774218910189,"pid":3288,"hostname":"DESKTOP-KPAMGTB","module":"binance","assets":22,"msg":"balance"}
{"level":30,"time":1774218971270,"pid":3288,"hostname":"DESKTOP-KPAMGTB","module":"binance","assets":22,"msg":"balance"}
{"level":30,"time":1774219032462,"pid":3288,"hostname":"DESKTOP-KPAMGTB","module":"binance","assets":22,"msg":"balance"}
{"level":30,"time":1774219042744,"pid":3288,"hostname":"DESKTOP-KPAMGTB","module":"binance","assets":22,"msg":"balance"}
{"level":30,"time":1774219102784,"pid":3288,"hostname":"DESKTOP-KPAMGTB","module":"binance","assets":22,"msg":"balance"}
{"level":30,"time":1774219111982,"pid":3288,"hostname":"DESKTOP-KPAMGTB","module":"binance","assets":22,"msg":"balance"}
{"level":30,"time":1774219137939,"pid":3288,"hostname":"DESKTOP-KPAMGTB","module":"binance","assets":22,"msg":"balance"}
{"level":30,"time":1774219153613,"pid":3288,"hostname":"DESKTOP-KPAMGTB","module":"binance","assets":22,"msg":"balance"}
{"level":30,"time":1774219155997,"pid":3288,"hostname":"DESKTOP-KPAMGTB","module":"binance","assets":22,"msg":"balance"}
{"level":30,"time":1774219158463,"pid":3288,"hostname":"DESKTOP-KPAMGTB","module":"binance","assets":22,"msg":"balance"}
{"level":30,"time":1774219160750,"pid":3288,"hostname":"DESKTOP-KPAMGTB","module":"binance","assets":22,"msg":"balance"}
{"level":30,"time":1774219175066,"pid":3288,"hostname":"DESKTOP-KPAMGTB","module":"binance","assets":22,"msg":"balance"}
{"level":30,"time":1774219236506,"pid":3288,"hostname":"DESKTOP-KPAMGTB","module":"binance","assets":22,"msg":"balance"}
{"level":30,"time":1774219247170,"pid":3288,"hostname":"DESKTOP-KPAMGTB","module":"binance","assets":22,"msg":"balance"}
{"level":30,"time":1774219308261,"pid":3288,"hostname":"DESKTOP-KPAMGTB","module":"binance","assets":22,"msg":"balance"}
{"level":30,"time":1774219312887,"pid":3288,"hostname":"DESKTOP-KPAMGTB","module":"binance","assets":22,"msg":"balance"}
{"level":30,"time":1774219370849,"pid":3288,"hostname":"DESKTOP-KPAMGTB","module":"binance","assets":22,"msg":"balance"}
{"level":30,"time":1774219377864,"pid":3288,"hostname":"DESKTOP-KPAMGTB","module":"binance","assets":22,"msg":"balance"}
{"level":30,"time":1774219391320,"pid":3288,"hostname":"DESKTOP-KPAMGTB","module":"binance","assets":22,"msg":"balance"}
{"level":30,"time":1774219401039,"pid":3288,"hostname":"DESKTOP-KPAMGTB","module":"binance","assets":22,"msg":"balance"}
{"level":30,"time":1774219437151,"pid":3288,"hostname":"DESKTOP-KPAMGTB","module":"binance","assets":22,"msg":"balance"}
{"level":30,"time":1774219489968,"pid":3288,"hostname":"DESKTOP-KPAMGTB","module":"binance","assets":22,"msg":"balance"}
{"level":30,"time":1774219511221,"pid":3288,"hostname":"DESKTOP-KPAMGTB","module":"binance","assets":22,"msg":"balance"}
{"level":30,"time":1774219513974,"pid":3288,"hostname":"DESKTOP-KPAMGTB","module":"binance","assets":22,"msg":"balance"}
{"level":30,"time":1774219516255,"pid":3288,"hostname":"DESKTOP-KPAMGTB","module":"binance","assets":22,"msg":"balance"}
{"level":30,"time":1774219519064,"pid":3288,"hostname":"DESKTOP-KPAMGTB","module":"binance","assets":22,"msg":"balance"}
{"level":30,"time":1774219530912,"pid":3288,"hostname":"DESKTOP-KPAMGTB","module":"binance","assets":22,"msg":"balance"}
{"level":30,"time":1774219537984,"pid":3288,"hostname":"DESKTOP-KPAMGTB","module":"binance","assets":22,"msg":"balance"}
{"level":30,"time":1774219579866,"pid":3288,"hostname":"DESKTOP-KPAMGTB","module":"binance","assets":22,"msg":"balance"}
{"level":30,"time":1774219583518,"pid":3288,"hostname":"DESKTOP-KPAMGTB","module":"binance","assets":22,"msg":"balance"}
{"level":30,"time":1774219608044,"pid":3288,"hostname":"DESKTOP-KPAMGTB","module":"binance","assets":22,"msg":"balance"}
{"level":30,"time":1774219610383,"pid":3288,"hostname":"DESKTOP-KPAMGTB","module":"binance","assets":22,"msg":"balance"}
{"level":30,"time":1774219628986,"pid":3288,"hostname":"DESKTOP-KPAMGTB","module":"binance","assets":22,"msg":"balance"}
{"level":30,"time":1774219645710,"pid":3288,"hostname":"DESKTOP-KPAMGTB","module":"binance","assets":22,"msg":"balance"}
{"level":30,"time":1774219648692,"pid":3288,"hostname":"DESKTOP-KPAMGTB","module":"binance","assets":22,"msg":"balance"}
{"level":30,"time":1774219659940,"pid":3288,"hostname":"DESKTOP-KPAMGTB","module":"binance","assets":22,"msg":"balance"}
{"level":30,"time":1774219671822,"pid":3288,"hostname":"DESKTOP-KPAMGTB","module":"binance","assets":22,"msg":"balance"}
{"level":30,"time":1774219679344,"pid":3288,"hostname":"DESKTOP-KPAMGTB","module":"binance","assets":22,"msg":"balance"}
{"level":30,"time":1774219720825,"pid":3288,"hostname":"DESKTOP-KPAMGTB","module":"binance","assets":22,"msg":"balance"}
{"level":30,"time":1774219728222,"pid":3288,"hostname":"DESKTOP-KPAMGTB","module":"binance","assets":22,"msg":"balance"}
{"level":30,"time":1774219732359,"pid":3288,"hostname":"DESKTOP-KPAMGTB","module":"binance","assets":22,"msg":"balance"}
{"level":30,"time":1774219740642,"pid":3288,"hostname":"DESKTOP-KPAMGTB","module":"binance","assets":22,"msg":"balance"}
{"level":30,"time":1774219747108,"pid":3288,"hostname":"DESKTOP-KPAMGTB","module":"binance","assets":22,"msg":"balance"}
{"level":30,"time":1774219765132,"pid":3288,"hostname":"DESKTOP-KPAMGTB","module":"binance","assets":22,"msg":"balance"}
{"level":30,"time":1774219779311,"pid":3288,"hostname":"DESKTOP-KPAMGTB","module":"binance","assets":22,"msg":"balance"}
{"level":30,"time":1774219783278,"pid":3288,"hostname":"DESKTOP-KPAMGTB","module":"binance","assets":22,"msg":"balance"}
{"level":30,"time":1774219793335,"pid":3288,"hostname":"DESKTOP-KPAMGTB","module":"binance","assets":22,"msg":"balance"}
{"level":30,"time":1774219802170,"pid":3288,"hostname":"DESKTOP-KPAMGTB","module":"binance","assets":22,"msg":"balance"}
{"level":30,"time":1774219826404,"pid":3288,"hostname":"DESKTOP-KPAMGTB","module":"binance","assets":22,"msg":"balance"}
{"level":30,"time":1774219831696,"pid":3288,"hostname":"DESKTOP-KPAMGTB","module":"binance","assets":22,"msg":"balance"}
{"level":30,"time":1774219838392,"pid":3288,"hostname":"DESKTOP-KPAMGTB","module":"binance","assets":22,"msg":"balance"}
{"level":30,"time":1774219869825,"pid":3288,"hostname":"DESKTOP-KPAMGTB","module":"binance","assets":22,"msg":"balance"}
{"level":30,"time":1774219885464,"pid":3288,"hostname":"DESKTOP-KPAMGTB","module":"binance","assets":22,"msg":"balance"}
{"level":30,"time":1774219887255,"pid":3288,"hostname":"DESKTOP-KPAMGTB","module":"binance","assets":22,"msg":"balance"}
{"level":30,"time":1774219918479,"pid":3288,"hostname":"DESKTOP-KPAMGTB","module":"binance","assets":22,"msg":"balance"}
{"level":30,"time":1774219949824,"pid":3288,"hostname":"DESKTOP-KPAMGTB","module":"binance","assets":22,"msg":"balance"}
{"level":30,"time":1774219950558,"pid":3288,"hostname":"DESKTOP-KPAMGTB","module":"binance","assets":22,"msg":"balance"}
{"level":30,"time":1774219952659,"pid":3288,"hostname":"DESKTOP-KPAMGTB","module":"binance","assets":22,"msg":"balance"}
{"level":30,"time":1774219974211,"pid":3288,"hostname":"DESKTOP-KPAMGTB","module":"binance","assets":22,"msg":"balance"}
{"level":30,"time":1774219979488,"pid":3288,"hostname":"DESKTOP-KPAMGTB","module":"binance","assets":22,"msg":"balance"}
{"level":30,"time":1774219982677,"pid":3288,"hostname":"DESKTOP-KPAMGTB","module":"binance","assets":22,"msg":"balance"}
{"level":30,"time":1774220037955,"pid":3288,"hostname":"DESKTOP-KPAMGTB","module":"binance","assets":22,"msg":"balance"}
{"level":30,"time":1774220055155,"pid":3288,"hostname":"DESKTOP-KPAMGTB","module":"binance","assets":22,"msg":"balance"}
{"level":30,"time":1774220085113,"pid":3288,"hostname":"DESKTOP-KPAMGTB","module":"binance","assets":22,"msg":"balance"}
{"level":30,"time":1774220097314,"pid":3288,"hostname":"DESKTOP-KPAMGTB","module":"binance","assets":22,"msg":"balance"}
{"level":30,"time":1774220099463,"pid":3288,"hostname":"DESKTOP-KPAMGTB","module":"binance","assets":22,"msg":"balance"}
{"level":30,"time":1774220118464,"pid":3288,"hostname":"DESKTOP-KPAMGTB","module":"binance","assets":22,"msg":"balance"}
{"level":30,"time":1774220132910,"pid":3288,"hostname":"DESKTOP-KPAMGTB","module":"binance","assets":22,"msg":"balance"}
{"level":30,"time":1774220143053,"pid":3288,"hostname":"DESKTOP-KPAMGTB","module":"binance","assets":22,"msg":"balance"}
{"level":30,"time":1774220148620,"pid":3288,"hostname":"DESKTOP-KPAMGTB","module":"binance","assets":22,"msg":"balance"}
{"level":30,"time":1774220193808,"pid":3288,"hostname":"DESKTOP-KPAMGTB","module":"binance","assets":22,"msg":"balance"}
{"level":30,"time":1774220213836,"pid":3288,"hostname":"DESKTOP-KPAMGTB","module":"binance","assets":22,"msg":"balance"}
{"level":30,"time":1774220224682,"pid":3288,"hostname":"DESKTOP-KPAMGTB","module":"binance","assets":22,"msg":"balance"}
{"level":30,"time":1774220226236,"pid":3288,"hostname":"DESKTOP-KPAMGTB","module":"binance","assets":22,"msg":"balance"}
{"level":30,"time":1774220228332,"pid":3288,"hostname":"DESKTOP-KPAMGTB","module":"binance","assets":22,"msg":"balance"}
{"level":30,"time":1774220231083,"pid":3288,"hostname":"DESKTOP-KPAMGTB","module":"binance","assets":22,"msg":"balance"}
{"level":30,"time":1774220234260,"pid":3288,"hostname":"DESKTOP-KPAMGTB","module":"binance","assets":22,"msg":"balance"}
{"level":30,"time":1774220236301,"pid":3288,"hostname":"DESKTOP-KPAMGTB","module":"binance","assets":22,"msg":"balance"}
{"level":30,"time":1774220254756,"pid":3288,"hostname":"DESKTOP-KPAMGTB","module":"binance","assets":22,"msg":"balance"}
{"level":30,"time":1774220256632,"pid":3288,"hostname":"DESKTOP-KPAMGTB","module":"binance","assets":22,"msg":"balance"}
{"level":30,"time":1774220265458,"pid":3288,"hostname":"DESKTOP-KPAMGTB","module":"binance","assets":22,"msg":"balance"}
{"level":30,"time":1774220295569,"pid":3288,"hostname":"DESKTOP-KPAMGTB","module":"binance","assets":22,"msg":"balance"}
{"level":30,"time":1774220325767,"pid":3288,"hostname":"DESKTOP-KPAMGTB","module":"binance","assets":22,"msg":"balance"}
{"level":30,"time":1774220341514,"pid":3288,"hostname":"DESKTOP-KPAMGTB","module":"binance","assets":22,"msg":"balance"}
{"level":30,"time":1774220367815,"pid":3288,"hostname":"DESKTOP-KPAMGTB","module":"binance","assets":22,"msg":"balance"}
{"level":30,"time":1774220381482,"pid":3288,"hostname":"DESKTOP-KPAMGTB","module":"binance","assets":22,"msg":"balance"}
{"level":30,"time":1774220398991,"pid":3288,"hostname":"DESKTOP-KPAMGTB","module":"binance","assets":22,"msg":"balance"}
{"level":30,"time":1774220401010,"pid":3288,"hostname":"DESKTOP-KPAMGTB","module":"telegram","msg":"informe horari enviat"}
{"level":30,"time":1774220442280,"pid":3288,"hostname":"DESKTOP-KPAMGTB","module":"binance","assets":22,"msg":"balance"}
{"level":30,"time":1774220503122,"pid":3288,"hostname":"DESKTOP-KPAMGTB","module":"binance","assets":22,"msg":"balance"}
{"level":30,"time":1774220559857,"pid":45104,"hostname":"DESKTOP-KPAMGTB","module":"order-monitor","msg":"monitor iniciat"}
{"level":30,"time":1774220559871,"pid":45104,"hostname":"DESKTOP-KPAMGTB","module":"telegram","nextHourIn":57,"nextDailyIn":447,"msg":"scheduler iniciat"}
{"level":30,"time":1774220559877,"pid":45104,"hostname":"DESKTOP-KPAMGTB","module":"orders","symbol":"BTCUSDT","thresholds":[{"windowMin":5,"pct":5},{"windowMin":15,"pct":8},{"windowMin":60,"pct":12}],"pollMs":60000,"msg":"Crash monitor iniciat"}
{"level":30,"time":1774220559883,"pid":45104,"hostname":"DESKTOP-KPAMGTB","module":"auto-trader","msg":"auto-trader multi-bot iniciat (poll 60s)"}
{"level":30,"time":1774220561258,"pid":45104,"hostname":"DESKTOP-KPAMGTB","module":"order-monitor","count":1,"msg":"inicialitzat"}
{"level":30,"time":1774220561283,"pid":45104,"hostname":"DESKTOP-KPAMGTB","module":"binance","assets":22,"msg":"balance"}
{"level":30,"time":1774220563687,"pid":45104,"hostname":"DESKTOP-KPAMGTB","module":"binance","assets":22,"msg":"balance"}
{"level":30,"time":1774220624434,"pid":45104,"hostname":"DESKTOP-KPAMGTB","module":"binance","assets":22,"msg":"balance"}
{"level":30,"time":1774220685603,"pid":45104,"hostname":"DESKTOP-KPAMGTB","module":"binance","assets":22,"msg":"balance"}
{"level":30,"time":1774220715803,"pid":45104,"hostname":"DESKTOP-KPAMGTB","module":"binance","assets":22,"msg":"balance"}
{"level":30,"time":1774220746046,"pid":45104,"hostname":"DESKTOP-KPAMGTB","module":"binance","assets":22,"msg":"balance"}
{"level":30,"time":1774220770907,"pid":45104,"hostname":"DESKTOP-KPAMGTB","module":"binance","assets":22,"msg":"balance"}
{"level":30,"time":1774220771009,"pid":45104,"hostname":"DESKTOP-KPAMGTB","module":"binance","assets":22,"msg":"balance"}
{"level":30,"time":1774220776266,"pid":45104,"hostname":"DESKTOP-KPAMGTB","module":"binance","assets":22,"msg":"balance"}
{"level":30,"time":1774220796111,"pid":45104,"hostname":"DESKTOP-KPAMGTB","module":"binance","assets":22,"msg":"balance"}
{"level":30,"time":1774220798156,"pid":45104,"hostname":"DESKTOP-KPAMGTB","module":"binance","assets":22,"msg":"balance"}
{"level":30,"time":1774220808587,"pid":45104,"hostname":"DESKTOP-KPAMGTB","module":"binance","assets":22,"msg":"balance"}
{"level":30,"time":1774220808717,"pid":45104,"hostname":"DESKTOP-KPAMGTB","module":"binance","assets":22,"msg":"balance"}
{"level":30,"time":1774220819239,"pid":45104,"hostname":"DESKTOP-KPAMGTB","module":"binance","assets":22,"msg":"balance"}
{"level":30,"time":1774220821267,"pid":45104,"hostname":"DESKTOP-KPAMGTB","module":"binance","assets":22,"msg":"balance"}
{"level":30,"time":1774220823636,"pid":45104,"hostname":"DESKTOP-KPAMGTB","module":"binance","assets":22,"msg":"balance"}
{"level":30,"time":1774220836906,"pid":45104,"hostname":"DESKTOP-KPAMGTB","module":"binance","assets":22,"msg":"balance"}
{"level":30,"time":1774220867168,"pid":45104,"hostname":"DESKTOP-KPAMGTB","module":"binance","assets":22,"msg":"balance"}
{"level":30,"time":1774220897608,"pid":45104,"hostname":"DESKTOP-KPAMGTB","module":"binance","assets":22,"msg":"balance"}
{"level":30,"time":1774220921687,"pid":45104,"hostname":"DESKTOP-KPAMGTB","module":"binance","assets":22,"msg":"balance"}
{"level":30,"time":1774220928102,"pid":45104,"hostname":"DESKTOP-KPAMGTB","module":"binance","assets":22,"msg":"balance"}
{"level":30,"time":1774220949288,"pid":45104,"hostname":"DESKTOP-KPAMGTB","module":"binance","assets":22,"msg":"balance"}
{"level":30,"time":1774220957960,"pid":45104,"hostname":"DESKTOP-KPAMGTB","module":"binance","assets":22,"msg":"balance"}
{"level":30,"time":1774220975396,"pid":45104,"hostname":"DESKTOP-KPAMGTB","module":"binance","assets":22,"msg":"balance"}
{"level":30,"time":1774220988232,"pid":45104,"hostname":"DESKTOP-KPAMGTB","module":"binance","assets":22,"msg":"balance"}
{"level":30,"time":1774221004646,"pid":45104,"hostname":"DESKTOP-KPAMGTB","module":"binance","assets":22,"msg":"balance"}
{"level":30,"time":1774221018528,"pid":45104,"hostname":"DESKTOP-KPAMGTB","module":"binance","assets":22,"msg":"balance"}
{"level":30,"time":1774221036381,"pid":45104,"hostname":"DESKTOP-KPAMGTB","module":"binance","assets":22,"msg":"balance"}
{"level":30,"time":1774221048838,"pid":45104,"hostname":"DESKTOP-KPAMGTB","module":"binance","assets":22,"msg":"balance"}
{"level":30,"time":1774221079819,"pid":45104,"hostname":"DESKTOP-KPAMGTB","module":"binance","assets":22,"msg":"balance"}
{"level":30,"time":1774221109489,"pid":45104,"hostname":"DESKTOP-KPAMGTB","module":"binance","assets":22,"msg":"balance"}
{"level":30,"time":1774221139713,"pid":45104,"hostname":"DESKTOP-KPAMGTB","module":"binance","assets":22,"msg":"balance"}
{"level":30,"time":1774221170069,"pid":45104,"hostname":"DESKTOP-KPAMGTB","module":"binance","assets":22,"msg":"balance"}
{"level":30,"time":1774221201183,"pid":45104,"hostname":"DESKTOP-KPAMGTB","module":"binance","assets":22,"msg":"balance"}
{"level":30,"time":1774221230677,"pid":45104,"hostname":"DESKTOP-KPAMGTB","module":"binance","assets":22,"msg":"balance"}
{"level":30,"time":1774221261023,"pid":45104,"hostname":"DESKTOP-KPAMGTB","module":"binance","assets":22,"msg":"balance"}
{"level":30,"time":1774221291130,"pid":45104,"hostname":"DESKTOP-KPAMGTB","module":"binance","assets":22,"msg":"balance"}
{"level":30,"time":1774221322083,"pid":45104,"hostname":"DESKTOP-KPAMGTB","module":"binance","assets":22,"msg":"balance"}
{"level":30,"time":1774221351631,"pid":45104,"hostname":"DESKTOP-KPAMGTB","module":"binance","assets":22,"msg":"balance"}
{"level":30,"time":1774221382055,"pid":45104,"hostname":"DESKTOP-KPAMGTB","module":"binance","assets":22,"msg":"balance"}
{"level":30,"time":1774221412173,"pid":45104,"hostname":"DESKTOP-KPAMGTB","module":"binance","assets":22,"msg":"balance"}
{"level":30,"time":1774221442689,"pid":45104,"hostname":"DESKTOP-KPAMGTB","module":"binance","assets":22,"msg":"balance"}
{"level":30,"time":1774221460560,"pid":45104,"hostname":"DESKTOP-KPAMGTB","module":"binance","assets":22,"msg":"balance"}
{"level":30,"time":1774221472576,"pid":45104,"hostname":"DESKTOP-KPAMGTB","module":"binance","assets":22,"msg":"balance"}
{"level":30,"time":1774221490566,"pid":45104,"hostname":"DESKTOP-KPAMGTB","module":"binance","assets":22,"msg":"balance"}
{"level":30,"time":1774221499887,"pid":45104,"hostname":"DESKTOP-KPAMGTB","module":"binance","assets":22,"msg":"balance"}
{"level":30,"time":1774221502432,"pid":45104,"hostname":"DESKTOP-KPAMGTB","module":"binance","assets":22,"msg":"balance"}
{"level":30,"time":1774221533213,"pid":45104,"hostname":"DESKTOP-KPAMGTB","module":"binance","assets":22,"msg":"balance"}
{"level":30,"time":1774221564218,"pid":45104,"hostname":"DESKTOP-KPAMGTB","module":"binance","assets":22,"msg":"balance"}
{"level":30,"time":1774221594143,"pid":45104,"hostname":"DESKTOP-KPAMGTB","module":"binance","assets":22,"msg":"balance"}
{"level":30,"time":1774221624420,"pid":45104,"hostname":"DESKTOP-KPAMGTB","module":"binance","assets":22,"msg":"balance"}
{"level":30,"time":1774221654871,"pid":45104,"hostname":"DESKTOP-KPAMGTB","module":"binance","assets":22,"msg":"balance"}
{"level":30,"time":1774221681721,"pid":45104,"hostname":"DESKTOP-KPAMGTB","module":"binance","assets":22,"msg":"balance"}
{"level":30,"time":1774221684948,"pid":45104,"hostname":"DESKTOP-KPAMGTB","module":"binance","assets":22,"msg":"balance"}
{"level":30,"time":1774221687469,"pid":45104,"hostname":"DESKTOP-KPAMGTB","module":"binance","assets":22,"msg":"balance"}
{"level":30,"time":1774221715051,"pid":45104,"hostname":"DESKTOP-KPAMGTB","module":"binance","assets":22,"msg":"balance"}
{"level":30,"time":1774221745416,"pid":45104,"hostname":"DESKTOP-KPAMGTB","module":"binance","assets":22,"msg":"balance"}
{"level":30,"time":1774221763317,"pid":45104,"hostname":"DESKTOP-KPAMGTB","module":"binance","assets":22,"msg":"balance"}
{"level":30,"time":1774221776368,"pid":45104,"hostname":"DESKTOP-KPAMGTB","module":"binance","assets":22,"msg":"balance"}
{"level":30,"time":1774221807355,"pid":45104,"hostname":"DESKTOP-KPAMGTB","module":"binance","assets":22,"msg":"balance"}
{"level":30,"time":1774221812197,"pid":45104,"hostname":"DESKTOP-KPAMGTB","module":"binance","assets":22,"msg":"balance"}
{"level":30,"time":1774221837303,"pid":45104,"hostname":"DESKTOP-KPAMGTB","module":"binance","assets":22,"msg":"balance"}
{"level":30,"time":1774221842814,"pid":45104,"hostname":"DESKTOP-KPAMGTB","module":"binance","assets":22,"msg":"balance"}
{"level":30,"time":1774221867583,"pid":45104,"hostname":"DESKTOP-KPAMGTB","module":"binance","assets":22,"msg":"balance"}
{"level":30,"time":1774221872882,"pid":45104,"hostname":"DESKTOP-KPAMGTB","module":"binance","assets":22,"msg":"balance"}
{"level":30,"time":1774221897667,"pid":45104,"hostname":"DESKTOP-KPAMGTB","module":"binance","assets":22,"msg":"balance"}
{"level":30,"time":1774221902421,"pid":45104,"hostname":"DESKTOP-KPAMGTB","module":"binance","assets":22,"msg":"balance"}
{"level":30,"time":1774221928804,"pid":45104,"hostname":"DESKTOP-KPAMGTB","module":"binance","assets":22,"msg":"balance"}
{"level":30,"time":1774221932352,"pid":45104,"hostname":"DESKTOP-KPAMGTB","module":"binance","assets":22,"msg":"balance"}
{"level":30,"time":1774221958306,"pid":45104,"hostname":"DESKTOP-KPAMGTB","module":"binance","assets":22,"msg":"balance"}
{"level":30,"time":1774221959090,"pid":45104,"hostname":"DESKTOP-KPAMGTB","module":"binance","assets":22,"msg":"balance"}
{"level":30,"time":1774221989489,"pid":45104,"hostname":"DESKTOP-KPAMGTB","module":"binance","assets":22,"msg":"balance"}
{"level":30,"time":1774222019792,"pid":45104,"hostname":"DESKTOP-KPAMGTB","module":"binance","assets":22,"msg":"balance"}
{"level":30,"time":1774222019838,"pid":45104,"hostname":"DESKTOP-KPAMGTB","module":"binance","assets":22,"msg":"balance"}
{"level":30,"time":1774222050530,"pid":45104,"hostname":"DESKTOP-KPAMGTB","module":"binance","assets":22,"msg":"balance"}
{"level":30,"time":1774222079279,"pid":45104,"hostname":"DESKTOP-KPAMGTB","module":"binance","assets":22,"msg":"balance"}
{"level":30,"time":1774222080564,"pid":45104,"hostname":"DESKTOP-KPAMGTB","module":"binance","assets":22,"msg":"balance"}
{"level":30,"time":1774222110773,"pid":45104,"hostname":"DESKTOP-KPAMGTB","module":"binance","assets":22,"msg":"balance"}
{"level":30,"time":1774222139422,"pid":45104,"hostname":"DESKTOP-KPAMGTB","module":"binance","assets":22,"msg":"balance"}
{"level":30,"time":1774222140545,"pid":45104,"hostname":"DESKTOP-KPAMGTB","module":"binance","assets":22,"msg":"balance"}
{"level":30,"time":1774222171618,"pid":45104,"hostname":"DESKTOP-KPAMGTB","module":"binance","assets":22,"msg":"balance"}
{"level":30,"time":1774222200356,"pid":45104,"hostname":"DESKTOP-KPAMGTB","module":"binance","assets":22,"msg":"balance"}
{"level":30,"time":1774222201337,"pid":45104,"hostname":"DESKTOP-KPAMGTB","module":"binance","assets":22,"msg":"balance"}
{"level":30,"time":1774222232333,"pid":45104,"hostname":"DESKTOP-KPAMGTB","module":"binance","assets":22,"msg":"balance"}
{"level":30,"time":1774222262497,"pid":45104,"hostname":"DESKTOP-KPAMGTB","module":"binance","assets":22,"msg":"balance"}
{"level":30,"time":1774222293542,"pid":45104,"hostname":"DESKTOP-KPAMGTB","module":"binance","assets":22,"msg":"balance"}
{"level":30,"time":1774222323448,"pid":45104,"hostname":"DESKTOP-KPAMGTB","module":"binance","assets":22,"msg":"balance"}
{"level":30,"time":1774222353970,"pid":45104,"hostname":"DESKTOP-KPAMGTB","module":"binance","assets":22,"msg":"balance"}
{"level":30,"time":1774222360566,"pid":45104,"hostname":"DESKTOP-KPAMGTB","module":"binance","assets":22,"msg":"balance"}
{"level":30,"time":1774222384113,"pid":45104,"hostname":"DESKTOP-KPAMGTB","module":"binance","assets":22,"msg":"balance"}
{"level":30,"time":1774222415280,"pid":45104,"hostname":"DESKTOP-KPAMGTB","module":"binance","assets":22,"msg":"balance"}
{"level":30,"time":1774222444999,"pid":45104,"hostname":"DESKTOP-KPAMGTB","module":"binance","assets":22,"msg":"balance"}
{"level":30,"time":1774222475451,"pid":45104,"hostname":"DESKTOP-KPAMGTB","module":"binance","assets":22,"msg":"balance"}
{"level":30,"time":1774222505804,"pid":45104,"hostname":"DESKTOP-KPAMGTB","module":"binance","assets":22,"msg":"balance"}
{"level":30,"time":1774222536535,"pid":45104,"hostname":"DESKTOP-KPAMGTB","module":"binance","assets":22,"msg":"balance"}
{"level":30,"time":1774222566725,"pid":45104,"hostname":"DESKTOP-KPAMGTB","module":"binance","assets":22,"msg":"balance"}
{"level":30,"time":1774222597528,"pid":45104,"hostname":"DESKTOP-KPAMGTB","module":"binance","assets":22,"msg":"balance"}
{"level":30,"time":1774222627736,"pid":45104,"hostname":"DESKTOP-KPAMGTB","module":"binance","assets":22,"msg":"balance"}
{"level":30,"time":1774222658935,"pid":45104,"hostname":"DESKTOP-KPAMGTB","module":"binance","assets":22,"msg":"balance"}
{"level":30,"time":1774222688229,"pid":45104,"hostname":"DESKTOP-KPAMGTB","module":"binance","assets":22,"msg":"balance"}
{"level":30,"time":1774222718419,"pid":45104,"hostname":"DESKTOP-KPAMGTB","module":"binance","assets":22,"msg":"balance"}
{"level":30,"time":1774222748537,"pid":45104,"hostname":"DESKTOP-KPAMGTB","module":"binance","assets":22,"msg":"balance"}
{"level":30,"time":1774222778860,"pid":45104,"hostname":"DESKTOP-KPAMGTB","module":"binance","assets":22,"msg":"balance"}
{"level":30,"time":1774222809115,"pid":45104,"hostname":"DESKTOP-KPAMGTB","module":"binance","assets":22,"msg":"balance"}
{"level":30,"time":1774222839629,"pid":45104,"hostname":"DESKTOP-KPAMGTB","module":"binance","assets":22,"msg":"balance"}
{"level":30,"time":1774222869608,"pid":45104,"hostname":"DESKTOP-KPAMGTB","module":"binance","assets":22,"msg":"balance"}
{"level":30,"time":1774222899852,"pid":45104,"hostname":"DESKTOP-KPAMGTB","module":"binance","assets":22,"msg":"balance"}
{"level":30,"time":1774222930754,"pid":45104,"hostname":"DESKTOP-KPAMGTB","module":"binance","assets":22,"msg":"balance"}
{"level":30,"time":1774222960259,"pid":45104,"hostname":"DESKTOP-KPAMGTB","module":"binance","assets":22,"msg":"balance"}
{"level":30,"time":1774222990688,"pid":45104,"hostname":"DESKTOP-KPAMGTB","module":"binance","assets":22,"msg":"balance"}
{"level":30,"time":1774223021052,"pid":45104,"hostname":"DESKTOP-KPAMGTB","module":"binance","assets":22,"msg":"balance"}
{"level":30,"time":1774223051069,"pid":45104,"hostname":"DESKTOP-KPAMGTB","module":"binance","assets":22,"msg":"balance"}
{"level":30,"time":1774223081119,"pid":45104,"hostname":"DESKTOP-KPAMGTB","module":"binance","assets":22,"msg":"balance"}
{"level":30,"time":1774223111467,"pid":45104,"hostname":"DESKTOP-KPAMGTB","module":"binance","assets":22,"msg":"balance"}
{"level":30,"time":1774223141613,"pid":45104,"hostname":"DESKTOP-KPAMGTB","module":"binance","assets":22,"msg":"balance"}
{"level":30,"time":1774223172469,"pid":45104,"hostname":"DESKTOP-KPAMGTB","module":"binance","assets":22,"msg":"balance"}
{"level":30,"time":1774223201943,"pid":45104,"hostname":"DESKTOP-KPAMGTB","module":"binance","assets":22,"msg":"balance"}
{"level":30,"time":1774223232295,"pid":45104,"hostname":"DESKTOP-KPAMGTB","module":"binance","assets":22,"msg":"balance"}
{"level":30,"time":1774223260075,"pid":45104,"hostname":"DESKTOP-KPAMGTB","module":"binance","assets":22,"msg":"balance"}
{"level":30,"time":1774223261993,"pid":45104,"hostname":"DESKTOP-KPAMGTB","module":"binance","assets":22,"msg":"balance"}
{"level":30,"time":1774223293322,"pid":45104,"hostname":"DESKTOP-KPAMGTB","module":"binance","assets":22,"msg":"balance"}
{"level":30,"time":1774223323098,"pid":45104,"hostname":"DESKTOP-KPAMGTB","module":"binance","assets":22,"msg":"balance"}
{"level":30,"time":1774223353100,"pid":45104,"hostname":"DESKTOP-KPAMGTB","module":"binance","assets":22,"msg":"balance"}
{"level":30,"time":1774223382738,"pid":45104,"hostname":"DESKTOP-KPAMGTB","module":"binance","assets":22,"msg":"balance"}
{"level":30,"time":1774223414043,"pid":45104,"hostname":"DESKTOP-KPAMGTB","module":"binance","assets":22,"msg":"balance"}
{"level":30,"time":1774223443759,"pid":45104,"hostname":"DESKTOP-KPAMGTB","module":"binance","assets":22,"msg":"balance"}
{"level":30,"time":1774223474189,"pid":45104,"hostname":"DESKTOP-KPAMGTB","module":"binance","assets":22,"msg":"balance"}
{"level":30,"time":1774223504355,"pid":45104,"hostname":"DESKTOP-KPAMGTB","module":"binance","assets":22,"msg":"balance"}
{"level":30,"time":1774223535071,"pid":45104,"hostname":"DESKTOP-KPAMGTB","module":"binance","assets":22,"msg":"balance"}
{"level":30,"time":1774223564965,"pid":45104,"hostname":"DESKTOP-KPAMGTB","module":"binance","assets":22,"msg":"balance"}
{"level":30,"time":1774223595195,"pid":45104,"hostname":"DESKTOP-KPAMGTB","module":"binance","assets":22,"msg":"balance"}
{"level":30,"time":1774223625366,"pid":45104,"hostname":"DESKTOP-KPAMGTB","module":"binance","assets":22,"msg":"balance"}
{"level":30,"time":1774223655898,"pid":45104,"hostname":"DESKTOP-KPAMGTB","module":"binance","assets":22,"msg":"balance"}
{"level":30,"time":1774223685276,"pid":45104,"hostname":"DESKTOP-KPAMGTB","module":"binance","assets":22,"msg":"balance"}
{"level":30,"time":1774223716004,"pid":45104,"hostname":"DESKTOP-KPAMGTB","module":"binance","assets":22,"msg":"balance"}
{"level":30,"time":1774223745659,"pid":45104,"hostname":"DESKTOP-KPAMGTB","module":"binance","assets":22,"msg":"balance"}
{"level":30,"time":1774223776288,"pid":45104,"hostname":"DESKTOP-KPAMGTB","module":"binance","assets":22,"msg":"balance"}
{"level":30,"time":1774223806647,"pid":45104,"hostname":"DESKTOP-KPAMGTB","module":"binance","assets":22,"msg":"balance"}
{"level":30,"time":1774223836710,"pid":45104,"hostname":"DESKTOP-KPAMGTB","module":"binance","assets":22,"msg":"balance"}
{"level":30,"time":1774223866937,"pid":45104,"hostname":"DESKTOP-KPAMGTB","module":"binance","assets":22,"msg":"balance"}
{"level":30,"time":1774223897404,"pid":45104,"hostname":"DESKTOP-KPAMGTB","module":"binance","assets":22,"msg":"balance"}
{"level":30,"time":1774223926861,"pid":45104,"hostname":"DESKTOP-KPAMGTB","module":"binance","assets":22,"msg":"balance"}
{"level":30,"time":1774223957667,"pid":45104,"hostname":"DESKTOP-KPAMGTB","module":"binance","assets":22,"msg":"balance"}
{"level":30,"time":1774223987892,"pid":45104,"hostname":"DESKTOP-KPAMGTB","module":"binance","assets":22,"msg":"balance"}
{"level":30,"time":1774224001414,"pid":45104,"hostname":"DESKTOP-KPAMGTB","module":"telegram","msg":"informe horari enviat"}
{"level":30,"time":1774224018101,"pid":45104,"hostname":"DESKTOP-KPAMGTB","module":"binance","assets":22,"msg":"balance"}
{"level":30,"time":1774224041162,"pid":45104,"hostname":"DESKTOP-KPAMGTB","module":"auto-trader","bot":"Solana i Bitcoin a 4 hores (454%)","interval":"4h","symbols":2,"minScore":60,"msg":"iniciant scan de bot"}
{"level":30,"time":1774224048541,"pid":45104,"hostname":"DESKTOP-KPAMGTB","module":"binance","assets":22,"msg":"balance"}
{"level":30,"time":1774224078655,"pid":45104,"hostname":"DESKTOP-KPAMGTB","module":"binance","assets":22,"msg":"balance"}
{"level":30,"time":1774224108875,"pid":45104,"hostname":"DESKTOP-KPAMGTB","module":"binance","assets":22,"msg":"balance"}
{"level":30,"time":1774224139105,"pid":45104,"hostname":"DESKTOP-KPAMGTB","module":"binance","assets":22,"msg":"balance"}
{"level":30,"time":1774224160726,"pid":45104,"hostname":"DESKTOP-KPAMGTB","module":"binance","assets":22,"msg":"balance"}
{"level":30,"time":1774224169922,"pid":45104,"hostname":"DESKTOP-KPAMGTB","module":"binance","assets":22,"msg":"balance"}
{"level":30,"time":1774224199884,"pid":45104,"hostname":"DESKTOP-KPAMGTB","module":"binance","assets":22,"msg":"balance"}
{"level":30,"time":1774224229803,"pid":45104,"hostname":"DESKTOP-KPAMGTB","module":"binance","assets":22,"msg":"balance"}
{"level":30,"time":1774224260606,"pid":45104,"hostname":"DESKTOP-KPAMGTB","module":"binance","assets":22,"msg":"balance"}
{"level":30,"time":1774224291712,"pid":45104,"hostname":"DESKTOP-KPAMGTB","module":"binance","assets":22,"msg":"balance"}
{"level":30,"time":1774224321474,"pid":45104,"hostname":"DESKTOP-KPAMGTB","module":"binance","assets":22,"msg":"balance"}
{"level":30,"time":1774224351966,"pid":45104,"hostname":"DESKTOP-KPAMGTB","module":"binance","assets":22,"msg":"balance"}
{"level":30,"time":1774224382136,"pid":45104,"hostname":"DESKTOP-KPAMGTB","module":"binance","assets":22,"msg":"balance"}
{"level":30,"time":1774224412627,"pid":45104,"hostname":"DESKTOP-KPAMGTB","module":"binance","assets":22,"msg":"balance"}
{"level":30,"time":1774224442730,"pid":45104,"hostname":"DESKTOP-KPAMGTB","module":"binance","assets":22,"msg":"balance"}
{"level":30,"time":1774224472913,"pid":45104,"hostname":"DESKTOP-KPAMGTB","module":"binance","assets":22,"msg":"balance"}
{"level":30,"time":1774224503129,"pid":45104,"hostname":"DESKTOP-KPAMGTB","module":"binance","assets":22,"msg":"balance"}
{"level":30,"time":1774224533318,"pid":45104,"hostname":"DESKTOP-KPAMGTB","module":"binance","assets":22,"msg":"balance"}
{"level":30,"time":1774224563515,"pid":45104,"hostname":"DESKTOP-KPAMGTB","module":"binance","assets":22,"msg":"balance"}
{"level":30,"time":1774224594028,"pid":45104,"hostname":"DESKTOP-KPAMGTB","module":"binance","assets":22,"msg":"balance"}
{"level":30,"time":1774224623951,"pid":45104,"hostname":"DESKTOP-KPAMGTB","module":"binance","assets":22,"msg":"balance"}
{"level":30,"time":1774224654432,"pid":45104,"hostname":"DESKTOP-KPAMGTB","module":"binance","assets":22,"msg":"balance"}
{"level":30,"time":1774224684600,"pid":45104,"hostname":"DESKTOP-KPAMGTB","module":"binance","assets":22,"msg":"balance"}
{"level":30,"time":1774224714876,"pid":45104,"hostname":"DESKTOP-KPAMGTB","module":"binance","assets":22,"msg":"balance"}
{"level":30,"time":1774224745018,"pid":45104,"hostname":"DESKTOP-KPAMGTB","module":"binance","assets":22,"msg":"balance"}
{"level":30,"time":1774224775216,"pid":45104,"hostname":"DESKTOP-KPAMGTB","module":"binance","assets":22,"msg":"balance"}
{"level":30,"time":1774224805381,"pid":45104,"hostname":"DESKTOP-KPAMGTB","module":"binance","assets":22,"msg":"balance"}
{"level":30,"time":1774224835582,"pid":45104,"hostname":"DESKTOP-KPAMGTB","module":"binance","assets":22,"msg":"balance"}
{"level":30,"time":1774224865882,"pid":45104,"hostname":"DESKTOP-KPAMGTB","module":"binance","assets":22,"msg":"balance"}
{"level":30,"time":1774224896060,"pid":45104,"hostname":"DESKTOP-KPAMGTB","module":"binance","assets":22,"msg":"balance"}
{"level":30,"time":1774224926484,"pid":45104,"hostname":"DESKTOP-KPAMGTB","module":"binance","assets":22,"msg":"balance"}
{"level":30,"time":1774224956526,"pid":45104,"hostname":"DESKTOP-KPAMGTB","module":"binance","assets":22,"msg":"balance"}
{"level":30,"time":1774224986706,"pid":45104,"hostname":"DESKTOP-KPAMGTB","module":"binance","assets":22,"msg":"balance"}
{"level":30,"time":1774225016893,"pid":45104,"hostname":"DESKTOP-KPAMGTB","module":"binance","assets":22,"msg":"balance"}
{"level":30,"time":1774225047390,"pid":45104,"hostname":"DESKTOP-KPAMGTB","module":"binance","assets":22,"msg":"balance"}
{"level":30,"time":1774225060559,"pid":45104,"hostname":"DESKTOP-KPAMGTB","module":"binance","assets":22,"msg":"balance"}
{"level":30,"time":1774225077316,"pid":45104,"hostname":"DESKTOP-KPAMGTB","module":"binance","assets":22,"msg":"balance"}
{"level":30,"time":1774225107815,"pid":45104,"hostname":"DESKTOP-KPAMGTB","module":"binance","assets":22,"msg":"balance"}
{"level":30,"time":1774225137674,"pid":45104,"hostname":"DESKTOP-KPAMGTB","module":"binance","assets":22,"msg":"balance"}
{"level":30,"time":1774225168369,"pid":45104,"hostname":"DESKTOP-KPAMGTB","module":"binance","assets":22,"msg":"balance"}
{"level":30,"time":1774225198060,"pid":45104,"hostname":"DESKTOP-KPAMGTB","module":"binance","assets":22,"msg":"balance"}
{"level":30,"time":1774225228260,"pid":45104,"hostname":"DESKTOP-KPAMGTB","module":"binance","assets":22,"msg":"balance"}
{"level":30,"time":1774225258126,"pid":45104,"hostname":"DESKTOP-KPAMGTB","module":"binance","assets":22,"msg":"balance"}
{"level":30,"time":1774225289073,"pid":45104,"hostname":"DESKTOP-KPAMGTB","module":"binance","assets":22,"msg":"balance"}
{"level":30,"time":1774225319003,"pid":45104,"hostname":"DESKTOP-KPAMGTB","module":"binance","assets":22,"msg":"balance"}
{"level":30,"time":1774225349290,"pid":45104,"hostname":"DESKTOP-KPAMGTB","module":"binance","assets":22,"msg":"balance"}
{"level":30,"time":1774225379672,"pid":45104,"hostname":"DESKTOP-KPAMGTB","module":"binance","assets":22,"msg":"balance"}
{"level":30,"time":1774225410011,"pid":45104,"hostname":"DESKTOP-KPAMGTB","module":"binance","assets":22,"msg":"balance"}
{"level":30,"time":1774225440084,"pid":45104,"hostname":"DESKTOP-KPAMGTB","module":"binance","assets":22,"msg":"balance"}
{"level":30,"time":1774225470372,"pid":45104,"hostname":"DESKTOP-KPAMGTB","module":"binance","assets":22,"msg":"balance"}
{"level":30,"time":1774225500141,"pid":45104,"hostname":"DESKTOP-KPAMGTB","module":"binance","assets":22,"msg":"balance"}
{"level":30,"time":1774225531020,"pid":45104,"hostname":"DESKTOP-KPAMGTB","module":"binance","assets":22,"msg":"balance"}
{"level":30,"time":1774225560577,"pid":45104,"hostname":"DESKTOP-KPAMGTB","module":"binance","assets":22,"msg":"balance"}
{"level":30,"time":1774225591390,"pid":45104,"hostname":"DESKTOP-KPAMGTB","module":"binance","assets":22,"msg":"balance"}
{"level":30,"time":1774225621132,"pid":45104,"hostname":"DESKTOP-KPAMGTB","module":"binance","assets":22,"msg":"balance"}
{"level":30,"time":1774225652686,"pid":45104,"hostname":"DESKTOP-KPAMGTB","module":"binance","assets":22,"msg":"balance"}
{"level":30,"time":1774225682509,"pid":45104,"hostname":"DESKTOP-KPAMGTB","module":"binance","assets":22,"msg":"balance"}
{"level":30,"time":1774225712547,"pid":45104,"hostname":"DESKTOP-KPAMGTB","module":"binance","assets":22,"msg":"balance"}
{"level":30,"time":1774225742132,"pid":45104,"hostname":"DESKTOP-KPAMGTB","module":"binance","assets":22,"msg":"balance"}
{"level":30,"time":1774225773534,"pid":45104,"hostname":"DESKTOP-KPAMGTB","module":"binance","assets":22,"msg":"balance"}
{"level":30,"time":1774225803110,"pid":45104,"hostname":"DESKTOP-KPAMGTB","module":"binance","assets":22,"msg":"balance"}
{"level":30,"time":1774225833441,"pid":45104,"hostname":"DESKTOP-KPAMGTB","module":"binance","assets":22,"msg":"balance"}
{"level":30,"time":1774225863717,"pid":45104,"hostname":"DESKTOP-KPAMGTB","module":"binance","assets":22,"msg":"balance"}
{"level":30,"time":1774225894686,"pid":45104,"hostname":"DESKTOP-KPAMGTB","module":"binance","assets":22,"msg":"balance"}
{"level":30,"time":1774225924242,"pid":45104,"hostname":"DESKTOP-KPAMGTB","module":"binance","assets":22,"msg":"balance"}
{"level":30,"time":1774225954425,"pid":45104,"hostname":"DESKTOP-KPAMGTB","module":"binance","assets":22,"msg":"balance"}
{"level":30,"time":1774225960519,"pid":45104,"hostname":"DESKTOP-KPAMGTB","module":"binance","assets":22,"msg":"balance"}
{"level":30,"time":1774225984555,"pid":45104,"hostname":"DESKTOP-KPAMGTB","module":"binance","assets":22,"msg":"balance"}
{"level":30,"time":1774226014959,"pid":45104,"hostname":"DESKTOP-KPAMGTB","module":"binance","assets":22,"msg":"balance"}
{"level":30,"time":1774226045052,"pid":45104,"hostname":"DESKTOP-KPAMGTB","module":"binance","assets":22,"msg":"balance"}
{"level":30,"time":1774226075315,"pid":45104,"hostname":"DESKTOP-KPAMGTB","module":"binance","assets":22,"msg":"balance"}
{"level":30,"time":1774226105782,"pid":45104,"hostname":"DESKTOP-KPAMGTB","module":"binance","assets":22,"msg":"balance"}
{"level":30,"time":1774226136211,"pid":45104,"hostname":"DESKTOP-KPAMGTB","module":"binance","assets":22,"msg":"balance"}
{"level":30,"time":1774226166266,"pid":45104,"hostname":"DESKTOP-KPAMGTB","module":"binance","assets":22,"msg":"balance"}
{"level":30,"time":1774226196177,"pid":45104,"hostname":"DESKTOP-KPAMGTB","module":"binance","assets":22,"msg":"balance"}
{"level":30,"time":1774226226490,"pid":45104,"hostname":"DESKTOP-KPAMGTB","module":"binance","assets":22,"msg":"balance"}
{"level":30,"time":1774226257345,"pid":45104,"hostname":"DESKTOP-KPAMGTB","module":"binance","assets":22,"msg":"balance"}
{"level":30,"time":1774226286971,"pid":45104,"hostname":"DESKTOP-KPAMGTB","module":"binance","assets":22,"msg":"balance"}
{"level":30,"time":1774226317338,"pid":45104,"hostname":"DESKTOP-KPAMGTB","module":"binance","assets":22,"msg":"balance"}
{"level":30,"time":1774226347301,"pid":45104,"hostname":"DESKTOP-KPAMGTB","module":"binance","assets":22,"msg":"balance"}
{"level":30,"time":1774226377781,"pid":45104,"hostname":"DESKTOP-KPAMGTB","module":"binance","assets":22,"msg":"balance"}
{"level":30,"time":1774226407696,"pid":45104,"hostname":"DESKTOP-KPAMGTB","module":"binance","assets":22,"msg":"balance"}
{"level":30,"time":1774226437936,"pid":45104,"hostname":"DESKTOP-KPAMGTB","module":"binance","assets":22,"msg":"balance"}
{"level":30,"time":1774226468468,"pid":45104,"hostname":"DESKTOP-KPAMGTB","module":"binance","assets":22,"msg":"balance"}
{"level":30,"time":1774226499374,"pid":45104,"hostname":"DESKTOP-KPAMGTB","module":"binance","assets":22,"msg":"balance"}
{"level":30,"time":1774226528969,"pid":45104,"hostname":"DESKTOP-KPAMGTB","module":"binance","assets":22,"msg":"balance"}
{"level":30,"time":1774226559100,"pid":45104,"hostname":"DESKTOP-KPAMGTB","module":"binance","assets":22,"msg":"balance"}
{"level":30,"time":1774226589357,"pid":45104,"hostname":"DESKTOP-KPAMGTB","module":"binance","assets":22,"msg":"balance"}
{"level":30,"time":1774226619772,"pid":45104,"hostname":"DESKTOP-KPAMGTB","module":"binance","assets":22,"msg":"balance"}
{"level":30,"time":1774226649756,"pid":45104,"hostname":"DESKTOP-KPAMGTB","module":"binance","assets":22,"msg":"balance"}
{"level":30,"time":1774226679977,"pid":45104,"hostname":"DESKTOP-KPAMGTB","module":"binance","assets":22,"msg":"balance"}
{"level":30,"time":1774226710318,"pid":45104,"hostname":"DESKTOP-KPAMGTB","module":"binance","assets":22,"msg":"balance"}
{"level":30,"time":1774226741176,"pid":45104,"hostname":"DESKTOP-KPAMGTB","module":"binance","assets":22,"msg":"balance"}
{"level":30,"time":1774226770948,"pid":45104,"hostname":"DESKTOP-KPAMGTB","module":"binance","assets":22,"msg":"balance"}
{"level":30,"time":1774226801053,"pid":45104,"hostname":"DESKTOP-KPAMGTB","module":"binance","assets":22,"msg":"balance"}
{"level":30,"time":1774226831195,"pid":45104,"hostname":"DESKTOP-KPAMGTB","module":"binance","assets":22,"msg":"balance"}
{"level":30,"time":1774226861633,"pid":45104,"hostname":"DESKTOP-KPAMGTB","module":"binance","assets":22,"msg":"balance"}
{"level":30,"time":1774226877817,"pid":45104,"hostname":"DESKTOP-KPAMGTB","module":"binance","assets":22,"msg":"balance"}
{"level":30,"time":1774226891547,"pid":45104,"hostname":"DESKTOP-KPAMGTB","module":"binance","assets":22,"msg":"balance"}
{"level":30,"time":1774226921835,"pid":45104,"hostname":"DESKTOP-KPAMGTB","module":"binance","assets":22,"msg":"balance"}
{"level":30,"time":1774226952059,"pid":45104,"hostname":"DESKTOP-KPAMGTB","module":"binance","assets":22,"msg":"balance"}
{"level":30,"time":1774226982648,"pid":45104,"hostname":"DESKTOP-KPAMGTB","module":"binance","assets":22,"msg":"balance"}
{"level":30,"time":1774227012487,"pid":45104,"hostname":"DESKTOP-KPAMGTB","module":"binance","assets":22,"msg":"balance"}
{"level":30,"time":1774227042652,"pid":45104,"hostname":"DESKTOP-KPAMGTB","module":"binance","assets":22,"msg":"balance"}
{"level":30,"time":1774227073081,"pid":45104,"hostname":"DESKTOP-KPAMGTB","module":"binance","assets":22,"msg":"balance"}
{"level":30,"time":1774227103558,"pid":45104,"hostname":"DESKTOP-KPAMGTB","module":"binance","assets":22,"msg":"balance"}
{"level":30,"time":1774227133425,"pid":45104,"hostname":"DESKTOP-KPAMGTB","module":"binance","assets":22,"msg":"balance"}
{"level":30,"time":1774227163866,"pid":45104,"hostname":"DESKTOP-KPAMGTB","module":"binance","assets":22,"msg":"balance"}
{"level":30,"time":1774227194248,"pid":45104,"hostname":"DESKTOP-KPAMGTB","module":"binance","assets":22,"msg":"balance"}
{"level":30,"time":1774227224557,"pid":45104,"hostname":"DESKTOP-KPAMGTB","module":"binance","assets":22,"msg":"balance"}
{"level":30,"time":1774227254577,"pid":45104,"hostname":"DESKTOP-KPAMGTB","module":"binance","assets":22,"msg":"balance"}
{"level":30,"time":1774227284792,"pid":45104,"hostname":"DESKTOP-KPAMGTB","module":"binance","assets":22,"msg":"balance"}
{"level":30,"time":1774227315209,"pid":45104,"hostname":"DESKTOP-KPAMGTB","module":"binance","assets":22,"msg":"balance"}
{"level":30,"time":1774227345536,"pid":45104,"hostname":"DESKTOP-KPAMGTB","module":"binance","assets":22,"msg":"balance"}
{"level":30,"time":1774227375507,"pid":45104,"hostname":"DESKTOP-KPAMGTB","module":"binance","assets":22,"msg":"balance"}
{"level":30,"time":1774227405249,"pid":45104,"hostname":"DESKTOP-KPAMGTB","module":"binance","assets":22,"msg":"balance"}
{"level":30,"time":1774227436113,"pid":45104,"hostname":"DESKTOP-KPAMGTB","module":"binance","assets":22,"msg":"balance"}
{"level":30,"time":1774227466816,"pid":45104,"hostname":"DESKTOP-KPAMGTB","module":"binance","assets":22,"msg":"balance"}
{"level":30,"time":1774227496845,"pid":45104,"hostname":"DESKTOP-KPAMGTB","module":"binance","assets":22,"msg":"balance"}
{"level":30,"time":1774227526849,"pid":45104,"hostname":"DESKTOP-KPAMGTB","module":"binance","assets":22,"msg":"balance"}
{"level":30,"time":1774227557191,"pid":45104,"hostname":"DESKTOP-KPAMGTB","module":"binance","assets":22,"msg":"balance"}
{"level":30,"time":1774227587842,"pid":45104,"hostname":"DESKTOP-KPAMGTB","module":"binance","assets":22,"msg":"balance"}
{"level":30,"time":1774227601459,"pid":45104,"hostname":"DESKTOP-KPAMGTB","module":"telegram","msg":"informe horari enviat"}
{"level":30,"time":1774227617716,"pid":45104,"hostname":"DESKTOP-KPAMGTB","module":"binance","assets":22,"msg":"balance"}
{"level":30,"time":1774227647925,"pid":45104,"hostname":"DESKTOP-KPAMGTB","module":"binance","assets":22,"msg":"balance"}
{"level":30,"time":1774227678177,"pid":45104,"hostname":"DESKTOP-KPAMGTB","module":"binance","assets":22,"msg":"balance"}
{"level":30,"time":1774227708866,"pid":45104,"hostname":"DESKTOP-KPAMGTB","module":"binance","assets":22,"msg":"balance"}
{"level":30,"time":1774227738616,"pid":45104,"hostname":"DESKTOP-KPAMGTB","module":"binance","assets":22,"msg":"balance"}
{"level":30,"time":1774227768823,"pid":45104,"hostname":"DESKTOP-KPAMGTB","module":"binance","assets":22,"msg":"balance"}
{"level":30,"time":1774227777134,"pid":45104,"hostname":"DESKTOP-KPAMGTB","module":"binance","assets":22,"msg":"balance"}
{"level":30,"time":1774227799130,"pid":45104,"hostname":"DESKTOP-KPAMGTB","module":"binance","assets":22,"msg":"balance"}
{"level":30,"time":1774227830325,"pid":45104,"hostname":"DESKTOP-KPAMGTB","module":"binance","assets":22,"msg":"balance"}
{"level":30,"time":1774227860292,"pid":45104,"hostname":"DESKTOP-KPAMGTB","module":"binance","assets":22,"msg":"balance"}
{"level":30,"time":1774227890506,"pid":45104,"hostname":"DESKTOP-KPAMGTB","module":"binance","assets":22,"msg":"balance"}
{"level":30,"time":1774227920460,"pid":45104,"hostname":"DESKTOP-KPAMGTB","module":"binance","assets":22,"msg":"balance"}
{"level":30,"time":1774227950879,"pid":45104,"hostname":"DESKTOP-KPAMGTB","module":"binance","assets":22,"msg":"balance"}
{"level":30,"time":1774227981008,"pid":45104,"hostname":"DESKTOP-KPAMGTB","module":"binance","assets":22,"msg":"balance"}
{"level":30,"time":1774228011257,"pid":45104,"hostname":"DESKTOP-KPAMGTB","module":"binance","assets":22,"msg":"balance"}
{"level":30,"time":1774228041388,"pid":45104,"hostname":"DESKTOP-KPAMGTB","module":"binance","assets":22,"msg":"balance"}
{"level":30,"time":1774228071976,"pid":45104,"hostname":"DESKTOP-KPAMGTB","module":"binance","assets":22,"msg":"balance"}
{"level":30,"time":1774228101907,"pid":45104,"hostname":"DESKTOP-KPAMGTB","module":"binance","assets":22,"msg":"balance"}
{"level":30,"time":1774228132017,"pid":45104,"hostname":"DESKTOP-KPAMGTB","module":"binance","assets":22,"msg":"balance"}
{"level":30,"time":1774228162469,"pid":45104,"hostname":"DESKTOP-KPAMGTB","module":"binance","assets":22,"msg":"balance"}
{"level":30,"time":1774228192437,"pid":45104,"hostname":"DESKTOP-KPAMGTB","module":"binance","assets":22,"msg":"balance"}
{"level":30,"time":1774228222788,"pid":45104,"hostname":"DESKTOP-KPAMGTB","module":"binance","assets":22,"msg":"balance"}
{"level":30,"time":1774228252894,"pid":45104,"hostname":"DESKTOP-KPAMGTB","module":"binance","assets":22,"msg":"balance"}
{"level":30,"time":1774228283336,"pid":45104,"hostname":"DESKTOP-KPAMGTB","module":"binance","assets":22,"msg":"balance"}
{"level":30,"time":1774228313513,"pid":45104,"hostname":"DESKTOP-KPAMGTB","module":"binance","assets":22,"msg":"balance"}
{"level":30,"time":1774228343791,"pid":45104,"hostname":"DESKTOP-KPAMGTB","module":"binance","assets":22,"msg":"balance"}
{"level":30,"time":1774228373982,"pid":45104,"hostname":"DESKTOP-KPAMGTB","module":"binance","assets":22,"msg":"balance"}
{"level":30,"time":1774228404184,"pid":45104,"hostname":"DESKTOP-KPAMGTB","module":"binance","assets":22,"msg":"balance"}
{"level":30,"time":1774228434368,"pid":45104,"hostname":"DESKTOP-KPAMGTB","module":"binance","assets":22,"msg":"balance"}
{"level":30,"time":1774228464536,"pid":45104,"hostname":"DESKTOP-KPAMGTB","module":"binance","assets":22,"msg":"balance"}
{"level":30,"time":1774228494842,"pid":45104,"hostname":"DESKTOP-KPAMGTB","module":"binance","assets":22,"msg":"balance"}
{"level":30,"time":1774228525019,"pid":45104,"hostname":"DESKTOP-KPAMGTB","module":"binance","assets":22,"msg":"balance"}
{"level":30,"time":1774228555347,"pid":45104,"hostname":"DESKTOP-KPAMGTB","module":"binance","assets":22,"msg":"balance"}
{"level":30,"time":1774228585497,"pid":45104,"hostname":"DESKTOP-KPAMGTB","module":"binance","assets":22,"msg":"balance"}
{"level":30,"time":1774228615670,"pid":45104,"hostname":"DESKTOP-KPAMGTB","module":"binance","assets":22,"msg":"balance"}
{"level":30,"time":1774228645862,"pid":45104,"hostname":"DESKTOP-KPAMGTB","module":"binance","assets":22,"msg":"balance"}
{"level":30,"time":1774228676041,"pid":45104,"hostname":"DESKTOP-KPAMGTB","module":"binance","assets":22,"msg":"balance"}
{"level":30,"time":1774228677128,"pid":45104,"hostname":"DESKTOP-KPAMGTB","module":"binance","assets":22,"msg":"balance"}
{"level":30,"time":1774228706686,"pid":45104,"hostname":"DESKTOP-KPAMGTB","module":"binance","assets":22,"msg":"balance"}
{"level":30,"time":1774228736516,"pid":45104,"hostname":"DESKTOP-KPAMGTB","module":"binance","assets":22,"msg":"balance"}
{"level":30,"time":1774228766859,"pid":45104,"hostname":"DESKTOP-KPAMGTB","module":"binance","assets":22,"msg":"balance"}
{"level":30,"time":1774228797187,"pid":45104,"hostname":"DESKTOP-KPAMGTB","module":"binance","assets":22,"msg":"balance"}
{"level":30,"time":1774228827659,"pid":45104,"hostname":"DESKTOP-KPAMGTB","module":"binance","assets":22,"msg":"balance"}
{"level":30,"time":1774228857865,"pid":45104,"hostname":"DESKTOP-KPAMGTB","module":"binance","assets":22,"msg":"balance"}
{"level":30,"time":1774228887987,"pid":45104,"hostname":"DESKTOP-KPAMGTB","module":"binance","assets":22,"msg":"balance"}
{"level":30,"time":1774228918113,"pid":45104,"hostname":"DESKTOP-KPAMGTB","module":"binance","assets":22,"msg":"balance"}
{"level":30,"time":1774228949077,"pid":45104,"hostname":"DESKTOP-KPAMGTB","module":"binance","assets":22,"msg":"balance"}
{"level":30,"time":1774228978083,"pid":45104,"hostname":"DESKTOP-KPAMGTB","module":"binance","assets":22,"msg":"balance"}
{"level":30,"time":1774229009135,"pid":45104,"hostname":"DESKTOP-KPAMGTB","module":"binance","assets":22,"msg":"balance"}
{"level":30,"time":1774229039366,"pid":45104,"hostname":"DESKTOP-KPAMGTB","module":"binance","assets":22,"msg":"balance"}
{"level":30,"time":1774229069582,"pid":45104,"hostname":"DESKTOP-KPAMGTB","module":"binance","assets":22,"msg":"balance"}
{"level":30,"time":1774229099243,"pid":45104,"hostname":"DESKTOP-KPAMGTB","module":"binance","assets":22,"msg":"balance"}
{"level":30,"time":1774229129807,"pid":45104,"hostname":"DESKTOP-KPAMGTB","module":"binance","assets":22,"msg":"balance"}
{"level":30,"time":1774229160087,"pid":45104,"hostname":"DESKTOP-KPAMGTB","module":"binance","assets":22,"msg":"balance"}
{"level":30,"time":1774229191172,"pid":45104,"hostname":"DESKTOP-KPAMGTB","module":"binance","assets":22,"msg":"balance"}
{"level":30,"time":1774229220685,"pid":45104,"hostname":"DESKTOP-KPAMGTB","module":"binance","assets":22,"msg":"balance"}
{"level":30,"time":1774229251150,"pid":45104,"hostname":"DESKTOP-KPAMGTB","module":"binance","assets":22,"msg":"balance"}
{"level":30,"time":1774229280655,"pid":45104,"hostname":"DESKTOP-KPAMGTB","module":"binance","assets":22,"msg":"balance"}
{"level":30,"time":1774229311717,"pid":45104,"hostname":"DESKTOP-KPAMGTB","module":"binance","assets":22,"msg":"balance"}
{"level":30,"time":1774229341805,"pid":45104,"hostname":"DESKTOP-KPAMGTB","module":"binance","assets":22,"msg":"balance"}
{"level":30,"time":1774229372311,"pid":45104,"hostname":"DESKTOP-KPAMGTB","module":"binance","assets":22,"msg":"balance"}
{"level":30,"time":1774229402281,"pid":45104,"hostname":"DESKTOP-KPAMGTB","module":"binance","assets":22,"msg":"balance"}
{"level":30,"time":1774229432843,"pid":45104,"hostname":"DESKTOP-KPAMGTB","module":"binance","assets":22,"msg":"balance"}
{"level":30,"time":1774229462843,"pid":45104,"hostname":"DESKTOP-KPAMGTB","module":"binance","assets":22,"msg":"balance"}
{"level":30,"time":1774229493073,"pid":45104,"hostname":"DESKTOP-KPAMGTB","module":"binance","assets":22,"msg":"balance"}
{"level":30,"time":1774229523265,"pid":45104,"hostname":"DESKTOP-KPAMGTB","module":"binance","assets":22,"msg":"balance"}
{"level":30,"time":1774229554453,"pid":45104,"hostname":"DESKTOP-KPAMGTB","module":"binance","assets":22,"msg":"balance"}
{"level":30,"time":1774229577580,"pid":45104,"hostname":"DESKTOP-KPAMGTB","module":"binance","assets":22,"msg":"balance"}
{"level":30,"time":1774229583855,"pid":45104,"hostname":"DESKTOP-KPAMGTB","module":"binance","assets":22,"msg":"balance"}
{"level":30,"time":1774229614221,"pid":45104,"hostname":"DESKTOP-KPAMGTB","module":"binance","assets":22,"msg":"balance"}
{"level":30,"time":1774229644484,"pid":45104,"hostname":"DESKTOP-KPAMGTB","module":"binance","assets":22,"msg":"balance"}
{"level":30,"time":1774229675436,"pid":45104,"hostname":"DESKTOP-KPAMGTB","module":"binance","assets":22,"msg":"balance"}
{"level":30,"time":1774229704788,"pid":45104,"hostname":"DESKTOP-KPAMGTB","module":"binance","assets":22,"msg":"balance"}
{"level":30,"time":1774229735051,"pid":45104,"hostname":"DESKTOP-KPAMGTB","module":"binance","assets":22,"msg":"balance"}
{"level":30,"time":1774229765598,"pid":45104,"hostname":"DESKTOP-KPAMGTB","module":"binance","assets":22,"msg":"balance"}
{"level":30,"time":1774229795531,"pid":45104,"hostname":"DESKTOP-KPAMGTB","module":"binance","assets":22,"msg":"balance"}
{"level":30,"time":1774229825864,"pid":45104,"hostname":"DESKTOP-KPAMGTB","module":"binance","assets":22,"msg":"balance"}
{"level":30,"time":1774229856020,"pid":45104,"hostname":"DESKTOP-KPAMGTB","module":"binance","assets":22,"msg":"balance"}
{"level":30,"time":1774229886190,"pid":45104,"hostname":"DESKTOP-KPAMGTB","module":"binance","assets":22,"msg":"balance"}
{"level":30,"time":1774229916423,"pid":45104,"hostname":"DESKTOP-KPAMGTB","module":"binance","assets":22,"msg":"balance"}
{"level":30,"time":1774229946555,"pid":45104,"hostname":"DESKTOP-KPAMGTB","module":"binance","assets":22,"msg":"balance"}
{"level":30,"time":1774229976854,"pid":45104,"hostname":"DESKTOP-KPAMGTB","module":"binance","assets":22,"msg":"balance"}
{"level":30,"time":1774230007207,"pid":45104,"hostname":"DESKTOP-KPAMGTB","module":"binance","assets":22,"msg":"balance"}
{"level":30,"time":1774230037431,"pid":45104,"hostname":"DESKTOP-KPAMGTB","module":"binance","assets":22,"msg":"balance"}
{"level":30,"time":1774230067931,"pid":45104,"hostname":"DESKTOP-KPAMGTB","module":"binance","assets":22,"msg":"balance"}
{"level":30,"time":1774230097969,"pid":45104,"hostname":"DESKTOP-KPAMGTB","module":"binance","assets":22,"msg":"balance"}
{"level":30,"time":1774230128184,"pid":45104,"hostname":"DESKTOP-KPAMGTB","module":"binance","assets":22,"msg":"balance"}
{"level":30,"time":1774230158330,"pid":45104,"hostname":"DESKTOP-KPAMGTB","module":"binance","assets":22,"msg":"balance"}
{"level":30,"time":1774230188755,"pid":45104,"hostname":"DESKTOP-KPAMGTB","module":"binance","assets":22,"msg":"balance"}
{"level":30,"time":1774230218690,"pid":45104,"hostname":"DESKTOP-KPAMGTB","module":"binance","assets":22,"msg":"balance"}
{"level":30,"time":1774230248889,"pid":45104,"hostname":"DESKTOP-KPAMGTB","module":"binance","assets":22,"msg":"balance"}
{"level":30,"time":1774230279342,"pid":45104,"hostname":"DESKTOP-KPAMGTB","module":"binance","assets":22,"msg":"balance"}
{"level":30,"time":1774230309624,"pid":45104,"hostname":"DESKTOP-KPAMGTB","module":"binance","assets":22,"msg":"balance"}
{"level":30,"time":1774230339694,"pid":45104,"hostname":"DESKTOP-KPAMGTB","module":"binance","assets":22,"msg":"balance"}
{"level":30,"time":1774230370112,"pid":45104,"hostname":"DESKTOP-KPAMGTB","module":"binance","assets":22,"msg":"balance"}
{"level":30,"time":1774230400393,"pid":45104,"hostname":"DESKTOP-KPAMGTB","module":"binance","assets":22,"msg":"balance"}
{"level":30,"time":1774230431127,"pid":45104,"hostname":"DESKTOP-KPAMGTB","module":"binance","assets":22,"msg":"balance"}
{"level":30,"time":1774230460770,"pid":45104,"hostname":"DESKTOP-KPAMGTB","module":"binance","assets":22,"msg":"balance"}
{"level":30,"time":1774230477548,"pid":45104,"hostname":"DESKTOP-KPAMGTB","module":"binance","assets":22,"msg":"balance"}
{"level":30,"time":1774230491042,"pid":45104,"hostname":"DESKTOP-KPAMGTB","module":"binance","assets":22,"msg":"balance"}
{"level":30,"time":1774230521348,"pid":45104,"hostname":"DESKTOP-KPAMGTB","module":"binance","assets":22,"msg":"balance"}
{"level":30,"time":1774230551571,"pid":45104,"hostname":"DESKTOP-KPAMGTB","module":"binance","assets":22,"msg":"balance"}
{"level":30,"time":1774230581677,"pid":45104,"hostname":"DESKTOP-KPAMGTB","module":"binance","assets":22,"msg":"balance"}
{"level":30,"time":1774230612005,"pid":45104,"hostname":"DESKTOP-KPAMGTB","module":"binance","assets":22,"msg":"balance"}
{"level":30,"time":1774230642163,"pid":45104,"hostname":"DESKTOP-KPAMGTB","module":"binance","assets":22,"msg":"balance"}
{"level":30,"time":1774230672435,"pid":45104,"hostname":"DESKTOP-KPAMGTB","module":"binance","assets":22,"msg":"balance"}
{"level":30,"time":1774230702979,"pid":45104,"hostname":"DESKTOP-KPAMGTB","module":"binance","assets":22,"msg":"balance"}
{"level":30,"time":1774230732954,"pid":45104,"hostname":"DESKTOP-KPAMGTB","module":"binance","assets":22,"msg":"balance"}
{"level":30,"time":1774230762762,"pid":45104,"hostname":"DESKTOP-KPAMGTB","module":"binance","assets":22,"msg":"balance"}
{"level":30,"time":1774230793400,"pid":45104,"hostname":"DESKTOP-KPAMGTB","module":"binance","assets":22,"msg":"balance"}
{"level":30,"time":1774230824267,"pid":45104,"hostname":"DESKTOP-KPAMGTB","module":"binance","assets":22,"msg":"balance"}
{"level":30,"time":1774230853862,"pid":45104,"hostname":"DESKTOP-KPAMGTB","module":"binance","assets":22,"msg":"balance"}
{"level":30,"time":1774230883800,"pid":45104,"hostname":"DESKTOP-KPAMGTB","module":"binance","assets":22,"msg":"balance"}
{"level":30,"time":1774230914519,"pid":45104,"hostname":"DESKTOP-KPAMGTB","module":"binance","assets":22,"msg":"balance"}
{"level":30,"time":1774230944938,"pid":45104,"hostname":"DESKTOP-KPAMGTB","module":"binance","assets":22,"msg":"balance"}
{"level":30,"time":1774230974855,"pid":45104,"hostname":"DESKTOP-KPAMGTB","module":"binance","assets":22,"msg":"balance"}
{"level":30,"time":1774231005153,"pid":45104,"hostname":"DESKTOP-KPAMGTB","module":"binance","assets":22,"msg":"balance"}
{"level":30,"time":1774231035325,"pid":45104,"hostname":"DESKTOP-KPAMGTB","module":"binance","assets":22,"msg":"balance"}
{"level":30,"time":1774231065544,"pid":45104,"hostname":"DESKTOP-KPAMGTB","module":"binance","assets":22,"msg":"balance"}
{"level":30,"time":1774231096611,"pid":45104,"hostname":"DESKTOP-KPAMGTB","module":"binance","assets":22,"msg":"balance"}
{"level":30,"time":1774231125616,"pid":45104,"hostname":"DESKTOP-KPAMGTB","module":"binance","assets":22,"msg":"balance"}
{"level":30,"time":1774231156435,"pid":45104,"hostname":"DESKTOP-KPAMGTB","module":"binance","assets":22,"msg":"balance"}
{"level":30,"time":1774231186674,"pid":45104,"hostname":"DESKTOP-KPAMGTB","module":"binance","assets":22,"msg":"balance"}
{"level":30,"time":1774231201417,"pid":45104,"hostname":"DESKTOP-KPAMGTB","module":"telegram","msg":"informe horari enviat"}
{"level":30,"time":1774231217612,"pid":45104,"hostname":"DESKTOP-KPAMGTB","module":"binance","assets":22,"msg":"balance"}
{"level":30,"time":1774231247391,"pid":45104,"hostname":"DESKTOP-KPAMGTB","module":"binance","assets":22,"msg":"balance"}
{"level":30,"time":1774231277275,"pid":45104,"hostname":"DESKTOP-KPAMGTB","module":"binance","assets":22,"msg":"balance"}
{"level":30,"time":1774231307573,"pid":45104,"hostname":"DESKTOP-KPAMGTB","module":"binance","assets":22,"msg":"balance"}
{"level":30,"time":1774231338479,"pid":45104,"hostname":"DESKTOP-KPAMGTB","module":"binance","assets":22,"msg":"balance"}
{"level":30,"time":1774231368196,"pid":45104,"hostname":"DESKTOP-KPAMGTB","module":"binance","assets":22,"msg":"balance"}
{"level":30,"time":1774231377676,"pid":45104,"hostname":"DESKTOP-KPAMGTB","module":"binance","assets":22,"msg":"balance"}
{"level":30,"time":1774231398512,"pid":45104,"hostname":"DESKTOP-KPAMGTB","module":"binance","assets":22,"msg":"balance"}
{"level":30,"time":1774231428647,"pid":45104,"hostname":"DESKTOP-KPAMGTB","module":"binance","assets":22,"msg":"balance"}
{"level":30,"time":1774231459655,"pid":45104,"hostname":"DESKTOP-KPAMGTB","module":"binance","assets":22,"msg":"balance"}
{"level":30,"time":1774231489260,"pid":45104,"hostname":"DESKTOP-KPAMGTB","module":"binance","assets":22,"msg":"balance"}
{"level":30,"time":1774231519400,"pid":45104,"hostname":"DESKTOP-KPAMGTB","module":"binance","assets":22,"msg":"balance"}
{"level":30,"time":1774231549577,"pid":45104,"hostname":"DESKTOP-KPAMGTB","module":"binance","assets":22,"msg":"balance"}
{"level":30,"time":1774231580349,"pid":45104,"hostname":"DESKTOP-KPAMGTB","module":"binance","assets":22,"msg":"balance"}
{"level":30,"time":1774231610090,"pid":45104,"hostname":"DESKTOP-KPAMGTB","module":"binance","assets":22,"msg":"balance"}
{"level":30,"time":1774231640217,"pid":45104,"hostname":"DESKTOP-KPAMGTB","module":"binance","assets":22,"msg":"balance"}
{"level":30,"time":1774231670742,"pid":45104,"hostname":"DESKTOP-KPAMGTB","module":"binance","assets":22,"msg":"balance"}
{"level":30,"time":1774231701196,"pid":45104,"hostname":"DESKTOP-KPAMGTB","module":"binance","assets":22,"msg":"balance"}
{"level":30,"time":1774231731407,"pid":45104,"hostname":"DESKTOP-KPAMGTB","module":"binance","assets":22,"msg":"balance"}
{"level":30,"time":1774231761965,"pid":45104,"hostname":"DESKTOP-KPAMGTB","module":"binance","assets":22,"msg":"balance"}
{"level":30,"time":1774231792027,"pid":45104,"hostname":"DESKTOP-KPAMGTB","module":"binance","assets":22,"msg":"balance"}
{"level":30,"time":1774231822636,"pid":45104,"hostname":"DESKTOP-KPAMGTB","module":"binance","assets":22,"msg":"balance"}
{"level":30,"time":1774231852959,"pid":45104,"hostname":"DESKTOP-KPAMGTB","module":"binance","assets":22,"msg":"balance"}
{"level":30,"time":1774231883242,"pid":45104,"hostname":"DESKTOP-KPAMGTB","module":"binance","assets":22,"msg":"balance"}
{"level":30,"time":1774231913643,"pid":45104,"hostname":"DESKTOP-KPAMGTB","module":"binance","assets":22,"msg":"balance"}
{"level":30,"time":1774231944018,"pid":45104,"hostname":"DESKTOP-KPAMGTB","module":"binance","assets":22,"msg":"balance"}
{"level":30,"time":1774231973918,"pid":45104,"hostname":"DESKTOP-KPAMGTB","module":"binance","assets":22,"msg":"balance"}
{"level":30,"time":1774232004131,"pid":45104,"hostname":"DESKTOP-KPAMGTB","module":"binance","assets":22,"msg":"balance"}
{"level":30,"time":1774232034371,"pid":45104,"hostname":"DESKTOP-KPAMGTB","module":"binance","assets":22,"msg":"balance"}
{"level":30,"time":1774232064864,"pid":45104,"hostname":"DESKTOP-KPAMGTB","module":"binance","assets":22,"msg":"balance"}
{"level":30,"time":1774232094944,"pid":45104,"hostname":"DESKTOP-KPAMGTB","module":"binance","assets":22,"msg":"balance"}
{"level":30,"time":1774232125202,"pid":45104,"hostname":"DESKTOP-KPAMGTB","module":"binance","assets":22,"msg":"balance"}
{"level":30,"time":1774232155342,"pid":45104,"hostname":"DESKTOP-KPAMGTB","module":"binance","assets":22,"msg":"balance"}
{"level":30,"time":1774232186183,"pid":45104,"hostname":"DESKTOP-KPAMGTB","module":"binance","assets":22,"msg":"balance"}
{"level":30,"time":1774232215861,"pid":45104,"hostname":"DESKTOP-KPAMGTB","module":"binance","assets":22,"msg":"balance"}
{"level":30,"time":1774232246113,"pid":45104,"hostname":"DESKTOP-KPAMGTB","module":"binance","assets":22,"msg":"balance"}
{"level":30,"time":1774232276352,"pid":45104,"hostname":"DESKTOP-KPAMGTB","module":"binance","assets":22,"msg":"balance"}
{"level":30,"time":1774232277082,"pid":45104,"hostname":"DESKTOP-KPAMGTB","module":"binance","assets":22,"msg":"balance"}
{"level":30,"time":1774232306518,"pid":45104,"hostname":"DESKTOP-KPAMGTB","module":"binance","assets":22,"msg":"balance"}
{"level":30,"time":1774232336829,"pid":45104,"hostname":"DESKTOP-KPAMGTB","module":"binance","assets":22,"msg":"balance"}
{"level":30,"time":1774232367021,"pid":45104,"hostname":"DESKTOP-KPAMGTB","module":"binance","assets":22,"msg":"balance"}
{"level":30,"time":1774232396737,"pid":45104,"hostname":"DESKTOP-KPAMGTB","module":"binance","assets":22,"msg":"balance"}
{"level":30,"time":1774232427514,"pid":45104,"hostname":"DESKTOP-KPAMGTB","module":"binance","assets":22,"msg":"balance"}
{"level":30,"time":1774232458036,"pid":45104,"hostname":"DESKTOP-KPAMGTB","module":"binance","assets":22,"msg":"balance"}
{"level":30,"time":1774232487997,"pid":45104,"hostname":"DESKTOP-KPAMGTB","module":"binance","assets":22,"msg":"balance"}
{"level":30,"time":1774232518267,"pid":45104,"hostname":"DESKTOP-KPAMGTB","module":"binance","assets":22,"msg":"balance"}
{"level":30,"time":1774232548266,"pid":45104,"hostname":"DESKTOP-KPAMGTB","module":"binance","assets":22,"msg":"balance"}
{"level":30,"time":1774232578989,"pid":45104,"hostname":"DESKTOP-KPAMGTB","module":"binance","assets":22,"msg":"balance"}
{"level":30,"time":1774232608841,"pid":45104,"hostname":"DESKTOP-KPAMGTB","module":"binance","assets":22,"msg":"balance"}
{"level":30,"time":1774232639095,"pid":45104,"hostname":"DESKTOP-KPAMGTB","module":"binance","assets":22,"msg":"balance"}
{"level":30,"time":1774232669530,"pid":45104,"hostname":"DESKTOP-KPAMGTB","module":"binance","assets":22,"msg":"balance"}
{"level":30,"time":1774232700067,"pid":45104,"hostname":"DESKTOP-KPAMGTB","module":"binance","assets":22,"msg":"balance"}
{"level":30,"time":1774232730033,"pid":45104,"hostname":"DESKTOP-KPAMGTB","module":"binance","assets":22,"msg":"balance"}
{"level":30,"time":1774232760267,"pid":45104,"hostname":"DESKTOP-KPAMGTB","module":"binance","assets":22,"msg":"balance"}
{"level":30,"time":1774232790683,"pid":45104,"hostname":"DESKTOP-KPAMGTB","module":"binance","assets":22,"msg":"balance"}
{"level":30,"time":1774232821018,"pid":45104,"hostname":"DESKTOP-KPAMGTB","module":"binance","assets":22,"msg":"balance"}
{"level":30,"time":1774232851051,"pid":45104,"hostname":"DESKTOP-KPAMGTB","module":"binance","assets":22,"msg":"balance"}
{"level":30,"time":1774232881103,"pid":45104,"hostname":"DESKTOP-KPAMGTB","module":"binance","assets":22,"msg":"balance"}
{"level":30,"time":1774232911515,"pid":45104,"hostname":"DESKTOP-KPAMGTB","module":"binance","assets":22,"msg":"balance"}
{"level":30,"time":1774232941882,"pid":45104,"hostname":"DESKTOP-KPAMGTB","module":"binance","assets":22,"msg":"balance"}
{"level":30,"time":1774232971988,"pid":45104,"hostname":"DESKTOP-KPAMGTB","module":"binance","assets":22,"msg":"balance"}
{"level":30,"time":1774233002375,"pid":45104,"hostname":"DESKTOP-KPAMGTB","module":"binance","assets":22,"msg":"balance"}
{"level":30,"time":1774233032333,"pid":45104,"hostname":"DESKTOP-KPAMGTB","module":"binance","assets":22,"msg":"balance"}
{"level":30,"time":1774233063105,"pid":45104,"hostname":"DESKTOP-KPAMGTB","module":"binance","assets":22,"msg":"balance"}
{"level":30,"time":1774233092819,"pid":45104,"hostname":"DESKTOP-KPAMGTB","module":"binance","assets":22,"msg":"balance"}
{"level":30,"time":1774233123376,"pid":45104,"hostname":"DESKTOP-KPAMGTB","module":"binance","assets":22,"msg":"balance"}
{"level":30,"time":1774233153392,"pid":45104,"hostname":"DESKTOP-KPAMGTB","module":"binance","assets":22,"msg":"balance"}
{"level":30,"time":1774233177936,"pid":45104,"hostname":"DESKTOP-KPAMGTB","module":"binance","assets":22,"msg":"balance"}
{"level":30,"time":1774233183014,"pid":45104,"hostname":"DESKTOP-KPAMGTB","module":"binance","assets":22,"msg":"balance"}
{"level":30,"time":1774233213771,"pid":45104,"hostname":"DESKTOP-KPAMGTB","module":"binance","assets":22,"msg":"balance"}
{"level":30,"time":1774233243924,"pid":45104,"hostname":"DESKTOP-KPAMGTB","module":"binance","assets":22,"msg":"balance"}
{"level":30,"time":1774233274367,"pid":45104,"hostname":"DESKTOP-KPAMGTB","module":"binance","assets":22,"msg":"balance"}
{"level":30,"time":1774233304368,"pid":45104,"hostname":"DESKTOP-KPAMGTB","module":"binance","assets":22,"msg":"balance"}
{"level":30,"time":1774233334919,"pid":45104,"hostname":"DESKTOP-KPAMGTB","module":"binance","assets":22,"msg":"balance"}
{"level":30,"time":1774233364655,"pid":45104,"hostname":"DESKTOP-KPAMGTB","module":"binance","assets":22,"msg":"balance"}
{"level":30,"time":1774233395153,"pid":45104,"hostname":"DESKTOP-KPAMGTB","module":"binance","assets":22,"msg":"balance"}
{"level":30,"time":1774233425408,"pid":45104,"hostname":"DESKTOP-KPAMGTB","module":"binance","assets":22,"msg":"balance"}
{"level":30,"time":1774233455362,"pid":45104,"hostname":"DESKTOP-KPAMGTB","module":"binance","assets":22,"msg":"balance"}
{"level":30,"time":1774233485628,"pid":45104,"hostname":"DESKTOP-KPAMGTB","module":"binance","assets":22,"msg":"balance"}
{"level":30,"time":1774233515566,"pid":45104,"hostname":"DESKTOP-KPAMGTB","module":"binance","assets":22,"msg":"balance"}
{"level":30,"time":1774233546281,"pid":45104,"hostname":"DESKTOP-KPAMGTB","module":"binance","assets":22,"msg":"balance"}
{"level":30,"time":1774233576491,"pid":45104,"hostname":"DESKTOP-KPAMGTB","module":"binance","assets":22,"msg":"balance"}
{"level":30,"time":1774233607222,"pid":45104,"hostname":"DESKTOP-KPAMGTB","module":"binance","assets":22,"msg":"balance"}
{"level":30,"time":1774233637196,"pid":45104,"hostname":"DESKTOP-KPAMGTB","module":"binance","assets":22,"msg":"balance"}
{"level":30,"time":1774233667155,"pid":45104,"hostname":"DESKTOP-KPAMGTB","module":"binance","assets":22,"msg":"balance"}
{"level":30,"time":1774233697649,"pid":45104,"hostname":"DESKTOP-KPAMGTB","module":"binance","assets":22,"msg":"balance"}
{"level":30,"time":1774233728056,"pid":45104,"hostname":"DESKTOP-KPAMGTB","module":"binance","assets":22,"msg":"balance"}
{"level":30,"time":1774233758244,"pid":45104,"hostname":"DESKTOP-KPAMGTB","module":"binance","assets":22,"msg":"balance"}
{"level":30,"time":1774233788510,"pid":45104,"hostname":"DESKTOP-KPAMGTB","module":"binance","assets":22,"msg":"balance"}
{"level":30,"time":1774233818434,"pid":45104,"hostname":"DESKTOP-KPAMGTB","module":"binance","assets":22,"msg":"balance"}
{"level":30,"time":1774233849241,"pid":45104,"hostname":"DESKTOP-KPAMGTB","module":"binance","assets":22,"msg":"balance"}
{"level":30,"time":1774233879207,"pid":45104,"hostname":"DESKTOP-KPAMGTB","module":"binance","assets":22,"msg":"balance"}
{"level":30,"time":1774233909085,"pid":45104,"hostname":"DESKTOP-KPAMGTB","module":"binance","assets":22,"msg":"balance"}
{"level":30,"time":1774233938774,"pid":45104,"hostname":"DESKTOP-KPAMGTB","module":"binance","assets":22,"msg":"balance"}
{"level":30,"time":1774233969777,"pid":45104,"hostname":"DESKTOP-KPAMGTB","module":"binance","assets":22,"msg":"balance"}
{"level":30,"time":1774233999794,"pid":45104,"hostname":"DESKTOP-KPAMGTB","module":"binance","assets":22,"msg":"balance"}
{"level":30,"time":1774234030061,"pid":45104,"hostname":"DESKTOP-KPAMGTB","module":"binance","assets":22,"msg":"balance"}
{"level":30,"time":1774234060201,"pid":45104,"hostname":"DESKTOP-KPAMGTB","module":"binance","assets":22,"msg":"balance"}
{"level":30,"time":1774234077668,"pid":45104,"hostname":"DESKTOP-KPAMGTB","module":"binance","assets":22,"msg":"balance"}
{"level":30,"time":1774234090774,"pid":45104,"hostname":"DESKTOP-KPAMGTB","module":"binance","assets":22,"msg":"balance"}
{"level":30,"time":1774234120654,"pid":45104,"hostname":"DESKTOP-KPAMGTB","module":"binance","assets":22,"msg":"balance"}
{"level":30,"time":1774234150825,"pid":45104,"hostname":"DESKTOP-KPAMGTB","module":"binance","assets":22,"msg":"balance"}
{"level":30,"time":1774234181152,"pid":45104,"hostname":"DESKTOP-KPAMGTB","module":"binance","assets":22,"msg":"balance"}
{"level":30,"time":1774234211602,"pid":45104,"hostname":"DESKTOP-KPAMGTB","module":"binance","assets":22,"msg":"balance"}
{"level":30,"time":1774234241657,"pid":45104,"hostname":"DESKTOP-KPAMGTB","module":"binance","assets":22,"msg":"balance"}
{"level":30,"time":1774234271895,"pid":45104,"hostname":"DESKTOP-KPAMGTB","module":"binance","assets":22,"msg":"balance"}
{"level":30,"time":1774234302234,"pid":45104,"hostname":"DESKTOP-KPAMGTB","module":"binance","assets":22,"msg":"balance"}
{"level":30,"time":1774234332847,"pid":45104,"hostname":"DESKTOP-KPAMGTB","module":"binance","assets":22,"msg":"balance"}
{"level":30,"time":1774234362835,"pid":45104,"hostname":"DESKTOP-KPAMGTB","module":"binance","assets":22,"msg":"balance"}
{"level":30,"time":1774234392809,"pid":45104,"hostname":"DESKTOP-KPAMGTB","module":"binance","assets":22,"msg":"balance"}
{"level":30,"time":1774234423294,"pid":45104,"hostname":"DESKTOP-KPAMGTB","module":"binance","assets":22,"msg":"balance"}
{"level":30,"time":1774234454189,"pid":45104,"hostname":"DESKTOP-KPAMGTB","module":"binance","assets":22,"msg":"balance"}
{"level":30,"time":1774234483866,"pid":45104,"hostname":"DESKTOP-KPAMGTB","module":"binance","assets":22,"msg":"balance"}
{"level":30,"time":1774234513957,"pid":45104,"hostname":"DESKTOP-KPAMGTB","module":"binance","assets":22,"msg":"balance"}
{"level":30,"time":1774234544194,"pid":45104,"hostname":"DESKTOP-KPAMGTB","module":"binance","assets":22,"msg":"balance"}
{"level":30,"time":1774234575072,"pid":45104,"hostname":"DESKTOP-KPAMGTB","module":"binance","assets":22,"msg":"balance"}
{"level":30,"time":1774234604738,"pid":45104,"hostname":"DESKTOP-KPAMGTB","module":"binance","assets":22,"msg":"balance"}
{"level":30,"time":1774234634806,"pid":45104,"hostname":"DESKTOP-KPAMGTB","module":"binance","assets":22,"msg":"balance"}
{"level":30,"time":1774234665011,"pid":45104,"hostname":"DESKTOP-KPAMGTB","module":"binance","assets":22,"msg":"balance"}
{"level":30,"time":1774234696087,"pid":45104,"hostname":"DESKTOP-KPAMGTB","module":"binance","assets":22,"msg":"balance"}
{"level":30,"time":1774234725936,"pid":45104,"hostname":"DESKTOP-KPAMGTB","module":"binance","assets":22,"msg":"balance"}
{"level":30,"time":1774234755956,"pid":45104,"hostname":"DESKTOP-KPAMGTB","module":"binance","assets":22,"msg":"balance"}
{"level":30,"time":1774234786147,"pid":45104,"hostname":"DESKTOP-KPAMGTB","module":"binance","assets":22,"msg":"balance"}
{"level":30,"time":1774234801328,"pid":45104,"hostname":"DESKTOP-KPAMGTB","module":"telegram","msg":"informe horari enviat"}
{"level":30,"time":1774234817053,"pid":45104,"hostname":"DESKTOP-KPAMGTB","module":"binance","assets":22,"msg":"balance"}
{"level":30,"time":1774234847050,"pid":45104,"hostname":"DESKTOP-KPAMGTB","module":"binance","assets":22,"msg":"balance"}
{"level":30,"time":1774234877221,"pid":45104,"hostname":"DESKTOP-KPAMGTB","module":"binance","assets":22,"msg":"balance"}
{"level":30,"time":1774234907521,"pid":45104,"hostname":"DESKTOP-KPAMGTB","module":"binance","assets":22,"msg":"balance"}
{"level":30,"time":1774234938397,"pid":45104,"hostname":"DESKTOP-KPAMGTB","module":"binance","assets":22,"msg":"balance"}
{"level":30,"time":1774234967955,"pid":45104,"hostname":"DESKTOP-KPAMGTB","module":"binance","assets":22,"msg":"balance"}
{"level":30,"time":1774234977598,"pid":45104,"hostname":"DESKTOP-KPAMGTB","module":"binance","assets":22,"msg":"balance"}
{"level":30,"time":1774234998161,"pid":45104,"hostname":"DESKTOP-KPAMGTB","module":"binance","assets":22,"msg":"balance"}
{"level":30,"time":1774235028389,"pid":45104,"hostname":"DESKTOP-KPAMGTB","module":"binance","assets":22,"msg":"balance"}
{"level":30,"time":1774235058852,"pid":45104,"hostname":"DESKTOP-KPAMGTB","module":"binance","assets":22,"msg":"balance"}
{"level":30,"time":1774235088887,"pid":45104,"hostname":"DESKTOP-KPAMGTB","module":"binance","assets":22,"msg":"balance"}
{"level":30,"time":1774235119099,"pid":45104,"hostname":"DESKTOP-KPAMGTB","module":"binance","assets":22,"msg":"balance"}
{"level":30,"time":1774235149356,"pid":45104,"hostname":"DESKTOP-KPAMGTB","module":"binance","assets":22,"msg":"balance"}
{"level":30,"time":1774235179707,"pid":45104,"hostname":"DESKTOP-KPAMGTB","module":"binance","assets":22,"msg":"balance"}
{"level":30,"time":1774235209815,"pid":45104,"hostname":"DESKTOP-KPAMGTB","module":"binance","assets":22,"msg":"balance"}
{"level":30,"time":1774235240106,"pid":45104,"hostname":"DESKTOP-KPAMGTB","module":"binance","assets":22,"msg":"balance"}
{"level":30,"time":1774235269955,"pid":45104,"hostname":"DESKTOP-KPAMGTB","module":"binance","assets":22,"msg":"balance"}
{"level":30,"time":1774235300990,"pid":45104,"hostname":"DESKTOP-KPAMGTB","module":"binance","assets":22,"msg":"balance"}
{"level":30,"time":1774235330737,"pid":45104,"hostname":"DESKTOP-KPAMGTB","module":"binance","assets":22,"msg":"balance"}
{"level":30,"time":1774235361072,"pid":45104,"hostname":"DESKTOP-KPAMGTB","module":"binance","assets":22,"msg":"balance"}
{"level":30,"time":1774235391296,"pid":45104,"hostname":"DESKTOP-KPAMGTB","module":"binance","assets":22,"msg":"balance"}
{"level":30,"time":1774235421544,"pid":45104,"hostname":"DESKTOP-KPAMGTB","module":"binance","assets":22,"msg":"balance"}
{"level":30,"time":1774235451768,"pid":45104,"hostname":"DESKTOP-KPAMGTB","module":"binance","assets":22,"msg":"balance"}
{"level":30,"time":1774235481983,"pid":45104,"hostname":"DESKTOP-KPAMGTB","module":"binance","assets":22,"msg":"balance"}
{"level":30,"time":1774235512297,"pid":45104,"hostname":"DESKTOP-KPAMGTB","module":"binance","assets":22,"msg":"balance"}
{"level":30,"time":1774235542573,"pid":45104,"hostname":"DESKTOP-KPAMGTB","module":"binance","assets":22,"msg":"balance"}
{"level":30,"time":1774235573406,"pid":45104,"hostname":"DESKTOP-KPAMGTB","module":"binance","assets":22,"msg":"balance"}
{"level":30,"time":1774235603011,"pid":45104,"hostname":"DESKTOP-KPAMGTB","module":"binance","assets":22,"msg":"balance"}
{"level":30,"time":1774235633154,"pid":45104,"hostname":"DESKTOP-KPAMGTB","module":"binance","assets":22,"msg":"balance"}
{"level":30,"time":1774235663598,"pid":45104,"hostname":"DESKTOP-KPAMGTB","module":"binance","assets":22,"msg":"balance"}
{"level":30,"time":1774235694436,"pid":45104,"hostname":"DESKTOP-KPAMGTB","module":"binance","assets":22,"msg":"balance"}
{"level":30,"time":1774235724193,"pid":45104,"hostname":"DESKTOP-KPAMGTB","module":"binance","assets":22,"msg":"balance"}
{"level":30,"time":1774235754362,"pid":45104,"hostname":"DESKTOP-KPAMGTB","module":"binance","assets":22,"msg":"balance"}
{"level":30,"time":1774235784259,"pid":45104,"hostname":"DESKTOP-KPAMGTB","module":"binance","assets":22,"msg":"balance"}
{"level":30,"time":1774235814655,"pid":45104,"hostname":"DESKTOP-KPAMGTB","module":"binance","assets":22,"msg":"balance"}
{"level":30,"time":1774235844809,"pid":45104,"hostname":"DESKTOP-KPAMGTB","module":"binance","assets":22,"msg":"balance"}
{"level":30,"time":1774235875166,"pid":45104,"hostname":"DESKTOP-KPAMGTB","module":"binance","assets":22,"msg":"balance"}
{"level":30,"time":1774235877151,"pid":45104,"hostname":"DESKTOP-KPAMGTB","module":"binance","assets":22,"msg":"balance"}
{"level":30,"time":1774235905355,"pid":45104,"hostname":"DESKTOP-KPAMGTB","module":"binance","assets":22,"msg":"balance"}
{"level":30,"time":1774235935883,"pid":45104,"hostname":"DESKTOP-KPAMGTB","module":"binance","assets":22,"msg":"balance"}
{"level":30,"time":1774235965780,"pid":45104,"hostname":"DESKTOP-KPAMGTB","module":"binance","assets":22,"msg":"balance"}
{"level":30,"time":1774235995939,"pid":45104,"hostname":"DESKTOP-KPAMGTB","module":"binance","assets":22,"msg":"balance"}
{"level":30,"time":1774236026496,"pid":45104,"hostname":"DESKTOP-KPAMGTB","module":"binance","assets":22,"msg":"balance"}
{"level":30,"time":1774236057465,"pid":45104,"hostname":"DESKTOP-KPAMGTB","module":"binance","assets":22,"msg":"balance"}
{"level":30,"time":1774236086828,"pid":45104,"hostname":"DESKTOP-KPAMGTB","module":"binance","assets":22,"msg":"balance"}
{"level":30,"time":1774236116886,"pid":45104,"hostname":"DESKTOP-KPAMGTB","module":"binance","assets":22,"msg":"balance"}
{"level":30,"time":1774236147133,"pid":45104,"hostname":"DESKTOP-KPAMGTB","module":"binance","assets":22,"msg":"balance"}
{"level":30,"time":1774236177857,"pid":45104,"hostname":"DESKTOP-KPAMGTB","module":"binance","assets":22,"msg":"balance"}
{"level":30,"time":1774236207536,"pid":45104,"hostname":"DESKTOP-KPAMGTB","module":"binance","assets":22,"msg":"balance"}
{"level":30,"time":1774236237689,"pid":45104,"hostname":"DESKTOP-KPAMGTB","module":"binance","assets":22,"msg":"balance"}
{"level":30,"time":1774236268286,"pid":45104,"hostname":"DESKTOP-KPAMGTB","module":"binance","assets":22,"msg":"balance"}
{"level":30,"time":1774236298198,"pid":45104,"hostname":"DESKTOP-KPAMGTB","module":"binance","assets":22,"msg":"balance"}
{"level":30,"time":1774236328400,"pid":45104,"hostname":"DESKTOP-KPAMGTB","module":"binance","assets":22,"msg":"balance"}
{"level":30,"time":1774236358172,"pid":45104,"hostname":"DESKTOP-KPAMGTB","module":"binance","assets":22,"msg":"balance"}
{"level":30,"time":1774236389384,"pid":45104,"hostname":"DESKTOP-KPAMGTB","module":"binance","assets":22,"msg":"balance"}
{"level":30,"time":1774236419249,"pid":45104,"hostname":"DESKTOP-KPAMGTB","module":"binance","assets":22,"msg":"balance"}
{"level":30,"time":1774236449760,"pid":45104,"hostname":"DESKTOP-KPAMGTB","module":"binance","assets":22,"msg":"balance"}
{"level":30,"time":1774236479702,"pid":45104,"hostname":"DESKTOP-KPAMGTB","module":"binance","assets":22,"msg":"balance"}
{"level":30,"time":1774236509989,"pid":45104,"hostname":"DESKTOP-KPAMGTB","module":"binance","assets":22,"msg":"balance"}
{"level":30,"time":1774236540408,"pid":45104,"hostname":"DESKTOP-KPAMGTB","module":"binance","assets":22,"msg":"balance"}
{"level":30,"time":1774236571159,"pid":45104,"hostname":"DESKTOP-KPAMGTB","module":"binance","assets":22,"msg":"balance"}
{"level":30,"time":1774236600916,"pid":45104,"hostname":"DESKTOP-KPAMGTB","module":"binance","assets":22,"msg":"balance"}
{"level":30,"time":1774236630875,"pid":45104,"hostname":"DESKTOP-KPAMGTB","module":"binance","assets":22,"msg":"balance"}
{"level":30,"time":1774236660566,"pid":45104,"hostname":"DESKTOP-KPAMGTB","module":"binance","assets":22,"msg":"balance"}
{"level":30,"time":1774236691726,"pid":45104,"hostname":"DESKTOP-KPAMGTB","module":"binance","assets":22,"msg":"balance"}
{"level":30,"time":1774236721042,"pid":45104,"hostname":"DESKTOP-KPAMGTB","module":"binance","assets":22,"msg":"balance"}
{"level":30,"time":1774236752031,"pid":45104,"hostname":"DESKTOP-KPAMGTB","module":"binance","assets":22,"msg":"balance"}
{"level":30,"time":1774236777659,"pid":45104,"hostname":"DESKTOP-KPAMGTB","module":"binance","assets":22,"msg":"balance"}
{"level":30,"time":1774236781532,"pid":45104,"hostname":"DESKTOP-KPAMGTB","module":"binance","assets":22,"msg":"balance"}
{"level":30,"time":1774236812991,"pid":45104,"hostname":"DESKTOP-KPAMGTB","module":"binance","assets":22,"msg":"balance"}
{"level":30,"time":1774236842926,"pid":45104,"hostname":"DESKTOP-KPAMGTB","module":"binance","assets":22,"msg":"balance"}
{"level":30,"time":1774236872767,"pid":45104,"hostname":"DESKTOP-KPAMGTB","module":"binance","assets":22,"msg":"balance"}
{"level":30,"time":1774236902868,"pid":45104,"hostname":"DESKTOP-KPAMGTB","module":"binance","assets":22,"msg":"balance"}
{"level":30,"time":1774236933826,"pid":45104,"hostname":"DESKTOP-KPAMGTB","module":"binance","assets":22,"msg":"balance"}
{"level":30,"time":1774236963687,"pid":45104,"hostname":"DESKTOP-KPAMGTB","module":"binance","assets":22,"msg":"balance"}
{"level":30,"time":1774236993685,"pid":45104,"hostname":"DESKTOP-KPAMGTB","module":"binance","assets":22,"msg":"balance"}
{"level":30,"time":1774237023857,"pid":45104,"hostname":"DESKTOP-KPAMGTB","module":"binance","assets":22,"msg":"balance"}
{"level":30,"time":1774237054232,"pid":45104,"hostname":"DESKTOP-KPAMGTB","module":"binance","assets":22,"msg":"balance"}
{"level":30,"time":1774237084163,"pid":45104,"hostname":"DESKTOP-KPAMGTB","module":"binance","assets":22,"msg":"balance"}
{"level":30,"time":1774237114373,"pid":45104,"hostname":"DESKTOP-KPAMGTB","module":"binance","assets":22,"msg":"balance"}
{"level":30,"time":1774237144759,"pid":45104,"hostname":"DESKTOP-KPAMGTB","module":"binance","assets":22,"msg":"balance"}
{"level":30,"time":1774237175460,"pid":45104,"hostname":"DESKTOP-KPAMGTB","module":"binance","assets":22,"msg":"balance"}
{"level":30,"time":1774237205069,"pid":45104,"hostname":"DESKTOP-KPAMGTB","module":"binance","assets":22,"msg":"balance"}
{"level":30,"time":1774237235249,"pid":45104,"hostname":"DESKTOP-KPAMGTB","module":"binance","assets":22,"msg":"balance"}
{"level":30,"time":1774237264962,"pid":45104,"hostname":"DESKTOP-KPAMGTB","module":"binance","assets":22,"msg":"balance"}
{"level":30,"time":1774237296064,"pid":45104,"hostname":"DESKTOP-KPAMGTB","module":"binance","assets":22,"msg":"balance"}
{"level":30,"time":1774237326235,"pid":45104,"hostname":"DESKTOP-KPAMGTB","module":"binance","assets":22,"msg":"balance"}
{"level":30,"time":1774237356567,"pid":45104,"hostname":"DESKTOP-KPAMGTB","module":"binance","assets":22,"msg":"balance"}
{"level":30,"time":1774237386565,"pid":45104,"hostname":"DESKTOP-KPAMGTB","module":"binance","assets":22,"msg":"balance"}
{"level":30,"time":1774237417462,"pid":45104,"hostname":"DESKTOP-KPAMGTB","module":"binance","assets":22,"msg":"balance"}
{"level":30,"time":1774237447023,"pid":45104,"hostname":"DESKTOP-KPAMGTB","module":"binance","assets":22,"msg":"balance"}
{"level":30,"time":1774237477156,"pid":45104,"hostname":"DESKTOP-KPAMGTB","module":"binance","assets":22,"msg":"balance"}
{"level":30,"time":1774237507453,"pid":45104,"hostname":"DESKTOP-KPAMGTB","module":"binance","assets":22,"msg":"balance"}
{"level":30,"time":1774237538192,"pid":45104,"hostname":"DESKTOP-KPAMGTB","module":"binance","assets":22,"msg":"balance"}
{"level":30,"time":1774237567914,"pid":45104,"hostname":"DESKTOP-KPAMGTB","module":"binance","assets":22,"msg":"balance"}
{"level":30,"time":1774237598076,"pid":45104,"hostname":"DESKTOP-KPAMGTB","module":"binance","assets":22,"msg":"balance"}
{"level":30,"time":1774237628157,"pid":45104,"hostname":"DESKTOP-KPAMGTB","module":"binance","assets":22,"msg":"balance"}
{"level":30,"time":1774237658321,"pid":45104,"hostname":"DESKTOP-KPAMGTB","module":"binance","assets":22,"msg":"balance"}
{"level":30,"time":1774237677845,"pid":45104,"hostname":"DESKTOP-KPAMGTB","module":"binance","assets":22,"msg":"balance"}
{"level":30,"time":1774237688540,"pid":45104,"hostname":"DESKTOP-KPAMGTB","module":"binance","assets":22,"msg":"balance"}
{"level":30,"time":1774237718873,"pid":45104,"hostname":"DESKTOP-KPAMGTB","module":"binance","assets":22,"msg":"balance"}
{"level":30,"time":1774237749021,"pid":45104,"hostname":"DESKTOP-KPAMGTB","module":"binance","assets":22,"msg":"balance"}
{"level":30,"time":1774237779241,"pid":45104,"hostname":"DESKTOP-KPAMGTB","module":"binance","assets":22,"msg":"balance"}
{"level":30,"time":1774237809749,"pid":45104,"hostname":"DESKTOP-KPAMGTB","module":"binance","assets":22,"msg":"balance"}
{"level":30,"time":1774237839716,"pid":45104,"hostname":"DESKTOP-KPAMGTB","module":"binance","assets":22,"msg":"balance"}
{"level":30,"time":1774237870073,"pid":45104,"hostname":"DESKTOP-KPAMGTB","module":"binance","assets":22,"msg":"balance"}
{"level":30,"time":1774237900330,"pid":45104,"hostname":"DESKTOP-KPAMGTB","module":"binance","assets":22,"msg":"balance"}
{"level":30,"time":1774237930555,"pid":45104,"hostname":"DESKTOP-KPAMGTB","module":"binance","assets":22,"msg":"balance"}
{"level":30,"time":1774237960787,"pid":45104,"hostname":"DESKTOP-KPAMGTB","module":"binance","assets":22,"msg":"balance"}
{"level":30,"time":1774237991297,"pid":45104,"hostname":"DESKTOP-KPAMGTB","module":"binance","assets":22,"msg":"balance"}
{"level":30,"time":1774238021381,"pid":45104,"hostname":"DESKTOP-KPAMGTB","module":"binance","assets":22,"msg":"balance"}
{"level":30,"time":1774238051815,"pid":45104,"hostname":"DESKTOP-KPAMGTB","module":"binance","assets":22,"msg":"balance"}
{"level":30,"time":1774238082041,"pid":45104,"hostname":"DESKTOP-KPAMGTB","module":"binance","assets":22,"msg":"balance"}
{"level":30,"time":1774238111939,"pid":45104,"hostname":"DESKTOP-KPAMGTB","module":"binance","assets":22,"msg":"balance"}
{"level":30,"time":1774238142587,"pid":45104,"hostname":"DESKTOP-KPAMGTB","module":"binance","assets":22,"msg":"balance"}
{"level":30,"time":1774238173062,"pid":45104,"hostname":"DESKTOP-KPAMGTB","module":"binance","assets":22,"msg":"balance"}
{"level":30,"time":1774238202929,"pid":45104,"hostname":"DESKTOP-KPAMGTB","module":"binance","assets":22,"msg":"balance"}
{"level":30,"time":1774238233166,"pid":45104,"hostname":"DESKTOP-KPAMGTB","module":"binance","assets":22,"msg":"balance"}
{"level":30,"time":1774238263482,"pid":45104,"hostname":"DESKTOP-KPAMGTB","module":"binance","assets":22,"msg":"balance"}
{"level":30,"time":1774238294560,"pid":45104,"hostname":"DESKTOP-KPAMGTB","module":"binance","assets":22,"msg":"balance"}
{"level":30,"time":1774238324084,"pid":45104,"hostname":"DESKTOP-KPAMGTB","module":"binance","assets":22,"msg":"balance"}
{"level":30,"time":1774238354458,"pid":45104,"hostname":"DESKTOP-KPAMGTB","module":"binance","assets":22,"msg":"balance"}
{"level":30,"time":1774238384532,"pid":45104,"hostname":"DESKTOP-KPAMGTB","module":"binance","assets":22,"msg":"balance"}
{"level":30,"time":1774238401437,"pid":45104,"hostname":"DESKTOP-KPAMGTB","module":"telegram","msg":"informe horari enviat"}
{"level":30,"time":1774238415451,"pid":45104,"hostname":"DESKTOP-KPAMGTB","module":"binance","assets":22,"msg":"balance"}
{"level":30,"time":1774238443315,"pid":45104,"hostname":"DESKTOP-KPAMGTB","module":"auto-trader","bot":"Solana i Bitcoin a 4 hores (454%)","interval":"4h","symbols":2,"minScore":60,"msg":"iniciant scan de bot"}
{"level":30,"time":1774238444452,"pid":45104,"hostname":"DESKTOP-KPAMGTB","module":"binance","assets":22,"msg":"balance"}
{"level":30,"time":1774238475245,"pid":45104,"hostname":"DESKTOP-KPAMGTB","module":"binance","assets":22,"msg":"balance"}
{"level":30,"time":1774238505607,"pid":45104,"hostname":"DESKTOP-KPAMGTB","module":"binance","assets":22,"msg":"balance"}
{"level":30,"time":1774238535845,"pid":45104,"hostname":"DESKTOP-KPAMGTB","module":"binance","assets":22,"msg":"balance"}
{"level":30,"time":1774238566046,"pid":45104,"hostname":"DESKTOP-KPAMGTB","module":"binance","assets":22,"msg":"balance"}
{"level":30,"time":1774238577538,"pid":45104,"hostname":"DESKTOP-KPAMGTB","module":"binance","assets":22,"msg":"balance"}
{"level":30,"time":1774238596135,"pid":45104,"hostname":"DESKTOP-KPAMGTB","module":"binance","assets":22,"msg":"balance"}
{"level":30,"time":1774238626275,"pid":45104,"hostname":"DESKTOP-KPAMGTB","module":"binance","assets":22,"msg":"balance"}
{"level":30,"time":1774238657218,"pid":45104,"hostname":"DESKTOP-KPAMGTB","module":"binance","assets":22,"msg":"balance"}
{"level":30,"time":1774238686815,"pid":45104,"hostname":"DESKTOP-KPAMGTB","module":"binance","assets":22,"msg":"balance"}
{"level":30,"time":1774238717016,"pid":45104,"hostname":"DESKTOP-KPAMGTB","module":"binance","assets":22,"msg":"balance"}
{"level":30,"time":1774238747233,"pid":45104,"hostname":"DESKTOP-KPAMGTB","module":"binance","assets":22,"msg":"balance"}
{"level":30,"time":1774238778380,"pid":45104,"hostname":"DESKTOP-KPAMGTB","module":"binance","assets":22,"msg":"balance"}
{"level":30,"time":1774238807397,"pid":45104,"hostname":"DESKTOP-KPAMGTB","module":"binance","assets":22,"msg":"balance"}
{"level":30,"time":1774238838265,"pid":45104,"hostname":"DESKTOP-KPAMGTB","module":"binance","assets":22,"msg":"balance"}
{"level":30,"time":1774238868439,"pid":45104,"hostname":"DESKTOP-KPAMGTB","module":"binance","assets":22,"msg":"balance"}
{"level":30,"time":1774238899533,"pid":45104,"hostname":"DESKTOP-KPAMGTB","module":"binance","assets":22,"msg":"balance"}
{"level":30,"time":1774238928947,"pid":45104,"hostname":"DESKTOP-KPAMGTB","module":"binance","assets":22,"msg":"balance"}
{"level":30,"time":1774238959205,"pid":45104,"hostname":"DESKTOP-KPAMGTB","module":"binance","assets":22,"msg":"balance"}
{"level":30,"time":1774238989291,"pid":45104,"hostname":"DESKTOP-KPAMGTB","module":"binance","assets":22,"msg":"balance"}
{"level":30,"time":1774239019552,"pid":45104,"hostname":"DESKTOP-KPAMGTB","module":"binance","assets":22,"msg":"balance"}
{"level":30,"time":1774239049227,"pid":45104,"hostname":"DESKTOP-KPAMGTB","module":"binance","assets":22,"msg":"balance"}
{"level":30,"time":1774239079933,"pid":45104,"hostname":"DESKTOP-KPAMGTB","module":"binance","assets":22,"msg":"balance"}
{"level":30,"time":1774239110169,"pid":45104,"hostname":"DESKTOP-KPAMGTB","module":"binance","assets":22,"msg":"balance"}
{"level":30,"time":1774239140498,"pid":45104,"hostname":"DESKTOP-KPAMGTB","module":"binance","assets":22,"msg":"balance"}
{"level":30,"time":1774239171415,"pid":45104,"hostname":"DESKTOP-KPAMGTB","module":"binance","assets":22,"msg":"balance"}
{"level":30,"time":1774239200977,"pid":45104,"hostname":"DESKTOP-KPAMGTB","module":"binance","assets":22,"msg":"balance"}
{"level":30,"time":1774239231582,"pid":45104,"hostname":"DESKTOP-KPAMGTB","module":"binance","assets":22,"msg":"balance"}
{"level":30,"time":1774239261614,"pid":45104,"hostname":"DESKTOP-KPAMGTB","module":"binance","assets":22,"msg":"balance"}
{"level":30,"time":1774239292023,"pid":45104,"hostname":"DESKTOP-KPAMGTB","module":"binance","assets":22,"msg":"balance"}
{"level":30,"time":1774239321963,"pid":45104,"hostname":"DESKTOP-KPAMGTB","module":"binance","assets":22,"msg":"balance"}
{"level":30,"time":1774239352137,"pid":45104,"hostname":"DESKTOP-KPAMGTB","module":"binance","assets":22,"msg":"balance"}
{"level":30,"time":1774239382319,"pid":45104,"hostname":"DESKTOP-KPAMGTB","module":"binance","assets":22,"msg":"balance"}
{"level":30,"time":1774239412479,"pid":45104,"hostname":"DESKTOP-KPAMGTB","module":"binance","assets":22,"msg":"balance"}
{"level":30,"time":1774239442942,"pid":45104,"hostname":"DESKTOP-KPAMGTB","module":"binance","assets":22,"msg":"balance"}
{"level":30,"time":1774239473042,"pid":45104,"hostname":"DESKTOP-KPAMGTB","module":"binance","assets":22,"msg":"balance"}
{"level":30,"time":1774239477122,"pid":45104,"hostname":"DESKTOP-KPAMGTB","module":"binance","assets":22,"msg":"balance"}
{"level":30,"time":1774239503049,"pid":45104,"hostname":"DESKTOP-KPAMGTB","module":"binance","assets":22,"msg":"balance"}
{"level":30,"time":1774239533663,"pid":45104,"hostname":"DESKTOP-KPAMGTB","module":"binance","assets":22,"msg":"balance"}
{"level":30,"time":1774239564051,"pid":45104,"hostname":"DESKTOP-KPAMGTB","module":"binance","assets":22,"msg":"balance"}
{"level":30,"time":1774239594128,"pid":45104,"hostname":"DESKTOP-KPAMGTB","module":"binance","assets":22,"msg":"balance"}
{"level":30,"time":1774239624330,"pid":45104,"hostname":"DESKTOP-KPAMGTB","module":"binance","assets":22,"msg":"balance"}
{"level":30,"time":1774239654494,"pid":45104,"hostname":"DESKTOP-KPAMGTB","module":"binance","assets":22,"msg":"balance"}
{"level":30,"time":1774239685425,"pid":45104,"hostname":"DESKTOP-KPAMGTB","module":"binance","assets":22,"msg":"balance"}
{"level":30,"time":1774239714955,"pid":45104,"hostname":"DESKTOP-KPAMGTB","module":"binance","assets":22,"msg":"balance"}
{"level":30,"time":1774239745251,"pid":45104,"hostname":"DESKTOP-KPAMGTB","module":"binance","assets":22,"msg":"balance"}
{"level":30,"time":1774239775539,"pid":45104,"hostname":"DESKTOP-KPAMGTB","module":"binance","assets":22,"msg":"balance"}
{"level":30,"time":1774239806434,"pid":45104,"hostname":"DESKTOP-KPAMGTB","module":"binance","assets":22,"msg":"balance"}
{"level":30,"time":1774239835966,"pid":45104,"hostname":"DESKTOP-KPAMGTB","module":"binance","assets":22,"msg":"balance"}
{"level":30,"time":1774239866105,"pid":45104,"hostname":"DESKTOP-KPAMGTB","module":"binance","assets":22,"msg":"balance"}
{"level":30,"time":1774239896258,"pid":45104,"hostname":"DESKTOP-KPAMGTB","module":"binance","assets":22,"msg":"balance"}
{"level":30,"time":1774239927047,"pid":45104,"hostname":"DESKTOP-KPAMGTB","module":"binance","assets":22,"msg":"balance"}
{"level":30,"time":1774239956810,"pid":45104,"hostname":"DESKTOP-KPAMGTB","module":"binance","assets":22,"msg":"balance"}
{"level":30,"time":1774239987233,"pid":45104,"hostname":"DESKTOP-KPAMGTB","module":"binance","assets":22,"msg":"balance"}
{"level":30,"time":1774240017592,"pid":45104,"hostname":"DESKTOP-KPAMGTB","module":"binance","assets":22,"msg":"balance"}
{"level":30,"time":1774240047474,"pid":45104,"hostname":"DESKTOP-KPAMGTB","module":"binance","assets":22,"msg":"balance"}
{"level":30,"time":1774240077805,"pid":45104,"hostname":"DESKTOP-KPAMGTB","module":"binance","assets":22,"msg":"balance"}
{"level":30,"time":1774240107832,"pid":45104,"hostname":"DESKTOP-KPAMGTB","module":"binance","assets":22,"msg":"balance"}
{"level":30,"time":1774240138196,"pid":45104,"hostname":"DESKTOP-KPAMGTB","module":"binance","assets":22,"msg":"balance"}
{"level":30,"time":1774240168554,"pid":45104,"hostname":"DESKTOP-KPAMGTB","module":"binance","assets":22,"msg":"balance"}
{"level":30,"time":1774240198711,"pid":45104,"hostname":"DESKTOP-KPAMGTB","module":"binance","assets":22,"msg":"balance"}
{"level":30,"time":1774240229159,"pid":45104,"hostname":"DESKTOP-KPAMGTB","module":"binance","assets":22,"msg":"balance"}
{"level":30,"time":1774240259349,"pid":45104,"hostname":"DESKTOP-KPAMGTB","module":"binance","assets":22,"msg":"balance"}
{"level":30,"time":1774240289460,"pid":45104,"hostname":"DESKTOP-KPAMGTB","module":"binance","assets":22,"msg":"balance"}
{"level":30,"time":1774240320006,"pid":45104,"hostname":"DESKTOP-KPAMGTB","module":"binance","assets":22,"msg":"balance"}
{"level":30,"time":1774240350173,"pid":45104,"hostname":"DESKTOP-KPAMGTB","module":"binance","assets":22,"msg":"balance"}
{"level":30,"time":1774240377684,"pid":45104,"hostname":"DESKTOP-KPAMGTB","module":"binance","assets":22,"msg":"balance"}
{"level":30,"time":1774240379620,"pid":45104,"hostname":"DESKTOP-KPAMGTB","module":"binance","assets":22,"msg":"balance"}
{"level":30,"time":1774240410355,"pid":45104,"hostname":"DESKTOP-KPAMGTB","module":"binance","assets":22,"msg":"balance"}
{"level":30,"time":1774240440719,"pid":45104,"hostname":"DESKTOP-KPAMGTB","module":"binance","assets":22,"msg":"balance"}
{"level":30,"time":1774240470687,"pid":45104,"hostname":"DESKTOP-KPAMGTB","module":"binance","assets":22,"msg":"balance"}
{"level":30,"time":1774240500875,"pid":45104,"hostname":"DESKTOP-KPAMGTB","module":"binance","assets":22,"msg":"balance"}
{"level":30,"time":1774240531291,"pid":45104,"hostname":"DESKTOP-KPAMGTB","module":"binance","assets":22,"msg":"balance"}
{"level":30,"time":1774240561623,"pid":45104,"hostname":"DESKTOP-KPAMGTB","module":"binance","assets":22,"msg":"balance"}
{"level":30,"time":1774240591663,"pid":45104,"hostname":"DESKTOP-KPAMGTB","module":"binance","assets":22,"msg":"balance"}
{"level":30,"time":1774240621838,"pid":45104,"hostname":"DESKTOP-KPAMGTB","module":"binance","assets":22,"msg":"balance"}
{"level":30,"time":1774240652066,"pid":45104,"hostname":"DESKTOP-KPAMGTB","module":"binance","assets":22,"msg":"balance"}
{"level":30,"time":1774240681842,"pid":45104,"hostname":"DESKTOP-KPAMGTB","module":"binance","assets":22,"msg":"balance"}
{"level":30,"time":1774240712542,"pid":45104,"hostname":"DESKTOP-KPAMGTB","module":"binance","assets":22,"msg":"balance"}
{"level":30,"time":1774240742730,"pid":45104,"hostname":"DESKTOP-KPAMGTB","module":"binance","assets":22,"msg":"balance"}
{"level":30,"time":1774240772869,"pid":45104,"hostname":"DESKTOP-KPAMGTB","module":"binance","assets":22,"msg":"balance"}
{"level":30,"time":1774240803103,"pid":45104,"hostname":"DESKTOP-KPAMGTB","module":"binance","assets":22,"msg":"balance"}
{"level":30,"time":1774240832925,"pid":45104,"hostname":"DESKTOP-KPAMGTB","module":"binance","assets":22,"msg":"balance"}
{"level":30,"time":1774240863618,"pid":45104,"hostname":"DESKTOP-KPAMGTB","module":"binance","assets":22,"msg":"balance"}
{"level":30,"time":1774240893748,"pid":45104,"hostname":"DESKTOP-KPAMGTB","module":"binance","assets":22,"msg":"balance"}
{"level":30,"time":1774240923998,"pid":45104,"hostname":"DESKTOP-KPAMGTB","module":"binance","assets":22,"msg":"balance"}
{"level":30,"time":1774240955136,"pid":45104,"hostname":"DESKTOP-KPAMGTB","module":"binance","assets":22,"msg":"balance"}
{"level":30,"time":1774240984444,"pid":45104,"hostname":"DESKTOP-KPAMGTB","module":"binance","assets":22,"msg":"balance"}
{"level":30,"time":1774241014639,"pid":45104,"hostname":"DESKTOP-KPAMGTB","module":"binance","assets":22,"msg":"balance"}
{"level":30,"time":1774241044832,"pid":45104,"hostname":"DESKTOP-KPAMGTB","module":"binance","assets":22,"msg":"balance"}
{"level":30,"time":1774241075025,"pid":45104,"hostname":"DESKTOP-KPAMGTB","module":"binance","assets":22,"msg":"balance"}
{"level":30,"time":1774241105288,"pid":45104,"hostname":"DESKTOP-KPAMGTB","module":"binance","assets":22,"msg":"balance"}
{"level":30,"time":1774241135502,"pid":45104,"hostname":"DESKTOP-KPAMGTB","module":"binance","assets":22,"msg":"balance"}
{"level":30,"time":1774241166032,"pid":45104,"hostname":"DESKTOP-KPAMGTB","module":"binance","assets":22,"msg":"balance"}
{"level":30,"time":1774241196502,"pid":45104,"hostname":"DESKTOP-KPAMGTB","module":"binance","assets":22,"msg":"balance"}
{"level":30,"time":1774241226366,"pid":45104,"hostname":"DESKTOP-KPAMGTB","module":"binance","assets":22,"msg":"balance"}
{"level":30,"time":1774241256695,"pid":45104,"hostname":"DESKTOP-KPAMGTB","module":"binance","assets":22,"msg":"balance"}
{"level":30,"time":1774241277585,"pid":45104,"hostname":"DESKTOP-KPAMGTB","module":"binance","assets":22,"msg":"balance"}
{"level":30,"time":1774241286766,"pid":45104,"hostname":"DESKTOP-KPAMGTB","module":"binance","assets":22,"msg":"balance"}
{"level":30,"time":1774241316972,"pid":45104,"hostname":"DESKTOP-KPAMGTB","module":"binance","assets":22,"msg":"balance"}
{"level":30,"time":1774241347545,"pid":45104,"hostname":"DESKTOP-KPAMGTB","module":"binance","assets":22,"msg":"balance"}
{"level":30,"time":1774241377438,"pid":45104,"hostname":"DESKTOP-KPAMGTB","module":"binance","assets":22,"msg":"balance"}
{"level":30,"time":1774241407547,"pid":45104,"hostname":"DESKTOP-KPAMGTB","module":"binance","assets":22,"msg":"balance"}
{"level":30,"time":1774241437781,"pid":45104,"hostname":"DESKTOP-KPAMGTB","module":"binance","assets":22,"msg":"balance"}
{"level":30,"time":1774241468304,"pid":45104,"hostname":"DESKTOP-KPAMGTB","module":"binance","assets":22,"msg":"balance"}
{"level":30,"time":1774241498372,"pid":45104,"hostname":"DESKTOP-KPAMGTB","module":"binance","assets":22,"msg":"balance"}
{"level":30,"time":1774241528582,"pid":45104,"hostname":"DESKTOP-KPAMGTB","module":"binance","assets":22,"msg":"balance"}
{"level":30,"time":1774241558708,"pid":45104,"hostname":"DESKTOP-KPAMGTB","module":"binance","assets":22,"msg":"balance"}
{"level":30,"time":1774241589912,"pid":45104,"hostname":"DESKTOP-KPAMGTB","module":"binance","assets":22,"msg":"balance"}
{"level":30,"time":1774241619262,"pid":45104,"hostname":"DESKTOP-KPAMGTB","module":"binance","assets":22,"msg":"balance"}
{"level":30,"time":1774241649704,"pid":45104,"hostname":"DESKTOP-KPAMGTB","module":"binance","assets":22,"msg":"balance"}
{"level":30,"time":1774241679849,"pid":45104,"hostname":"DESKTOP-KPAMGTB","module":"binance","assets":22,"msg":"balance"}
{"level":30,"time":1774241710233,"pid":45104,"hostname":"DESKTOP-KPAMGTB","module":"binance","assets":22,"msg":"balance"}
{"level":30,"time":1774241740185,"pid":45104,"hostname":"DESKTOP-KPAMGTB","module":"binance","assets":22,"msg":"balance"}
{"level":30,"time":1774241770410,"pid":45104,"hostname":"DESKTOP-KPAMGTB","module":"binance","assets":22,"msg":"balance"}
{"level":30,"time":1774241800766,"pid":45104,"hostname":"DESKTOP-KPAMGTB","module":"binance","assets":22,"msg":"balance"}
{"level":30,"time":1774241831396,"pid":45104,"hostname":"DESKTOP-KPAMGTB","module":"binance","assets":22,"msg":"balance"}
{"level":30,"time":1774241861244,"pid":45104,"hostname":"DESKTOP-KPAMGTB","module":"binance","assets":22,"msg":"balance"}
{"level":30,"time":1774241891371,"pid":45104,"hostname":"DESKTOP-KPAMGTB","module":"binance","assets":22,"msg":"balance"}
{"level":30,"time":1774241921708,"pid":45104,"hostname":"DESKTOP-KPAMGTB","module":"binance","assets":22,"msg":"balance"}
{"level":30,"time":1774241951846,"pid":45104,"hostname":"DESKTOP-KPAMGTB","module":"binance","assets":22,"msg":"balance"}
{"level":30,"time":1774241982143,"pid":45104,"hostname":"DESKTOP-KPAMGTB","module":"binance","assets":22,"msg":"balance"}
{"level":30,"time":1774242001387,"pid":45104,"hostname":"DESKTOP-KPAMGTB","module":"telegram","msg":"informe horari enviat"}
{"level":30,"time":1774242012361,"pid":45104,"hostname":"DESKTOP-KPAMGTB","module":"binance","assets":22,"msg":"balance"}
{"level":30,"time":1774242042501,"pid":45104,"hostname":"DESKTOP-KPAMGTB","module":"binance","assets":22,"msg":"balance"}
{"level":30,"time":1774242072734,"pid":45104,"hostname":"DESKTOP-KPAMGTB","module":"binance","assets":22,"msg":"balance"}
{"level":30,"time":1774242103035,"pid":45104,"hostname":"DESKTOP-KPAMGTB","module":"binance","assets":22,"msg":"balance"}
{"level":30,"time":1774242133679,"pid":45104,"hostname":"DESKTOP-KPAMGTB","module":"binance","assets":22,"msg":"balance"}
{"level":30,"time":1774242163375,"pid":45104,"hostname":"DESKTOP-KPAMGTB","module":"binance","assets":22,"msg":"balance"}
{"level":30,"time":1774242177673,"pid":45104,"hostname":"DESKTOP-KPAMGTB","module":"binance","assets":22,"msg":"balance"}
{"level":30,"time":1774242194057,"pid":45104,"hostname":"DESKTOP-KPAMGTB","module":"binance","assets":22,"msg":"balance"}
{"level":30,"time":1774242224428,"pid":45104,"hostname":"DESKTOP-KPAMGTB","module":"binance","assets":22,"msg":"balance"}
{"level":30,"time":1774242254544,"pid":45104,"hostname":"DESKTOP-KPAMGTB","module":"binance","assets":22,"msg":"balance"}
{"level":30,"time":1774242284215,"pid":45104,"hostname":"DESKTOP-KPAMGTB","module":"binance","assets":22,"msg":"balance"}
{"level":30,"time":1774242314887,"pid":45104,"hostname":"DESKTOP-KPAMGTB","module":"binance","assets":22,"msg":"balance"}
{"level":30,"time":1774242345389,"pid":45104,"hostname":"DESKTOP-KPAMGTB","module":"binance","assets":22,"msg":"balance"}
{"level":30,"time":1774242375629,"pid":45104,"hostname":"DESKTOP-KPAMGTB","module":"binance","assets":22,"msg":"balance"}
{"level":30,"time":1774242405817,"pid":45104,"hostname":"DESKTOP-KPAMGTB","module":"binance","assets":22,"msg":"balance"}
{"level":30,"time":1774242436036,"pid":45104,"hostname":"DESKTOP-KPAMGTB","module":"binance","assets":22,"msg":"balance"}
{"level":30,"time":1774242466559,"pid":45104,"hostname":"DESKTOP-KPAMGTB","module":"binance","assets":22,"msg":"balance"}
{"level":30,"time":1774242496308,"pid":45104,"hostname":"DESKTOP-KPAMGTB","module":"binance","assets":22,"msg":"balance"}
{"level":30,"time":1774242526442,"pid":45104,"hostname":"DESKTOP-KPAMGTB","module":"binance","assets":22,"msg":"balance"}
{"level":30,"time":1774242556626,"pid":45104,"hostname":"DESKTOP-KPAMGTB","module":"binance","assets":22,"msg":"balance"}
{"level":30,"time":1774242586780,"pid":45104,"hostname":"DESKTOP-KPAMGTB","module":"binance","assets":22,"msg":"balance"}
{"level":30,"time":1774242617189,"pid":45104,"hostname":"DESKTOP-KPAMGTB","module":"binance","assets":22,"msg":"balance"}
{"level":30,"time":1774242647297,"pid":45104,"hostname":"DESKTOP-KPAMGTB","module":"binance","assets":22,"msg":"balance"}
{"level":30,"time":1774242677576,"pid":45104,"hostname":"DESKTOP-KPAMGTB","module":"binance","assets":22,"msg":"balance"}
{"level":30,"time":1774242707682,"pid":45104,"hostname":"DESKTOP-KPAMGTB","module":"binance","assets":22,"msg":"balance"}
{"level":30,"time":1774242737983,"pid":45104,"hostname":"DESKTOP-KPAMGTB","module":"binance","assets":22,"msg":"balance"}
{"level":30,"time":1774242768161,"pid":45104,"hostname":"DESKTOP-KPAMGTB","module":"binance","assets":22,"msg":"balance"}
{"level":30,"time":1774242798598,"pid":45104,"hostname":"DESKTOP-KPAMGTB","module":"binance","assets":22,"msg":"balance"}
{"level":30,"time":1774242828776,"pid":45104,"hostname":"DESKTOP-KPAMGTB","module":"binance","assets":22,"msg":"balance"}
{"level":30,"time":1774242859733,"pid":45104,"hostname":"DESKTOP-KPAMGTB","module":"binance","assets":22,"msg":"balance"}
{"level":30,"time":1774242888967,"pid":45104,"hostname":"DESKTOP-KPAMGTB","module":"binance","assets":22,"msg":"balance"}
{"level":30,"time":1774242919810,"pid":45104,"hostname":"DESKTOP-KPAMGTB","module":"binance","assets":22,"msg":"balance"}
{"level":30,"time":1774242950022,"pid":45104,"hostname":"DESKTOP-KPAMGTB","module":"binance","assets":22,"msg":"balance"}
{"level":30,"time":1774242980197,"pid":45104,"hostname":"DESKTOP-KPAMGTB","module":"binance","assets":22,"msg":"balance"}
{"level":30,"time":1774243010505,"pid":45104,"hostname":"DESKTOP-KPAMGTB","module":"binance","assets":22,"msg":"balance"}
{"level":30,"time":1774243040610,"pid":45104,"hostname":"DESKTOP-KPAMGTB","module":"binance","assets":22,"msg":"balance"}
{"level":30,"time":1774243070868,"pid":45104,"hostname":"DESKTOP-KPAMGTB","module":"binance","assets":22,"msg":"balance"}
{"level":30,"time":1774243077656,"pid":45104,"hostname":"DESKTOP-KPAMGTB","module":"binance","assets":22,"msg":"balance"}
{"level":30,"time":1774243101232,"pid":45104,"hostname":"DESKTOP-KPAMGTB","module":"binance","assets":22,"msg":"balance"}
{"level":30,"time":1774243132106,"pid":45104,"hostname":"DESKTOP-KPAMGTB","module":"binance","assets":22,"msg":"balance"}
{"level":30,"time":1774243161636,"pid":45104,"hostname":"DESKTOP-KPAMGTB","module":"binance","assets":22,"msg":"balance"}
{"level":30,"time":1774243191837,"pid":45104,"hostname":"DESKTOP-KPAMGTB","module":"binance","assets":22,"msg":"balance"}
{"level":30,"time":1774243222141,"pid":45104,"hostname":"DESKTOP-KPAMGTB","module":"binance","assets":22,"msg":"balance"}
{"level":30,"time":1774243252630,"pid":45104,"hostname":"DESKTOP-KPAMGTB","module":"binance","assets":22,"msg":"balance"}
{"level":30,"time":1774243282615,"pid":45104,"hostname":"DESKTOP-KPAMGTB","module":"binance","assets":22,"msg":"balance"}
{"level":30,"time":1774243312841,"pid":45104,"hostname":"DESKTOP-KPAMGTB","module":"binance","assets":22,"msg":"balance"}
{"level":30,"time":1774243343403,"pid":45104,"hostname":"DESKTOP-KPAMGTB","module":"binance","assets":22,"msg":"balance"}
{"level":30,"time":1774243374062,"pid":45104,"hostname":"DESKTOP-KPAMGTB","module":"binance","assets":22,"msg":"balance"}
{"level":30,"time":1774243403598,"pid":45104,"hostname":"DESKTOP-KPAMGTB","module":"binance","assets":22,"msg":"balance"}
{"level":30,"time":1774243433795,"pid":45104,"hostname":"DESKTOP-KPAMGTB","module":"binance","assets":22,"msg":"balance"}
{"level":30,"time":1774243464063,"pid":45104,"hostname":"DESKTOP-KPAMGTB","module":"binance","assets":22,"msg":"balance"}
{"level":30,"time":1774243494521,"pid":45104,"hostname":"DESKTOP-KPAMGTB","module":"binance","assets":22,"msg":"balance"}
{"level":30,"time":1774243524484,"pid":45104,"hostname":"DESKTOP-KPAMGTB","module":"binance","assets":22,"msg":"balance"}
{"level":30,"time":1774243554988,"pid":45104,"hostname":"DESKTOP-KPAMGTB","module":"binance","assets":22,"msg":"balance"}
{"level":30,"time":1774243585113,"pid":45104,"hostname":"DESKTOP-KPAMGTB","module":"binance","assets":22,"msg":"balance"}
{"level":30,"time":1774243616070,"pid":45104,"hostname":"DESKTOP-KPAMGTB","module":"binance","assets":22,"msg":"balance"}
{"level":30,"time":1774243645605,"pid":45104,"hostname":"DESKTOP-KPAMGTB","module":"binance","assets":22,"msg":"balance"}
{"level":30,"time":1774243675980,"pid":45104,"hostname":"DESKTOP-KPAMGTB","module":"binance","assets":22,"msg":"balance"}
{"level":30,"time":1774243706380,"pid":45104,"hostname":"DESKTOP-KPAMGTB","module":"binance","assets":22,"msg":"balance"}
{"level":30,"time":1774243737248,"pid":45104,"hostname":"DESKTOP-KPAMGTB","module":"binance","assets":22,"msg":"balance"}
{"level":30,"time":1774243766709,"pid":45104,"hostname":"DESKTOP-KPAMGTB","module":"binance","assets":22,"msg":"balance"}
{"level":30,"time":1774243796981,"pid":45104,"hostname":"DESKTOP-KPAMGTB","module":"binance","assets":22,"msg":"balance"}
{"level":30,"time":1774243827033,"pid":45104,"hostname":"DESKTOP-KPAMGTB","module":"binance","assets":22,"msg":"balance"}
{"level":30,"time":1774243857205,"pid":45104,"hostname":"DESKTOP-KPAMGTB","module":"binance","assets":22,"msg":"balance"}
{"level":30,"time":1774243887663,"pid":45104,"hostname":"DESKTOP-KPAMGTB","module":"binance","assets":22,"msg":"balance"}
{"level":30,"time":1774243917414,"pid":45104,"hostname":"DESKTOP-KPAMGTB","module":"binance","assets":22,"msg":"balance"}
{"level":30,"time":1774243948389,"pid":45104,"hostname":"DESKTOP-KPAMGTB","module":"binance","assets":22,"msg":"balance"}
{"level":30,"time":1774243977669,"pid":45104,"hostname":"DESKTOP-KPAMGTB","module":"binance","assets":22,"msg":"balance"}
{"level":30,"time":1774243978598,"pid":45104,"hostname":"DESKTOP-KPAMGTB","module":"binance","assets":22,"msg":"balance"}
{"level":30,"time":1774244008448,"pid":45104,"hostname":"DESKTOP-KPAMGTB","module":"binance","assets":22,"msg":"balance"}
{"level":30,"time":1774244038262,"pid":45104,"hostname":"DESKTOP-KPAMGTB","module":"binance","assets":22,"msg":"balance"}
{"level":30,"time":1774244068932,"pid":45104,"hostname":"DESKTOP-KPAMGTB","module":"binance","assets":22,"msg":"balance"}
{"level":30,"time":1774244099379,"pid":45104,"hostname":"DESKTOP-KPAMGTB","module":"binance","assets":22,"msg":"balance"}
{"level":30,"time":1774244129522,"pid":45104,"hostname":"DESKTOP-KPAMGTB","module":"binance","assets":22,"msg":"balance"}
{"level":30,"time":1774244159313,"pid":45104,"hostname":"DESKTOP-KPAMGTB","module":"binance","assets":22,"msg":"balance"}
{"level":30,"time":1774244190038,"pid":45104,"hostname":"DESKTOP-KPAMGTB","module":"binance","assets":22,"msg":"balance"}
{"level":30,"time":1774244220466,"pid":45104,"hostname":"DESKTOP-KPAMGTB","module":"binance","assets":22,"msg":"balance"}
{"level":30,"time":1774244250401,"pid":45104,"hostname":"DESKTOP-KPAMGTB","module":"binance","assets":22,"msg":"balance"}
{"level":30,"time":1774244280634,"pid":45104,"hostname":"DESKTOP-KPAMGTB","module":"binance","assets":22,"msg":"balance"}
{"level":30,"time":1774244310840,"pid":45104,"hostname":"DESKTOP-KPAMGTB","module":"binance","assets":22,"msg":"balance"}
{"level":30,"time":1774244341284,"pid":45104,"hostname":"DESKTOP-KPAMGTB","module":"binance","assets":22,"msg":"balance"}
{"level":30,"time":1774244371413,"pid":45104,"hostname":"DESKTOP-KPAMGTB","module":"binance","assets":22,"msg":"balance"}
{"level":30,"time":1774244401609,"pid":45104,"hostname":"DESKTOP-KPAMGTB","module":"binance","assets":22,"msg":"balance"}
{"level":30,"time":1774244431919,"pid":45104,"hostname":"DESKTOP-KPAMGTB","module":"binance","assets":22,"msg":"balance"}
{"level":30,"time":1774244462301,"pid":45104,"hostname":"DESKTOP-KPAMGTB","module":"binance","assets":22,"msg":"balance"}
{"level":30,"time":1774244492380,"pid":45104,"hostname":"DESKTOP-KPAMGTB","module":"binance","assets":22,"msg":"balance"}
{"level":30,"time":1774244522680,"pid":45104,"hostname":"DESKTOP-KPAMGTB","module":"binance","assets":22,"msg":"balance"}
{"level":30,"time":1774244552922,"pid":45104,"hostname":"DESKTOP-KPAMGTB","module":"binance","assets":22,"msg":"balance"}
{"level":30,"time":1774244583401,"pid":45104,"hostname":"DESKTOP-KPAMGTB","module":"binance","assets":22,"msg":"balance"}
{"level":30,"time":1774244613395,"pid":45104,"hostname":"DESKTOP-KPAMGTB","module":"binance","assets":22,"msg":"balance"}
{"level":30,"time":1774244643702,"pid":45104,"hostname":"DESKTOP-KPAMGTB","module":"binance","assets":22,"msg":"balance"}
{"level":30,"time":1774244673832,"pid":45104,"hostname":"DESKTOP-KPAMGTB","module":"binance","assets":22,"msg":"balance"}
{"level":30,"time":1774244704361,"pid":45104,"hostname":"DESKTOP-KPAMGTB","module":"binance","assets":22,"msg":"balance"}
{"level":30,"time":1774244734334,"pid":45104,"hostname":"DESKTOP-KPAMGTB","module":"binance","assets":22,"msg":"balance"}
{"level":30,"time":1774244764718,"pid":45104,"hostname":"DESKTOP-KPAMGTB","module":"binance","assets":22,"msg":"balance"}
{"level":30,"time":1774244794830,"pid":45104,"hostname":"DESKTOP-KPAMGTB","module":"binance","assets":22,"msg":"balance"}
{"level":30,"time":1774244825432,"pid":45104,"hostname":"DESKTOP-KPAMGTB","module":"binance","assets":22,"msg":"balance"}
{"level":30,"time":1774244855302,"pid":45104,"hostname":"DESKTOP-KPAMGTB","module":"binance","assets":22,"msg":"balance"}
{"level":30,"time":1774244877659,"pid":45104,"hostname":"DESKTOP-KPAMGTB","module":"binance","assets":22,"msg":"balance"}
{"level":30,"time":1774244885839,"pid":45104,"hostname":"DESKTOP-KPAMGTB","module":"binance","assets":22,"msg":"balance"}
{"level":30,"time":1774244915795,"pid":45104,"hostname":"DESKTOP-KPAMGTB","module":"binance","assets":22,"msg":"balance"}
{"level":30,"time":1774244946200,"pid":45104,"hostname":"DESKTOP-KPAMGTB","module":"binance","assets":22,"msg":"balance"}
{"level":30,"time":1774244976054,"pid":45104,"hostname":"DESKTOP-KPAMGTB","module":"binance","assets":22,"msg":"balance"}
{"level":30,"time":1774245006394,"pid":45104,"hostname":"DESKTOP-KPAMGTB","module":"binance","assets":22,"msg":"balance"}
{"level":30,"time":1774245036665,"pid":45104,"hostname":"DESKTOP-KPAMGTB","module":"binance","assets":22,"msg":"balance"}
{"level":30,"time":1774245067057,"pid":45104,"hostname":"DESKTOP-KPAMGTB","module":"binance","assets":22,"msg":"balance"}
{"level":30,"time":1774245097143,"pid":45104,"hostname":"DESKTOP-KPAMGTB","module":"binance","assets":22,"msg":"balance"}
{"level":30,"time":1774245127725,"pid":45104,"hostname":"DESKTOP-KPAMGTB","module":"binance","assets":22,"msg":"balance"}
{"level":30,"time":1774245157602,"pid":45104,"hostname":"DESKTOP-KPAMGTB","module":"binance","assets":22,"msg":"balance"}
{"level":30,"time":1774245188516,"pid":45104,"hostname":"DESKTOP-KPAMGTB","module":"binance","assets":22,"msg":"balance"}
{"level":30,"time":1774245218148,"pid":45104,"hostname":"DESKTOP-KPAMGTB","module":"binance","assets":22,"msg":"balance"}
{"level":30,"time":1774245248330,"pid":45104,"hostname":"DESKTOP-KPAMGTB","module":"binance","assets":22,"msg":"balance"}
{"level":30,"time":1774245278561,"pid":45104,"hostname":"DESKTOP-KPAMGTB","module":"binance","assets":22,"msg":"balance"}
{"level":30,"time":1774245308708,"pid":45104,"hostname":"DESKTOP-KPAMGTB","module":"binance","assets":22,"msg":"balance"}
{"level":30,"time":1774245338430,"pid":45104,"hostname":"DESKTOP-KPAMGTB","module":"binance","assets":22,"msg":"balance"}
{"level":30,"time":1774245357133,"pid":45104,"hostname":"DESKTOP-KPAMGTB","module":"binance","assets":22,"msg":"balance"}
{"level":30,"time":1774245369113,"pid":45104,"hostname":"DESKTOP-KPAMGTB","module":"binance","assets":22,"msg":"balance"}
{"level":30,"time":1774245375069,"pid":45104,"hostname":"DESKTOP-KPAMGTB","module":"binance","assets":22,"msg":"balance"}
{"level":30,"time":1774245399230,"pid":45104,"hostname":"DESKTOP-KPAMGTB","module":"binance","assets":22,"msg":"balance"}
{"level":30,"time":1774245429628,"pid":45104,"hostname":"DESKTOP-KPAMGTB","module":"binance","assets":22,"msg":"balance"}
{"level":30,"time":1774245460101,"pid":45104,"hostname":"DESKTOP-KPAMGTB","module":"binance","assets":22,"msg":"balance"}
{"level":30,"time":1774245490475,"pid":45104,"hostname":"DESKTOP-KPAMGTB","module":"binance","assets":22,"msg":"balance"}
{"level":30,"time":1774245521000,"pid":45104,"hostname":"DESKTOP-KPAMGTB","module":"binance","assets":22,"msg":"balance"}
{"level":30,"time":1774245551225,"pid":45104,"hostname":"DESKTOP-KPAMGTB","module":"binance","assets":22,"msg":"balance"}
{"level":30,"time":1774245582027,"pid":45104,"hostname":"DESKTOP-KPAMGTB","module":"binance","assets":22,"msg":"balance"}
{"level":30,"time":1774245601690,"pid":45104,"hostname":"DESKTOP-KPAMGTB","module":"telegram","msg":"informe horari enviat"}
{"level":30,"time":1774245611871,"pid":45104,"hostname":"DESKTOP-KPAMGTB","module":"binance","assets":22,"msg":"balance"}
{"level":30,"time":1774245641768,"pid":45104,"hostname":"DESKTOP-KPAMGTB","module":"binance","assets":22,"msg":"balance"}
{"level":30,"time":1774245672023,"pid":45104,"hostname":"DESKTOP-KPAMGTB","module":"binance","assets":22,"msg":"balance"}
{"level":30,"time":1774245702470,"pid":45104,"hostname":"DESKTOP-KPAMGTB","module":"binance","assets":22,"msg":"balance"}
{"level":30,"time":1774245732627,"pid":45104,"hostname":"DESKTOP-KPAMGTB","module":"binance","assets":22,"msg":"balance"}
{"level":30,"time":1774245762825,"pid":45104,"hostname":"DESKTOP-KPAMGTB","module":"binance","assets":22,"msg":"balance"}
{"level":30,"time":1774245777675,"pid":45104,"hostname":"DESKTOP-KPAMGTB","module":"binance","assets":22,"msg":"balance"}
{"level":30,"time":1774245793345,"pid":45104,"hostname":"DESKTOP-KPAMGTB","module":"binance","assets":22,"msg":"balance"}
{"level":30,"time":1774245823724,"pid":45104,"hostname":"DESKTOP-KPAMGTB","module":"binance","assets":22,"msg":"balance"}
{"level":30,"time":1774245853592,"pid":45104,"hostname":"DESKTOP-KPAMGTB","module":"binance","assets":22,"msg":"balance"}
{"level":30,"time":1774245883780,"pid":45104,"hostname":"DESKTOP-KPAMGTB","module":"binance","assets":22,"msg":"balance"}
{"level":30,"time":1774245914398,"pid":45104,"hostname":"DESKTOP-KPAMGTB","module":"binance","assets":22,"msg":"balance"}
{"level":30,"time":1774245944654,"pid":45104,"hostname":"DESKTOP-KPAMGTB","module":"binance","assets":22,"msg":"balance"}
{"level":30,"time":1774245974779,"pid":45104,"hostname":"DESKTOP-KPAMGTB","module":"binance","assets":22,"msg":"balance"}
{"level":30,"time":1774246004917,"pid":45104,"hostname":"DESKTOP-KPAMGTB","module":"binance","assets":22,"msg":"balance"}
{"level":30,"time":1774246035176,"pid":45104,"hostname":"DESKTOP-KPAMGTB","module":"binance","assets":22,"msg":"balance"}
{"level":30,"time":1774246065625,"pid":45104,"hostname":"DESKTOP-KPAMGTB","module":"binance","assets":22,"msg":"balance"}
{"level":30,"time":1774246095694,"pid":45104,"hostname":"DESKTOP-KPAMGTB","module":"binance","assets":22,"msg":"balance"}
{"level":30,"time":1774246126411,"pid":45104,"hostname":"DESKTOP-KPAMGTB","module":"binance","assets":22,"msg":"balance"}
{"level":30,"time":1774246156315,"pid":45104,"hostname":"DESKTOP-KPAMGTB","module":"binance","assets":22,"msg":"balance"}
{"level":30,"time":1774246186793,"pid":45104,"hostname":"DESKTOP-KPAMGTB","module":"binance","assets":22,"msg":"balance"}
{"level":30,"time":1774246216639,"pid":45104,"hostname":"DESKTOP-KPAMGTB","module":"binance","assets":22,"msg":"balance"}
{"level":30,"time":1774246247102,"pid":45104,"hostname":"DESKTOP-KPAMGTB","module":"binance","assets":22,"msg":"balance"}
{"level":30,"time":1774246277157,"pid":45104,"hostname":"DESKTOP-KPAMGTB","module":"binance","assets":22,"msg":"balance"}
{"level":30,"time":1774246307240,"pid":45104,"hostname":"DESKTOP-KPAMGTB","module":"binance","assets":22,"msg":"balance"}
{"level":30,"time":1774246337447,"pid":45104,"hostname":"DESKTOP-KPAMGTB","module":"binance","assets":22,"msg":"balance"}
{"level":30,"time":1774246367656,"pid":45104,"hostname":"DESKTOP-KPAMGTB","module":"binance","assets":22,"msg":"balance"}
{"level":30,"time":1774246398120,"pid":45104,"hostname":"DESKTOP-KPAMGTB","module":"binance","assets":22,"msg":"balance"}
{"level":30,"time":1774246428161,"pid":45104,"hostname":"DESKTOP-KPAMGTB","module":"binance","assets":22,"msg":"balance"}
{"level":30,"time":1774246459243,"pid":45104,"hostname":"DESKTOP-KPAMGTB","module":"binance","assets":22,"msg":"balance"}
{"level":30,"time":1774246488719,"pid":45104,"hostname":"DESKTOP-KPAMGTB","module":"binance","assets":22,"msg":"balance"}
{"level":30,"time":1774246518993,"pid":45104,"hostname":"DESKTOP-KPAMGTB","module":"binance","assets":22,"msg":"balance"}
{"level":30,"time":1774246549203,"pid":45104,"hostname":"DESKTOP-KPAMGTB","module":"binance","assets":22,"msg":"balance"}
{"level":30,"time":1774246579493,"pid":45104,"hostname":"DESKTOP-KPAMGTB","module":"binance","assets":22,"msg":"balance"}
{"level":30,"time":1774246609299,"pid":45104,"hostname":"DESKTOP-KPAMGTB","module":"binance","assets":22,"msg":"balance"}
{"level":30,"time":1774246640392,"pid":45104,"hostname":"DESKTOP-KPAMGTB","module":"binance","assets":22,"msg":"balance"}
{"level":30,"time":1774246670334,"pid":45104,"hostname":"DESKTOP-KPAMGTB","module":"binance","assets":22,"msg":"balance"}
{"level":30,"time":1774246677585,"pid":45104,"hostname":"DESKTOP-KPAMGTB","module":"binance","assets":22,"msg":"balance"}
{"level":30,"time":1774246700462,"pid":45104,"hostname":"DESKTOP-KPAMGTB","module":"binance","assets":22,"msg":"balance"}
{"level":30,"time":1774246731447,"pid":45104,"hostname":"DESKTOP-KPAMGTB","module":"binance","assets":22,"msg":"balance"}
{"level":30,"time":1774246761017,"pid":45104,"hostname":"DESKTOP-KPAMGTB","module":"binance","assets":22,"msg":"balance"}
{"level":30,"time":1774246791168,"pid":45104,"hostname":"DESKTOP-KPAMGTB","module":"binance","assets":22,"msg":"balance"}
{"level":30,"time":1774246821762,"pid":45104,"hostname":"DESKTOP-KPAMGTB","module":"binance","assets":22,"msg":"balance"}
{"level":30,"time":1774246852462,"pid":45104,"hostname":"DESKTOP-KPAMGTB","module":"binance","assets":22,"msg":"balance"}
{"level":30,"time":1774246882073,"pid":45104,"hostname":"DESKTOP-KPAMGTB","module":"binance","assets":22,"msg":"balance"}
{"level":30,"time":1774246912262,"pid":45104,"hostname":"DESKTOP-KPAMGTB","module":"binance","assets":22,"msg":"balance"}
{"level":30,"time":1774246942444,"pid":45104,"hostname":"DESKTOP-KPAMGTB","module":"binance","assets":22,"msg":"balance"}
{"level":30,"time":1774246973372,"pid":45104,"hostname":"DESKTOP-KPAMGTB","module":"binance","assets":22,"msg":"balance"}
{"level":30,"time":1774247003158,"pid":45104,"hostname":"DESKTOP-KPAMGTB","module":"binance","assets":22,"msg":"balance"}
{"level":30,"time":1774247033053,"pid":45104,"hostname":"DESKTOP-KPAMGTB","module":"binance","assets":22,"msg":"balance"}
{"level":30,"time":1774247063375,"pid":45104,"hostname":"DESKTOP-KPAMGTB","module":"binance","assets":22,"msg":"balance"}
{"level":30,"time":1774247093500,"pid":45104,"hostname":"DESKTOP-KPAMGTB","module":"binance","assets":22,"msg":"balance"}
{"level":30,"time":1774247123729,"pid":45104,"hostname":"DESKTOP-KPAMGTB","module":"binance","assets":22,"msg":"balance"}
{"level":30,"time":1774247153943,"pid":45104,"hostname":"DESKTOP-KPAMGTB","module":"binance","assets":22,"msg":"balance"}
{"level":30,"time":1774247184637,"pid":45104,"hostname":"DESKTOP-KPAMGTB","module":"binance","assets":22,"msg":"balance"}
{"level":30,"time":1774247213100,"pid":45104,"hostname":"DESKTOP-KPAMGTB","module":"binance","assets":22,"msg":"balance"}
{"level":30,"time":1774247213106,"pid":45104,"hostname":"DESKTOP-KPAMGTB","module":"binance","assets":22,"msg":"balance"}
{"level":30,"time":1774247214694,"pid":45104,"hostname":"DESKTOP-KPAMGTB","module":"binance","assets":22,"msg":"balance"}
{"level":30,"time":1774247244969,"pid":45104,"hostname":"DESKTOP-KPAMGTB","module":"binance","assets":22,"msg":"balance"}
{"level":30,"time":1774247275289,"pid":45104,"hostname":"DESKTOP-KPAMGTB","module":"binance","assets":22,"msg":"balance"}
{"level":30,"time":1774247281821,"pid":45104,"hostname":"DESKTOP-KPAMGTB","module":"binance","assets":22,"msg":"balance"}
{"level":30,"time":1774247298897,"pid":45104,"hostname":"DESKTOP-KPAMGTB","module":"binance","assets":22,"msg":"balance"}
{"level":30,"time":1774247305190,"pid":45104,"hostname":"DESKTOP-KPAMGTB","module":"binance","assets":22,"msg":"balance"}
{"level":30,"time":1774247335494,"pid":45104,"hostname":"DESKTOP-KPAMGTB","module":"binance","assets":22,"msg":"balance"}
{"level":30,"time":1774247367163,"pid":45104,"hostname":"DESKTOP-KPAMGTB","module":"binance","assets":22,"msg":"balance"}
{"level":30,"time":1774247396240,"pid":45104,"hostname":"DESKTOP-KPAMGTB","module":"binance","assets":22,"msg":"balance"}
{"level":30,"time":1774247400820,"pid":45104,"hostname":"DESKTOP-KPAMGTB","module":"telegram","msg":"informe diari enviat"}
{"level":30,"time":1774247401615,"pid":45104,"hostname":"DESKTOP-KPAMGTB","module":"binance","assets":22,"msg":"balance"}
{"level":30,"time":1774247426152,"pid":45104,"hostname":"DESKTOP-KPAMGTB","module":"binance","assets":22,"msg":"balance"}
{"level":30,"time":1774247456516,"pid":45104,"hostname":"DESKTOP-KPAMGTB","module":"binance","assets":22,"msg":"balance"}
{"level":30,"time":1774247464566,"pid":45104,"hostname":"DESKTOP-KPAMGTB","module":"binance","assets":22,"msg":"balance"}
{"level":30,"time":1774247486851,"pid":45104,"hostname":"DESKTOP-KPAMGTB","module":"binance","assets":22,"msg":"balance"}
{"level":30,"time":1774247516849,"pid":45104,"hostname":"DESKTOP-KPAMGTB","module":"binance","assets":22,"msg":"balance"}
{"level":30,"time":1774247523632,"pid":45104,"hostname":"DESKTOP-KPAMGTB","module":"binance","assets":22,"msg":"balance"}
{"level":30,"time":1774247547159,"pid":45104,"hostname":"DESKTOP-KPAMGTB","module":"binance","assets":22,"msg":"balance"}
{"level":30,"time":1774247553644,"pid":45104,"hostname":"DESKTOP-KPAMGTB","module":"binance","assets":22,"msg":"balance"}
{"level":30,"time":1774247568073,"pid":45104,"hostname":"DESKTOP-KPAMGTB","module":"binance","assets":22,"msg":"balance"}
{"level":30,"time":1774247577585,"pid":45104,"hostname":"DESKTOP-KPAMGTB","module":"binance","assets":22,"msg":"balance"}
{"level":30,"time":1774247577667,"pid":45104,"hostname":"DESKTOP-KPAMGTB","module":"binance","assets":22,"msg":"balance"}
{"level":30,"time":1774247586025,"pid":45104,"hostname":"DESKTOP-KPAMGTB","module":"binance","assets":22,"msg":"balance"}
{"level":30,"time":1774247608243,"pid":45104,"hostname":"DESKTOP-KPAMGTB","module":"binance","assets":22,"msg":"balance"}
{"level":30,"time":1774247637740,"pid":45104,"hostname":"DESKTOP-KPAMGTB","module":"binance","assets":22,"msg":"balance"}
{"level":30,"time":1774247646275,"pid":45104,"hostname":"DESKTOP-KPAMGTB","module":"binance","assets":22,"msg":"balance"}
{"level":30,"time":1774247668076,"pid":45104,"hostname":"DESKTOP-KPAMGTB","module":"binance","assets":22,"msg":"balance"}
{"level":30,"time":1774247697837,"pid":45104,"hostname":"DESKTOP-KPAMGTB","module":"binance","assets":22,"msg":"balance"}
{"level":30,"time":1774247706596,"pid":45104,"hostname":"DESKTOP-KPAMGTB","module":"binance","assets":22,"msg":"balance"}
{"level":30,"time":1774247728927,"pid":45104,"hostname":"DESKTOP-KPAMGTB","module":"binance","assets":22,"msg":"balance"}
{"level":30,"time":1774247758952,"pid":45104,"hostname":"DESKTOP-KPAMGTB","module":"binance","assets":22,"msg":"balance"}
{"level":30,"time":1774247789217,"pid":45104,"hostname":"DESKTOP-KPAMGTB","module":"binance","assets":22,"msg":"balance"}
{"level":30,"time":1774247819832,"pid":45104,"hostname":"DESKTOP-KPAMGTB","module":"binance","assets":22,"msg":"balance"}
{"level":30,"time":1774247850323,"pid":45104,"hostname":"DESKTOP-KPAMGTB","module":"binance","assets":22,"msg":"balance"}
{"level":30,"time":1774247880209,"pid":45104,"hostname":"DESKTOP-KPAMGTB","module":"binance","assets":22,"msg":"balance"}
{"level":30,"time":1774247910505,"pid":45104,"hostname":"DESKTOP-KPAMGTB","module":"binance","assets":22,"msg":"balance"}
{"level":30,"time":1774247940878,"pid":45104,"hostname":"DESKTOP-KPAMGTB","module":"binance","assets":22,"msg":"balance"}
{"level":30,"time":1774247971437,"pid":45104,"hostname":"DESKTOP-KPAMGTB","module":"binance","assets":22,"msg":"balance"}
{"level":30,"time":1774248001319,"pid":45104,"hostname":"DESKTOP-KPAMGTB","module":"binance","assets":22,"msg":"balance"}
{"level":30,"time":1774248031451,"pid":45104,"hostname":"DESKTOP-KPAMGTB","module":"binance","assets":22,"msg":"balance"}
{"level":30,"time":1774248061759,"pid":45104,"hostname":"DESKTOP-KPAMGTB","module":"binance","assets":22,"msg":"balance"}
{"level":30,"time":1774248092153,"pid":45104,"hostname":"DESKTOP-KPAMGTB","module":"binance","assets":22,"msg":"balance"}
{"level":30,"time":1774248122288,"pid":45104,"hostname":"DESKTOP-KPAMGTB","module":"binance","assets":22,"msg":"balance"}
{"level":30,"time":1774248152296,"pid":45104,"hostname":"DESKTOP-KPAMGTB","module":"binance","assets":22,"msg":"balance"}
{"level":30,"time":1774248182535,"pid":45104,"hostname":"DESKTOP-KPAMGTB","module":"binance","assets":22,"msg":"balance"}
{"level":30,"time":1774248212769,"pid":45104,"hostname":"DESKTOP-KPAMGTB","module":"binance","assets":22,"msg":"balance"}
{"level":30,"time":1774248242463,"pid":45104,"hostname":"DESKTOP-KPAMGTB","module":"binance","assets":22,"msg":"balance"}
{"level":30,"time":1774248273248,"pid":45104,"hostname":"DESKTOP-KPAMGTB","module":"binance","assets":22,"msg":"balance"}
{"level":30,"time":1774248303492,"pid":45104,"hostname":"DESKTOP-KPAMGTB","module":"binance","assets":22,"msg":"balance"}
{"level":30,"time":1774248333632,"pid":45104,"hostname":"DESKTOP-KPAMGTB","module":"binance","assets":22,"msg":"balance"}
{"level":30,"time":1774248363438,"pid":45104,"hostname":"DESKTOP-KPAMGTB","module":"binance","assets":22,"msg":"balance"}
{"level":30,"time":1774248394071,"pid":45104,"hostname":"DESKTOP-KPAMGTB","module":"binance","assets":22,"msg":"balance"}
{"level":30,"time":1774248424321,"pid":45104,"hostname":"DESKTOP-KPAMGTB","module":"binance","assets":22,"msg":"balance"}
{"level":30,"time":1774248454907,"pid":45104,"hostname":"DESKTOP-KPAMGTB","module":"binance","assets":22,"msg":"balance"}
{"level":30,"time":1774248477622,"pid":45104,"hostname":"DESKTOP-KPAMGTB","module":"binance","assets":22,"msg":"balance"}
{"level":30,"time":1774248485061,"pid":45104,"hostname":"DESKTOP-KPAMGTB","module":"binance","assets":22,"msg":"balance"}
{"level":30,"time":1774248515122,"pid":45104,"hostname":"DESKTOP-KPAMGTB","module":"binance","assets":22,"msg":"balance"}
{"level":30,"time":1774248545325,"pid":45104,"hostname":"DESKTOP-KPAMGTB","module":"binance","assets":22,"msg":"balance"}
{"level":30,"time":1774248575405,"pid":45104,"hostname":"DESKTOP-KPAMGTB","module":"binance","assets":22,"msg":"balance"}
{"level":30,"time":1774248605759,"pid":45104,"hostname":"DESKTOP-KPAMGTB","module":"binance","assets":22,"msg":"balance"}
{"level":30,"time":1774248635845,"pid":45104,"hostname":"DESKTOP-KPAMGTB","module":"binance","assets":22,"msg":"balance"}
{"level":30,"time":1774248666416,"pid":45104,"hostname":"DESKTOP-KPAMGTB","module":"binance","assets":22,"msg":"balance"}
{"level":30,"time":1774248696307,"pid":45104,"hostname":"DESKTOP-KPAMGTB","module":"binance","assets":22,"msg":"balance"}
{"level":30,"time":1774248726857,"pid":45104,"hostname":"DESKTOP-KPAMGTB","module":"binance","assets":22,"msg":"balance"}
{"level":30,"time":1774248756763,"pid":45104,"hostname":"DESKTOP-KPAMGTB","module":"binance","assets":22,"msg":"balance"}
{"level":30,"time":1774248787100,"pid":45104,"hostname":"DESKTOP-KPAMGTB","module":"binance","assets":22,"msg":"balance"}
{"level":30,"time":1774248817354,"pid":45104,"hostname":"DESKTOP-KPAMGTB","module":"binance","assets":22,"msg":"balance"}
{"level":30,"time":1774248847746,"pid":45104,"hostname":"DESKTOP-KPAMGTB","module":"binance","assets":22,"msg":"balance"}
{"level":30,"time":1774248877899,"pid":45104,"hostname":"DESKTOP-KPAMGTB","module":"binance","assets":22,"msg":"balance"}
{"level":30,"time":1774248908020,"pid":45104,"hostname":"DESKTOP-KPAMGTB","module":"binance","assets":22,"msg":"balance"}
{"level":30,"time":1774248938361,"pid":45104,"hostname":"DESKTOP-KPAMGTB","module":"binance","assets":22,"msg":"balance"}
{"level":30,"time":1774248968759,"pid":45104,"hostname":"DESKTOP-KPAMGTB","module":"binance","assets":22,"msg":"balance"}
{"level":30,"time":1774248998657,"pid":45104,"hostname":"DESKTOP-KPAMGTB","module":"binance","assets":22,"msg":"balance"}
{"level":30,"time":1774249028884,"pid":45104,"hostname":"DESKTOP-KPAMGTB","module":"binance","assets":22,"msg":"balance"}
{"level":30,"time":1774249059074,"pid":45104,"hostname":"DESKTOP-KPAMGTB","module":"binance","assets":22,"msg":"balance"}
{"level":30,"time":1774249089910,"pid":45104,"hostname":"DESKTOP-KPAMGTB","module":"binance","assets":22,"msg":"balance"}
{"level":30,"time":1774249119539,"pid":45104,"hostname":"DESKTOP-KPAMGTB","module":"binance","assets":22,"msg":"balance"}
{"level":30,"time":1774249149916,"pid":45104,"hostname":"DESKTOP-KPAMGTB","module":"binance","assets":22,"msg":"balance"}
{"level":30,"time":1774249179990,"pid":45104,"hostname":"DESKTOP-KPAMGTB","module":"binance","assets":22,"msg":"balance"}
{"level":30,"time":1774249201346,"pid":45104,"hostname":"DESKTOP-KPAMGTB","module":"telegram","msg":"informe horari enviat"}
{"level":30,"time":1774249211028,"pid":45104,"hostname":"DESKTOP-KPAMGTB","module":"binance","assets":22,"msg":"balance"}
{"level":30,"time":1774249240523,"pid":45104,"hostname":"DESKTOP-KPAMGTB","module":"binance","assets":22,"msg":"balance"}
{"level":30,"time":1774249270631,"pid":45104,"hostname":"DESKTOP-KPAMGTB","module":"binance","assets":22,"msg":"balance"}
{"level":30,"time":1774249300849,"pid":45104,"hostname":"DESKTOP-KPAMGTB","module":"binance","assets":22,"msg":"balance"}
{"level":30,"time":1774249331691,"pid":45104,"hostname":"DESKTOP-KPAMGTB","module":"binance","assets":22,"msg":"balance"}
{"level":30,"time":1774249362009,"pid":45104,"hostname":"DESKTOP-KPAMGTB","module":"binance","assets":22,"msg":"balance"}
{"level":30,"time":1774249377690,"pid":45104,"hostname":"DESKTOP-KPAMGTB","module":"binance","assets":22,"msg":"balance"}
{"level":30,"time":1774249391849,"pid":45104,"hostname":"DESKTOP-KPAMGTB","module":"binance","assets":22,"msg":"balance"}
{"level":30,"time":1774249422168,"pid":45104,"hostname":"DESKTOP-KPAMGTB","module":"binance","assets":22,"msg":"balance"}
{"level":30,"time":1774249453024,"pid":45104,"hostname":"DESKTOP-KPAMGTB","module":"binance","assets":22,"msg":"balance"}
{"level":30,"time":1774249482643,"pid":45104,"hostname":"DESKTOP-KPAMGTB","module":"binance","assets":22,"msg":"balance"}
{"level":30,"time":1774249512930,"pid":45104,"hostname":"DESKTOP-KPAMGTB","module":"binance","assets":22,"msg":"balance"}
{"level":30,"time":1774249537102,"pid":45104,"hostname":"DESKTOP-KPAMGTB","module":"binance","assets":22,"msg":"balance"}
{"level":30,"time":1774249537803,"pid":45104,"hostname":"DESKTOP-KPAMGTB","module":"binance","assets":22,"msg":"balance"}
{"level":30,"time":1774249542716,"pid":45104,"hostname":"DESKTOP-KPAMGTB","module":"binance","assets":22,"msg":"balance"}
{"level":30,"time":1774249574405,"pid":45104,"hostname":"DESKTOP-KPAMGTB","module":"binance","assets":22,"msg":"balance"}
{"level":30,"time":1774249588000,"pid":45104,"hostname":"DESKTOP-KPAMGTB","module":"binance","assets":22,"msg":"balance"}
{"level":30,"time":1774249603807,"pid":45104,"hostname":"DESKTOP-KPAMGTB","module":"binance","assets":22,"msg":"balance"}
{"level":30,"time":1774249634065,"pid":45104,"hostname":"DESKTOP-KPAMGTB","module":"binance","assets":22,"msg":"balance"}
{"level":30,"time":1774249664242,"pid":45104,"hostname":"DESKTOP-KPAMGTB","module":"binance","assets":22,"msg":"balance"}
{"level":30,"time":1774249685967,"pid":45104,"hostname":"DESKTOP-KPAMGTB","module":"binance","assets":22,"msg":"balance"}
{"level":30,"time":1774249694953,"pid":45104,"hostname":"DESKTOP-KPAMGTB","module":"binance","assets":22,"msg":"balance"}
{"level":30,"time":1774249711733,"pid":45104,"hostname":"DESKTOP-KPAMGTB","module":"binance","assets":22,"msg":"balance"}
{"level":30,"time":1774249724401,"pid":45104,"hostname":"DESKTOP-KPAMGTB","module":"binance","assets":22,"msg":"balance"}
{"level":30,"time":1774249755156,"pid":45104,"hostname":"DESKTOP-KPAMGTB","module":"binance","assets":22,"msg":"balance"}
{"level":30,"time":1774249785286,"pid":45104,"hostname":"DESKTOP-KPAMGTB","module":"binance","assets":22,"msg":"balance"}
{"level":30,"time":1774249816762,"pid":45104,"hostname":"DESKTOP-KPAMGTB","module":"binance","assets":22,"msg":"balance"}
{"level":30,"time":1774249846085,"pid":45104,"hostname":"DESKTOP-KPAMGTB","module":"binance","assets":22,"msg":"balance"}
{"level":30,"time":1774249860431,"pid":45104,"hostname":"DESKTOP-KPAMGTB","module":"binance","assets":22,"msg":"balance"}
{"level":30,"time":1774249876245,"pid":45104,"hostname":"DESKTOP-KPAMGTB","module":"binance","assets":22,"msg":"balance"}
{"level":30,"time":1774249888798,"pid":45104,"hostname":"DESKTOP-KPAMGTB","module":"binance","assets":22,"msg":"balance"}
{"level":30,"time":1774249890040,"pid":45104,"hostname":"DESKTOP-KPAMGTB","module":"binance","assets":22,"msg":"balance"}
{"level":30,"time":1774249904103,"pid":45104,"hostname":"DESKTOP-KPAMGTB","module":"binance","assets":22,"msg":"balance"}
{"level":30,"time":1774249905862,"pid":45104,"hostname":"DESKTOP-KPAMGTB","module":"binance","assets":22,"msg":"balance"}
{"level":30,"time":1774249936604,"pid":45104,"hostname":"DESKTOP-KPAMGTB","module":"binance","assets":22,"msg":"balance"}
{"level":30,"time":1774249965450,"pid":45104,"hostname":"DESKTOP-KPAMGTB","module":"binance","assets":22,"msg":"balance"}
{"level":30,"time":1774249966407,"pid":45104,"hostname":"DESKTOP-KPAMGTB","module":"binance","assets":22,"msg":"balance"}
{"level":30,"time":1774249997056,"pid":45104,"hostname":"DESKTOP-KPAMGTB","module":"binance","assets":22,"msg":"balance"}
{"level":30,"time":1774250027447,"pid":45104,"hostname":"DESKTOP-KPAMGTB","module":"binance","assets":22,"msg":"balance"}
{"level":30,"time":1774250057611,"pid":45104,"hostname":"DESKTOP-KPAMGTB","module":"binance","assets":22,"msg":"balance"}
{"level":30,"time":1774250088157,"pid":45104,"hostname":"DESKTOP-KPAMGTB","module":"binance","assets":22,"msg":"balance"}
{"level":30,"time":1774250118179,"pid":45104,"hostname":"DESKTOP-KPAMGTB","module":"binance","assets":22,"msg":"balance"}
{"level":30,"time":1774250148270,"pid":45104,"hostname":"DESKTOP-KPAMGTB","module":"binance","assets":22,"msg":"balance"}
{"level":30,"time":1774250178693,"pid":45104,"hostname":"DESKTOP-KPAMGTB","module":"binance","assets":22,"msg":"balance"}
{"level":30,"time":1774250209276,"pid":45104,"hostname":"DESKTOP-KPAMGTB","module":"binance","assets":22,"msg":"balance"}
{"level":30,"time":1774250212333,"pid":45104,"hostname":"DESKTOP-KPAMGTB","module":"binance","assets":22,"msg":"balance"}
{"level":30,"time":1774250239119,"pid":45104,"hostname":"DESKTOP-KPAMGTB","module":"binance","assets":22,"msg":"balance"}
{"level":30,"time":1774250242552,"pid":45104,"hostname":"DESKTOP-KPAMGTB","module":"binance","assets":22,"msg":"balance"}
{"level":30,"time":1774250269235,"pid":45104,"hostname":"DESKTOP-KPAMGTB","module":"binance","assets":22,"msg":"balance"}
{"level":30,"time":1774250272486,"pid":45104,"hostname":"DESKTOP-KPAMGTB","module":"binance","assets":22,"msg":"balance"}
{"level":30,"time":1774250277607,"pid":45104,"hostname":"DESKTOP-KPAMGTB","module":"binance","assets":22,"msg":"balance"}
{"level":30,"time":1774250299554,"pid":45104,"hostname":"DESKTOP-KPAMGTB","module":"binance","assets":22,"msg":"balance"}
{"level":30,"time":1774250302488,"pid":45104,"hostname":"DESKTOP-KPAMGTB","module":"binance","assets":22,"msg":"balance"}
{"level":30,"time":1774250329978,"pid":45104,"hostname":"DESKTOP-KPAMGTB","module":"binance","assets":22,"msg":"balance"}
{"level":30,"time":1774250332619,"pid":45104,"hostname":"DESKTOP-KPAMGTB","module":"binance","assets":22,"msg":"balance"}
{"level":30,"time":1774250360023,"pid":45104,"hostname":"DESKTOP-KPAMGTB","module":"binance","assets":22,"msg":"balance"}
{"level":30,"time":1774250390233,"pid":45104,"hostname":"DESKTOP-KPAMGTB","module":"binance","assets":22,"msg":"balance"}
{"level":30,"time":1774250420618,"pid":45104,"hostname":"DESKTOP-KPAMGTB","module":"binance","assets":22,"msg":"balance"}
{"level":30,"time":1774250450787,"pid":45104,"hostname":"DESKTOP-KPAMGTB","module":"binance","assets":22,"msg":"balance"}
{"level":30,"time":1774250480848,"pid":45104,"hostname":"DESKTOP-KPAMGTB","module":"binance","assets":22,"msg":"balance"}
{"level":30,"time":1774250606022,"pid":45104,"hostname":"DESKTOP-KPAMGTB","module":"binance","assets":22,"msg":"balance"}
{"level":30,"time":1774250612217,"pid":45104,"hostname":"DESKTOP-KPAMGTB","module":"binance","assets":22,"msg":"balance"}
{"level":30,"time":1774250642386,"pid":45104,"hostname":"DESKTOP-KPAMGTB","module":"binance","assets":22,"msg":"balance"}
{"level":30,"time":1774250657580,"pid":45104,"hostname":"DESKTOP-KPAMGTB","module":"binance","assets":22,"msg":"balance"}
{"level":30,"time":1774250663150,"pid":45104,"hostname":"DESKTOP-KPAMGTB","module":"binance","assets":22,"msg":"balance"}
{"level":30,"time":1774250664667,"pid":45104,"hostname":"DESKTOP-KPAMGTB","module":"binance","assets":22,"msg":"balance"}
{"level":30,"time":1774250673014,"pid":45104,"hostname":"DESKTOP-KPAMGTB","module":"binance","assets":22,"msg":"balance"}
{"level":30,"time":1774250704261,"pid":45104,"hostname":"DESKTOP-KPAMGTB","module":"binance","assets":22,"msg":"balance"}
{"level":30,"time":1774250735963,"pid":45104,"hostname":"DESKTOP-KPAMGTB","module":"binance","assets":22,"msg":"balance"}
{"level":30,"time":1774250753815,"pid":45104,"hostname":"DESKTOP-KPAMGTB","module":"binance","assets":22,"msg":"balance"}
{"level":30,"time":1774250769802,"pid":45104,"hostname":"DESKTOP-KPAMGTB","module":"binance","assets":22,"msg":"balance"}
{"level":30,"time":1774250801294,"pid":45104,"hostname":"DESKTOP-KPAMGTB","module":"binance","assets":22,"msg":"balance"}
{"level":30,"time":1774250814257,"pid":45104,"hostname":"DESKTOP-KPAMGTB","module":"binance","assets":22,"msg":"balance"}
{"level":30,"time":1774250820611,"pid":45104,"hostname":"DESKTOP-KPAMGTB","module":"binance","assets":22,"msg":"balance"}
{"level":30,"time":1774250831863,"pid":45104,"hostname":"DESKTOP-KPAMGTB","module":"binance","assets":22,"msg":"balance"}
{"level":30,"time":1774250850696,"pid":45104,"hostname":"DESKTOP-KPAMGTB","module":"binance","assets":22,"msg":"balance"}
{"level":30,"time":1774250862017,"pid":45104,"hostname":"DESKTOP-KPAMGTB","module":"binance","assets":22,"msg":"balance"}
{"level":30,"time":1774250864772,"pid":45104,"hostname":"DESKTOP-KPAMGTB","module":"binance","assets":22,"msg":"balance"}
{"level":30,"time":1774250867039,"pid":45104,"hostname":"DESKTOP-KPAMGTB","module":"binance","assets":22,"msg":"balance"}
{"level":30,"time":1774250869827,"pid":45104,"hostname":"DESKTOP-KPAMGTB","module":"binance","assets":22,"msg":"balance"}
{"level":30,"time":1774250877993,"pid":45104,"hostname":"DESKTOP-KPAMGTB","module":"binance","assets":22,"msg":"balance"}
{"level":30,"time":1774250884544,"pid":45104,"hostname":"DESKTOP-KPAMGTB","module":"binance","assets":22,"msg":"balance"}
{"level":30,"time":1774250886697,"pid":45104,"hostname":"DESKTOP-KPAMGTB","module":"binance","assets":22,"msg":"balance"}
{"level":30,"time":1774250900502,"pid":45104,"hostname":"DESKTOP-KPAMGTB","module":"binance","assets":22,"msg":"balance"}
{"level":30,"time":1774250908236,"pid":45104,"hostname":"DESKTOP-KPAMGTB","module":"binance","assets":22,"msg":"balance"}
{"level":30,"time":1774250928544,"pid":45104,"hostname":"DESKTOP-KPAMGTB","module":"binance","assets":22,"msg":"balance"}
{"level":30,"time":1774250930080,"pid":45104,"hostname":"DESKTOP-KPAMGTB","module":"binance","assets":22,"msg":"balance"}
{"level":30,"time":1774250930442,"pid":45104,"hostname":"DESKTOP-KPAMGTB","module":"binance","assets":22,"msg":"balance"}
{"level":30,"time":1774250931825,"pid":45104,"hostname":"DESKTOP-KPAMGTB","module":"binance","assets":22,"msg":"balance"}
{"level":30,"time":1774250960551,"pid":45104,"hostname":"DESKTOP-KPAMGTB","module":"binance","assets":22,"msg":"balance"}
{"level":30,"time":1774250961130,"pid":45104,"hostname":"DESKTOP-KPAMGTB","module":"binance","assets":22,"msg":"balance"}
{"level":30,"time":1774250990470,"pid":45104,"hostname":"DESKTOP-KPAMGTB","module":"binance","assets":22,"msg":"balance"}
{"level":30,"time":1774250991664,"pid":45104,"hostname":"DESKTOP-KPAMGTB","module":"binance","assets":22,"msg":"balance"}
{"level":30,"time":1774251008851,"pid":45104,"hostname":"DESKTOP-KPAMGTB","module":"binance","assets":22,"msg":"balance"}
{"level":30,"time":1774251010555,"pid":45104,"hostname":"DESKTOP-KPAMGTB","module":"binance","assets":22,"msg":"balance"}
{"level":30,"time":1774251012307,"pid":45104,"hostname":"DESKTOP-KPAMGTB","module":"binance","assets":22,"msg":"balance"}
{"level":30,"time":1774251020477,"pid":45104,"hostname":"DESKTOP-KPAMGTB","module":"binance","assets":22,"msg":"balance"}
{"level":30,"time":1774251021882,"pid":45104,"hostname":"DESKTOP-KPAMGTB","module":"binance","assets":22,"msg":"balance"}
{"level":30,"time":1774251025079,"pid":45104,"hostname":"DESKTOP-KPAMGTB","module":"binance","assets":22,"msg":"balance"}
{"level":30,"time":1774251050495,"pid":45104,"hostname":"DESKTOP-KPAMGTB","module":"binance","assets":22,"msg":"balance"}
{"level":30,"time":1774251066414,"pid":45104,"hostname":"DESKTOP-KPAMGTB","module":"binance","assets":22,"msg":"balance"}
{"level":30,"time":1774251068935,"pid":45104,"hostname":"DESKTOP-KPAMGTB","module":"binance","assets":22,"msg":"balance"}
{"level":30,"time":1774251071416,"pid":45104,"hostname":"DESKTOP-KPAMGTB","module":"binance","assets":22,"msg":"balance"}
{"level":30,"time":1774251073351,"pid":45104,"hostname":"DESKTOP-KPAMGTB","module":"binance","assets":22,"msg":"balance"}
{"level":30,"time":1774251075035,"pid":45104,"hostname":"DESKTOP-KPAMGTB","module":"binance","assets":22,"msg":"balance"}
{"level":30,"time":1774251077750,"pid":45104,"hostname":"DESKTOP-KPAMGTB","module":"binance","assets":22,"msg":"balance"}
{"level":30,"time":1774251090394,"pid":45104,"hostname":"DESKTOP-KPAMGTB","module":"binance","assets":22,"msg":"balance"}
{"level":30,"time":1774251152835,"pid":45104,"hostname":"DESKTOP-KPAMGTB","module":"binance","assets":22,"msg":"balance"}
{"level":30,"time":1774251161314,"pid":45104,"hostname":"DESKTOP-KPAMGTB","module":"binance","assets":22,"msg":"balance"}
{"level":30,"time":1774251171476,"pid":45104,"hostname":"DESKTOP-KPAMGTB","module":"binance","assets":22,"msg":"balance"}
{"level":30,"time":1774251177580,"pid":45104,"hostname":"DESKTOP-KPAMGTB","module":"binance","assets":22,"msg":"balance"}
{"level":30,"time":1774251195249,"pid":45104,"hostname":"DESKTOP-KPAMGTB","module":"binance","assets":22,"msg":"balance"}
{"level":30,"time":1774251206771,"pid":45104,"hostname":"DESKTOP-KPAMGTB","module":"binance","assets":22,"msg":"balance"}
{"level":30,"time":1774251236011,"pid":45104,"hostname":"DESKTOP-KPAMGTB","module":"binance","assets":22,"msg":"balance"}
{"level":30,"time":1774251250923,"pid":45104,"hostname":"DESKTOP-KPAMGTB","module":"binance","assets":22,"msg":"balance"}
{"level":30,"time":1774251266053,"pid":45104,"hostname":"DESKTOP-KPAMGTB","module":"binance","assets":22,"msg":"balance"}
{"level":30,"time":1774251296370,"pid":45104,"hostname":"DESKTOP-KPAMGTB","module":"binance","assets":22,"msg":"balance"}
{"level":30,"time":1774251312218,"pid":45104,"hostname":"DESKTOP-KPAMGTB","module":"binance","assets":22,"msg":"balance"}
{"level":30,"time":1774251374213,"pid":45104,"hostname":"DESKTOP-KPAMGTB","module":"binance","assets":22,"msg":"balance"}
{"level":30,"time":1774251381916,"pid":45104,"hostname":"DESKTOP-KPAMGTB","module":"binance","assets":22,"msg":"balance"}
{"level":30,"time":1774251426257,"pid":45104,"hostname":"DESKTOP-KPAMGTB","module":"binance","assets":22,"msg":"balance"}
{"level":30,"time":1774251470471,"pid":45104,"hostname":"DESKTOP-KPAMGTB","module":"binance","assets":22,"msg":"balance"}
{"level":30,"time":1774251523154,"pid":45104,"hostname":"DESKTOP-KPAMGTB","module":"binance","assets":22,"msg":"balance"}
{"level":30,"time":1774251534560,"pid":45104,"hostname":"DESKTOP-KPAMGTB","module":"binance","assets":22,"msg":"balance"}
{"level":30,"time":1774251550853,"pid":45104,"hostname":"DESKTOP-KPAMGTB","module":"binance","assets":22,"msg":"balance"}
{"level":30,"time":1774251576826,"pid":45104,"hostname":"DESKTOP-KPAMGTB","module":"binance","assets":22,"msg":"balance"}
{"level":30,"time":1774251595475,"pid":45104,"hostname":"DESKTOP-KPAMGTB","module":"binance","assets":22,"msg":"balance"}
{"level":30,"time":1774251607166,"pid":45104,"hostname":"DESKTOP-KPAMGTB","module":"binance","assets":22,"msg":"balance"}
{"level":30,"time":1774251637545,"pid":45104,"hostname":"DESKTOP-KPAMGTB","module":"binance","assets":22,"msg":"balance"}
{"level":30,"time":1774251655643,"pid":45104,"hostname":"DESKTOP-KPAMGTB","module":"binance","assets":22,"msg":"balance"}
{"level":30,"time":1774251666957,"pid":45104,"hostname":"DESKTOP-KPAMGTB","module":"binance","assets":22,"msg":"balance"}
{"level":30,"time":1774251672798,"pid":45104,"hostname":"DESKTOP-KPAMGTB","module":"binance","assets":22,"msg":"balance"}
{"level":30,"time":1774251702743,"pid":45104,"hostname":"DESKTOP-KPAMGTB","module":"binance","assets":22,"msg":"balance"}
{"level":30,"time":1774251716272,"pid":45104,"hostname":"DESKTOP-KPAMGTB","module":"binance","assets":22,"msg":"balance"}
{"level":30,"time":1774251717435,"pid":45104,"hostname":"DESKTOP-KPAMGTB","module":"binance","assets":22,"msg":"balance"}
{"level":30,"time":1774251732859,"pid":45104,"hostname":"DESKTOP-KPAMGTB","module":"binance","assets":22,"msg":"balance"}
{"level":30,"time":1774251754983,"pid":45104,"hostname":"DESKTOP-KPAMGTB","module":"binance","assets":22,"msg":"balance"}
{"level":30,"time":1774251755335,"pid":45104,"hostname":"DESKTOP-KPAMGTB","module":"binance","assets":22,"msg":"balance"}
{"level":30,"time":1774251756050,"pid":45104,"hostname":"DESKTOP-KPAMGTB","module":"binance","assets":22,"msg":"balance"}
{"level":30,"time":1774251762657,"pid":45104,"hostname":"DESKTOP-KPAMGTB","module":"binance","assets":22,"msg":"balance"}
{"level":30,"time":1774251773947,"pid":45104,"hostname":"DESKTOP-KPAMGTB","module":"binance","assets":22,"msg":"balance"}
{"level":30,"time":1774251777717,"pid":45104,"hostname":"DESKTOP-KPAMGTB","module":"binance","assets":22,"msg":"balance"}
{"level":30,"time":1774251780255,"pid":45104,"hostname":"DESKTOP-KPAMGTB","module":"binance","assets":22,"msg":"balance"}
{"level":30,"time":1774251792341,"pid":45104,"hostname":"DESKTOP-KPAMGTB","module":"binance","assets":22,"msg":"balance"}
{"level":30,"time":1774251839185,"pid":45104,"hostname":"DESKTOP-KPAMGTB","module":"binance","assets":22,"msg":"balance"}
{"level":30,"time":1774251847116,"pid":45104,"hostname":"DESKTOP-KPAMGTB","module":"binance","assets":22,"msg":"balance"}
{"level":30,"time":1774251931919,"pid":45104,"hostname":"DESKTOP-KPAMGTB","module":"binance","assets":22,"msg":"balance"}
{"level":30,"time":1774252060337,"pid":45104,"hostname":"DESKTOP-KPAMGTB","module":"binance","assets":22,"msg":"balance"}
{"level":30,"time":1774252080274,"pid":45104,"hostname":"DESKTOP-KPAMGTB","module":"binance","assets":22,"msg":"balance"}
{"level":30,"time":1774252140382,"pid":45104,"hostname":"DESKTOP-KPAMGTB","module":"binance","assets":22,"msg":"balance"}
{"level":30,"time":1774252145022,"pid":45104,"hostname":"DESKTOP-KPAMGTB","module":"binance","assets":22,"msg":"balance"}
{"level":30,"time":1774252194937,"pid":45104,"hostname":"DESKTOP-KPAMGTB","module":"binance","assets":22,"msg":"balance"}
{"level":30,"time":1774252195158,"pid":45104,"hostname":"DESKTOP-KPAMGTB","module":"binance","assets":22,"msg":"balance"}
{"level":30,"time":1774252205628,"pid":45104,"hostname":"DESKTOP-KPAMGTB","module":"binance","assets":22,"msg":"balance"}
{"level":30,"time":1774252219159,"pid":45104,"hostname":"DESKTOP-KPAMGTB","module":"binance","assets":22,"msg":"balance"}
{"level":30,"time":1774252249241,"pid":45104,"hostname":"DESKTOP-KPAMGTB","module":"binance","assets":22,"msg":"balance"}
{"level":30,"time":1774252263228,"pid":45104,"hostname":"DESKTOP-KPAMGTB","module":"binance","assets":22,"msg":"balance"}
{"level":30,"time":1774252265134,"pid":45104,"hostname":"DESKTOP-KPAMGTB","module":"binance","assets":22,"msg":"balance"}
{"level":30,"time":1774252288983,"pid":45104,"hostname":"DESKTOP-KPAMGTB","module":"binance","assets":22,"msg":"balance"}
{"level":30,"time":1774252316411,"pid":45104,"hostname":"DESKTOP-KPAMGTB","module":"binance","assets":22,"msg":"balance"}
{"level":30,"time":1774252378297,"pid":45104,"hostname":"DESKTOP-KPAMGTB","module":"binance","assets":22,"msg":"balance"}
{"level":30,"time":1774252439491,"pid":45104,"hostname":"DESKTOP-KPAMGTB","module":"binance","assets":22,"msg":"balance"}
{"level":30,"time":1774252501008,"pid":45104,"hostname":"DESKTOP-KPAMGTB","module":"binance","assets":22,"msg":"balance"}
{"level":30,"time":1774252561529,"pid":45104,"hostname":"DESKTOP-KPAMGTB","module":"binance","assets":22,"msg":"balance"}
{"level":30,"time":1774252622508,"pid":45104,"hostname":"DESKTOP-KPAMGTB","module":"binance","assets":22,"msg":"balance"}
{"level":30,"time":1774252626283,"pid":45104,"hostname":"DESKTOP-KPAMGTB","module":"binance","assets":22,"msg":"balance"}
{"level":30,"time":1774252626399,"pid":45104,"hostname":"DESKTOP-KPAMGTB","module":"binance","assets":22,"msg":"balance"}
{"level":30,"time":1774252645404,"pid":45104,"hostname":"DESKTOP-KPAMGTB","module":"binance","assets":22,"msg":"balance"}
{"level":30,"time":1774252676097,"pid":45104,"hostname":"DESKTOP-KPAMGTB","module":"binance","assets":22,"msg":"balance"}
{"level":30,"time":1774252679835,"pid":45104,"hostname":"DESKTOP-KPAMGTB","module":"binance","assets":22,"msg":"balance"}
{"level":30,"time":1774252706349,"pid":45104,"hostname":"DESKTOP-KPAMGTB","module":"binance","assets":22,"msg":"balance"}
{"level":30,"time":1774252710227,"pid":45104,"hostname":"DESKTOP-KPAMGTB","module":"binance","assets":22,"msg":"balance"}
{"level":30,"time":1774252736354,"pid":45104,"hostname":"DESKTOP-KPAMGTB","module":"binance","assets":22,"msg":"balance"}
{"level":30,"time":1774252739118,"pid":45104,"hostname":"DESKTOP-KPAMGTB","module":"binance","assets":22,"msg":"balance"}
{"level":30,"time":1774252750699,"pid":45104,"hostname":"DESKTOP-KPAMGTB","module":"binance","assets":22,"msg":"balance"}
{"level":30,"time":1774252767690,"pid":45104,"hostname":"DESKTOP-KPAMGTB","module":"binance","assets":22,"msg":"balance"}
{"level":30,"time":1774252769738,"pid":45104,"hostname":"DESKTOP-KPAMGTB","module":"binance","assets":22,"msg":"balance"}
{"level":30,"time":1774252797292,"pid":45104,"hostname":"DESKTOP-KPAMGTB","module":"binance","assets":22,"msg":"balance"}
{"level":30,"time":1774252800223,"pid":45104,"hostname":"DESKTOP-KPAMGTB","module":"binance","assets":22,"msg":"balance"}
{"level":30,"time":1774252801337,"pid":45104,"hostname":"DESKTOP-KPAMGTB","module":"telegram","msg":"informe horari enviat"}
{"level":30,"time":1774252810871,"pid":45104,"hostname":"DESKTOP-KPAMGTB","module":"binance","assets":22,"msg":"balance"}
{"level":30,"time":1774252827678,"pid":45104,"hostname":"DESKTOP-KPAMGTB","module":"binance","assets":22,"msg":"balance"}
{"level":30,"time":1774252831334,"pid":45104,"hostname":"DESKTOP-KPAMGTB","module":"binance","assets":22,"msg":"balance"}
{"level":30,"time":1774252835564,"pid":45104,"hostname":"DESKTOP-KPAMGTB","module":"binance","assets":22,"msg":"balance"}
{"level":30,"time":1774252837588,"pid":45104,"hostname":"DESKTOP-KPAMGTB","module":"binance","assets":22,"msg":"balance"}
{"level":30,"time":1774252839117,"pid":45104,"hostname":"DESKTOP-KPAMGTB","module":"binance","assets":22,"msg":"balance"}
{"level":30,"time":1774252841282,"pid":45104,"hostname":"DESKTOP-KPAMGTB","module":"binance","assets":22,"msg":"balance"}
{"level":30,"time":1774252845020,"pid":45104,"hostname":"DESKTOP-KPAMGTB","module":"auto-trader","bot":"Solana i Bitcoin a 4 hores (454%)","interval":"4h","symbols":2,"minScore":60,"msg":"iniciant scan de bot"}
{"level":30,"time":1774252855525,"pid":45104,"hostname":"DESKTOP-KPAMGTB","module":"binance","assets":22,"msg":"balance"}
{"level":30,"time":1774252857727,"pid":45104,"hostname":"DESKTOP-KPAMGTB","module":"binance","assets":22,"msg":"balance"}
{"level":30,"time":1774252859710,"pid":45104,"hostname":"DESKTOP-KPAMGTB","module":"binance","assets":22,"msg":"balance"}
{"level":30,"time":1774252868128,"pid":45104,"hostname":"DESKTOP-KPAMGTB","module":"binance","assets":22,"msg":"balance"}
{"level":30,"time":1774252870199,"pid":45104,"hostname":"DESKTOP-KPAMGTB","module":"binance","assets":22,"msg":"balance"}
{"level":30,"time":1774252888745,"pid":45104,"hostname":"DESKTOP-KPAMGTB","module":"binance","assets":22,"msg":"balance"}
{"level":30,"time":1774252900405,"pid":45104,"hostname":"DESKTOP-KPAMGTB","module":"binance","assets":22,"msg":"balance"}
{"level":30,"time":1774252918152,"pid":45104,"hostname":"DESKTOP-KPAMGTB","module":"binance","assets":22,"msg":"balance"}
{"level":30,"time":1774252930903,"pid":45104,"hostname":"DESKTOP-KPAMGTB","module":"binance","assets":22,"msg":"balance"}
{"level":30,"time":1774252931606,"pid":45104,"hostname":"DESKTOP-KPAMGTB","module":"binance","assets":22,"msg":"balance"}
{"level":30,"time":1774252934618,"pid":45104,"hostname":"DESKTOP-KPAMGTB","module":"binance","assets":22,"msg":"balance"}
{"level":30,"time":1774252936333,"pid":45104,"hostname":"DESKTOP-KPAMGTB","module":"binance","assets":22,"msg":"balance"}
{"level":30,"time":1774252943503,"pid":45104,"hostname":"DESKTOP-KPAMGTB","module":"binance","assets":22,"msg":"balance"}
{"level":30,"time":1774252948958,"pid":45104,"hostname":"DESKTOP-KPAMGTB","module":"binance","assets":22,"msg":"balance"}
{"level":30,"time":1774252951711,"pid":45104,"hostname":"DESKTOP-KPAMGTB","module":"binance","assets":22,"msg":"balance"}
{"level":30,"time":1774252960495,"pid":45104,"hostname":"DESKTOP-KPAMGTB","module":"binance","assets":22,"msg":"balance"}
{"level":30,"time":1774252967220,"pid":45104,"hostname":"DESKTOP-KPAMGTB","module":"binance","assets":22,"msg":"balance"}
{"level":30,"time":1774252978715,"pid":45104,"hostname":"DESKTOP-KPAMGTB","module":"binance","assets":22,"msg":"balance"}
{"level":30,"time":1774252997872,"pid":45104,"hostname":"DESKTOP-KPAMGTB","module":"binance","assets":22,"msg":"balance"}
{"level":30,"time":1774252998868,"pid":45104,"hostname":"DESKTOP-KPAMGTB","module":"binance","assets":22,"msg":"balance"}
{"level":30,"time":1774253010016,"pid":45104,"hostname":"DESKTOP-KPAMGTB","module":"binance","assets":22,"msg":"balance"}
{"level":30,"time":1774253031033,"pid":45104,"hostname":"DESKTOP-KPAMGTB","module":"binance","assets":22,"msg":"balance"}
{"level":30,"time":1774253039366,"pid":45104,"hostname":"DESKTOP-KPAMGTB","module":"binance","assets":22,"msg":"balance"}
{"level":30,"time":1774253061530,"pid":45104,"hostname":"DESKTOP-KPAMGTB","module":"binance","assets":22,"msg":"balance"}
{"level":30,"time":1774253070105,"pid":45104,"hostname":"DESKTOP-KPAMGTB","module":"binance","assets":22,"msg":"balance"}
{"level":30,"time":1774253082034,"pid":45104,"hostname":"DESKTOP-KPAMGTB","module":"binance","assets":22,"msg":"balance"}
{"level":30,"time":1774253100430,"pid":45104,"hostname":"DESKTOP-KPAMGTB","module":"binance","assets":22,"msg":"balance"}
{"level":30,"time":1774253112471,"pid":45104,"hostname":"DESKTOP-KPAMGTB","module":"binance","assets":22,"msg":"balance"}
{"level":30,"time":1774253128254,"pid":45104,"hostname":"DESKTOP-KPAMGTB","module":"binance","assets":22,"msg":"balance"}
{"level":30,"time":1774253130396,"pid":45104,"hostname":"DESKTOP-KPAMGTB","module":"binance","assets":22,"msg":"balance"}
{"level":30,"time":1774253158289,"pid":45104,"hostname":"DESKTOP-KPAMGTB","module":"binance","assets":22,"msg":"balance"}
{"level":30,"time":1774253160467,"pid":45104,"hostname":"DESKTOP-KPAMGTB","module":"binance","assets":22,"msg":"balance"}
{"level":30,"time":1774253189299,"pid":45104,"hostname":"DESKTOP-KPAMGTB","module":"binance","assets":22,"msg":"balance"}
{"level":30,"time":1774253190708,"pid":45104,"hostname":"DESKTOP-KPAMGTB","module":"binance","assets":22,"msg":"balance"}
{"level":30,"time":1774253219597,"pid":45104,"hostname":"DESKTOP-KPAMGTB","module":"binance","assets":22,"msg":"balance"}
{"level":30,"time":1774253221084,"pid":45104,"hostname":"DESKTOP-KPAMGTB","module":"binance","assets":22,"msg":"balance"}
{"level":30,"time":1774253250258,"pid":45104,"hostname":"DESKTOP-KPAMGTB","module":"binance","assets":22,"msg":"balance"}
{"level":30,"time":1774253251898,"pid":45104,"hostname":"DESKTOP-KPAMGTB","module":"binance","assets":22,"msg":"balance"}
{"level":30,"time":1774253264477,"pid":45104,"hostname":"DESKTOP-KPAMGTB","module":"binance","assets":22,"msg":"balance"}
{"level":30,"time":1774253274007,"pid":45104,"hostname":"DESKTOP-KPAMGTB","module":"binance","assets":22,"msg":"balance"}
{"level":30,"time":1774253282395,"pid":45104,"hostname":"DESKTOP-KPAMGTB","module":"binance","assets":22,"msg":"balance"}
{"level":30,"time":1774253304799,"pid":45104,"hostname":"DESKTOP-KPAMGTB","module":"binance","assets":22,"msg":"balance"}
{"level":30,"time":1774253312342,"pid":45104,"hostname":"DESKTOP-KPAMGTB","module":"binance","assets":22,"msg":"balance"}
{"level":30,"time":1774253334637,"pid":45104,"hostname":"DESKTOP-KPAMGTB","module":"binance","assets":22,"msg":"balance"}
{"level":30,"time":1774253342604,"pid":45104,"hostname":"DESKTOP-KPAMGTB","module":"binance","assets":22,"msg":"balance"}
{"level":30,"time":1774253366082,"pid":45104,"hostname":"DESKTOP-KPAMGTB","module":"binance","assets":22,"msg":"balance"}
{"level":30,"time":1774253373874,"pid":45104,"hostname":"DESKTOP-KPAMGTB","module":"binance","assets":22,"msg":"balance"}
{"level":30,"time":1774253394906,"pid":45104,"hostname":"DESKTOP-KPAMGTB","module":"binance","assets":22,"msg":"balance"}
{"level":30,"time":1774253403310,"pid":45104,"hostname":"DESKTOP-KPAMGTB","module":"binance","assets":22,"msg":"balance"}
{"level":30,"time":1774253408925,"pid":45104,"hostname":"DESKTOP-KPAMGTB","module":"binance","assets":22,"msg":"balance"}
{"level":30,"time":1774253419439,"pid":45104,"hostname":"DESKTOP-KPAMGTB","module":"binance","assets":22,"msg":"balance"}
{"level":30,"time":1774253425110,"pid":45104,"hostname":"DESKTOP-KPAMGTB","module":"binance","assets":22,"msg":"balance"}
{"level":30,"time":1774253433824,"pid":45104,"hostname":"DESKTOP-KPAMGTB","module":"binance","assets":22,"msg":"balance"}
{"level":30,"time":1774253463974,"pid":45104,"hostname":"DESKTOP-KPAMGTB","module":"binance","assets":22,"msg":"balance"}
{"level":30,"time":1774253469935,"pid":45104,"hostname":"DESKTOP-KPAMGTB","module":"binance","assets":22,"msg":"balance"}
{"level":30,"time":1774253485300,"pid":45104,"hostname":"DESKTOP-KPAMGTB","module":"binance","assets":22,"msg":"balance"}
{"level":30,"time":1774253494253,"pid":45104,"hostname":"DESKTOP-KPAMGTB","module":"binance","assets":22,"msg":"balance"}
{"level":30,"time":1774253502911,"pid":45104,"hostname":"DESKTOP-KPAMGTB","module":"binance","assets":22,"msg":"balance"}
{"level":30,"time":1774253519473,"pid":45104,"hostname":"DESKTOP-KPAMGTB","module":"binance","assets":22,"msg":"balance"}
{"level":30,"time":1774253520545,"pid":45104,"hostname":"DESKTOP-KPAMGTB","module":"binance","assets":22,"msg":"balance"}
{"level":30,"time":1774253521891,"pid":45104,"hostname":"DESKTOP-KPAMGTB","module":"binance","assets":22,"msg":"balance"}
{"level":30,"time":1774253523091,"pid":45104,"hostname":"DESKTOP-KPAMGTB","module":"binance","assets":22,"msg":"balance"}
{"level":30,"time":1774253524392,"pid":45104,"hostname":"DESKTOP-KPAMGTB","module":"binance","assets":22,"msg":"balance"}
{"level":30,"time":1774253544882,"pid":45104,"hostname":"DESKTOP-KPAMGTB","module":"binance","assets":22,"msg":"balance"}
{"level":30,"time":1774253549839,"pid":45104,"hostname":"DESKTOP-KPAMGTB","module":"binance","assets":22,"msg":"balance"}
{"level":30,"time":1774253555228,"pid":45104,"hostname":"DESKTOP-KPAMGTB","module":"binance","assets":22,"msg":"balance"}
{"level":30,"time":1774253584534,"pid":45104,"hostname":"DESKTOP-KPAMGTB","module":"binance","assets":22,"msg":"balance"}
{"level":30,"time":1774253585329,"pid":45104,"hostname":"DESKTOP-KPAMGTB","module":"binance","assets":22,"msg":"balance"}
{"level":30,"time":1774253610423,"pid":45104,"hostname":"DESKTOP-KPAMGTB","module":"binance","assets":22,"msg":"balance"}
{"level":30,"time":1774253616575,"pid":45104,"hostname":"DESKTOP-KPAMGTB","module":"binance","assets":22,"msg":"balance"}
{"level":30,"time":1774253645349,"pid":45104,"hostname":"DESKTOP-KPAMGTB","module":"binance","assets":22,"msg":"balance"}
{"level":30,"time":1774253646926,"pid":45104,"hostname":"DESKTOP-KPAMGTB","module":"binance","assets":22,"msg":"balance"}
{"level":30,"time":1774253669061,"pid":45104,"hostname":"DESKTOP-KPAMGTB","module":"binance","assets":22,"msg":"balance"}
{"level":30,"time":1774253672055,"pid":45104,"hostname":"DESKTOP-KPAMGTB","module":"binance","assets":22,"msg":"balance"}
{"level":30,"time":1774253676459,"pid":45104,"hostname":"DESKTOP-KPAMGTB","module":"binance","assets":22,"msg":"balance"}
{"level":30,"time":1774253706156,"pid":45104,"hostname":"DESKTOP-KPAMGTB","module":"binance","assets":22,"msg":"balance"}
{"level":30,"time":1774253707116,"pid":45104,"hostname":"DESKTOP-KPAMGTB","module":"binance","assets":22,"msg":"balance"}
{"level":30,"time":1774253732723,"pid":45104,"hostname":"DESKTOP-KPAMGTB","module":"binance","assets":22,"msg":"balance"}
{"level":30,"time":1774253737102,"pid":45104,"hostname":"DESKTOP-KPAMGTB","module":"binance","assets":22,"msg":"balance"}
{"level":30,"time":1774253768106,"pid":45104,"hostname":"DESKTOP-KPAMGTB","module":"binance","assets":22,"msg":"balance"}
{"level":30,"time":1774253768366,"pid":45104,"hostname":"DESKTOP-KPAMGTB","module":"binance","assets":22,"msg":"balance"}
{"level":30,"time":1774253797358,"pid":45104,"hostname":"DESKTOP-KPAMGTB","module":"binance","assets":22,"msg":"balance"}
{"level":30,"time":1774253798779,"pid":45104,"hostname":"DESKTOP-KPAMGTB","module":"binance","assets":22,"msg":"balance"}
{"level":30,"time":1774253807500,"pid":45104,"hostname":"DESKTOP-KPAMGTB","module":"binance","assets":22,"msg":"balance"}
{"level":30,"time":1774253811011,"pid":45104,"hostname":"DESKTOP-KPAMGTB","module":"binance","assets":22,"msg":"balance"}
{"level":30,"time":1774253828071,"pid":45104,"hostname":"DESKTOP-KPAMGTB","module":"binance","assets":22,"msg":"balance"}
{"level":30,"time":1774253828288,"pid":45104,"hostname":"DESKTOP-KPAMGTB","module":"binance","assets":22,"msg":"balance"}
{"level":30,"time":1774253835213,"pid":45104,"hostname":"DESKTOP-KPAMGTB","module":"binance","assets":22,"msg":"balance"}
{"level":30,"time":1774253850239,"pid":45104,"hostname":"DESKTOP-KPAMGTB","module":"binance","assets":22,"msg":"balance"}
{"level":30,"time":1774253859409,"pid":45104,"hostname":"DESKTOP-KPAMGTB","module":"binance","assets":22,"msg":"balance"}
{"level":30,"time":1774253871527,"pid":45104,"hostname":"DESKTOP-KPAMGTB","module":"binance","assets":22,"msg":"balance"}
{"level":30,"time":1774253877568,"pid":45104,"hostname":"DESKTOP-KPAMGTB","module":"binance","assets":22,"msg":"balance"}
{"level":30,"time":1774253880203,"pid":45104,"hostname":"DESKTOP-KPAMGTB","module":"binance","assets":22,"msg":"balance"}
{"level":30,"time":1774253890029,"pid":45104,"hostname":"DESKTOP-KPAMGTB","module":"binance","assets":22,"msg":"balance"}
{"level":30,"time":1774253911343,"pid":45104,"hostname":"DESKTOP-KPAMGTB","module":"binance","assets":22,"msg":"balance"}
{"level":30,"time":1774253919654,"pid":45104,"hostname":"DESKTOP-KPAMGTB","module":"binance","assets":22,"msg":"balance"}
{"level":30,"time":1774253931542,"pid":45104,"hostname":"DESKTOP-KPAMGTB","module":"binance","assets":22,"msg":"balance"}
{"level":30,"time":1774253941681,"pid":45104,"hostname":"DESKTOP-KPAMGTB","module":"binance","assets":22,"msg":"balance"}
{"level":30,"time":1774253949865,"pid":45104,"hostname":"DESKTOP-KPAMGTB","module":"binance","assets":22,"msg":"balance"}
{"level":30,"time":1774253950211,"pid":45104,"hostname":"DESKTOP-KPAMGTB","module":"binance","assets":22,"msg":"balance"}
{"level":30,"time":1774253952463,"pid":45104,"hostname":"DESKTOP-KPAMGTB","module":"binance","assets":22,"msg":"balance"}
{"level":30,"time":1774253972099,"pid":45104,"hostname":"DESKTOP-KPAMGTB","module":"binance","assets":22,"msg":"balance"}
{"level":30,"time":1774253980501,"pid":45104,"hostname":"DESKTOP-KPAMGTB","module":"binance","assets":22,"msg":"balance"}
{"level":30,"time":1774253982609,"pid":45104,"hostname":"DESKTOP-KPAMGTB","module":"binance","assets":22,"msg":"balance"}
{"level":30,"time":1774253986012,"pid":45104,"hostname":"DESKTOP-KPAMGTB","module":"binance","assets":22,"msg":"balance"}
{"level":30,"time":1774254002653,"pid":45104,"hostname":"DESKTOP-KPAMGTB","module":"binance","assets":22,"msg":"balance"}
{"level":30,"time":1774254010946,"pid":45104,"hostname":"DESKTOP-KPAMGTB","module":"binance","assets":22,"msg":"balance"}
{"level":30,"time":1774254013701,"pid":45104,"hostname":"DESKTOP-KPAMGTB","module":"binance","assets":22,"msg":"balance"}
{"level":30,"time":1774254032537,"pid":45104,"hostname":"DESKTOP-KPAMGTB","module":"binance","assets":22,"msg":"balance"}
{"level":30,"time":1774254040720,"pid":45104,"hostname":"DESKTOP-KPAMGTB","module":"binance","assets":22,"msg":"balance"}
{"level":30,"time":1774254043820,"pid":45104,"hostname":"DESKTOP-KPAMGTB","module":"binance","assets":22,"msg":"balance"}
{"level":30,"time":1774254063583,"pid":45104,"hostname":"DESKTOP-KPAMGTB","module":"binance","assets":22,"msg":"balance"}
{"level":30,"time":1774254071217,"pid":45104,"hostname":"DESKTOP-KPAMGTB","module":"binance","assets":22,"msg":"balance"}
{"level":30,"time":1774254073693,"pid":45104,"hostname":"DESKTOP-KPAMGTB","module":"binance","assets":22,"msg":"balance"}
{"level":30,"time":1774254094051,"pid":45104,"hostname":"DESKTOP-KPAMGTB","module":"binance","assets":22,"msg":"balance"}
{"level":30,"time":1774254100728,"pid":45104,"hostname":"DESKTOP-KPAMGTB","module":"binance","assets":22,"msg":"balance"}
{"level":30,"time":1774254103858,"pid":45104,"hostname":"DESKTOP-KPAMGTB","module":"binance","assets":22,"msg":"balance"}
{"level":30,"time":1774254108852,"pid":45104,"hostname":"DESKTOP-KPAMGTB","module":"binance","assets":22,"msg":"balance"}
{"level":30,"time":1774254124808,"pid":45104,"hostname":"DESKTOP-KPAMGTB","module":"binance","assets":22,"msg":"balance"}
{"level":30,"time":1774254131729,"pid":45104,"hostname":"DESKTOP-KPAMGTB","module":"binance","assets":22,"msg":"balance"}
{"level":30,"time":1774254139231,"pid":45104,"hostname":"DESKTOP-KPAMGTB","module":"binance","assets":22,"msg":"balance"}
{"level":30,"time":1774254154690,"pid":45104,"hostname":"DESKTOP-KPAMGTB","module":"binance","assets":22,"msg":"balance"}
{"level":30,"time":1774254162064,"pid":45104,"hostname":"DESKTOP-KPAMGTB","module":"binance","assets":22,"msg":"balance"}
{"level":30,"time":1774254168863,"pid":45104,"hostname":"DESKTOP-KPAMGTB","module":"binance","assets":22,"msg":"balance"}
{"level":30,"time":1774254185193,"pid":45104,"hostname":"DESKTOP-KPAMGTB","module":"binance","assets":22,"msg":"balance"}
{"level":30,"time":1774254192350,"pid":45104,"hostname":"DESKTOP-KPAMGTB","module":"binance","assets":22,"msg":"balance"}
{"level":30,"time":1774254198875,"pid":45104,"hostname":"DESKTOP-KPAMGTB","module":"binance","assets":22,"msg":"balance"}
{"level":30,"time":1774254206770,"pid":45104,"hostname":"DESKTOP-KPAMGTB","module":"binance","assets":22,"msg":"balance"}
{"level":30,"time":1774254215517,"pid":45104,"hostname":"DESKTOP-KPAMGTB","module":"binance","assets":22,"msg":"balance"}
{"level":30,"time":1774254215621,"pid":45104,"hostname":"DESKTOP-KPAMGTB","module":"binance","assets":22,"msg":"balance"}
{"level":30,"time":1774254222260,"pid":45104,"hostname":"DESKTOP-KPAMGTB","module":"binance","assets":22,"msg":"balance"}
{"level":30,"time":1774254230463,"pid":45104,"hostname":"DESKTOP-KPAMGTB","module":"binance","assets":22,"msg":"balance"}
{"level":30,"time":1774254245862,"pid":45104,"hostname":"DESKTOP-KPAMGTB","module":"binance","assets":22,"msg":"balance"}
{"level":30,"time":1774254251933,"pid":45104,"hostname":"DESKTOP-KPAMGTB","module":"binance","assets":22,"msg":"balance"}
{"level":30,"time":1774254252959,"pid":45104,"hostname":"DESKTOP-KPAMGTB","module":"binance","assets":22,"msg":"balance"}
{"level":30,"time":1774254276589,"pid":45104,"hostname":"DESKTOP-KPAMGTB","module":"binance","assets":22,"msg":"balance"}
{"level":30,"time":1774254278730,"pid":45104,"hostname":"DESKTOP-KPAMGTB","module":"binance","assets":22,"msg":"balance"}
{"level":30,"time":1774254282473,"pid":45104,"hostname":"DESKTOP-KPAMGTB","module":"binance","assets":22,"msg":"balance"}
{"level":30,"time":1774254306802,"pid":45104,"hostname":"DESKTOP-KPAMGTB","module":"binance","assets":22,"msg":"balance"}
{"level":30,"time":1774254313323,"pid":45104,"hostname":"DESKTOP-KPAMGTB","module":"binance","assets":22,"msg":"balance"}
{"level":30,"time":1774254337056,"pid":45104,"hostname":"DESKTOP-KPAMGTB","module":"binance","assets":22,"msg":"balance"}
{"level":30,"time":1774254343475,"pid":45104,"hostname":"DESKTOP-KPAMGTB","module":"binance","assets":22,"msg":"balance"}
{"level":30,"time":1774254367477,"pid":45104,"hostname":"DESKTOP-KPAMGTB","module":"binance","assets":22,"msg":"balance"}
{"level":30,"time":1774254374500,"pid":45104,"hostname":"DESKTOP-KPAMGTB","module":"binance","assets":22,"msg":"balance"}
{"level":30,"time":1774254397834,"pid":45104,"hostname":"DESKTOP-KPAMGTB","module":"binance","assets":22,"msg":"balance"}
{"level":30,"time":1774254404509,"pid":45104,"hostname":"DESKTOP-KPAMGTB","module":"binance","assets":22,"msg":"balance"}
{"level":30,"time":1774254428429,"pid":45104,"hostname":"DESKTOP-KPAMGTB","module":"binance","assets":22,"msg":"balance"}
{"level":30,"time":1774254434579,"pid":45104,"hostname":"DESKTOP-KPAMGTB","module":"binance","assets":22,"msg":"balance"}
{"level":30,"time":1774254449178,"pid":45104,"hostname":"DESKTOP-KPAMGTB","module":"binance","assets":22,"msg":"balance"}
{"level":30,"time":1774254458719,"pid":45104,"hostname":"DESKTOP-KPAMGTB","module":"binance","assets":22,"msg":"balance"}
{"level":30,"time":1774254459287,"pid":45104,"hostname":"DESKTOP-KPAMGTB","module":"binance","assets":22,"msg":"balance"}
{"level":30,"time":1774254465059,"pid":45104,"hostname":"DESKTOP-KPAMGTB","module":"binance","assets":22,"msg":"balance"}
{"level":30,"time":1774254471928,"pid":45104,"hostname":"DESKTOP-KPAMGTB","module":"binance","assets":22,"msg":"balance"}
{"level":30,"time":1774254489239,"pid":45104,"hostname":"DESKTOP-KPAMGTB","module":"binance","assets":22,"msg":"balance"}
{"level":30,"time":1774254493623,"pid":45104,"hostname":"DESKTOP-KPAMGTB","module":"binance","assets":22,"msg":"balance"}
{"level":30,"time":1774254495447,"pid":45104,"hostname":"DESKTOP-KPAMGTB","module":"binance","assets":22,"msg":"balance"}
{"level":30,"time":1774254519260,"pid":45104,"hostname":"DESKTOP-KPAMGTB","module":"binance","assets":22,"msg":"balance"}
{"level":30,"time":1774254524762,"pid":45104,"hostname":"DESKTOP-KPAMGTB","module":"binance","assets":22,"msg":"balance"}
{"level":30,"time":1774254525824,"pid":45104,"hostname":"DESKTOP-KPAMGTB","module":"binance","assets":22,"msg":"balance"}
{"level":30,"time":1774254531785,"pid":45104,"hostname":"DESKTOP-KPAMGTB","module":"binance","assets":22,"msg":"balance"}
{"level":30,"time":1774254531967,"pid":45104,"hostname":"DESKTOP-KPAMGTB","module":"binance","assets":22,"msg":"balance"}
{"level":30,"time":1774254543100,"pid":45104,"hostname":"DESKTOP-KPAMGTB","module":"binance","assets":22,"msg":"balance"}
{"level":30,"time":1774254549228,"pid":45104,"hostname":"DESKTOP-KPAMGTB","module":"binance","assets":22,"msg":"balance"}
{"level":30,"time":1774254555033,"pid":45104,"hostname":"DESKTOP-KPAMGTB","module":"binance","assets":22,"msg":"balance"}
{"level":30,"time":1774254555569,"pid":45104,"hostname":"DESKTOP-KPAMGTB","module":"binance","assets":22,"msg":"balance"}
{"level":30,"time":1774254573183,"pid":45104,"hostname":"DESKTOP-KPAMGTB","module":"binance","assets":22,"msg":"balance"}
{"level":30,"time":1774254579265,"pid":45104,"hostname":"DESKTOP-KPAMGTB","module":"binance","assets":22,"msg":"balance"}
{"level":30,"time":1774254585344,"pid":45104,"hostname":"DESKTOP-KPAMGTB","module":"binance","assets":22,"msg":"balance"}
{"level":30,"time":1774254586078,"pid":45104,"hostname":"DESKTOP-KPAMGTB","module":"binance","assets":22,"msg":"balance"}
{"level":30,"time":1774254603172,"pid":45104,"hostname":"DESKTOP-KPAMGTB","module":"binance","assets":22,"msg":"balance"}
{"level":30,"time":1774254615699,"pid":45104,"hostname":"DESKTOP-KPAMGTB","module":"binance","assets":22,"msg":"balance"}
{"level":30,"time":1774254616792,"pid":45104,"hostname":"DESKTOP-KPAMGTB","module":"binance","assets":22,"msg":"balance"}
{"level":30,"time":1774254632433,"pid":45104,"hostname":"DESKTOP-KPAMGTB","module":"binance","assets":22,"msg":"balance"}
{"level":30,"time":1774254639962,"pid":45104,"hostname":"DESKTOP-KPAMGTB","module":"binance","assets":22,"msg":"balance"}
{"level":30,"time":1774254646468,"pid":45104,"hostname":"DESKTOP-KPAMGTB","module":"binance","assets":22,"msg":"balance"}
{"level":30,"time":1774254651743,"pid":45104,"hostname":"DESKTOP-KPAMGTB","module":"binance","assets":22,"msg":"balance"}
{"level":30,"time":1774254662225,"pid":45104,"hostname":"DESKTOP-KPAMGTB","module":"binance","assets":22,"msg":"balance"}
{"level":30,"time":1774254665679,"pid":45104,"hostname":"DESKTOP-KPAMGTB","module":"binance","assets":22,"msg":"balance"}
{"level":30,"time":1774254677844,"pid":45104,"hostname":"DESKTOP-KPAMGTB","module":"binance","assets":22,"msg":"balance"}
{"level":30,"time":1774254697450,"pid":45104,"hostname":"DESKTOP-KPAMGTB","module":"binance","assets":22,"msg":"balance"}
{"level":30,"time":1774254707413,"pid":45104,"hostname":"DESKTOP-KPAMGTB","module":"binance","assets":22,"msg":"balance"}
{"level":30,"time":1774254729335,"pid":45104,"hostname":"DESKTOP-KPAMGTB","module":"binance","assets":22,"msg":"balance"}
{"level":30,"time":1774254738751,"pid":45104,"hostname":"DESKTOP-KPAMGTB","module":"binance","assets":22,"msg":"balance"}
{"level":30,"time":1774254759992,"pid":45104,"hostname":"DESKTOP-KPAMGTB","module":"binance","assets":22,"msg":"balance"}
{"level":30,"time":1774254768808,"pid":45104,"hostname":"DESKTOP-KPAMGTB","module":"binance","assets":22,"msg":"balance"}
{"level":30,"time":1774254777597,"pid":45104,"hostname":"DESKTOP-KPAMGTB","module":"binance","assets":22,"msg":"balance"}
{"level":30,"time":1774254789998,"pid":45104,"hostname":"DESKTOP-KPAMGTB","module":"binance","assets":22,"msg":"balance"}
{"level":30,"time":1774254798750,"pid":45104,"hostname":"DESKTOP-KPAMGTB","module":"binance","assets":22,"msg":"balance"}
{"level":30,"time":1774254820487,"pid":45104,"hostname":"DESKTOP-KPAMGTB","module":"binance","assets":22,"msg":"balance"}
{"level":30,"time":1774254829440,"pid":45104,"hostname":"DESKTOP-KPAMGTB","module":"binance","assets":22,"msg":"balance"}
{"level":30,"time":1774254851175,"pid":45104,"hostname":"DESKTOP-KPAMGTB","module":"binance","assets":22,"msg":"balance"}
{"level":30,"time":1774254859581,"pid":45104,"hostname":"DESKTOP-KPAMGTB","module":"binance","assets":22,"msg":"balance"}
{"level":30,"time":1774254881250,"pid":45104,"hostname":"DESKTOP-KPAMGTB","module":"binance","assets":22,"msg":"balance"}
{"level":30,"time":1774254888931,"pid":45104,"hostname":"DESKTOP-KPAMGTB","module":"binance","assets":22,"msg":"balance"}
{"level":30,"time":1774254889588,"pid":45104,"hostname":"DESKTOP-KPAMGTB","module":"binance","assets":22,"msg":"balance"}
{"level":30,"time":1774254919242,"pid":45104,"hostname":"DESKTOP-KPAMGTB","module":"binance","assets":22,"msg":"balance"}
{"level":30,"time":1774254919568,"pid":45104,"hostname":"DESKTOP-KPAMGTB","module":"binance","assets":22,"msg":"balance"}
{"level":30,"time":1774254943576,"pid":45104,"hostname":"DESKTOP-KPAMGTB","module":"binance","assets":22,"msg":"balance"}
{"level":30,"time":1774254950435,"pid":45104,"hostname":"DESKTOP-KPAMGTB","module":"binance","assets":22,"msg":"balance"}
{"level":30,"time":1774254975083,"pid":45104,"hostname":"DESKTOP-KPAMGTB","module":"binance","assets":22,"msg":"balance"}
{"level":30,"time":1774254981277,"pid":45104,"hostname":"DESKTOP-KPAMGTB","module":"binance","assets":22,"msg":"balance"}
{"level":30,"time":1774255002209,"pid":45104,"hostname":"DESKTOP-KPAMGTB","module":"binance","assets":22,"msg":"balance"}
{"level":30,"time":1774255002563,"pid":45104,"hostname":"DESKTOP-KPAMGTB","module":"binance","assets":22,"msg":"balance"}
{"level":30,"time":1774255004741,"pid":45104,"hostname":"DESKTOP-KPAMGTB","module":"binance","assets":22,"msg":"balance"}
{"level":30,"time":1774255011140,"pid":45104,"hostname":"DESKTOP-KPAMGTB","module":"binance","assets":22,"msg":"balance"}
{"level":30,"time":1774255015667,"pid":45104,"hostname":"DESKTOP-KPAMGTB","module":"binance","assets":22,"msg":"balance"}
{"level":30,"time":1774255036162,"pid":45104,"hostname":"DESKTOP-KPAMGTB","module":"binance","assets":22,"msg":"balance"}
{"level":30,"time":1774255041733,"pid":45104,"hostname":"DESKTOP-KPAMGTB","module":"binance","assets":22,"msg":"balance"}
{"level":30,"time":1774255066503,"pid":45104,"hostname":"DESKTOP-KPAMGTB","module":"binance","assets":22,"msg":"balance"}
{"level":30,"time":1774255071231,"pid":45104,"hostname":"DESKTOP-KPAMGTB","module":"binance","assets":22,"msg":"balance"}
{"level":30,"time":1774255097338,"pid":45104,"hostname":"DESKTOP-KPAMGTB","module":"binance","assets":22,"msg":"balance"}
{"level":30,"time":1774255102171,"pid":45104,"hostname":"DESKTOP-KPAMGTB","module":"binance","assets":22,"msg":"balance"}
{"level":30,"time":1774255127655,"pid":45104,"hostname":"DESKTOP-KPAMGTB","module":"binance","assets":22,"msg":"balance"}
{"level":30,"time":1774255131787,"pid":45104,"hostname":"DESKTOP-KPAMGTB","module":"binance","assets":22,"msg":"balance"}
{"level":30,"time":1774255158024,"pid":45104,"hostname":"DESKTOP-KPAMGTB","module":"binance","assets":22,"msg":"balance"}
{"level":30,"time":1774255162040,"pid":45104,"hostname":"DESKTOP-KPAMGTB","module":"binance","assets":22,"msg":"balance"}
{"level":30,"time":1774255171795,"pid":45104,"hostname":"DESKTOP-KPAMGTB","module":"binance","assets":22,"msg":"balance"}
{"level":30,"time":1774255192842,"pid":45104,"hostname":"DESKTOP-KPAMGTB","module":"binance","assets":22,"msg":"balance"}
{"level":30,"time":1774255223418,"pid":45104,"hostname":"DESKTOP-KPAMGTB","module":"binance","assets":22,"msg":"balance"}
{"level":30,"time":1774255242881,"pid":45104,"hostname":"DESKTOP-KPAMGTB","module":"binance","assets":22,"msg":"balance"}
{"level":30,"time":1774255253845,"pid":45104,"hostname":"DESKTOP-KPAMGTB","module":"binance","assets":22,"msg":"balance"}
{"level":30,"time":1774255273723,"pid":45104,"hostname":"DESKTOP-KPAMGTB","module":"binance","assets":22,"msg":"balance"}
{"level":30,"time":1774255283906,"pid":45104,"hostname":"DESKTOP-KPAMGTB","module":"binance","assets":22,"msg":"balance"}
{"level":30,"time":1774255304164,"pid":45104,"hostname":"DESKTOP-KPAMGTB","module":"binance","assets":22,"msg":"balance"}
{"level":30,"time":1774255314060,"pid":45104,"hostname":"DESKTOP-KPAMGTB","module":"binance","assets":22,"msg":"balance"}
{"level":30,"time":1774255334413,"pid":45104,"hostname":"DESKTOP-KPAMGTB","module":"binance","assets":22,"msg":"balance"}
{"level":30,"time":1774255344623,"pid":45104,"hostname":"DESKTOP-KPAMGTB","module":"binance","assets":22,"msg":"balance"}
{"level":30,"time":1774255364954,"pid":45104,"hostname":"DESKTOP-KPAMGTB","module":"binance","assets":22,"msg":"balance"}
{"level":30,"time":1774255369193,"pid":45104,"hostname":"DESKTOP-KPAMGTB","module":"binance","assets":22,"msg":"balance"}
{"level":30,"time":1774255374695,"pid":45104,"hostname":"DESKTOP-KPAMGTB","module":"binance","assets":22,"msg":"balance"}
{"level":30,"time":1774255376752,"pid":45104,"hostname":"DESKTOP-KPAMGTB","module":"binance","assets":22,"msg":"balance"}
{"level":30,"time":1774255405251,"pid":45104,"hostname":"DESKTOP-KPAMGTB","module":"binance","assets":22,"msg":"balance"}
{"level":30,"time":1774255431454,"pid":45104,"hostname":"DESKTOP-KPAMGTB","module":"binance","assets":22,"msg":"balance"}
{"level":30,"time":1774255434735,"pid":45104,"hostname":"DESKTOP-KPAMGTB","module":"binance","assets":22,"msg":"balance"}
{"level":30,"time":1774255462558,"pid":45104,"hostname":"DESKTOP-KPAMGTB","module":"binance","assets":22,"msg":"balance"}
{"level":30,"time":1774255465817,"pid":45104,"hostname":"DESKTOP-KPAMGTB","module":"binance","assets":22,"msg":"balance"}
{"level":30,"time":1774255492734,"pid":45104,"hostname":"DESKTOP-KPAMGTB","module":"binance","assets":22,"msg":"balance"}
{"level":30,"time":1774255495313,"pid":45104,"hostname":"DESKTOP-KPAMGTB","module":"binance","assets":22,"msg":"balance"}
{"level":30,"time":1774255522983,"pid":45104,"hostname":"DESKTOP-KPAMGTB","module":"binance","assets":22,"msg":"balance"}
{"level":30,"time":1774255525649,"pid":45104,"hostname":"DESKTOP-KPAMGTB","module":"binance","assets":22,"msg":"balance"}
{"level":30,"time":1774255553310,"pid":45104,"hostname":"DESKTOP-KPAMGTB","module":"binance","assets":22,"msg":"balance"}
{"level":30,"time":1774255555814,"pid":45104,"hostname":"DESKTOP-KPAMGTB","module":"binance","assets":22,"msg":"balance"}
{"level":30,"time":1774255570764,"pid":45104,"hostname":"DESKTOP-KPAMGTB","module":"binance","assets":22,"msg":"balance"}
{"level":30,"time":1774255586654,"pid":45104,"hostname":"DESKTOP-KPAMGTB","module":"binance","assets":22,"msg":"balance"}
{"level":30,"time":1774255593753,"pid":45104,"hostname":"DESKTOP-KPAMGTB","module":"binance","assets":22,"msg":"balance"}
{"level":30,"time":1774255596879,"pid":45104,"hostname":"DESKTOP-KPAMGTB","module":"binance","assets":22,"msg":"balance"}
{"level":30,"time":1774255598378,"pid":45104,"hostname":"DESKTOP-KPAMGTB","module":"binance","assets":22,"msg":"balance"}
{"level":30,"time":1774255616868,"pid":45104,"hostname":"DESKTOP-KPAMGTB","module":"binance","assets":22,"msg":"balance"}
{"level":30,"time":1774255629711,"pid":45104,"hostname":"DESKTOP-KPAMGTB","module":"binance","assets":22,"msg":"balance"}
{"level":30,"time":1774255647399,"pid":45104,"hostname":"DESKTOP-KPAMGTB","module":"binance","assets":22,"msg":"balance"}
{"level":30,"time":1774255660015,"pid":45104,"hostname":"DESKTOP-KPAMGTB","module":"binance","assets":22,"msg":"balance"}
{"level":30,"time":1774255677348,"pid":45104,"hostname":"DESKTOP-KPAMGTB","module":"binance","assets":22,"msg":"balance"}
{"level":30,"time":1774255678009,"pid":45104,"hostname":"DESKTOP-KPAMGTB","module":"binance","assets":22,"msg":"balance"}
{"level":30,"time":1774255690328,"pid":45104,"hostname":"DESKTOP-KPAMGTB","module":"binance","assets":22,"msg":"balance"}
{"level":30,"time":1774255707658,"pid":45104,"hostname":"DESKTOP-KPAMGTB","module":"binance","assets":22,"msg":"balance"}
{"level":30,"time":1774255722006,"pid":45104,"hostname":"DESKTOP-KPAMGTB","module":"binance","assets":22,"msg":"balance"}
{"level":30,"time":1774255722838,"pid":45104,"hostname":"DESKTOP-KPAMGTB","module":"binance","assets":22,"msg":"balance"}
{"level":30,"time":1774255738136,"pid":45104,"hostname":"DESKTOP-KPAMGTB","module":"binance","assets":22,"msg":"balance"}
{"level":30,"time":1774255768600,"pid":45104,"hostname":"DESKTOP-KPAMGTB","module":"binance","assets":22,"msg":"balance"}
{"level":30,"time":1774255798652,"pid":45104,"hostname":"DESKTOP-KPAMGTB","module":"binance","assets":22,"msg":"balance"}
{"level":30,"time":1774255829068,"pid":45104,"hostname":"DESKTOP-KPAMGTB","module":"binance","assets":22,"msg":"balance"}
{"level":30,"time":1774255858991,"pid":45104,"hostname":"DESKTOP-KPAMGTB","module":"binance","assets":22,"msg":"balance"}
{"level":30,"time":1774255889197,"pid":45104,"hostname":"DESKTOP-KPAMGTB","module":"binance","assets":22,"msg":"balance"}
{"level":30,"time":1774255917710,"pid":45104,"hostname":"DESKTOP-KPAMGTB","module":"binance","assets":22,"msg":"balance"}
{"level":30,"time":1774255919475,"pid":45104,"hostname":"DESKTOP-KPAMGTB","module":"binance","assets":22,"msg":"balance"}
{"level":30,"time":1774255950255,"pid":45104,"hostname":"DESKTOP-KPAMGTB","module":"binance","assets":22,"msg":"balance"}
{"level":30,"time":1774255970376,"pid":45104,"hostname":"DESKTOP-KPAMGTB","module":"binance","assets":22,"msg":"balance"}
{"level":30,"time":1774255973026,"pid":45104,"hostname":"DESKTOP-KPAMGTB","module":"binance","assets":22,"msg":"balance"}
{"level":30,"time":1774255973708,"pid":45104,"hostname":"DESKTOP-KPAMGTB","module":"binance","assets":22,"msg":"balance"}
{"level":30,"time":1774255980759,"pid":45104,"hostname":"DESKTOP-KPAMGTB","module":"binance","assets":22,"msg":"balance"}
{"level":30,"time":1774256011187,"pid":45104,"hostname":"DESKTOP-KPAMGTB","module":"binance","assets":22,"msg":"balance"}
{"level":30,"time":1774256039806,"pid":45104,"hostname":"DESKTOP-KPAMGTB","module":"trailing-engine","msg":"motor iniciat"}
{"level":30,"time":1774256039903,"pid":45104,"hostname":"DESKTOP-KPAMGTB","module":"binance","assets":22,"msg":"balance"}
{"level":30,"time":1774256041170,"pid":45104,"hostname":"DESKTOP-KPAMGTB","module":"binance","assets":22,"msg":"balance"}
{"level":30,"time":1774256048822,"pid":45104,"hostname":"DESKTOP-KPAMGTB","module":"binance","assets":22,"msg":"balance"}
{"level":30,"time":1774256071398,"pid":45104,"hostname":"DESKTOP-KPAMGTB","module":"binance","assets":22,"msg":"balance"}
{"level":30,"time":1774256086697,"pid":45104,"hostname":"DESKTOP-KPAMGTB","module":"binance","assets":22,"msg":"balance"}
{"level":30,"time":1774256102257,"pid":45104,"hostname":"DESKTOP-KPAMGTB","module":"binance","assets":22,"msg":"balance"}
{"level":30,"time":1774256131371,"pid":45104,"hostname":"DESKTOP-KPAMGTB","module":"binance","assets":22,"msg":"balance"}
{"level":30,"time":1774256162020,"pid":45104,"hostname":"DESKTOP-KPAMGTB","module":"binance","assets":22,"msg":"balance"}
{"level":30,"time":1774256192426,"pid":45104,"hostname":"DESKTOP-KPAMGTB","module":"binance","assets":22,"msg":"balance"}
{"level":30,"time":1774256222208,"pid":45104,"hostname":"DESKTOP-KPAMGTB","module":"binance","assets":22,"msg":"balance"}
{"level":30,"time":1774256252403,"pid":45104,"hostname":"DESKTOP-KPAMGTB","module":"binance","assets":22,"msg":"balance"}
{"level":30,"time":1774256282639,"pid":45104,"hostname":"DESKTOP-KPAMGTB","module":"binance","assets":22,"msg":"balance"}
{"level":30,"time":1774256313074,"pid":45104,"hostname":"DESKTOP-KPAMGTB","module":"binance","assets":22,"msg":"balance"}
{"level":30,"time":1774256343448,"pid":45104,"hostname":"DESKTOP-KPAMGTB","module":"binance","assets":22,"msg":"balance"}
{"level":30,"time":1774256373824,"pid":45104,"hostname":"DESKTOP-KPAMGTB","module":"binance","assets":22,"msg":"balance"}
{"level":30,"time":1774256401523,"pid":45104,"hostname":"DESKTOP-KPAMGTB","module":"telegram","msg":"informe horari enviat"}
{"level":30,"time":1774256403931,"pid":45104,"hostname":"DESKTOP-KPAMGTB","module":"binance","assets":22,"msg":"balance"}
{"level":30,"time":1774256434281,"pid":45104,"hostname":"DESKTOP-KPAMGTB","module":"binance","assets":22,"msg":"balance"}
{"level":30,"time":1774256464821,"pid":45104,"hostname":"DESKTOP-KPAMGTB","module":"binance","assets":22,"msg":"balance"}
{"level":30,"time":1774256494996,"pid":45104,"hostname":"DESKTOP-KPAMGTB","module":"binance","assets":22,"msg":"balance"}
{"level":30,"time":1774256525165,"pid":45104,"hostname":"DESKTOP-KPAMGTB","module":"binance","assets":22,"msg":"balance"}
{"level":30,"time":1774256555482,"pid":45104,"hostname":"DESKTOP-KPAMGTB","module":"binance","assets":22,"msg":"balance"}
{"level":30,"time":1774256577568,"pid":45104,"hostname":"DESKTOP-KPAMGTB","module":"binance","assets":22,"msg":"balance"}
{"level":30,"time":1774256586358,"pid":45104,"hostname":"DESKTOP-KPAMGTB","module":"binance","assets":22,"msg":"balance"}
{"level":30,"time":1774256615930,"pid":45104,"hostname":"DESKTOP-KPAMGTB","module":"binance","assets":22,"msg":"balance"}
{"level":30,"time":1774256646140,"pid":45104,"hostname":"DESKTOP-KPAMGTB","module":"binance","assets":22,"msg":"balance"}
{"level":30,"time":1774256676431,"pid":45104,"hostname":"DESKTOP-KPAMGTB","module":"binance","assets":22,"msg":"balance"}
{"level":30,"time":1774256707314,"pid":45104,"hostname":"DESKTOP-KPAMGTB","module":"binance","assets":22,"msg":"balance"}
{"level":30,"time":1774256737411,"pid":45104,"hostname":"DESKTOP-KPAMGTB","module":"binance","assets":22,"msg":"balance"}
{"level":30,"time":1774256767891,"pid":45104,"hostname":"DESKTOP-KPAMGTB","module":"binance","assets":22,"msg":"balance"}
{"level":30,"time":1774256797960,"pid":45104,"hostname":"DESKTOP-KPAMGTB","module":"binance","assets":22,"msg":"balance"}
{"level":30,"time":1774256828555,"pid":45104,"hostname":"DESKTOP-KPAMGTB","module":"binance","assets":22,"msg":"balance"}
{"level":30,"time":1774256858807,"pid":45104,"hostname":"DESKTOP-KPAMGTB","module":"binance","assets":22,"msg":"balance"}
{"level":30,"time":1774256888774,"pid":45104,"hostname":"DESKTOP-KPAMGTB","module":"binance","assets":22,"msg":"balance"}
{"level":30,"time":1774256919120,"pid":45104,"hostname":"DESKTOP-KPAMGTB","module":"binance","assets":22,"msg":"balance"}
{"level":30,"time":1774256950069,"pid":45104,"hostname":"DESKTOP-KPAMGTB","module":"binance","assets":22,"msg":"balance"}
{"level":30,"time":1774256979646,"pid":45104,"hostname":"DESKTOP-KPAMGTB","module":"binance","assets":22,"msg":"balance"}
{"level":30,"time":1774256997604,"pid":45104,"hostname":"DESKTOP-KPAMGTB","module":"binance","assets":22,"msg":"balance"}
{"level":30,"time":1774257009436,"pid":45104,"hostname":"DESKTOP-KPAMGTB","module":"binance","assets":22,"msg":"balance"}
{"level":30,"time":1774257040347,"pid":45104,"hostname":"DESKTOP-KPAMGTB","module":"binance","assets":22,"msg":"balance"}
{"level":30,"time":1774257071182,"pid":45104,"hostname":"DESKTOP-KPAMGTB","module":"binance","assets":22,"msg":"balance"}
{"level":30,"time":1774257100896,"pid":45104,"hostname":"DESKTOP-KPAMGTB","module":"binance","assets":22,"msg":"balance"}
{"level":30,"time":1774257131179,"pid":45104,"hostname":"DESKTOP-KPAMGTB","module":"binance","assets":22,"msg":"balance"}
{"level":30,"time":1774257161165,"pid":45104,"hostname":"DESKTOP-KPAMGTB","module":"binance","assets":22,"msg":"balance"}
{"level":30,"time":1774257191553,"pid":45104,"hostname":"DESKTOP-KPAMGTB","module":"binance","assets":22,"msg":"balance"}
{"level":30,"time":1774257207079,"pid":45104,"hostname":"DESKTOP-KPAMGTB","module":"binance","assets":22,"msg":"balance"}
{"level":30,"time":1774257237349,"pid":45104,"hostname":"DESKTOP-KPAMGTB","module":"binance","assets":22,"msg":"balance"}
{"level":30,"time":1774257267643,"pid":45104,"hostname":"DESKTOP-KPAMGTB","module":"binance","assets":22,"msg":"balance"}
{"level":30,"time":1774257298033,"pid":45104,"hostname":"DESKTOP-KPAMGTB","module":"binance","assets":22,"msg":"balance"}
{"level":30,"time":1774257328316,"pid":45104,"hostname":"DESKTOP-KPAMGTB","module":"binance","assets":22,"msg":"balance"}
{"level":30,"time":1774257358654,"pid":45104,"hostname":"DESKTOP-KPAMGTB","module":"binance","assets":22,"msg":"balance"}
{"level":30,"time":1774257389116,"pid":45104,"hostname":"DESKTOP-KPAMGTB","module":"binance","assets":22,"msg":"balance"}
{"level":30,"time":1774257418617,"pid":45104,"hostname":"DESKTOP-KPAMGTB","module":"binance","assets":22,"msg":"balance"}
{"level":30,"time":1774257449147,"pid":45104,"hostname":"DESKTOP-KPAMGTB","module":"binance","assets":22,"msg":"balance"}
{"level":30,"time":1774257478073,"pid":45104,"hostname":"DESKTOP-KPAMGTB","module":"binance","assets":22,"msg":"balance"}
{"level":30,"time":1774257479081,"pid":45104,"hostname":"DESKTOP-KPAMGTB","module":"binance","assets":22,"msg":"balance"}
{"level":30,"time":1774257510184,"pid":45104,"hostname":"DESKTOP-KPAMGTB","module":"binance","assets":22,"msg":"balance"}
{"level":30,"time":1774257539769,"pid":45104,"hostname":"DESKTOP-KPAMGTB","module":"binance","assets":22,"msg":"balance"}
{"level":30,"time":1774257570167,"pid":45104,"hostname":"DESKTOP-KPAMGTB","module":"binance","assets":22,"msg":"balance"}
{"level":30,"time":1774257600432,"pid":45104,"hostname":"DESKTOP-KPAMGTB","module":"binance","assets":22,"msg":"balance"}
{"level":30,"time":1774257630999,"pid":45104,"hostname":"DESKTOP-KPAMGTB","module":"binance","assets":22,"msg":"balance"}
{"level":30,"time":1774257661218,"pid":45104,"hostname":"DESKTOP-KPAMGTB","module":"binance","assets":22,"msg":"balance"}
{"level":30,"time":1774257691706,"pid":45104,"hostname":"DESKTOP-KPAMGTB","module":"binance","assets":22,"msg":"balance"}
{"level":30,"time":1774257721810,"pid":45104,"hostname":"DESKTOP-KPAMGTB","module":"binance","assets":22,"msg":"balance"}
{"level":30,"time":1774257752149,"pid":45104,"hostname":"DESKTOP-KPAMGTB","module":"binance","assets":22,"msg":"balance"}
{"level":30,"time":1774257782399,"pid":45104,"hostname":"DESKTOP-KPAMGTB","module":"binance","assets":22,"msg":"balance"}
{"level":30,"time":1774257812495,"pid":45104,"hostname":"DESKTOP-KPAMGTB","module":"binance","assets":22,"msg":"balance"}
{"level":30,"time":1774257842473,"pid":45104,"hostname":"DESKTOP-KPAMGTB","module":"binance","assets":22,"msg":"balance"}
{"level":30,"time":1774257872716,"pid":45104,"hostname":"DESKTOP-KPAMGTB","module":"binance","assets":22,"msg":"balance"}
{"level":30,"time":1774257903023,"pid":45104,"hostname":"DESKTOP-KPAMGTB","module":"binance","assets":22,"msg":"balance"}
{"level":30,"time":1774257933948,"pid":45104,"hostname":"DESKTOP-KPAMGTB","module":"binance","assets":22,"msg":"balance"}
{"level":30,"time":1774257963477,"pid":45104,"hostname":"DESKTOP-KPAMGTB","module":"binance","assets":22,"msg":"balance"}
{"level":30,"time":1774257994066,"pid":45104,"hostname":"DESKTOP-KPAMGTB","module":"binance","assets":22,"msg":"balance"}
{"level":30,"time":1774258024329,"pid":45104,"hostname":"DESKTOP-KPAMGTB","module":"binance","assets":22,"msg":"balance"}
{"level":30,"time":1774258055281,"pid":45104,"hostname":"DESKTOP-KPAMGTB","module":"binance","assets":22,"msg":"balance"}
{"level":30,"time":1774258084937,"pid":45104,"hostname":"DESKTOP-KPAMGTB","module":"binance","assets":22,"msg":"balance"}
{"level":30,"time":1774258115208,"pid":45104,"hostname":"DESKTOP-KPAMGTB","module":"binance","assets":22,"msg":"balance"}
{"level":30,"time":1774258145546,"pid":45104,"hostname":"DESKTOP-KPAMGTB","module":"binance","assets":22,"msg":"balance"}
{"level":30,"time":1774258176440,"pid":45104,"hostname":"DESKTOP-KPAMGTB","module":"binance","assets":22,"msg":"balance"}
{"level":30,"time":1774258206075,"pid":45104,"hostname":"DESKTOP-KPAMGTB","module":"binance","assets":22,"msg":"balance"}
{"level":30,"time":1774258236360,"pid":45104,"hostname":"DESKTOP-KPAMGTB","module":"binance","assets":22,"msg":"balance"}
{"level":30,"time":1774258266641,"pid":45104,"hostname":"DESKTOP-KPAMGTB","module":"binance","assets":22,"msg":"balance"}
{"level":30,"time":1774258297729,"pid":45104,"hostname":"DESKTOP-KPAMGTB","module":"binance","assets":22,"msg":"balance"}
{"level":30,"time":1774258328102,"pid":45104,"hostname":"DESKTOP-KPAMGTB","module":"binance","assets":22,"msg":"balance"}
{"level":30,"time":1774258358019,"pid":45104,"hostname":"DESKTOP-KPAMGTB","module":"binance","assets":22,"msg":"balance"}
{"level":30,"time":1774258377087,"pid":45104,"hostname":"DESKTOP-KPAMGTB","module":"binance","assets":22,"msg":"balance"}
{"level":30,"time":1774258388225,"pid":45104,"hostname":"DESKTOP-KPAMGTB","module":"binance","assets":22,"msg":"balance"}
{"level":30,"time":1774258419321,"pid":45104,"hostname":"DESKTOP-KPAMGTB","module":"binance","assets":22,"msg":"balance"}
{"level":30,"time":1774258448817,"pid":45104,"hostname":"DESKTOP-KPAMGTB","module":"binance","assets":22,"msg":"balance"}
{"level":30,"time":1774258479191,"pid":45104,"hostname":"DESKTOP-KPAMGTB","module":"binance","assets":22,"msg":"balance"}
{"level":30,"time":1774258509707,"pid":45104,"hostname":"DESKTOP-KPAMGTB","module":"binance","assets":22,"msg":"balance"}
{"level":30,"time":1774258540198,"pid":45104,"hostname":"DESKTOP-KPAMGTB","module":"binance","assets":22,"msg":"balance"}
{"level":30,"time":1774258570140,"pid":45104,"hostname":"DESKTOP-KPAMGTB","module":"binance","assets":22,"msg":"balance"}
{"level":30,"time":1774258600349,"pid":45104,"hostname":"DESKTOP-KPAMGTB","module":"binance","assets":22,"msg":"balance"}
{"level":30,"time":1774258630794,"pid":45104,"hostname":"DESKTOP-KPAMGTB","module":"binance","assets":22,"msg":"balance"}
{"level":30,"time":1774258661680,"pid":45104,"hostname":"DESKTOP-KPAMGTB","module":"binance","assets":22,"msg":"balance"}
{"level":30,"time":1774258691298,"pid":45104,"hostname":"DESKTOP-KPAMGTB","module":"binance","assets":22,"msg":"balance"}
{"level":30,"time":1774258721615,"pid":45104,"hostname":"DESKTOP-KPAMGTB","module":"binance","assets":22,"msg":"balance"}
{"level":30,"time":1774258751840,"pid":45104,"hostname":"DESKTOP-KPAMGTB","module":"binance","assets":22,"msg":"balance"}
{"level":30,"time":1774258782801,"pid":45104,"hostname":"DESKTOP-KPAMGTB","module":"binance","assets":22,"msg":"balance"}
{"level":30,"time":1774258812469,"pid":45104,"hostname":"DESKTOP-KPAMGTB","module":"binance","assets":22,"msg":"balance"}
{"level":30,"time":1774258842724,"pid":45104,"hostname":"DESKTOP-KPAMGTB","module":"binance","assets":22,"msg":"balance"}
{"level":30,"time":1774258873079,"pid":45104,"hostname":"DESKTOP-KPAMGTB","module":"binance","assets":22,"msg":"balance"}
{"level":30,"time":1774258904007,"pid":45104,"hostname":"DESKTOP-KPAMGTB","module":"binance","assets":22,"msg":"balance"}
{"level":30,"time":1774258933787,"pid":45104,"hostname":"DESKTOP-KPAMGTB","module":"binance","assets":22,"msg":"balance"}
{"level":30,"time":1774258963423,"pid":45104,"hostname":"DESKTOP-KPAMGTB","module":"binance","assets":22,"msg":"balance"}
{"level":30,"time":1774258977522,"pid":45104,"hostname":"DESKTOP-KPAMGTB","module":"binance","assets":22,"msg":"balance"}
{"level":30,"time":1774258993628,"pid":45104,"hostname":"DESKTOP-KPAMGTB","module":"binance","assets":22,"msg":"balance"}
{"level":30,"time":1774259000048,"pid":45104,"hostname":"DESKTOP-KPAMGTB","module":"binance","assets":22,"msg":"balance"}
{"level":30,"time":1774259024108,"pid":45104,"hostname":"DESKTOP-KPAMGTB","module":"binance","assets":22,"msg":"balance"}
{"level":30,"time":1774259054201,"pid":45104,"hostname":"DESKTOP-KPAMGTB","module":"binance","assets":22,"msg":"balance"}
{"level":30,"time":1774259061318,"pid":45104,"hostname":"DESKTOP-KPAMGTB","module":"binance","assets":22,"msg":"balance"}
{"level":30,"time":1774259084459,"pid":45104,"hostname":"DESKTOP-KPAMGTB","module":"binance","assets":22,"msg":"balance"}
{"level":30,"time":1774259114750,"pid":45104,"hostname":"DESKTOP-KPAMGTB","module":"binance","assets":22,"msg":"balance"}
{"level":30,"time":1774259120478,"pid":45104,"hostname":"DESKTOP-KPAMGTB","module":"binance","assets":22,"msg":"balance"}
{"level":30,"time":1774259145280,"pid":45104,"hostname":"DESKTOP-KPAMGTB","module":"binance","assets":22,"msg":"balance"}
{"level":30,"time":1774259175329,"pid":45104,"hostname":"DESKTOP-KPAMGTB","module":"binance","assets":22,"msg":"balance"}
{"level":30,"time":1774259181142,"pid":45104,"hostname":"DESKTOP-KPAMGTB","module":"binance","assets":22,"msg":"balance"}
{"level":30,"time":1774259206293,"pid":45104,"hostname":"DESKTOP-KPAMGTB","module":"binance","assets":22,"msg":"balance"}
{"level":30,"time":1774259236719,"pid":45104,"hostname":"DESKTOP-KPAMGTB","module":"binance","assets":22,"msg":"balance"}
{"level":30,"time":1774259267737,"pid":45104,"hostname":"DESKTOP-KPAMGTB","module":"binance","assets":22,"msg":"balance"}
{"level":30,"time":1774259277691,"pid":45104,"hostname":"DESKTOP-KPAMGTB","module":"binance","assets":22,"msg":"balance"}
{"level":30,"time":1774259296867,"pid":45104,"hostname":"DESKTOP-KPAMGTB","module":"binance","assets":22,"msg":"balance"}
{"level":30,"time":1774259327272,"pid":45104,"hostname":"DESKTOP-KPAMGTB","module":"binance","assets":22,"msg":"balance"}
{"level":30,"time":1774259357515,"pid":45104,"hostname":"DESKTOP-KPAMGTB","module":"binance","assets":22,"msg":"balance"}
{"level":30,"time":1774259387457,"pid":45104,"hostname":"DESKTOP-KPAMGTB","module":"binance","assets":22,"msg":"balance"}
{"level":30,"time":1774259406269,"pid":45104,"hostname":"DESKTOP-KPAMGTB","module":"binance","assets":22,"msg":"balance"}
{"level":30,"time":1774259417913,"pid":45104,"hostname":"DESKTOP-KPAMGTB","module":"binance","assets":22,"msg":"balance"}
{"level":30,"time":1774259421070,"pid":45104,"hostname":"DESKTOP-KPAMGTB","module":"binance","assets":22,"msg":"balance"}
{"level":30,"time":1774259448163,"pid":45104,"hostname":"DESKTOP-KPAMGTB","module":"binance","assets":22,"msg":"balance"}
{"level":30,"time":1774259478770,"pid":45104,"hostname":"DESKTOP-KPAMGTB","module":"binance","assets":22,"msg":"balance"}
{"level":30,"time":1774259481512,"pid":45104,"hostname":"DESKTOP-KPAMGTB","module":"binance","assets":22,"msg":"balance"}
{"level":30,"time":1774259511859,"pid":45104,"hostname":"DESKTOP-KPAMGTB","module":"binance","assets":22,"msg":"balance"}
{"level":30,"time":1774259542412,"pid":45104,"hostname":"DESKTOP-KPAMGTB","module":"binance","assets":22,"msg":"balance"}
{"level":30,"time":1774259572570,"pid":45104,"hostname":"DESKTOP-KPAMGTB","module":"binance","assets":22,"msg":"balance"}
{"level":30,"time":1774259594536,"pid":45104,"hostname":"DESKTOP-KPAMGTB","module":"binance","assets":22,"msg":"balance"}
{"level":30,"time":1774259603272,"pid":45104,"hostname":"DESKTOP-KPAMGTB","module":"binance","assets":22,"msg":"balance"}
{"level":30,"time":1774259633950,"pid":45104,"hostname":"DESKTOP-KPAMGTB","module":"binance","assets":22,"msg":"balance"}
{"level":30,"time":1774259647555,"pid":45104,"hostname":"DESKTOP-KPAMGTB","module":"binance","assets":22,"msg":"balance"}
{"level":30,"time":1774259663976,"pid":45104,"hostname":"DESKTOP-KPAMGTB","module":"binance","assets":22,"msg":"balance"}
{"level":30,"time":1774259677501,"pid":45104,"hostname":"DESKTOP-KPAMGTB","module":"binance","assets":22,"msg":"balance"}
{"level":30,"time":1774259694210,"pid":45104,"hostname":"DESKTOP-KPAMGTB","module":"binance","assets":22,"msg":"balance"}
{"level":30,"time":1774259707841,"pid":45104,"hostname":"DESKTOP-KPAMGTB","module":"binance","assets":22,"msg":"balance"}
{"level":30,"time":1774259724562,"pid":45104,"hostname":"DESKTOP-KPAMGTB","module":"binance","assets":22,"msg":"balance"}
{"level":30,"time":1774259755535,"pid":45104,"hostname":"DESKTOP-KPAMGTB","module":"binance","assets":22,"msg":"balance"}
{"level":30,"time":1774259785251,"pid":45104,"hostname":"DESKTOP-KPAMGTB","module":"binance","assets":22,"msg":"balance"}
{"level":30,"time":1774259806307,"pid":45104,"hostname":"DESKTOP-KPAMGTB","module":"binance","assets":22,"msg":"balance"}
{"level":30,"time":1774259815593,"pid":45104,"hostname":"DESKTOP-KPAMGTB","module":"binance","assets":22,"msg":"balance"}
{"level":30,"time":1774259833682,"pid":45104,"hostname":"DESKTOP-KPAMGTB","module":"binance","assets":22,"msg":"balance"}
{"level":30,"time":1774259846213,"pid":45104,"hostname":"DESKTOP-KPAMGTB","module":"binance","assets":22,"msg":"balance"}
{"level":30,"time":1774259863595,"pid":45104,"hostname":"DESKTOP-KPAMGTB","module":"binance","assets":22,"msg":"balance"}
{"level":30,"time":1774259877284,"pid":45104,"hostname":"DESKTOP-KPAMGTB","module":"binance","assets":22,"msg":"balance"}
{"level":30,"time":1774259894397,"pid":45104,"hostname":"DESKTOP-KPAMGTB","module":"binance","assets":22,"msg":"balance"}
{"level":30,"time":1774259907083,"pid":45104,"hostname":"DESKTOP-KPAMGTB","module":"binance","assets":22,"msg":"balance"}
{"level":30,"time":1774259937354,"pid":45104,"hostname":"DESKTOP-KPAMGTB","module":"binance","assets":22,"msg":"balance"}
{"level":30,"time":1774259954324,"pid":45104,"hostname":"DESKTOP-KPAMGTB","module":"binance","assets":22,"msg":"balance"}
{"level":30,"time":1774259962737,"pid":45104,"hostname":"DESKTOP-KPAMGTB","module":"binance","assets":22,"msg":"balance"}
{"level":30,"time":1774259967975,"pid":45104,"hostname":"DESKTOP-KPAMGTB","module":"binance","assets":22,"msg":"balance"}
{"level":30,"time":1774259998701,"pid":45104,"hostname":"DESKTOP-KPAMGTB","module":"binance","assets":22,"msg":"balance"}
{"level":30,"time":1774260000881,"pid":45104,"hostname":"DESKTOP-KPAMGTB","module":"telegram","msg":"informe horari enviat"}
{"level":30,"time":1774260029255,"pid":45104,"hostname":"DESKTOP-KPAMGTB","module":"binance","assets":22,"msg":"balance"}
{"level":30,"time":1774260059704,"pid":45104,"hostname":"DESKTOP-KPAMGTB","module":"binance","assets":22,"msg":"balance"}
{"level":30,"time":1774260089523,"pid":45104,"hostname":"DESKTOP-KPAMGTB","module":"binance","assets":22,"msg":"balance"}
{"level":30,"time":1774260120649,"pid":45104,"hostname":"DESKTOP-KPAMGTB","module":"binance","assets":22,"msg":"balance"}
{"level":30,"time":1774260151889,"pid":45104,"hostname":"DESKTOP-KPAMGTB","module":"binance","assets":22,"msg":"balance"}
{"level":30,"time":1774260177553,"pid":45104,"hostname":"DESKTOP-KPAMGTB","module":"binance","assets":22,"msg":"balance"}
{"level":30,"time":1774260182767,"pid":45104,"hostname":"DESKTOP-KPAMGTB","module":"binance","assets":22,"msg":"balance"}
{"level":30,"time":1774260213146,"pid":45104,"hostname":"DESKTOP-KPAMGTB","module":"binance","assets":22,"msg":"balance"}
{"level":30,"time":1774260243566,"pid":45104,"hostname":"DESKTOP-KPAMGTB","module":"binance","assets":22,"msg":"balance"}
{"level":30,"time":1774260274551,"pid":45104,"hostname":"DESKTOP-KPAMGTB","module":"binance","assets":22,"msg":"balance"}
{"level":30,"time":1774260304747,"pid":45104,"hostname":"DESKTOP-KPAMGTB","module":"binance","assets":22,"msg":"balance"}
{"level":30,"time":1774260337104,"pid":45104,"hostname":"DESKTOP-KPAMGTB","module":"binance","assets":22,"msg":"balance"}
{"level":30,"time":1774260343136,"pid":45104,"hostname":"DESKTOP-KPAMGTB","module":"binance","assets":22,"msg":"balance"}
{"level":30,"time":1774260346961,"pid":45104,"hostname":"DESKTOP-KPAMGTB","module":"binance","assets":22,"msg":"balance"}
{"level":30,"time":1774260374338,"pid":45104,"hostname":"DESKTOP-KPAMGTB","module":"binance","assets":22,"msg":"balance"}
{"level":30,"time":1774260377167,"pid":45104,"hostname":"DESKTOP-KPAMGTB","module":"binance","assets":22,"msg":"balance"}
