{"level":30,"time":1776674869612,"pid":16868,"hostname":"DESKTOP-KPAMGTB","module":"order-monitor","msg":"monitor iniciat (paper + real)"}
{"level":30,"time":1776674869637,"pid":16868,"hostname":"DESKTOP-KPAMGTB","module":"telegram","nextHourIn":12,"nextDailyIn":1242,"msg":"scheduler iniciat"}
{"level":30,"time":1776674869643,"pid":16868,"hostname":"DESKTOP-KPAMGTB","module":"orders","symbol":"BTCUSDC","thresholds":[{"windowMin":5,"pct":5},{"windowMin":15,"pct":8},{"windowMin":60,"pct":12}],"pollMs":60000,"msg":"Crash monitor iniciat"}
{"level":30,"time":1776674869653,"pid":16868,"hostname":"DESKTOP-KPAMGTB","module":"auto-trader","msg":"auto-trader multi-bot iniciat (poll 60s)"}
{"level":30,"time":1776674870509,"pid":16868,"hostname":"DESKTOP-KPAMGTB","module":"order-monitor","mode":"real","count":0,"msg":"inicialitzat"}
{"level":30,"time":1776674871057,"pid":16868,"hostname":"DESKTOP-KPAMGTB","module":"binance","assets":23,"mode":"paper","msg":"balance"}
{"level":30,"time":1776674871260,"pid":16868,"hostname":"DESKTOP-KPAMGTB","module":"binance","assets":23,"mode":"paper","msg":"balance"}
{"level":30,"time":1776674871275,"pid":16868,"hostname":"DESKTOP-KPAMGTB","module":"order-monitor","mode":"paper","count":0,"msg":"inicialitzat"}
{"level":40,"time":1776674875176,"pid":16868,"hostname":"DESKTOP-KPAMGTB","module":"auto-trader","mode":"real","symbol":"BTCUSDC","uncoveredUsd":231.72724197800002,"uncovered":0.0030974,"msg":"posició parcialment sense SL — esperant 5 min per corregir"}
{"level":40,"time":1776674875535,"pid":16868,"hostname":"DESKTOP-KPAMGTB","module":"auto-trader","mode":"real","symbol":"BNBUSDC","uncoveredUsd":11.162854601800001,"uncovered":0.01791043,"msg":"posició parcialment sense SL — esperant 5 min per corregir"}
{"level":40,"time":1776674875793,"pid":16868,"hostname":"DESKTOP-KPAMGTB","module":"auto-trader","mode":"real","symbol":"SOLUSDC","uncoveredUsd":280.9497560376,"uncovered":3.31465026,"msg":"posició parcialment sense SL — esperant 5 min per corregir"}
{"level":30,"time":1776674879827,"pid":16868,"hostname":"DESKTOP-KPAMGTB","module":"binance","assets":3,"mode":"real","msg":"balance"}
{"level":30,"time":1776674879905,"pid":16868,"hostname":"DESKTOP-KPAMGTB","module":"binance","assets":3,"mode":"real","msg":"balance"}
{"level":30,"time":1776674939940,"pid":16868,"hostname":"DESKTOP-KPAMGTB","module":"binance","assets":23,"mode":"paper","msg":"balance"}
{"level":30,"time":1776674940658,"pid":16868,"hostname":"DESKTOP-KPAMGTB","module":"binance","assets":23,"mode":"paper","msg":"balance"}
{"level":30,"time":1776674962959,"pid":16868,"hostname":"DESKTOP-KPAMGTB","module":"binance","assets":3,"mode":"real","msg":"balance"}
{"level":30,"time":1776674963034,"pid":16868,"hostname":"DESKTOP-KPAMGTB","module":"binance","assets":3,"mode":"real","msg":"balance"}
{"level":30,"time":1776674966768,"pid":16868,"hostname":"DESKTOP-KPAMGTB","module":"binance","symbol":"BTCUSDC","interval":"1h","verdict":"WAIT","score":63,"price":74843.78,"msg":"scanner"}
{"level":30,"time":1776674967255,"pid":16868,"hostname":"DESKTOP-KPAMGTB","module":"binance","assets":23,"mode":"paper","msg":"balance"}
{"level":30,"time":1776674967519,"pid":16868,"hostname":"DESKTOP-KPAMGTB","module":"binance","assets":23,"mode":"paper","msg":"balance"}
{"level":30,"time":1776674990335,"pid":16868,"hostname":"DESKTOP-KPAMGTB","module":"binance","assets":23,"mode":"paper","msg":"balance"}
{"level":30,"time":1776674991376,"pid":16868,"hostname":"DESKTOP-KPAMGTB","module":"binance","assets":23,"mode":"paper","msg":"balance"}
{"level":30,"time":1776674992971,"pid":16868,"hostname":"DESKTOP-KPAMGTB","module":"binance","assets":3,"mode":"real","msg":"balance"}
{"level":30,"time":1776674993058,"pid":16868,"hostname":"DESKTOP-KPAMGTB","module":"binance","assets":3,"mode":"real","msg":"balance"}
{"level":30,"time":1776675230291,"pid":16868,"hostname":"DESKTOP-KPAMGTB","module":"auto-trader","mode":"real","symbol":"BTCUSDC","msg":"aplicant correcció OCO a posició òrfena…"}
{"level":40,"time":1776675230294,"pid":16868,"hostname":"DESKTOP-KPAMGTB","module":"auto-trader","mode":"real","symbol":"BTCUSDC","uncoveredUsd":231.42149762399998,"msg":"no s'ha trobat cap bot actiu — venent posició òrfena a mercat"}
{"level":30,"time":1776675230981,"pid":16868,"hostname":"DESKTOP-KPAMGTB","module":"auto-trader","mode":"real","symbol":"BTCUSDC","sellQty":"0.00309000","receivedUsd":230.9102307,"fillPrice":74728.23,"msg":"venda òrfena executada"}
{"level":30,"time":1776675231231,"pid":16868,"hostname":"DESKTOP-KPAMGTB","module":"auto-trader","mode":"real","symbol":"BNBUSDC","msg":"aplicant correcció OCO a posició òrfena…"}
{"level":40,"time":1776675231233,"pid":16868,"hostname":"DESKTOP-KPAMGTB","module":"auto-trader","mode":"real","symbol":"BNBUSDC","uncoveredUsd":11.160526245900002,"msg":"no s'ha trobat cap bot actiu — venent posició òrfena a mercat"}
{"level":30,"time":1776675231723,"pid":16868,"hostname":"DESKTOP-KPAMGTB","module":"auto-trader","mode":"real","symbol":"BNBUSDC","sellQty":"0.01700000","receivedUsd":10.59644,"fillPrice":623.3199999999999,"msg":"venda òrfena executada"}
{"level":30,"time":1776675231969,"pid":16868,"hostname":"DESKTOP-KPAMGTB","module":"auto-trader","mode":"real","symbol":"SOLUSDC","msg":"aplicant correcció OCO a posició òrfena…"}
{"level":40,"time":1776675231971,"pid":16868,"hostname":"DESKTOP-KPAMGTB","module":"auto-trader","mode":"real","symbol":"SOLUSDC","uncoveredUsd":280.58514450900003,"msg":"no s'ha trobat cap bot actiu — venent posició òrfena a mercat"}
{"level":30,"time":1776675232460,"pid":16868,"hostname":"DESKTOP-KPAMGTB","module":"auto-trader","mode":"real","symbol":"SOLUSDC","sellQty":"3.31400000","receivedUsd":280.5301,"fillPrice":84.65,"msg":"venda òrfena executada"}
{"level":30,"time":1776675601462,"pid":16868,"hostname":"DESKTOP-KPAMGTB","module":"telegram","msg":"informe horari enviat"}
{"level":30,"time":1776675655599,"pid":16868,"hostname":"DESKTOP-KPAMGTB","module":"auto-trader","bot":"Solana i Bitcoin a 4 hores (454%)","interval":"4h","checkInterval":"1h","msg":"globalPoll: candle tancada, llançant runBotScan"}
{"level":30,"time":1776675655835,"pid":16868,"hostname":"DESKTOP-KPAMGTB","module":"auto-trader","bot":"Solana i Bitcoin a 4 hores (454%)","interval":"4h","symbols":2,"minScore":60,"msg":"iniciant scan de bot"}
{"level":50,"time":1776675731706,"pid":16868,"hostname":"DESKTOP-KPAMGTB","module":"api","source":"orders","code":"AUTH","err":"Binance /openOrders 401: {\"code\":-2015,\"msg\":\"Invalid API-key, IP, or permissions for action.\"}","msg":"error de ruta"}
{"level":50,"time":1776675746670,"pid":16868,"hostname":"DESKTOP-KPAMGTB","module":"api","source":"orders","code":"AUTH","err":"Binance /openOrders 401: {\"code\":-2015,\"msg\":\"Invalid API-key, IP, or permissions for action.\"}","msg":"error de ruta"}
{"level":50,"time":1776675762223,"pid":16868,"hostname":"DESKTOP-KPAMGTB","module":"api","source":"orders","code":"AUTH","err":"Binance /openOrders 401: {\"code\":-2015,\"msg\":\"Invalid API-key, IP, or permissions for action.\"}","msg":"error de ruta"}
{"level":40,"time":1776675770337,"pid":16868,"hostname":"DESKTOP-KPAMGTB","module":"auto-trader","mode":"real","err":"Binance /openOrders 401: {\"code\":-2015,\"msg\":\"Invalid API-key, IP, or permissions for action.\"}","msg":"checkOrphanPositions: error obtenint dades"}
{"level":50,"time":1776675777836,"pid":16868,"hostname":"DESKTOP-KPAMGTB","module":"api","source":"orders","code":"AUTH","err":"Binance /openOrders 401: {\"code\":-2015,\"msg\":\"Invalid API-key, IP, or permissions for action.\"}","msg":"error de ruta"}
{"level":50,"time":1776675792378,"pid":16868,"hostname":"DESKTOP-KPAMGTB","module":"api","source":"orders","code":"AUTH","err":"Binance /openOrders 401: {\"code\":-2015,\"msg\":\"Invalid API-key, IP, or permissions for action.\"}","msg":"error de ruta"}
{"level":50,"time":1776675807731,"pid":16868,"hostname":"DESKTOP-KPAMGTB","module":"api","source":"orders","code":"AUTH","err":"Binance /openOrders 401: {\"code\":-2015,\"msg\":\"Invalid API-key, IP, or permissions for action.\"}","msg":"error de ruta"}
{"level":50,"time":1776675822910,"pid":16868,"hostname":"DESKTOP-KPAMGTB","module":"api","source":"orders","code":"AUTH","err":"Binance /openOrders 401: {\"code\":-2015,\"msg\":\"Invalid API-key, IP, or permissions for action.\"}","msg":"error de ruta"}
{"level":40,"time":1776675830137,"pid":16868,"hostname":"DESKTOP-KPAMGTB","module":"auto-trader","mode":"real","err":"Binance /openOrders 401: {\"code\":-2015,\"msg\":\"Invalid API-key, IP, or permissions for action.\"}","msg":"checkOrphanPositions: error obtenint dades"}
{"level":50,"time":1776675837675,"pid":16868,"hostname":"DESKTOP-KPAMGTB","module":"api","source":"orders","code":"AUTH","err":"Binance /openOrders 401: {\"code\":-2015,\"msg\":\"Invalid API-key, IP, or permissions for action.\"}","msg":"error de ruta"}
{"level":50,"time":1776675852610,"pid":16868,"hostname":"DESKTOP-KPAMGTB","module":"api","source":"orders","code":"AUTH","err":"Binance /openOrders 401: {\"code\":-2015,\"msg\":\"Invalid API-key, IP, or permissions for action.\"}","msg":"error de ruta"}
{"level":50,"time":1776675867743,"pid":16868,"hostname":"DESKTOP-KPAMGTB","module":"api","source":"orders","code":"AUTH","err":"Binance /openOrders 401: {\"code\":-2015,\"msg\":\"Invalid API-key, IP, or permissions for action.\"}","msg":"error de ruta"}
{"level":50,"time":1776675882760,"pid":16868,"hostname":"DESKTOP-KPAMGTB","module":"api","source":"orders","code":"AUTH","err":"Binance /openOrders 401: {\"code\":-2015,\"msg\":\"Invalid API-key, IP, or permissions for action.\"}","msg":"error de ruta"}
{"level":40,"time":1776675890124,"pid":16868,"hostname":"DESKTOP-KPAMGTB","module":"auto-trader","mode":"real","err":"Binance /openOrders 401: {\"code\":-2015,\"msg\":\"Invalid API-key, IP, or permissions for action.\"}","msg":"checkOrphanPositions: error obtenint dades"}
{"level":50,"time":1776675893045,"pid":16868,"hostname":"DESKTOP-KPAMGTB","module":"api","source":"balance","code":"AUTH","err":"Binance /account 401: {\"code\":-2015,\"msg\":\"Invalid API-key, IP, or permissions for action.\"}","msg":"error de ruta"}
{"level":50,"time":1776675897824,"pid":16868,"hostname":"DESKTOP-KPAMGTB","module":"api","source":"orders","code":"AUTH","err":"Binance /openOrders 401: {\"code\":-2015,\"msg\":\"Invalid API-key, IP, or permissions for action.\"}","msg":"error de ruta"}
{"level":50,"time":1776675913165,"pid":16868,"hostname":"DESKTOP-KPAMGTB","module":"api","source":"orders","code":"AUTH","err":"Binance /openOrders 401: {\"code\":-2015,\"msg\":\"Invalid API-key, IP, or permissions for action.\"}","msg":"error de ruta"}
{"level":30,"time":1776675917726,"pid":16868,"hostname":"DESKTOP-KPAMGTB","module":"binance","assets":23,"mode":"paper","msg":"balance"}
{"level":30,"time":1776675919523,"pid":16868,"hostname":"DESKTOP-KPAMGTB","module":"binance","assets":23,"mode":"paper","msg":"balance"}
{"level":40,"time":1776675950139,"pid":16868,"hostname":"DESKTOP-KPAMGTB","module":"auto-trader","mode":"real","err":"Binance /openOrders 401: {\"code\":-2015,\"msg\":\"Invalid API-key, IP, or permissions for action.\"}","msg":"checkOrphanPositions: error obtenint dades"}
{"level":40,"time":1776676010177,"pid":16868,"hostname":"DESKTOP-KPAMGTB","module":"auto-trader","mode":"real","err":"Binance /account 401: {\"code\":-2015,\"msg\":\"Invalid API-key, IP, or permissions for action.\"}","msg":"checkOrphanPositions: error obtenint dades"}
{"level":40,"time":1776676070130,"pid":16868,"hostname":"DESKTOP-KPAMGTB","module":"auto-trader","mode":"real","err":"Binance /openOrders 401: {\"code\":-2015,\"msg\":\"Invalid API-key, IP, or permissions for action.\"}","msg":"checkOrphanPositions: error obtenint dades"}
{"level":40,"time":1776676130157,"pid":16868,"hostname":"DESKTOP-KPAMGTB","module":"auto-trader","mode":"real","err":"Binance /openOrders 401: {\"code\":-2015,\"msg\":\"Invalid API-key, IP, or permissions for action.\"}","msg":"checkOrphanPositions: error obtenint dades"}
{"level":40,"time":1776676190143,"pid":16868,"hostname":"DESKTOP-KPAMGTB","module":"auto-trader","mode":"real","err":"Binance /account 401: {\"code\":-2015,\"msg\":\"Invalid API-key, IP, or permissions for action.\"}","msg":"checkOrphanPositions: error obtenint dades"}
{"level":40,"time":1776676250160,"pid":16868,"hostname":"DESKTOP-KPAMGTB","module":"auto-trader","mode":"real","err":"Binance /openOrders 401: {\"code\":-2015,\"msg\":\"Invalid API-key, IP, or permissions for action.\"}","msg":"checkOrphanPositions: error obtenint dades"}
{"level":40,"time":1776676310126,"pid":16868,"hostname":"DESKTOP-KPAMGTB","module":"auto-trader","mode":"real","err":"Binance /openOrders 401: {\"code\":-2015,\"msg\":\"Invalid API-key, IP, or permissions for action.\"}","msg":"checkOrphanPositions: error obtenint dades"}
{"level":40,"time":1776676370181,"pid":16868,"hostname":"DESKTOP-KPAMGTB","module":"auto-trader","mode":"real","err":"Binance /account 401: {\"code\":-2015,\"msg\":\"Invalid API-key, IP, or permissions for action.\"}","msg":"checkOrphanPositions: error obtenint dades"}
{"level":40,"time":1776676430408,"pid":16868,"hostname":"DESKTOP-KPAMGTB","module":"auto-trader","mode":"real","err":"Binance /account 401: {\"code\":-2015,\"msg\":\"Invalid API-key, IP, or permissions for action.\"}","msg":"checkOrphanPositions: error obtenint dades"}
{"level":40,"time":1776676490162,"pid":16868,"hostname":"DESKTOP-KPAMGTB","module":"auto-trader","mode":"real","err":"Binance /openOrders 401: {\"code\":-2015,\"msg\":\"Invalid API-key, IP, or permissions for action.\"}","msg":"checkOrphanPositions: error obtenint dades"}
{"level":40,"time":1776676550209,"pid":16868,"hostname":"DESKTOP-KPAMGTB","module":"auto-trader","mode":"real","err":"Binance /account 401: {\"code\":-2015,\"msg\":\"Invalid API-key, IP, or permissions for action.\"}","msg":"checkOrphanPositions: error obtenint dades"}
{"level":40,"time":1776676610232,"pid":16868,"hostname":"DESKTOP-KPAMGTB","module":"auto-trader","mode":"real","err":"Binance /account 401: {\"code\":-2015,\"msg\":\"Invalid API-key, IP, or permissions for action.\"}","msg":"checkOrphanPositions: error obtenint dades"}
{"level":40,"time":1776676670251,"pid":16868,"hostname":"DESKTOP-KPAMGTB","module":"auto-trader","mode":"real","err":"Binance /openOrders 401: {\"code\":-2015,\"msg\":\"Invalid API-key, IP, or permissions for action.\"}","msg":"checkOrphanPositions: error obtenint dades"}
{"level":40,"time":1776676730201,"pid":16868,"hostname":"DESKTOP-KPAMGTB","module":"auto-trader","mode":"real","err":"Binance /account 401: {\"code\":-2015,\"msg\":\"Invalid API-key, IP, or permissions for action.\"}","msg":"checkOrphanPositions: error obtenint dades"}
{"level":40,"time":1776676790255,"pid":16868,"hostname":"DESKTOP-KPAMGTB","module":"auto-trader","mode":"real","err":"Binance /account 401: {\"code\":-2015,\"msg\":\"Invalid API-key, IP, or permissions for action.\"}","msg":"checkOrphanPositions: error obtenint dades"}
{"level":30,"time":1776676819281,"pid":16868,"hostname":"DESKTOP-KPAMGTB","module":"binance","assets":23,"mode":"paper","msg":"balance"}
{"level":40,"time":1776676850265,"pid":16868,"hostname":"DESKTOP-KPAMGTB","module":"auto-trader","mode":"real","err":"Binance /account 401: {\"code\":-2015,\"msg\":\"Invalid API-key, IP, or permissions for action.\"}","msg":"checkOrphanPositions: error obtenint dades"}
{"level":40,"time":1776676910295,"pid":16868,"hostname":"DESKTOP-KPAMGTB","module":"auto-trader","mode":"real","err":"Binance /openOrders 401: {\"code\":-2015,\"msg\":\"Invalid API-key, IP, or permissions for action.\"}","msg":"checkOrphanPositions: error obtenint dades"}
{"level":40,"time":1776676970553,"pid":16868,"hostname":"DESKTOP-KPAMGTB","module":"auto-trader","mode":"real","err":"Binance /openOrders 401: {\"code\":-2015,\"msg\":\"Invalid API-key, IP, or permissions for action.\"}","msg":"checkOrphanPositions: error obtenint dades"}
{"level":40,"time":1776677030383,"pid":16868,"hostname":"DESKTOP-KPAMGTB","module":"auto-trader","mode":"real","err":"Binance /openOrders 401: {\"code\":-2015,\"msg\":\"Invalid API-key, IP, or permissions for action.\"}","msg":"checkOrphanPositions: error obtenint dades"}
{"level":40,"time":1776677090324,"pid":16868,"hostname":"DESKTOP-KPAMGTB","module":"auto-trader","mode":"real","err":"Binance /account 401: {\"code\":-2015,\"msg\":\"Invalid API-key, IP, or permissions for action.\"}","msg":"checkOrphanPositions: error obtenint dades"}
{"level":40,"time":1776677150294,"pid":16868,"hostname":"DESKTOP-KPAMGTB","module":"auto-trader","mode":"real","err":"Binance /account 401: {\"code\":-2015,\"msg\":\"Invalid API-key, IP, or permissions for action.\"}","msg":"checkOrphanPositions: error obtenint dades"}
{"level":40,"time":1776677210349,"pid":16868,"hostname":"DESKTOP-KPAMGTB","module":"auto-trader","mode":"real","err":"Binance /account 401: {\"code\":-2015,\"msg\":\"Invalid API-key, IP, or permissions for action.\"}","msg":"checkOrphanPositions: error obtenint dades"}
{"level":40,"time":1776677270313,"pid":16868,"hostname":"DESKTOP-KPAMGTB","module":"auto-trader","mode":"real","err":"Binance /openOrders 401: {\"code\":-2015,\"msg\":\"Invalid API-key, IP, or permissions for action.\"}","msg":"checkOrphanPositions: error obtenint dades"}
{"level":40,"time":1776677330355,"pid":16868,"hostname":"DESKTOP-KPAMGTB","module":"auto-trader","mode":"real","err":"Binance /openOrders 401: {\"code\":-2015,\"msg\":\"Invalid API-key, IP, or permissions for action.\"}","msg":"checkOrphanPositions: error obtenint dades"}
{"level":40,"time":1776677390579,"pid":16868,"hostname":"DESKTOP-KPAMGTB","module":"auto-trader","mode":"real","err":"Binance /openOrders 401: {\"code\":-2015,\"msg\":\"Invalid API-key, IP, or permissions for action.\"}","msg":"checkOrphanPositions: error obtenint dades"}
{"level":40,"time":1776677450372,"pid":16868,"hostname":"DESKTOP-KPAMGTB","module":"auto-trader","mode":"real","err":"Binance /account 401: {\"code\":-2015,\"msg\":\"Invalid API-key, IP, or permissions for action.\"}","msg":"checkOrphanPositions: error obtenint dades"}
{"level":40,"time":1776677510379,"pid":16868,"hostname":"DESKTOP-KPAMGTB","module":"auto-trader","mode":"real","err":"Binance /openOrders 401: {\"code\":-2015,\"msg\":\"Invalid API-key, IP, or permissions for action.\"}","msg":"checkOrphanPositions: error obtenint dades"}
{"level":40,"time":1776677570339,"pid":16868,"hostname":"DESKTOP-KPAMGTB","module":"auto-trader","mode":"real","err":"Binance /account 401: {\"code\":-2015,\"msg\":\"Invalid API-key, IP, or permissions for action.\"}","msg":"checkOrphanPositions: error obtenint dades"}
{"level":40,"time":1776677630365,"pid":16868,"hostname":"DESKTOP-KPAMGTB","module":"auto-trader","mode":"real","err":"Binance /openOrders 401: {\"code\":-2015,\"msg\":\"Invalid API-key, IP, or permissions for action.\"}","msg":"checkOrphanPositions: error obtenint dades"}
{"level":40,"time":1776677690380,"pid":16868,"hostname":"DESKTOP-KPAMGTB","module":"auto-trader","mode":"real","err":"Binance /openOrders 401: {\"code\":-2015,\"msg\":\"Invalid API-key, IP, or permissions for action.\"}","msg":"checkOrphanPositions: error obtenint dades"}
{"level":30,"time":1776677717666,"pid":16868,"hostname":"DESKTOP-KPAMGTB","module":"binance","assets":23,"mode":"paper","msg":"balance"}
{"level":40,"time":1776677750378,"pid":16868,"hostname":"DESKTOP-KPAMGTB","module":"auto-trader","mode":"real","err":"Binance /account 401: {\"code\":-2015,\"msg\":\"Invalid API-key, IP, or permissions for action.\"}","msg":"checkOrphanPositions: error obtenint dades"}
{"level":40,"time":1776677810613,"pid":16868,"hostname":"DESKTOP-KPAMGTB","module":"auto-trader","mode":"real","err":"Binance /account 401: {\"code\":-2015,\"msg\":\"Invalid API-key, IP, or permissions for action.\"}","msg":"checkOrphanPositions: error obtenint dades"}
{"level":40,"time":1776677870406,"pid":16868,"hostname":"DESKTOP-KPAMGTB","module":"auto-trader","mode":"real","err":"Binance /account 401: {\"code\":-2015,\"msg\":\"Invalid API-key, IP, or permissions for action.\"}","msg":"checkOrphanPositions: error obtenint dades"}
{"level":40,"time":1776677930404,"pid":16868,"hostname":"DESKTOP-KPAMGTB","module":"auto-trader","mode":"real","err":"Binance /openOrders 401: {\"code\":-2015,\"msg\":\"Invalid API-key, IP, or permissions for action.\"}","msg":"checkOrphanPositions: error obtenint dades"}
{"level":40,"time":1776677990389,"pid":16868,"hostname":"DESKTOP-KPAMGTB","module":"auto-trader","mode":"real","err":"Binance /account 401: {\"code\":-2015,\"msg\":\"Invalid API-key, IP, or permissions for action.\"}","msg":"checkOrphanPositions: error obtenint dades"}
{"level":40,"time":1776678050425,"pid":16868,"hostname":"DESKTOP-KPAMGTB","module":"auto-trader","mode":"real","err":"Binance /openOrders 401: {\"code\":-2015,\"msg\":\"Invalid API-key, IP, or permissions for action.\"}","msg":"checkOrphanPositions: error obtenint dades"}
{"level":40,"time":1776678110388,"pid":16868,"hostname":"DESKTOP-KPAMGTB","module":"auto-trader","mode":"real","err":"Binance /openOrders 401: {\"code\":-2015,\"msg\":\"Invalid API-key, IP, or permissions for action.\"}","msg":"checkOrphanPositions: error obtenint dades"}
{"level":40,"time":1776678170449,"pid":16868,"hostname":"DESKTOP-KPAMGTB","module":"auto-trader","mode":"real","err":"Binance /account 401: {\"code\":-2015,\"msg\":\"Invalid API-key, IP, or permissions for action.\"}","msg":"checkOrphanPositions: error obtenint dades"}
{"level":40,"time":1776678230684,"pid":16868,"hostname":"DESKTOP-KPAMGTB","module":"auto-trader","mode":"real","err":"Binance /openOrders 401: {\"code\":-2015,\"msg\":\"Invalid API-key, IP, or permissions for action.\"}","msg":"checkOrphanPositions: error obtenint dades"}
{"level":40,"time":1776678290412,"pid":16868,"hostname":"DESKTOP-KPAMGTB","module":"auto-trader","mode":"real","err":"Binance /account 401: {\"code\":-2015,\"msg\":\"Invalid API-key, IP, or permissions for action.\"}","msg":"checkOrphanPositions: error obtenint dades"}
{"level":40,"time":1776678350427,"pid":16868,"hostname":"DESKTOP-KPAMGTB","module":"auto-trader","mode":"real","err":"Binance /openOrders 401: {\"code\":-2015,\"msg\":\"Invalid API-key, IP, or permissions for action.\"}","msg":"checkOrphanPositions: error obtenint dades"}
{"level":40,"time":1776678410423,"pid":16868,"hostname":"DESKTOP-KPAMGTB","module":"auto-trader","mode":"real","err":"Binance /account 401: {\"code\":-2015,\"msg\":\"Invalid API-key, IP, or permissions for action.\"}","msg":"checkOrphanPositions: error obtenint dades"}
{"level":40,"time":1776678470409,"pid":16868,"hostname":"DESKTOP-KPAMGTB","module":"auto-trader","mode":"real","err":"Binance /account 401: {\"code\":-2015,\"msg\":\"Invalid API-key, IP, or permissions for action.\"}","msg":"checkOrphanPositions: error obtenint dades"}
{"level":40,"time":1776678530449,"pid":16868,"hostname":"DESKTOP-KPAMGTB","module":"auto-trader","mode":"real","err":"Binance /openOrders 401: {\"code\":-2015,\"msg\":\"Invalid API-key, IP, or permissions for action.\"}","msg":"checkOrphanPositions: error obtenint dades"}
{"level":40,"time":1776678590462,"pid":16868,"hostname":"DESKTOP-KPAMGTB","module":"auto-trader","mode":"real","err":"Binance /account 401: {\"code\":-2015,\"msg\":\"Invalid API-key, IP, or permissions for action.\"}","msg":"checkOrphanPositions: error obtenint dades"}
{"level":40,"time":1776678650685,"pid":16868,"hostname":"DESKTOP-KPAMGTB","module":"auto-trader","mode":"real","err":"Binance /openOrders 401: {\"code\":-2015,\"msg\":\"Invalid API-key, IP, or permissions for action.\"}","msg":"checkOrphanPositions: error obtenint dades"}
{"level":40,"time":1776678710453,"pid":16868,"hostname":"DESKTOP-KPAMGTB","module":"auto-trader","mode":"real","err":"Binance /openOrders 401: {\"code\":-2015,\"msg\":\"Invalid API-key, IP, or permissions for action.\"}","msg":"checkOrphanPositions: error obtenint dades"}
{"level":40,"time":1776678770470,"pid":16868,"hostname":"DESKTOP-KPAMGTB","module":"auto-trader","mode":"real","err":"Binance /account 401: {\"code\":-2015,\"msg\":\"Invalid API-key, IP, or permissions for action.\"}","msg":"checkOrphanPositions: error obtenint dades"}
{"level":40,"time":1776678830466,"pid":16868,"hostname":"DESKTOP-KPAMGTB","module":"auto-trader","mode":"real","err":"Binance /account 401: {\"code\":-2015,\"msg\":\"Invalid API-key, IP, or permissions for action.\"}","msg":"checkOrphanPositions: error obtenint dades"}
{"level":40,"time":1776678890467,"pid":16868,"hostname":"DESKTOP-KPAMGTB","module":"auto-trader","mode":"real","err":"Binance /account 401: {\"code\":-2015,\"msg\":\"Invalid API-key, IP, or permissions for action.\"}","msg":"checkOrphanPositions: error obtenint dades"}
{"level":40,"time":1776678950498,"pid":16868,"hostname":"DESKTOP-KPAMGTB","module":"auto-trader","mode":"real","err":"Binance /account 401: {\"code\":-2015,\"msg\":\"Invalid API-key, IP, or permissions for action.\"}","msg":"checkOrphanPositions: error obtenint dades"}
{"level":40,"time":1776679010497,"pid":16868,"hostname":"DESKTOP-KPAMGTB","module":"auto-trader","mode":"real","err":"Binance /account 401: {\"code\":-2015,\"msg\":\"Invalid API-key, IP, or permissions for action.\"}","msg":"checkOrphanPositions: error obtenint dades"}
{"level":40,"time":1776679073836,"pid":16868,"hostname":"DESKTOP-KPAMGTB","module":"auto-trader","mode":"real","err":"Binance /account 401: {\"code\":-2015,\"msg\":\"Invalid API-key, IP, or permissions for action.\"}","msg":"checkOrphanPositions: error obtenint dades"}
{"level":40,"time":1776679133623,"pid":16868,"hostname":"DESKTOP-KPAMGTB","module":"auto-trader","mode":"real","err":"Binance /openOrders 401: {\"code\":-2015,\"msg\":\"Invalid API-key, IP, or permissions for action.\"}","msg":"checkOrphanPositions: error obtenint dades"}
{"level":40,"time":1776679193628,"pid":16868,"hostname":"DESKTOP-KPAMGTB","module":"auto-trader","mode":"real","err":"Binance /openOrders 401: {\"code\":-2015,\"msg\":\"Invalid API-key, IP, or permissions for action.\"}","msg":"checkOrphanPositions: error obtenint dades"}
{"level":30,"time":1776679202687,"pid":16868,"hostname":"DESKTOP-KPAMGTB","module":"telegram","msg":"informe horari enviat"}
{"level":40,"time":1776679253609,"pid":16868,"hostname":"DESKTOP-KPAMGTB","module":"auto-trader","mode":"real","err":"Binance /account 401: {\"code\":-2015,\"msg\":\"Invalid API-key, IP, or permissions for action.\"}","msg":"checkOrphanPositions: error obtenint dades"}
{"level":30,"time":1776679259958,"pid":16868,"hostname":"DESKTOP-KPAMGTB","module":"auto-trader","bot":"Solana i Bitcoin a 4 hores (454%)","interval":"4h","checkInterval":"1h","msg":"globalPoll: candle tancada, llançant runBotScan"}
{"level":30,"time":1776679260233,"pid":16868,"hostname":"DESKTOP-KPAMGTB","module":"auto-trader","bot":"Solana i Bitcoin a 4 hores (454%)","interval":"4h","symbols":2,"minScore":60,"msg":"iniciant scan de bot"}
{"level":40,"time":1776679313674,"pid":16868,"hostname":"DESKTOP-KPAMGTB","module":"auto-trader","mode":"real","err":"Binance /account 401: {\"code\":-2015,\"msg\":\"Invalid API-key, IP, or permissions for action.\"}","msg":"checkOrphanPositions: error obtenint dades"}
{"level":40,"time":1776679373631,"pid":16868,"hostname":"DESKTOP-KPAMGTB","module":"auto-trader","mode":"real","err":"Binance /openOrders 401: {\"code\":-2015,\"msg\":\"Invalid API-key, IP, or permissions for action.\"}","msg":"checkOrphanPositions: error obtenint dades"}
{"level":40,"time":1776679433717,"pid":16868,"hostname":"DESKTOP-KPAMGTB","module":"auto-trader","mode":"real","err":"Binance /openOrders 401: {\"code\":-2015,\"msg\":\"Invalid API-key, IP, or permissions for action.\"}","msg":"checkOrphanPositions: error obtenint dades"}
{"level":40,"time":1776679493931,"pid":16868,"hostname":"DESKTOP-KPAMGTB","module":"auto-trader","mode":"real","err":"Binance /openOrders 401: {\"code\":-2015,\"msg\":\"Invalid API-key, IP, or permissions for action.\"}","msg":"checkOrphanPositions: error obtenint dades"}
{"level":40,"time":1776679553695,"pid":16868,"hostname":"DESKTOP-KPAMGTB","module":"auto-trader","mode":"real","err":"Binance /account 401: {\"code\":-2015,\"msg\":\"Invalid API-key, IP, or permissions for action.\"}","msg":"checkOrphanPositions: error obtenint dades"}
{"level":40,"time":1776679613711,"pid":16868,"hostname":"DESKTOP-KPAMGTB","module":"auto-trader","mode":"real","err":"Binance /openOrders 401: {\"code\":-2015,\"msg\":\"Invalid API-key, IP, or permissions for action.\"}","msg":"checkOrphanPositions: error obtenint dades"}
{"level":40,"time":1776679673684,"pid":16868,"hostname":"DESKTOP-KPAMGTB","module":"auto-trader","mode":"real","err":"Binance /account 401: {\"code\":-2015,\"msg\":\"Invalid API-key, IP, or permissions for action.\"}","msg":"checkOrphanPositions: error obtenint dades"}
{"level":50,"time":1776679705345,"pid":16868,"hostname":"DESKTOP-KPAMGTB","module":"api","source":"balance","code":"AUTH","err":"Binance /account 401: {\"code\":-2015,\"msg\":\"Invalid API-key, IP, or permissions for action.\"}","msg":"error de ruta"}
{"level":50,"time":1776679705638,"pid":16868,"hostname":"DESKTOP-KPAMGTB","module":"api","source":"balance","code":"AUTH","err":"Binance /account 401: {\"code\":-2015,\"msg\":\"Invalid API-key, IP, or permissions for action.\"}","msg":"error de ruta"}
{"level":50,"time":1776679705651,"pid":16868,"hostname":"DESKTOP-KPAMGTB","module":"api","source":"orders","code":"AUTH","err":"Binance /openOrders 401: {\"code\":-2015,\"msg\":\"Invalid API-key, IP, or permissions for action.\"}","msg":"error de ruta"}
{"level":50,"time":1776679705909,"pid":16868,"hostname":"DESKTOP-KPAMGTB","module":"api","source":"cost-basis","code":"AUTH","err":"Binance /account 401: {\"code\":-2015,\"msg\":\"Invalid API-key, IP, or permissions for action.\"}","msg":"error de ruta"}
{"level":50,"time":1776679706192,"pid":16868,"hostname":"DESKTOP-KPAMGTB","module":"api","source":"cost-basis","code":"AUTH","err":"Binance /account 401: {\"code\":-2015,\"msg\":\"Invalid API-key, IP, or permissions for action.\"}","msg":"error de ruta"}
{"level":40,"time":1776679733744,"pid":16868,"hostname":"DESKTOP-KPAMGTB","module":"auto-trader","mode":"real","err":"Binance /account 401: {\"code\":-2015,\"msg\":\"Invalid API-key, IP, or permissions for action.\"}","msg":"checkOrphanPositions: error obtenint dades"}
{"level":30,"time":1776679760878,"pid":16868,"hostname":"DESKTOP-KPAMGTB","module":"binance","assets":23,"mode":"paper","msg":"balance"}
{"level":30,"time":1776679761683,"pid":16868,"hostname":"DESKTOP-KPAMGTB","module":"binance","assets":23,"mode":"paper","msg":"balance"}
{"level":40,"time":1776679793718,"pid":16868,"hostname":"DESKTOP-KPAMGTB","module":"auto-trader","mode":"real","err":"Binance /openOrders 401: {\"code\":-2015,\"msg\":\"Invalid API-key, IP, or permissions for action.\"}","msg":"checkOrphanPositions: error obtenint dades"}
{"level":40,"time":1776679853766,"pid":16868,"hostname":"DESKTOP-KPAMGTB","module":"auto-trader","mode":"real","err":"Binance /account 401: {\"code\":-2015,\"msg\":\"Invalid API-key, IP, or permissions for action.\"}","msg":"checkOrphanPositions: error obtenint dades"}
{"level":40,"time":1776679913973,"pid":16868,"hostname":"DESKTOP-KPAMGTB","module":"auto-trader","mode":"real","err":"Binance /openOrders 401: {\"code\":-2015,\"msg\":\"Invalid API-key, IP, or permissions for action.\"}","msg":"checkOrphanPositions: error obtenint dades"}
{"level":40,"time":1776679973752,"pid":16868,"hostname":"DESKTOP-KPAMGTB","module":"auto-trader","mode":"real","err":"Binance /openOrders 401: {\"code\":-2015,\"msg\":\"Invalid API-key, IP, or permissions for action.\"}","msg":"checkOrphanPositions: error obtenint dades"}
{"level":40,"time":1776680033739,"pid":16868,"hostname":"DESKTOP-KPAMGTB","module":"auto-trader","mode":"real","err":"Binance /openOrders 401: {\"code\":-2015,\"msg\":\"Invalid API-key, IP, or permissions for action.\"}","msg":"checkOrphanPositions: error obtenint dades"}
{"level":40,"time":1776680093733,"pid":16868,"hostname":"DESKTOP-KPAMGTB","module":"auto-trader","mode":"real","err":"Binance /account 401: {\"code\":-2015,\"msg\":\"Invalid API-key, IP, or permissions for action.\"}","msg":"checkOrphanPositions: error obtenint dades"}
{"level":40,"time":1776680153787,"pid":16868,"hostname":"DESKTOP-KPAMGTB","module":"auto-trader","mode":"real","err":"Binance /account 401: {\"code\":-2015,\"msg\":\"Invalid API-key, IP, or permissions for action.\"}","msg":"checkOrphanPositions: error obtenint dades"}
{"level":40,"time":1776680213781,"pid":16868,"hostname":"DESKTOP-KPAMGTB","module":"auto-trader","mode":"real","err":"Binance /account 401: {\"code\":-2015,\"msg\":\"Invalid API-key, IP, or permissions for action.\"}","msg":"checkOrphanPositions: error obtenint dades"}
{"level":40,"time":1776680273749,"pid":16868,"hostname":"DESKTOP-KPAMGTB","module":"auto-trader","mode":"real","err":"Binance /account 401: {\"code\":-2015,\"msg\":\"Invalid API-key, IP, or permissions for action.\"}","msg":"checkOrphanPositions: error obtenint dades"}
{"level":40,"time":1776680334156,"pid":16868,"hostname":"DESKTOP-KPAMGTB","module":"auto-trader","mode":"real","err":"Binance /openOrders 401: {\"code\":-2015,\"msg\":\"Invalid API-key, IP, or permissions for action.\"}","msg":"checkOrphanPositions: error obtenint dades"}
{"level":40,"time":1776680393797,"pid":16868,"hostname":"DESKTOP-KPAMGTB","module":"auto-trader","mode":"real","err":"Binance /openOrders 401: {\"code\":-2015,\"msg\":\"Invalid API-key, IP, or permissions for action.\"}","msg":"checkOrphanPositions: error obtenint dades"}
{"level":40,"time":1776680453790,"pid":16868,"hostname":"DESKTOP-KPAMGTB","module":"auto-trader","mode":"real","err":"Binance /openOrders 401: {\"code\":-2015,\"msg\":\"Invalid API-key, IP, or permissions for action.\"}","msg":"checkOrphanPositions: error obtenint dades"}
{"level":40,"time":1776680513807,"pid":16868,"hostname":"DESKTOP-KPAMGTB","module":"auto-trader","mode":"real","err":"Binance /account 401: {\"code\":-2015,\"msg\":\"Invalid API-key, IP, or permissions for action.\"}","msg":"checkOrphanPositions: error obtenint dades"}
{"level":40,"time":1776680573824,"pid":16868,"hostname":"DESKTOP-KPAMGTB","module":"auto-trader","mode":"real","err":"Binance /openOrders 401: {\"code\":-2015,\"msg\":\"Invalid API-key, IP, or permissions for action.\"}","msg":"checkOrphanPositions: error obtenint dades"}
{"level":40,"time":1776680633888,"pid":16868,"hostname":"DESKTOP-KPAMGTB","module":"auto-trader","mode":"real","err":"Binance /account 401: {\"code\":-2015,\"msg\":\"Invalid API-key, IP, or permissions for action.\"}","msg":"checkOrphanPositions: error obtenint dades"}
{"level":40,"time":1776680693834,"pid":16868,"hostname":"DESKTOP-KPAMGTB","module":"auto-trader","mode":"real","err":"Binance /openOrders 401: {\"code\":-2015,\"msg\":\"Invalid API-key, IP, or permissions for action.\"}","msg":"checkOrphanPositions: error obtenint dades"}
{"level":40,"time":1776680754091,"pid":16868,"hostname":"DESKTOP-KPAMGTB","module":"auto-trader","mode":"real","err":"Binance /account 401: {\"code\":-2015,\"msg\":\"Invalid API-key, IP, or permissions for action.\"}","msg":"checkOrphanPositions: error obtenint dades"}
{"level":40,"time":1776680813885,"pid":16868,"hostname":"DESKTOP-KPAMGTB","module":"auto-trader","mode":"real","err":"Binance /account 401: {\"code\":-2015,\"msg\":\"Invalid API-key, IP, or permissions for action.\"}","msg":"checkOrphanPositions: error obtenint dades"}
{"level":40,"time":1776680873865,"pid":16868,"hostname":"DESKTOP-KPAMGTB","module":"auto-trader","mode":"real","err":"Binance /openOrders 401: {\"code\":-2015,\"msg\":\"Invalid API-key, IP, or permissions for action.\"}","msg":"checkOrphanPositions: error obtenint dades"}
{"level":40,"time":1776680933915,"pid":16868,"hostname":"DESKTOP-KPAMGTB","module":"auto-trader","mode":"real","err":"Binance /account 401: {\"code\":-2015,\"msg\":\"Invalid API-key, IP, or permissions for action.\"}","msg":"checkOrphanPositions: error obtenint dades"}
{"level":40,"time":1776680993895,"pid":16868,"hostname":"DESKTOP-KPAMGTB","module":"auto-trader","mode":"real","err":"Binance /openOrders 401: {\"code\":-2015,\"msg\":\"Invalid API-key, IP, or permissions for action.\"}","msg":"checkOrphanPositions: error obtenint dades"}
{"level":40,"time":1776681053894,"pid":16868,"hostname":"DESKTOP-KPAMGTB","module":"auto-trader","mode":"real","err":"Binance /openOrders 401: {\"code\":-2015,\"msg\":\"Invalid API-key, IP, or permissions for action.\"}","msg":"checkOrphanPositions: error obtenint dades"}
{"level":40,"time":1776681113906,"pid":16868,"hostname":"DESKTOP-KPAMGTB","module":"auto-trader","mode":"real","err":"Binance /account 401: {\"code\":-2015,\"msg\":\"Invalid API-key, IP, or permissions for action.\"}","msg":"checkOrphanPositions: error obtenint dades"}
{"level":40,"time":1776681173876,"pid":16868,"hostname":"DESKTOP-KPAMGTB","module":"auto-trader","mode":"real","err":"Binance /openOrders 401: {\"code\":-2015,\"msg\":\"Invalid API-key, IP, or permissions for action.\"}","msg":"checkOrphanPositions: error obtenint dades"}
{"level":40,"time":1776681233965,"pid":16868,"hostname":"DESKTOP-KPAMGTB","module":"auto-trader","mode":"real","err":"Binance /openOrders 401: {\"code\":-2015,\"msg\":\"Invalid API-key, IP, or permissions for action.\"}","msg":"checkOrphanPositions: error obtenint dades"}
{"level":40,"time":1776681294180,"pid":16868,"hostname":"DESKTOP-KPAMGTB","module":"auto-trader","mode":"real","err":"Binance /account 401: {\"code\":-2015,\"msg\":\"Invalid API-key, IP, or permissions for action.\"}","msg":"checkOrphanPositions: error obtenint dades"}
{"level":40,"time":1776681353936,"pid":16868,"hostname":"DESKTOP-KPAMGTB","module":"auto-trader","mode":"real","err":"Binance /account 401: {\"code\":-2015,\"msg\":\"Invalid API-key, IP, or permissions for action.\"}","msg":"checkOrphanPositions: error obtenint dades"}
{"level":40,"time":1776681413933,"pid":16868,"hostname":"DESKTOP-KPAMGTB","module":"auto-trader","mode":"real","err":"Binance /openOrders 401: {\"code\":-2015,\"msg\":\"Invalid API-key, IP, or permissions for action.\"}","msg":"checkOrphanPositions: error obtenint dades"}
{"level":40,"time":1776681473979,"pid":16868,"hostname":"DESKTOP-KPAMGTB","module":"auto-trader","mode":"real","err":"Binance /account 401: {\"code\":-2015,\"msg\":\"Invalid API-key, IP, or permissions for action.\"}","msg":"checkOrphanPositions: error obtenint dades"}
{"level":40,"time":1776681533946,"pid":16868,"hostname":"DESKTOP-KPAMGTB","module":"auto-trader","mode":"real","err":"Binance /account 401: {\"code\":-2015,\"msg\":\"Invalid API-key, IP, or permissions for action.\"}","msg":"checkOrphanPositions: error obtenint dades"}
{"level":40,"time":1776681593974,"pid":16868,"hostname":"DESKTOP-KPAMGTB","module":"auto-trader","mode":"real","err":"Binance /account 401: {\"code\":-2015,\"msg\":\"Invalid API-key, IP, or permissions for action.\"}","msg":"checkOrphanPositions: error obtenint dades"}
{"level":30,"time":1776681624698,"pid":16868,"hostname":"DESKTOP-KPAMGTB","module":"binance","assets":23,"mode":"paper","msg":"balance"}
{"level":40,"time":1776681654006,"pid":16868,"hostname":"DESKTOP-KPAMGTB","module":"auto-trader","mode":"real","err":"Binance /account 401: {\"code\":-2015,\"msg\":\"Invalid API-key, IP, or permissions for action.\"}","msg":"checkOrphanPositions: error obtenint dades"}
{"level":40,"time":1776681713986,"pid":16868,"hostname":"DESKTOP-KPAMGTB","module":"auto-trader","mode":"real","err":"Binance /account 401: {\"code\":-2015,\"msg\":\"Invalid API-key, IP, or permissions for action.\"}","msg":"checkOrphanPositions: error obtenint dades"}
{"level":40,"time":1776681773973,"pid":16868,"hostname":"DESKTOP-KPAMGTB","module":"auto-trader","mode":"real","err":"Binance /account 401: {\"code\":-2015,\"msg\":\"Invalid API-key, IP, or permissions for action.\"}","msg":"checkOrphanPositions: error obtenint dades"}
{"level":40,"time":1776681834252,"pid":16868,"hostname":"DESKTOP-KPAMGTB","module":"auto-trader","mode":"real","err":"Binance /openOrders 401: {\"code\":-2015,\"msg\":\"Invalid API-key, IP, or permissions for action.\"}","msg":"checkOrphanPositions: error obtenint dades"}
{"level":40,"time":1776681893967,"pid":16868,"hostname":"DESKTOP-KPAMGTB","module":"auto-trader","mode":"real","err":"Binance /account 401: {\"code\":-2015,\"msg\":\"Invalid API-key, IP, or permissions for action.\"}","msg":"checkOrphanPositions: error obtenint dades"}
{"level":40,"time":1776681954062,"pid":16868,"hostname":"DESKTOP-KPAMGTB","module":"auto-trader","mode":"real","err":"Binance /account 401: {\"code\":-2015,\"msg\":\"Invalid API-key, IP, or permissions for action.\"}","msg":"checkOrphanPositions: error obtenint dades"}
{"level":40,"time":1776682013994,"pid":16868,"hostname":"DESKTOP-KPAMGTB","module":"auto-trader","mode":"real","err":"Binance /account 401: {\"code\":-2015,\"msg\":\"Invalid API-key, IP, or permissions for action.\"}","msg":"checkOrphanPositions: error obtenint dades"}
{"level":40,"time":1776682073978,"pid":16868,"hostname":"DESKTOP-KPAMGTB","module":"auto-trader","mode":"real","err":"Binance /account 401: {\"code\":-2015,\"msg\":\"Invalid API-key, IP, or permissions for action.\"}","msg":"checkOrphanPositions: error obtenint dades"}
{"level":40,"time":1776682134011,"pid":16868,"hostname":"DESKTOP-KPAMGTB","module":"auto-trader","mode":"real","err":"Binance /openOrders 401: {\"code\":-2015,\"msg\":\"Invalid API-key, IP, or permissions for action.\"}","msg":"checkOrphanPositions: error obtenint dades"}
{"level":40,"time":1776682194027,"pid":16868,"hostname":"DESKTOP-KPAMGTB","module":"auto-trader","mode":"real","err":"Binance /openOrders 401: {\"code\":-2015,\"msg\":\"Invalid API-key, IP, or permissions for action.\"}","msg":"checkOrphanPositions: error obtenint dades"}
{"level":40,"time":1776682255391,"pid":16868,"hostname":"DESKTOP-KPAMGTB","module":"auto-trader","mode":"real","err":"Binance /openOrders 401: {\"code\":-2015,\"msg\":\"Invalid API-key, IP, or permissions for action.\"}","msg":"checkOrphanPositions: error obtenint dades"}
{"level":30,"time":1776682257531,"pid":16868,"hostname":"DESKTOP-KPAMGTB","module":"binance","assets":23,"mode":"paper","msg":"balance"}
{"level":40,"time":1776682314046,"pid":16868,"hostname":"DESKTOP-KPAMGTB","module":"auto-trader","mode":"real","err":"Binance /openOrders 401: {\"code\":-2015,\"msg\":\"Invalid API-key, IP, or permissions for action.\"}","msg":"checkOrphanPositions: error obtenint dades"}
{"level":40,"time":1776682374088,"pid":16868,"hostname":"DESKTOP-KPAMGTB","module":"auto-trader","mode":"real","err":"Binance /account 401: {\"code\":-2015,\"msg\":\"Invalid API-key, IP, or permissions for action.\"}","msg":"checkOrphanPositions: error obtenint dades"}
{"level":40,"time":1776682434071,"pid":16868,"hostname":"DESKTOP-KPAMGTB","module":"auto-trader","mode":"real","err":"Binance /openOrders 401: {\"code\":-2015,\"msg\":\"Invalid API-key, IP, or permissions for action.\"}","msg":"checkOrphanPositions: error obtenint dades"}
{"level":40,"time":1776682494138,"pid":16868,"hostname":"DESKTOP-KPAMGTB","module":"auto-trader","mode":"real","err":"Binance /account 401: {\"code\":-2015,\"msg\":\"Invalid API-key, IP, or permissions for action.\"}","msg":"checkOrphanPositions: error obtenint dades"}
{"level":40,"time":1776682554122,"pid":16868,"hostname":"DESKTOP-KPAMGTB","module":"auto-trader","mode":"real","err":"Binance /openOrders 401: {\"code\":-2015,\"msg\":\"Invalid API-key, IP, or permissions for action.\"}","msg":"checkOrphanPositions: error obtenint dades"}
{"level":40,"time":1776682614093,"pid":16868,"hostname":"DESKTOP-KPAMGTB","module":"auto-trader","mode":"real","err":"Binance /openOrders 401: {\"code\":-2015,\"msg\":\"Invalid API-key, IP, or permissions for action.\"}","msg":"checkOrphanPositions: error obtenint dades"}
{"level":40,"time":1776682674379,"pid":16868,"hostname":"DESKTOP-KPAMGTB","module":"auto-trader","mode":"real","err":"Binance /account 401: {\"code\":-2015,\"msg\":\"Invalid API-key, IP, or permissions for action.\"}","msg":"checkOrphanPositions: error obtenint dades"}
{"level":40,"time":1776682734140,"pid":16868,"hostname":"DESKTOP-KPAMGTB","module":"auto-trader","mode":"real","err":"Binance /account 401: {\"code\":-2015,\"msg\":\"Invalid API-key, IP, or permissions for action.\"}","msg":"checkOrphanPositions: error obtenint dades"}
{"level":40,"time":1776682794128,"pid":16868,"hostname":"DESKTOP-KPAMGTB","module":"auto-trader","mode":"real","err":"Binance /account 401: {\"code\":-2015,\"msg\":\"Invalid API-key, IP, or permissions for action.\"}","msg":"checkOrphanPositions: error obtenint dades"}
{"level":30,"time":1776682802888,"pid":16868,"hostname":"DESKTOP-KPAMGTB","module":"telegram","msg":"informe horari enviat"}
{"level":30,"time":1776682807887,"pid":16868,"hostname":"DESKTOP-KPAMGTB","module":"auto-trader","bot":"Solana i Bitcoin a 4 hores (454%)","interval":"4h","checkInterval":"1h","msg":"globalPoll: candle tancada, llançant runBotScan"}
{"level":30,"time":1776682808217,"pid":16868,"hostname":"DESKTOP-KPAMGTB","module":"auto-trader","bot":"Solana i Bitcoin a 4 hores (454%)","interval":"4h","symbols":2,"minScore":60,"msg":"iniciant scan de bot"}
{"level":40,"time":1776682854140,"pid":16868,"hostname":"DESKTOP-KPAMGTB","module":"auto-trader","mode":"real","err":"Binance /openOrders 401: {\"code\":-2015,\"msg\":\"Invalid API-key, IP, or permissions for action.\"}","msg":"checkOrphanPositions: error obtenint dades"}
{"level":40,"time":1776682914159,"pid":16868,"hostname":"DESKTOP-KPAMGTB","module":"auto-trader","mode":"real","err":"Binance /account 401: {\"code\":-2015,\"msg\":\"Invalid API-key, IP, or permissions for action.\"}","msg":"checkOrphanPositions: error obtenint dades"}
{"level":40,"time":1776682974112,"pid":16868,"hostname":"DESKTOP-KPAMGTB","module":"auto-trader","mode":"real","err":"Binance /openOrders 401: {\"code\":-2015,\"msg\":\"Invalid API-key, IP, or permissions for action.\"}","msg":"checkOrphanPositions: error obtenint dades"}
{"level":40,"time":1776683034159,"pid":16868,"hostname":"DESKTOP-KPAMGTB","module":"auto-trader","mode":"real","err":"Binance /openOrders 401: {\"code\":-2015,\"msg\":\"Invalid API-key, IP, or permissions for action.\"}","msg":"checkOrphanPositions: error obtenint dades"}
{"level":40,"time":1776683094167,"pid":16868,"hostname":"DESKTOP-KPAMGTB","module":"auto-trader","mode":"real","err":"Binance /account 401: {\"code\":-2015,\"msg\":\"Invalid API-key, IP, or permissions for action.\"}","msg":"checkOrphanPositions: error obtenint dades"}
{"level":40,"time":1776683154195,"pid":16868,"hostname":"DESKTOP-KPAMGTB","module":"auto-trader","mode":"real","err":"Binance /account 401: {\"code\":-2015,\"msg\":\"Invalid API-key, IP, or permissions for action.\"}","msg":"checkOrphanPositions: error obtenint dades"}
{"level":30,"time":1776683157536,"pid":16868,"hostname":"DESKTOP-KPAMGTB","module":"binance","assets":23,"mode":"paper","msg":"balance"}
{"level":40,"time":1776683214204,"pid":16868,"hostname":"DESKTOP-KPAMGTB","module":"auto-trader","mode":"real","err":"Binance /account 401: {\"code\":-2015,\"msg\":\"Invalid API-key, IP, or permissions for action.\"}","msg":"checkOrphanPositions: error obtenint dades"}
{"level":40,"time":1776683274209,"pid":16868,"hostname":"DESKTOP-KPAMGTB","module":"auto-trader","mode":"real","err":"Binance /account 401: {\"code\":-2015,\"msg\":\"Invalid API-key, IP, or permissions for action.\"}","msg":"checkOrphanPositions: error obtenint dades"}
{"level":40,"time":1776683334454,"pid":16868,"hostname":"DESKTOP-KPAMGTB","module":"auto-trader","mode":"real","err":"Binance /account 401: {\"code\":-2015,\"msg\":\"Invalid API-key, IP, or permissions for action.\"}","msg":"checkOrphanPositions: error obtenint dades"}
{"level":40,"time":1776683394222,"pid":16868,"hostname":"DESKTOP-KPAMGTB","module":"auto-trader","mode":"real","err":"Binance /account 401: {\"code\":-2015,\"msg\":\"Invalid API-key, IP, or permissions for action.\"}","msg":"checkOrphanPositions: error obtenint dades"}
{"level":40,"time":1776683454239,"pid":16868,"hostname":"DESKTOP-KPAMGTB","module":"auto-trader","mode":"real","err":"Binance /account 401: {\"code\":-2015,\"msg\":\"Invalid API-key, IP, or permissions for action.\"}","msg":"checkOrphanPositions: error obtenint dades"}
{"level":40,"time":1776683514227,"pid":16868,"hostname":"DESKTOP-KPAMGTB","module":"auto-trader","mode":"real","err":"Binance /openOrders 401: {\"code\":-2015,\"msg\":\"Invalid API-key, IP, or permissions for action.\"}","msg":"checkOrphanPositions: error obtenint dades"}
{"level":40,"time":1776683574224,"pid":16868,"hostname":"DESKTOP-KPAMGTB","module":"auto-trader","mode":"real","err":"Binance /openOrders 401: {\"code\":-2015,\"msg\":\"Invalid API-key, IP, or permissions for action.\"}","msg":"checkOrphanPositions: error obtenint dades"}
{"level":40,"time":1776683634228,"pid":16868,"hostname":"DESKTOP-KPAMGTB","module":"auto-trader","mode":"real","err":"Binance /account 401: {\"code\":-2015,\"msg\":\"Invalid API-key, IP, or permissions for action.\"}","msg":"checkOrphanPositions: error obtenint dades"}
{"level":40,"time":1776683694263,"pid":16868,"hostname":"DESKTOP-KPAMGTB","module":"auto-trader","mode":"real","err":"Binance /openOrders 401: {\"code\":-2015,\"msg\":\"Invalid API-key, IP, or permissions for action.\"}","msg":"checkOrphanPositions: error obtenint dades"}
{"level":40,"time":1776683754515,"pid":16868,"hostname":"DESKTOP-KPAMGTB","module":"auto-trader","mode":"real","err":"Binance /openOrders 401: {\"code\":-2015,\"msg\":\"Invalid API-key, IP, or permissions for action.\"}","msg":"checkOrphanPositions: error obtenint dades"}
{"level":30,"time":1776688965232,"pid":8940,"hostname":"DESKTOP-KPAMGTB","module":"order-monitor","msg":"monitor iniciat (paper + real)"}
{"level":30,"time":1776688965249,"pid":8940,"hostname":"DESKTOP-KPAMGTB","module":"telegram","nextHourIn":17,"nextDailyIn":1007,"msg":"scheduler iniciat"}
{"level":30,"time":1776688965253,"pid":8940,"hostname":"DESKTOP-KPAMGTB","module":"orders","symbol":"BTCUSDC","thresholds":[{"windowMin":5,"pct":5},{"windowMin":15,"pct":8},{"windowMin":60,"pct":12}],"pollMs":60000,"msg":"Crash monitor iniciat"}
{"level":30,"time":1776688965258,"pid":8940,"hostname":"DESKTOP-KPAMGTB","module":"auto-trader","msg":"auto-trader multi-bot iniciat (poll 60s)"}
{"level":50,"time":1776688965750,"pid":8940,"hostname":"DESKTOP-KPAMGTB","module":"order-monitor","mode":"real","err":"Binance /openOrders 401: {\"code\":-2015,\"msg\":\"Invalid API-key, IP, or permissions for action.\"}","msg":"error inicialitzant"}
{"level":30,"time":1776688966228,"pid":8940,"hostname":"DESKTOP-KPAMGTB","module":"binance","assets":23,"mode":"paper","msg":"balance"}
{"level":30,"time":1776688966280,"pid":8940,"hostname":"DESKTOP-KPAMGTB","module":"order-monitor","mode":"paper","count":0,"msg":"inicialitzat"}
{"level":40,"time":1776688970503,"pid":8940,"hostname":"DESKTOP-KPAMGTB","module":"auto-trader","mode":"real","err":"Binance /openOrders 401: {\"code\":-2015,\"msg\":\"Invalid API-key, IP, or permissions for action.\"}","msg":"checkOrphanPositions: error obtenint dades"}
{"level":50,"time":1776688977722,"pid":8940,"hostname":"DESKTOP-KPAMGTB","module":"api","source":"balance","code":"AUTH","err":"Binance /account 401: {\"code\":-2015,\"msg\":\"Invalid API-key, IP, or permissions for action.\"}","msg":"error de ruta"}
{"level":50,"time":1776688977736,"pid":8940,"hostname":"DESKTOP-KPAMGTB","module":"api","source":"cost-basis","code":"AUTH","err":"Binance /account 401: {\"code\":-2015,\"msg\":\"Invalid API-key, IP, or permissions for action.\"}","msg":"error de ruta"}
{"level":50,"time":1776688977752,"pid":8940,"hostname":"DESKTOP-KPAMGTB","module":"api","source":"orders","code":"AUTH","err":"Binance /openOrders 401: {\"code\":-2015,\"msg\":\"Invalid API-key, IP, or permissions for action.\"}","msg":"error de ruta"}
{"level":50,"time":1776688977791,"pid":8940,"hostname":"DESKTOP-KPAMGTB","module":"api","source":"cost-basis","code":"AUTH","err":"Binance /account 401: {\"code\":-2015,\"msg\":\"Invalid API-key, IP, or permissions for action.\"}","msg":"error de ruta"}
{"level":50,"time":1776688977804,"pid":8940,"hostname":"DESKTOP-KPAMGTB","module":"api","source":"balance","code":"AUTH","err":"Binance /account 401: {\"code\":-2015,\"msg\":\"Invalid API-key, IP, or permissions for action.\"}","msg":"error de ruta"}
{"level":40,"time":1776689025574,"pid":8940,"hostname":"DESKTOP-KPAMGTB","module":"auto-trader","mode":"real","err":"Binance /openOrders 401: {\"code\":-2015,\"msg\":\"Invalid API-key, IP, or permissions for action.\"}","msg":"checkOrphanPositions: error obtenint dades"}
{"level":30,"time":1776689051196,"pid":8940,"hostname":"DESKTOP-KPAMGTB","module":"binance","assets":23,"mode":"paper","msg":"balance"}
{"level":30,"time":1776689052568,"pid":8940,"hostname":"DESKTOP-KPAMGTB","module":"binance","assets":23,"mode":"paper","msg":"balance"}
{"level":40,"time":1776689085595,"pid":8940,"hostname":"DESKTOP-KPAMGTB","module":"auto-trader","mode":"real","err":"Binance /openOrders 401: {\"code\":-2015,\"msg\":\"Invalid API-key, IP, or permissions for action.\"}","msg":"checkOrphanPositions: error obtenint dades"}
{"level":50,"time":1776689110977,"pid":8940,"hostname":"DESKTOP-KPAMGTB","module":"api","source":"balance","code":"AUTH","err":"Binance /account 401: {\"code\":-2015,\"msg\":\"Invalid API-key, IP, or permissions for action.\"}","msg":"error de ruta"}
{"level":50,"time":1776689111026,"pid":8940,"hostname":"DESKTOP-KPAMGTB","module":"api","source":"orders","code":"AUTH","err":"Binance /openOrders 401: {\"code\":-2015,\"msg\":\"Invalid API-key, IP, or permissions for action.\"}","msg":"error de ruta"}
{"level":50,"time":1776689111039,"pid":8940,"hostname":"DESKTOP-KPAMGTB","module":"api","source":"cost-basis","code":"AUTH","err":"Binance /account 401: {\"code\":-2015,\"msg\":\"Invalid API-key, IP, or permissions for action.\"}","msg":"error de ruta"}
{"level":50,"time":1776689111089,"pid":8940,"hostname":"DESKTOP-KPAMGTB","module":"api","source":"cost-basis","code":"AUTH","err":"Binance /account 401: {\"code\":-2015,\"msg\":\"Invalid API-key, IP, or permissions for action.\"}","msg":"error de ruta"}
{"level":50,"time":1776689111101,"pid":8940,"hostname":"DESKTOP-KPAMGTB","module":"api","source":"balance","code":"AUTH","err":"Binance /account 401: {\"code\":-2015,\"msg\":\"Invalid API-key, IP, or permissions for action.\"}","msg":"error de ruta"}
{"level":40,"time":1776689145588,"pid":8940,"hostname":"DESKTOP-KPAMGTB","module":"auto-trader","mode":"real","err":"Binance /account 401: {\"code\":-2015,\"msg\":\"Invalid API-key, IP, or permissions for action.\"}","msg":"checkOrphanPositions: error obtenint dades"}
{"level":40,"time":1776689205602,"pid":8940,"hostname":"DESKTOP-KPAMGTB","module":"auto-trader","mode":"real","err":"Binance /openOrders 401: {\"code\":-2015,\"msg\":\"Invalid API-key, IP, or permissions for action.\"}","msg":"checkOrphanPositions: error obtenint dades"}
{"level":50,"time":1776689236100,"pid":8940,"hostname":"DESKTOP-KPAMGTB","module":"api","source":"balance","code":"AUTH","err":"Binance /account 401: {\"code\":-2015,\"msg\":\"Invalid API-key, IP, or permissions for action.\"}","msg":"error de ruta"}
{"level":50,"time":1776689236119,"pid":8940,"hostname":"DESKTOP-KPAMGTB","module":"api","source":"cost-basis","code":"AUTH","err":"Binance /account 401: {\"code\":-2015,\"msg\":\"Invalid API-key, IP, or permissions for action.\"}","msg":"error de ruta"}
{"level":50,"time":1776689236139,"pid":8940,"hostname":"DESKTOP-KPAMGTB","module":"api","source":"orders","code":"AUTH","err":"Binance /openOrders 401: {\"code\":-2015,\"msg\":\"Invalid API-key, IP, or permissions for action.\"}","msg":"error de ruta"}
{"level":50,"time":1776689236205,"pid":8940,"hostname":"DESKTOP-KPAMGTB","module":"api","source":"cost-basis","code":"AUTH","err":"Binance /account 401: {\"code\":-2015,\"msg\":\"Invalid API-key, IP, or permissions for action.\"}","msg":"error de ruta"}
{"level":50,"time":1776689236257,"pid":8940,"hostname":"DESKTOP-KPAMGTB","module":"api","source":"balance","code":"AUTH","err":"Binance /account 401: {\"code\":-2015,\"msg\":\"Invalid API-key, IP, or permissions for action.\"}","msg":"error de ruta"}
{"level":30,"time":1776689239662,"pid":8940,"hostname":"DESKTOP-KPAMGTB","module":"binance","assets":23,"mode":"paper","msg":"balance"}
{"level":30,"time":1776689239674,"pid":8940,"hostname":"DESKTOP-KPAMGTB","module":"binance","assets":23,"mode":"paper","msg":"balance"}
{"level":40,"time":1776689265583,"pid":8940,"hostname":"DESKTOP-KPAMGTB","module":"auto-trader","mode":"real","err":"Binance /account 401: {\"code\":-2015,\"msg\":\"Invalid API-key, IP, or permissions for action.\"}","msg":"checkOrphanPositions: error obtenint dades"}
{"level":40,"time":1776689325587,"pid":8940,"hostname":"DESKTOP-KPAMGTB","module":"auto-trader","mode":"real","err":"Binance /account 401: {\"code\":-2015,\"msg\":\"Invalid API-key, IP, or permissions for action.\"}","msg":"checkOrphanPositions: error obtenint dades"}
{"level":40,"time":1776689385573,"pid":8940,"hostname":"DESKTOP-KPAMGTB","module":"auto-trader","mode":"real","err":"Binance /openOrders 401: {\"code\":-2015,\"msg\":\"Invalid API-key, IP, or permissions for action.\"}","msg":"checkOrphanPositions: error obtenint dades"}
{"level":40,"time":1776689445597,"pid":8940,"hostname":"DESKTOP-KPAMGTB","module":"auto-trader","mode":"real","err":"Binance /account 401: {\"code\":-2015,\"msg\":\"Invalid API-key, IP, or permissions for action.\"}","msg":"checkOrphanPositions: error obtenint dades"}
{"level":40,"time":1776689505652,"pid":8940,"hostname":"DESKTOP-KPAMGTB","module":"auto-trader","mode":"real","err":"Binance /account 401: {\"code\":-2015,\"msg\":\"Invalid API-key, IP, or permissions for action.\"}","msg":"checkOrphanPositions: error obtenint dades"}
{"level":30,"time":1776689577125,"pid":8940,"hostname":"DESKTOP-KPAMGTB","module":"binance","assets":4,"mode":"real","msg":"balance"}
{"level":30,"time":1776689577324,"pid":8940,"hostname":"DESKTOP-KPAMGTB","module":"binance","assets":4,"mode":"real","msg":"balance"}
{"level":30,"time":1776689889338,"pid":8940,"hostname":"DESKTOP-KPAMGTB","module":"binance","assets":23,"mode":"paper","msg":"balance"}
{"level":30,"time":1776689889349,"pid":8940,"hostname":"DESKTOP-KPAMGTB","module":"binance","assets":23,"mode":"paper","msg":"balance"}
{"level":30,"time":1776690003711,"pid":8940,"hostname":"DESKTOP-KPAMGTB","module":"telegram","msg":"informe horari enviat"}
{"level":30,"time":1776690055135,"pid":8940,"hostname":"DESKTOP-KPAMGTB","module":"auto-trader","bot":"Solana i Bitcoin a 4 hores (454%)","interval":"4h","checkInterval":"1h","msg":"globalPoll: candle tancada, llançant runBotScan"}
{"level":30,"time":1776690055376,"pid":8940,"hostname":"DESKTOP-KPAMGTB","module":"auto-trader","bot":"Solana i Bitcoin a 4 hores (454%)","interval":"4h","symbols":2,"minScore":60,"msg":"iniciant scan de bot"}
{"level":30,"time":1776693604924,"pid":8940,"hostname":"DESKTOP-KPAMGTB","module":"telegram","msg":"informe horari enviat"}
{"level":30,"time":1776693655153,"pid":8940,"hostname":"DESKTOP-KPAMGTB","module":"auto-trader","bot":"Solana i Bitcoin a 4 hores (454%)","interval":"4h","checkInterval":"1h","msg":"globalPoll: candle tancada, llançant runBotScan"}
{"level":30,"time":1776693655504,"pid":8940,"hostname":"DESKTOP-KPAMGTB","module":"auto-trader","bot":"Solana i Bitcoin a 4 hores (454%)","interval":"4h","symbols":2,"minScore":60,"msg":"iniciant scan de bot"}
{"level":30,"time":1776695773081,"pid":8940,"hostname":"DESKTOP-KPAMGTB","module":"binance","assets":4,"mode":"real","msg":"balance"}
{"level":30,"time":1776695773202,"pid":8940,"hostname":"DESKTOP-KPAMGTB","module":"binance","assets":4,"mode":"real","msg":"balance"}
{"level":30,"time":1776695795796,"pid":8940,"hostname":"DESKTOP-KPAMGTB","module":"binance","assets":23,"mode":"paper","msg":"balance"}
{"level":30,"time":1776695796281,"pid":8940,"hostname":"DESKTOP-KPAMGTB","module":"binance","assets":23,"mode":"paper","msg":"balance"}
{"level":30,"time":1776695818888,"pid":8940,"hostname":"DESKTOP-KPAMGTB","module":"binance","assets":23,"mode":"paper","msg":"balance"}
{"level":30,"time":1776695819355,"pid":8940,"hostname":"DESKTOP-KPAMGTB","module":"binance","assets":23,"mode":"paper","msg":"balance"}
{"level":30,"time":1776695821181,"pid":8940,"hostname":"DESKTOP-KPAMGTB","module":"binance","assets":23,"mode":"paper","msg":"balance"}
{"level":30,"time":1776695822060,"pid":8940,"hostname":"DESKTOP-KPAMGTB","module":"binance","assets":23,"mode":"paper","msg":"balance"}
{"level":30,"time":1776695823016,"pid":8940,"hostname":"DESKTOP-KPAMGTB","module":"binance","assets":23,"mode":"paper","msg":"balance"}
{"level":30,"time":1776695825381,"pid":8940,"hostname":"DESKTOP-KPAMGTB","module":"binance","assets":23,"mode":"paper","msg":"balance"}
{"level":30,"time":1776695851078,"pid":8940,"hostname":"DESKTOP-KPAMGTB","module":"binance","assets":4,"mode":"real","msg":"balance"}
{"level":30,"time":1776695851092,"pid":8940,"hostname":"DESKTOP-KPAMGTB","module":"binance","assets":4,"mode":"real","msg":"balance"}
{"level":30,"time":1776696740315,"pid":8940,"hostname":"DESKTOP-KPAMGTB","module":"binance","assets":23,"mode":"paper","msg":"balance"}
{"level":30,"time":1776696741424,"pid":8940,"hostname":"DESKTOP-KPAMGTB","module":"binance","assets":23,"mode":"paper","msg":"balance"}
{"level":30,"time":1776696852968,"pid":8940,"hostname":"DESKTOP-KPAMGTB","module":"binance","assets":4,"mode":"real","msg":"balance"}
{"level":30,"time":1776696853008,"pid":8940,"hostname":"DESKTOP-KPAMGTB","module":"binance","assets":4,"mode":"real","msg":"balance"}
{"level":30,"time":1776696855636,"pid":8940,"hostname":"DESKTOP-KPAMGTB","module":"binance","assets":23,"mode":"paper","msg":"balance"}
{"level":30,"time":1776696855730,"pid":8940,"hostname":"DESKTOP-KPAMGTB","module":"binance","assets":23,"mode":"paper","msg":"balance"}
{"level":30,"time":1776696855752,"pid":8940,"hostname":"DESKTOP-KPAMGTB","module":"binance","assets":4,"mode":"real","msg":"balance"}
{"level":30,"time":1776696856171,"pid":8940,"hostname":"DESKTOP-KPAMGTB","module":"binance","assets":4,"mode":"real","msg":"balance"}
{"level":30,"time":1776696863535,"pid":8940,"hostname":"DESKTOP-KPAMGTB","module":"binance","assets":4,"mode":"real","msg":"balance"}
{"level":30,"time":1776696867012,"pid":8940,"hostname":"DESKTOP-KPAMGTB","module":"binance","assets":4,"mode":"real","msg":"balance"}
{"level":30,"time":1776696867252,"pid":8940,"hostname":"DESKTOP-KPAMGTB","module":"binance","assets":4,"mode":"real","msg":"balance"}
{"level":30,"time":1776696876958,"pid":8940,"hostname":"DESKTOP-KPAMGTB","module":"trailing-engine","msg":"motor iniciat"}
{"level":30,"time":1776696879338,"pid":8940,"hostname":"DESKTOP-KPAMGTB","module":"binance","assets":4,"mode":"real","msg":"balance"}
{"level":30,"time":1776696879366,"pid":8940,"hostname":"DESKTOP-KPAMGTB","module":"binance","assets":4,"mode":"real","msg":"balance"}
{"level":30,"time":1776696916520,"pid":8940,"hostname":"DESKTOP-KPAMGTB","module":"binance","assets":23,"mode":"paper","msg":"balance"}
{"level":30,"time":1776696917634,"pid":8940,"hostname":"DESKTOP-KPAMGTB","module":"binance","assets":23,"mode":"paper","msg":"balance"}
{"level":30,"time":1776697115917,"pid":8940,"hostname":"DESKTOP-KPAMGTB","module":"binance","assets":4,"mode":"real","msg":"balance"}
{"level":30,"time":1776697115932,"pid":8940,"hostname":"DESKTOP-KPAMGTB","module":"binance","assets":4,"mode":"real","msg":"balance"}
{"level":30,"time":1776697204988,"pid":8940,"hostname":"DESKTOP-KPAMGTB","module":"telegram","msg":"informe horari enviat"}
{"level":30,"time":1776700801975,"pid":8940,"hostname":"DESKTOP-KPAMGTB","module":"telegram","msg":"informe horari enviat"}
{"level":30,"time":1776704403149,"pid":8940,"hostname":"DESKTOP-KPAMGTB","module":"telegram","msg":"informe horari enviat"}
{"level":30,"time":1776708002624,"pid":8940,"hostname":"DESKTOP-KPAMGTB","module":"telegram","msg":"informe horari enviat"}
{"level":30,"time":1776708068504,"pid":8940,"hostname":"DESKTOP-KPAMGTB","module":"binance","assets":23,"mode":"paper","msg":"balance"}
{"level":30,"time":1776708069530,"pid":8940,"hostname":"DESKTOP-KPAMGTB","module":"binance","assets":23,"mode":"paper","msg":"balance"}
{"level":30,"time":1776708104854,"pid":8940,"hostname":"DESKTOP-KPAMGTB","module":"binance","symbol":"BTCUSDC","interval":"1h","verdict":"WAIT","score":63,"price":76083.74,"msg":"scanner"}
{"level":30,"time":1776708104903,"pid":8940,"hostname":"DESKTOP-KPAMGTB","module":"binance","symbol":"BTCUSDC","interval":"5m","verdict":"WAIT","score":63,"price":76083.74,"msg":"scanner"}
{"level":30,"time":1776708105372,"pid":8940,"hostname":"DESKTOP-KPAMGTB","module":"binance","symbol":"ETHUSDC","interval":"1h","verdict":"BUY","score":66,"price":2324.86,"msg":"scanner"}
{"level":30,"time":1776708105399,"pid":8940,"hostname":"DESKTOP-KPAMGTB","module":"binance","symbol":"ETHUSDC","interval":"4h","verdict":"WAIT","score":56,"price":2324.86,"msg":"scanner"}
{"level":30,"time":1776708105762,"pid":8940,"hostname":"DESKTOP-KPAMGTB","module":"binance","symbol":"BNBUSDC","interval":"5m","verdict":"BUY","score":66,"price":630.77,"msg":"scanner"}
{"level":30,"time":1776708105953,"pid":8940,"hostname":"DESKTOP-KPAMGTB","module":"binance","symbol":"BTCUSDC","interval":"4h","verdict":"BUY","score":66,"price":76083.73,"msg":"scanner"}
{"level":30,"time":1776708105974,"pid":8940,"hostname":"DESKTOP-KPAMGTB","module":"binance","symbol":"ETHUSDC","interval":"5m","verdict":"BUY","score":66,"price":2324.86,"msg":"scanner"}
{"level":30,"time":1776708106021,"pid":8940,"hostname":"DESKTOP-KPAMGTB","module":"binance","symbol":"BNBUSDC","interval":"1h","verdict":"WAIT","score":63,"price":630.77,"msg":"scanner"}
{"level":30,"time":1776708106370,"pid":8940,"hostname":"DESKTOP-KPAMGTB","module":"binance","symbol":"BNBUSDC","interval":"4h","verdict":"WAIT","score":63,"price":630.77,"msg":"scanner"}
{"level":30,"time":1776708106405,"pid":8940,"hostname":"DESKTOP-KPAMGTB","module":"binance","symbol":"SOLUSDC","interval":"5m","verdict":"WAIT","score":63,"price":86.01,"msg":"scanner"}
{"level":30,"time":1776708106514,"pid":8940,"hostname":"DESKTOP-KPAMGTB","module":"binance","symbol":"SOLUSDC","interval":"1h","verdict":"WAIT","score":59,"price":86.01,"msg":"scanner"}
{"level":30,"time":1776708106586,"pid":8940,"hostname":"DESKTOP-KPAMGTB","module":"binance","symbol":"SOLUSDC","interval":"4h","verdict":"WAIT","score":56,"price":86.01,"msg":"scanner"}
{"level":30,"time":1776708106818,"pid":8940,"hostname":"DESKTOP-KPAMGTB","module":"binance","symbol":"XRPUSDC","interval":"5m","verdict":"BUY","score":66,"price":1.4304,"msg":"scanner"}
{"level":30,"time":1776708107017,"pid":8940,"hostname":"DESKTOP-KPAMGTB","module":"binance","symbol":"XRPUSDC","interval":"1h","verdict":"WAIT","score":56,"price":1.4303,"msg":"scanner"}
{"level":30,"time":1776708107043,"pid":8940,"hostname":"DESKTOP-KPAMGTB","module":"binance","symbol":"XRPUSDC","interval":"4h","verdict":"WAIT","score":59,"price":1.4303,"msg":"scanner"}
{"level":30,"time":1776708107141,"pid":8940,"hostname":"DESKTOP-KPAMGTB","module":"binance","symbol":"DOGEUSDC","interval":"5m","verdict":"BUY","score":66,"price":0.09537,"msg":"scanner"}
{"level":30,"time":1776708107345,"pid":8940,"hostname":"DESKTOP-KPAMGTB","module":"binance","symbol":"DOGEUSDC","interval":"1h","verdict":"WAIT","score":63,"price":0.09537,"msg":"scanner"}
{"level":30,"time":1776708107558,"pid":8940,"hostname":"DESKTOP-KPAMGTB","module":"binance","symbol":"ADAUSDC","interval":"5m","verdict":"BUY","score":66,"price":0.249,"msg":"scanner"}
{"level":30,"time":1776708107624,"pid":8940,"hostname":"DESKTOP-KPAMGTB","module":"binance","symbol":"DOGEUSDC","interval":"4h","verdict":"WAIT","score":56,"price":0.09537,"msg":"scanner"}
{"level":30,"time":1776708107712,"pid":8940,"hostname":"DESKTOP-KPAMGTB","module":"binance","symbol":"ADAUSDC","interval":"4h","verdict":"WAIT","score":50,"price":0.249,"msg":"scanner"}
{"level":30,"time":1776708107745,"pid":8940,"hostname":"DESKTOP-KPAMGTB","module":"binance","symbol":"ADAUSDC","interval":"1h","verdict":"WAIT","score":63,"price":0.249,"msg":"scanner"}
{"level":30,"time":1776708107922,"pid":8940,"hostname":"DESKTOP-KPAMGTB","module":"binance","symbol":"AVAXUSDC","interval":"5m","verdict":"WAIT","score":59,"price":9.29,"msg":"scanner"}
{"level":30,"time":1776708107954,"pid":8940,"hostname":"DESKTOP-KPAMGTB","module":"binance","symbol":"AVAXUSDC","interval":"1h","verdict":"WAIT","score":59,"price":9.29,"msg":"scanner"}
{"level":30,"time":1776708108118,"pid":8940,"hostname":"DESKTOP-KPAMGTB","module":"binance","symbol":"TRXUSDC","interval":"5m","verdict":"WAIT","score":59,"price":0.3285,"msg":"scanner"}
{"level":30,"time":1776708108143,"pid":8940,"hostname":"DESKTOP-KPAMGTB","module":"binance","symbol":"AVAXUSDC","interval":"4h","verdict":"WAIT","score":44,"price":9.29,"msg":"scanner"}
{"level":30,"time":1776708108296,"pid":8940,"hostname":"DESKTOP-KPAMGTB","module":"binance","symbol":"TRXUSDC","interval":"1h","verdict":"WAIT","score":50,"price":0.3285,"msg":"scanner"}
{"level":30,"time":1776708108317,"pid":8940,"hostname":"DESKTOP-KPAMGTB","module":"binance","symbol":"TRXUSDC","interval":"4h","verdict":"WAIT","score":47,"price":0.3285,"msg":"scanner"}
{"level":30,"time":1776708108535,"pid":8940,"hostname":"DESKTOP-KPAMGTB","module":"binance","symbol":"DOTUSDC","interval":"1h","verdict":"WAIT","score":59,"price":1.279,"msg":"scanner"}
{"level":30,"time":1776708108567,"pid":8940,"hostname":"DESKTOP-KPAMGTB","module":"binance","symbol":"DOTUSDC","interval":"5m","verdict":"BUY","score":69,"price":1.279,"msg":"scanner"}
{"level":30,"time":1776708108741,"pid":8940,"hostname":"DESKTOP-KPAMGTB","module":"binance","symbol":"LINKUSDC","interval":"5m","verdict":"WAIT","score":59,"price":9.31,"msg":"scanner"}
{"level":30,"time":1776708108841,"pid":8940,"hostname":"DESKTOP-KPAMGTB","module":"binance","symbol":"DOTUSDC","interval":"4h","verdict":"WAIT","score":47,"price":1.279,"msg":"scanner"}
{"level":30,"time":1776708108921,"pid":8940,"hostname":"DESKTOP-KPAMGTB","module":"binance","symbol":"LINKUSDC","interval":"1h","verdict":"WAIT","score":63,"price":9.31,"msg":"scanner"}
{"level":30,"time":1776708108948,"pid":8940,"hostname":"DESKTOP-KPAMGTB","module":"binance","symbol":"LINKUSDC","interval":"4h","verdict":"WAIT","score":56,"price":9.31,"msg":"scanner"}
{"level":30,"time":1776708109150,"pid":8940,"hostname":"DESKTOP-KPAMGTB","module":"binance","symbol":"MATICUSDC","interval":"5m","verdict":"WAIT","score":53,"price":0.3791,"msg":"scanner"}
{"level":30,"time":1776708109283,"pid":8940,"hostname":"DESKTOP-KPAMGTB","module":"binance","symbol":"MATICUSDC","interval":"1h","verdict":"WAIT","score":41,"price":0.3791,"msg":"scanner"}
{"level":30,"time":1776708109366,"pid":8940,"hostname":"DESKTOP-KPAMGTB","module":"binance","symbol":"MATICUSDC","interval":"4h","verdict":"WAIT","score":47,"price":0.3791,"msg":"scanner"}
{"level":30,"time":1776708109391,"pid":8940,"hostname":"DESKTOP-KPAMGTB","module":"binance","symbol":"LTCUSDC","interval":"5m","verdict":"WAIT","score":59,"price":55.29,"msg":"scanner"}
{"level":30,"time":1776708109618,"pid":8940,"hostname":"DESKTOP-KPAMGTB","module":"binance","symbol":"LTCUSDC","interval":"1h","verdict":"WAIT","score":63,"price":55.29,"msg":"scanner"}
{"level":30,"time":1776708109718,"pid":8940,"hostname":"DESKTOP-KPAMGTB","module":"binance","symbol":"LTCUSDC","interval":"4h","verdict":"WAIT","score":56,"price":55.29,"msg":"scanner"}
{"level":30,"time":1776708109803,"pid":8940,"hostname":"DESKTOP-KPAMGTB","module":"binance","symbol":"SHIBUSDC","interval":"5m","verdict":"WAIT","score":63,"price":0.00000604,"msg":"scanner"}
{"level":30,"time":1776708109838,"pid":8940,"hostname":"DESKTOP-KPAMGTB","module":"binance","symbol":"SHIBUSDC","interval":"1h","verdict":"BUY","score":66,"price":0.00000604,"msg":"scanner"}
{"level":30,"time":1776708109957,"pid":8940,"hostname":"DESKTOP-KPAMGTB","module":"binance","symbol":"SHIBUSDC","interval":"4h","verdict":"WAIT","score":56,"price":0.00000604,"msg":"scanner"}
{"level":30,"time":1776708110049,"pid":8940,"hostname":"DESKTOP-KPAMGTB","module":"binance","symbol":"UNIUSDC","interval":"5m","verdict":"WAIT","score":59,"price":3.27,"msg":"scanner"}
{"level":30,"time":1776708110198,"pid":8940,"hostname":"DESKTOP-KPAMGTB","module":"binance","symbol":"UNIUSDC","interval":"1h","verdict":"WAIT","score":59,"price":3.27,"msg":"scanner"}
{"level":30,"time":1776708110227,"pid":8940,"hostname":"DESKTOP-KPAMGTB","module":"binance","symbol":"UNIUSDC","interval":"4h","verdict":"WAIT","score":50,"price":3.27,"msg":"scanner"}
{"level":30,"time":1776708110354,"pid":8940,"hostname":"DESKTOP-KPAMGTB","module":"binance","symbol":"ATOMUSDC","interval":"5m","verdict":"WAIT","score":63,"price":1.809,"msg":"scanner"}
{"level":30,"time":1776708110448,"pid":8940,"hostname":"DESKTOP-KPAMGTB","module":"binance","symbol":"ATOMUSDC","interval":"1h","verdict":"WAIT","score":63,"price":1.809,"msg":"scanner"}
{"level":30,"time":1776708110849,"pid":8940,"hostname":"DESKTOP-KPAMGTB","module":"binance","symbol":"ATOMUSDC","interval":"4h","verdict":"BUY","score":69,"price":1.809,"msg":"scanner"}
{"level":30,"time":1776708110859,"pid":8940,"hostname":"DESKTOP-KPAMGTB","module":"binance","symbol":"ETCUSDC","interval":"5m","verdict":"WAIT","score":63,"price":8.44,"msg":"scanner"}
{"level":30,"time":1776708110936,"pid":8940,"hostname":"DESKTOP-KPAMGTB","module":"binance","symbol":"ETCUSDC","interval":"1h","verdict":"BUY","score":69,"price":8.44,"msg":"scanner"}
{"level":30,"time":1776708111185,"pid":8940,"hostname":"DESKTOP-KPAMGTB","module":"binance","symbol":"ETCUSDC","interval":"4h","verdict":"WAIT","score":47,"price":8.44,"msg":"scanner"}
{"level":30,"time":1776708111315,"pid":8940,"hostname":"DESKTOP-KPAMGTB","module":"binance","symbol":"XLMUSDC","interval":"5m","verdict":"BUY","score":69,"price":0.1732,"msg":"scanner"}
{"level":30,"time":1776708111363,"pid":8940,"hostname":"DESKTOP-KPAMGTB","module":"binance","symbol":"XLMUSDC","interval":"1h","verdict":"WAIT","score":59,"price":0.1732,"msg":"scanner"}
{"level":30,"time":1776708111455,"pid":8940,"hostname":"DESKTOP-KPAMGTB","module":"binance","symbol":"XLMUSDC","interval":"4h","verdict":"BUY","score":69,"price":0.1732,"msg":"scanner"}
{"level":30,"time":1776708111684,"pid":8940,"hostname":"DESKTOP-KPAMGTB","module":"binance","symbol":"APTUSDC","interval":"5m","verdict":"BUY","score":66,"price":0.945,"msg":"scanner"}
{"level":30,"time":1776708111753,"pid":8940,"hostname":"DESKTOP-KPAMGTB","module":"binance","symbol":"APTUSDC","interval":"1h","verdict":"WAIT","score":59,"price":0.945,"msg":"scanner"}
{"level":30,"time":1776708111801,"pid":8940,"hostname":"DESKTOP-KPAMGTB","module":"binance","symbol":"APTUSDC","interval":"4h","verdict":"WAIT","score":56,"price":0.945,"msg":"scanner"}
{"level":30,"time":1776708111850,"pid":8940,"hostname":"DESKTOP-KPAMGTB","module":"binance","symbol":"NEARUSDC","interval":"5m","verdict":"WAIT","score":63,"price":1.366,"msg":"scanner"}
{"level":30,"time":1776708112019,"pid":8940,"hostname":"DESKTOP-KPAMGTB","module":"binance","symbol":"NEARUSDC","interval":"1h","verdict":"WAIT","score":56,"price":1.366,"msg":"scanner"}
{"level":30,"time":1776708112156,"pid":8940,"hostname":"DESKTOP-KPAMGTB","module":"binance","symbol":"NEARUSDC","interval":"4h","verdict":"WAIT","score":50,"price":1.366,"msg":"scanner"}
{"level":30,"time":1776708156754,"pid":8940,"hostname":"DESKTOP-KPAMGTB","module":"binance","symbol":"BTCUSDC","interval":"5m","verdict":"WAIT","score":59,"price":76056.65,"msg":"scanner"}
{"level":30,"time":1776708156859,"pid":8940,"hostname":"DESKTOP-KPAMGTB","module":"binance","symbol":"ETHUSDC","interval":"5m","verdict":"BUY","score":66,"price":2324.37,"msg":"scanner"}
{"level":30,"time":1776708157104,"pid":8940,"hostname":"DESKTOP-KPAMGTB","module":"binance","symbol":"BNBUSDC","interval":"5m","verdict":"BUY","score":66,"price":630.55,"msg":"scanner"}
{"level":30,"time":1776708157152,"pid":8940,"hostname":"DESKTOP-KPAMGTB","module":"binance","symbol":"SOLUSDC","interval":"5m","verdict":"WAIT","score":63,"price":85.96,"msg":"scanner"}
{"level":30,"time":1776708157370,"pid":8940,"hostname":"DESKTOP-KPAMGTB","module":"binance","symbol":"XRPUSDC","interval":"5m","verdict":"BUY","score":66,"price":1.4296,"msg":"scanner"}
{"level":30,"time":1776708157468,"pid":8940,"hostname":"DESKTOP-KPAMGTB","module":"binance","symbol":"DOGEUSDC","interval":"5m","verdict":"BUY","score":69,"price":0.09524,"msg":"scanner"}
{"level":30,"time":1776708157680,"pid":8940,"hostname":"DESKTOP-KPAMGTB","module":"binance","symbol":"ADAUSDC","interval":"5m","verdict":"BUY","score":66,"price":0.2489,"msg":"scanner"}
{"level":30,"time":1776708157899,"pid":8940,"hostname":"DESKTOP-KPAMGTB","module":"binance","symbol":"AVAXUSDC","interval":"5m","verdict":"WAIT","score":59,"price":9.29,"msg":"scanner"}
{"level":30,"time":1776708158192,"pid":8940,"hostname":"DESKTOP-KPAMGTB","module":"binance","symbol":"TRXUSDC","interval":"5m","verdict":"WAIT","score":59,"price":0.3285,"msg":"scanner"}
{"level":30,"time":1776708158267,"pid":8940,"hostname":"DESKTOP-KPAMGTB","module":"binance","symbol":"DOTUSDC","interval":"5m","verdict":"BUY","score":69,"price":1.281,"msg":"scanner"}
{"level":30,"time":1776708158470,"pid":8940,"hostname":"DESKTOP-KPAMGTB","module":"binance","symbol":"LINKUSDC","interval":"5m","verdict":"WAIT","score":59,"price":9.31,"msg":"scanner"}
{"level":30,"time":1776708158690,"pid":8940,"hostname":"DESKTOP-KPAMGTB","module":"binance","symbol":"MATICUSDC","interval":"5m","verdict":"WAIT","score":53,"price":0.3791,"msg":"scanner"}
{"level":30,"time":1776708158790,"pid":8940,"hostname":"DESKTOP-KPAMGTB","module":"binance","symbol":"LTCUSDC","interval":"5m","verdict":"WAIT","score":59,"price":55.26,"msg":"scanner"}
{"level":30,"time":1776708158938,"pid":8940,"hostname":"DESKTOP-KPAMGTB","module":"binance","symbol":"SHIBUSDC","interval":"5m","verdict":"WAIT","score":63,"price":0.00000605,"msg":"scanner"}
{"level":30,"time":1776708159035,"pid":8940,"hostname":"DESKTOP-KPAMGTB","module":"binance","symbol":"UNIUSDC","interval":"5m","verdict":"WAIT","score":59,"price":3.271,"msg":"scanner"}
{"level":30,"time":1776708159151,"pid":8940,"hostname":"DESKTOP-KPAMGTB","module":"binance","symbol":"ATOMUSDC","interval":"5m","verdict":"WAIT","score":63,"price":1.809,"msg":"scanner"}
{"level":30,"time":1776708159324,"pid":8940,"hostname":"DESKTOP-KPAMGTB","module":"binance","symbol":"ETCUSDC","interval":"5m","verdict":"WAIT","score":63,"price":8.44,"msg":"scanner"}
{"level":30,"time":1776708159500,"pid":8940,"hostname":"DESKTOP-KPAMGTB","module":"binance","symbol":"XLMUSDC","interval":"5m","verdict":"BUY","score":69,"price":0.173,"msg":"scanner"}
{"level":30,"time":1776708159542,"pid":8940,"hostname":"DESKTOP-KPAMGTB","module":"binance","symbol":"APTUSDC","interval":"5m","verdict":"BUY","score":69,"price":0.943,"msg":"scanner"}
{"level":30,"time":1776708159649,"pid":8940,"hostname":"DESKTOP-KPAMGTB","module":"binance","symbol":"NEARUSDC","interval":"5m","verdict":"WAIT","score":63,"price":1.366,"msg":"scanner"}
{"level":30,"time":1776708216855,"pid":8940,"hostname":"DESKTOP-KPAMGTB","module":"binance","symbol":"BTCUSDC","interval":"5m","verdict":"WAIT","score":59,"price":76249.44,"msg":"scanner"}
{"level":30,"time":1776708216902,"pid":8940,"hostname":"DESKTOP-KPAMGTB","module":"binance","symbol":"ETHUSDC","interval":"5m","verdict":"BUY","score":66,"price":2332.31,"msg":"scanner"}
{"level":30,"time":1776708217196,"pid":8940,"hostname":"DESKTOP-KPAMGTB","module":"binance","symbol":"BNBUSDC","interval":"5m","verdict":"BUY","score":66,"price":631.64,"msg":"scanner"}
{"level":30,"time":1776708217219,"pid":8940,"hostname":"DESKTOP-KPAMGTB","module":"binance","symbol":"SOLUSDC","interval":"5m","verdict":"BUY","score":69,"price":86.18,"msg":"scanner"}
{"level":30,"time":1776708217359,"pid":8940,"hostname":"DESKTOP-KPAMGTB","module":"binance","symbol":"XRPUSDC","interval":"5m","verdict":"BUY","score":66,"price":1.4325,"msg":"scanner"}
{"level":30,"time":1776708217571,"pid":8940,"hostname":"DESKTOP-KPAMGTB","module":"binance","symbol":"DOGEUSDC","interval":"5m","verdict":"BUY","score":66,"price":0.0954,"msg":"scanner"}
{"level":30,"time":1776708217694,"pid":8940,"hostname":"DESKTOP-KPAMGTB","module":"binance","symbol":"ADAUSDC","interval":"5m","verdict":"BUY","score":66,"price":0.2497,"msg":"scanner"}
{"level":30,"time":1776708217843,"pid":8940,"hostname":"DESKTOP-KPAMGTB","module":"binance","symbol":"AVAXUSDC","interval":"5m","verdict":"WAIT","score":63,"price":9.31,"msg":"scanner"}
{"level":30,"time":1776708218135,"pid":8940,"hostname":"DESKTOP-KPAMGTB","module":"binance","symbol":"TRXUSDC","interval":"5m","verdict":"WAIT","score":59,"price":0.3286,"msg":"scanner"}
{"level":30,"time":1776708218460,"pid":8940,"hostname":"DESKTOP-KPAMGTB","module":"binance","symbol":"DOTUSDC","interval":"5m","verdict":"BUY","score":69,"price":1.285,"msg":"scanner"}
{"level":30,"time":1776708218492,"pid":8940,"hostname":"DESKTOP-KPAMGTB","module":"binance","symbol":"LINKUSDC","interval":"5m","verdict":"BUY","score":66,"price":9.33,"msg":"scanner"}
{"level":30,"time":1776708218702,"pid":8940,"hostname":"DESKTOP-KPAMGTB","module":"binance","symbol":"MATICUSDC","interval":"5m","verdict":"WAIT","score":53,"price":0.3791,"msg":"scanner"}
{"level":30,"time":1776708218800,"pid":8940,"hostname":"DESKTOP-KPAMGTB","module":"binance","symbol":"LTCUSDC","interval":"5m","verdict":"WAIT","score":63,"price":55.34,"msg":"scanner"}
{"level":30,"time":1776708218891,"pid":8940,"hostname":"DESKTOP-KPAMGTB","module":"binance","symbol":"SHIBUSDC","interval":"5m","verdict":"WAIT","score":63,"price":0.00000606,"msg":"scanner"}
{"level":30,"time":1776708219014,"pid":8940,"hostname":"DESKTOP-KPAMGTB","module":"binance","symbol":"UNIUSDC","interval":"5m","verdict":"WAIT","score":63,"price":3.281,"msg":"scanner"}
{"level":30,"time":1776708219156,"pid":8940,"hostname":"DESKTOP-KPAMGTB","module":"binance","symbol":"ATOMUSDC","interval":"5m","verdict":"WAIT","score":59,"price":1.812,"msg":"scanner"}
{"level":30,"time":1776708219281,"pid":8940,"hostname":"DESKTOP-KPAMGTB","module":"binance","symbol":"ETCUSDC","interval":"5m","verdict":"WAIT","score":63,"price":8.46,"msg":"scanner"}
{"level":30,"time":1776708219472,"pid":8940,"hostname":"DESKTOP-KPAMGTB","module":"binance","symbol":"XLMUSDC","interval":"5m","verdict":"BUY","score":69,"price":0.1733,"msg":"scanner"}
{"level":30,"time":1776708219574,"pid":8940,"hostname":"DESKTOP-KPAMGTB","module":"binance","symbol":"APTUSDC","interval":"5m","verdict":"BUY","score":66,"price":0.945,"msg":"scanner"}
{"level":30,"time":1776708219777,"pid":8940,"hostname":"DESKTOP-KPAMGTB","module":"binance","symbol":"NEARUSDC","interval":"5m","verdict":"WAIT","score":63,"price":1.371,"msg":"scanner"}
{"level":30,"time":1776708246840,"pid":8940,"hostname":"DESKTOP-KPAMGTB","module":"binance","symbol":"BTCUSDC","interval":"1h","verdict":"WAIT","score":63,"price":76155.18,"msg":"scanner"}
{"level":30,"time":1776708247044,"pid":8940,"hostname":"DESKTOP-KPAMGTB","module":"binance","symbol":"ETHUSDC","interval":"1h","verdict":"BUY","score":66,"price":2327.21,"msg":"scanner"}
{"level":30,"time":1776708247153,"pid":8940,"hostname":"DESKTOP-KPAMGTB","module":"binance","symbol":"BNBUSDC","interval":"1h","verdict":"WAIT","score":63,"price":631.11,"msg":"scanner"}
{"level":30,"time":1776708247274,"pid":8940,"hostname":"DESKTOP-KPAMGTB","module":"binance","symbol":"SOLUSDC","interval":"1h","verdict":"WAIT","score":59,"price":86.06,"msg":"scanner"}
{"level":30,"time":1776708247418,"pid":8940,"hostname":"DESKTOP-KPAMGTB","module":"binance","symbol":"XRPUSDC","interval":"1h","verdict":"WAIT","score":63,"price":1.4308,"msg":"scanner"}
{"level":30,"time":1776708247725,"pid":8940,"hostname":"DESKTOP-KPAMGTB","module":"binance","symbol":"DOGEUSDC","interval":"1h","verdict":"WAIT","score":63,"price":0.09539,"msg":"scanner"}
{"level":30,"time":1776708247767,"pid":8940,"hostname":"DESKTOP-KPAMGTB","module":"binance","symbol":"ADAUSDC","interval":"1h","verdict":"WAIT","score":63,"price":0.2493,"msg":"scanner"}
{"level":30,"time":1776708247918,"pid":8940,"hostname":"DESKTOP-KPAMGTB","module":"binance","symbol":"AVAXUSDC","interval":"1h","verdict":"WAIT","score":59,"price":9.3,"msg":"scanner"}
{"level":30,"time":1776708248092,"pid":8940,"hostname":"DESKTOP-KPAMGTB","module":"binance","symbol":"TRXUSDC","interval":"1h","verdict":"WAIT","score":50,"price":0.3286,"msg":"scanner"}
{"level":30,"time":1776708248182,"pid":8940,"hostname":"DESKTOP-KPAMGTB","module":"binance","symbol":"DOTUSDC","interval":"1h","verdict":"WAIT","score":63,"price":1.283,"msg":"scanner"}
{"level":30,"time":1776708248316,"pid":8940,"hostname":"DESKTOP-KPAMGTB","module":"binance","symbol":"LINKUSDC","interval":"1h","verdict":"WAIT","score":63,"price":9.33,"msg":"scanner"}
{"level":30,"time":1776708248561,"pid":8940,"hostname":"DESKTOP-KPAMGTB","module":"binance","symbol":"MATICUSDC","interval":"1h","verdict":"WAIT","score":41,"price":0.3791,"msg":"scanner"}
{"level":30,"time":1776708248727,"pid":8940,"hostname":"DESKTOP-KPAMGTB","module":"binance","symbol":"LTCUSDC","interval":"1h","verdict":"WAIT","score":63,"price":55.32,"msg":"scanner"}
{"level":30,"time":1776708249042,"pid":8940,"hostname":"DESKTOP-KPAMGTB","module":"binance","symbol":"ATOMUSDC","interval":"1h","verdict":"WAIT","score":63,"price":1.812,"msg":"scanner"}
{"level":30,"time":1776708249051,"pid":8940,"hostname":"DESKTOP-KPAMGTB","module":"binance","symbol":"UNIUSDC","interval":"1h","verdict":"WAIT","score":59,"price":3.279,"msg":"scanner"}
{"level":30,"time":1776708249247,"pid":8940,"hostname":"DESKTOP-KPAMGTB","module":"binance","symbol":"ETCUSDC","interval":"1h","verdict":"WAIT","score":63,"price":8.46,"msg":"scanner"}
{"level":30,"time":1776708249408,"pid":8940,"hostname":"DESKTOP-KPAMGTB","module":"binance","symbol":"XLMUSDC","interval":"1h","verdict":"WAIT","score":59,"price":0.1731,"msg":"scanner"}
{"level":30,"time":1776708249506,"pid":8940,"hostname":"DESKTOP-KPAMGTB","module":"binance","symbol":"SHIBUSDC","interval":"1h","verdict":"BUY","score":66,"price":0.00000606,"msg":"scanner"}
{"level":30,"time":1776708249600,"pid":8940,"hostname":"DESKTOP-KPAMGTB","module":"binance","symbol":"APTUSDC","interval":"1h","verdict":"WAIT","score":59,"price":0.946,"msg":"scanner"}
{"level":30,"time":1776708249713,"pid":8940,"hostname":"DESKTOP-KPAMGTB","module":"binance","symbol":"NEARUSDC","interval":"1h","verdict":"WAIT","score":56,"price":1.37,"msg":"scanner"}
{"level":30,"time":1776708276882,"pid":8940,"hostname":"DESKTOP-KPAMGTB","module":"binance","symbol":"BTCUSDC","interval":"5m","verdict":"WAIT","score":63,"price":76106.94,"msg":"scanner"}
{"level":30,"time":1776708276973,"pid":8940,"hostname":"DESKTOP-KPAMGTB","module":"binance","symbol":"ETHUSDC","interval":"5m","verdict":"BUY","score":66,"price":2324.67,"msg":"scanner"}
{"level":30,"time":1776708277389,"pid":8940,"hostname":"DESKTOP-KPAMGTB","module":"binance","symbol":"BNBUSDC","interval":"5m","verdict":"WAIT","score":63,"price":630.64,"msg":"scanner"}
{"level":30,"time":1776708277418,"pid":8940,"hostname":"DESKTOP-KPAMGTB","module":"binance","symbol":"SOLUSDC","interval":"5m","verdict":"WAIT","score":63,"price":85.97,"msg":"scanner"}
{"level":30,"time":1776708277757,"pid":8940,"hostname":"DESKTOP-KPAMGTB","module":"binance","symbol":"XRPUSDC","interval":"5m","verdict":"BUY","score":72,"price":1.4303,"msg":"scanner"}
{"level":30,"time":1776708277835,"pid":8940,"hostname":"DESKTOP-KPAMGTB","module":"binance","symbol":"DOGEUSDC","interval":"5m","verdict":"BUY","score":69,"price":0.09529,"msg":"scanner"}
{"level":30,"time":1776708277992,"pid":8940,"hostname":"DESKTOP-KPAMGTB","module":"binance","symbol":"ADAUSDC","interval":"5m","verdict":"BUY","score":66,"price":0.249,"msg":"scanner"}
{"level":30,"time":1776708278121,"pid":8940,"hostname":"DESKTOP-KPAMGTB","module":"binance","symbol":"AVAXUSDC","interval":"5m","verdict":"WAIT","score":63,"price":9.29,"msg":"scanner"}
{"level":30,"time":1776708278289,"pid":8940,"hostname":"DESKTOP-KPAMGTB","module":"binance","symbol":"TRXUSDC","interval":"5m","verdict":"WAIT","score":63,"price":0.3285,"msg":"scanner"}
{"level":30,"time":1776708278584,"pid":8940,"hostname":"DESKTOP-KPAMGTB","module":"binance","symbol":"DOTUSDC","interval":"5m","verdict":"BUY","score":72,"price":1.283,"msg":"scanner"}
{"level":30,"time":1776708278606,"pid":8940,"hostname":"DESKTOP-KPAMGTB","module":"binance","symbol":"LINKUSDC","interval":"5m","verdict":"WAIT","score":63,"price":9.31,"msg":"scanner"}
{"level":30,"time":1776708278835,"pid":8940,"hostname":"DESKTOP-KPAMGTB","module":"binance","symbol":"MATICUSDC","interval":"5m","verdict":"WAIT","score":53,"price":0.3791,"msg":"scanner"}
{"level":30,"time":1776708278935,"pid":8940,"hostname":"DESKTOP-KPAMGTB","module":"binance","symbol":"LTCUSDC","interval":"5m","verdict":"BUY","score":66,"price":55.29,"msg":"scanner"}
{"level":30,"time":1776708279019,"pid":8940,"hostname":"DESKTOP-KPAMGTB","module":"binance","symbol":"SHIBUSDC","interval":"5m","verdict":"WAIT","score":63,"price":0.00000605,"msg":"scanner"}
{"level":30,"time":1776708279174,"pid":8940,"hostname":"DESKTOP-KPAMGTB","module":"binance","symbol":"UNIUSDC","interval":"5m","verdict":"WAIT","score":56,"price":3.274,"msg":"scanner"}
{"level":30,"time":1776708279354,"pid":8940,"hostname":"DESKTOP-KPAMGTB","module":"binance","symbol":"ATOMUSDC","interval":"5m","verdict":"WAIT","score":59,"price":1.812,"msg":"scanner"}
{"level":30,"time":1776708279478,"pid":8940,"hostname":"DESKTOP-KPAMGTB","module":"binance","symbol":"ETCUSDC","interval":"5m","verdict":"WAIT","score":63,"price":8.46,"msg":"scanner"}
{"level":30,"time":1776708279787,"pid":8940,"hostname":"DESKTOP-KPAMGTB","module":"binance","symbol":"XLMUSDC","interval":"5m","verdict":"BUY","score":69,"price":0.1731,"msg":"scanner"}
{"level":30,"time":1776708279909,"pid":8940,"hostname":"DESKTOP-KPAMGTB","module":"binance","symbol":"APTUSDC","interval":"5m","verdict":"BUY","score":69,"price":0.944,"msg":"scanner"}
{"level":30,"time":1776708279973,"pid":8940,"hostname":"DESKTOP-KPAMGTB","module":"binance","symbol":"NEARUSDC","interval":"5m","verdict":"WAIT","score":63,"price":1.368,"msg":"scanner"}
{"level":30,"time":1776708336883,"pid":8940,"hostname":"DESKTOP-KPAMGTB","module":"binance","symbol":"BTCUSDC","interval":"5m","verdict":"WAIT","score":59,"price":76192.29,"msg":"scanner"}
{"level":30,"time":1776708336992,"pid":8940,"hostname":"DESKTOP-KPAMGTB","module":"binance","symbol":"ETHUSDC","interval":"5m","verdict":"WAIT","score":56,"price":2328.15,"msg":"scanner"}
{"level":30,"time":1776708337325,"pid":8940,"hostname":"DESKTOP-KPAMGTB","module":"binance","symbol":"BNBUSDC","interval":"5m","verdict":"WAIT","score":56,"price":631.06,"msg":"scanner"}
{"level":30,"time":1776708337364,"pid":8940,"hostname":"DESKTOP-KPAMGTB","module":"binance","symbol":"SOLUSDC","interval":"5m","verdict":"BUY","score":66,"price":86.06,"msg":"scanner"}
{"level":30,"time":1776708337552,"pid":8940,"hostname":"DESKTOP-KPAMGTB","module":"binance","symbol":"XRPUSDC","interval":"5m","verdict":"BUY","score":66,"price":1.432,"msg":"scanner"}
{"level":30,"time":1776708337701,"pid":8940,"hostname":"DESKTOP-KPAMGTB","module":"binance","symbol":"DOGEUSDC","interval":"5m","verdict":"BUY","score":66,"price":0.09546,"msg":"scanner"}
{"level":30,"time":1776708337845,"pid":8940,"hostname":"DESKTOP-KPAMGTB","module":"binance","symbol":"ADAUSDC","interval":"5m","verdict":"WAIT","score":59,"price":0.2493,"msg":"scanner"}
{"level":30,"time":1776708337990,"pid":8940,"hostname":"DESKTOP-KPAMGTB","module":"binance","symbol":"AVAXUSDC","interval":"5m","verdict":"WAIT","score":59,"price":9.31,"msg":"scanner"}
{"level":30,"time":1776708338119,"pid":8940,"hostname":"DESKTOP-KPAMGTB","module":"binance","symbol":"TRXUSDC","interval":"5m","verdict":"WAIT","score":50,"price":0.3285,"msg":"scanner"}
{"level":30,"time":1776708338319,"pid":8940,"hostname":"DESKTOP-KPAMGTB","module":"binance","symbol":"DOTUSDC","interval":"5m","verdict":"BUY","score":66,"price":1.284,"msg":"scanner"}
{"level":30,"time":1776708338490,"pid":8940,"hostname":"DESKTOP-KPAMGTB","module":"binance","symbol":"LINKUSDC","interval":"5m","verdict":"WAIT","score":63,"price":9.33,"msg":"scanner"}
{"level":30,"time":1776708338666,"pid":8940,"hostname":"DESKTOP-KPAMGTB","module":"binance","symbol":"MATICUSDC","interval":"5m","verdict":"WAIT","score":53,"price":0.3791,"msg":"scanner"}
{"level":30,"time":1776708338793,"pid":8940,"hostname":"DESKTOP-KPAMGTB","module":"binance","symbol":"LTCUSDC","interval":"5m","verdict":"BUY","score":66,"price":55.31,"msg":"scanner"}
{"level":30,"time":1776708338938,"pid":8940,"hostname":"DESKTOP-KPAMGTB","module":"binance","symbol":"SHIBUSDC","interval":"5m","verdict":"WAIT","score":53,"price":0.00000605,"msg":"scanner"}
{"level":30,"time":1776708339182,"pid":8940,"hostname":"DESKTOP-KPAMGTB","module":"binance","symbol":"UNIUSDC","interval":"5m","verdict":"WAIT","score":63,"price":3.274,"msg":"scanner"}
{"level":30,"time":1776708339443,"pid":8940,"hostname":"DESKTOP-KPAMGTB","module":"binance","symbol":"ATOMUSDC","interval":"5m","verdict":"WAIT","score":63,"price":1.813,"msg":"scanner"}
{"level":30,"time":1776708339740,"pid":8940,"hostname":"DESKTOP-KPAMGTB","module":"binance","symbol":"ETCUSDC","interval":"5m","verdict":"WAIT","score":63,"price":8.46,"msg":"scanner"}
{"level":30,"time":1776708339851,"pid":8940,"hostname":"DESKTOP-KPAMGTB","module":"binance","symbol":"XLMUSDC","interval":"5m","verdict":"BUY","score":66,"price":0.1734,"msg":"scanner"}
{"level":30,"time":1776708339910,"pid":8940,"hostname":"DESKTOP-KPAMGTB","module":"binance","symbol":"APTUSDC","interval":"5m","verdict":"WAIT","score":63,"price":0.945,"msg":"scanner"}
{"level":30,"time":1776708340015,"pid":8940,"hostname":"DESKTOP-KPAMGTB","module":"binance","symbol":"NEARUSDC","interval":"5m","verdict":"WAIT","score":59,"price":1.368,"msg":"scanner"}
{"level":30,"time":1776708396660,"pid":8940,"hostname":"DESKTOP-KPAMGTB","module":"binance","symbol":"BTCUSDC","interval":"1h","verdict":"WAIT","score":63,"price":76279.03,"msg":"scanner"}
{"level":30,"time":1776708396691,"pid":8940,"hostname":"DESKTOP-KPAMGTB","module":"binance","symbol":"BTCUSDC","interval":"5m","verdict":"BUY","score":66,"price":76279.03,"msg":"scanner"}
{"level":30,"time":1776708396745,"pid":8940,"hostname":"DESKTOP-KPAMGTB","module":"binance","symbol":"ETHUSDC","interval":"5m","verdict":"WAIT","score":63,"price":2330.59,"msg":"scanner"}
{"level":30,"time":1776708396969,"pid":8940,"hostname":"DESKTOP-KPAMGTB","module":"binance","symbol":"ETHUSDC","interval":"1h","verdict":"BUY","score":66,"price":2330.6,"msg":"scanner"}
{"level":30,"time":1776708397036,"pid":8940,"hostname":"DESKTOP-KPAMGTB","module":"binance","symbol":"BNBUSDC","interval":"5m","verdict":"WAIT","score":63,"price":631.44,"msg":"scanner"}
{"level":30,"time":1776708397121,"pid":8940,"hostname":"DESKTOP-KPAMGTB","module":"binance","symbol":"BNBUSDC","interval":"1h","verdict":"WAIT","score":63,"price":631.44,"msg":"scanner"}
{"level":30,"time":1776708397251,"pid":8940,"hostname":"DESKTOP-KPAMGTB","module":"binance","symbol":"SOLUSDC","interval":"5m","verdict":"BUY","score":66,"price":86.17,"msg":"scanner"}
{"level":30,"time":1776708397321,"pid":8940,"hostname":"DESKTOP-KPAMGTB","module":"binance","symbol":"SOLUSDC","interval":"1h","verdict":"WAIT","score":59,"price":86.17,"msg":"scanner"}
{"level":30,"time":1776708397509,"pid":8940,"hostname":"DESKTOP-KPAMGTB","module":"binance","symbol":"XRPUSDC","interval":"5m","verdict":"BUY","score":66,"price":1.4333,"msg":"scanner"}
{"level":30,"time":1776708397525,"pid":8940,"hostname":"DESKTOP-KPAMGTB","module":"binance","symbol":"XRPUSDC","interval":"1h","verdict":"WAIT","score":59,"price":1.4333,"msg":"scanner"}
{"level":30,"time":1776708397691,"pid":8940,"hostname":"DESKTOP-KPAMGTB","module":"binance","symbol":"DOGEUSDC","interval":"5m","verdict":"BUY","score":69,"price":0.09553,"msg":"scanner"}
{"level":30,"time":1776708397707,"pid":8940,"hostname":"DESKTOP-KPAMGTB","module":"binance","symbol":"DOGEUSDC","interval":"1h","verdict":"WAIT","score":63,"price":0.09553,"msg":"scanner"}
{"level":30,"time":1776708397929,"pid":8940,"hostname":"DESKTOP-KPAMGTB","module":"binance","symbol":"ADAUSDC","interval":"5m","verdict":"BUY","score":66,"price":0.2495,"msg":"scanner"}
{"level":30,"time":1776708397957,"pid":8940,"hostname":"DESKTOP-KPAMGTB","module":"binance","symbol":"ADAUSDC","interval":"1h","verdict":"WAIT","score":63,"price":0.2495,"msg":"scanner"}
{"level":30,"time":1776708398152,"pid":8940,"hostname":"DESKTOP-KPAMGTB","module":"binance","symbol":"AVAXUSDC","interval":"5m","verdict":"WAIT","score":59,"price":9.31,"msg":"scanner"}
{"level":30,"time":1776708398427,"pid":8940,"hostname":"DESKTOP-KPAMGTB","module":"binance","symbol":"AVAXUSDC","interval":"1h","verdict":"WAIT","score":59,"price":9.31,"msg":"scanner"}
{"level":30,"time":1776708398456,"pid":8940,"hostname":"DESKTOP-KPAMGTB","module":"binance","symbol":"TRXUSDC","interval":"5m","verdict":"WAIT","score":53,"price":0.3284,"msg":"scanner"}
{"level":30,"time":1776708398544,"pid":8940,"hostname":"DESKTOP-KPAMGTB","module":"binance","symbol":"TRXUSDC","interval":"1h","verdict":"WAIT","score":50,"price":0.3284,"msg":"scanner"}
{"level":30,"time":1776708398609,"pid":8940,"hostname":"DESKTOP-KPAMGTB","module":"binance","symbol":"DOTUSDC","interval":"5m","verdict":"BUY","score":66,"price":1.285,"msg":"scanner"}
{"level":30,"time":1776708398724,"pid":8940,"hostname":"DESKTOP-KPAMGTB","module":"binance","symbol":"DOTUSDC","interval":"1h","verdict":"WAIT","score":59,"price":1.285,"msg":"scanner"}
{"level":30,"time":1776708398840,"pid":8940,"hostname":"DESKTOP-KPAMGTB","module":"binance","symbol":"LINKUSDC","interval":"5m","verdict":"WAIT","score":63,"price":9.33,"msg":"scanner"}
{"level":30,"time":1776708398858,"pid":8940,"hostname":"DESKTOP-KPAMGTB","module":"binance","symbol":"LINKUSDC","interval":"1h","verdict":"WAIT","score":63,"price":9.33,"msg":"scanner"}
{"level":30,"time":1776708398932,"pid":8940,"hostname":"DESKTOP-KPAMGTB","module":"binance","symbol":"MATICUSDC","interval":"5m","verdict":"WAIT","score":53,"price":0.3791,"msg":"scanner"}
{"level":30,"time":1776708398994,"pid":8940,"hostname":"DESKTOP-KPAMGTB","module":"binance","symbol":"MATICUSDC","interval":"1h","verdict":"WAIT","score":41,"price":0.3791,"msg":"scanner"}
{"level":30,"time":1776708399219,"pid":8940,"hostname":"DESKTOP-KPAMGTB","module":"binance","symbol":"LTCUSDC","interval":"1h","verdict":"WAIT","score":63,"price":55.36,"msg":"scanner"}
{"level":30,"time":1776708399249,"pid":8940,"hostname":"DESKTOP-KPAMGTB","module":"binance","symbol":"LTCUSDC","interval":"5m","verdict":"BUY","score":66,"price":55.36,"msg":"scanner"}
{"level":30,"time":1776708399357,"pid":8940,"hostname":"DESKTOP-KPAMGTB","module":"binance","symbol":"SHIBUSDC","interval":"5m","verdict":"WAIT","score":53,"price":0.00000605,"msg":"scanner"}
{"level":30,"time":1776708399378,"pid":8940,"hostname":"DESKTOP-KPAMGTB","module":"binance","symbol":"SHIBUSDC","interval":"1h","verdict":"BUY","score":66,"price":0.00000605,"msg":"scanner"}
{"level":30,"time":1776708399570,"pid":8940,"hostname":"DESKTOP-KPAMGTB","module":"binance","symbol":"UNIUSDC","interval":"5m","verdict":"WAIT","score":63,"price":3.282,"msg":"scanner"}
{"level":30,"time":1776708399673,"pid":8940,"hostname":"DESKTOP-KPAMGTB","module":"binance","symbol":"UNIUSDC","interval":"1h","verdict":"WAIT","score":56,"price":3.282,"msg":"scanner"}
{"level":30,"time":1776708399694,"pid":8940,"hostname":"DESKTOP-KPAMGTB","module":"binance","symbol":"ATOMUSDC","interval":"5m","verdict":"WAIT","score":63,"price":1.814,"msg":"scanner"}
{"level":30,"time":1776708399746,"pid":8940,"hostname":"DESKTOP-KPAMGTB","module":"binance","symbol":"ATOMUSDC","interval":"1h","verdict":"WAIT","score":63,"price":1.814,"msg":"scanner"}
{"level":30,"time":1776708399895,"pid":8940,"hostname":"DESKTOP-KPAMGTB","module":"binance","symbol":"ETCUSDC","interval":"5m","verdict":"BUY","score":66,"price":8.48,"msg":"scanner"}
{"level":30,"time":1776708399990,"pid":8940,"hostname":"DESKTOP-KPAMGTB","module":"binance","symbol":"ETCUSDC","interval":"1h","verdict":"WAIT","score":63,"price":8.48,"msg":"scanner"}
{"level":30,"time":1776708400079,"pid":8940,"hostname":"DESKTOP-KPAMGTB","module":"binance","symbol":"XLMUSDC","interval":"1h","verdict":"WAIT","score":59,"price":0.1733,"msg":"scanner"}
{"level":30,"time":1776708400095,"pid":8940,"hostname":"DESKTOP-KPAMGTB","module":"binance","symbol":"XLMUSDC","interval":"5m","verdict":"BUY","score":66,"price":0.1733,"msg":"scanner"}
{"level":30,"time":1776708400309,"pid":8940,"hostname":"DESKTOP-KPAMGTB","module":"binance","symbol":"APTUSDC","interval":"1h","verdict":"WAIT","score":59,"price":0.946,"msg":"scanner"}
{"level":30,"time":1776708400421,"pid":8940,"hostname":"DESKTOP-KPAMGTB","module":"binance","symbol":"NEARUSDC","interval":"5m","verdict":"WAIT","score":59,"price":1.37,"msg":"scanner"}
{"level":30,"time":1776708400473,"pid":8940,"hostname":"DESKTOP-KPAMGTB","module":"binance","symbol":"NEARUSDC","interval":"1h","verdict":"WAIT","score":56,"price":1.37,"msg":"scanner"}
{"level":30,"time":1776708400673,"pid":8940,"hostname":"DESKTOP-KPAMGTB","module":"binance","symbol":"APTUSDC","interval":"5m","verdict":"WAIT","score":63,"price":0.946,"msg":"scanner"}
{"level":30,"time":1776708426743,"pid":8940,"hostname":"DESKTOP-KPAMGTB","module":"binance","symbol":"BTCUSDC","interval":"4h","verdict":"BUY","score":66,"price":76210.92,"msg":"scanner"}
{"level":30,"time":1776708426872,"pid":8940,"hostname":"DESKTOP-KPAMGTB","module":"binance","symbol":"ETHUSDC","interval":"4h","verdict":"WAIT","score":56,"price":2328.8,"msg":"scanner"}
{"level":30,"time":1776708427082,"pid":8940,"hostname":"DESKTOP-KPAMGTB","module":"binance","symbol":"BNBUSDC","interval":"4h","verdict":"WAIT","score":59,"price":631.3,"msg":"scanner"}
{"level":30,"time":1776708427208,"pid":8940,"hostname":"DESKTOP-KPAMGTB","module":"binance","symbol":"SOLUSDC","interval":"4h","verdict":"WAIT","score":56,"price":86.14,"msg":"scanner"}
{"level":30,"time":1776708427354,"pid":8940,"hostname":"DESKTOP-KPAMGTB","module":"binance","symbol":"XRPUSDC","interval":"4h","verdict":"WAIT","score":59,"price":1.4329,"msg":"scanner"}
{"level":30,"time":1776708427477,"pid":8940,"hostname":"DESKTOP-KPAMGTB","module":"binance","symbol":"DOGEUSDC","interval":"4h","verdict":"WAIT","score":56,"price":0.09547,"msg":"scanner"}
{"level":30,"time":1776708427637,"pid":8940,"hostname":"DESKTOP-KPAMGTB","module":"binance","symbol":"ADAUSDC","interval":"4h","verdict":"WAIT","score":50,"price":0.2493,"msg":"scanner"}
{"level":30,"time":1776708427795,"pid":8940,"hostname":"DESKTOP-KPAMGTB","module":"binance","symbol":"AVAXUSDC","interval":"4h","verdict":"WAIT","score":44,"price":9.31,"msg":"scanner"}
{"level":30,"time":1776708427929,"pid":8940,"hostname":"DESKTOP-KPAMGTB","module":"binance","symbol":"TRXUSDC","interval":"4h","verdict":"WAIT","score":47,"price":0.3284,"msg":"scanner"}
{"level":30,"time":1776708428130,"pid":8940,"hostname":"DESKTOP-KPAMGTB","module":"binance","symbol":"DOTUSDC","interval":"4h","verdict":"WAIT","score":47,"price":1.285,"msg":"scanner"}
{"level":30,"time":1776708428408,"pid":8940,"hostname":"DESKTOP-KPAMGTB","module":"binance","symbol":"LINKUSDC","interval":"4h","verdict":"WAIT","score":56,"price":9.33,"msg":"scanner"}
{"level":30,"time":1776708428510,"pid":8940,"hostname":"DESKTOP-KPAMGTB","module":"binance","symbol":"MATICUSDC","interval":"4h","verdict":"WAIT","score":47,"price":0.3791,"msg":"scanner"}
{"level":30,"time":1776708428655,"pid":8940,"hostname":"DESKTOP-KPAMGTB","module":"binance","symbol":"LTCUSDC","interval":"4h","verdict":"WAIT","score":56,"price":55.33,"msg":"scanner"}
{"level":30,"time":1776708428747,"pid":8940,"hostname":"DESKTOP-KPAMGTB","module":"binance","symbol":"SHIBUSDC","interval":"4h","verdict":"WAIT","score":56,"price":0.00000606,"msg":"scanner"}
{"level":30,"time":1776708428845,"pid":8940,"hostname":"DESKTOP-KPAMGTB","module":"binance","symbol":"UNIUSDC","interval":"4h","verdict":"WAIT","score":47,"price":3.282,"msg":"scanner"}
{"level":30,"time":1776708429049,"pid":8940,"hostname":"DESKTOP-KPAMGTB","module":"binance","symbol":"ATOMUSDC","interval":"4h","verdict":"BUY","score":69,"price":1.814,"msg":"scanner"}
{"level":30,"time":1776708429076,"pid":8940,"hostname":"DESKTOP-KPAMGTB","module":"binance","symbol":"ETCUSDC","interval":"4h","verdict":"WAIT","score":53,"price":8.47,"msg":"scanner"}
{"level":30,"time":1776708429294,"pid":8940,"hostname":"DESKTOP-KPAMGTB","module":"binance","symbol":"XLMUSDC","interval":"4h","verdict":"BUY","score":69,"price":0.1734,"msg":"scanner"}
{"level":30,"time":1776708429471,"pid":8940,"hostname":"DESKTOP-KPAMGTB","module":"binance","symbol":"APTUSDC","interval":"4h","verdict":"WAIT","score":56,"price":0.946,"msg":"scanner"}
{"level":30,"time":1776708429617,"pid":8940,"hostname":"DESKTOP-KPAMGTB","module":"binance","symbol":"NEARUSDC","interval":"4h","verdict":"WAIT","score":50,"price":1.369,"msg":"scanner"}
{"level":30,"time":1776708456861,"pid":8940,"hostname":"DESKTOP-KPAMGTB","module":"binance","symbol":"BTCUSDC","interval":"5m","verdict":"WAIT","score":59,"price":76192.26,"msg":"scanner"}
{"level":30,"time":1776708456951,"pid":8940,"hostname":"DESKTOP-KPAMGTB","module":"binance","symbol":"ETHUSDC","interval":"5m","verdict":"WAIT","score":56,"price":2328.38,"msg":"scanner"}
{"level":30,"time":1776708457408,"pid":8940,"hostname":"DESKTOP-KPAMGTB","module":"binance","symbol":"BNBUSDC","interval":"5m","verdict":"WAIT","score":56,"price":631.02,"msg":"scanner"}
{"level":30,"time":1776708457704,"pid":8940,"hostname":"DESKTOP-KPAMGTB","module":"binance","symbol":"SOLUSDC","interval":"5m","verdict":"BUY","score":69,"price":86.1,"msg":"scanner"}
{"level":30,"time":1776708457742,"pid":8940,"hostname":"DESKTOP-KPAMGTB","module":"binance","symbol":"XRPUSDC","interval":"5m","verdict":"BUY","score":66,"price":1.4326,"msg":"scanner"}
{"level":30,"time":1776708458103,"pid":8940,"hostname":"DESKTOP-KPAMGTB","module":"binance","symbol":"ADAUSDC","interval":"5m","verdict":"WAIT","score":59,"price":0.2491,"msg":"scanner"}
{"level":30,"time":1776708458204,"pid":8940,"hostname":"DESKTOP-KPAMGTB","module":"binance","symbol":"AVAXUSDC","interval":"5m","verdict":"WAIT","score":59,"price":9.31,"msg":"scanner"}
{"level":30,"time":1776708458405,"pid":8940,"hostname":"DESKTOP-KPAMGTB","module":"binance","symbol":"DOGEUSDC","interval":"5m","verdict":"BUY","score":69,"price":0.09539,"msg":"scanner"}
{"level":30,"time":1776708458422,"pid":8940,"hostname":"DESKTOP-KPAMGTB","module":"binance","symbol":"TRXUSDC","interval":"5m","verdict":"WAIT","score":50,"price":0.3285,"msg":"scanner"}
{"level":30,"time":1776708458763,"pid":8940,"hostname":"DESKTOP-KPAMGTB","module":"binance","symbol":"LINKUSDC","interval":"5m","verdict":"WAIT","score":63,"price":9.32,"msg":"scanner"}
{"level":30,"time":1776708458846,"pid":8940,"hostname":"DESKTOP-KPAMGTB","module":"binance","symbol":"MATICUSDC","interval":"5m","verdict":"WAIT","score":53,"price":0.3791,"msg":"scanner"}
{"level":30,"time":1776708458994,"pid":8940,"hostname":"DESKTOP-KPAMGTB","module":"binance","symbol":"DOTUSDC","interval":"5m","verdict":"BUY","score":66,"price":1.285,"msg":"scanner"}
{"level":30,"time":1776708459065,"pid":8940,"hostname":"DESKTOP-KPAMGTB","module":"binance","symbol":"LTCUSDC","interval":"5m","verdict":"BUY","score":66,"price":55.33,"msg":"scanner"}
{"level":30,"time":1776708459212,"pid":8940,"hostname":"DESKTOP-KPAMGTB","module":"binance","symbol":"SHIBUSDC","interval":"5m","verdict":"WAIT","score":59,"price":0.00000606,"msg":"scanner"}
{"level":30,"time":1776708459402,"pid":8940,"hostname":"DESKTOP-KPAMGTB","module":"binance","symbol":"UNIUSDC","interval":"5m","verdict":"WAIT","score":63,"price":3.282,"msg":"scanner"}
{"level":30,"time":1776708459718,"pid":8940,"hostname":"DESKTOP-KPAMGTB","module":"binance","symbol":"ATOMUSDC","interval":"5m","verdict":"WAIT","score":63,"price":1.814,"msg":"scanner"}
{"level":30,"time":1776708459762,"pid":8940,"hostname":"DESKTOP-KPAMGTB","module":"binance","symbol":"ETCUSDC","interval":"5m","verdict":"BUY","score":66,"price":8.47,"msg":"scanner"}
{"level":30,"time":1776708459930,"pid":8940,"hostname":"DESKTOP-KPAMGTB","module":"binance","symbol":"XLMUSDC","interval":"5m","verdict":"BUY","score":66,"price":0.1733,"msg":"scanner"}
{"level":30,"time":1776708460026,"pid":8940,"hostname":"DESKTOP-KPAMGTB","module":"binance","symbol":"APTUSDC","interval":"5m","verdict":"WAIT","score":63,"price":0.946,"msg":"scanner"}
{"level":30,"time":1776708460103,"pid":8940,"hostname":"DESKTOP-KPAMGTB","module":"binance","symbol":"NEARUSDC","interval":"5m","verdict":"WAIT","score":59,"price":1.368,"msg":"scanner"}
{"level":30,"time":1776708516829,"pid":8940,"hostname":"DESKTOP-KPAMGTB","module":"binance","symbol":"BTCUSDC","interval":"5m","verdict":"WAIT","score":59,"price":76129.2,"msg":"scanner"}
{"level":30,"time":1776708516861,"pid":8940,"hostname":"DESKTOP-KPAMGTB","module":"binance","symbol":"ETHUSDC","interval":"5m","verdict":"WAIT","score":59,"price":2326.99,"msg":"scanner"}
{"level":30,"time":1776708517213,"pid":8940,"hostname":"DESKTOP-KPAMGTB","module":"binance","symbol":"BNBUSDC","interval":"5m","verdict":"WAIT","score":59,"price":630.81,"msg":"scanner"}
{"level":30,"time":1776708517372,"pid":8940,"hostname":"DESKTOP-KPAMGTB","module":"binance","symbol":"SOLUSDC","interval":"5m","verdict":"BUY","score":69,"price":86.04,"msg":"scanner"}
{"level":30,"time":1776708517597,"pid":8940,"hostname":"DESKTOP-KPAMGTB","module":"binance","symbol":"XRPUSDC","interval":"5m","verdict":"BUY","score":66,"price":1.4324,"msg":"scanner"}
{"level":30,"time":1776708517896,"pid":8940,"hostname":"DESKTOP-KPAMGTB","module":"binance","symbol":"DOGEUSDC","interval":"5m","verdict":"BUY","score":69,"price":0.09537,"msg":"scanner"}
{"level":30,"time":1776708518058,"pid":8940,"hostname":"DESKTOP-KPAMGTB","module":"binance","symbol":"ADAUSDC","interval":"5m","verdict":"WAIT","score":59,"price":0.2492,"msg":"scanner"}
{"level":30,"time":1776708518281,"pid":8940,"hostname":"DESKTOP-KPAMGTB","module":"binance","symbol":"AVAXUSDC","interval":"5m","verdict":"WAIT","score":59,"price":9.31,"msg":"scanner"}
{"level":30,"time":1776708518413,"pid":8940,"hostname":"DESKTOP-KPAMGTB","module":"binance","symbol":"TRXUSDC","interval":"5m","verdict":"WAIT","score":53,"price":0.3284,"msg":"scanner"}
{"level":30,"time":1776708518518,"pid":8940,"hostname":"DESKTOP-KPAMGTB","module":"binance","symbol":"DOTUSDC","interval":"5m","verdict":"BUY","score":66,"price":1.284,"msg":"scanner"}
{"level":30,"time":1776708518649,"pid":8940,"hostname":"DESKTOP-KPAMGTB","module":"binance","symbol":"LINKUSDC","interval":"5m","verdict":"WAIT","score":63,"price":9.32,"msg":"scanner"}
{"level":30,"time":1776708518876,"pid":8940,"hostname":"DESKTOP-KPAMGTB","module":"binance","symbol":"MATICUSDC","interval":"5m","verdict":"WAIT","score":53,"price":0.3791,"msg":"scanner"}
{"level":30,"time":1776708519116,"pid":8940,"hostname":"DESKTOP-KPAMGTB","module":"binance","symbol":"LTCUSDC","interval":"5m","verdict":"BUY","score":66,"price":55.33,"msg":"scanner"}
{"level":30,"time":1776708519150,"pid":8940,"hostname":"DESKTOP-KPAMGTB","module":"binance","symbol":"SHIBUSDC","interval":"5m","verdict":"WAIT","score":50,"price":0.00000605,"msg":"scanner"}
{"level":30,"time":1776708519499,"pid":8940,"hostname":"DESKTOP-KPAMGTB","module":"binance","symbol":"UNIUSDC","interval":"5m","verdict":"WAIT","score":63,"price":3.276,"msg":"scanner"}
{"level":30,"time":1776708519684,"pid":8940,"hostname":"DESKTOP-KPAMGTB","module":"binance","symbol":"ATOMUSDC","interval":"5m","verdict":"WAIT","score":63,"price":1.814,"msg":"scanner"}
{"level":30,"time":1776708519803,"pid":8940,"hostname":"DESKTOP-KPAMGTB","module":"binance","symbol":"ETCUSDC","interval":"5m","verdict":"BUY","score":66,"price":8.47,"msg":"scanner"}
{"level":30,"time":1776708519896,"pid":8940,"hostname":"DESKTOP-KPAMGTB","module":"binance","symbol":"XLMUSDC","interval":"5m","verdict":"BUY","score":66,"price":0.1733,"msg":"scanner"}
{"level":30,"time":1776708520046,"pid":8940,"hostname":"DESKTOP-KPAMGTB","module":"binance","symbol":"APTUSDC","interval":"5m","verdict":"WAIT","score":63,"price":0.947,"msg":"scanner"}
{"level":30,"time":1776708520137,"pid":8940,"hostname":"DESKTOP-KPAMGTB","module":"binance","symbol":"NEARUSDC","interval":"5m","verdict":"WAIT","score":59,"price":1.368,"msg":"scanner"}
{"level":30,"time":1776708546837,"pid":8940,"hostname":"DESKTOP-KPAMGTB","module":"binance","symbol":"BTCUSDC","interval":"1h","verdict":"WAIT","score":63,"price":76166.03,"msg":"scanner"}
{"level":30,"time":1776708546980,"pid":8940,"hostname":"DESKTOP-KPAMGTB","module":"binance","symbol":"ETHUSDC","interval":"1h","verdict":"BUY","score":66,"price":2327.8,"msg":"scanner"}
{"level":30,"time":1776708547189,"pid":8940,"hostname":"DESKTOP-KPAMGTB","module":"binance","symbol":"BNBUSDC","interval":"1h","verdict":"WAIT","score":63,"price":630.94,"msg":"scanner"}
{"level":30,"time":1776708547278,"pid":8940,"hostname":"DESKTOP-KPAMGTB","module":"binance","symbol":"SOLUSDC","interval":"1h","verdict":"WAIT","score":59,"price":86.06,"msg":"scanner"}
{"level":30,"time":1776708547442,"pid":8940,"hostname":"DESKTOP-KPAMGTB","module":"binance","symbol":"XRPUSDC","interval":"1h","verdict":"WAIT","score":59,"price":1.4322,"msg":"scanner"}
{"level":30,"time":1776708547549,"pid":8940,"hostname":"DESKTOP-KPAMGTB","module":"binance","symbol":"DOGEUSDC","interval":"1h","verdict":"WAIT","score":63,"price":0.09535,"msg":"scanner"}
{"level":30,"time":1776708547725,"pid":8940,"hostname":"DESKTOP-KPAMGTB","module":"binance","symbol":"ADAUSDC","interval":"1h","verdict":"WAIT","score":63,"price":0.2491,"msg":"scanner"}
{"level":30,"time":1776708547852,"pid":8940,"hostname":"DESKTOP-KPAMGTB","module":"binance","symbol":"AVAXUSDC","interval":"1h","verdict":"WAIT","score":59,"price":9.31,"msg":"scanner"}
{"level":30,"time":1776708548037,"pid":8940,"hostname":"DESKTOP-KPAMGTB","module":"binance","symbol":"TRXUSDC","interval":"1h","verdict":"WAIT","score":50,"price":0.3285,"msg":"scanner"}
{"level":30,"time":1776708548211,"pid":8940,"hostname":"DESKTOP-KPAMGTB","module":"binance","symbol":"DOTUSDC","interval":"1h","verdict":"WAIT","score":63,"price":1.284,"msg":"scanner"}
{"level":30,"time":1776708548336,"pid":8940,"hostname":"DESKTOP-KPAMGTB","module":"binance","symbol":"LINKUSDC","interval":"1h","verdict":"WAIT","score":63,"price":9.32,"msg":"scanner"}
{"level":30,"time":1776708548482,"pid":8940,"hostname":"DESKTOP-KPAMGTB","module":"binance","symbol":"MATICUSDC","interval":"1h","verdict":"WAIT","score":41,"price":0.3791,"msg":"scanner"}
{"level":30,"time":1776708548681,"pid":8940,"hostname":"DESKTOP-KPAMGTB","module":"binance","symbol":"LTCUSDC","interval":"1h","verdict":"WAIT","score":63,"price":55.33,"msg":"scanner"}
{"level":30,"time":1776708548793,"pid":8940,"hostname":"DESKTOP-KPAMGTB","module":"binance","symbol":"SHIBUSDC","interval":"1h","verdict":"BUY","score":66,"price":0.00000606,"msg":"scanner"}
{"level":30,"time":1776708548975,"pid":8940,"hostname":"DESKTOP-KPAMGTB","module":"binance","symbol":"UNIUSDC","interval":"1h","verdict":"WAIT","score":59,"price":3.276,"msg":"scanner"}
{"level":30,"time":1776708549201,"pid":8940,"hostname":"DESKTOP-KPAMGTB","module":"binance","symbol":"ATOMUSDC","interval":"1h","verdict":"WAIT","score":63,"price":1.814,"msg":"scanner"}
{"level":30,"time":1776708549260,"pid":8940,"hostname":"DESKTOP-KPAMGTB","module":"binance","symbol":"ETCUSDC","interval":"1h","verdict":"WAIT","score":63,"price":8.47,"msg":"scanner"}
{"level":30,"time":1776708549339,"pid":8940,"hostname":"DESKTOP-KPAMGTB","module":"binance","symbol":"XLMUSDC","interval":"1h","verdict":"WAIT","score":59,"price":0.1732,"msg":"scanner"}
{"level":30,"time":1776708549548,"pid":8940,"hostname":"DESKTOP-KPAMGTB","module":"binance","symbol":"APTUSDC","interval":"1h","verdict":"WAIT","score":59,"price":0.945,"msg":"scanner"}
{"level":30,"time":1776708549576,"pid":8940,"hostname":"DESKTOP-KPAMGTB","module":"binance","symbol":"NEARUSDC","interval":"1h","verdict":"WAIT","score":56,"price":1.368,"msg":"scanner"}
{"level":30,"time":1776708576728,"pid":8940,"hostname":"DESKTOP-KPAMGTB","module":"binance","symbol":"BTCUSDC","interval":"5m","verdict":"WAIT","score":59,"price":76207.64,"msg":"scanner"}
{"level":30,"time":1776708576837,"pid":8940,"hostname":"DESKTOP-KPAMGTB","module":"binance","symbol":"ETHUSDC","interval":"5m","verdict":"WAIT","score":56,"price":2329,"msg":"scanner"}
{"level":30,"time":1776708577044,"pid":8940,"hostname":"DESKTOP-KPAMGTB","module":"binance","symbol":"BNBUSDC","interval":"5m","verdict":"WAIT","score":56,"price":631.08,"msg":"scanner"}
{"level":30,"time":1776708577150,"pid":8940,"hostname":"DESKTOP-KPAMGTB","module":"binance","symbol":"SOLUSDC","interval":"5m","verdict":"BUY","score":69,"price":86.09,"msg":"scanner"}
{"level":30,"time":1776708577315,"pid":8940,"hostname":"DESKTOP-KPAMGTB","module":"binance","symbol":"XRPUSDC","interval":"5m","verdict":"BUY","score":66,"price":1.4331,"msg":"scanner"}
{"level":30,"time":1776708577398,"pid":8940,"hostname":"DESKTOP-KPAMGTB","module":"binance","symbol":"DOGEUSDC","interval":"5m","verdict":"BUY","score":69,"price":0.09538,"msg":"scanner"}
{"level":30,"time":1776708577633,"pid":8940,"hostname":"DESKTOP-KPAMGTB","module":"binance","symbol":"ADAUSDC","interval":"5m","verdict":"WAIT","score":59,"price":0.249,"msg":"scanner"}
{"level":30,"time":1776708577771,"pid":8940,"hostname":"DESKTOP-KPAMGTB","module":"binance","symbol":"AVAXUSDC","interval":"5m","verdict":"WAIT","score":63,"price":9.31,"msg":"scanner"}
{"level":30,"time":1776708577922,"pid":8940,"hostname":"DESKTOP-KPAMGTB","module":"binance","symbol":"TRXUSDC","interval":"5m","verdict":"WAIT","score":50,"price":0.3285,"msg":"scanner"}
{"level":30,"time":1776708578099,"pid":8940,"hostname":"DESKTOP-KPAMGTB","module":"binance","symbol":"DOTUSDC","interval":"5m","verdict":"BUY","score":66,"price":1.284,"msg":"scanner"}
{"level":30,"time":1776708578216,"pid":8940,"hostname":"DESKTOP-KPAMGTB","module":"binance","symbol":"LINKUSDC","interval":"5m","verdict":"WAIT","score":63,"price":9.31,"msg":"scanner"}
{"level":30,"time":1776708578317,"pid":8940,"hostname":"DESKTOP-KPAMGTB","module":"binance","symbol":"MATICUSDC","interval":"5m","verdict":"WAIT","score":53,"price":0.3791,"msg":"scanner"}
{"level":30,"time":1776708578515,"pid":8940,"hostname":"DESKTOP-KPAMGTB","module":"binance","symbol":"LTCUSDC","interval":"5m","verdict":"BUY","score":66,"price":55.33,"msg":"scanner"}
{"level":30,"time":1776708578686,"pid":8940,"hostname":"DESKTOP-KPAMGTB","module":"binance","symbol":"SHIBUSDC","interval":"5m","verdict":"WAIT","score":63,"price":0.00000606,"msg":"scanner"}
{"level":30,"time":1776708578859,"pid":8940,"hostname":"DESKTOP-KPAMGTB","module":"binance","symbol":"UNIUSDC","interval":"5m","verdict":"WAIT","score":63,"price":3.278,"msg":"scanner"}
{"level":30,"time":1776708578919,"pid":8940,"hostname":"DESKTOP-KPAMGTB","module":"binance","symbol":"ATOMUSDC","interval":"5m","verdict":"WAIT","score":63,"price":1.814,"msg":"scanner"}
{"level":30,"time":1776708579083,"pid":8940,"hostname":"DESKTOP-KPAMGTB","module":"binance","symbol":"ETCUSDC","interval":"5m","verdict":"BUY","score":66,"price":8.47,"msg":"scanner"}
{"level":30,"time":1776708579259,"pid":8940,"hostname":"DESKTOP-KPAMGTB","module":"binance","symbol":"XLMUSDC","interval":"5m","verdict":"BUY","score":66,"price":0.173,"msg":"scanner"}
{"level":30,"time":1776708579306,"pid":8940,"hostname":"DESKTOP-KPAMGTB","module":"binance","symbol":"APTUSDC","interval":"5m","verdict":"WAIT","score":63,"price":0.946,"msg":"scanner"}
{"level":30,"time":1776708579458,"pid":8940,"hostname":"DESKTOP-KPAMGTB","module":"binance","symbol":"NEARUSDC","interval":"5m","verdict":"WAIT","score":59,"price":1.369,"msg":"scanner"}
{"level":30,"time":1776708636799,"pid":8940,"hostname":"DESKTOP-KPAMGTB","module":"binance","symbol":"BTCUSDC","interval":"5m","verdict":"WAIT","score":63,"price":76281.49,"msg":"scanner"}
{"level":30,"time":1776708636880,"pid":8940,"hostname":"DESKTOP-KPAMGTB","module":"binance","symbol":"ETHUSDC","interval":"5m","verdict":"WAIT","score":63,"price":2330.69,"msg":"scanner"}
{"level":30,"time":1776708637079,"pid":8940,"hostname":"DESKTOP-KPAMGTB","module":"binance","symbol":"BNBUSDC","interval":"5m","verdict":"WAIT","score":63,"price":631.59,"msg":"scanner"}
{"level":30,"time":1776708637235,"pid":8940,"hostname":"DESKTOP-KPAMGTB","module":"binance","symbol":"SOLUSDC","interval":"5m","verdict":"WAIT","score":63,"price":86.13,"msg":"scanner"}
{"level":30,"time":1776708637433,"pid":8940,"hostname":"DESKTOP-KPAMGTB","module":"binance","symbol":"XRPUSDC","interval":"5m","verdict":"WAIT","score":59,"price":1.4329,"msg":"scanner"}
{"level":30,"time":1776708637486,"pid":8940,"hostname":"DESKTOP-KPAMGTB","module":"binance","symbol":"DOGEUSDC","interval":"5m","verdict":"WAIT","score":63,"price":0.09546,"msg":"scanner"}
{"level":30,"time":1776708637692,"pid":8940,"hostname":"DESKTOP-KPAMGTB","module":"binance","symbol":"ADAUSDC","interval":"5m","verdict":"WAIT","score":59,"price":0.2492,"msg":"scanner"}
{"level":30,"time":1776708637822,"pid":8940,"hostname":"DESKTOP-KPAMGTB","module":"binance","symbol":"AVAXUSDC","interval":"5m","verdict":"WAIT","score":53,"price":9.32,"msg":"scanner"}
{"level":30,"time":1776708637934,"pid":8940,"hostname":"DESKTOP-KPAMGTB","module":"binance","symbol":"TRXUSDC","interval":"5m","verdict":"WAIT","score":50,"price":0.3286,"msg":"scanner"}
{"level":30,"time":1776708638243,"pid":8940,"hostname":"DESKTOP-KPAMGTB","module":"binance","symbol":"DOTUSDC","interval":"5m","verdict":"WAIT","score":63,"price":1.286,"msg":"scanner"}
{"level":30,"time":1776708638587,"pid":8940,"hostname":"DESKTOP-KPAMGTB","module":"binance","symbol":"LINKUSDC","interval":"5m","verdict":"WAIT","score":56,"price":9.32,"msg":"scanner"}
{"level":30,"time":1776708638660,"pid":8940,"hostname":"DESKTOP-KPAMGTB","module":"binance","symbol":"MATICUSDC","interval":"5m","verdict":"WAIT","score":53,"price":0.3791,"msg":"scanner"}
{"level":30,"time":1776708638783,"pid":8940,"hostname":"DESKTOP-KPAMGTB","module":"binance","symbol":"LTCUSDC","interval":"5m","verdict":"WAIT","score":56,"price":55.31,"msg":"scanner"}
{"level":30,"time":1776708638907,"pid":8940,"hostname":"DESKTOP-KPAMGTB","module":"binance","symbol":"SHIBUSDC","interval":"5m","verdict":"WAIT","score":53,"price":0.00000606,"msg":"scanner"}
{"level":30,"time":1776708639001,"pid":8940,"hostname":"DESKTOP-KPAMGTB","module":"binance","symbol":"UNIUSDC","interval":"5m","verdict":"WAIT","score":63,"price":3.283,"msg":"scanner"}
{"level":30,"time":1776708639180,"pid":8940,"hostname":"DESKTOP-KPAMGTB","module":"binance","symbol":"ATOMUSDC","interval":"5m","verdict":"WAIT","score":63,"price":1.816,"msg":"scanner"}
{"level":30,"time":1776708639342,"pid":8940,"hostname":"DESKTOP-KPAMGTB","module":"binance","symbol":"ETCUSDC","interval":"5m","verdict":"WAIT","score":63,"price":8.48,"msg":"scanner"}
{"level":30,"time":1776708639510,"pid":8940,"hostname":"DESKTOP-KPAMGTB","module":"binance","symbol":"XLMUSDC","interval":"5m","verdict":"WAIT","score":53,"price":0.173,"msg":"scanner"}
{"level":30,"time":1776708639629,"pid":8940,"hostname":"DESKTOP-KPAMGTB","module":"binance","symbol":"APTUSDC","interval":"5m","verdict":"WAIT","score":59,"price":0.947,"msg":"scanner"}
{"level":30,"time":1776708639749,"pid":8940,"hostname":"DESKTOP-KPAMGTB","module":"binance","symbol":"NEARUSDC","interval":"5m","verdict":"WAIT","score":50,"price":1.368,"msg":"scanner"}
{"level":30,"time":1776708696836,"pid":8940,"hostname":"DESKTOP-KPAMGTB","module":"binance","symbol":"BTCUSDC","interval":"5m","verdict":"WAIT","score":63,"price":76285.16,"msg":"scanner"}
{"level":30,"time":1776708696860,"pid":8940,"hostname":"DESKTOP-KPAMGTB","module":"binance","symbol":"BTCUSDC","interval":"1h","verdict":"WAIT","score":63,"price":76285.16,"msg":"scanner"}
{"level":30,"time":1776708696978,"pid":8940,"hostname":"DESKTOP-KPAMGTB","module":"binance","symbol":"ETHUSDC","interval":"5m","verdict":"WAIT","score":63,"price":2331.91,"msg":"scanner"}
{"level":30,"time":1776708697142,"pid":8940,"hostname":"DESKTOP-KPAMGTB","module":"binance","symbol":"ETHUSDC","interval":"1h","verdict":"BUY","score":66,"price":2331.91,"msg":"scanner"}
{"level":30,"time":1776708697213,"pid":8940,"hostname":"DESKTOP-KPAMGTB","module":"binance","symbol":"BNBUSDC","interval":"5m","verdict":"WAIT","score":63,"price":631.65,"msg":"scanner"}
{"level":30,"time":1776708697310,"pid":8940,"hostname":"DESKTOP-KPAMGTB","module":"binance","symbol":"BNBUSDC","interval":"1h","verdict":"WAIT","score":63,"price":631.65,"msg":"scanner"}
{"level":30,"time":1776708697445,"pid":8940,"hostname":"DESKTOP-KPAMGTB","module":"binance","symbol":"SOLUSDC","interval":"5m","verdict":"WAIT","score":63,"price":86.16,"msg":"scanner"}
{"level":30,"time":1776708697513,"pid":8940,"hostname":"DESKTOP-KPAMGTB","module":"binance","symbol":"SOLUSDC","interval":"1h","verdict":"WAIT","score":59,"price":86.16,"msg":"scanner"}
{"level":30,"time":1776708697657,"pid":8940,"hostname":"DESKTOP-KPAMGTB","module":"binance","symbol":"XRPUSDC","interval":"5m","verdict":"WAIT","score":59,"price":1.4335,"msg":"scanner"}
{"level":30,"time":1776708697718,"pid":8940,"hostname":"DESKTOP-KPAMGTB","module":"binance","symbol":"XRPUSDC","interval":"1h","verdict":"WAIT","score":59,"price":1.4335,"msg":"scanner"}
{"level":30,"time":1776708697896,"pid":8940,"hostname":"DESKTOP-KPAMGTB","module":"binance","symbol":"DOGEUSDC","interval":"5m","verdict":"WAIT","score":63,"price":0.09548,"msg":"scanner"}
{"level":30,"time":1776708697908,"pid":8940,"hostname":"DESKTOP-KPAMGTB","module":"binance","symbol":"DOGEUSDC","interval":"1h","verdict":"WAIT","score":63,"price":0.09548,"msg":"scanner"}
{"level":30,"time":1776708698094,"pid":8940,"hostname":"DESKTOP-KPAMGTB","module":"binance","symbol":"ADAUSDC","interval":"5m","verdict":"WAIT","score":59,"price":0.2493,"msg":"scanner"}
{"level":30,"time":1776708698113,"pid":8940,"hostname":"DESKTOP-KPAMGTB","module":"binance","symbol":"ADAUSDC","interval":"1h","verdict":"WAIT","score":63,"price":0.2493,"msg":"scanner"}
{"level":30,"time":1776708698338,"pid":8940,"hostname":"DESKTOP-KPAMGTB","module":"binance","symbol":"AVAXUSDC","interval":"5m","verdict":"WAIT","score":53,"price":9.31,"msg":"scanner"}
{"level":30,"time":1776708698386,"pid":8940,"hostname":"DESKTOP-KPAMGTB","module":"binance","symbol":"AVAXUSDC","interval":"1h","verdict":"WAIT","score":59,"price":9.31,"msg":"scanner"}
{"level":30,"time":1776708698523,"pid":8940,"hostname":"DESKTOP-KPAMGTB","module":"binance","symbol":"TRXUSDC","interval":"5m","verdict":"WAIT","score":50,"price":0.3285,"msg":"scanner"}
{"level":30,"time":1776708698659,"pid":8940,"hostname":"DESKTOP-KPAMGTB","module":"binance","symbol":"TRXUSDC","interval":"1h","verdict":"WAIT","score":50,"price":0.3285,"msg":"scanner"}
{"level":30,"time":1776708698919,"pid":8940,"hostname":"DESKTOP-KPAMGTB","module":"binance","symbol":"DOTUSDC","interval":"5m","verdict":"WAIT","score":63,"price":1.285,"msg":"scanner"}
{"level":30,"time":1776708699042,"pid":8940,"hostname":"DESKTOP-KPAMGTB","module":"binance","symbol":"DOTUSDC","interval":"1h","verdict":"WAIT","score":59,"price":1.285,"msg":"scanner"}
{"level":30,"time":1776708699370,"pid":8940,"hostname":"DESKTOP-KPAMGTB","module":"binance","symbol":"LINKUSDC","interval":"1h","verdict":"WAIT","score":63,"price":9.33,"msg":"scanner"}
{"level":30,"time":1776708699398,"pid":8940,"hostname":"DESKTOP-KPAMGTB","module":"binance","symbol":"LINKUSDC","interval":"5m","verdict":"WAIT","score":63,"price":9.33,"msg":"scanner"}
{"level":30,"time":1776708699426,"pid":8940,"hostname":"DESKTOP-KPAMGTB","module":"binance","symbol":"MATICUSDC","interval":"5m","verdict":"WAIT","score":53,"price":0.3791,"msg":"scanner"}
{"level":30,"time":1776708699450,"pid":8940,"hostname":"DESKTOP-KPAMGTB","module":"binance","symbol":"MATICUSDC","interval":"1h","verdict":"WAIT","score":41,"price":0.3791,"msg":"scanner"}
{"level":30,"time":1776708699733,"pid":8940,"hostname":"DESKTOP-KPAMGTB","module":"binance","symbol":"LTCUSDC","interval":"5m","verdict":"BUY","score":66,"price":55.35,"msg":"scanner"}
{"level":30,"time":1776708699757,"pid":8940,"hostname":"DESKTOP-KPAMGTB","module":"binance","symbol":"LTCUSDC","interval":"1h","verdict":"WAIT","score":63,"price":55.35,"msg":"scanner"}
{"level":30,"time":1776708699840,"pid":8940,"hostname":"DESKTOP-KPAMGTB","module":"binance","symbol":"SHIBUSDC","interval":"5m","verdict":"WAIT","score":53,"price":0.00000606,"msg":"scanner"}
{"level":30,"time":1776708699860,"pid":8940,"hostname":"DESKTOP-KPAMGTB","module":"binance","symbol":"SHIBUSDC","interval":"1h","verdict":"BUY","score":69,"price":0.00000606,"msg":"scanner"}
{"level":30,"time":1776708700079,"pid":8940,"hostname":"DESKTOP-KPAMGTB","module":"binance","symbol":"UNIUSDC","interval":"5m","verdict":"WAIT","score":63,"price":3.281,"msg":"scanner"}
{"level":30,"time":1776708700097,"pid":8940,"hostname":"DESKTOP-KPAMGTB","module":"binance","symbol":"UNIUSDC","interval":"1h","verdict":"WAIT","score":56,"price":3.281,"msg":"scanner"}
{"level":30,"time":1776708700237,"pid":8940,"hostname":"DESKTOP-KPAMGTB","module":"binance","symbol":"ATOMUSDC","interval":"5m","verdict":"WAIT","score":63,"price":1.816,"msg":"scanner"}
{"level":30,"time":1776708700281,"pid":8940,"hostname":"DESKTOP-KPAMGTB","module":"binance","symbol":"ATOMUSDC","interval":"1h","verdict":"WAIT","score":63,"price":1.816,"msg":"scanner"}
{"level":30,"time":1776708700461,"pid":8940,"hostname":"DESKTOP-KPAMGTB","module":"binance","symbol":"ETCUSDC","interval":"1h","verdict":"WAIT","score":63,"price":8.48,"msg":"scanner"}
{"level":30,"time":1776708700482,"pid":8940,"hostname":"DESKTOP-KPAMGTB","module":"binance","symbol":"ETCUSDC","interval":"5m","verdict":"WAIT","score":63,"price":8.48,"msg":"scanner"}
{"level":30,"time":1776708700674,"pid":8940,"hostname":"DESKTOP-KPAMGTB","module":"binance","symbol":"XLMUSDC","interval":"5m","verdict":"WAIT","score":53,"price":0.1729,"msg":"scanner"}
{"level":30,"time":1776708700695,"pid":8940,"hostname":"DESKTOP-KPAMGTB","module":"binance","symbol":"XLMUSDC","interval":"1h","verdict":"WAIT","score":59,"price":0.1729,"msg":"scanner"}
{"level":30,"time":1776708700791,"pid":8940,"hostname":"DESKTOP-KPAMGTB","module":"binance","symbol":"APTUSDC","interval":"5m","verdict":"WAIT","score":63,"price":0.946,"msg":"scanner"}
{"level":30,"time":1776708700841,"pid":8940,"hostname":"DESKTOP-KPAMGTB","module":"binance","symbol":"APTUSDC","interval":"1h","verdict":"WAIT","score":59,"price":0.946,"msg":"scanner"}
{"level":30,"time":1776708701010,"pid":8940,"hostname":"DESKTOP-KPAMGTB","module":"binance","symbol":"NEARUSDC","interval":"5m","verdict":"WAIT","score":50,"price":1.368,"msg":"scanner"}
{"level":30,"time":1776708701039,"pid":8940,"hostname":"DESKTOP-KPAMGTB","module":"binance","symbol":"NEARUSDC","interval":"1h","verdict":"WAIT","score":56,"price":1.368,"msg":"scanner"}
{"level":30,"time":1776708756761,"pid":8940,"hostname":"DESKTOP-KPAMGTB","module":"binance","symbol":"BTCUSDC","interval":"5m","verdict":"WAIT","score":63,"price":76295.95,"msg":"scanner"}
{"level":30,"time":1776708756822,"pid":8940,"hostname":"DESKTOP-KPAMGTB","module":"binance","symbol":"BTCUSDC","interval":"4h","verdict":"BUY","score":66,"price":76295.95,"msg":"scanner"}
{"level":30,"time":1776708757058,"pid":8940,"hostname":"DESKTOP-KPAMGTB","module":"binance","symbol":"ETHUSDC","interval":"5m","verdict":"WAIT","score":63,"price":2331.56,"msg":"scanner"}
{"level":30,"time":1776708757119,"pid":8940,"hostname":"DESKTOP-KPAMGTB","module":"binance","symbol":"ETHUSDC","interval":"4h","verdict":"WAIT","score":56,"price":2331.56,"msg":"scanner"}
{"level":30,"time":1776708757230,"pid":8940,"hostname":"DESKTOP-KPAMGTB","module":"binance","symbol":"BNBUSDC","interval":"5m","verdict":"WAIT","score":63,"price":631.42,"msg":"scanner"}
{"level":30,"time":1776708757329,"pid":8940,"hostname":"DESKTOP-KPAMGTB","module":"binance","symbol":"BNBUSDC","interval":"4h","verdict":"WAIT","score":59,"price":631.42,"msg":"scanner"}
{"level":30,"time":1776708757403,"pid":8940,"hostname":"DESKTOP-KPAMGTB","module":"binance","symbol":"SOLUSDC","interval":"5m","verdict":"WAIT","score":63,"price":86.09,"msg":"scanner"}
{"level":30,"time":1776708757568,"pid":8940,"hostname":"DESKTOP-KPAMGTB","module":"binance","symbol":"SOLUSDC","interval":"4h","verdict":"WAIT","score":56,"price":86.09,"msg":"scanner"}
{"level":30,"time":1776708757589,"pid":8940,"hostname":"DESKTOP-KPAMGTB","module":"binance","symbol":"XRPUSDC","interval":"5m","verdict":"WAIT","score":59,"price":1.4333,"msg":"scanner"}
{"level":30,"time":1776708757744,"pid":8940,"hostname":"DESKTOP-KPAMGTB","module":"binance","symbol":"XRPUSDC","interval":"4h","verdict":"WAIT","score":59,"price":1.4333,"msg":"scanner"}
{"level":30,"time":1776708757758,"pid":8940,"hostname":"DESKTOP-KPAMGTB","module":"binance","symbol":"DOGEUSDC","interval":"5m","verdict":"WAIT","score":63,"price":0.09548,"msg":"scanner"}
{"level":30,"time":1776708757925,"pid":8940,"hostname":"DESKTOP-KPAMGTB","module":"binance","symbol":"DOGEUSDC","interval":"4h","verdict":"WAIT","score":56,"price":0.09548,"msg":"scanner"}
{"level":30,"time":1776708757984,"pid":8940,"hostname":"DESKTOP-KPAMGTB","module":"binance","symbol":"ADAUSDC","interval":"5m","verdict":"WAIT","score":63,"price":0.2494,"msg":"scanner"}
{"level":30,"time":1776708758136,"pid":8940,"hostname":"DESKTOP-KPAMGTB","module":"binance","symbol":"ADAUSDC","interval":"4h","verdict":"WAIT","score":50,"price":0.2494,"msg":"scanner"}
{"level":30,"time":1776708758271,"pid":8940,"hostname":"DESKTOP-KPAMGTB","module":"binance","symbol":"AVAXUSDC","interval":"5m","verdict":"WAIT","score":50,"price":9.31,"msg":"scanner"}
{"level":30,"time":1776708758380,"pid":8940,"hostname":"DESKTOP-KPAMGTB","module":"binance","symbol":"AVAXUSDC","interval":"4h","verdict":"WAIT","score":44,"price":9.31,"msg":"scanner"}
{"level":30,"time":1776708758438,"pid":8940,"hostname":"DESKTOP-KPAMGTB","module":"binance","symbol":"TRXUSDC","interval":"5m","verdict":"WAIT","score":50,"price":0.3285,"msg":"scanner"}
{"level":30,"time":1776708758586,"pid":8940,"hostname":"DESKTOP-KPAMGTB","module":"binance","symbol":"TRXUSDC","interval":"4h","verdict":"WAIT","score":47,"price":0.3285,"msg":"scanner"}
{"level":30,"time":1776708758648,"pid":8940,"hostname":"DESKTOP-KPAMGTB","module":"binance","symbol":"DOTUSDC","interval":"5m","verdict":"WAIT","score":59,"price":1.285,"msg":"scanner"}
{"level":30,"time":1776708758743,"pid":8940,"hostname":"DESKTOP-KPAMGTB","module":"binance","symbol":"DOTUSDC","interval":"4h","verdict":"WAIT","score":47,"price":1.285,"msg":"scanner"}
{"level":30,"time":1776708758775,"pid":8940,"hostname":"DESKTOP-KPAMGTB","module":"binance","symbol":"LINKUSDC","interval":"5m","verdict":"WAIT","score":63,"price":9.33,"msg":"scanner"}
{"level":30,"time":1776708758934,"pid":8940,"hostname":"DESKTOP-KPAMGTB","module":"binance","symbol":"LINKUSDC","interval":"4h","verdict":"WAIT","score":56,"price":9.33,"msg":"scanner"}
{"level":30,"time":1776708758975,"pid":8940,"hostname":"DESKTOP-KPAMGTB","module":"binance","symbol":"MATICUSDC","interval":"5m","verdict":"WAIT","score":53,"price":0.3791,"msg":"scanner"}
{"level":30,"time":1776708759162,"pid":8940,"hostname":"DESKTOP-KPAMGTB","module":"binance","symbol":"MATICUSDC","interval":"4h","verdict":"WAIT","score":47,"price":0.3791,"msg":"scanner"}
{"level":30,"time":1776708759241,"pid":8940,"hostname":"DESKTOP-KPAMGTB","module":"binance","symbol":"LTCUSDC","interval":"5m","verdict":"WAIT","score":56,"price":55.32,"msg":"scanner"}
{"level":30,"time":1776708759371,"pid":8940,"hostname":"DESKTOP-KPAMGTB","module":"binance","symbol":"LTCUSDC","interval":"4h","verdict":"WAIT","score":56,"price":55.32,"msg":"scanner"}
{"level":30,"time":1776708759605,"pid":8940,"hostname":"DESKTOP-KPAMGTB","module":"binance","symbol":"SHIBUSDC","interval":"5m","verdict":"WAIT","score":53,"price":0.00000606,"msg":"scanner"}
{"level":30,"time":1776708759662,"pid":8940,"hostname":"DESKTOP-KPAMGTB","module":"binance","symbol":"SHIBUSDC","interval":"4h","verdict":"WAIT","score":56,"price":0.00000606,"msg":"scanner"}
{"level":30,"time":1776708759710,"pid":8940,"hostname":"DESKTOP-KPAMGTB","module":"binance","symbol":"UNIUSDC","interval":"5m","verdict":"WAIT","score":63,"price":3.281,"msg":"scanner"}
{"level":30,"time":1776708759770,"pid":8940,"hostname":"DESKTOP-KPAMGTB","module":"binance","symbol":"UNIUSDC","interval":"4h","verdict":"WAIT","score":47,"price":3.281,"msg":"scanner"}
{"level":30,"time":1776708759889,"pid":8940,"hostname":"DESKTOP-KPAMGTB","module":"binance","symbol":"ATOMUSDC","interval":"5m","verdict":"WAIT","score":63,"price":1.815,"msg":"scanner"}
{"level":30,"time":1776708760060,"pid":8940,"hostname":"DESKTOP-KPAMGTB","module":"binance","symbol":"ATOMUSDC","interval":"4h","verdict":"BUY","score":69,"price":1.815,"msg":"scanner"}
{"level":30,"time":1776708760091,"pid":8940,"hostname":"DESKTOP-KPAMGTB","module":"binance","symbol":"ETCUSDC","interval":"5m","verdict":"WAIT","score":63,"price":8.48,"msg":"scanner"}
{"level":30,"time":1776708760129,"pid":8940,"hostname":"DESKTOP-KPAMGTB","module":"binance","symbol":"ETCUSDC","interval":"4h","verdict":"WAIT","score":53,"price":8.48,"msg":"scanner"}
{"level":30,"time":1776708760213,"pid":8940,"hostname":"DESKTOP-KPAMGTB","module":"binance","symbol":"XLMUSDC","interval":"5m","verdict":"WAIT","score":53,"price":0.173,"msg":"scanner"}
{"level":30,"time":1776708760430,"pid":8940,"hostname":"DESKTOP-KPAMGTB","module":"binance","symbol":"XLMUSDC","interval":"4h","verdict":"BUY","score":69,"price":0.173,"msg":"scanner"}
{"level":30,"time":1776708760487,"pid":8940,"hostname":"DESKTOP-KPAMGTB","module":"binance","symbol":"APTUSDC","interval":"5m","verdict":"WAIT","score":63,"price":0.946,"msg":"scanner"}
{"level":30,"time":1776708760550,"pid":8940,"hostname":"DESKTOP-KPAMGTB","module":"binance","symbol":"APTUSDC","interval":"4h","verdict":"WAIT","score":56,"price":0.946,"msg":"scanner"}
{"level":30,"time":1776708760572,"pid":8940,"hostname":"DESKTOP-KPAMGTB","module":"binance","symbol":"NEARUSDC","interval":"5m","verdict":"WAIT","score":50,"price":1.368,"msg":"scanner"}
{"level":30,"time":1776708760750,"pid":8940,"hostname":"DESKTOP-KPAMGTB","module":"binance","symbol":"NEARUSDC","interval":"4h","verdict":"WAIT","score":50,"price":1.368,"msg":"scanner"}
{"level":30,"time":1776708816661,"pid":8940,"hostname":"DESKTOP-KPAMGTB","module":"binance","symbol":"BTCUSDC","interval":"5m","verdict":"WAIT","score":63,"price":76288.74,"msg":"scanner"}
{"level":30,"time":1776708816704,"pid":8940,"hostname":"DESKTOP-KPAMGTB","module":"binance","symbol":"ETHUSDC","interval":"5m","verdict":"WAIT","score":63,"price":2331.79,"msg":"scanner"}
{"level":30,"time":1776708816926,"pid":8940,"hostname":"DESKTOP-KPAMGTB","module":"binance","symbol":"BNBUSDC","interval":"5m","verdict":"WAIT","score":63,"price":631.36,"msg":"scanner"}
{"level":30,"time":1776708817098,"pid":8940,"hostname":"DESKTOP-KPAMGTB","module":"binance","symbol":"SOLUSDC","interval":"5m","verdict":"WAIT","score":59,"price":86.1,"msg":"scanner"}
{"level":30,"time":1776708817168,"pid":8940,"hostname":"DESKTOP-KPAMGTB","module":"binance","symbol":"XRPUSDC","interval":"5m","verdict":"WAIT","score":59,"price":1.4326,"msg":"scanner"}
{"level":30,"time":1776708817375,"pid":8940,"hostname":"DESKTOP-KPAMGTB","module":"binance","symbol":"DOGEUSDC","interval":"5m","verdict":"WAIT","score":63,"price":0.09547,"msg":"scanner"}
{"level":30,"time":1776708817567,"pid":8940,"hostname":"DESKTOP-KPAMGTB","module":"binance","symbol":"ADAUSDC","interval":"5m","verdict":"WAIT","score":56,"price":0.2493,"msg":"scanner"}
{"level":30,"time":1776708817724,"pid":8940,"hostname":"DESKTOP-KPAMGTB","module":"binance","symbol":"AVAXUSDC","interval":"5m","verdict":"WAIT","score":50,"price":9.31,"msg":"scanner"}
{"level":30,"time":1776708817800,"pid":8940,"hostname":"DESKTOP-KPAMGTB","module":"binance","symbol":"TRXUSDC","interval":"5m","verdict":"WAIT","score":53,"price":0.3284,"msg":"scanner"}
{"level":30,"time":1776708818048,"pid":8940,"hostname":"DESKTOP-KPAMGTB","module":"binance","symbol":"DOTUSDC","interval":"5m","verdict":"BUY","score":66,"price":1.282,"msg":"scanner"}
{"level":30,"time":1776708818442,"pid":8940,"hostname":"DESKTOP-KPAMGTB","module":"binance","symbol":"LINKUSDC","interval":"5m","verdict":"WAIT","score":56,"price":9.32,"msg":"scanner"}
{"level":30,"time":1776708818555,"pid":8940,"hostname":"DESKTOP-KPAMGTB","module":"binance","symbol":"MATICUSDC","interval":"5m","verdict":"WAIT","score":53,"price":0.3791,"msg":"scanner"}
{"level":30,"time":1776708818646,"pid":8940,"hostname":"DESKTOP-KPAMGTB","module":"binance","symbol":"LTCUSDC","interval":"5m","verdict":"WAIT","score":56,"price":55.31,"msg":"scanner"}
{"level":30,"time":1776708818769,"pid":8940,"hostname":"DESKTOP-KPAMGTB","module":"binance","symbol":"SHIBUSDC","interval":"5m","verdict":"WAIT","score":53,"price":0.00000606,"msg":"scanner"}
{"level":30,"time":1776708818904,"pid":8940,"hostname":"DESKTOP-KPAMGTB","module":"binance","symbol":"UNIUSDC","interval":"5m","verdict":"WAIT","score":63,"price":3.281,"msg":"scanner"}
{"level":30,"time":1776708818986,"pid":8940,"hostname":"DESKTOP-KPAMGTB","module":"binance","symbol":"ATOMUSDC","interval":"5m","verdict":"WAIT","score":63,"price":1.815,"msg":"scanner"}
{"level":30,"time":1776708819164,"pid":8940,"hostname":"DESKTOP-KPAMGTB","module":"binance","symbol":"ETCUSDC","interval":"5m","verdict":"WAIT","score":63,"price":8.48,"msg":"scanner"}
{"level":30,"time":1776708819374,"pid":8940,"hostname":"DESKTOP-KPAMGTB","module":"binance","symbol":"XLMUSDC","interval":"5m","verdict":"WAIT","score":53,"price":0.1729,"msg":"scanner"}
{"level":30,"time":1776708819540,"pid":8940,"hostname":"DESKTOP-KPAMGTB","module":"binance","symbol":"APTUSDC","interval":"5m","verdict":"WAIT","score":63,"price":0.946,"msg":"scanner"}
{"level":30,"time":1776708819591,"pid":8940,"hostname":"DESKTOP-KPAMGTB","module":"binance","symbol":"NEARUSDC","interval":"5m","verdict":"WAIT","score":53,"price":1.366,"msg":"scanner"}
{"level":30,"time":1776708846817,"pid":8940,"hostname":"DESKTOP-KPAMGTB","module":"binance","symbol":"BTCUSDC","interval":"1h","verdict":"WAIT","score":63,"price":76322.85,"msg":"scanner"}
{"level":30,"time":1776708847201,"pid":8940,"hostname":"DESKTOP-KPAMGTB","module":"binance","symbol":"ETHUSDC","interval":"1h","verdict":"BUY","score":66,"price":2333.36,"msg":"scanner"}
{"level":30,"time":1776708847407,"pid":8940,"hostname":"DESKTOP-KPAMGTB","module":"binance","symbol":"BNBUSDC","interval":"1h","verdict":"WAIT","score":63,"price":631.71,"msg":"scanner"}
{"level":30,"time":1776708847540,"pid":8940,"hostname":"DESKTOP-KPAMGTB","module":"binance","symbol":"XRPUSDC","interval":"1h","verdict":"WAIT","score":59,"price":1.4331,"msg":"scanner"}
{"level":30,"time":1776708847625,"pid":8940,"hostname":"DESKTOP-KPAMGTB","module":"binance","symbol":"SOLUSDC","interval":"1h","verdict":"WAIT","score":59,"price":86.12,"msg":"scanner"}
{"level":30,"time":1776708847653,"pid":8940,"hostname":"DESKTOP-KPAMGTB","module":"binance","symbol":"XRPUSDC","interval":"5m","verdict":"WAIT","score":59,"price":1.4331,"msg":"scanner"}
{"level":30,"time":1776708847844,"pid":8940,"hostname":"DESKTOP-KPAMGTB","module":"binance","symbol":"DOGEUSDC","interval":"5m","verdict":"WAIT","score":59,"price":0.09548,"msg":"scanner"}
{"level":30,"time":1776708847864,"pid":8940,"hostname":"DESKTOP-KPAMGTB","module":"binance","symbol":"DOGEUSDC","interval":"1h","verdict":"WAIT","score":63,"price":0.09548,"msg":"scanner"}
{"level":30,"time":1776708848125,"pid":8940,"hostname":"DESKTOP-KPAMGTB","module":"binance","symbol":"ADAUSDC","interval":"5m","verdict":"WAIT","score":63,"price":0.2494,"msg":"scanner"}
{"level":30,"time":1776708848214,"pid":8940,"hostname":"DESKTOP-KPAMGTB","module":"binance","symbol":"ADAUSDC","interval":"1h","verdict":"WAIT","score":63,"price":0.2494,"msg":"scanner"}
{"level":30,"time":1776708848314,"pid":8940,"hostname":"DESKTOP-KPAMGTB","module":"binance","symbol":"AVAXUSDC","interval":"5m","verdict":"WAIT","score":50,"price":9.31,"msg":"scanner"}
{"level":30,"time":1776708848340,"pid":8940,"hostname":"DESKTOP-KPAMGTB","module":"binance","symbol":"AVAXUSDC","interval":"1h","verdict":"WAIT","score":59,"price":9.31,"msg":"scanner"}
{"level":30,"time":1776708848619,"pid":8940,"hostname":"DESKTOP-KPAMGTB","module":"binance","symbol":"TRXUSDC","interval":"1h","verdict":"WAIT","score":50,"price":0.3284,"msg":"scanner"}
{"level":30,"time":1776708848633,"pid":8940,"hostname":"DESKTOP-KPAMGTB","module":"binance","symbol":"TRXUSDC","interval":"5m","verdict":"WAIT","score":53,"price":0.3284,"msg":"scanner"}
{"level":30,"time":1776708848747,"pid":8940,"hostname":"DESKTOP-KPAMGTB","module":"binance","symbol":"DOTUSDC","interval":"1h","verdict":"WAIT","score":63,"price":1.283,"msg":"scanner"}
{"level":30,"time":1776708848755,"pid":8940,"hostname":"DESKTOP-KPAMGTB","module":"binance","symbol":"DOTUSDC","interval":"5m","verdict":"BUY","score":66,"price":1.283,"msg":"scanner"}
{"level":30,"time":1776708848992,"pid":8940,"hostname":"DESKTOP-KPAMGTB","module":"binance","symbol":"LINKUSDC","interval":"5m","verdict":"WAIT","score":63,"price":9.33,"msg":"scanner"}
{"level":30,"time":1776708849042,"pid":8940,"hostname":"DESKTOP-KPAMGTB","module":"binance","symbol":"LINKUSDC","interval":"1h","verdict":"WAIT","score":63,"price":9.33,"msg":"scanner"}
{"level":30,"time":1776708849231,"pid":8940,"hostname":"DESKTOP-KPAMGTB","module":"binance","symbol":"MATICUSDC","interval":"5m","verdict":"WAIT","score":53,"price":0.3791,"msg":"scanner"}
{"level":30,"time":1776708849243,"pid":8940,"hostname":"DESKTOP-KPAMGTB","module":"binance","symbol":"MATICUSDC","interval":"1h","verdict":"WAIT","score":41,"price":0.3791,"msg":"scanner"}
{"level":30,"time":1776708849519,"pid":8940,"hostname":"DESKTOP-KPAMGTB","module":"binance","symbol":"LTCUSDC","interval":"5m","verdict":"WAIT","score":56,"price":55.3,"msg":"scanner"}
{"level":30,"time":1776708849576,"pid":8940,"hostname":"DESKTOP-KPAMGTB","module":"binance","symbol":"LTCUSDC","interval":"1h","verdict":"WAIT","score":63,"price":55.3,"msg":"scanner"}
{"level":30,"time":1776708849609,"pid":8940,"hostname":"DESKTOP-KPAMGTB","module":"binance","symbol":"SHIBUSDC","interval":"5m","verdict":"WAIT","score":53,"price":0.00000606,"msg":"scanner"}
{"level":30,"time":1776708849661,"pid":8940,"hostname":"DESKTOP-KPAMGTB","module":"binance","symbol":"SHIBUSDC","interval":"1h","verdict":"BUY","score":69,"price":0.00000606,"msg":"scanner"}
{"level":30,"time":1776708849914,"pid":8940,"hostname":"DESKTOP-KPAMGTB","module":"binance","symbol":"UNIUSDC","interval":"5m","verdict":"WAIT","score":63,"price":3.282,"msg":"scanner"}
{"level":30,"time":1776708849951,"pid":8940,"hostname":"DESKTOP-KPAMGTB","module":"binance","symbol":"UNIUSDC","interval":"1h","verdict":"WAIT","score":56,"price":3.282,"msg":"scanner"}
{"level":30,"time":1776708850017,"pid":8940,"hostname":"DESKTOP-KPAMGTB","module":"binance","symbol":"ATOMUSDC","interval":"5m","verdict":"WAIT","score":63,"price":1.815,"msg":"scanner"}
{"level":30,"time":1776708850030,"pid":8940,"hostname":"DESKTOP-KPAMGTB","module":"binance","symbol":"ATOMUSDC","interval":"1h","verdict":"WAIT","score":63,"price":1.815,"msg":"scanner"}
{"level":30,"time":1776708850318,"pid":8940,"hostname":"DESKTOP-KPAMGTB","module":"binance","symbol":"ETCUSDC","interval":"1h","verdict":"WAIT","score":63,"price":8.48,"msg":"scanner"}
{"level":30,"time":1776708850339,"pid":8940,"hostname":"DESKTOP-KPAMGTB","module":"binance","symbol":"ETCUSDC","interval":"5m","verdict":"WAIT","score":63,"price":8.48,"msg":"scanner"}
{"level":30,"time":1776708850373,"pid":8940,"hostname":"DESKTOP-KPAMGTB","module":"binance","symbol":"XLMUSDC","interval":"5m","verdict":"WAIT","score":53,"price":0.1729,"msg":"scanner"}
{"level":30,"time":1776708850467,"pid":8940,"hostname":"DESKTOP-KPAMGTB","module":"binance","symbol":"XLMUSDC","interval":"1h","verdict":"WAIT","score":59,"price":0.1729,"msg":"scanner"}
{"level":30,"time":1776708850701,"pid":8940,"hostname":"DESKTOP-KPAMGTB","module":"binance","symbol":"APTUSDC","interval":"5m","verdict":"WAIT","score":63,"price":0.946,"msg":"scanner"}
{"level":30,"time":1776708850712,"pid":8940,"hostname":"DESKTOP-KPAMGTB","module":"binance","symbol":"APTUSDC","interval":"1h","verdict":"WAIT","score":59,"price":0.946,"msg":"scanner"}
{"level":30,"time":1776708850810,"pid":8940,"hostname":"DESKTOP-KPAMGTB","module":"binance","symbol":"NEARUSDC","interval":"5m","verdict":"WAIT","score":53,"price":1.366,"msg":"scanner"}
{"level":30,"time":1776708850825,"pid":8940,"hostname":"DESKTOP-KPAMGTB","module":"binance","symbol":"NEARUSDC","interval":"1h","verdict":"WAIT","score":56,"price":1.366,"msg":"scanner"}
{"level":30,"time":1776708876711,"pid":8940,"hostname":"DESKTOP-KPAMGTB","module":"binance","symbol":"BTCUSDC","interval":"5m","verdict":"WAIT","score":63,"price":76292.45,"msg":"scanner"}
{"level":30,"time":1776708876778,"pid":8940,"hostname":"DESKTOP-KPAMGTB","module":"binance","symbol":"ETHUSDC","interval":"5m","verdict":"WAIT","score":59,"price":2331.84,"msg":"scanner"}
{"level":30,"time":1776708876983,"pid":8940,"hostname":"DESKTOP-KPAMGTB","module":"binance","symbol":"BNBUSDC","interval":"5m","verdict":"WAIT","score":63,"price":631.66,"msg":"scanner"}
{"level":30,"time":1776708877136,"pid":8940,"hostname":"DESKTOP-KPAMGTB","module":"binance","symbol":"SOLUSDC","interval":"5m","verdict":"WAIT","score":59,"price":86.1,"msg":"scanner"}
{"level":30,"time":1776708907307,"pid":8940,"hostname":"DESKTOP-KPAMGTB","module":"binance","symbol":"XRPUSDC","interval":"5m","verdict":"WAIT","score":59,"price":1.4334,"msg":"scanner"}
{"level":30,"time":1776708907383,"pid":8940,"hostname":"DESKTOP-KPAMGTB","module":"binance","symbol":"DOGEUSDC","interval":"5m","verdict":"WAIT","score":56,"price":0.09546,"msg":"scanner"}
{"level":30,"time":1776708907578,"pid":8940,"hostname":"DESKTOP-KPAMGTB","module":"binance","symbol":"ADAUSDC","interval":"5m","verdict":"WAIT","score":50,"price":0.2492,"msg":"scanner"}
{"level":30,"time":1776708907779,"pid":8940,"hostname":"DESKTOP-KPAMGTB","module":"binance","symbol":"AVAXUSDC","interval":"5m","verdict":"WAIT","score":50,"price":9.31,"msg":"scanner"}
{"level":30,"time":1776708907893,"pid":8940,"hostname":"DESKTOP-KPAMGTB","module":"binance","symbol":"TRXUSDC","interval":"5m","verdict":"WAIT","score":47,"price":0.3284,"msg":"scanner"}
{"level":30,"time":1776708907981,"pid":8940,"hostname":"DESKTOP-KPAMGTB","module":"binance","symbol":"DOTUSDC","interval":"5m","verdict":"WAIT","score":56,"price":1.282,"msg":"scanner"}
{"level":30,"time":1776708908346,"pid":8940,"hostname":"DESKTOP-KPAMGTB","module":"binance","symbol":"LINKUSDC","interval":"5m","verdict":"WAIT","score":59,"price":9.33,"msg":"scanner"}
{"level":30,"time":1776708908632,"pid":8940,"hostname":"DESKTOP-KPAMGTB","module":"binance","symbol":"MATICUSDC","interval":"5m","verdict":"WAIT","score":53,"price":0.3791,"msg":"scanner"}
{"level":30,"time":1776708908781,"pid":8940,"hostname":"DESKTOP-KPAMGTB","module":"binance","symbol":"SHIBUSDC","interval":"5m","verdict":"WAIT","score":59,"price":0.00000606,"msg":"scanner"}
{"level":30,"time":1776708908949,"pid":8940,"hostname":"DESKTOP-KPAMGTB","module":"binance","symbol":"UNIUSDC","interval":"5m","verdict":"WAIT","score":56,"price":3.281,"msg":"scanner"}
{"level":30,"time":1776708908966,"pid":8940,"hostname":"DESKTOP-KPAMGTB","module":"binance","symbol":"LTCUSDC","interval":"5m","verdict":"WAIT","score":50,"price":55.32,"msg":"scanner"}
{"level":30,"time":1776708909144,"pid":8940,"hostname":"DESKTOP-KPAMGTB","module":"binance","symbol":"ATOMUSDC","interval":"5m","verdict":"WAIT","score":63,"price":1.815,"msg":"scanner"}
{"level":30,"time":1776708909369,"pid":8940,"hostname":"DESKTOP-KPAMGTB","module":"binance","symbol":"ETCUSDC","interval":"5m","verdict":"WAIT","score":53,"price":8.48,"msg":"scanner"}
{"level":30,"time":1776708909450,"pid":8940,"hostname":"DESKTOP-KPAMGTB","module":"binance","symbol":"XLMUSDC","interval":"5m","verdict":"WAIT","score":50,"price":0.1731,"msg":"scanner"}
{"level":30,"time":1776708909509,"pid":8940,"hostname":"DESKTOP-KPAMGTB","module":"binance","symbol":"APTUSDC","interval":"5m","verdict":"WAIT","score":63,"price":0.946,"msg":"scanner"}
{"level":30,"time":1776708909626,"pid":8940,"hostname":"DESKTOP-KPAMGTB","module":"binance","symbol":"NEARUSDC","interval":"5m","verdict":"WAIT","score":59,"price":1.366,"msg":"scanner"}
{"level":30,"time":1776708936523,"pid":8940,"hostname":"DESKTOP-KPAMGTB","module":"binance","symbol":"BTCUSDC","interval":"5m","verdict":"WAIT","score":56,"price":76322.37,"msg":"scanner"}
{"level":30,"time":1776708936566,"pid":8940,"hostname":"DESKTOP-KPAMGTB","module":"binance","symbol":"ETHUSDC","interval":"5m","verdict":"WAIT","score":56,"price":2332,"msg":"scanner"}
{"level":30,"time":1776708936809,"pid":8940,"hostname":"DESKTOP-KPAMGTB","module":"binance","symbol":"BNBUSDC","interval":"5m","verdict":"WAIT","score":63,"price":631.71,"msg":"scanner"}
{"level":30,"time":1776708936895,"pid":8940,"hostname":"DESKTOP-KPAMGTB","module":"binance","symbol":"SOLUSDC","interval":"5m","verdict":"WAIT","score":63,"price":86.14,"msg":"scanner"}
{"level":30,"time":1776708967134,"pid":8940,"hostname":"DESKTOP-KPAMGTB","module":"binance","symbol":"XRPUSDC","interval":"5m","verdict":"WAIT","score":56,"price":1.4329,"msg":"scanner"}
{"level":30,"time":1776708967225,"pid":8940,"hostname":"DESKTOP-KPAMGTB","module":"binance","symbol":"DOGEUSDC","interval":"5m","verdict":"WAIT","score":56,"price":0.09543,"msg":"scanner"}
{"level":30,"time":1776708967422,"pid":8940,"hostname":"DESKTOP-KPAMGTB","module":"binance","symbol":"ADAUSDC","interval":"5m","verdict":"WAIT","score":50,"price":0.2493,"msg":"scanner"}
{"level":30,"time":1776708967480,"pid":8940,"hostname":"DESKTOP-KPAMGTB","module":"binance","symbol":"AVAXUSDC","interval":"5m","verdict":"WAIT","score":56,"price":9.32,"msg":"scanner"}
{"level":30,"time":1776708967646,"pid":8940,"hostname":"DESKTOP-KPAMGTB","module":"binance","symbol":"TRXUSDC","interval":"5m","verdict":"WAIT","score":47,"price":0.3284,"msg":"scanner"}
{"level":30,"time":1776708967773,"pid":8940,"hostname":"DESKTOP-KPAMGTB","module":"binance","symbol":"DOTUSDC","interval":"5m","verdict":"WAIT","score":63,"price":1.283,"msg":"scanner"}
{"level":30,"time":1776708967936,"pid":8940,"hostname":"DESKTOP-KPAMGTB","module":"binance","symbol":"LINKUSDC","interval":"5m","verdict":"WAIT","score":59,"price":9.33,"msg":"scanner"}
{"level":30,"time":1776708968086,"pid":8940,"hostname":"DESKTOP-KPAMGTB","module":"binance","symbol":"MATICUSDC","interval":"5m","verdict":"WAIT","score":53,"price":0.3791,"msg":"scanner"}
{"level":30,"time":1776708968487,"pid":8940,"hostname":"DESKTOP-KPAMGTB","module":"binance","symbol":"LTCUSDC","interval":"5m","verdict":"WAIT","score":50,"price":55.32,"msg":"scanner"}
{"level":30,"time":1776708968769,"pid":8940,"hostname":"DESKTOP-KPAMGTB","module":"binance","symbol":"SHIBUSDC","interval":"5m","verdict":"WAIT","score":59,"price":0.00000606,"msg":"scanner"}
{"level":30,"time":1776708968999,"pid":8940,"hostname":"DESKTOP-KPAMGTB","module":"binance","symbol":"UNIUSDC","interval":"5m","verdict":"WAIT","score":56,"price":3.28,"msg":"scanner"}
{"level":30,"time":1776708969088,"pid":8940,"hostname":"DESKTOP-KPAMGTB","module":"binance","symbol":"ATOMUSDC","interval":"5m","verdict":"WAIT","score":63,"price":1.815,"msg":"scanner"}
{"level":30,"time":1776708969260,"pid":8940,"hostname":"DESKTOP-KPAMGTB","module":"binance","symbol":"ETCUSDC","interval":"5m","verdict":"WAIT","score":53,"price":8.48,"msg":"scanner"}
{"level":30,"time":1776708969398,"pid":8940,"hostname":"DESKTOP-KPAMGTB","module":"binance","symbol":"XLMUSDC","interval":"5m","verdict":"WAIT","score":53,"price":0.1732,"msg":"scanner"}
{"level":30,"time":1776708969545,"pid":8940,"hostname":"DESKTOP-KPAMGTB","module":"binance","symbol":"APTUSDC","interval":"5m","verdict":"WAIT","score":63,"price":0.946,"msg":"scanner"}
{"level":30,"time":1776708969620,"pid":8940,"hostname":"DESKTOP-KPAMGTB","module":"binance","symbol":"NEARUSDC","interval":"5m","verdict":"WAIT","score":56,"price":1.365,"msg":"scanner"}
{"level":30,"time":1776708996517,"pid":8940,"hostname":"DESKTOP-KPAMGTB","module":"binance","symbol":"BTCUSDC","interval":"5m","verdict":"BUY","score":66,"price":76355.51,"msg":"scanner"}
{"level":30,"time":1776708996532,"pid":8940,"hostname":"DESKTOP-KPAMGTB","module":"binance","symbol":"BTCUSDC","interval":"1h","verdict":"WAIT","score":63,"price":76355.51,"msg":"scanner"}
{"level":30,"time":1776708996545,"pid":8940,"hostname":"DESKTOP-KPAMGTB","module":"binance","symbol":"ETHUSDC","interval":"5m","verdict":"BUY","score":66,"price":2333.22,"msg":"scanner"}
{"level":30,"time":1776708996634,"pid":8940,"hostname":"DESKTOP-KPAMGTB","module":"binance","symbol":"ETHUSDC","interval":"1h","verdict":"BUY","score":66,"price":2333.22,"msg":"scanner"}
{"level":30,"time":1776708996849,"pid":8940,"hostname":"DESKTOP-KPAMGTB","module":"binance","symbol":"BNBUSDC","interval":"5m","verdict":"WAIT","score":63,"price":631.68,"msg":"scanner"}
{"level":30,"time":1776708996911,"pid":8940,"hostname":"DESKTOP-KPAMGTB","module":"binance","symbol":"BNBUSDC","interval":"1h","verdict":"WAIT","score":63,"price":631.68,"msg":"scanner"}
{"level":30,"time":1776708996983,"pid":8940,"hostname":"DESKTOP-KPAMGTB","module":"binance","symbol":"SOLUSDC","interval":"5m","verdict":"WAIT","score":63,"price":86.13,"msg":"scanner"}
{"level":30,"time":1776708997014,"pid":8940,"hostname":"DESKTOP-KPAMGTB","module":"binance","symbol":"SOLUSDC","interval":"1h","verdict":"WAIT","score":59,"price":86.13,"msg":"scanner"}
{"level":30,"time":1776708997304,"pid":8940,"hostname":"DESKTOP-KPAMGTB","module":"binance","symbol":"XRPUSDC","interval":"1h","verdict":"WAIT","score":59,"price":1.4334,"msg":"scanner"}
{"level":30,"time":1776708997427,"pid":8940,"hostname":"DESKTOP-KPAMGTB","module":"binance","symbol":"DOGEUSDC","interval":"1h","verdict":"WAIT","score":63,"price":0.09545,"msg":"scanner"}
{"level":30,"time":1776708997624,"pid":8940,"hostname":"DESKTOP-KPAMGTB","module":"binance","symbol":"ADAUSDC","interval":"1h","verdict":"WAIT","score":63,"price":0.2492,"msg":"scanner"}
{"level":30,"time":1776708997748,"pid":8940,"hostname":"DESKTOP-KPAMGTB","module":"binance","symbol":"AVAXUSDC","interval":"1h","verdict":"WAIT","score":59,"price":9.32,"msg":"scanner"}
{"level":30,"time":1776708997857,"pid":8940,"hostname":"DESKTOP-KPAMGTB","module":"binance","symbol":"TRXUSDC","interval":"1h","verdict":"WAIT","score":50,"price":0.3285,"msg":"scanner"}
{"level":30,"time":1776708998042,"pid":8940,"hostname":"DESKTOP-KPAMGTB","module":"binance","symbol":"DOTUSDC","interval":"1h","verdict":"WAIT","score":63,"price":1.283,"msg":"scanner"}
{"level":30,"time":1776708998616,"pid":8940,"hostname":"DESKTOP-KPAMGTB","module":"binance","symbol":"LINKUSDC","interval":"1h","verdict":"WAIT","score":63,"price":9.33,"msg":"scanner"}
{"level":30,"time":1776708998643,"pid":8940,"hostname":"DESKTOP-KPAMGTB","module":"binance","symbol":"MATICUSDC","interval":"5m","verdict":"WAIT","score":53,"price":0.3791,"msg":"scanner"}
{"level":30,"time":1776708998678,"pid":8940,"hostname":"DESKTOP-KPAMGTB","module":"binance","symbol":"MATICUSDC","interval":"1h","verdict":"WAIT","score":41,"price":0.3791,"msg":"scanner"}
{"level":30,"time":1776708998771,"pid":8940,"hostname":"DESKTOP-KPAMGTB","module":"binance","symbol":"LTCUSDC","interval":"1h","verdict":"WAIT","score":63,"price":55.32,"msg":"scanner"}
{"level":30,"time":1776708999046,"pid":8940,"hostname":"DESKTOP-KPAMGTB","module":"binance","symbol":"SHIBUSDC","interval":"1h","verdict":"BUY","score":69,"price":0.00000606,"msg":"scanner"}
{"level":30,"time":1776708999110,"pid":8940,"hostname":"DESKTOP-KPAMGTB","module":"binance","symbol":"UNIUSDC","interval":"1h","verdict":"WAIT","score":59,"price":3.28,"msg":"scanner"}
{"level":30,"time":1776708999237,"pid":8940,"hostname":"DESKTOP-KPAMGTB","module":"binance","symbol":"ATOMUSDC","interval":"1h","verdict":"WAIT","score":63,"price":1.815,"msg":"scanner"}
{"level":30,"time":1776708999403,"pid":8940,"hostname":"DESKTOP-KPAMGTB","module":"binance","symbol":"ETCUSDC","interval":"1h","verdict":"WAIT","score":63,"price":8.48,"msg":"scanner"}
{"level":30,"time":1776708999511,"pid":8940,"hostname":"DESKTOP-KPAMGTB","module":"binance","symbol":"XLMUSDC","interval":"1h","verdict":"WAIT","score":59,"price":0.1736,"msg":"scanner"}
{"level":30,"time":1776708999609,"pid":8940,"hostname":"DESKTOP-KPAMGTB","module":"binance","symbol":"APTUSDC","interval":"1h","verdict":"WAIT","score":59,"price":0.946,"msg":"scanner"}
{"level":30,"time":1776708999761,"pid":8940,"hostname":"DESKTOP-KPAMGTB","module":"binance","symbol":"NEARUSDC","interval":"1h","verdict":"WAIT","score":56,"price":1.366,"msg":"scanner"}
{"level":30,"time":1776709018284,"pid":8940,"hostname":"DESKTOP-KPAMGTB","module":"binance","assets":23,"mode":"paper","msg":"balance"}
{"level":30,"time":1776709018536,"pid":8940,"hostname":"DESKTOP-KPAMGTB","module":"binance","assets":23,"mode":"paper","msg":"balance"}
{"level":30,"time":1776709021504,"pid":8940,"hostname":"DESKTOP-KPAMGTB","module":"binance","assets":4,"mode":"real","msg":"balance"}
{"level":30,"time":1776709021516,"pid":8940,"hostname":"DESKTOP-KPAMGTB","module":"binance","assets":4,"mode":"real","msg":"balance"}
{"level":30,"time":1776709024768,"pid":8940,"hostname":"DESKTOP-KPAMGTB","module":"binance","assets":23,"mode":"paper","msg":"balance"}
{"level":30,"time":1776709025057,"pid":8940,"hostname":"DESKTOP-KPAMGTB","module":"binance","assets":23,"mode":"paper","msg":"balance"}
{"level":30,"time":1776709376975,"pid":8940,"hostname":"DESKTOP-KPAMGTB","module":"binance","assets":23,"mode":"paper","msg":"balance"}
{"level":30,"time":1776709377155,"pid":8940,"hostname":"DESKTOP-KPAMGTB","module":"binance","assets":23,"mode":"paper","msg":"balance"}
{"level":30,"time":1776710092730,"pid":8940,"hostname":"DESKTOP-KPAMGTB","module":"binance","assets":23,"mode":"paper","msg":"balance"}
{"level":30,"time":1776711602040,"pid":8940,"hostname":"DESKTOP-KPAMGTB","module":"telegram","msg":"informe horari enviat"}
{"level":30,"time":1776712464479,"pid":8940,"hostname":"DESKTOP-KPAMGTB","module":"binance","assets":23,"mode":"paper","msg":"balance"}
{"level":40,"time":1776712631372,"pid":8940,"hostname":"DESKTOP-KPAMGTB","module":"order-monitor","msg":"checkFills overlapped — cycle skipped"}
{"level":40,"time":1776712631840,"pid":8940,"hostname":"DESKTOP-KPAMGTB","module":"orders","path":"/account","attempt":0,"msg":"clock drift (-1021): resyncing i reintentant"}
{"level":30,"time":1776713673595,"pid":8940,"hostname":"DESKTOP-KPAMGTB","module":"orders","symbol":"SOLUSDC","side":"SELL","fillPrice":85.91,"quantity":"5","commissionInBase":0.005529,"tpPrice":"87.36","slStopPrice":"85.59","buyOrderId":326636502,"ocoOrderListId":2474918,"msg":"compra de mercat + OCO"}
{"level":30,"time":1776713679727,"pid":8940,"hostname":"DESKTOP-KPAMGTB","module":"orders","symbol":"BTCUSDC","side":"SELL","fillPrice":76233.08,"quantity":"0.00654000","commissionInBase":0.00000622,"tpPrice":"77335.24000000","slStopPrice":"75982.26000000","buyOrderId":1309597130,"ocoOrderListId":2474920,"msg":"compra de mercat + OCO"}
{"level":30,"time":1776713702586,"pid":8940,"hostname":"DESKTOP-KPAMGTB","module":"binance","assets":23,"mode":"paper","msg":"balance"}
{"level":30,"time":1776713702599,"pid":8940,"hostname":"DESKTOP-KPAMGTB","module":"binance","assets":23,"mode":"paper","msg":"balance"}
{"level":30,"time":1776713829734,"pid":8940,"hostname":"DESKTOP-KPAMGTB","module":"orders","symbol":"SOLUSDC","side":"SELL","fillPrice":85.97,"quantity":"5","commissionInBase":0.00552425,"tpPrice":"87.36","slStopPrice":"85.59","buyOrderId":326639299,"ocoOrderListId":2474935,"msg":"compra de mercat + OCO"}
{"level":30,"time":1776713843505,"pid":8940,"hostname":"DESKTOP-KPAMGTB","module":"binance","assets":23,"mode":"paper","msg":"balance"}
{"level":30,"time":1776713845614,"pid":8940,"hostname":"DESKTOP-KPAMGTB","module":"binance","assets":23,"mode":"paper","msg":"balance"}
{"level":30,"time":1776714058574,"pid":8940,"hostname":"DESKTOP-KPAMGTB","module":"binance","assets":23,"mode":"paper","msg":"balance"}
{"level":30,"time":1776714059187,"pid":8940,"hostname":"DESKTOP-KPAMGTB","module":"binance","assets":23,"mode":"paper","msg":"balance"}
{"level":30,"time":1776714073225,"pid":8940,"hostname":"DESKTOP-KPAMGTB","module":"binance","count":50,"mode":"paper","msg":"order history"}
{"level":30,"time":1776714073609,"pid":8940,"hostname":"DESKTOP-KPAMGTB","module":"binance","count":87,"msg":"trades"}
{"level":30,"time":1776714073908,"pid":8940,"hostname":"DESKTOP-KPAMGTB","module":"binance","count":87,"msg":"trades"}
{"level":30,"time":1776714082861,"pid":8940,"hostname":"DESKTOP-KPAMGTB","module":"binance","assets":4,"mode":"real","msg":"balance"}
{"level":30,"time":1776714083160,"pid":8940,"hostname":"DESKTOP-KPAMGTB","module":"binance","assets":4,"mode":"real","msg":"balance"}
{"level":30,"time":1776714113761,"pid":8940,"hostname":"DESKTOP-KPAMGTB","module":"binance","assets":23,"mode":"paper","msg":"balance"}
{"level":30,"time":1776714114158,"pid":8940,"hostname":"DESKTOP-KPAMGTB","module":"binance","assets":23,"mode":"paper","msg":"balance"}
{"level":30,"time":1776714150776,"pid":8940,"hostname":"DESKTOP-KPAMGTB","module":"binance","assets":23,"mode":"paper","msg":"balance"}
{"level":30,"time":1776714151325,"pid":8940,"hostname":"DESKTOP-KPAMGTB","module":"binance","assets":23,"mode":"paper","msg":"balance"}
{"level":30,"time":1776714161686,"pid":8940,"hostname":"DESKTOP-KPAMGTB","module":"binance","assets":23,"mode":"paper","msg":"balance"}
{"level":30,"time":1776714194264,"pid":8940,"hostname":"DESKTOP-KPAMGTB","module":"binance","assets":4,"mode":"real","msg":"balance"}
{"level":30,"time":1776714194314,"pid":8940,"hostname":"DESKTOP-KPAMGTB","module":"binance","assets":4,"mode":"real","msg":"balance"}
{"level":30,"time":1776714203893,"pid":8940,"hostname":"DESKTOP-KPAMGTB","module":"binance","assets":23,"mode":"paper","msg":"balance"}
{"level":30,"time":1776714204726,"pid":8940,"hostname":"DESKTOP-KPAMGTB","module":"binance","assets":23,"mode":"paper","msg":"balance"}
{"level":30,"time":1776714249608,"pid":8940,"hostname":"DESKTOP-KPAMGTB","module":"binance","assets":23,"mode":"paper","msg":"balance"}
{"level":30,"time":1776714346477,"pid":8940,"hostname":"DESKTOP-KPAMGTB","module":"binance","assets":23,"mode":"paper","msg":"balance"}
{"level":30,"time":1776714347495,"pid":8940,"hostname":"DESKTOP-KPAMGTB","module":"binance","assets":23,"mode":"paper","msg":"balance"}
{"level":30,"time":1776714350826,"pid":8940,"hostname":"DESKTOP-KPAMGTB","module":"binance","assets":23,"mode":"paper","msg":"balance"}
{"level":50,"time":1776714356624,"pid":8940,"hostname":"DESKTOP-KPAMGTB","module":"api","source":"convert/GET","code":"AUTH","err":"Binance /convert/tradeFlow 400: {\"code\":-2008,\"msg\":\"Invalid Api-Key ID.\"}","msg":"error de ruta"}
{"level":50,"time":1776714356942,"pid":8940,"hostname":"DESKTOP-KPAMGTB","module":"api","source":"convert/GET","code":"AUTH","err":"Binance /convert/tradeFlow 400: {\"code\":-2008,\"msg\":\"Invalid Api-Key ID.\"}","msg":"error de ruta"}
{"level":30,"time":1776714357663,"pid":8940,"hostname":"DESKTOP-KPAMGTB","module":"binance","assets":23,"mode":"paper","msg":"balance"}
{"level":30,"time":1776714357932,"pid":8940,"hostname":"DESKTOP-KPAMGTB","module":"binance","assets":23,"mode":"paper","msg":"balance"}
{"level":30,"time":1776714388142,"pid":8940,"hostname":"DESKTOP-KPAMGTB","module":"binance","assets":23,"mode":"paper","msg":"balance"}
{"level":30,"time":1776714388713,"pid":8940,"hostname":"DESKTOP-KPAMGTB","module":"binance","assets":23,"mode":"paper","msg":"balance"}
{"level":30,"time":1776714404133,"pid":8940,"hostname":"DESKTOP-KPAMGTB","module":"binance","assets":23,"mode":"paper","msg":"balance"}
{"level":30,"time":1776714407839,"pid":8940,"hostname":"DESKTOP-KPAMGTB","module":"binance","assets":23,"mode":"paper","msg":"balance"}
{"level":30,"time":1776714408193,"pid":8940,"hostname":"DESKTOP-KPAMGTB","module":"binance","assets":23,"mode":"paper","msg":"balance"}
{"level":50,"time":1776714408214,"pid":8940,"hostname":"DESKTOP-KPAMGTB","module":"api","source":"convert/GET","code":"AUTH","err":"Binance /convert/tradeFlow 400: {\"code\":-2008,\"msg\":\"Invalid Api-Key ID.\"}","msg":"error de ruta"}
{"level":50,"time":1776714408531,"pid":8940,"hostname":"DESKTOP-KPAMGTB","module":"api","source":"convert/GET","code":"AUTH","err":"Binance /convert/tradeFlow 400: {\"code\":-2008,\"msg\":\"Invalid Api-Key ID.\"}","msg":"error de ruta"}
{"level":30,"time":1776715201871,"pid":8940,"hostname":"DESKTOP-KPAMGTB","module":"telegram","msg":"informe horari enviat"}
{"level":30,"time":1776718050572,"pid":8940,"hostname":"DESKTOP-KPAMGTB","module":"binance","assets":23,"mode":"paper","msg":"balance"}
{"level":30,"time":1776718051694,"pid":8940,"hostname":"DESKTOP-KPAMGTB","module":"binance","assets":23,"mode":"paper","msg":"balance"}
{"level":30,"time":1776718061708,"pid":8940,"hostname":"DESKTOP-KPAMGTB","module":"binance","assets":23,"mode":"paper","msg":"balance"}
{"level":30,"time":1776718698142,"pid":8940,"hostname":"DESKTOP-KPAMGTB","module":"binance","assets":23,"mode":"paper","msg":"balance"}
{"level":30,"time":1776718698232,"pid":8940,"hostname":"DESKTOP-KPAMGTB","module":"binance","assets":23,"mode":"paper","msg":"balance"}
{"level":30,"time":1776718712015,"pid":8940,"hostname":"DESKTOP-KPAMGTB","module":"orders","symbol":"SOLUSDC","qty":"1.624","fillPrice":86.00999999999999,"orderId":326728037,"msg":"market sell → USDC"}
{"level":30,"time":1776718713896,"pid":8940,"hostname":"DESKTOP-KPAMGTB","module":"binance","assets":23,"mode":"paper","msg":"balance"}
{"level":50,"time":1776718738562,"pid":8940,"hostname":"DESKTOP-KPAMGTB","module":"api","source":"orders/sell-to-usdt","code":"INTERNAL","err":"Quantitat insuficient per vendre (0.000 SOL, mínim 0.00100000)","msg":"error de ruta"}
{"level":30,"time":1776718754152,"pid":8940,"hostname":"DESKTOP-KPAMGTB","module":"orders","symbol":"SOLUSDC","orderListId":2474935,"msg":"OCO cancel·lada"}
{"level":30,"time":1776718754416,"pid":8940,"hostname":"DESKTOP-KPAMGTB","module":"orders","symbol":"SOLUSDC","execQty":5,"execValue":429.95,"msg":"market sell after cancel OK"}
{"level":30,"time":1776718758484,"pid":8940,"hostname":"DESKTOP-KPAMGTB","module":"order-monitor","mode":"paper","symbol":"SOLUSDC","orderId":326639301,"orderListId":2474935,"msg":"OCO cancel·lada manualment — journalitzant CANCELED"}
{"level":30,"time":1776718761269,"pid":8940,"hostname":"DESKTOP-KPAMGTB","module":"orders","symbol":"SOLUSDC","orderListId":2474918,"msg":"OCO cancel·lada"}
{"level":30,"time":1776718761528,"pid":8940,"hostname":"DESKTOP-KPAMGTB","module":"orders","symbol":"SOLUSDC","execQty":5,"execValue":430,"msg":"market sell after cancel OK"}
{"level":30,"time":1776718784150,"pid":8940,"hostname":"DESKTOP-KPAMGTB","module":"trailing-engine","symbol":"SOLUSDC","orderListId":2474918,"msg":"eliminant trailing pendent — OCO ja no existeix a Binance"}
{"level":30,"time":1776718784152,"pid":8940,"hostname":"DESKTOP-KPAMGTB","module":"trailing-engine","symbol":"SOLUSDC","orderListId":2474935,"msg":"eliminant trailing pendent — OCO ja no existeix a Binance"}
{"level":30,"time":1776718784718,"pid":8940,"hostname":"DESKTOP-KPAMGTB","module":"orders","symbol":"SOLUSDC","side":"SELL","fillPrice":86.02000000000001,"quantity":"11.03200000","commissionInBase":0.01049085,"tpPrice":"87.36","slStopPrice":"85.69","buyOrderId":326729315,"ocoOrderListId":2475515,"msg":"compra de mercat + OCO"}
{"level":30,"time":1776718793495,"pid":8940,"hostname":"DESKTOP-KPAMGTB","module":"order-monitor","mode":"paper","symbol":"SOLUSDC","orderId":326636504,"orderListId":2474918,"msg":"OCO cancel·lada manualment — journalitzant CANCELED"}
{"level":30,"time":1776718802585,"pid":8940,"hostname":"DESKTOP-KPAMGTB","module":"telegram","msg":"informe horari enviat"}
{"level":30,"time":1776718803995,"pid":8940,"hostname":"DESKTOP-KPAMGTB","module":"binance","assets":23,"mode":"paper","msg":"balance"}
{"level":30,"time":1776718804003,"pid":8940,"hostname":"DESKTOP-KPAMGTB","module":"binance","assets":23,"mode":"paper","msg":"balance"}
{"level":30,"time":1776718831713,"pid":8940,"hostname":"DESKTOP-KPAMGTB","module":"binance","assets":23,"mode":"paper","msg":"balance"}
{"level":30,"time":1776718856439,"pid":8940,"hostname":"DESKTOP-KPAMGTB","module":"binance","count":87,"msg":"trades"}
{"level":30,"time":1776718856489,"pid":8940,"hostname":"DESKTOP-KPAMGTB","module":"binance","count":50,"mode":"paper","msg":"order history"}
{"level":30,"time":1776718856737,"pid":8940,"hostname":"DESKTOP-KPAMGTB","module":"binance","count":87,"msg":"trades"}
{"level":30,"time":1776718890074,"pid":8940,"hostname":"DESKTOP-KPAMGTB","module":"orders","symbol":"SOLUSDC","side":"SELL","fillPrice":86.06,"quantity":"11.02700000","commissionInBase":0.0104861,"tpPrice":"87.36","slStopPrice":"85.74","buyOrderId":326731265,"ocoOrderListId":2475527,"msg":"compra de mercat + OCO"}
{"level":30,"time":1776718894634,"pid":8940,"hostname":"DESKTOP-KPAMGTB","module":"binance","assets":23,"mode":"paper","msg":"balance"}
{"level":30,"time":1776718894648,"pid":8940,"hostname":"DESKTOP-KPAMGTB","module":"binance","assets":23,"mode":"paper","msg":"balance"}
{"level":30,"time":1776718908914,"pid":8940,"hostname":"DESKTOP-KPAMGTB","module":"binance","assets":4,"mode":"real","msg":"balance"}
{"level":30,"time":1776718908923,"pid":8940,"hostname":"DESKTOP-KPAMGTB","module":"binance","assets":4,"mode":"real","msg":"balance"}
{"level":30,"time":1776718967169,"pid":8940,"hostname":"DESKTOP-KPAMGTB","module":"binance","assets":4,"mode":"real","msg":"balance"}
{"level":30,"time":1776718968085,"pid":8940,"hostname":"DESKTOP-KPAMGTB","module":"binance","assets":4,"mode":"real","msg":"balance"}
{"level":30,"time":1776718968379,"pid":8940,"hostname":"DESKTOP-KPAMGTB","module":"binance","assets":4,"mode":"real","msg":"balance"}
{"level":30,"time":1776718979661,"pid":8940,"hostname":"DESKTOP-KPAMGTB","module":"binance","assets":4,"mode":"real","msg":"balance"}
{"level":30,"time":1776718979945,"pid":8940,"hostname":"DESKTOP-KPAMGTB","module":"binance","assets":4,"mode":"real","msg":"balance"}
{"level":30,"time":1776719493931,"pid":8940,"hostname":"DESKTOP-KPAMGTB","module":"trailing-engine","symbol":"SOLUSDC","orderListId":2475527,"msg":"eliminant trailing pendent — OCO ja no existeix a Binance"}
{"level":30,"time":1776719493937,"pid":8940,"hostname":"DESKTOP-KPAMGTB","module":"orders","mode":"paper","symbol":"SOLUSDC","side":"SELL","type":"STOP_LOSS_LIMIT","execPrice":85.65,"execValue":945.44992,"orderId":326731289,"msg":"ordre executada (fill)"}
{"level":30,"time":1776719520474,"pid":8940,"hostname":"DESKTOP-KPAMGTB","module":"trailing-engine","symbol":"BTCUSDC","orderListId":2474920,"msg":"eliminant trailing pendent — OCO ja no existeix a Binance"}
{"level":30,"time":1776719541553,"pid":8940,"hostname":"DESKTOP-KPAMGTB","module":"orders","mode":"paper","symbol":"BTCUSDC","side":"SELL","type":"STOP_LOSS_LIMIT","execPrice":75906.27,"execValue":496.9129278,"orderId":1309597249,"msg":"ordre executada (fill)"}
{"level":50,"time":1776719598403,"pid":8940,"hostname":"DESKTOP-KPAMGTB","module":"api","source":"orders","code":"NETWORK","err":"fetch failed","msg":"error de ruta"}
{"level":40,"time":1776719603134,"pid":8940,"hostname":"DESKTOP-KPAMGTB","module":"telegram","err":"fetch failed","msg":"error en prendre snapshot"}
{"level":50,"time":1776719624371,"pid":8940,"hostname":"DESKTOP-KPAMGTB","module":"api","source":"orders","code":"NETWORK","err":"fetch failed","msg":"error de ruta"}
{"level":50,"time":1776719668765,"pid":8940,"hostname":"DESKTOP-KPAMGTB","module":"api","source":"orders","code":"NETWORK","err":"fetch failed","msg":"error de ruta"}
{"level":50,"time":1776719686508,"pid":8940,"hostname":"DESKTOP-KPAMGTB","module":"api","source":"orders","code":"NETWORK","err":"fetch failed","msg":"error de ruta"}
{"level":50,"time":1776719721928,"pid":8940,"hostname":"DESKTOP-KPAMGTB","module":"api","source":"orders","code":"NETWORK","err":"fetch failed","msg":"error de ruta"}
{"level":50,"time":1776719733809,"pid":8940,"hostname":"DESKTOP-KPAMGTB","module":"trailing-engine","symbol":"SOLUSDC","count":1,"max":3,"err":"fetch failed","msg":"error al cicle"}
{"level":50,"time":1776719736689,"pid":8940,"hostname":"DESKTOP-KPAMGTB","module":"api","source":"orders","code":"NETWORK","err":"fetch failed","msg":"error de ruta"}
{"level":50,"time":1776719793674,"pid":8940,"hostname":"DESKTOP-KPAMGTB","module":"api","source":"orders","code":"NETWORK","err":"fetch failed","msg":"error de ruta"}
{"level":50,"time":1776719968373,"pid":8940,"hostname":"DESKTOP-KPAMGTB","module":"api","source":"orders","code":"NETWORK","err":"fetch failed","msg":"error de ruta"}
{"level":50,"time":1776719991758,"pid":8940,"hostname":"DESKTOP-KPAMGTB","module":"trailing-engine","symbol":"SOLUSDC","count":1,"max":3,"err":"fetch failed","msg":"error al cicle"}
{"level":50,"time":1776720027235,"pid":8940,"hostname":"DESKTOP-KPAMGTB","module":"api","source":"orders","code":"NETWORK","err":"fetch failed","msg":"error de ruta"}
{"level":50,"time":1776720027249,"pid":8940,"hostname":"DESKTOP-KPAMGTB","module":"api","source":"orders","code":"NETWORK","err":"fetch failed","msg":"error de ruta"}
{"level":50,"time":1776720088669,"pid":8940,"hostname":"DESKTOP-KPAMGTB","module":"api","source":"orders","code":"NETWORK","err":"fetch failed","msg":"error de ruta"}
{"level":50,"time":1776720107021,"pid":8940,"hostname":"DESKTOP-KPAMGTB","module":"api","source":"orders","code":"NETWORK","err":"fetch failed","msg":"error de ruta"}
{"level":50,"time":1776720156500,"pid":8940,"hostname":"DESKTOP-KPAMGTB","module":"api","source":"orders","code":"NETWORK","err":"fetch failed","msg":"error de ruta"}
{"level":50,"time":1776720162458,"pid":8940,"hostname":"DESKTOP-KPAMGTB","module":"trailing-engine","symbol":"SOLUSDC","count":1,"max":3,"err":"fetch failed","msg":"error al cicle"}
{"level":50,"time":1776720168349,"pid":8940,"hostname":"DESKTOP-KPAMGTB","module":"api","source":"orders","code":"NETWORK","err":"fetch failed","msg":"error de ruta"}
{"level":50,"time":1776720168357,"pid":8940,"hostname":"DESKTOP-KPAMGTB","module":"api","source":"orders","code":"NETWORK","err":"fetch failed","msg":"error de ruta"}
{"level":50,"time":1776720173685,"pid":8940,"hostname":"DESKTOP-KPAMGTB","module":"api","source":"orders","code":"NETWORK","err":"fetch failed","msg":"error de ruta"}
{"level":50,"time":1776720184157,"pid":8940,"hostname":"DESKTOP-KPAMGTB","module":"api","source":"orders","code":"NETWORK","err":"fetch failed","msg":"error de ruta"}
{"level":50,"time":1776720184168,"pid":8940,"hostname":"DESKTOP-KPAMGTB","module":"api","source":"orders","code":"NETWORK","err":"fetch failed","msg":"error de ruta"}
{"level":50,"time":1776720246047,"pid":8940,"hostname":"DESKTOP-KPAMGTB","module":"api","source":"orders","code":"NETWORK","err":"fetch failed","msg":"error de ruta"}
{"level":50,"time":1776720366240,"pid":8940,"hostname":"DESKTOP-KPAMGTB","module":"api","source":"orders","code":"NETWORK","err":"fetch failed","msg":"error de ruta"}
{"level":50,"time":1776720407190,"pid":8940,"hostname":"DESKTOP-KPAMGTB","module":"api","source":"orders","code":"NETWORK","err":"fetch failed","msg":"error de ruta"}
{"level":50,"time":1776720425721,"pid":8940,"hostname":"DESKTOP-KPAMGTB","module":"api","source":"orders","code":"NETWORK","err":"fetch failed","msg":"error de ruta"}
{"level":50,"time":1776720438816,"pid":8940,"hostname":"DESKTOP-KPAMGTB","module":"api","source":"orders","code":"NETWORK","err":"fetch failed","msg":"error de ruta"}
{"level":50,"time":1776720438824,"pid":8940,"hostname":"DESKTOP-KPAMGTB","module":"api","source":"orders","code":"NETWORK","err":"fetch failed","msg":"error de ruta"}
{"level":50,"time":1776720454620,"pid":8940,"hostname":"DESKTOP-KPAMGTB","module":"api","source":"orders","code":"NETWORK","err":"fetch failed","msg":"error de ruta"}
{"level":50,"time":1776720459982,"pid":8940,"hostname":"DESKTOP-KPAMGTB","module":"api","source":"orders","code":"NETWORK","err":"fetch failed","msg":"error de ruta"}
{"level":50,"time":1776720471849,"pid":8940,"hostname":"DESKTOP-KPAMGTB","module":"api","source":"orders","code":"NETWORK","err":"fetch failed","msg":"error de ruta"}
{"level":50,"time":1776720482712,"pid":8940,"hostname":"DESKTOP-KPAMGTB","module":"api","source":"orders","code":"NETWORK","err":"fetch failed","msg":"error de ruta"}
{"level":50,"time":1776720497271,"pid":8940,"hostname":"DESKTOP-KPAMGTB","module":"api","source":"orders","code":"NETWORK","err":"fetch failed","msg":"error de ruta"}
{"level":50,"time":1776720512956,"pid":8940,"hostname":"DESKTOP-KPAMGTB","module":"api","source":"orders","code":"NETWORK","err":"fetch failed","msg":"error de ruta"}
{"level":50,"time":1776720534151,"pid":8940,"hostname":"DESKTOP-KPAMGTB","module":"api","source":"orders","code":"NETWORK","err":"fetch failed","msg":"error de ruta"}
{"level":50,"time":1776720549906,"pid":8940,"hostname":"DESKTOP-KPAMGTB","module":"trailing-engine","symbol":"SOLUSDC","count":1,"max":3,"err":"fetch failed","msg":"error al cicle"}
{"level":50,"time":1776720582267,"pid":8940,"hostname":"DESKTOP-KPAMGTB","module":"api","source":"orders","code":"NETWORK","err":"fetch failed","msg":"error de ruta"}
{"level":50,"time":1776720597398,"pid":8940,"hostname":"DESKTOP-KPAMGTB","module":"api","source":"orders","code":"NETWORK","err":"fetch failed","msg":"error de ruta"}
{"level":50,"time":1776720597404,"pid":8940,"hostname":"DESKTOP-KPAMGTB","module":"api","source":"orders","code":"NETWORK","err":"fetch failed","msg":"error de ruta"}
{"level":50,"time":1776720608817,"pid":8940,"hostname":"DESKTOP-KPAMGTB","module":"api","source":"orders","code":"NETWORK","err":"fetch failed","msg":"error de ruta"}
{"level":50,"time":1776720630985,"pid":8940,"hostname":"DESKTOP-KPAMGTB","module":"api","source":"orders","code":"NETWORK","err":"fetch failed","msg":"error de ruta"}
{"level":50,"time":1776720644002,"pid":8940,"hostname":"DESKTOP-KPAMGTB","module":"api","source":"orders","code":"NETWORK","err":"fetch failed","msg":"error de ruta"}
{"level":40,"time":1776720687020,"pid":8940,"hostname":"DESKTOP-KPAMGTB","module":"auto-trader","mode":"paper","err":"fetch failed","msg":"checkOrphanPositions: error obtenint dades"}
{"level":30,"time":1776720692907,"pid":8940,"hostname":"DESKTOP-KPAMGTB","module":"trailing-engine","symbol":"SOLUSDC","orderListId":2475515,"msg":"eliminant trailing pendent — OCO ja no existeix a Binance"}
{"level":50,"time":1776720692992,"pid":8940,"hostname":"DESKTOP-KPAMGTB","module":"api","source":"orders","code":"NETWORK","err":"fetch failed","msg":"error de ruta"}
{"level":50,"time":1776720716044,"pid":8940,"hostname":"DESKTOP-KPAMGTB","module":"api","source":"orders","code":"NETWORK","err":"fetch failed","msg":"error de ruta"}
{"level":40,"time":1776720749763,"pid":8940,"hostname":"DESKTOP-KPAMGTB","module":"auto-trader","mode":"paper","err":"fetch failed","msg":"checkOrphanPositions: error obtenint dades"}
{"level":50,"time":1776720793968,"pid":8940,"hostname":"DESKTOP-KPAMGTB","module":"api","source":"orders","code":"NETWORK","err":"fetch failed","msg":"error de ruta"}
{"level":50,"time":1776720798899,"pid":8940,"hostname":"DESKTOP-KPAMGTB","module":"api","source":"orders","code":"NETWORK","err":"fetch failed","msg":"error de ruta"}
{"level":50,"time":1776720808895,"pid":8940,"hostname":"DESKTOP-KPAMGTB","module":"api","source":"orders","code":"NETWORK","err":"fetch failed","msg":"error de ruta"}
{"level":30,"time":1776720810041,"pid":8940,"hostname":"DESKTOP-KPAMGTB","module":"orders","mode":"paper","symbol":"SOLUSDC","side":"SELL","type":"STOP_LOSS_LIMIT","execPrice":85.6,"execValue":945.33208,"orderId":326729316,"msg":"ordre executada (fill)"}
{"level":50,"time":1776721625326,"pid":8940,"hostname":"DESKTOP-KPAMGTB","module":"api","source":"orders","code":"NETWORK","err":"fetch failed","msg":"error de ruta"}
{"level":30,"time":1776722414654,"pid":8940,"hostname":"DESKTOP-KPAMGTB","module":"telegram","msg":"informe horari enviat"}
{"level":30,"time":1776723589909,"pid":8940,"hostname":"DESKTOP-KPAMGTB","module":"binance","assets":23,"mode":"paper","msg":"balance"}
{"level":30,"time":1776723590079,"pid":8940,"hostname":"DESKTOP-KPAMGTB","module":"binance","assets":23,"mode":"paper","msg":"balance"}
{"level":30,"time":1776723598588,"pid":8940,"hostname":"DESKTOP-KPAMGTB","module":"binance","symbol":"BTCUSDT","interval":"1h","verdict":"WAIT","score":56,"price":75936.82,"msg":"scanner"}
{"level":30,"time":1776723598602,"pid":8940,"hostname":"DESKTOP-KPAMGTB","module":"binance","symbol":"ETHUSDT","interval":"1h","verdict":"WAIT","score":63,"price":2318.01,"msg":"scanner"}
{"level":30,"time":1776723598615,"pid":8940,"hostname":"DESKTOP-KPAMGTB","module":"binance","symbol":"SOLUSDT","interval":"1h","verdict":"WAIT","score":59,"price":85.72,"msg":"scanner"}
{"level":30,"time":1776723598727,"pid":8940,"hostname":"DESKTOP-KPAMGTB","module":"binance","symbol":"BNBUSDT","interval":"1h","verdict":"WAIT","score":53,"price":629.76,"msg":"scanner"}
{"level":30,"time":1776723599235,"pid":8940,"hostname":"DESKTOP-KPAMGTB","module":"binance","symbol":"ETHUSDT","interval":"1h","verdict":"WAIT","score":63,"price":2318.01,"msg":"scanner"}
{"level":30,"time":1776723599722,"pid":8940,"hostname":"DESKTOP-KPAMGTB","module":"binance","symbol":"BTCUSDT","interval":"4h","verdict":"BUY","score":69,"price":75932.26,"msg":"scanner"}
{"level":30,"time":1776723599731,"pid":8940,"hostname":"DESKTOP-KPAMGTB","module":"binance","symbol":"XRPUSDT","interval":"1h","verdict":"WAIT","score":59,"price":1.4283,"msg":"scanner"}
{"level":30,"time":1776723599739,"pid":8940,"hostname":"DESKTOP-KPAMGTB","module":"binance","symbol":"BTCUSDT","interval":"5m","verdict":"WAIT","score":47,"price":75932.26,"msg":"scanner"}
{"level":30,"time":1776723605187,"pid":8940,"hostname":"DESKTOP-KPAMGTB","module":"binance","assets":23,"mode":"paper","msg":"balance"}
{"level":30,"time":1776723605522,"pid":8940,"hostname":"DESKTOP-KPAMGTB","module":"binance","assets":23,"mode":"paper","msg":"balance"}
{"level":30,"time":1776723976507,"pid":8940,"hostname":"DESKTOP-KPAMGTB","module":"binance","assets":23,"mode":"paper","msg":"balance"}
{"level":30,"time":1776723976948,"pid":8940,"hostname":"DESKTOP-KPAMGTB","module":"binance","assets":23,"mode":"paper","msg":"balance"}
{"level":30,"time":1776723988624,"pid":8940,"hostname":"DESKTOP-KPAMGTB","module":"binance","assets":23,"mode":"paper","msg":"balance"}
{"level":30,"time":1776723994669,"pid":8940,"hostname":"DESKTOP-KPAMGTB","module":"binance","assets":23,"mode":"paper","msg":"balance"}
{"level":30,"time":1776723994928,"pid":8940,"hostname":"DESKTOP-KPAMGTB","module":"binance","assets":23,"mode":"paper","msg":"balance"}
{"level":50,"time":1776723995060,"pid":8940,"hostname":"DESKTOP-KPAMGTB","module":"api","source":"convert/GET","code":"AUTH","err":"Binance /convert/tradeFlow 400: {\"code\":-2008,\"msg\":\"Invalid Api-Key ID.\"}","msg":"error de ruta"}
{"level":50,"time":1776723995336,"pid":8940,"hostname":"DESKTOP-KPAMGTB","module":"api","source":"convert/GET","code":"AUTH","err":"Binance /convert/tradeFlow 400: {\"code\":-2008,\"msg\":\"Invalid Api-Key ID.\"}","msg":"error de ruta"}
{"level":30,"time":1776724042909,"pid":8940,"hostname":"DESKTOP-KPAMGTB","module":"binance","assets":4,"mode":"real","msg":"balance"}
{"level":30,"time":1776724043018,"pid":8940,"hostname":"DESKTOP-KPAMGTB","module":"binance","assets":4,"mode":"real","msg":"balance"}
{"level":30,"time":1776724056960,"pid":8940,"hostname":"DESKTOP-KPAMGTB","module":"binance","symbol":"BTCUSDC","interval":"5m","verdict":"WAIT","score":44,"price":75964.16,"msg":"scanner"}
{"level":30,"time":1776724056979,"pid":8940,"hostname":"DESKTOP-KPAMGTB","module":"binance","symbol":"BTCUSDC","interval":"4h","verdict":"BUY","score":69,"price":75964.16,"msg":"scanner"}
{"level":30,"time":1776724057018,"pid":8940,"hostname":"DESKTOP-KPAMGTB","module":"binance","symbol":"ETHUSDC","interval":"5m","verdict":"WAIT","score":44,"price":2320.2,"msg":"scanner"}
{"level":30,"time":1776724057080,"pid":8940,"hostname":"DESKTOP-KPAMGTB","module":"binance","symbol":"BTCUSDC","interval":"1h","verdict":"WAIT","score":56,"price":75964.16,"msg":"scanner"}
{"level":30,"time":1776724057398,"pid":8940,"hostname":"DESKTOP-KPAMGTB","module":"binance","symbol":"ETHUSDC","interval":"1h","verdict":"WAIT","score":63,"price":2320.2,"msg":"scanner"}
{"level":30,"time":1776724057419,"pid":8940,"hostname":"DESKTOP-KPAMGTB","module":"binance","symbol":"ETHUSDC","interval":"4h","verdict":"WAIT","score":50,"price":2320.2,"msg":"scanner"}
{"level":30,"time":1776724057515,"pid":8940,"hostname":"DESKTOP-KPAMGTB","module":"binance","symbol":"BNBUSDC","interval":"5m","verdict":"WAIT","score":41,"price":629.99,"msg":"scanner"}
{"level":30,"time":1776724057552,"pid":8940,"hostname":"DESKTOP-KPAMGTB","module":"binance","symbol":"BNBUSDC","interval":"1h","verdict":"WAIT","score":53,"price":629.99,"msg":"scanner"}
{"level":30,"time":1776724057844,"pid":8940,"hostname":"DESKTOP-KPAMGTB","module":"binance","symbol":"BNBUSDC","interval":"4h","verdict":"BUY","score":69,"price":629.99,"msg":"scanner"}
{"level":30,"time":1776724057886,"pid":8940,"hostname":"DESKTOP-KPAMGTB","module":"binance","symbol":"SOLUSDC","interval":"5m","verdict":"WAIT","score":38,"price":85.77,"msg":"scanner"}
{"level":30,"time":1776724057989,"pid":8940,"hostname":"DESKTOP-KPAMGTB","module":"binance","symbol":"SOLUSDC","interval":"1h","verdict":"WAIT","score":59,"price":85.77,"msg":"scanner"}
{"level":30,"time":1776724058049,"pid":8940,"hostname":"DESKTOP-KPAMGTB","module":"binance","symbol":"SOLUSDC","interval":"4h","verdict":"WAIT","score":47,"price":85.77,"msg":"scanner"}
{"level":30,"time":1776724058240,"pid":8940,"hostname":"DESKTOP-KPAMGTB","module":"binance","symbol":"XRPUSDC","interval":"5m","verdict":"AVOID","score":34,"price":1.428,"msg":"scanner"}
{"level":30,"time":1776724058269,"pid":8940,"hostname":"DESKTOP-KPAMGTB","module":"binance","symbol":"XRPUSDC","interval":"1h","verdict":"WAIT","score":59,"price":1.428,"msg":"scanner"}
{"level":30,"time":1776724058393,"pid":8940,"hostname":"DESKTOP-KPAMGTB","module":"binance","symbol":"XRPUSDC","interval":"4h","verdict":"WAIT","score":56,"price":1.428,"msg":"scanner"}
{"level":30,"time":1776724058580,"pid":8940,"hostname":"DESKTOP-KPAMGTB","module":"binance","symbol":"DOGEUSDC","interval":"1h","verdict":"WAIT","score":50,"price":0.09579,"msg":"scanner"}
{"level":30,"time":1776724058651,"pid":8940,"hostname":"DESKTOP-KPAMGTB","module":"binance","symbol":"DOGEUSDC","interval":"4h","verdict":"WAIT","score":63,"price":0.09579,"msg":"scanner"}
{"level":30,"time":1776724058734,"pid":8940,"hostname":"DESKTOP-KPAMGTB","module":"binance","symbol":"ADAUSDC","interval":"5m","verdict":"WAIT","score":50,"price":0.2491,"msg":"scanner"}
{"level":30,"time":1776724058853,"pid":8940,"hostname":"DESKTOP-KPAMGTB","module":"binance","symbol":"DOGEUSDC","interval":"5m","verdict":"WAIT","score":56,"price":0.09579,"msg":"scanner"}
{"level":30,"time":1776724059338,"pid":8940,"hostname":"DESKTOP-KPAMGTB","module":"binance","symbol":"ADAUSDC","interval":"1h","verdict":"WAIT","score":59,"price":0.2491,"msg":"scanner"}
{"level":30,"time":1776724059356,"pid":8940,"hostname":"DESKTOP-KPAMGTB","module":"binance","symbol":"ADAUSDC","interval":"4h","verdict":"WAIT","score":47,"price":0.2491,"msg":"scanner"}
{"level":30,"time":1776724059401,"pid":8940,"hostname":"DESKTOP-KPAMGTB","module":"binance","symbol":"AVAXUSDC","interval":"5m","verdict":"WAIT","score":50,"price":9.39,"msg":"scanner"}
{"level":30,"time":1776724059696,"pid":8940,"hostname":"DESKTOP-KPAMGTB","module":"binance","symbol":"AVAXUSDC","interval":"1h","verdict":"WAIT","score":50,"price":9.39,"msg":"scanner"}
{"level":30,"time":1776724059751,"pid":8940,"hostname":"DESKTOP-KPAMGTB","module":"binance","symbol":"AVAXUSDC","interval":"4h","verdict":"WAIT","score":63,"price":9.39,"msg":"scanner"}
{"level":30,"time":1776724059818,"pid":8940,"hostname":"DESKTOP-KPAMGTB","module":"binance","symbol":"TRXUSDC","interval":"5m","verdict":"WAIT","score":38,"price":0.3283,"msg":"scanner"}
{"level":30,"time":1776724059868,"pid":8940,"hostname":"DESKTOP-KPAMGTB","module":"binance","symbol":"TRXUSDC","interval":"1h","verdict":"WAIT","score":47,"price":0.3283,"msg":"scanner"}
{"level":30,"time":1776724059983,"pid":8940,"hostname":"DESKTOP-KPAMGTB","module":"binance","symbol":"TRXUSDC","interval":"4h","verdict":"WAIT","score":44,"price":0.3283,"msg":"scanner"}
{"level":30,"time":1776724060061,"pid":8940,"hostname":"DESKTOP-KPAMGTB","module":"binance","symbol":"DOTUSDC","interval":"5m","verdict":"WAIT","score":41,"price":1.282,"msg":"scanner"}
{"level":30,"time":1776724060160,"pid":8940,"hostname":"DESKTOP-KPAMGTB","module":"binance","symbol":"DOTUSDC","interval":"1h","verdict":"WAIT","score":53,"price":1.282,"msg":"scanner"}
{"level":30,"time":1776724060211,"pid":8940,"hostname":"DESKTOP-KPAMGTB","module":"binance","symbol":"DOTUSDC","interval":"4h","verdict":"WAIT","score":47,"price":1.282,"msg":"scanner"}
{"level":30,"time":1776724060292,"pid":8940,"hostname":"DESKTOP-KPAMGTB","module":"binance","symbol":"LINKUSDC","interval":"5m","verdict":"WAIT","score":38,"price":9.33,"msg":"scanner"}
{"level":30,"time":1776724060366,"pid":8940,"hostname":"DESKTOP-KPAMGTB","module":"binance","symbol":"LINKUSDC","interval":"1h","verdict":"WAIT","score":56,"price":9.33,"msg":"scanner"}
{"level":30,"time":1776724060467,"pid":8940,"hostname":"DESKTOP-KPAMGTB","module":"binance","symbol":"LINKUSDC","interval":"4h","verdict":"WAIT","score":53,"price":9.33,"msg":"scanner"}
{"level":30,"time":1776724060626,"pid":8940,"hostname":"DESKTOP-KPAMGTB","module":"binance","symbol":"MATICUSDC","interval":"5m","verdict":"WAIT","score":53,"price":0.3791,"msg":"scanner"}
{"level":30,"time":1776724060656,"pid":8940,"hostname":"DESKTOP-KPAMGTB","module":"binance","symbol":"MATICUSDC","interval":"1h","verdict":"WAIT","score":41,"price":0.3791,"msg":"scanner"}
{"level":30,"time":1776724060898,"pid":8940,"hostname":"DESKTOP-KPAMGTB","module":"binance","symbol":"MATICUSDC","interval":"4h","verdict":"WAIT","score":47,"price":0.3791,"msg":"scanner"}
{"level":30,"time":1776724060968,"pid":8940,"hostname":"DESKTOP-KPAMGTB","module":"binance","symbol":"LTCUSDC","interval":"5m","verdict":"WAIT","score":38,"price":55.15,"msg":"scanner"}
{"level":30,"time":1776724061006,"pid":8940,"hostname":"DESKTOP-KPAMGTB","module":"binance","symbol":"LTCUSDC","interval":"1h","verdict":"WAIT","score":59,"price":55.15,"msg":"scanner"}
{"level":30,"time":1776724061079,"pid":8940,"hostname":"DESKTOP-KPAMGTB","module":"binance","symbol":"LTCUSDC","interval":"4h","verdict":"WAIT","score":53,"price":55.15,"msg":"scanner"}
{"level":30,"time":1776724061198,"pid":8940,"hostname":"DESKTOP-KPAMGTB","module":"binance","symbol":"SHIBUSDC","interval":"5m","verdict":"WAIT","score":47,"price":0.00000603,"msg":"scanner"}
{"level":30,"time":1776724061316,"pid":8940,"hostname":"DESKTOP-KPAMGTB","module":"binance","symbol":"SHIBUSDC","interval":"1h","verdict":"WAIT","score":63,"price":0.00000603,"msg":"scanner"}
{"level":30,"time":1776724061385,"pid":8940,"hostname":"DESKTOP-KPAMGTB","module":"binance","symbol":"SHIBUSDC","interval":"4h","verdict":"WAIT","score":53,"price":0.00000603,"msg":"scanner"}
{"level":30,"time":1776724061413,"pid":8940,"hostname":"DESKTOP-KPAMGTB","module":"binance","symbol":"UNIUSDC","interval":"5m","verdict":"WAIT","score":41,"price":3.256,"msg":"scanner"}
{"level":30,"time":1776724061528,"pid":8940,"hostname":"DESKTOP-KPAMGTB","module":"binance","symbol":"UNIUSDC","interval":"1h","verdict":"WAIT","score":47,"price":3.256,"msg":"scanner"}
{"level":30,"time":1776724061610,"pid":8940,"hostname":"DESKTOP-KPAMGTB","module":"binance","symbol":"UNIUSDC","interval":"4h","verdict":"WAIT","score":47,"price":3.256,"msg":"scanner"}
{"level":30,"time":1776724061749,"pid":8940,"hostname":"DESKTOP-KPAMGTB","module":"binance","symbol":"ATOMUSDC","interval":"5m","verdict":"WAIT","score":38,"price":1.804,"msg":"scanner"}
{"level":30,"time":1776724061791,"pid":8940,"hostname":"DESKTOP-KPAMGTB","module":"binance","symbol":"ATOMUSDC","interval":"1h","verdict":"WAIT","score":56,"price":1.804,"msg":"scanner"}
{"level":30,"time":1776724061883,"pid":8940,"hostname":"DESKTOP-KPAMGTB","module":"binance","symbol":"ATOMUSDC","interval":"4h","verdict":"BUY","score":72,"price":1.804,"msg":"scanner"}
{"level":30,"time":1776724061949,"pid":8940,"hostname":"DESKTOP-KPAMGTB","module":"binance","symbol":"ETCUSDC","interval":"5m","verdict":"WAIT","score":47,"price":8.44,"msg":"scanner"}
{"level":30,"time":1776724062085,"pid":8940,"hostname":"DESKTOP-KPAMGTB","module":"binance","symbol":"ETCUSDC","interval":"1h","verdict":"BUY","score":66,"price":8.44,"msg":"scanner"}
{"level":30,"time":1776724062189,"pid":8940,"hostname":"DESKTOP-KPAMGTB","module":"binance","symbol":"ETCUSDC","interval":"4h","verdict":"WAIT","score":47,"price":8.44,"msg":"scanner"}
{"level":30,"time":1776724062256,"pid":8940,"hostname":"DESKTOP-KPAMGTB","module":"binance","symbol":"XLMUSDC","interval":"5m","verdict":"WAIT","score":53,"price":0.1737,"msg":"scanner"}
{"level":30,"time":1776724062312,"pid":8940,"hostname":"DESKTOP-KPAMGTB","module":"binance","symbol":"XLMUSDC","interval":"1h","verdict":"WAIT","score":53,"price":0.1737,"msg":"scanner"}
{"level":30,"time":1776724062413,"pid":8940,"hostname":"DESKTOP-KPAMGTB","module":"binance","symbol":"XLMUSDC","interval":"4h","verdict":"BUY","score":66,"price":0.1737,"msg":"scanner"}
{"level":30,"time":1776724062495,"pid":8940,"hostname":"DESKTOP-KPAMGTB","module":"binance","symbol":"APTUSDC","interval":"5m","verdict":"WAIT","score":41,"price":0.944,"msg":"scanner"}
{"level":30,"time":1776724062612,"pid":8940,"hostname":"DESKTOP-KPAMGTB","module":"binance","symbol":"APTUSDC","interval":"1h","verdict":"WAIT","score":50,"price":0.944,"msg":"scanner"}
{"level":30,"time":1776724062662,"pid":8940,"hostname":"DESKTOP-KPAMGTB","module":"binance","symbol":"APTUSDC","interval":"4h","verdict":"WAIT","score":56,"price":0.944,"msg":"scanner"}
{"level":30,"time":1776724062746,"pid":8940,"hostname":"DESKTOP-KPAMGTB","module":"binance","symbol":"NEARUSDC","interval":"5m","verdict":"WAIT","score":56,"price":1.37,"msg":"scanner"}
{"level":30,"time":1776724062914,"pid":8940,"hostname":"DESKTOP-KPAMGTB","module":"binance","symbol":"NEARUSDC","interval":"1h","verdict":"WAIT","score":53,"price":1.37,"msg":"scanner"}
{"level":30,"time":1776724063025,"pid":8940,"hostname":"DESKTOP-KPAMGTB","module":"binance","symbol":"NEARUSDC","interval":"4h","verdict":"WAIT","score":63,"price":1.37,"msg":"scanner"}
{"level":40,"time":1776724250077,"pid":8940,"hostname":"DESKTOP-KPAMGTB","module":"auto-trader","mode":"paper","err":"fetch failed","msg":"checkOrphanPositions: error obtenint dades"}
{"level":50,"time":1776724263233,"pid":8940,"hostname":"DESKTOP-KPAMGTB","module":"api","source":"orders","code":"NETWORK","err":"fetch failed","msg":"error de ruta"}
{"level":50,"time":1776724653455,"pid":8940,"hostname":"DESKTOP-KPAMGTB","module":"api","source":"orders","code":"NETWORK","err":"fetch failed","msg":"error de ruta"}
{"level":30,"time":1776724769199,"pid":8940,"hostname":"DESKTOP-KPAMGTB","module":"binance","assets":23,"mode":"paper","msg":"balance"}
{"level":30,"time":1776724769340,"pid":8940,"hostname":"DESKTOP-KPAMGTB","module":"binance","assets":23,"mode":"paper","msg":"balance"}
{"level":30,"time":1776724854792,"pid":8940,"hostname":"DESKTOP-KPAMGTB","module":"binance","assets":4,"mode":"real","msg":"balance"}
{"level":30,"time":1776724855196,"pid":8940,"hostname":"DESKTOP-KPAMGTB","module":"binance","assets":4,"mode":"real","msg":"balance"}
{"level":30,"time":1776724873787,"pid":8940,"hostname":"DESKTOP-KPAMGTB","module":"binance","assets":23,"mode":"paper","msg":"balance"}
{"level":30,"time":1776724878056,"pid":8940,"hostname":"DESKTOP-KPAMGTB","module":"binance","assets":23,"mode":"paper","msg":"balance"}
{"level":30,"time":1776726001619,"pid":8940,"hostname":"DESKTOP-KPAMGTB","module":"telegram","msg":"informe horari enviat"}
{"level":30,"time":1776729602807,"pid":8940,"hostname":"DESKTOP-KPAMGTB","module":"telegram","msg":"informe horari enviat"}
{"level":30,"time":1776733201672,"pid":8940,"hostname":"DESKTOP-KPAMGTB","module":"telegram","msg":"informe horari enviat"}
{"level":30,"time":1776736803531,"pid":8940,"hostname":"DESKTOP-KPAMGTB","module":"telegram","msg":"informe horari enviat"}
{"level":30,"time":1776740401643,"pid":8940,"hostname":"DESKTOP-KPAMGTB","module":"telegram","msg":"informe horari enviat"}
{"level":30,"time":1776744002925,"pid":8940,"hostname":"DESKTOP-KPAMGTB","module":"telegram","msg":"informe horari enviat"}
{"level":30,"time":1776746712647,"pid":8940,"hostname":"DESKTOP-KPAMGTB","module":"binance","assets":4,"mode":"real","msg":"balance"}
{"level":30,"time":1776746713994,"pid":8940,"hostname":"DESKTOP-KPAMGTB","module":"binance","assets":4,"mode":"real","msg":"balance"}
{"level":30,"time":1776746723953,"pid":8940,"hostname":"DESKTOP-KPAMGTB","module":"binance","assets":4,"mode":"real","msg":"balance"}
{"level":30,"time":1776746727704,"pid":8940,"hostname":"DESKTOP-KPAMGTB","module":"binance","assets":4,"mode":"real","msg":"balance"}
{"level":30,"time":1776746728151,"pid":8940,"hostname":"DESKTOP-KPAMGTB","module":"binance","assets":4,"mode":"real","msg":"balance"}
{"level":30,"time":1776746730377,"pid":8940,"hostname":"DESKTOP-KPAMGTB","module":"binance","assets":23,"mode":"paper","msg":"balance"}
{"level":30,"time":1776746730913,"pid":8940,"hostname":"DESKTOP-KPAMGTB","module":"binance","assets":23,"mode":"paper","msg":"balance"}
{"level":30,"time":1776746743062,"pid":8940,"hostname":"DESKTOP-KPAMGTB","module":"binance","assets":23,"mode":"paper","msg":"balance"}
{"level":50,"time":1776746743200,"pid":8940,"hostname":"DESKTOP-KPAMGTB","module":"api","source":"convert/GET","code":"AUTH","err":"Binance /convert/tradeFlow 400: {\"code\":-2008,\"msg\":\"Invalid Api-Key ID.\"}","msg":"error de ruta"}
{"level":30,"time":1776746743352,"pid":8940,"hostname":"DESKTOP-KPAMGTB","module":"binance","assets":23,"mode":"paper","msg":"balance"}
{"level":50,"time":1776746743535,"pid":8940,"hostname":"DESKTOP-KPAMGTB","module":"api","source":"convert/GET","code":"AUTH","err":"Binance /convert/tradeFlow 400: {\"code\":-2008,\"msg\":\"Invalid Api-Key ID.\"}","msg":"error de ruta"}
{"level":50,"time":1776746786063,"pid":8940,"hostname":"DESKTOP-KPAMGTB","module":"api","source":"convert/POST","code":"AUTH","err":"Binance /convert/getQuote 400: {\"code\":-2008,\"msg\":\"Invalid Api-Key ID.\"}","msg":"error de ruta"}
{"level":30,"time":1776746811239,"pid":8940,"hostname":"DESKTOP-KPAMGTB","module":"binance","assets":4,"mode":"real","msg":"balance"}
{"level":30,"time":1776746811675,"pid":8940,"hostname":"DESKTOP-KPAMGTB","module":"binance","assets":4,"mode":"real","msg":"balance"}
{"level":30,"time":1776746824760,"pid":8940,"hostname":"DESKTOP-KPAMGTB","module":"binance","assets":4,"mode":"real","msg":"balance"}
{"level":30,"time":1776746829856,"pid":8940,"hostname":"DESKTOP-KPAMGTB","module":"binance","assets":23,"mode":"paper","msg":"balance"}
{"level":30,"time":1776746830407,"pid":8940,"hostname":"DESKTOP-KPAMGTB","module":"binance","assets":23,"mode":"paper","msg":"balance"}
{"level":30,"time":1776746833637,"pid":8940,"hostname":"DESKTOP-KPAMGTB","module":"binance","symbol":"BTCUSDC","interval":"1h","verdict":"WAIT","score":56,"price":75765.98,"msg":"scanner"}
{"level":30,"time":1776746833684,"pid":8940,"hostname":"DESKTOP-KPAMGTB","module":"binance","assets":23,"mode":"paper","msg":"balance"}
{"level":30,"time":1776746833990,"pid":8940,"hostname":"DESKTOP-KPAMGTB","module":"binance","assets":23,"mode":"paper","msg":"balance"}
{"level":30,"time":1776746843752,"pid":8940,"hostname":"DESKTOP-KPAMGTB","module":"binance","symbol":"SOLUSDC","interval":"1h","verdict":"WAIT","score":47,"price":85.28,"msg":"scanner"}
{"level":30,"time":1776746846670,"pid":8940,"hostname":"DESKTOP-KPAMGTB","module":"binance","symbol":"SOLUSDC","interval":"4h","verdict":"AVOID","score":34,"price":85.28,"msg":"scanner"}
{"level":30,"time":1776746864964,"pid":8940,"hostname":"DESKTOP-KPAMGTB","module":"orders","symbol":"SOLUSDC","side":"SELL","fillPrice":85.31,"quantity":"5.85400000","commissionInBase":0.005567,"tpPrice":"89.15","slStopPrice":"83.99","buyOrderId":327208190,"ocoOrderListId":2478419,"msg":"compra de mercat + OCO"}
{"level":30,"time":1776746875363,"pid":8940,"hostname":"DESKTOP-KPAMGTB","module":"binance","assets":23,"mode":"paper","msg":"balance"}
{"level":30,"time":1776746880548,"pid":8940,"hostname":"DESKTOP-KPAMGTB","module":"binance","assets":23,"mode":"paper","msg":"balance"}
{"level":30,"time":1776746881012,"pid":8940,"hostname":"DESKTOP-KPAMGTB","module":"binance","assets":23,"mode":"paper","msg":"balance"}
{"level":30,"time":1776747601008,"pid":8940,"hostname":"DESKTOP-KPAMGTB","module":"auto-trader","bot":"Solana i Bitcoin a 4 hores (454%)","interval":"4h","checkInterval":"1h","msg":"globalPoll: candle tancada, llançant runBotScan"}
{"level":30,"time":1776747601015,"pid":8940,"hostname":"DESKTOP-KPAMGTB","module":"auto-trader","bot":"Només per testeig - Te perdues -Anàlisi cada 30 minuts","interval":"30m","checkInterval":"30m","msg":"globalPoll: candle tancada, llançant runBotScan"}
{"level":30,"time":1776747602383,"pid":8940,"hostname":"DESKTOP-KPAMGTB","module":"telegram","msg":"informe horari enviat"}
{"level":30,"time":1776749401742,"pid":8940,"hostname":"DESKTOP-KPAMGTB","module":"telegram","msg":"informe diari enviat"}
{"level":30,"time":1776749402415,"pid":8940,"hostname":"DESKTOP-KPAMGTB","module":"auto-trader","bot":"Només per testeig - Te perdues -Anàlisi cada 30 minuts","interval":"30m","checkInterval":"30m","msg":"globalPoll: candle tancada, llançant runBotScan"}
{"level":30,"time":1776751201367,"pid":8940,"hostname":"DESKTOP-KPAMGTB","module":"auto-trader","bot":"Solana i Bitcoin a 4 hores (454%)","interval":"4h","checkInterval":"1h","msg":"globalPoll: candle tancada, llançant runBotScan"}
{"level":30,"time":1776751201369,"pid":8940,"hostname":"DESKTOP-KPAMGTB","module":"auto-trader","bot":"Només per testeig - Te perdues -Anàlisi cada 30 minuts","interval":"30m","checkInterval":"30m","msg":"globalPoll: candle tancada, llançant runBotScan"}
{"level":30,"time":1776751205365,"pid":8940,"hostname":"DESKTOP-KPAMGTB","module":"telegram","msg":"informe horari enviat"}
{"level":30,"time":1776753001494,"pid":8940,"hostname":"DESKTOP-KPAMGTB","module":"auto-trader","bot":"Només per testeig - Te perdues -Anàlisi cada 30 minuts","interval":"30m","checkInterval":"30m","msg":"globalPoll: candle tancada, llançant runBotScan"}
{"level":30,"time":1776754801923,"pid":8940,"hostname":"DESKTOP-KPAMGTB","module":"telegram","msg":"informe horari enviat"}
{"level":30,"time":1776754803423,"pid":8940,"hostname":"DESKTOP-KPAMGTB","module":"auto-trader","bot":"Solana i Bitcoin a 4 hores (454%)","interval":"4h","checkInterval":"1h","msg":"globalPoll: candle tancada, llançant runBotScan"}
{"level":30,"time":1776754803426,"pid":8940,"hostname":"DESKTOP-KPAMGTB","module":"auto-trader","bot":"Només per testeig - Te perdues -Anàlisi cada 30 minuts","interval":"30m","checkInterval":"30m","msg":"globalPoll: candle tancada, llançant runBotScan"}
{"level":30,"time":1776756604365,"pid":8940,"hostname":"DESKTOP-KPAMGTB","module":"auto-trader","bot":"Només per testeig - Te perdues -Anàlisi cada 30 minuts","interval":"30m","checkInterval":"30m","msg":"globalPoll: candle tancada, llançant runBotScan"}
{"level":30,"time":1776758401726,"pid":8940,"hostname":"DESKTOP-KPAMGTB","module":"telegram","msg":"informe horari enviat"}
{"level":30,"time":1776758402667,"pid":8940,"hostname":"DESKTOP-KPAMGTB","module":"auto-trader","bot":"Solana i Bitcoin a 4 hores (454%)","interval":"4h","checkInterval":"1h","msg":"globalPoll: candle tancada, llançant runBotScan"}
{"level":30,"time":1776758402671,"pid":8940,"hostname":"DESKTOP-KPAMGTB","module":"auto-trader","bot":"Només per testeig - Te perdues -Anàlisi cada 30 minuts","interval":"30m","checkInterval":"30m","msg":"globalPoll: candle tancada, llançant runBotScan"}
{"level":30,"time":1776760203395,"pid":8940,"hostname":"DESKTOP-KPAMGTB","module":"auto-trader","bot":"Només per testeig - Te perdues -Anàlisi cada 30 minuts","interval":"30m","checkInterval":"30m","msg":"globalPoll: candle tancada, llançant runBotScan"}
{"level":30,"time":1776762001390,"pid":8940,"hostname":"DESKTOP-KPAMGTB","module":"telegram","msg":"informe horari enviat"}
{"level":30,"time":1776762003432,"pid":8940,"hostname":"DESKTOP-KPAMGTB","module":"auto-trader","bot":"Solana i Bitcoin a 4 hores (454%)","interval":"4h","checkInterval":"1h","msg":"globalPoll: candle tancada, llançant runBotScan"}
{"level":30,"time":1776762003438,"pid":8940,"hostname":"DESKTOP-KPAMGTB","module":"auto-trader","bot":"Només per testeig - Te perdues -Anàlisi cada 30 minuts","interval":"30m","checkInterval":"30m","msg":"globalPoll: candle tancada, llançant runBotScan"}
{"level":30,"time":1776763803435,"pid":8940,"hostname":"DESKTOP-KPAMGTB","module":"auto-trader","bot":"Només per testeig - Te perdues -Anàlisi cada 30 minuts","interval":"30m","checkInterval":"30m","msg":"globalPoll: candle tancada, llançant runBotScan"}
{"level":30,"time":1776765602070,"pid":8940,"hostname":"DESKTOP-KPAMGTB","module":"telegram","msg":"informe horari enviat"}
{"level":30,"time":1776765604277,"pid":8940,"hostname":"DESKTOP-KPAMGTB","module":"auto-trader","bot":"Solana i Bitcoin a 4 hores (454%)","interval":"4h","checkInterval":"1h","msg":"globalPoll: candle tancada, llançant runBotScan"}
{"level":30,"time":1776765604283,"pid":8940,"hostname":"DESKTOP-KPAMGTB","module":"auto-trader","bot":"Només per testeig - Te perdues -Anàlisi cada 30 minuts","interval":"30m","checkInterval":"30m","msg":"globalPoll: candle tancada, llançant runBotScan"}
{"level":30,"time":1776767403576,"pid":8940,"hostname":"DESKTOP-KPAMGTB","module":"auto-trader","bot":"Només per testeig - Te perdues -Anàlisi cada 30 minuts","interval":"30m","checkInterval":"30m","msg":"globalPoll: candle tancada, llançant runBotScan"}
{"level":30,"time":1776769203101,"pid":8940,"hostname":"DESKTOP-KPAMGTB","module":"telegram","msg":"informe horari enviat"}
{"level":30,"time":1776769204611,"pid":8940,"hostname":"DESKTOP-KPAMGTB","module":"auto-trader","bot":"Solana i Bitcoin a 4 hores (454%)","interval":"4h","checkInterval":"1h","msg":"globalPoll: candle tancada, llançant runBotScan"}
{"level":30,"time":1776769204617,"pid":8940,"hostname":"DESKTOP-KPAMGTB","module":"auto-trader","bot":"Només per testeig - Te perdues -Anàlisi cada 30 minuts","interval":"30m","checkInterval":"30m","msg":"globalPoll: candle tancada, llançant runBotScan"}
{"level":30,"time":1776771006168,"pid":8940,"hostname":"DESKTOP-KPAMGTB","module":"auto-trader","bot":"Només per testeig - Te perdues -Anàlisi cada 30 minuts","interval":"30m","checkInterval":"30m","msg":"globalPoll: candle tancada, llançant runBotScan"}
{"level":30,"time":1776772802008,"pid":8940,"hostname":"DESKTOP-KPAMGTB","module":"telegram","msg":"informe horari enviat"}
{"level":30,"time":1776772805360,"pid":8940,"hostname":"DESKTOP-KPAMGTB","module":"auto-trader","bot":"Solana i Bitcoin a 4 hores (454%)","interval":"4h","checkInterval":"1h","msg":"globalPoll: candle tancada, llançant runBotScan"}
{"level":30,"time":1776772805362,"pid":8940,"hostname":"DESKTOP-KPAMGTB","module":"auto-trader","bot":"Només per testeig - Te perdues -Anàlisi cada 30 minuts","interval":"30m","checkInterval":"30m","msg":"globalPoll: candle tancada, llançant runBotScan"}
{"level":30,"time":1776774607088,"pid":8940,"hostname":"DESKTOP-KPAMGTB","module":"auto-trader","bot":"Només per testeig - Te perdues -Anàlisi cada 30 minuts","interval":"30m","checkInterval":"30m","msg":"globalPoll: candle tancada, llançant runBotScan"}
{"level":30,"time":1776776405973,"pid":8940,"hostname":"DESKTOP-KPAMGTB","module":"auto-trader","bot":"Solana i Bitcoin a 4 hores (454%)","interval":"4h","checkInterval":"1h","msg":"globalPoll: candle tancada, llançant runBotScan"}
{"level":30,"time":1776776405976,"pid":8940,"hostname":"DESKTOP-KPAMGTB","module":"auto-trader","bot":"Només per testeig - Te perdues -Anàlisi cada 30 minuts","interval":"30m","checkInterval":"30m","msg":"globalPoll: candle tancada, llançant runBotScan"}
{"level":30,"time":1776776406215,"pid":8940,"hostname":"DESKTOP-KPAMGTB","module":"telegram","msg":"informe horari enviat"}
{"level":30,"time":1776778205024,"pid":8940,"hostname":"DESKTOP-KPAMGTB","module":"auto-trader","bot":"Només per testeig - Te perdues -Anàlisi cada 30 minuts","interval":"30m","checkInterval":"30m","msg":"globalPoll: candle tancada, llançant runBotScan"}
{"level":30,"time":1776780002137,"pid":8940,"hostname":"DESKTOP-KPAMGTB","module":"telegram","msg":"informe horari enviat"}
{"level":30,"time":1776780005710,"pid":8940,"hostname":"DESKTOP-KPAMGTB","module":"auto-trader","bot":"Solana i Bitcoin a 4 hores (454%)","interval":"4h","checkInterval":"1h","msg":"globalPoll: candle tancada, llançant runBotScan"}
{"level":30,"time":1776780005713,"pid":8940,"hostname":"DESKTOP-KPAMGTB","module":"auto-trader","bot":"Només per testeig - Te perdues -Anàlisi cada 30 minuts","interval":"30m","checkInterval":"30m","msg":"globalPoll: candle tancada, llançant runBotScan"}
{"level":30,"time":1776781806586,"pid":8940,"hostname":"DESKTOP-KPAMGTB","module":"auto-trader","bot":"Només per testeig - Te perdues -Anàlisi cada 30 minuts","interval":"30m","checkInterval":"30m","msg":"globalPoll: candle tancada, llançant runBotScan"}
{"level":30,"time":1776783605102,"pid":8940,"hostname":"DESKTOP-KPAMGTB","module":"telegram","msg":"informe horari enviat"}
{"level":30,"time":1776783606091,"pid":8940,"hostname":"DESKTOP-KPAMGTB","module":"auto-trader","bot":"Solana i Bitcoin a 4 hores (454%)","interval":"4h","checkInterval":"1h","msg":"globalPoll: candle tancada, llançant runBotScan"}
{"level":30,"time":1776783606093,"pid":8940,"hostname":"DESKTOP-KPAMGTB","module":"auto-trader","bot":"Només per testeig - Te perdues -Anàlisi cada 30 minuts","interval":"30m","checkInterval":"30m","msg":"globalPoll: candle tancada, llançant runBotScan"}
{"level":30,"time":1776785409783,"pid":8940,"hostname":"DESKTOP-KPAMGTB","module":"auto-trader","bot":"Només per testeig - Te perdues -Anàlisi cada 30 minuts","interval":"30m","checkInterval":"30m","msg":"globalPoll: candle tancada, llançant runBotScan"}
{"level":30,"time":1776787204668,"pid":8940,"hostname":"DESKTOP-KPAMGTB","module":"telegram","msg":"informe horari enviat"}
{"level":30,"time":1776787206797,"pid":8940,"hostname":"DESKTOP-KPAMGTB","module":"auto-trader","bot":"Solana i Bitcoin a 4 hores (454%)","interval":"4h","checkInterval":"1h","msg":"globalPoll: candle tancada, llançant runBotScan"}
{"level":30,"time":1776787206801,"pid":8940,"hostname":"DESKTOP-KPAMGTB","module":"auto-trader","bot":"Només per testeig - Te perdues -Anàlisi cada 30 minuts","interval":"30m","checkInterval":"30m","msg":"globalPoll: candle tancada, llançant runBotScan"}
{"level":30,"time":1776789007495,"pid":8940,"hostname":"DESKTOP-KPAMGTB","module":"auto-trader","bot":"Només per testeig - Te perdues -Anàlisi cada 30 minuts","interval":"30m","checkInterval":"30m","msg":"globalPoll: candle tancada, llançant runBotScan"}
{"level":30,"time":1776790804055,"pid":8940,"hostname":"DESKTOP-KPAMGTB","module":"telegram","msg":"informe horari enviat"}
{"level":30,"time":1776790806723,"pid":8940,"hostname":"DESKTOP-KPAMGTB","module":"auto-trader","bot":"Solana i Bitcoin a 4 hores (454%)","interval":"4h","checkInterval":"1h","msg":"globalPoll: candle tancada, llançant runBotScan"}
{"level":30,"time":1776790806727,"pid":8940,"hostname":"DESKTOP-KPAMGTB","module":"auto-trader","bot":"Només per testeig - Te perdues -Anàlisi cada 30 minuts","interval":"30m","checkInterval":"30m","msg":"globalPoll: candle tancada, llançant runBotScan"}
{"level":30,"time":1776792611529,"pid":8940,"hostname":"DESKTOP-KPAMGTB","module":"auto-trader","bot":"Només per testeig - Te perdues -Anàlisi cada 30 minuts","interval":"30m","checkInterval":"30m","msg":"globalPoll: candle tancada, llançant runBotScan"}
{"level":30,"time":1776794403583,"pid":8940,"hostname":"DESKTOP-KPAMGTB","module":"telegram","msg":"informe horari enviat"}
{"level":30,"time":1776794407371,"pid":8940,"hostname":"DESKTOP-KPAMGTB","module":"auto-trader","bot":"Solana i Bitcoin a 4 hores (454%)","interval":"4h","checkInterval":"1h","msg":"globalPoll: candle tancada, llançant runBotScan"}
{"level":30,"time":1776794407374,"pid":8940,"hostname":"DESKTOP-KPAMGTB","module":"auto-trader","bot":"Només per testeig - Te perdues -Anàlisi cada 30 minuts","interval":"30m","checkInterval":"30m","msg":"globalPoll: candle tancada, llançant runBotScan"}
{"level":30,"time":1776796202563,"pid":8940,"hostname":"DESKTOP-KPAMGTB","module":"binance","assets":23,"mode":"paper","msg":"balance"}
{"level":30,"time":1776796209839,"pid":8940,"hostname":"DESKTOP-KPAMGTB","module":"auto-trader","bot":"Només per testeig - Te perdues -Anàlisi cada 30 minuts","interval":"30m","checkInterval":"30m","msg":"globalPoll: candle tancada, llançant runBotScan"}
{"level":30,"time":1776797098706,"pid":8940,"hostname":"DESKTOP-KPAMGTB","module":"binance","assets":23,"mode":"paper","msg":"balance"}
{"level":50,"time":1776797813176,"pid":8940,"hostname":"DESKTOP-KPAMGTB","module":"api","source":"orders","code":"NETWORK","err":"fetch failed","msg":"error de ruta"}
{"level":50,"time":1776797813197,"pid":8940,"hostname":"DESKTOP-KPAMGTB","module":"api","source":"orders","code":"NETWORK","err":"fetch failed","msg":"error de ruta"}
{"level":30,"time":1776797999592,"pid":8940,"hostname":"DESKTOP-KPAMGTB","module":"binance","assets":23,"mode":"paper","msg":"balance"}
{"level":30,"time":1776798002119,"pid":8940,"hostname":"DESKTOP-KPAMGTB","module":"telegram","msg":"informe horari enviat"}
{"level":30,"time":1776798008858,"pid":8940,"hostname":"DESKTOP-KPAMGTB","module":"auto-trader","bot":"Solana i Bitcoin a 4 hores (454%)","interval":"4h","checkInterval":"1h","msg":"globalPoll: candle tancada, llançant runBotScan"}
{"level":30,"time":1776798008870,"pid":8940,"hostname":"DESKTOP-KPAMGTB","module":"auto-trader","bot":"Només per testeig - Te perdues -Anàlisi cada 30 minuts","interval":"30m","checkInterval":"30m","msg":"globalPoll: candle tancada, llançant runBotScan"}
{"level":30,"time":1776798899309,"pid":8940,"hostname":"DESKTOP-KPAMGTB","module":"binance","assets":23,"mode":"paper","msg":"balance"}
{"level":30,"time":1776799799682,"pid":8940,"hostname":"DESKTOP-KPAMGTB","module":"binance","assets":23,"mode":"paper","msg":"balance"}
{"level":30,"time":1776799808288,"pid":8940,"hostname":"DESKTOP-KPAMGTB","module":"auto-trader","bot":"Només per testeig - Te perdues -Anàlisi cada 30 minuts","interval":"30m","checkInterval":"30m","msg":"globalPoll: candle tancada, llançant runBotScan"}
{"level":30,"time":1776800699728,"pid":8940,"hostname":"DESKTOP-KPAMGTB","module":"binance","assets":23,"mode":"paper","msg":"balance"}
{"level":30,"time":1776801600044,"pid":8940,"hostname":"DESKTOP-KPAMGTB","module":"binance","assets":23,"mode":"paper","msg":"balance"}
{"level":30,"time":1776801602397,"pid":8940,"hostname":"DESKTOP-KPAMGTB","module":"telegram","msg":"informe horari enviat"}
{"level":30,"time":1776801608186,"pid":8940,"hostname":"DESKTOP-KPAMGTB","module":"auto-trader","bot":"Solana i Bitcoin a 4 hores (454%)","interval":"4h","checkInterval":"1h","msg":"globalPoll: candle tancada, llançant runBotScan"}
{"level":30,"time":1776801608188,"pid":8940,"hostname":"DESKTOP-KPAMGTB","module":"auto-trader","bot":"Només per testeig - Te perdues -Anàlisi cada 30 minuts","interval":"30m","checkInterval":"30m","msg":"globalPoll: candle tancada, llançant runBotScan"}
{"level":30,"time":1776802500631,"pid":8940,"hostname":"DESKTOP-KPAMGTB","module":"binance","assets":23,"mode":"paper","msg":"balance"}
{"level":30,"time":1776803400519,"pid":8940,"hostname":"DESKTOP-KPAMGTB","module":"binance","assets":23,"mode":"paper","msg":"balance"}
{"level":30,"time":1776803408264,"pid":8940,"hostname":"DESKTOP-KPAMGTB","module":"auto-trader","bot":"Només per testeig - Te perdues -Anàlisi cada 30 minuts","interval":"30m","checkInterval":"30m","msg":"globalPoll: candle tancada, llançant runBotScan"}
{"level":30,"time":1776804300440,"pid":8940,"hostname":"DESKTOP-KPAMGTB","module":"binance","assets":23,"mode":"paper","msg":"balance"}
{"level":30,"time":1776805200375,"pid":8940,"hostname":"DESKTOP-KPAMGTB","module":"binance","assets":23,"mode":"paper","msg":"balance"}
{"level":30,"time":1776805203975,"pid":8940,"hostname":"DESKTOP-KPAMGTB","module":"telegram","msg":"informe horari enviat"}
{"level":30,"time":1776805206945,"pid":8940,"hostname":"DESKTOP-KPAMGTB","module":"auto-trader","bot":"Solana i Bitcoin a 4 hores (454%)","interval":"4h","checkInterval":"1h","msg":"globalPoll: candle tancada, llançant runBotScan"}
{"level":30,"time":1776805206948,"pid":8940,"hostname":"DESKTOP-KPAMGTB","module":"auto-trader","bot":"Només per testeig - Te perdues -Anàlisi cada 30 minuts","interval":"30m","checkInterval":"30m","msg":"globalPoll: candle tancada, llançant runBotScan"}
{"level":30,"time":1776806100858,"pid":8940,"hostname":"DESKTOP-KPAMGTB","module":"binance","assets":23,"mode":"paper","msg":"balance"}
{"level":40,"time":1777139269950,"pid":8940,"hostname":"DESKTOP-KPAMGTB","module":"auto-trader","mode":"paper","err":"fetch failed","msg":"checkOrphanPositions: error obtenint dades"}
{"level":40,"time":1777139269954,"pid":8940,"hostname":"DESKTOP-KPAMGTB","module":"auto-trader","mode":"real","err":"fetch failed","msg":"checkOrphanPositions: error obtenint dades"}
{"level":40,"time":1777139274890,"pid":8940,"hostname":"DESKTOP-KPAMGTB","module":"telegram","err":"fetch failed","msg":"error en prendre snapshot"}
{"level":50,"time":1777139274892,"pid":8940,"hostname":"DESKTOP-KPAMGTB","module":"telegram","err":"fetch failed","msg":"error informe horari"}
{"level":50,"time":1777139274895,"pid":8940,"hostname":"DESKTOP-KPAMGTB","module":"telegram","err":"fetch failed","msg":"error comprovació ordres"}
{"level":50,"time":1777139274898,"pid":8940,"hostname":"DESKTOP-KPAMGTB","module":"telegram","err":"fetch failed","msg":"error informe diari"}
{"level":50,"time":1777139274901,"pid":8940,"hostname":"DESKTOP-KPAMGTB","module":"trailing-engine","symbol":"SOLUSDC","count":1,"max":3,"err":"fetch failed","msg":"error al cicle"}
{"level":50,"time":1777139274910,"pid":8940,"hostname":"DESKTOP-KPAMGTB","module":"trailing-engine","symbol":"SOLUSDC","count":2,"max":3,"err":"fetch failed","msg":"error al cicle"}
{"level":50,"time":1777139281890,"pid":8940,"hostname":"DESKTOP-KPAMGTB","module":"api","source":"orders","code":"NETWORK","err":"fetch failed","msg":"error de ruta"}
{"level":50,"time":1777139285634,"pid":8940,"hostname":"DESKTOP-KPAMGTB","module":"api","source":"orders","code":"NETWORK","err":"fetch failed","msg":"error de ruta"}
{"level":50,"time":1777139285660,"pid":8940,"hostname":"DESKTOP-KPAMGTB","module":"api","source":"balance","code":"NETWORK","err":"fetch failed","msg":"error de ruta"}
{"level":50,"time":1777139286204,"pid":8940,"hostname":"DESKTOP-KPAMGTB","module":"api","source":"orders","code":"NETWORK","err":"fetch failed","msg":"error de ruta"}
{"level":30,"time":1777139302900,"pid":8940,"hostname":"DESKTOP-KPAMGTB","module":"trailing-engine","symbol":"SOLUSDC","orderListId":2478419,"msg":"eliminant trailing pendent — OCO ja no existeix a Binance"}
{"level":30,"time":1777139305867,"pid":8940,"hostname":"DESKTOP-KPAMGTB","module":"orders","mode":"paper","symbol":"SOLUSDC","side":"SELL","type":"LIMIT_MAKER","execPrice":89.15,"execValue":521.8841,"orderId":327208192,"msg":"ordre executada (fill)"}
{"level":30,"time":1777140000200,"pid":8940,"hostname":"DESKTOP-KPAMGTB","module":"auto-trader","bot":"Solana i Bitcoin a 4 hores (454%)","interval":"4h","checkInterval":"1h","msg":"globalPoll: candle tancada, llançant runBotScan"}
{"level":30,"time":1777140000203,"pid":8940,"hostname":"DESKTOP-KPAMGTB","module":"auto-trader","bot":"Només per testeig - Te perdues -Anàlisi cada 30 minuts","interval":"30m","checkInterval":"30m","msg":"globalPoll: candle tancada, llançant runBotScan"}
{"level":30,"time":1777140000427,"pid":8940,"hostname":"DESKTOP-KPAMGTB","module":"auto-trader","bot":"Solana i Bitcoin a 4 hores (454%)","interval":"4h","symbols":2,"minScore":60,"msg":"iniciant scan de bot"}
{"level":30,"time":1777140171153,"pid":8940,"hostname":"DESKTOP-KPAMGTB","module":"binance","assets":23,"mode":"paper","msg":"balance"}
{"level":30,"time":1777140696070,"pid":8940,"hostname":"DESKTOP-KPAMGTB","module":"binance","assets":23,"mode":"paper","msg":"balance"}
{"level":30,"time":1777141072002,"pid":8940,"hostname":"DESKTOP-KPAMGTB","module":"binance","assets":23,"mode":"paper","msg":"balance"}
{"level":30,"time":1777141304722,"pid":8940,"hostname":"DESKTOP-KPAMGTB","module":"binance","assets":23,"mode":"paper","msg":"balance"}
{"level":30,"time":1777141327994,"pid":8940,"hostname":"DESKTOP-KPAMGTB","module":"binance","assets":23,"mode":"paper","msg":"balance"}
{"level":30,"time":1777141328043,"pid":8940,"hostname":"DESKTOP-KPAMGTB","module":"binance","symbol":"BTCUSDC","interval":"1h","verdict":"WAIT","score":44,"price":77322.69,"msg":"scanner"}
{"level":30,"time":1777141328334,"pid":8940,"hostname":"DESKTOP-KPAMGTB","module":"binance","assets":23,"mode":"paper","msg":"balance"}
{"level":30,"time":1777141802273,"pid":8940,"hostname":"DESKTOP-KPAMGTB","module":"auto-trader","bot":"Només per testeig - Te perdues -Anàlisi cada 30 minuts","interval":"30m","checkInterval":"30m","msg":"globalPoll: candle tancada, llançant runBotScan"}
{"level":30,"time":1777141972025,"pid":8940,"hostname":"DESKTOP-KPAMGTB","module":"binance","assets":23,"mode":"paper","msg":"balance"}
{"level":30,"time":1777142870767,"pid":8940,"hostname":"DESKTOP-KPAMGTB","module":"binance","assets":23,"mode":"paper","msg":"balance"}
{"level":30,"time":1777142871388,"pid":8940,"hostname":"DESKTOP-KPAMGTB","module":"telegram","msg":"informe horari enviat"}
{"level":30,"time":1777143658297,"pid":8940,"hostname":"DESKTOP-KPAMGTB","module":"auto-trader","bot":"Solana i Bitcoin a 4 hores (454%)","interval":"4h","checkInterval":"1h","msg":"globalPoll: candle tancada, llançant runBotScan"}
{"level":30,"time":1777143658299,"pid":8940,"hostname":"DESKTOP-KPAMGTB","module":"auto-trader","bot":"Només per testeig - Te perdues -Anàlisi cada 30 minuts","interval":"30m","checkInterval":"30m","msg":"globalPoll: candle tancada, llançant runBotScan"}
{"level":30,"time":1777143658527,"pid":8940,"hostname":"DESKTOP-KPAMGTB","module":"auto-trader","bot":"Solana i Bitcoin a 4 hores (454%)","interval":"4h","symbols":2,"minScore":60,"msg":"iniciant scan de bot"}
{"level":30,"time":1777143771457,"pid":8940,"hostname":"DESKTOP-KPAMGTB","module":"binance","assets":23,"mode":"paper","msg":"balance"}
{"level":30,"time":1777144671427,"pid":8940,"hostname":"DESKTOP-KPAMGTB","module":"binance","assets":23,"mode":"paper","msg":"balance"}
{"level":30,"time":1777145212966,"pid":8940,"hostname":"DESKTOP-KPAMGTB","module":"orders","symbol":"SOLUSDC","side":"SELL","fillPrice":85.71999999999998,"quantity":"11","commissionInBase":0.0105279,"tpPrice":"86.33","slStopPrice":"85.57","buyOrderId":334496825,"ocoOrderListId":2531341,"msg":"compra de mercat + OCO"}
{"level":40,"time":1777145219865,"pid":8940,"hostname":"DESKTOP-KPAMGTB","module":"auto-trader","mode":"paper","symbol":"SOLUSDC","uncoveredUsd":949.243984428,"uncovered":11.0737749,"msg":"posició parcialment sense SL — esperant 5 min per corregir"}
{"level":30,"time":1777145462907,"pid":8940,"hostname":"DESKTOP-KPAMGTB","module":"auto-trader","bot":"Només per testeig - Te perdues -Anàlisi cada 30 minuts","interval":"30m","checkInterval":"30m","msg":"globalPoll: candle tancada, llançant runBotScan"}
{"level":30,"time":1777145571414,"pid":8940,"hostname":"DESKTOP-KPAMGTB","module":"binance","assets":23,"mode":"paper","msg":"balance"}
{"level":30,"time":1777146472168,"pid":8940,"hostname":"DESKTOP-KPAMGTB","module":"binance","assets":23,"mode":"paper","msg":"balance"}
{"level":30,"time":1777146474396,"pid":8940,"hostname":"DESKTOP-KPAMGTB","module":"telegram","msg":"informe horari enviat"}
{"level":30,"time":1777147260899,"pid":8940,"hostname":"DESKTOP-KPAMGTB","module":"auto-trader","bot":"Solana i Bitcoin a 4 hores (454%)","interval":"4h","checkInterval":"1h","msg":"globalPoll: candle tancada, llançant runBotScan"}
{"level":30,"time":1777147260905,"pid":8940,"hostname":"DESKTOP-KPAMGTB","module":"auto-trader","bot":"Només per testeig - Te perdues -Anàlisi cada 30 minuts","interval":"30m","checkInterval":"30m","msg":"globalPoll: candle tancada, llançant runBotScan"}
{"level":30,"time":1777147372755,"pid":8940,"hostname":"DESKTOP-KPAMGTB","module":"binance","assets":23,"mode":"paper","msg":"balance"}
{"level":30,"time":1777148274320,"pid":8940,"hostname":"DESKTOP-KPAMGTB","module":"binance","assets":23,"mode":"paper","msg":"balance"}
{"level":30,"time":1777149003317,"pid":8940,"hostname":"DESKTOP-KPAMGTB","module":"auto-trader","bot":"Només per testeig - Te perdues -Anàlisi cada 30 minuts","interval":"30m","checkInterval":"30m","msg":"globalPoll: candle tancada, llançant runBotScan"}
{"level":30,"time":1777149171969,"pid":8940,"hostname":"DESKTOP-KPAMGTB","module":"binance","assets":23,"mode":"paper","msg":"balance"}
{"level":30,"time":1777150072057,"pid":8940,"hostname":"DESKTOP-KPAMGTB","module":"telegram","msg":"informe horari enviat"}
{"level":30,"time":1777150073184,"pid":8940,"hostname":"DESKTOP-KPAMGTB","module":"binance","assets":23,"mode":"paper","msg":"balance"}
{"level":30,"time":1777150120918,"pid":8940,"hostname":"DESKTOP-KPAMGTB","module":"binance","assets":23,"mode":"paper","msg":"balance"}
{"level":30,"time":1777150121426,"pid":8940,"hostname":"DESKTOP-KPAMGTB","module":"binance","assets":23,"mode":"paper","msg":"balance"}
{"level":30,"time":1777150146634,"pid":8940,"hostname":"DESKTOP-KPAMGTB","module":"orders","symbol":"SOLUSDC","side":"SELL","fillPrice":85.91000000000001,"quantity":"11","commissionInBase":0.0105051,"tpPrice":"86.49","slStopPrice":"85.77","buyOrderId":334580741,"ocoOrderListId":2531903,"msg":"compra de mercat + OCO"}
{"level":30,"time":1777150817869,"pid":8940,"hostname":"DESKTOP-KPAMGTB","module":"binance","symbol":"BTCUSDC","interval":"1h","verdict":"WAIT","score":47,"price":77505.28,"msg":"scanner"}
{"level":30,"time":1777150818602,"pid":8940,"hostname":"DESKTOP-KPAMGTB","module":"binance","assets":23,"mode":"paper","msg":"balance"}
{"level":30,"time":1777150818891,"pid":8940,"hostname":"DESKTOP-KPAMGTB","module":"binance","assets":23,"mode":"paper","msg":"balance"}
{"level":30,"time":1777150833025,"pid":8940,"hostname":"DESKTOP-KPAMGTB","module":"binance","symbol":"BTCUSDC","interval":"4h","verdict":"WAIT","score":53,"price":77505.29,"msg":"scanner"}
{"level":30,"time":1777150859336,"pid":8940,"hostname":"DESKTOP-KPAMGTB","module":"binance","symbol":"BTCUSDC","interval":"5m","verdict":"WAIT","score":59,"price":77509.26,"msg":"scanner"}
{"level":30,"time":1777150859972,"pid":8940,"hostname":"DESKTOP-KPAMGTB","module":"auto-trader","bot":"Solana i Bitcoin a 4 hores (454%)","interval":"4h","checkInterval":"1h","msg":"globalPoll: candle tancada, llançant runBotScan"}
{"level":30,"time":1777150859975,"pid":8940,"hostname":"DESKTOP-KPAMGTB","module":"auto-trader","bot":"Només per testeig - Te perdues -Anàlisi cada 30 minuts","interval":"30m","checkInterval":"30m","msg":"globalPoll: candle tancada, llançant runBotScan"}
{"level":30,"time":1777150896010,"pid":8940,"hostname":"DESKTOP-KPAMGTB","module":"orders","symbol":"BTCUSDC","side":"SELL","fillPrice":77509.26000000001,"quantity":"0.00415000","commissionInBase":0.00000395,"tpPrice":"79299.73000000","slStopPrice":"77082.95000000","buyOrderId":1372549059,"ocoOrderListId":2531992,"msg":"compra de mercat + OCO"}
{"level":30,"time":1777150918103,"pid":8940,"hostname":"DESKTOP-KPAMGTB","module":"binance","assets":23,"mode":"paper","msg":"balance"}
{"level":30,"time":1777150918356,"pid":8940,"hostname":"DESKTOP-KPAMGTB","module":"binance","assets":23,"mode":"paper","msg":"balance"}
{"level":30,"time":1777150938391,"pid":8940,"hostname":"DESKTOP-KPAMGTB","module":"binance","symbol":"BTCUSDC","interval":"5m","verdict":"BUY","score":66,"price":77542.84,"msg":"scanner"}
{"level":30,"time":1777150939022,"pid":8940,"hostname":"DESKTOP-KPAMGTB","module":"binance","symbol":"BTCUSDC","interval":"1h","verdict":"WAIT","score":50,"price":77542.84,"msg":"scanner"}
{"level":30,"time":1777150972696,"pid":8940,"hostname":"DESKTOP-KPAMGTB","module":"binance","assets":23,"mode":"paper","msg":"balance"}
{"level":30,"time":1777151170344,"pid":8940,"hostname":"DESKTOP-KPAMGTB","module":"binance","symbol":"BTCUSDC","interval":"1h","verdict":"WAIT","score":50,"price":77532.86,"msg":"scanner"}
{"level":30,"time":1777151170942,"pid":8940,"hostname":"DESKTOP-KPAMGTB","module":"binance","assets":23,"mode":"paper","msg":"balance"}
{"level":30,"time":1777151171217,"pid":8940,"hostname":"DESKTOP-KPAMGTB","module":"binance","assets":23,"mode":"paper","msg":"balance"}
{"level":30,"time":1777151176998,"pid":8940,"hostname":"DESKTOP-KPAMGTB","module":"binance","symbol":"BTCUSDC","interval":"30m","verdict":"WAIT","score":59,"price":77532.86,"msg":"scanner"}
{"level":30,"time":1777151181903,"pid":8940,"hostname":"DESKTOP-KPAMGTB","module":"binance","symbol":"BTCUSDC","interval":"4h","verdict":"WAIT","score":53,"price":77532.87,"msg":"scanner"}
{"level":30,"time":1777151201096,"pid":8940,"hostname":"DESKTOP-KPAMGTB","module":"orders","symbol":"BTCUSDC","side":"SELL","fillPrice":77532.87000000001,"quantity":"0.00256000","commissionInBase":0.00000244,"tpPrice":"77850.76000000","slStopPrice":"77455.33000000","buyOrderId":1372591765,"ocoOrderListId":2532033,"msg":"compra de mercat + OCO"}
{"level":30,"time":1777151247183,"pid":8940,"hostname":"DESKTOP-KPAMGTB","module":"binance","assets":4,"mode":"real","msg":"balance"}
{"level":30,"time":1777151247585,"pid":8940,"hostname":"DESKTOP-KPAMGTB","module":"binance","assets":4,"mode":"real","msg":"balance"}
{"level":30,"time":1777151251880,"pid":8940,"hostname":"DESKTOP-KPAMGTB","module":"binance","count":0,"mode":"real","msg":"order history"}
{"level":30,"time":1777151252472,"pid":8940,"hostname":"DESKTOP-KPAMGTB","module":"binance","count":87,"msg":"trades"}
{"level":30,"time":1777151252792,"pid":8940,"hostname":"DESKTOP-KPAMGTB","module":"binance","count":87,"msg":"trades"}
{"level":30,"time":1777151254503,"pid":8940,"hostname":"DESKTOP-KPAMGTB","module":"binance","symbol":"BTCUSDC","interval":"5m","verdict":"WAIT","score":59,"price":77557.92,"msg":"scanner"}
{"level":30,"time":1777151254918,"pid":8940,"hostname":"DESKTOP-KPAMGTB","module":"binance","symbol":"ETHUSDC","interval":"5m","verdict":"WAIT","score":56,"price":2316.4,"msg":"scanner"}
{"level":30,"time":1777151255316,"pid":8940,"hostname":"DESKTOP-KPAMGTB","module":"binance","symbol":"ETHUSDC","interval":"1h","verdict":"WAIT","score":53,"price":2316.4,"msg":"scanner"}
{"level":30,"time":1777151255353,"pid":8940,"hostname":"DESKTOP-KPAMGTB","module":"binance","symbol":"ETHUSDC","interval":"4h","verdict":"WAIT","score":47,"price":2316.4,"msg":"scanner"}
{"level":30,"time":1777151255373,"pid":8940,"hostname":"DESKTOP-KPAMGTB","module":"binance","symbol":"BNBUSDC","interval":"5m","verdict":"WAIT","score":41,"price":629.68,"msg":"scanner"}
{"level":30,"time":1777151255434,"pid":8940,"hostname":"DESKTOP-KPAMGTB","module":"binance","symbol":"BNBUSDC","interval":"1h","verdict":"WAIT","score":41,"price":629.68,"msg":"scanner"}
{"level":30,"time":1777151255859,"pid":8940,"hostname":"DESKTOP-KPAMGTB","module":"binance","symbol":"BNBUSDC","interval":"4h","verdict":"WAIT","score":44,"price":629.68,"msg":"scanner"}
{"level":30,"time":1777151255939,"pid":8940,"hostname":"DESKTOP-KPAMGTB","module":"binance","symbol":"SOLUSDC","interval":"1h","verdict":"WAIT","score":41,"price":86.04,"msg":"scanner"}
{"level":30,"time":1777151255949,"pid":8940,"hostname":"DESKTOP-KPAMGTB","module":"binance","symbol":"SOLUSDC","interval":"4h","verdict":"AVOID","score":34,"price":86.04,"msg":"scanner"}
{"level":30,"time":1777151255996,"pid":8940,"hostname":"DESKTOP-KPAMGTB","module":"binance","symbol":"SOLUSDC","interval":"5m","verdict":"WAIT","score":56,"price":86.04,"msg":"scanner"}
{"level":30,"time":1777151256267,"pid":8940,"hostname":"DESKTOP-KPAMGTB","module":"binance","symbol":"XRPUSDC","interval":"5m","verdict":"WAIT","score":50,"price":1.4236,"msg":"scanner"}
{"level":30,"time":1777151256381,"pid":8940,"hostname":"DESKTOP-KPAMGTB","module":"binance","symbol":"XRPUSDC","interval":"1h","verdict":"WAIT","score":44,"price":1.4236,"msg":"scanner"}
{"level":30,"time":1777151256479,"pid":8940,"hostname":"DESKTOP-KPAMGTB","module":"binance","symbol":"XRPUSDC","interval":"4h","verdict":"AVOID","score":31,"price":1.4236,"msg":"scanner"}
{"level":30,"time":1777151256495,"pid":8940,"hostname":"DESKTOP-KPAMGTB","module":"binance","symbol":"DOGEUSDC","interval":"5m","verdict":"WAIT","score":44,"price":0.098,"msg":"scanner"}
{"level":30,"time":1777151256670,"pid":8940,"hostname":"DESKTOP-KPAMGTB","module":"binance","symbol":"DOGEUSDC","interval":"1h","verdict":"WAIT","score":47,"price":0.098,"msg":"scanner"}
{"level":30,"time":1777151256863,"pid":8940,"hostname":"DESKTOP-KPAMGTB","module":"binance","symbol":"DOGEUSDC","interval":"4h","verdict":"WAIT","score":50,"price":0.098,"msg":"scanner"}
{"level":30,"time":1777151256908,"pid":8940,"hostname":"DESKTOP-KPAMGTB","module":"binance","symbol":"ADAUSDC","interval":"5m","verdict":"WAIT","score":50,"price":0.25,"msg":"scanner"}
{"level":30,"time":1777151256979,"pid":8940,"hostname":"DESKTOP-KPAMGTB","module":"binance","symbol":"ADAUSDC","interval":"1h","verdict":"WAIT","score":44,"price":0.25,"msg":"scanner"}
{"level":30,"time":1777151257211,"pid":8940,"hostname":"DESKTOP-KPAMGTB","module":"binance","symbol":"AVAXUSDC","interval":"5m","verdict":"WAIT","score":53,"price":9.33,"msg":"scanner"}
{"level":30,"time":1777151257298,"pid":8940,"hostname":"DESKTOP-KPAMGTB","module":"binance","symbol":"AVAXUSDC","interval":"1h","verdict":"WAIT","score":53,"price":9.33,"msg":"scanner"}
{"level":30,"time":1777151257380,"pid":8940,"hostname":"DESKTOP-KPAMGTB","module":"binance","symbol":"AVAXUSDC","interval":"4h","verdict":"AVOID","score":34,"price":9.33,"msg":"scanner"}
{"level":30,"time":1777151257392,"pid":8940,"hostname":"DESKTOP-KPAMGTB","module":"binance","symbol":"ADAUSDC","interval":"4h","verdict":"WAIT","score":41,"price":0.25,"msg":"scanner"}
{"level":30,"time":1777151257560,"pid":8940,"hostname":"DESKTOP-KPAMGTB","module":"binance","symbol":"TRXUSDC","interval":"5m","verdict":"WAIT","score":47,"price":0.3241,"msg":"scanner"}
{"level":30,"time":1777151257698,"pid":8940,"hostname":"DESKTOP-KPAMGTB","module":"binance","symbol":"TRXUSDC","interval":"1h","verdict":"AVOID","score":34,"price":0.3241,"msg":"scanner"}
{"level":30,"time":1777151257731,"pid":8940,"hostname":"DESKTOP-KPAMGTB","module":"binance","symbol":"TRXUSDC","interval":"4h","verdict":"WAIT","score":47,"price":0.3241,"msg":"scanner"}
{"level":30,"time":1777151257817,"pid":8940,"hostname":"DESKTOP-KPAMGTB","module":"binance","symbol":"DOTUSDC","interval":"5m","verdict":"WAIT","score":44,"price":1.246,"msg":"scanner"}
{"level":30,"time":1777151257948,"pid":8940,"hostname":"DESKTOP-KPAMGTB","module":"binance","symbol":"DOTUSDC","interval":"1h","verdict":"WAIT","score":53,"price":1.246,"msg":"scanner"}
{"level":30,"time":1777151258113,"pid":8940,"hostname":"DESKTOP-KPAMGTB","module":"binance","symbol":"DOTUSDC","interval":"4h","verdict":"WAIT","score":38,"price":1.246,"msg":"scanner"}
{"level":30,"time":1777151258268,"pid":8940,"hostname":"DESKTOP-KPAMGTB","module":"binance","symbol":"LINKUSDC","interval":"5m","verdict":"WAIT","score":50,"price":9.34,"msg":"scanner"}
{"level":30,"time":1777151258316,"pid":8940,"hostname":"DESKTOP-KPAMGTB","module":"binance","symbol":"LINKUSDC","interval":"1h","verdict":"WAIT","score":44,"price":9.34,"msg":"scanner"}
{"level":30,"time":1777151258428,"pid":8940,"hostname":"DESKTOP-KPAMGTB","module":"binance","symbol":"LINKUSDC","interval":"4h","verdict":"WAIT","score":47,"price":9.34,"msg":"scanner"}
{"level":30,"time":1777151258702,"pid":8940,"hostname":"DESKTOP-KPAMGTB","module":"binance","symbol":"MATICUSDC","interval":"1h","verdict":"WAIT","score":41,"price":0.3791,"msg":"scanner"}
{"level":30,"time":1777151258758,"pid":8940,"hostname":"DESKTOP-KPAMGTB","module":"binance","symbol":"MATICUSDC","interval":"5m","verdict":"WAIT","score":53,"price":0.3791,"msg":"scanner"}
{"level":30,"time":1777151258787,"pid":8940,"hostname":"DESKTOP-KPAMGTB","module":"binance","symbol":"MATICUSDC","interval":"4h","verdict":"WAIT","score":47,"price":0.3791,"msg":"scanner"}
{"level":30,"time":1777151259077,"pid":8940,"hostname":"DESKTOP-KPAMGTB","module":"binance","symbol":"LTCUSDC","interval":"5m","verdict":"WAIT","score":53,"price":55.99,"msg":"scanner"}
{"level":30,"time":1777151259315,"pid":8940,"hostname":"DESKTOP-KPAMGTB","module":"binance","symbol":"LTCUSDC","interval":"1h","verdict":"WAIT","score":44,"price":55.99,"msg":"scanner"}
{"level":30,"time":1777151259434,"pid":8940,"hostname":"DESKTOP-KPAMGTB","module":"binance","symbol":"LTCUSDC","interval":"4h","verdict":"WAIT","score":44,"price":55.99,"msg":"scanner"}
{"level":30,"time":1777151259456,"pid":8940,"hostname":"DESKTOP-KPAMGTB","module":"binance","symbol":"SHIBUSDC","interval":"5m","verdict":"WAIT","score":53,"price":0.00000615,"msg":"scanner"}
{"level":30,"time":1777151259606,"pid":8940,"hostname":"DESKTOP-KPAMGTB","module":"binance","symbol":"SHIBUSDC","interval":"1h","verdict":"WAIT","score":53,"price":0.00000615,"msg":"scanner"}
{"level":30,"time":1777151259949,"pid":8940,"hostname":"DESKTOP-KPAMGTB","module":"binance","symbol":"SHIBUSDC","interval":"4h","verdict":"WAIT","score":47,"price":0.00000615,"msg":"scanner"}
{"level":30,"time":1777151260069,"pid":8940,"hostname":"DESKTOP-KPAMGTB","module":"binance","symbol":"UNIUSDC","interval":"5m","verdict":"WAIT","score":41,"price":3.246,"msg":"scanner"}
{"level":30,"time":1777151260206,"pid":8940,"hostname":"DESKTOP-KPAMGTB","module":"binance","symbol":"UNIUSDC","interval":"1h","verdict":"WAIT","score":41,"price":3.246,"msg":"scanner"}
{"level":30,"time":1777151260252,"pid":8940,"hostname":"DESKTOP-KPAMGTB","module":"binance","symbol":"UNIUSDC","interval":"4h","verdict":"AVOID","score":34,"price":3.246,"msg":"scanner"}
{"level":30,"time":1777151260567,"pid":8940,"hostname":"DESKTOP-KPAMGTB","module":"binance","symbol":"ATOMUSDC","interval":"5m","verdict":"WAIT","score":53,"price":2.024,"msg":"scanner"}
{"level":30,"time":1777151260668,"pid":8940,"hostname":"DESKTOP-KPAMGTB","module":"binance","symbol":"ATOMUSDC","interval":"1h","verdict":"WAIT","score":53,"price":2.024,"msg":"scanner"}
{"level":30,"time":1777151260980,"pid":8940,"hostname":"DESKTOP-KPAMGTB","module":"binance","symbol":"ATOMUSDC","interval":"4h","verdict":"WAIT","score":53,"price":2.024,"msg":"scanner"}
{"level":30,"time":1777151261069,"pid":8940,"hostname":"DESKTOP-KPAMGTB","module":"binance","symbol":"ETCUSDC","interval":"5m","verdict":"WAIT","score":56,"price":8.44,"msg":"scanner"}
{"level":30,"time":1777151261265,"pid":8940,"hostname":"DESKTOP-KPAMGTB","module":"binance","symbol":"ETCUSDC","interval":"1h","verdict":"WAIT","score":50,"price":8.44,"msg":"scanner"}
{"level":30,"time":1777151261532,"pid":8940,"hostname":"DESKTOP-KPAMGTB","module":"binance","symbol":"ETCUSDC","interval":"4h","verdict":"AVOID","score":31,"price":8.44,"msg":"scanner"}
{"level":30,"time":1777151261728,"pid":8940,"hostname":"DESKTOP-KPAMGTB","module":"binance","symbol":"XLMUSDC","interval":"5m","verdict":"WAIT","score":56,"price":0.1708,"msg":"scanner"}
{"level":30,"time":1777151261816,"pid":8940,"hostname":"DESKTOP-KPAMGTB","module":"binance","symbol":"XLMUSDC","interval":"1h","verdict":"WAIT","score":50,"price":0.1708,"msg":"scanner"}
{"level":30,"time":1777151262031,"pid":8940,"hostname":"DESKTOP-KPAMGTB","module":"binance","symbol":"XLMUSDC","interval":"4h","verdict":"WAIT","score":50,"price":0.1708,"msg":"scanner"}
{"level":30,"time":1777151262208,"pid":8940,"hostname":"DESKTOP-KPAMGTB","module":"binance","symbol":"APTUSDC","interval":"5m","verdict":"WAIT","score":53,"price":0.965,"msg":"scanner"}
{"level":30,"time":1777151262428,"pid":8940,"hostname":"DESKTOP-KPAMGTB","module":"binance","symbol":"APTUSDC","interval":"1h","verdict":"WAIT","score":47,"price":0.965,"msg":"scanner"}
{"level":30,"time":1777151262536,"pid":8940,"hostname":"DESKTOP-KPAMGTB","module":"binance","symbol":"APTUSDC","interval":"4h","verdict":"WAIT","score":53,"price":0.965,"msg":"scanner"}
{"level":30,"time":1777151262745,"pid":8940,"hostname":"DESKTOP-KPAMGTB","module":"binance","symbol":"NEARUSDC","interval":"5m","verdict":"WAIT","score":50,"price":1.401,"msg":"scanner"}
{"level":30,"time":1777151262813,"pid":8940,"hostname":"DESKTOP-KPAMGTB","module":"binance","symbol":"NEARUSDC","interval":"1h","verdict":"WAIT","score":47,"price":1.401,"msg":"scanner"}
{"level":30,"time":1777151263066,"pid":8940,"hostname":"DESKTOP-KPAMGTB","module":"binance","symbol":"NEARUSDC","interval":"4h","verdict":"WAIT","score":44,"price":1.401,"msg":"scanner"}
{"level":30,"time":1777151267512,"pid":8940,"hostname":"DESKTOP-KPAMGTB","module":"binance","assets":23,"mode":"paper","msg":"balance"}
{"level":30,"time":1777151268475,"pid":8940,"hostname":"DESKTOP-KPAMGTB","module":"binance","assets":23,"mode":"paper","msg":"balance"}
{"level":30,"time":1777151274683,"pid":8940,"hostname":"DESKTOP-KPAMGTB","module":"binance","assets":23,"mode":"paper","msg":"balance"}
{"level":30,"time":1777151274959,"pid":8940,"hostname":"DESKTOP-KPAMGTB","module":"binance","assets":23,"mode":"paper","msg":"balance"}
{"level":30,"time":1777151289831,"pid":8940,"hostname":"DESKTOP-KPAMGTB","module":"binance","symbol":"SOLUSDC","interval":"30m","verdict":"WAIT","score":41,"price":86.04,"msg":"scanner"}
{"level":30,"time":1777151308573,"pid":8940,"hostname":"DESKTOP-KPAMGTB","module":"orders","symbol":"SOLUSDC","side":"SELL","fillPrice":86.03,"quantity":"4.64400000","commissionInBase":0.00441655,"tpPrice":"86.60000000","slStopPrice":"85.91000000","buyOrderId":334601406,"ocoOrderListId":2532045,"msg":"compra de mercat + OCO"}
{"level":30,"time":1777151329102,"pid":8940,"hostname":"DESKTOP-KPAMGTB","module":"binance","assets":23,"mode":"paper","msg":"balance"}
{"level":30,"time":1777151333468,"pid":8940,"hostname":"DESKTOP-KPAMGTB","module":"binance","symbol":"BTCUSDC","interval":"1h","verdict":"WAIT","score":50,"price":77532.47,"msg":"scanner"}
{"level":30,"time":1777151333786,"pid":8940,"hostname":"DESKTOP-KPAMGTB","module":"binance","assets":23,"mode":"paper","msg":"balance"}
{"level":30,"time":1777151334401,"pid":8940,"hostname":"DESKTOP-KPAMGTB","module":"binance","assets":23,"mode":"paper","msg":"balance"}
{"level":30,"time":1777151347281,"pid":8940,"hostname":"DESKTOP-KPAMGTB","module":"orders","symbol":"BTCUSDC","side":"SELL","fillPrice":77532.47,"quantity":"0.01030000","commissionInBase":0.00000979,"tpPrice":"77850.36000000","slStopPrice":"77454.93000000","buyOrderId":1372611980,"ocoOrderListId":2532051,"msg":"compra de mercat + OCO"}
{"level":30,"time":1777151415509,"pid":8940,"hostname":"DESKTOP-KPAMGTB","module":"binance","assets":23,"mode":"paper","msg":"balance"}
{"level":30,"time":1777151415520,"pid":8940,"hostname":"DESKTOP-KPAMGTB","module":"binance","assets":23,"mode":"paper","msg":"balance"}
{"level":30,"time":1777151420712,"pid":8940,"hostname":"DESKTOP-KPAMGTB","module":"binance","assets":23,"mode":"paper","msg":"balance"}
{"level":30,"time":1777151421021,"pid":8940,"hostname":"DESKTOP-KPAMGTB","module":"binance","assets":23,"mode":"paper","msg":"balance"}
{"level":30,"time":1777151430350,"pid":8940,"hostname":"DESKTOP-KPAMGTB","module":"orders","symbol":"BTCUSDC","side":"SELL","fillPrice":77538.55,"quantity":"0.00901000","commissionInBase":0.00000857,"tpPrice":"79694.13000000","slStopPrice":"76817.44000000","buyOrderId":1372622670,"ocoOrderListId":2532061,"msg":"compra de mercat + OCO"}
{"level":30,"time":1777151436380,"pid":8940,"hostname":"DESKTOP-KPAMGTB","module":"binance","assets":23,"mode":"paper","msg":"balance"}
{"level":30,"time":1777151436679,"pid":8940,"hostname":"DESKTOP-KPAMGTB","module":"binance","assets":23,"mode":"paper","msg":"balance"}
{"level":30,"time":1777151466664,"pid":8940,"hostname":"DESKTOP-KPAMGTB","module":"orders","symbol":"BTCUSDC","side":"SELL","fillPrice":77538.55,"quantity":"0.00875000","commissionInBase":0.00000832,"tpPrice":"79694.12000000","slStopPrice":"76817.43000000","buyOrderId":1372627376,"ocoOrderListId":2532067,"msg":"compra de mercat + OCO"}
{"level":30,"time":1777151545482,"pid":8940,"hostname":"DESKTOP-KPAMGTB","module":"trailing-engine","mode":"paper","symbol":"SOLUSDC","price":86.1,"activateAt":86.0955,"msg":"trailing activat"}
{"level":30,"time":1777151567574,"pid":8940,"hostname":"DESKTOP-KPAMGTB","module":"binance","assets":23,"mode":"paper","msg":"balance"}
{"level":30,"time":1777151577537,"pid":8940,"hostname":"DESKTOP-KPAMGTB","module":"trailing-engine","symbol":"SOLUSDC","mode":"ATR","oldSl":85.6639,"newSl":"85.67","peak":86.11,"msg":"SL pujat"}
{"level":30,"time":1777151703988,"pid":8940,"hostname":"DESKTOP-KPAMGTB","module":"binance","symbol":"BTCUSDC","interval":"1h","verdict":"WAIT","score":50,"price":77530.3,"msg":"scanner"}
{"level":30,"time":1777151704958,"pid":8940,"hostname":"DESKTOP-KPAMGTB","module":"binance","assets":23,"mode":"paper","msg":"balance"}
{"level":30,"time":1777151705218,"pid":8940,"hostname":"DESKTOP-KPAMGTB","module":"binance","assets":23,"mode":"paper","msg":"balance"}
{"level":30,"time":1777151713703,"pid":8940,"hostname":"DESKTOP-KPAMGTB","module":"binance","symbol":"BTCUSDC","interval":"4h","verdict":"WAIT","score":53,"price":77530.3,"msg":"scanner"}
{"level":30,"time":1777151727686,"pid":8940,"hostname":"DESKTOP-KPAMGTB","module":"binance","symbol":"SOLUSDC","interval":"4h","verdict":"AVOID","score":34,"price":86.08,"msg":"scanner"}
{"level":30,"time":1777151727737,"pid":8940,"hostname":"DESKTOP-KPAMGTB","module":"binance","symbol":"SOLUSDC","interval":"1h","verdict":"WAIT","score":41,"price":86.08,"msg":"scanner"}
{"level":30,"time":1777151737824,"pid":8940,"hostname":"DESKTOP-KPAMGTB","module":"binance","assets":23,"mode":"paper","msg":"balance"}
{"level":30,"time":1777151740910,"pid":8940,"hostname":"DESKTOP-KPAMGTB","module":"binance","assets":23,"mode":"paper","msg":"balance"}
{"level":30,"time":1777151741162,"pid":8940,"hostname":"DESKTOP-KPAMGTB","module":"binance","assets":23,"mode":"paper","msg":"balance"}
{"level":50,"time":1777151787181,"pid":8940,"hostname":"DESKTOP-KPAMGTB","module":"api","source":"orders/buy-and-exit","code":"BAD_PARAMS","err":"Binance /orderList/oco 400: {\"code\":-1013,\"msg\":\"Filter failure: NOTIONAL\"}","msg":"error de ruta"}
{"level":30,"time":1777151873711,"pid":8940,"hostname":"DESKTOP-KPAMGTB","module":"binance","assets":23,"mode":"paper","msg":"balance"}
{"level":30,"time":1777152147691,"pid":8940,"hostname":"DESKTOP-KPAMGTB","module":"trailing-engine","symbol":"SOLUSDC","mode":"ATR","oldSl":85.67,"newSl":"85.68","peak":86.12,"msg":"SL pujat"}
{"level":30,"time":1777152600666,"pid":8940,"hostname":"DESKTOP-KPAMGTB","module":"auto-trader","bot":"Només per testeig - Te perdues -Anàlisi cada 30 minuts","interval":"30m","checkInterval":"30m","msg":"globalPoll: candle tancada, llançant runBotScan"}
{"level":30,"time":1777152774340,"pid":8940,"hostname":"DESKTOP-KPAMGTB","module":"binance","assets":23,"mode":"paper","msg":"balance"}
{"level":30,"time":1777152855008,"pid":8940,"hostname":"DESKTOP-KPAMGTB","module":"orders","mode":"paper","symbol":"SOLUSDC","side":"SELL","type":"STOP_LOSS_LIMIT","execPrice":85.82,"execValue":398.96604,"orderId":334601423,"msg":"ordre executada (fill)"}
{"level":30,"time":1777152865618,"pid":8940,"hostname":"DESKTOP-KPAMGTB","module":"trailing-engine","symbol":"SOLUSDC","orderListId":2532045,"msg":"eliminant trailing pendent — OCO ja no existeix a Binance"}
{"level":30,"time":1777153434542,"pid":8940,"hostname":"DESKTOP-KPAMGTB","module":"trailing-engine","symbol":"SOLUSDC","orderListId":2531903,"msg":"eliminant trailing pendent — OCO ja no existeix a Binance"}
{"level":30,"time":1777153434544,"pid":8940,"hostname":"DESKTOP-KPAMGTB","module":"trailing-engine","symbol":"BTCUSDC","orderListId":2532033,"msg":"eliminant trailing pendent — OCO ja no existeix a Binance"}
{"level":30,"time":1777153434544,"pid":8940,"hostname":"DESKTOP-KPAMGTB","module":"trailing-engine","symbol":"BTCUSDC","orderListId":2532051,"msg":"eliminant trailing pendent — OCO ja no existeix a Binance"}
{"level":30,"time":1777153449647,"pid":8940,"hostname":"DESKTOP-KPAMGTB","module":"orders","mode":"paper","symbol":"BTCUSDC","side":"SELL","type":"STOP_LOSS_LIMIT","execPrice":77377.87,"execValue":198.2835456,"orderId":1372591902,"msg":"ordre executada (fill)"}
{"level":30,"time":1777153450424,"pid":8940,"hostname":"DESKTOP-KPAMGTB","module":"orders","mode":"paper","symbol":"BTCUSDC","side":"SELL","type":"STOP_LOSS_LIMIT","execPrice":77377.47,"execValue":797.781453,"orderId":1372612113,"msg":"ordre executada (fill)"}
{"level":30,"time":1777153451106,"pid":8940,"hostname":"DESKTOP-KPAMGTB","module":"orders","mode":"paper","symbol":"SOLUSDC","side":"SELL","type":"STOP_LOSS_LIMIT","execPrice":85.68,"execValue":943.42391,"orderId":334580757,"msg":"ordre executada (fill)"}
{"level":30,"time":1777153672054,"pid":8940,"hostname":"DESKTOP-KPAMGTB","module":"telegram","msg":"informe horari enviat"}
{"level":30,"time":1777153674591,"pid":8940,"hostname":"DESKTOP-KPAMGTB","module":"binance","assets":23,"mode":"paper","msg":"balance"}
{"level":40,"time":1777154263013,"pid":8940,"hostname":"DESKTOP-KPAMGTB","module":"auto-trader","mode":"paper","err":"fetch failed","msg":"checkOrphanPositions: error obtenint dades"}
{"level":40,"time":1777154263019,"pid":8940,"hostname":"DESKTOP-KPAMGTB","module":"auto-trader","mode":"real","err":"fetch failed","msg":"checkOrphanPositions: error obtenint dades"}
{"level":30,"time":1777154450625,"pid":8940,"hostname":"DESKTOP-KPAMGTB","module":"auto-trader","bot":"Solana i Bitcoin a 4 hores (454%)","interval":"4h","checkInterval":"1h","msg":"globalPoll: candle tancada, llançant runBotScan"}
{"level":30,"time":1777154450631,"pid":8940,"hostname":"DESKTOP-KPAMGTB","module":"auto-trader","bot":"Només per testeig - Te perdues -Anàlisi cada 30 minuts","interval":"30m","checkInterval":"30m","msg":"globalPoll: candle tancada, llançant runBotScan"}
{"level":30,"time":1777154577176,"pid":8940,"hostname":"DESKTOP-KPAMGTB","module":"binance","assets":23,"mode":"paper","msg":"balance"}
