{"level":30,"time":1775390739243,"pid":10824,"hostname":"DESKTOP-KPAMGTB","module":"order-monitor","msg":"monitor iniciat"}
{"level":30,"time":1775390739258,"pid":10824,"hostname":"DESKTOP-KPAMGTB","module":"telegram","nextHourIn":54,"nextDailyIn":1044,"msg":"scheduler iniciat"}
{"level":30,"time":1775390739265,"pid":10824,"hostname":"DESKTOP-KPAMGTB","module":"orders","symbol":"BTCUSDT","thresholds":[{"windowMin":5,"pct":5},{"windowMin":15,"pct":8},{"windowMin":60,"pct":12}],"pollMs":60000,"msg":"Crash monitor iniciat"}
{"level":30,"time":1775390739275,"pid":10824,"hostname":"DESKTOP-KPAMGTB","module":"auto-trader","msg":"auto-trader multi-bot iniciat (poll 60s)"}
{"level":30,"time":1775390740628,"pid":10824,"hostname":"DESKTOP-KPAMGTB","module":"order-monitor","count":2,"msg":"inicialitzat"}
{"level":30,"time":1775390741385,"pid":10824,"hostname":"DESKTOP-KPAMGTB","module":"binance","assets":23,"msg":"balance"}
{"level":30,"time":1775390741739,"pid":10824,"hostname":"DESKTOP-KPAMGTB","module":"binance","assets":23,"msg":"balance"}
{"level":50,"time":1775390869083,"pid":10824,"hostname":"DESKTOP-KPAMGTB","module":"api","source":"orders","code":"NETWORK","err":"fetch failed","msg":"error de ruta"}
{"level":30,"time":1775390883945,"pid":10824,"hostname":"DESKTOP-KPAMGTB","module":"binance","assets":23,"msg":"balance"}
{"level":30,"time":1775390884624,"pid":10824,"hostname":"DESKTOP-KPAMGTB","module":"binance","assets":23,"msg":"balance"}
{"level":30,"time":1775391012600,"pid":10824,"hostname":"DESKTOP-KPAMGTB","module":"binance","assets":23,"msg":"balance"}
{"level":30,"time":1775391012985,"pid":10824,"hostname":"DESKTOP-KPAMGTB","module":"binance","assets":23,"msg":"balance"}
{"level":30,"time":1775391020886,"pid":10824,"hostname":"DESKTOP-KPAMGTB","module":"trailing-engine","msg":"motor iniciat"}
{"level":30,"time":1775391021856,"pid":10824,"hostname":"DESKTOP-KPAMGTB","module":"binance","count":50,"msg":"order history"}
{"level":30,"time":1775391021869,"pid":10824,"hostname":"DESKTOP-KPAMGTB","module":"binance","count":86,"msg":"trades"}
{"level":30,"time":1775391022183,"pid":10824,"hostname":"DESKTOP-KPAMGTB","module":"binance","count":86,"msg":"trades"}
{"level":30,"time":1775391026564,"pid":10824,"hostname":"DESKTOP-KPAMGTB","module":"binance","symbol":"BTCUSDT","interval":"5m","verdict":"WAIT","score":47,"price":66943.07,"msg":"scanner"}
{"level":30,"time":1775391026593,"pid":10824,"hostname":"DESKTOP-KPAMGTB","module":"binance","symbol":"BNBUSDT","interval":"1h","verdict":"WAIT","score":59,"price":593.47,"msg":"scanner"}
{"level":30,"time":1775391026603,"pid":10824,"hostname":"DESKTOP-KPAMGTB","module":"binance","symbol":"XRPUSDT","interval":"1h","verdict":"WAIT","score":47,"price":1.2967,"msg":"scanner"}
{"level":30,"time":1775391026622,"pid":10824,"hostname":"DESKTOP-KPAMGTB","module":"binance","symbol":"ETHUSDT","interval":"1h","verdict":"WAIT","score":41,"price":2040.18,"msg":"scanner"}
{"level":30,"time":1775391026634,"pid":10824,"hostname":"DESKTOP-KPAMGTB","module":"binance","symbol":"SOLUSDT","interval":"1h","verdict":"WAIT","score":47,"price":79.8,"msg":"scanner"}
{"level":30,"time":1775391026648,"pid":10824,"hostname":"DESKTOP-KPAMGTB","module":"binance","symbol":"BTCUSDT","interval":"4h","verdict":"AVOID","score":34,"price":66943.07,"msg":"scanner"}
{"level":30,"time":1775391026738,"pid":10824,"hostname":"DESKTOP-KPAMGTB","module":"binance","symbol":"BTCUSDT","interval":"5m","verdict":"WAIT","score":47,"price":66943.07,"msg":"scanner"}
{"level":30,"time":1775391026804,"pid":10824,"hostname":"DESKTOP-KPAMGTB","module":"binance","symbol":"XRPUSDT","interval":"1h","verdict":"WAIT","score":47,"price":1.2967,"msg":"scanner"}
{"level":30,"time":1775391026816,"pid":10824,"hostname":"DESKTOP-KPAMGTB","module":"binance","symbol":"BNBUSDT","interval":"1h","verdict":"WAIT","score":59,"price":593.47,"msg":"scanner"}
{"level":30,"time":1775391026827,"pid":10824,"hostname":"DESKTOP-KPAMGTB","module":"binance","symbol":"BTCUSDT","interval":"4h","verdict":"AVOID","score":34,"price":66943.07,"msg":"scanner"}
{"level":30,"time":1775391026857,"pid":10824,"hostname":"DESKTOP-KPAMGTB","module":"binance","symbol":"ETHUSDT","interval":"1h","verdict":"WAIT","score":41,"price":2040.18,"msg":"scanner"}
{"level":30,"time":1775391026867,"pid":10824,"hostname":"DESKTOP-KPAMGTB","module":"binance","symbol":"BTCUSDT","interval":"1h","verdict":"AVOID","score":34,"price":66943.07,"msg":"scanner"}
{"level":30,"time":1775391026890,"pid":10824,"hostname":"DESKTOP-KPAMGTB","module":"binance","symbol":"SOLUSDT","interval":"1h","verdict":"WAIT","score":47,"price":79.8,"msg":"scanner"}
{"level":30,"time":1775391026901,"pid":10824,"hostname":"DESKTOP-KPAMGTB","module":"binance","symbol":"BTCUSDT","interval":"1h","verdict":"AVOID","score":34,"price":66943.07,"msg":"scanner"}
{"level":30,"time":1775391032585,"pid":10824,"hostname":"DESKTOP-KPAMGTB","module":"binance","symbol":"ETHUSDT","interval":"4h","verdict":"AVOID","score":34,"price":2040.18,"msg":"scanner"}
{"level":30,"time":1775391032621,"pid":10824,"hostname":"DESKTOP-KPAMGTB","module":"binance","symbol":"SOLUSDT","interval":"4h","verdict":"AVOID","score":31,"price":79.8,"msg":"scanner"}
{"level":30,"time":1775391032636,"pid":10824,"hostname":"DESKTOP-KPAMGTB","module":"binance","symbol":"BNBUSDT","interval":"4h","verdict":"AVOID","score":34,"price":593.43,"msg":"scanner"}
{"level":30,"time":1775391032665,"pid":10824,"hostname":"DESKTOP-KPAMGTB","module":"binance","symbol":"XRPUSDT","interval":"4h","verdict":"AVOID","score":34,"price":1.2967,"msg":"scanner"}
{"level":30,"time":1775391080208,"pid":10824,"hostname":"DESKTOP-KPAMGTB","module":"binance","symbol":"BTCUSDT","interval":"5m","verdict":"WAIT","score":41,"price":66936.38,"msg":"scanner"}
{"level":30,"time":1775391080222,"pid":10824,"hostname":"DESKTOP-KPAMGTB","module":"binance","symbol":"ETHUSDT","interval":"5m","verdict":"WAIT","score":44,"price":2040,"msg":"scanner"}
{"level":30,"time":1775391080236,"pid":10824,"hostname":"DESKTOP-KPAMGTB","module":"binance","symbol":"BTCUSDT","interval":"5m","verdict":"WAIT","score":41,"price":66936.38,"msg":"scanner"}
{"level":30,"time":1775391080534,"pid":10824,"hostname":"DESKTOP-KPAMGTB","module":"binance","symbol":"BNBUSDT","interval":"5m","verdict":"WAIT","score":44,"price":593.27,"msg":"scanner"}
{"level":30,"time":1775391080689,"pid":10824,"hostname":"DESKTOP-KPAMGTB","module":"binance","symbol":"SOLUSDT","interval":"5m","verdict":"AVOID","score":31,"price":79.79,"msg":"scanner"}
{"level":30,"time":1775391080795,"pid":10824,"hostname":"DESKTOP-KPAMGTB","module":"binance","symbol":"XRPUSDT","interval":"5m","verdict":"WAIT","score":38,"price":1.2963,"msg":"scanner"}
{"level":30,"time":1775391081002,"pid":10824,"hostname":"DESKTOP-KPAMGTB","module":"binance","symbol":"DOGEUSDT","interval":"5m","verdict":"WAIT","score":38,"price":0.09023,"msg":"scanner"}
{"level":30,"time":1775391081071,"pid":10824,"hostname":"DESKTOP-KPAMGTB","module":"binance","symbol":"DOGEUSDT","interval":"1h","verdict":"WAIT","score":50,"price":0.09023,"msg":"scanner"}
{"level":30,"time":1775391081115,"pid":10824,"hostname":"DESKTOP-KPAMGTB","module":"binance","symbol":"DOGEUSDT","interval":"4h","verdict":"AVOID","score":31,"price":0.09023,"msg":"scanner"}
{"level":30,"time":1775391081183,"pid":10824,"hostname":"DESKTOP-KPAMGTB","module":"binance","symbol":"ADAUSDT","interval":"5m","verdict":"AVOID","score":34,"price":0.2419,"msg":"scanner"}
{"level":30,"time":1775391081419,"pid":10824,"hostname":"DESKTOP-KPAMGTB","module":"binance","symbol":"ADAUSDT","interval":"1h","verdict":"WAIT","score":50,"price":0.2419,"msg":"scanner"}
{"level":30,"time":1775391081504,"pid":10824,"hostname":"DESKTOP-KPAMGTB","module":"binance","symbol":"ADAUSDT","interval":"4h","verdict":"AVOID","score":31,"price":0.2419,"msg":"scanner"}
{"level":30,"time":1775391081607,"pid":10824,"hostname":"DESKTOP-KPAMGTB","module":"binance","symbol":"AVAXUSDT","interval":"1h","verdict":"WAIT","score":44,"price":8.81,"msg":"scanner"}
{"level":30,"time":1775391081667,"pid":10824,"hostname":"DESKTOP-KPAMGTB","module":"binance","symbol":"AVAXUSDT","interval":"5m","verdict":"AVOID","score":34,"price":8.81,"msg":"scanner"}
{"level":30,"time":1775391081753,"pid":10824,"hostname":"DESKTOP-KPAMGTB","module":"binance","symbol":"AVAXUSDT","interval":"4h","verdict":"AVOID","score":31,"price":8.81,"msg":"scanner"}
{"level":30,"time":1775391081817,"pid":10824,"hostname":"DESKTOP-KPAMGTB","module":"binance","symbol":"TRXUSDT","interval":"5m","verdict":"WAIT","score":56,"price":0.3182,"msg":"scanner"}
{"level":30,"time":1775391081905,"pid":10824,"hostname":"DESKTOP-KPAMGTB","module":"binance","symbol":"TRXUSDT","interval":"1h","verdict":"WAIT","score":59,"price":0.3182,"msg":"scanner"}
{"level":30,"time":1775391081984,"pid":10824,"hostname":"DESKTOP-KPAMGTB","module":"binance","symbol":"TRXUSDT","interval":"4h","verdict":"WAIT","score":47,"price":0.3182,"msg":"scanner"}
{"level":30,"time":1775391082082,"pid":10824,"hostname":"DESKTOP-KPAMGTB","module":"binance","symbol":"DOTUSDT","interval":"5m","verdict":"WAIT","score":59,"price":1.229,"msg":"scanner"}
{"level":30,"time":1775391082148,"pid":10824,"hostname":"DESKTOP-KPAMGTB","module":"binance","symbol":"DOTUSDT","interval":"1h","verdict":"WAIT","score":47,"price":1.229,"msg":"scanner"}
{"level":30,"time":1775391082213,"pid":10824,"hostname":"DESKTOP-KPAMGTB","module":"binance","symbol":"DOTUSDT","interval":"4h","verdict":"AVOID","score":31,"price":1.229,"msg":"scanner"}
{"level":30,"time":1775391082283,"pid":10824,"hostname":"DESKTOP-KPAMGTB","module":"binance","symbol":"LINKUSDT","interval":"5m","verdict":"AVOID","score":34,"price":8.54,"msg":"scanner"}
{"level":30,"time":1775391082401,"pid":10824,"hostname":"DESKTOP-KPAMGTB","module":"binance","symbol":"LINKUSDT","interval":"1h","verdict":"WAIT","score":44,"price":8.54,"msg":"scanner"}
{"level":30,"time":1775391082499,"pid":10824,"hostname":"DESKTOP-KPAMGTB","module":"binance","symbol":"LINKUSDT","interval":"4h","verdict":"WAIT","score":38,"price":8.54,"msg":"scanner"}
{"level":30,"time":1775391082585,"pid":10824,"hostname":"DESKTOP-KPAMGTB","module":"binance","symbol":"MATICUSDT","interval":"5m","verdict":"WAIT","score":59,"price":0.3794,"msg":"scanner"}
{"level":30,"time":1775391082707,"pid":10824,"hostname":"DESKTOP-KPAMGTB","module":"binance","symbol":"MATICUSDT","interval":"1h","verdict":"WAIT","score":47,"price":0.3794,"msg":"scanner"}
{"level":30,"time":1775391082750,"pid":10824,"hostname":"DESKTOP-KPAMGTB","module":"binance","symbol":"MATICUSDT","interval":"4h","verdict":"WAIT","score":41,"price":0.3794,"msg":"scanner"}
{"level":30,"time":1775391082982,"pid":10824,"hostname":"DESKTOP-KPAMGTB","module":"binance","symbol":"LTCUSDT","interval":"5m","verdict":"WAIT","score":38,"price":52.82,"msg":"scanner"}
{"level":30,"time":1775391083044,"pid":10824,"hostname":"DESKTOP-KPAMGTB","module":"binance","symbol":"LTCUSDT","interval":"1h","verdict":"WAIT","score":47,"price":52.82,"msg":"scanner"}
{"level":30,"time":1775391083094,"pid":10824,"hostname":"DESKTOP-KPAMGTB","module":"binance","symbol":"LTCUSDT","interval":"4h","verdict":"WAIT","score":38,"price":52.82,"msg":"scanner"}
{"level":30,"time":1775391083153,"pid":10824,"hostname":"DESKTOP-KPAMGTB","module":"binance","symbol":"SHIBUSDT","interval":"5m","verdict":"BUY","score":66,"price":0.00000583,"msg":"scanner"}
{"level":30,"time":1775391083307,"pid":10824,"hostname":"DESKTOP-KPAMGTB","module":"binance","symbol":"SHIBUSDT","interval":"1h","verdict":"WAIT","score":47,"price":0.00000583,"msg":"scanner"}
{"level":30,"time":1775391083366,"pid":10824,"hostname":"DESKTOP-KPAMGTB","module":"binance","symbol":"SHIBUSDT","interval":"4h","verdict":"WAIT","score":41,"price":0.00000583,"msg":"scanner"}
{"level":30,"time":1775391083434,"pid":10824,"hostname":"DESKTOP-KPAMGTB","module":"binance","symbol":"UNIUSDT","interval":"5m","verdict":"WAIT","score":50,"price":3.079,"msg":"scanner"}
{"level":30,"time":1775391083774,"pid":10824,"hostname":"DESKTOP-KPAMGTB","module":"binance","symbol":"UNIUSDT","interval":"1h","verdict":"WAIT","score":44,"price":3.079,"msg":"scanner"}
{"level":30,"time":1775391083896,"pid":10824,"hostname":"DESKTOP-KPAMGTB","module":"binance","symbol":"UNIUSDT","interval":"4h","verdict":"WAIT","score":53,"price":3.079,"msg":"scanner"}
{"level":30,"time":1775391083964,"pid":10824,"hostname":"DESKTOP-KPAMGTB","module":"binance","symbol":"ATOMUSDT","interval":"5m","verdict":"WAIT","score":50,"price":1.689,"msg":"scanner"}
{"level":30,"time":1775391083987,"pid":10824,"hostname":"DESKTOP-KPAMGTB","module":"binance","symbol":"ATOMUSDT","interval":"1h","verdict":"WAIT","score":50,"price":1.689,"msg":"scanner"}
{"level":30,"time":1775391084084,"pid":10824,"hostname":"DESKTOP-KPAMGTB","module":"binance","symbol":"ATOMUSDT","interval":"4h","verdict":"WAIT","score":41,"price":1.689,"msg":"scanner"}
{"level":30,"time":1775391084193,"pid":10824,"hostname":"DESKTOP-KPAMGTB","module":"binance","symbol":"ETCUSDT","interval":"5m","verdict":"WAIT","score":56,"price":8.53,"msg":"scanner"}
{"level":30,"time":1775391084322,"pid":10824,"hostname":"DESKTOP-KPAMGTB","module":"binance","symbol":"ETCUSDT","interval":"1h","verdict":"BUY","score":66,"price":8.53,"msg":"scanner"}
{"level":30,"time":1775391084375,"pid":10824,"hostname":"DESKTOP-KPAMGTB","module":"binance","symbol":"ETCUSDT","interval":"4h","verdict":"WAIT","score":59,"price":8.53,"msg":"scanner"}
{"level":30,"time":1775391084497,"pid":10824,"hostname":"DESKTOP-KPAMGTB","module":"binance","symbol":"XLMUSDT","interval":"5m","verdict":"WAIT","score":41,"price":0.158,"msg":"scanner"}
{"level":30,"time":1775391084514,"pid":10824,"hostname":"DESKTOP-KPAMGTB","module":"binance","symbol":"XLMUSDT","interval":"1h","verdict":"WAIT","score":41,"price":0.158,"msg":"scanner"}
{"level":30,"time":1775391084639,"pid":10824,"hostname":"DESKTOP-KPAMGTB","module":"binance","symbol":"XLMUSDT","interval":"4h","verdict":"AVOID","score":34,"price":0.158,"msg":"scanner"}
{"level":30,"time":1775391084682,"pid":10824,"hostname":"DESKTOP-KPAMGTB","module":"binance","symbol":"APTUSDT","interval":"5m","verdict":"WAIT","score":53,"price":0.836,"msg":"scanner"}
{"level":30,"time":1775391084875,"pid":10824,"hostname":"DESKTOP-KPAMGTB","module":"binance","symbol":"APTUSDT","interval":"1h","verdict":"WAIT","score":44,"price":0.836,"msg":"scanner"}
{"level":30,"time":1775391084929,"pid":10824,"hostname":"DESKTOP-KPAMGTB","module":"binance","symbol":"APTUSDT","interval":"4h","verdict":"WAIT","score":53,"price":0.836,"msg":"scanner"}
{"level":30,"time":1775391084984,"pid":10824,"hostname":"DESKTOP-KPAMGTB","module":"binance","symbol":"NEARUSDT","interval":"5m","verdict":"WAIT","score":53,"price":1.246,"msg":"scanner"}
{"level":30,"time":1775391085069,"pid":10824,"hostname":"DESKTOP-KPAMGTB","module":"binance","symbol":"NEARUSDT","interval":"1h","verdict":"WAIT","score":59,"price":1.246,"msg":"scanner"}
{"level":30,"time":1775391085269,"pid":10824,"hostname":"DESKTOP-KPAMGTB","module":"binance","symbol":"NEARUSDT","interval":"4h","verdict":"WAIT","score":59,"price":1.246,"msg":"scanner"}
{"level":30,"time":1775391260156,"pid":10824,"hostname":"DESKTOP-KPAMGTB","module":"binance","assets":23,"msg":"balance"}
{"level":30,"time":1775391260364,"pid":10824,"hostname":"DESKTOP-KPAMGTB","module":"binance","assets":23,"msg":"balance"}
{"level":50,"time":1775391494743,"pid":10824,"hostname":"DESKTOP-KPAMGTB","module":"api","source":"orders","code":"NETWORK","err":"fetch failed","msg":"error de ruta"}
{"level":40,"time":1775391649393,"pid":10824,"hostname":"DESKTOP-KPAMGTB","module":"auto-trader","err":"fetch failed","msg":"checkOrphanPositions: error obtenint dades"}
{"level":30,"time":1775391678006,"pid":10824,"hostname":"DESKTOP-KPAMGTB","module":"binance","symbol":"BTCUSDT","interval":"5m","verdict":"WAIT","score":50,"price":66924.01,"msg":"scanner"}
{"level":30,"time":1775391678024,"pid":10824,"hostname":"DESKTOP-KPAMGTB","module":"binance","symbol":"BTCUSDT","interval":"4h","verdict":"AVOID","score":34,"price":66924.01,"msg":"scanner"}
{"level":30,"time":1775391678064,"pid":10824,"hostname":"DESKTOP-KPAMGTB","module":"binance","symbol":"ETHUSDT","interval":"5m","verdict":"WAIT","score":44,"price":2038.77,"msg":"scanner"}
{"level":30,"time":1775391678089,"pid":10824,"hostname":"DESKTOP-KPAMGTB","module":"binance","symbol":"BTCUSDT","interval":"5m","verdict":"WAIT","score":50,"price":66924.01,"msg":"scanner"}
{"level":30,"time":1775391678118,"pid":10824,"hostname":"DESKTOP-KPAMGTB","module":"binance","symbol":"BTCUSDT","interval":"1h","verdict":"AVOID","score":34,"price":66924.01,"msg":"scanner"}
{"level":30,"time":1775391678140,"pid":10824,"hostname":"DESKTOP-KPAMGTB","module":"binance","symbol":"BTCUSDT","interval":"4h","verdict":"AVOID","score":34,"price":66924.01,"msg":"scanner"}
{"level":30,"time":1775391678151,"pid":10824,"hostname":"DESKTOP-KPAMGTB","module":"binance","symbol":"ETHUSDT","interval":"5m","verdict":"WAIT","score":44,"price":2038.77,"msg":"scanner"}
{"level":30,"time":1775391678271,"pid":10824,"hostname":"DESKTOP-KPAMGTB","module":"binance","symbol":"BTCUSDT","interval":"1h","verdict":"AVOID","score":34,"price":66924.01,"msg":"scanner"}
{"level":30,"time":1775391678461,"pid":10824,"hostname":"DESKTOP-KPAMGTB","module":"binance","symbol":"ETHUSDT","interval":"1h","verdict":"WAIT","score":44,"price":2038.77,"msg":"scanner"}
{"level":30,"time":1775391678490,"pid":10824,"hostname":"DESKTOP-KPAMGTB","module":"binance","symbol":"ETHUSDT","interval":"4h","verdict":"AVOID","score":34,"price":2038.77,"msg":"scanner"}
{"level":30,"time":1775391678504,"pid":10824,"hostname":"DESKTOP-KPAMGTB","module":"binance","symbol":"BNBUSDT","interval":"5m","verdict":"WAIT","score":41,"price":592.86,"msg":"scanner"}
{"level":30,"time":1775391678527,"pid":10824,"hostname":"DESKTOP-KPAMGTB","module":"binance","symbol":"ETHUSDT","interval":"1h","verdict":"WAIT","score":44,"price":2038.77,"msg":"scanner"}
{"level":30,"time":1775391678683,"pid":10824,"hostname":"DESKTOP-KPAMGTB","module":"binance","symbol":"ETHUSDT","interval":"4h","verdict":"AVOID","score":34,"price":2038.77,"msg":"scanner"}
{"level":30,"time":1775391678867,"pid":10824,"hostname":"DESKTOP-KPAMGTB","module":"binance","symbol":"BNBUSDT","interval":"1h","verdict":"WAIT","score":53,"price":592.86,"msg":"scanner"}
{"level":30,"time":1775391678894,"pid":10824,"hostname":"DESKTOP-KPAMGTB","module":"binance","symbol":"SOLUSDT","interval":"5m","verdict":"WAIT","score":41,"price":79.66,"msg":"scanner"}
{"level":30,"time":1775391678906,"pid":10824,"hostname":"DESKTOP-KPAMGTB","module":"binance","symbol":"BNBUSDT","interval":"1h","verdict":"WAIT","score":53,"price":592.86,"msg":"scanner"}
{"level":30,"time":1775391678921,"pid":10824,"hostname":"DESKTOP-KPAMGTB","module":"binance","symbol":"BNBUSDT","interval":"4h","verdict":"AVOID","score":34,"price":592.86,"msg":"scanner"}
{"level":30,"time":1775391678982,"pid":10824,"hostname":"DESKTOP-KPAMGTB","module":"binance","symbol":"SOLUSDT","interval":"1h","verdict":"WAIT","score":47,"price":79.66,"msg":"scanner"}
{"level":30,"time":1775391679298,"pid":10824,"hostname":"DESKTOP-KPAMGTB","module":"binance","symbol":"SOLUSDT","interval":"4h","verdict":"AVOID","score":31,"price":79.66,"msg":"scanner"}
{"level":30,"time":1775391679317,"pid":10824,"hostname":"DESKTOP-KPAMGTB","module":"binance","symbol":"SOLUSDT","interval":"4h","verdict":"AVOID","score":31,"price":79.66,"msg":"scanner"}
{"level":30,"time":1775391679351,"pid":10824,"hostname":"DESKTOP-KPAMGTB","module":"binance","symbol":"XRPUSDT","interval":"5m","verdict":"WAIT","score":41,"price":1.2934,"msg":"scanner"}
{"level":30,"time":1775391679369,"pid":10824,"hostname":"DESKTOP-KPAMGTB","module":"binance","symbol":"XRPUSDT","interval":"1h","verdict":"WAIT","score":41,"price":1.2934,"msg":"scanner"}
{"level":30,"time":1775391679440,"pid":10824,"hostname":"DESKTOP-KPAMGTB","module":"binance","symbol":"XRPUSDT","interval":"5m","verdict":"WAIT","score":41,"price":1.2934,"msg":"scanner"}
{"level":30,"time":1775391679586,"pid":10824,"hostname":"DESKTOP-KPAMGTB","module":"binance","symbol":"XRPUSDT","interval":"4h","verdict":"AVOID","score":34,"price":1.2934,"msg":"scanner"}
{"level":30,"time":1775391679686,"pid":10824,"hostname":"DESKTOP-KPAMGTB","module":"binance","symbol":"XRPUSDT","interval":"4h","verdict":"AVOID","score":34,"price":1.2934,"msg":"scanner"}
{"level":30,"time":1775391679718,"pid":10824,"hostname":"DESKTOP-KPAMGTB","module":"binance","symbol":"DOGEUSDT","interval":"5m","verdict":"WAIT","score":38,"price":0.09015,"msg":"scanner"}
{"level":30,"time":1775391679734,"pid":10824,"hostname":"DESKTOP-KPAMGTB","module":"binance","symbol":"DOGEUSDT","interval":"5m","verdict":"WAIT","score":38,"price":0.09015,"msg":"scanner"}
{"level":30,"time":1775391679772,"pid":10824,"hostname":"DESKTOP-KPAMGTB","module":"binance","symbol":"DOGEUSDT","interval":"1h","verdict":"WAIT","score":44,"price":0.09015,"msg":"scanner"}
{"level":30,"time":1775391679927,"pid":10824,"hostname":"DESKTOP-KPAMGTB","module":"binance","symbol":"DOGEUSDT","interval":"4h","verdict":"AVOID","score":34,"price":0.09015,"msg":"scanner"}
{"level":30,"time":1775391679998,"pid":10824,"hostname":"DESKTOP-KPAMGTB","module":"binance","symbol":"DOGEUSDT","interval":"1h","verdict":"WAIT","score":44,"price":0.09015,"msg":"scanner"}
{"level":30,"time":1775391680047,"pid":10824,"hostname":"DESKTOP-KPAMGTB","module":"binance","symbol":"DOGEUSDT","interval":"4h","verdict":"AVOID","score":34,"price":0.09015,"msg":"scanner"}
{"level":30,"time":1775391680125,"pid":10824,"hostname":"DESKTOP-KPAMGTB","module":"binance","symbol":"ADAUSDT","interval":"5m","verdict":"AVOID","score":31,"price":0.2414,"msg":"scanner"}
{"level":30,"time":1775391680239,"pid":10824,"hostname":"DESKTOP-KPAMGTB","module":"binance","symbol":"ADAUSDT","interval":"5m","verdict":"AVOID","score":31,"price":0.2414,"msg":"scanner"}
{"level":30,"time":1775391680321,"pid":10824,"hostname":"DESKTOP-KPAMGTB","module":"binance","symbol":"ADAUSDT","interval":"1h","verdict":"WAIT","score":50,"price":0.2414,"msg":"scanner"}
{"level":30,"time":1775391680362,"pid":10824,"hostname":"DESKTOP-KPAMGTB","module":"binance","symbol":"ADAUSDT","interval":"4h","verdict":"AVOID","score":31,"price":0.2414,"msg":"scanner"}
{"level":30,"time":1775391680382,"pid":10824,"hostname":"DESKTOP-KPAMGTB","module":"binance","symbol":"ADAUSDT","interval":"1h","verdict":"WAIT","score":50,"price":0.2414,"msg":"scanner"}
{"level":30,"time":1775391680467,"pid":10824,"hostname":"DESKTOP-KPAMGTB","module":"binance","symbol":"AVAXUSDT","interval":"5m","verdict":"AVOID","score":28,"price":8.81,"msg":"scanner"}
{"level":30,"time":1775391680547,"pid":10824,"hostname":"DESKTOP-KPAMGTB","module":"binance","symbol":"ADAUSDT","interval":"4h","verdict":"AVOID","score":31,"price":0.2414,"msg":"scanner"}
{"level":30,"time":1775391680609,"pid":10824,"hostname":"DESKTOP-KPAMGTB","module":"binance","symbol":"AVAXUSDT","interval":"5m","verdict":"AVOID","score":28,"price":8.81,"msg":"scanner"}
{"level":30,"time":1775391680819,"pid":10824,"hostname":"DESKTOP-KPAMGTB","module":"binance","symbol":"AVAXUSDT","interval":"1h","verdict":"WAIT","score":44,"price":8.81,"msg":"scanner"}
{"level":30,"time":1775391680865,"pid":10824,"hostname":"DESKTOP-KPAMGTB","module":"binance","symbol":"AVAXUSDT","interval":"1h","verdict":"WAIT","score":44,"price":8.81,"msg":"scanner"}
{"level":30,"time":1775391680875,"pid":10824,"hostname":"DESKTOP-KPAMGTB","module":"binance","symbol":"AVAXUSDT","interval":"4h","verdict":"AVOID","score":31,"price":8.81,"msg":"scanner"}
{"level":30,"time":1775391680962,"pid":10824,"hostname":"DESKTOP-KPAMGTB","module":"binance","symbol":"AVAXUSDT","interval":"4h","verdict":"AVOID","score":31,"price":8.81,"msg":"scanner"}
{"level":30,"time":1775391680980,"pid":10824,"hostname":"DESKTOP-KPAMGTB","module":"binance","symbol":"TRXUSDT","interval":"5m","verdict":"WAIT","score":59,"price":0.319,"msg":"scanner"}
{"level":30,"time":1775391681166,"pid":10824,"hostname":"DESKTOP-KPAMGTB","module":"binance","symbol":"TRXUSDT","interval":"1h","verdict":"WAIT","score":63,"price":0.319,"msg":"scanner"}
{"level":30,"time":1775391681263,"pid":10824,"hostname":"DESKTOP-KPAMGTB","module":"binance","symbol":"TRXUSDT","interval":"5m","verdict":"WAIT","score":59,"price":0.319,"msg":"scanner"}
{"level":30,"time":1775391681283,"pid":10824,"hostname":"DESKTOP-KPAMGTB","module":"binance","symbol":"TRXUSDT","interval":"1h","verdict":"WAIT","score":63,"price":0.319,"msg":"scanner"}
{"level":30,"time":1775391681368,"pid":10824,"hostname":"DESKTOP-KPAMGTB","module":"binance","symbol":"TRXUSDT","interval":"4h","verdict":"WAIT","score":59,"price":0.319,"msg":"scanner"}
{"level":30,"time":1775391681464,"pid":10824,"hostname":"DESKTOP-KPAMGTB","module":"binance","symbol":"TRXUSDT","interval":"4h","verdict":"WAIT","score":59,"price":0.319,"msg":"scanner"}
{"level":30,"time":1775391681566,"pid":10824,"hostname":"DESKTOP-KPAMGTB","module":"binance","symbol":"DOTUSDT","interval":"5m","verdict":"WAIT","score":53,"price":1.227,"msg":"scanner"}
{"level":30,"time":1775391681775,"pid":10824,"hostname":"DESKTOP-KPAMGTB","module":"binance","symbol":"DOTUSDT","interval":"5m","verdict":"WAIT","score":53,"price":1.227,"msg":"scanner"}
{"level":30,"time":1775391682065,"pid":10824,"hostname":"DESKTOP-KPAMGTB","module":"binance","symbol":"DOTUSDT","interval":"4h","verdict":"AVOID","score":31,"price":1.227,"msg":"scanner"}
{"level":30,"time":1775391682124,"pid":10824,"hostname":"DESKTOP-KPAMGTB","module":"binance","symbol":"DOTUSDT","interval":"1h","verdict":"WAIT","score":44,"price":1.227,"msg":"scanner"}
{"level":30,"time":1775391682137,"pid":10824,"hostname":"DESKTOP-KPAMGTB","module":"binance","symbol":"DOTUSDT","interval":"1h","verdict":"WAIT","score":44,"price":1.227,"msg":"scanner"}
{"level":30,"time":1775391682362,"pid":10824,"hostname":"DESKTOP-KPAMGTB","module":"binance","symbol":"LINKUSDT","interval":"5m","verdict":"AVOID","score":34,"price":8.52,"msg":"scanner"}
{"level":30,"time":1775391682402,"pid":10824,"hostname":"DESKTOP-KPAMGTB","module":"binance","symbol":"DOTUSDT","interval":"4h","verdict":"AVOID","score":31,"price":1.227,"msg":"scanner"}
{"level":30,"time":1775391682692,"pid":10824,"hostname":"DESKTOP-KPAMGTB","module":"binance","symbol":"LINKUSDT","interval":"1h","verdict":"WAIT","score":44,"price":8.52,"msg":"scanner"}
{"level":30,"time":1775391682729,"pid":10824,"hostname":"DESKTOP-KPAMGTB","module":"binance","symbol":"LINKUSDT","interval":"4h","verdict":"AVOID","score":34,"price":8.52,"msg":"scanner"}
{"level":30,"time":1775391682897,"pid":10824,"hostname":"DESKTOP-KPAMGTB","module":"binance","symbol":"LINKUSDT","interval":"5m","verdict":"AVOID","score":34,"price":8.52,"msg":"scanner"}
{"level":30,"time":1775391682979,"pid":10824,"hostname":"DESKTOP-KPAMGTB","module":"binance","symbol":"LINKUSDT","interval":"1h","verdict":"WAIT","score":44,"price":8.52,"msg":"scanner"}
{"level":30,"time":1775391683021,"pid":10824,"hostname":"DESKTOP-KPAMGTB","module":"binance","symbol":"MATICUSDT","interval":"5m","verdict":"WAIT","score":59,"price":0.3794,"msg":"scanner"}
{"level":30,"time":1775391683171,"pid":10824,"hostname":"DESKTOP-KPAMGTB","module":"binance","symbol":"MATICUSDT","interval":"1h","verdict":"WAIT","score":47,"price":0.3794,"msg":"scanner"}
{"level":30,"time":1775391683313,"pid":10824,"hostname":"DESKTOP-KPAMGTB","module":"binance","symbol":"MATICUSDT","interval":"4h","verdict":"WAIT","score":41,"price":0.3794,"msg":"scanner"}
{"level":30,"time":1775391683321,"pid":10824,"hostname":"DESKTOP-KPAMGTB","module":"binance","symbol":"MATICUSDT","interval":"1h","verdict":"WAIT","score":47,"price":0.3794,"msg":"scanner"}
{"level":30,"time":1775391683476,"pid":10824,"hostname":"DESKTOP-KPAMGTB","module":"binance","symbol":"LTCUSDT","interval":"5m","verdict":"WAIT","score":38,"price":52.81,"msg":"scanner"}
{"level":30,"time":1775391683566,"pid":10824,"hostname":"DESKTOP-KPAMGTB","module":"binance","symbol":"MATICUSDT","interval":"5m","verdict":"WAIT","score":59,"price":0.3794,"msg":"scanner"}
{"level":30,"time":1775391683664,"pid":10824,"hostname":"DESKTOP-KPAMGTB","module":"binance","symbol":"LTCUSDT","interval":"5m","verdict":"WAIT","score":38,"price":52.81,"msg":"scanner"}
{"level":30,"time":1775391683712,"pid":10824,"hostname":"DESKTOP-KPAMGTB","module":"binance","symbol":"LTCUSDT","interval":"1h","verdict":"WAIT","score":41,"price":52.81,"msg":"scanner"}
{"level":30,"time":1775391683830,"pid":10824,"hostname":"DESKTOP-KPAMGTB","module":"binance","symbol":"LTCUSDT","interval":"1h","verdict":"WAIT","score":41,"price":52.81,"msg":"scanner"}
{"level":30,"time":1775391683915,"pid":10824,"hostname":"DESKTOP-KPAMGTB","module":"binance","symbol":"LTCUSDT","interval":"4h","verdict":"WAIT","score":38,"price":52.81,"msg":"scanner"}
{"level":30,"time":1775391683948,"pid":10824,"hostname":"DESKTOP-KPAMGTB","module":"binance","symbol":"LTCUSDT","interval":"4h","verdict":"WAIT","score":38,"price":52.81,"msg":"scanner"}
{"level":30,"time":1775391684034,"pid":10824,"hostname":"DESKTOP-KPAMGTB","module":"binance","symbol":"SHIBUSDT","interval":"5m","verdict":"AVOID","score":31,"price":0.00000582,"msg":"scanner"}
{"level":30,"time":1775391684132,"pid":10824,"hostname":"DESKTOP-KPAMGTB","module":"binance","symbol":"SHIBUSDT","interval":"5m","verdict":"AVOID","score":31,"price":0.00000582,"msg":"scanner"}
{"level":30,"time":1775391684204,"pid":10824,"hostname":"DESKTOP-KPAMGTB","module":"binance","symbol":"SHIBUSDT","interval":"1h","verdict":"WAIT","score":44,"price":0.00000582,"msg":"scanner"}
{"level":30,"time":1775391684270,"pid":10824,"hostname":"DESKTOP-KPAMGTB","module":"binance","symbol":"SHIBUSDT","interval":"1h","verdict":"WAIT","score":44,"price":0.00000582,"msg":"scanner"}
{"level":30,"time":1775391684330,"pid":10824,"hostname":"DESKTOP-KPAMGTB","module":"binance","symbol":"SHIBUSDT","interval":"4h","verdict":"WAIT","score":41,"price":0.00000582,"msg":"scanner"}
{"level":30,"time":1775391684496,"pid":10824,"hostname":"DESKTOP-KPAMGTB","module":"binance","symbol":"SHIBUSDT","interval":"4h","verdict":"WAIT","score":41,"price":0.00000582,"msg":"scanner"}
{"level":30,"time":1775391684551,"pid":10824,"hostname":"DESKTOP-KPAMGTB","module":"binance","symbol":"UNIUSDT","interval":"5m","verdict":"WAIT","score":41,"price":3.075,"msg":"scanner"}
{"level":30,"time":1775391684631,"pid":10824,"hostname":"DESKTOP-KPAMGTB","module":"binance","symbol":"UNIUSDT","interval":"5m","verdict":"WAIT","score":41,"price":3.075,"msg":"scanner"}
{"level":30,"time":1775391684654,"pid":10824,"hostname":"DESKTOP-KPAMGTB","module":"binance","symbol":"UNIUSDT","interval":"1h","verdict":"WAIT","score":50,"price":3.075,"msg":"scanner"}
{"level":30,"time":1775391684798,"pid":10824,"hostname":"DESKTOP-KPAMGTB","module":"binance","symbol":"UNIUSDT","interval":"1h","verdict":"WAIT","score":50,"price":3.075,"msg":"scanner"}
{"level":30,"time":1775391684924,"pid":10824,"hostname":"DESKTOP-KPAMGTB","module":"binance","symbol":"UNIUSDT","interval":"4h","verdict":"WAIT","score":50,"price":3.075,"msg":"scanner"}
{"level":30,"time":1775391684959,"pid":10824,"hostname":"DESKTOP-KPAMGTB","module":"binance","symbol":"UNIUSDT","interval":"4h","verdict":"WAIT","score":50,"price":3.075,"msg":"scanner"}
{"level":30,"time":1775391684981,"pid":10824,"hostname":"DESKTOP-KPAMGTB","module":"binance","symbol":"ATOMUSDT","interval":"5m","verdict":"WAIT","score":44,"price":1.685,"msg":"scanner"}
{"level":30,"time":1775391685121,"pid":10824,"hostname":"DESKTOP-KPAMGTB","module":"binance","symbol":"ATOMUSDT","interval":"5m","verdict":"WAIT","score":44,"price":1.685,"msg":"scanner"}
{"level":30,"time":1775391685208,"pid":10824,"hostname":"DESKTOP-KPAMGTB","module":"binance","symbol":"ATOMUSDT","interval":"1h","verdict":"WAIT","score":44,"price":1.685,"msg":"scanner"}
{"level":30,"time":1775391685313,"pid":10824,"hostname":"DESKTOP-KPAMGTB","module":"binance","symbol":"ATOMUSDT","interval":"1h","verdict":"WAIT","score":44,"price":1.685,"msg":"scanner"}
{"level":30,"time":1775391685414,"pid":10824,"hostname":"DESKTOP-KPAMGTB","module":"binance","symbol":"ATOMUSDT","interval":"4h","verdict":"WAIT","score":41,"price":1.685,"msg":"scanner"}
{"level":30,"time":1775391685512,"pid":10824,"hostname":"DESKTOP-KPAMGTB","module":"binance","symbol":"ETCUSDT","interval":"5m","verdict":"WAIT","score":50,"price":8.52,"msg":"scanner"}
{"level":30,"time":1775391685597,"pid":10824,"hostname":"DESKTOP-KPAMGTB","module":"binance","symbol":"ETCUSDT","interval":"5m","verdict":"WAIT","score":50,"price":8.52,"msg":"scanner"}
{"level":30,"time":1775391685696,"pid":10824,"hostname":"DESKTOP-KPAMGTB","module":"binance","symbol":"ETCUSDT","interval":"1h","verdict":"BUY","score":66,"price":8.52,"msg":"scanner"}
{"level":30,"time":1775391685761,"pid":10824,"hostname":"DESKTOP-KPAMGTB","module":"binance","symbol":"ATOMUSDT","interval":"4h","verdict":"WAIT","score":41,"price":1.685,"msg":"scanner"}
{"level":30,"time":1775391685851,"pid":10824,"hostname":"DESKTOP-KPAMGTB","module":"binance","symbol":"ETCUSDT","interval":"1h","verdict":"BUY","score":66,"price":8.52,"msg":"scanner"}
{"level":30,"time":1775391685897,"pid":10824,"hostname":"DESKTOP-KPAMGTB","module":"binance","symbol":"ETCUSDT","interval":"4h","verdict":"WAIT","score":59,"price":8.52,"msg":"scanner"}
{"level":30,"time":1775391685985,"pid":10824,"hostname":"DESKTOP-KPAMGTB","module":"binance","symbol":"ETCUSDT","interval":"4h","verdict":"WAIT","score":59,"price":8.51,"msg":"scanner"}
{"level":30,"time":1775391686045,"pid":10824,"hostname":"DESKTOP-KPAMGTB","module":"binance","symbol":"XLMUSDT","interval":"5m","verdict":"WAIT","score":44,"price":0.158,"msg":"scanner"}
{"level":30,"time":1775391686137,"pid":10824,"hostname":"DESKTOP-KPAMGTB","module":"binance","symbol":"XLMUSDT","interval":"1h","verdict":"WAIT","score":41,"price":0.158,"msg":"scanner"}
{"level":30,"time":1775391686299,"pid":10824,"hostname":"DESKTOP-KPAMGTB","module":"binance","symbol":"XLMUSDT","interval":"5m","verdict":"WAIT","score":44,"price":0.158,"msg":"scanner"}
{"level":30,"time":1775391686310,"pid":10824,"hostname":"DESKTOP-KPAMGTB","module":"binance","symbol":"XLMUSDT","interval":"5m","verdict":"WAIT","score":44,"price":0.158,"msg":"scanner"}
{"level":30,"time":1775391686622,"pid":10824,"hostname":"DESKTOP-KPAMGTB","module":"binance","symbol":"XLMUSDT","interval":"4h","verdict":"AVOID","score":34,"price":0.158,"msg":"scanner"}
{"level":30,"time":1775391686659,"pid":10824,"hostname":"DESKTOP-KPAMGTB","module":"binance","symbol":"XLMUSDT","interval":"4h","verdict":"AVOID","score":34,"price":0.158,"msg":"scanner"}
{"level":30,"time":1775391686696,"pid":10824,"hostname":"DESKTOP-KPAMGTB","module":"binance","symbol":"APTUSDT","interval":"5m","verdict":"WAIT","score":50,"price":0.834,"msg":"scanner"}
{"level":30,"time":1775391686709,"pid":10824,"hostname":"DESKTOP-KPAMGTB","module":"binance","symbol":"XLMUSDT","interval":"4h","verdict":"AVOID","score":34,"price":0.158,"msg":"scanner"}
{"level":30,"time":1775391686936,"pid":10824,"hostname":"DESKTOP-KPAMGTB","module":"binance","symbol":"APTUSDT","interval":"5m","verdict":"WAIT","score":50,"price":0.834,"msg":"scanner"}
{"level":30,"time":1775391687018,"pid":10824,"hostname":"DESKTOP-KPAMGTB","module":"binance","symbol":"APTUSDT","interval":"1h","verdict":"WAIT","score":38,"price":0.834,"msg":"scanner"}
{"level":30,"time":1775391687063,"pid":10824,"hostname":"DESKTOP-KPAMGTB","module":"binance","symbol":"APTUSDT","interval":"4h","verdict":"WAIT","score":47,"price":0.834,"msg":"scanner"}
{"level":30,"time":1775391687070,"pid":10824,"hostname":"DESKTOP-KPAMGTB","module":"binance","symbol":"APTUSDT","interval":"1h","verdict":"WAIT","score":38,"price":0.834,"msg":"scanner"}
{"level":30,"time":1775391687208,"pid":10824,"hostname":"DESKTOP-KPAMGTB","module":"binance","symbol":"APTUSDT","interval":"4h","verdict":"WAIT","score":47,"price":0.834,"msg":"scanner"}
{"level":30,"time":1775391687399,"pid":10824,"hostname":"DESKTOP-KPAMGTB","module":"binance","symbol":"NEARUSDT","interval":"5m","verdict":"WAIT","score":47,"price":1.245,"msg":"scanner"}
{"level":30,"time":1775391687407,"pid":10824,"hostname":"DESKTOP-KPAMGTB","module":"binance","symbol":"NEARUSDT","interval":"5m","verdict":"WAIT","score":47,"price":1.245,"msg":"scanner"}
{"level":30,"time":1775391687435,"pid":10824,"hostname":"DESKTOP-KPAMGTB","module":"binance","symbol":"NEARUSDT","interval":"1h","verdict":"WAIT","score":63,"price":1.245,"msg":"scanner"}
{"level":30,"time":1775391687547,"pid":10824,"hostname":"DESKTOP-KPAMGTB","module":"binance","symbol":"NEARUSDT","interval":"5m","verdict":"WAIT","score":47,"price":1.245,"msg":"scanner"}
{"level":30,"time":1775391687811,"pid":10824,"hostname":"DESKTOP-KPAMGTB","module":"binance","symbol":"NEARUSDT","interval":"4h","verdict":"WAIT","score":59,"price":1.245,"msg":"scanner"}
{"level":30,"time":1775391687831,"pid":10824,"hostname":"DESKTOP-KPAMGTB","module":"binance","symbol":"NEARUSDT","interval":"4h","verdict":"WAIT","score":59,"price":1.245,"msg":"scanner"}
{"level":30,"time":1775391687846,"pid":10824,"hostname":"DESKTOP-KPAMGTB","module":"binance","symbol":"NEARUSDT","interval":"4h","verdict":"WAIT","score":59,"price":1.245,"msg":"scanner"}
{"level":50,"time":1775391691092,"pid":10824,"hostname":"DESKTOP-KPAMGTB","module":"api","source":"orders","code":"NETWORK","err":"fetch failed","msg":"error de ruta"}
{"level":40,"time":1775391709392,"pid":10824,"hostname":"DESKTOP-KPAMGTB","module":"auto-trader","err":"fetch failed","msg":"checkOrphanPositions: error obtenint dades"}
{"level":30,"time":1775391756178,"pid":17096,"hostname":"DESKTOP-KPAMGTB","module":"order-monitor","msg":"monitor iniciat"}
{"level":30,"time":1775391756208,"pid":17096,"hostname":"DESKTOP-KPAMGTB","module":"telegram","nextHourIn":37,"nextDailyIn":1027,"msg":"scheduler iniciat"}
{"level":30,"time":1775391756216,"pid":17096,"hostname":"DESKTOP-KPAMGTB","module":"orders","symbol":"BTCUSDT","thresholds":[{"windowMin":5,"pct":5},{"windowMin":15,"pct":8},{"windowMin":60,"pct":12}],"pollMs":60000,"msg":"Crash monitor iniciat"}
{"level":30,"time":1775391756226,"pid":17096,"hostname":"DESKTOP-KPAMGTB","module":"auto-trader","msg":"auto-trader multi-bot iniciat (poll 60s)"}
{"level":30,"time":1775391759808,"pid":17096,"hostname":"DESKTOP-KPAMGTB","module":"binance","assets":23,"msg":"balance"}
{"level":30,"time":1775391768649,"pid":17096,"hostname":"DESKTOP-KPAMGTB","module":"order-monitor","count":2,"msg":"inicialitzat"}
{"level":30,"time":1775391811698,"pid":17096,"hostname":"DESKTOP-KPAMGTB","module":"binance","assets":23,"msg":"balance"}
{"level":30,"time":1775391952767,"pid":17096,"hostname":"DESKTOP-KPAMGTB","module":"binance","symbol":"BTCUSDT","interval":"5m","verdict":"WAIT","score":50,"price":66914.52,"msg":"scanner"}
{"level":30,"time":1775391952795,"pid":17096,"hostname":"DESKTOP-KPAMGTB","module":"binance","symbol":"BTCUSDT","interval":"1h","verdict":"AVOID","score":28,"price":66914.52,"msg":"scanner"}
{"level":30,"time":1775391952957,"pid":17096,"hostname":"DESKTOP-KPAMGTB","module":"binance","symbol":"ETHUSDT","interval":"5m","verdict":"WAIT","score":44,"price":2038.96,"msg":"scanner"}
{"level":30,"time":1775391952986,"pid":17096,"hostname":"DESKTOP-KPAMGTB","module":"binance","symbol":"BTCUSDT","interval":"5m","verdict":"WAIT","score":50,"price":66914.52,"msg":"scanner"}
{"level":30,"time":1775391953003,"pid":17096,"hostname":"DESKTOP-KPAMGTB","module":"binance","symbol":"BTCUSDT","interval":"1h","verdict":"AVOID","score":28,"price":66914.52,"msg":"scanner"}
{"level":30,"time":1775391953033,"pid":17096,"hostname":"DESKTOP-KPAMGTB","module":"binance","symbol":"ETHUSDT","interval":"1h","verdict":"WAIT","score":44,"price":2038.96,"msg":"scanner"}
{"level":30,"time":1775391953199,"pid":17096,"hostname":"DESKTOP-KPAMGTB","module":"binance","symbol":"ETHUSDT","interval":"5m","verdict":"WAIT","score":44,"price":2038.96,"msg":"scanner"}
{"level":30,"time":1775391953429,"pid":17096,"hostname":"DESKTOP-KPAMGTB","module":"binance","symbol":"BNBUSDT","interval":"5m","verdict":"WAIT","score":44,"price":592.65,"msg":"scanner"}
{"level":30,"time":1775391953569,"pid":17096,"hostname":"DESKTOP-KPAMGTB","module":"binance","symbol":"BNBUSDT","interval":"5m","verdict":"WAIT","score":44,"price":592.65,"msg":"scanner"}
{"level":30,"time":1775391953592,"pid":17096,"hostname":"DESKTOP-KPAMGTB","module":"binance","symbol":"BNBUSDT","interval":"1h","verdict":"WAIT","score":53,"price":592.65,"msg":"scanner"}
{"level":30,"time":1775391953667,"pid":17096,"hostname":"DESKTOP-KPAMGTB","module":"binance","symbol":"SOLUSDT","interval":"5m","verdict":"WAIT","score":41,"price":79.66,"msg":"scanner"}
{"level":30,"time":1775391953738,"pid":17096,"hostname":"DESKTOP-KPAMGTB","module":"binance","symbol":"BNBUSDT","interval":"1h","verdict":"WAIT","score":53,"price":592.65,"msg":"scanner"}
{"level":30,"time":1775391953855,"pid":17096,"hostname":"DESKTOP-KPAMGTB","module":"binance","symbol":"SOLUSDT","interval":"5m","verdict":"WAIT","score":41,"price":79.66,"msg":"scanner"}
{"level":30,"time":1775391953884,"pid":17096,"hostname":"DESKTOP-KPAMGTB","module":"binance","symbol":"SOLUSDT","interval":"1h","verdict":"WAIT","score":47,"price":79.66,"msg":"scanner"}
{"level":30,"time":1775391953919,"pid":17096,"hostname":"DESKTOP-KPAMGTB","module":"binance","symbol":"SOLUSDT","interval":"1h","verdict":"WAIT","score":47,"price":79.66,"msg":"scanner"}
{"level":30,"time":1775391954021,"pid":17096,"hostname":"DESKTOP-KPAMGTB","module":"binance","symbol":"XRPUSDT","interval":"5m","verdict":"AVOID","score":34,"price":1.2927,"msg":"scanner"}
{"level":30,"time":1775391954046,"pid":17096,"hostname":"DESKTOP-KPAMGTB","module":"binance","symbol":"XRPUSDT","interval":"5m","verdict":"AVOID","score":34,"price":1.2927,"msg":"scanner"}
{"level":30,"time":1775391954166,"pid":17096,"hostname":"DESKTOP-KPAMGTB","module":"binance","symbol":"XRPUSDT","interval":"1h","verdict":"WAIT","score":41,"price":1.2927,"msg":"scanner"}
{"level":30,"time":1775391954267,"pid":17096,"hostname":"DESKTOP-KPAMGTB","module":"binance","symbol":"XRPUSDT","interval":"1h","verdict":"WAIT","score":41,"price":1.2927,"msg":"scanner"}
{"level":30,"time":1775391954379,"pid":17096,"hostname":"DESKTOP-KPAMGTB","module":"binance","symbol":"DOGEUSDT","interval":"5m","verdict":"WAIT","score":47,"price":0.09019,"msg":"scanner"}
{"level":30,"time":1775391954400,"pid":17096,"hostname":"DESKTOP-KPAMGTB","module":"binance","symbol":"DOGEUSDT","interval":"5m","verdict":"WAIT","score":47,"price":0.09019,"msg":"scanner"}
{"level":30,"time":1775391954465,"pid":17096,"hostname":"DESKTOP-KPAMGTB","module":"binance","symbol":"DOGEUSDT","interval":"1h","verdict":"WAIT","score":44,"price":0.09019,"msg":"scanner"}
{"level":30,"time":1775391954588,"pid":17096,"hostname":"DESKTOP-KPAMGTB","module":"binance","symbol":"DOGEUSDT","interval":"1h","verdict":"WAIT","score":44,"price":0.09018,"msg":"scanner"}
{"level":30,"time":1775391954749,"pid":17096,"hostname":"DESKTOP-KPAMGTB","module":"binance","symbol":"ADAUSDT","interval":"5m","verdict":"AVOID","score":28,"price":0.2417,"msg":"scanner"}
{"level":30,"time":1775391954776,"pid":17096,"hostname":"DESKTOP-KPAMGTB","module":"binance","symbol":"ADAUSDT","interval":"5m","verdict":"AVOID","score":28,"price":0.2417,"msg":"scanner"}
{"level":30,"time":1775391954794,"pid":17096,"hostname":"DESKTOP-KPAMGTB","module":"binance","symbol":"ADAUSDT","interval":"1h","verdict":"WAIT","score":50,"price":0.2417,"msg":"scanner"}
{"level":30,"time":1775391954918,"pid":17096,"hostname":"DESKTOP-KPAMGTB","module":"binance","symbol":"ADAUSDT","interval":"1h","verdict":"WAIT","score":50,"price":0.2417,"msg":"scanner"}
{"level":30,"time":1775391955132,"pid":17096,"hostname":"DESKTOP-KPAMGTB","module":"binance","symbol":"AVAXUSDT","interval":"5m","verdict":"AVOID","score":31,"price":8.81,"msg":"scanner"}
{"level":30,"time":1775391955165,"pid":17096,"hostname":"DESKTOP-KPAMGTB","module":"binance","symbol":"AVAXUSDT","interval":"5m","verdict":"AVOID","score":31,"price":8.81,"msg":"scanner"}
{"level":30,"time":1775391955252,"pid":17096,"hostname":"DESKTOP-KPAMGTB","module":"binance","symbol":"AVAXUSDT","interval":"1h","verdict":"WAIT","score":44,"price":8.81,"msg":"scanner"}
{"level":30,"time":1775391955355,"pid":17096,"hostname":"DESKTOP-KPAMGTB","module":"binance","symbol":"AVAXUSDT","interval":"1h","verdict":"WAIT","score":44,"price":8.81,"msg":"scanner"}
{"level":30,"time":1775391955516,"pid":17096,"hostname":"DESKTOP-KPAMGTB","module":"binance","symbol":"TRXUSDT","interval":"5m","verdict":"WAIT","score":59,"price":0.319,"msg":"scanner"}
{"level":30,"time":1775391955535,"pid":17096,"hostname":"DESKTOP-KPAMGTB","module":"binance","symbol":"TRXUSDT","interval":"5m","verdict":"WAIT","score":59,"price":0.319,"msg":"scanner"}
{"level":30,"time":1775391956267,"pid":17096,"hostname":"DESKTOP-KPAMGTB","module":"binance","symbol":"TRXUSDT","interval":"1h","verdict":"WAIT","score":63,"price":0.3189,"msg":"scanner"}
{"level":30,"time":1775391956320,"pid":17096,"hostname":"DESKTOP-KPAMGTB","module":"binance","symbol":"TRXUSDT","interval":"1h","verdict":"WAIT","score":63,"price":0.3189,"msg":"scanner"}
{"level":30,"time":1775391956373,"pid":17096,"hostname":"DESKTOP-KPAMGTB","module":"binance","symbol":"DOTUSDT","interval":"5m","verdict":"WAIT","score":50,"price":1.227,"msg":"scanner"}
{"level":30,"time":1775391956383,"pid":17096,"hostname":"DESKTOP-KPAMGTB","module":"binance","symbol":"DOTUSDT","interval":"5m","verdict":"WAIT","score":50,"price":1.227,"msg":"scanner"}
{"level":30,"time":1775391956400,"pid":17096,"hostname":"DESKTOP-KPAMGTB","module":"binance","symbol":"DOTUSDT","interval":"1h","verdict":"WAIT","score":44,"price":1.227,"msg":"scanner"}
{"level":30,"time":1775391956551,"pid":17096,"hostname":"DESKTOP-KPAMGTB","module":"binance","symbol":"DOTUSDT","interval":"1h","verdict":"WAIT","score":44,"price":1.227,"msg":"scanner"}
{"level":30,"time":1775391956736,"pid":17096,"hostname":"DESKTOP-KPAMGTB","module":"binance","symbol":"LINKUSDT","interval":"5m","verdict":"WAIT","score":38,"price":8.52,"msg":"scanner"}
{"level":30,"time":1775391956759,"pid":17096,"hostname":"DESKTOP-KPAMGTB","module":"binance","symbol":"LINKUSDT","interval":"5m","verdict":"WAIT","score":38,"price":8.52,"msg":"scanner"}
{"level":30,"time":1775391956822,"pid":17096,"hostname":"DESKTOP-KPAMGTB","module":"binance","symbol":"LINKUSDT","interval":"1h","verdict":"WAIT","score":44,"price":8.52,"msg":"scanner"}
{"level":30,"time":1775391956837,"pid":17096,"hostname":"DESKTOP-KPAMGTB","module":"binance","symbol":"LINKUSDT","interval":"1h","verdict":"WAIT","score":44,"price":8.52,"msg":"scanner"}
{"level":30,"time":1775391956899,"pid":17096,"hostname":"DESKTOP-KPAMGTB","module":"binance","symbol":"MATICUSDT","interval":"5m","verdict":"WAIT","score":59,"price":0.3794,"msg":"scanner"}
{"level":30,"time":1775391957038,"pid":17096,"hostname":"DESKTOP-KPAMGTB","module":"binance","symbol":"MATICUSDT","interval":"5m","verdict":"WAIT","score":59,"price":0.3794,"msg":"scanner"}
{"level":30,"time":1775391957071,"pid":17096,"hostname":"DESKTOP-KPAMGTB","module":"binance","symbol":"MATICUSDT","interval":"1h","verdict":"WAIT","score":47,"price":0.3794,"msg":"scanner"}
{"level":30,"time":1775391957175,"pid":17096,"hostname":"DESKTOP-KPAMGTB","module":"binance","symbol":"MATICUSDT","interval":"1h","verdict":"WAIT","score":47,"price":0.3794,"msg":"scanner"}
{"level":30,"time":1775391957249,"pid":17096,"hostname":"DESKTOP-KPAMGTB","module":"binance","symbol":"LTCUSDT","interval":"5m","verdict":"WAIT","score":41,"price":52.81,"msg":"scanner"}
{"level":30,"time":1775391957284,"pid":17096,"hostname":"DESKTOP-KPAMGTB","module":"binance","symbol":"LTCUSDT","interval":"5m","verdict":"WAIT","score":41,"price":52.81,"msg":"scanner"}
{"level":30,"time":1775391957321,"pid":17096,"hostname":"DESKTOP-KPAMGTB","module":"binance","symbol":"LTCUSDT","interval":"1h","verdict":"WAIT","score":41,"price":52.81,"msg":"scanner"}
{"level":30,"time":1775391957391,"pid":17096,"hostname":"DESKTOP-KPAMGTB","module":"binance","symbol":"LTCUSDT","interval":"1h","verdict":"WAIT","score":41,"price":52.81,"msg":"scanner"}
{"level":30,"time":1775391957486,"pid":17096,"hostname":"DESKTOP-KPAMGTB","module":"binance","symbol":"SHIBUSDT","interval":"5m","verdict":"AVOID","score":34,"price":0.00000582,"msg":"scanner"}
{"level":30,"time":1775391957524,"pid":17096,"hostname":"DESKTOP-KPAMGTB","module":"binance","symbol":"SHIBUSDT","interval":"1h","verdict":"WAIT","score":44,"price":0.00000582,"msg":"scanner"}
{"level":30,"time":1775391957604,"pid":17096,"hostname":"DESKTOP-KPAMGTB","module":"binance","symbol":"SHIBUSDT","interval":"5m","verdict":"AVOID","score":34,"price":0.00000582,"msg":"scanner"}
{"level":30,"time":1775391957613,"pid":17096,"hostname":"DESKTOP-KPAMGTB","module":"binance","symbol":"SHIBUSDT","interval":"1h","verdict":"WAIT","score":44,"price":0.00000582,"msg":"scanner"}
{"level":30,"time":1775391957715,"pid":17096,"hostname":"DESKTOP-KPAMGTB","module":"binance","symbol":"UNIUSDT","interval":"5m","verdict":"WAIT","score":53,"price":3.079,"msg":"scanner"}
{"level":30,"time":1775391957770,"pid":17096,"hostname":"DESKTOP-KPAMGTB","module":"binance","symbol":"UNIUSDT","interval":"5m","verdict":"WAIT","score":53,"price":3.079,"msg":"scanner"}
{"level":30,"time":1775391957812,"pid":17096,"hostname":"DESKTOP-KPAMGTB","module":"binance","symbol":"UNIUSDT","interval":"1h","verdict":"WAIT","score":44,"price":3.079,"msg":"scanner"}
{"level":30,"time":1775391957896,"pid":17096,"hostname":"DESKTOP-KPAMGTB","module":"binance","symbol":"UNIUSDT","interval":"1h","verdict":"WAIT","score":44,"price":3.079,"msg":"scanner"}
{"level":30,"time":1775391957934,"pid":17096,"hostname":"DESKTOP-KPAMGTB","module":"binance","symbol":"ATOMUSDT","interval":"5m","verdict":"WAIT","score":38,"price":1.685,"msg":"scanner"}
{"level":30,"time":1775391958013,"pid":17096,"hostname":"DESKTOP-KPAMGTB","module":"binance","symbol":"ATOMUSDT","interval":"5m","verdict":"WAIT","score":38,"price":1.685,"msg":"scanner"}
{"level":30,"time":1775391958096,"pid":17096,"hostname":"DESKTOP-KPAMGTB","module":"binance","symbol":"ATOMUSDT","interval":"1h","verdict":"WAIT","score":44,"price":1.685,"msg":"scanner"}
{"level":30,"time":1775391958228,"pid":17096,"hostname":"DESKTOP-KPAMGTB","module":"binance","symbol":"ETCUSDT","interval":"5m","verdict":"WAIT","score":50,"price":8.52,"msg":"scanner"}
{"level":30,"time":1775391958263,"pid":17096,"hostname":"DESKTOP-KPAMGTB","module":"binance","symbol":"ATOMUSDT","interval":"1h","verdict":"WAIT","score":44,"price":1.685,"msg":"scanner"}
{"level":30,"time":1775391958271,"pid":17096,"hostname":"DESKTOP-KPAMGTB","module":"binance","symbol":"ETCUSDT","interval":"5m","verdict":"WAIT","score":50,"price":8.52,"msg":"scanner"}
{"level":30,"time":1775391958568,"pid":17096,"hostname":"DESKTOP-KPAMGTB","module":"binance","symbol":"ETCUSDT","interval":"1h","verdict":"BUY","score":66,"price":8.52,"msg":"scanner"}
{"level":30,"time":1775391958653,"pid":17096,"hostname":"DESKTOP-KPAMGTB","module":"binance","symbol":"XLMUSDT","interval":"5m","verdict":"WAIT","score":38,"price":0.1579,"msg":"scanner"}
{"level":30,"time":1775391958706,"pid":17096,"hostname":"DESKTOP-KPAMGTB","module":"binance","symbol":"ETCUSDT","interval":"1h","verdict":"BUY","score":66,"price":8.52,"msg":"scanner"}
{"level":30,"time":1775391958717,"pid":17096,"hostname":"DESKTOP-KPAMGTB","module":"binance","symbol":"XLMUSDT","interval":"1h","verdict":"WAIT","score":41,"price":0.1579,"msg":"scanner"}
{"level":30,"time":1775391958782,"pid":17096,"hostname":"DESKTOP-KPAMGTB","module":"binance","symbol":"XLMUSDT","interval":"5m","verdict":"WAIT","score":38,"price":0.1579,"msg":"scanner"}
{"level":30,"time":1775391958852,"pid":17096,"hostname":"DESKTOP-KPAMGTB","module":"binance","symbol":"XLMUSDT","interval":"1h","verdict":"WAIT","score":41,"price":0.1579,"msg":"scanner"}
{"level":30,"time":1775391959062,"pid":17096,"hostname":"DESKTOP-KPAMGTB","module":"binance","symbol":"APTUSDT","interval":"5m","verdict":"WAIT","score":41,"price":0.834,"msg":"scanner"}
{"level":30,"time":1775391959098,"pid":17096,"hostname":"DESKTOP-KPAMGTB","module":"binance","symbol":"APTUSDT","interval":"1h","verdict":"WAIT","score":38,"price":0.834,"msg":"scanner"}
{"level":30,"time":1775391959114,"pid":17096,"hostname":"DESKTOP-KPAMGTB","module":"binance","symbol":"APTUSDT","interval":"5m","verdict":"WAIT","score":41,"price":0.834,"msg":"scanner"}
{"level":30,"time":1775391959143,"pid":17096,"hostname":"DESKTOP-KPAMGTB","module":"binance","symbol":"APTUSDT","interval":"1h","verdict":"WAIT","score":38,"price":0.834,"msg":"scanner"}
{"level":30,"time":1775391959171,"pid":17096,"hostname":"DESKTOP-KPAMGTB","module":"binance","symbol":"NEARUSDT","interval":"5m","verdict":"WAIT","score":53,"price":1.246,"msg":"scanner"}
{"level":30,"time":1775391959383,"pid":17096,"hostname":"DESKTOP-KPAMGTB","module":"binance","symbol":"NEARUSDT","interval":"5m","verdict":"WAIT","score":53,"price":1.246,"msg":"scanner"}
{"level":30,"time":1775391959485,"pid":17096,"hostname":"DESKTOP-KPAMGTB","module":"binance","symbol":"NEARUSDT","interval":"1h","verdict":"WAIT","score":59,"price":1.246,"msg":"scanner"}
{"level":30,"time":1775391959504,"pid":17096,"hostname":"DESKTOP-KPAMGTB","module":"binance","symbol":"NEARUSDT","interval":"1h","verdict":"WAIT","score":59,"price":1.246,"msg":"scanner"}
{"level":40,"time":1775392366334,"pid":17096,"hostname":"DESKTOP-KPAMGTB","module":"auto-trader","err":"fetch failed","msg":"checkOrphanPositions: error obtenint dades"}
{"level":50,"time":1775392401638,"pid":17096,"hostname":"DESKTOP-KPAMGTB","module":"api","source":"orders","code":"NETWORK","err":"fetch failed","msg":"error de ruta"}
{"level":40,"time":1775392433766,"pid":17096,"hostname":"DESKTOP-KPAMGTB","module":"order-monitor","msg":"checkFills overlapped — cycle skipped"}
{"level":30,"time":1775392435100,"pid":17096,"hostname":"DESKTOP-KPAMGTB","module":"binance","symbol":"BTCUSDT","interval":"4h","verdict":"WAIT","score":38,"price":66751.35,"msg":"scanner"}
{"level":30,"time":1775392435147,"pid":17096,"hostname":"DESKTOP-KPAMGTB","module":"binance","symbol":"BTCUSDT","interval":"5m","verdict":"AVOID","score":31,"price":66751.35,"msg":"scanner"}
{"level":30,"time":1775392435158,"pid":17096,"hostname":"DESKTOP-KPAMGTB","module":"binance","symbol":"ETHUSDT","interval":"5m","verdict":"AVOID","score":31,"price":2031.24,"msg":"scanner"}
{"level":30,"time":1775392435170,"pid":17096,"hostname":"DESKTOP-KPAMGTB","module":"binance","symbol":"BTCUSDT","interval":"1h","verdict":"AVOID","score":34,"price":66751.35,"msg":"scanner"}
{"level":30,"time":1775392435202,"pid":17096,"hostname":"DESKTOP-KPAMGTB","module":"binance","symbol":"BTCUSDT","interval":"1h","verdict":"AVOID","score":34,"price":66751.35,"msg":"scanner"}
{"level":30,"time":1775392435212,"pid":17096,"hostname":"DESKTOP-KPAMGTB","module":"binance","symbol":"BTCUSDT","interval":"5m","verdict":"AVOID","score":31,"price":66751.35,"msg":"scanner"}
{"level":30,"time":1775392435223,"pid":17096,"hostname":"DESKTOP-KPAMGTB","module":"binance","symbol":"ETHUSDT","interval":"5m","verdict":"AVOID","score":31,"price":2031.24,"msg":"scanner"}
{"level":30,"time":1775392435285,"pid":17096,"hostname":"DESKTOP-KPAMGTB","module":"binance","symbol":"BTCUSDT","interval":"4h","verdict":"WAIT","score":38,"price":66751.35,"msg":"scanner"}
{"level":30,"time":1775392435557,"pid":17096,"hostname":"DESKTOP-KPAMGTB","module":"binance","symbol":"ETHUSDT","interval":"1h","verdict":"WAIT","score":38,"price":2031.25,"msg":"scanner"}
{"level":30,"time":1775392435629,"pid":17096,"hostname":"DESKTOP-KPAMGTB","module":"binance","symbol":"ETHUSDT","interval":"4h","verdict":"WAIT","score":38,"price":2031.25,"msg":"scanner"}
{"level":30,"time":1775392435693,"pid":17096,"hostname":"DESKTOP-KPAMGTB","module":"binance","symbol":"BNBUSDT","interval":"5m","verdict":"AVOID","score":31,"price":591.32,"msg":"scanner"}
{"level":30,"time":1775392435712,"pid":17096,"hostname":"DESKTOP-KPAMGTB","module":"binance","symbol":"BNBUSDT","interval":"1h","verdict":"WAIT","score":44,"price":591.32,"msg":"scanner"}
{"level":30,"time":1775392435787,"pid":17096,"hostname":"DESKTOP-KPAMGTB","module":"binance","symbol":"ETHUSDT","interval":"1h","verdict":"WAIT","score":38,"price":2031.25,"msg":"scanner"}
{"level":30,"time":1775392436171,"pid":17096,"hostname":"DESKTOP-KPAMGTB","module":"binance","symbol":"BNBUSDT","interval":"4h","verdict":"WAIT","score":38,"price":591.33,"msg":"scanner"}
{"level":30,"time":1775392436206,"pid":17096,"hostname":"DESKTOP-KPAMGTB","module":"binance","symbol":"SOLUSDT","interval":"5m","verdict":"AVOID","score":31,"price":79.18,"msg":"scanner"}
{"level":30,"time":1775392436238,"pid":17096,"hostname":"DESKTOP-KPAMGTB","module":"binance","symbol":"SOLUSDT","interval":"1h","verdict":"WAIT","score":44,"price":79.18,"msg":"scanner"}
{"level":30,"time":1775392436255,"pid":17096,"hostname":"DESKTOP-KPAMGTB","module":"binance","symbol":"SOLUSDT","interval":"4h","verdict":"AVOID","score":31,"price":79.18,"msg":"scanner"}
{"level":30,"time":1775392436733,"pid":17096,"hostname":"DESKTOP-KPAMGTB","module":"binance","symbol":"XRPUSDT","interval":"1h","verdict":"WAIT","score":38,"price":1.289,"msg":"scanner"}
{"level":30,"time":1775392436746,"pid":17096,"hostname":"DESKTOP-KPAMGTB","module":"binance","symbol":"XRPUSDT","interval":"5m","verdict":"WAIT","score":38,"price":1.289,"msg":"scanner"}
{"level":30,"time":1775392436759,"pid":17096,"hostname":"DESKTOP-KPAMGTB","module":"binance","symbol":"XRPUSDT","interval":"4h","verdict":"WAIT","score":38,"price":1.289,"msg":"scanner"}
{"level":30,"time":1775392436806,"pid":17096,"hostname":"DESKTOP-KPAMGTB","module":"binance","symbol":"XRPUSDT","interval":"5m","verdict":"WAIT","score":38,"price":1.289,"msg":"scanner"}
{"level":30,"time":1775392437096,"pid":17096,"hostname":"DESKTOP-KPAMGTB","module":"binance","symbol":"DOGEUSDT","interval":"5m","verdict":"WAIT","score":41,"price":0.09001,"msg":"scanner"}
{"level":30,"time":1775392437185,"pid":17096,"hostname":"DESKTOP-KPAMGTB","module":"binance","symbol":"DOGEUSDT","interval":"1h","verdict":"WAIT","score":44,"price":0.09001,"msg":"scanner"}
{"level":30,"time":1775392437202,"pid":17096,"hostname":"DESKTOP-KPAMGTB","module":"binance","symbol":"DOGEUSDT","interval":"1h","verdict":"WAIT","score":44,"price":0.09001,"msg":"scanner"}
{"level":30,"time":1775392437388,"pid":17096,"hostname":"DESKTOP-KPAMGTB","module":"binance","symbol":"DOGEUSDT","interval":"4h","verdict":"AVOID","score":34,"price":0.09001,"msg":"scanner"}
{"level":30,"time":1775392437493,"pid":17096,"hostname":"DESKTOP-KPAMGTB","module":"binance","symbol":"DOGEUSDT","interval":"4h","verdict":"AVOID","score":34,"price":0.09002,"msg":"scanner"}
{"level":30,"time":1775392437507,"pid":17096,"hostname":"DESKTOP-KPAMGTB","module":"binance","symbol":"ADAUSDT","interval":"5m","verdict":"AVOID","score":34,"price":0.2408,"msg":"scanner"}
{"level":30,"time":1775392437685,"pid":17096,"hostname":"DESKTOP-KPAMGTB","module":"binance","symbol":"ADAUSDT","interval":"5m","verdict":"AVOID","score":34,"price":0.2408,"msg":"scanner"}
{"level":30,"time":1775392437801,"pid":17096,"hostname":"DESKTOP-KPAMGTB","module":"binance","symbol":"ADAUSDT","interval":"1h","verdict":"WAIT","score":44,"price":0.2408,"msg":"scanner"}
{"level":30,"time":1775392437914,"pid":17096,"hostname":"DESKTOP-KPAMGTB","module":"binance","symbol":"AVAXUSDT","interval":"5m","verdict":"AVOID","score":31,"price":8.77,"msg":"scanner"}
{"level":30,"time":1775392438011,"pid":17096,"hostname":"DESKTOP-KPAMGTB","module":"binance","symbol":"AVAXUSDT","interval":"5m","verdict":"AVOID","score":31,"price":8.77,"msg":"scanner"}
{"level":30,"time":1775392438104,"pid":17096,"hostname":"DESKTOP-KPAMGTB","module":"binance","symbol":"AVAXUSDT","interval":"4h","verdict":"AVOID","score":31,"price":8.77,"msg":"scanner"}
{"level":30,"time":1775392438200,"pid":17096,"hostname":"DESKTOP-KPAMGTB","module":"binance","symbol":"DOGEUSDT","interval":"5m","verdict":"WAIT","score":41,"price":0.09001,"msg":"scanner"}
{"level":30,"time":1775392438215,"pid":17096,"hostname":"DESKTOP-KPAMGTB","module":"binance","symbol":"TRXUSDT","interval":"5m","verdict":"WAIT","score":53,"price":0.3188,"msg":"scanner"}
{"level":30,"time":1775392438296,"pid":17096,"hostname":"DESKTOP-KPAMGTB","module":"binance","symbol":"AVAXUSDT","interval":"1h","verdict":"WAIT","score":38,"price":8.78,"msg":"scanner"}
{"level":30,"time":1775392438413,"pid":17096,"hostname":"DESKTOP-KPAMGTB","module":"binance","symbol":"TRXUSDT","interval":"1h","verdict":"WAIT","score":59,"price":0.3188,"msg":"scanner"}
{"level":30,"time":1775392438554,"pid":17096,"hostname":"DESKTOP-KPAMGTB","module":"binance","symbol":"ADAUSDT","interval":"4h","verdict":"AVOID","score":34,"price":0.2408,"msg":"scanner"}
{"level":30,"time":1775392438593,"pid":17096,"hostname":"DESKTOP-KPAMGTB","module":"binance","symbol":"ADAUSDT","interval":"4h","verdict":"AVOID","score":34,"price":0.2408,"msg":"scanner"}
{"level":30,"time":1775392438796,"pid":17096,"hostname":"DESKTOP-KPAMGTB","module":"binance","symbol":"TRXUSDT","interval":"4h","verdict":"WAIT","score":53,"price":0.3188,"msg":"scanner"}
{"level":30,"time":1775392438809,"pid":17096,"hostname":"DESKTOP-KPAMGTB","module":"binance","symbol":"DOTUSDT","interval":"5m","verdict":"AVOID","score":31,"price":1.223,"msg":"scanner"}
{"level":30,"time":1775392438922,"pid":17096,"hostname":"DESKTOP-KPAMGTB","module":"binance","symbol":"DOTUSDT","interval":"1h","verdict":"WAIT","score":44,"price":1.223,"msg":"scanner"}
{"level":30,"time":1775392439621,"pid":17096,"hostname":"DESKTOP-KPAMGTB","module":"binance","symbol":"DOTUSDT","interval":"4h","verdict":"AVOID","score":34,"price":1.223,"msg":"scanner"}
{"level":30,"time":1775392439671,"pid":17096,"hostname":"DESKTOP-KPAMGTB","module":"binance","symbol":"DOTUSDT","interval":"4h","verdict":"AVOID","score":34,"price":1.223,"msg":"scanner"}
{"level":30,"time":1775392439739,"pid":17096,"hostname":"DESKTOP-KPAMGTB","module":"binance","symbol":"LINKUSDT","interval":"1h","verdict":"WAIT","score":38,"price":8.51,"msg":"scanner"}
{"level":30,"time":1775392439806,"pid":17096,"hostname":"DESKTOP-KPAMGTB","module":"binance","symbol":"LINKUSDT","interval":"5m","verdict":"AVOID","score":34,"price":8.51,"msg":"scanner"}
{"level":30,"time":1775392439952,"pid":17096,"hostname":"DESKTOP-KPAMGTB","module":"binance","symbol":"LINKUSDT","interval":"5m","verdict":"AVOID","score":34,"price":8.51,"msg":"scanner"}
{"level":30,"time":1775392439971,"pid":17096,"hostname":"DESKTOP-KPAMGTB","module":"binance","symbol":"LINKUSDT","interval":"4h","verdict":"AVOID","score":34,"price":8.51,"msg":"scanner"}
{"level":30,"time":1775392440706,"pid":17096,"hostname":"DESKTOP-KPAMGTB","module":"binance","symbol":"LINKUSDT","interval":"4h","verdict":"AVOID","score":34,"price":8.51,"msg":"scanner"}
{"level":30,"time":1775392440905,"pid":17096,"hostname":"DESKTOP-KPAMGTB","module":"binance","symbol":"MATICUSDT","interval":"5m","verdict":"WAIT","score":59,"price":0.3794,"msg":"scanner"}
{"level":30,"time":1775392441004,"pid":17096,"hostname":"DESKTOP-KPAMGTB","module":"binance","symbol":"MATICUSDT","interval":"1h","verdict":"WAIT","score":47,"price":0.3794,"msg":"scanner"}
{"level":30,"time":1775392441154,"pid":17096,"hostname":"DESKTOP-KPAMGTB","module":"binance","symbol":"MATICUSDT","interval":"5m","verdict":"WAIT","score":59,"price":0.3794,"msg":"scanner"}
{"level":30,"time":1775392441226,"pid":17096,"hostname":"DESKTOP-KPAMGTB","module":"binance","symbol":"MATICUSDT","interval":"4h","verdict":"WAIT","score":41,"price":0.3794,"msg":"scanner"}
{"level":30,"time":1775392441371,"pid":17096,"hostname":"DESKTOP-KPAMGTB","module":"binance","symbol":"MATICUSDT","interval":"4h","verdict":"WAIT","score":41,"price":0.3794,"msg":"scanner"}
{"level":30,"time":1775392441606,"pid":17096,"hostname":"DESKTOP-KPAMGTB","module":"binance","symbol":"LTCUSDT","interval":"5m","verdict":"AVOID","score":34,"price":52.66,"msg":"scanner"}
{"level":30,"time":1775392441646,"pid":17096,"hostname":"DESKTOP-KPAMGTB","module":"binance","symbol":"LTCUSDT","interval":"5m","verdict":"AVOID","score":34,"price":52.66,"msg":"scanner"}
{"level":30,"time":1775392441692,"pid":17096,"hostname":"DESKTOP-KPAMGTB","module":"binance","symbol":"LTCUSDT","interval":"1h","verdict":"WAIT","score":38,"price":52.66,"msg":"scanner"}
{"level":30,"time":1775392441893,"pid":17096,"hostname":"DESKTOP-KPAMGTB","module":"binance","symbol":"LTCUSDT","interval":"4h","verdict":"WAIT","score":38,"price":52.66,"msg":"scanner"}
{"level":30,"time":1775392441925,"pid":17096,"hostname":"DESKTOP-KPAMGTB","module":"binance","symbol":"LTCUSDT","interval":"1h","verdict":"WAIT","score":38,"price":52.66,"msg":"scanner"}
{"level":30,"time":1775392441990,"pid":17096,"hostname":"DESKTOP-KPAMGTB","module":"binance","symbol":"LTCUSDT","interval":"4h","verdict":"WAIT","score":38,"price":52.66,"msg":"scanner"}
{"level":30,"time":1775392442203,"pid":17096,"hostname":"DESKTOP-KPAMGTB","module":"binance","symbol":"SHIBUSDT","interval":"5m","verdict":"AVOID","score":31,"price":0.00000581,"msg":"scanner"}
{"level":30,"time":1775392442232,"pid":17096,"hostname":"DESKTOP-KPAMGTB","module":"binance","symbol":"SHIBUSDT","interval":"5m","verdict":"AVOID","score":31,"price":0.00000581,"msg":"scanner"}
{"level":30,"time":1775392442323,"pid":17096,"hostname":"DESKTOP-KPAMGTB","module":"binance","symbol":"SHIBUSDT","interval":"1h","verdict":"WAIT","score":44,"price":0.00000581,"msg":"scanner"}
{"level":30,"time":1775392442494,"pid":17096,"hostname":"DESKTOP-KPAMGTB","module":"binance","symbol":"SHIBUSDT","interval":"4h","verdict":"WAIT","score":38,"price":0.00000581,"msg":"scanner"}
{"level":30,"time":1775392442523,"pid":17096,"hostname":"DESKTOP-KPAMGTB","module":"binance","symbol":"UNIUSDT","interval":"5m","verdict":"AVOID","score":34,"price":3.065,"msg":"scanner"}
{"level":30,"time":1775392442608,"pid":17096,"hostname":"DESKTOP-KPAMGTB","module":"binance","symbol":"SHIBUSDT","interval":"4h","verdict":"WAIT","score":38,"price":0.00000581,"msg":"scanner"}
{"level":30,"time":1775392442692,"pid":17096,"hostname":"DESKTOP-KPAMGTB","module":"binance","symbol":"MATICUSDT","interval":"1h","verdict":"WAIT","score":47,"price":0.3794,"msg":"scanner"}
{"level":30,"time":1775392442839,"pid":17096,"hostname":"DESKTOP-KPAMGTB","module":"binance","symbol":"UNIUSDT","interval":"1h","verdict":"WAIT","score":41,"price":3.065,"msg":"scanner"}
{"level":30,"time":1775392442861,"pid":17096,"hostname":"DESKTOP-KPAMGTB","module":"binance","symbol":"UNIUSDT","interval":"4h","verdict":"WAIT","score":44,"price":3.065,"msg":"scanner"}
{"level":30,"time":1775392442935,"pid":17096,"hostname":"DESKTOP-KPAMGTB","module":"binance","symbol":"UNIUSDT","interval":"1h","verdict":"WAIT","score":41,"price":3.065,"msg":"scanner"}
{"level":30,"time":1775392442963,"pid":17096,"hostname":"DESKTOP-KPAMGTB","module":"binance","symbol":"ATOMUSDT","interval":"5m","verdict":"AVOID","score":34,"price":1.681,"msg":"scanner"}
{"level":30,"time":1775392443135,"pid":17096,"hostname":"DESKTOP-KPAMGTB","module":"binance","symbol":"ATOMUSDT","interval":"1h","verdict":"WAIT","score":38,"price":1.681,"msg":"scanner"}
{"level":30,"time":1775392443179,"pid":17096,"hostname":"DESKTOP-KPAMGTB","module":"binance","symbol":"ATOMUSDT","interval":"5m","verdict":"AVOID","score":34,"price":1.681,"msg":"scanner"}
{"level":30,"time":1775392443237,"pid":17096,"hostname":"DESKTOP-KPAMGTB","module":"binance","symbol":"ATOMUSDT","interval":"1h","verdict":"WAIT","score":38,"price":1.681,"msg":"scanner"}
{"level":30,"time":1775392443248,"pid":17096,"hostname":"DESKTOP-KPAMGTB","module":"binance","symbol":"ATOMUSDT","interval":"4h","verdict":"WAIT","score":38,"price":1.681,"msg":"scanner"}
{"level":30,"time":1775392443407,"pid":17096,"hostname":"DESKTOP-KPAMGTB","module":"binance","symbol":"ETCUSDT","interval":"5m","verdict":"WAIT","score":38,"price":8.45,"msg":"scanner"}
{"level":30,"time":1775392443456,"pid":17096,"hostname":"DESKTOP-KPAMGTB","module":"binance","symbol":"ATOMUSDT","interval":"4h","verdict":"WAIT","score":38,"price":1.681,"msg":"scanner"}
{"level":30,"time":1775392443540,"pid":17096,"hostname":"DESKTOP-KPAMGTB","module":"binance","symbol":"ETCUSDT","interval":"1h","verdict":"WAIT","score":63,"price":8.45,"msg":"scanner"}
{"level":30,"time":1775392443558,"pid":17096,"hostname":"DESKTOP-KPAMGTB","module":"binance","symbol":"ETCUSDT","interval":"5m","verdict":"WAIT","score":38,"price":8.45,"msg":"scanner"}
{"level":30,"time":1775392443684,"pid":17096,"hostname":"DESKTOP-KPAMGTB","module":"binance","symbol":"ETCUSDT","interval":"4h","verdict":"WAIT","score":56,"price":8.45,"msg":"scanner"}
{"level":30,"time":1775392443731,"pid":17096,"hostname":"DESKTOP-KPAMGTB","module":"binance","symbol":"ETCUSDT","interval":"1h","verdict":"WAIT","score":63,"price":8.45,"msg":"scanner"}
{"level":30,"time":1775392443819,"pid":17096,"hostname":"DESKTOP-KPAMGTB","module":"binance","symbol":"ETCUSDT","interval":"4h","verdict":"WAIT","score":56,"price":8.45,"msg":"scanner"}
{"level":30,"time":1775392443836,"pid":17096,"hostname":"DESKTOP-KPAMGTB","module":"binance","symbol":"XLMUSDT","interval":"5m","verdict":"AVOID","score":34,"price":0.1576,"msg":"scanner"}
{"level":30,"time":1775392443955,"pid":17096,"hostname":"DESKTOP-KPAMGTB","module":"binance","symbol":"XLMUSDT","interval":"1h","verdict":"AVOID","score":34,"price":0.1576,"msg":"scanner"}
{"level":30,"time":1775392444068,"pid":17096,"hostname":"DESKTOP-KPAMGTB","module":"binance","symbol":"XLMUSDT","interval":"5m","verdict":"AVOID","score":34,"price":0.1576,"msg":"scanner"}
{"level":30,"time":1775392444099,"pid":17096,"hostname":"DESKTOP-KPAMGTB","module":"binance","symbol":"XLMUSDT","interval":"4h","verdict":"AVOID","score":34,"price":0.1576,"msg":"scanner"}
{"level":30,"time":1775392444177,"pid":17096,"hostname":"DESKTOP-KPAMGTB","module":"binance","symbol":"XLMUSDT","interval":"1h","verdict":"AVOID","score":34,"price":0.1576,"msg":"scanner"}
{"level":30,"time":1775392444225,"pid":17096,"hostname":"DESKTOP-KPAMGTB","module":"binance","symbol":"APTUSDT","interval":"5m","verdict":"AVOID","score":31,"price":0.831,"msg":"scanner"}
{"level":30,"time":1775392444327,"pid":17096,"hostname":"DESKTOP-KPAMGTB","module":"binance","symbol":"XLMUSDT","interval":"4h","verdict":"AVOID","score":34,"price":0.1576,"msg":"scanner"}
{"level":30,"time":1775392444358,"pid":17096,"hostname":"DESKTOP-KPAMGTB","module":"binance","symbol":"APTUSDT","interval":"5m","verdict":"AVOID","score":31,"price":0.831,"msg":"scanner"}
{"level":30,"time":1775392444476,"pid":17096,"hostname":"DESKTOP-KPAMGTB","module":"binance","symbol":"APTUSDT","interval":"1h","verdict":"WAIT","score":38,"price":0.831,"msg":"scanner"}
{"level":30,"time":1775392444505,"pid":17096,"hostname":"DESKTOP-KPAMGTB","module":"binance","symbol":"APTUSDT","interval":"4h","verdict":"WAIT","score":47,"price":0.831,"msg":"scanner"}
{"level":30,"time":1775392444602,"pid":17096,"hostname":"DESKTOP-KPAMGTB","module":"binance","symbol":"APTUSDT","interval":"1h","verdict":"WAIT","score":38,"price":0.831,"msg":"scanner"}
{"level":30,"time":1775392444641,"pid":17096,"hostname":"DESKTOP-KPAMGTB","module":"binance","symbol":"NEARUSDT","interval":"5m","verdict":"AVOID","score":34,"price":1.239,"msg":"scanner"}
{"level":30,"time":1775392444740,"pid":17096,"hostname":"DESKTOP-KPAMGTB","module":"binance","symbol":"APTUSDT","interval":"4h","verdict":"WAIT","score":47,"price":0.831,"msg":"scanner"}
{"level":30,"time":1775392444773,"pid":17096,"hostname":"DESKTOP-KPAMGTB","module":"binance","symbol":"NEARUSDT","interval":"1h","verdict":"WAIT","score":56,"price":1.239,"msg":"scanner"}
{"level":30,"time":1775392444876,"pid":17096,"hostname":"DESKTOP-KPAMGTB","module":"binance","symbol":"NEARUSDT","interval":"5m","verdict":"AVOID","score":34,"price":1.239,"msg":"scanner"}
{"level":30,"time":1775392444911,"pid":17096,"hostname":"DESKTOP-KPAMGTB","module":"binance","symbol":"NEARUSDT","interval":"1h","verdict":"WAIT","score":56,"price":1.239,"msg":"scanner"}
{"level":30,"time":1775392445108,"pid":17096,"hostname":"DESKTOP-KPAMGTB","module":"binance","symbol":"NEARUSDT","interval":"4h","verdict":"WAIT","score":59,"price":1.239,"msg":"scanner"}
{"level":30,"time":1775392445471,"pid":17096,"hostname":"DESKTOP-KPAMGTB","module":"binance","symbol":"NEARUSDT","interval":"4h","verdict":"WAIT","score":59,"price":1.239,"msg":"scanner"}
{"level":40,"time":1775392468767,"pid":17096,"hostname":"DESKTOP-KPAMGTB","module":"order-monitor","msg":"checkFills overlapped — cycle skipped"}
{"level":40,"time":1775392538769,"pid":17096,"hostname":"DESKTOP-KPAMGTB","module":"order-monitor","msg":"checkFills overlapped — cycle skipped"}
{"level":40,"time":1775392573784,"pid":17096,"hostname":"DESKTOP-KPAMGTB","module":"order-monitor","msg":"checkFills overlapped — cycle skipped"}
{"level":40,"time":1775392608787,"pid":17096,"hostname":"DESKTOP-KPAMGTB","module":"order-monitor","msg":"checkFills overlapped — cycle skipped"}
{"level":50,"time":1775392626072,"pid":17096,"hostname":"DESKTOP-KPAMGTB","module":"api","source":"orders","code":"NETWORK","err":"fetch failed","msg":"error de ruta"}
{"level":40,"time":1775392643793,"pid":17096,"hostname":"DESKTOP-KPAMGTB","module":"order-monitor","msg":"checkFills overlapped — cycle skipped"}
{"level":40,"time":1775392678802,"pid":17096,"hostname":"DESKTOP-KPAMGTB","module":"order-monitor","msg":"checkFills overlapped — cycle skipped"}
{"level":30,"time":1775392706697,"pid":17096,"hostname":"DESKTOP-KPAMGTB","module":"binance","symbol":"BTCUSDT","interval":"5m","verdict":"WAIT","score":47,"price":66771.11,"msg":"scanner"}
{"level":30,"time":1775392706717,"pid":17096,"hostname":"DESKTOP-KPAMGTB","module":"binance","symbol":"ETHUSDT","interval":"5m","verdict":"WAIT","score":38,"price":2027.52,"msg":"scanner"}
{"level":30,"time":1775392706764,"pid":17096,"hostname":"DESKTOP-KPAMGTB","module":"binance","symbol":"BTCUSDT","interval":"1h","verdict":"AVOID","score":34,"price":66771.1,"msg":"scanner"}
{"level":30,"time":1775392706784,"pid":17096,"hostname":"DESKTOP-KPAMGTB","module":"binance","symbol":"ETHUSDT","interval":"5m","verdict":"WAIT","score":38,"price":2027.52,"msg":"scanner"}
{"level":30,"time":1775392706803,"pid":17096,"hostname":"DESKTOP-KPAMGTB","module":"binance","symbol":"BTCUSDT","interval":"1h","verdict":"AVOID","score":34,"price":66771.1,"msg":"scanner"}
{"level":30,"time":1775392706820,"pid":17096,"hostname":"DESKTOP-KPAMGTB","module":"binance","symbol":"BTCUSDT","interval":"5m","verdict":"WAIT","score":47,"price":66771.1,"msg":"scanner"}
{"level":30,"time":1775392707221,"pid":17096,"hostname":"DESKTOP-KPAMGTB","module":"binance","symbol":"ETHUSDT","interval":"1h","verdict":"AVOID","score":31,"price":2027.53,"msg":"scanner"}
{"level":30,"time":1775392707249,"pid":17096,"hostname":"DESKTOP-KPAMGTB","module":"binance","symbol":"ETHUSDT","interval":"1h","verdict":"AVOID","score":31,"price":2027.53,"msg":"scanner"}
{"level":30,"time":1775392707314,"pid":17096,"hostname":"DESKTOP-KPAMGTB","module":"binance","symbol":"BNBUSDT","interval":"5m","verdict":"WAIT","score":38,"price":590.95,"msg":"scanner"}
{"level":30,"time":1775392707424,"pid":17096,"hostname":"DESKTOP-KPAMGTB","module":"binance","symbol":"BNBUSDT","interval":"1h","verdict":"WAIT","score":44,"price":590.95,"msg":"scanner"}
{"level":30,"time":1775392707837,"pid":17096,"hostname":"DESKTOP-KPAMGTB","module":"binance","symbol":"SOLUSDT","interval":"1h","verdict":"WAIT","score":41,"price":79.11,"msg":"scanner"}
{"level":30,"time":1775392707856,"pid":17096,"hostname":"DESKTOP-KPAMGTB","module":"binance","symbol":"SOLUSDT","interval":"5m","verdict":"AVOID","score":31,"price":79.11,"msg":"scanner"}
{"level":30,"time":1775392707896,"pid":17096,"hostname":"DESKTOP-KPAMGTB","module":"binance","symbol":"SOLUSDT","interval":"1h","verdict":"WAIT","score":41,"price":79.11,"msg":"scanner"}
{"level":30,"time":1775392707921,"pid":17096,"hostname":"DESKTOP-KPAMGTB","module":"binance","symbol":"SOLUSDT","interval":"5m","verdict":"AVOID","score":31,"price":79.11,"msg":"scanner"}
{"level":30,"time":1775392708273,"pid":17096,"hostname":"DESKTOP-KPAMGTB","module":"binance","symbol":"XRPUSDT","interval":"5m","verdict":"WAIT","score":38,"price":1.2863,"msg":"scanner"}
{"level":30,"time":1775392708347,"pid":17096,"hostname":"DESKTOP-KPAMGTB","module":"binance","symbol":"XRPUSDT","interval":"1h","verdict":"WAIT","score":38,"price":1.2863,"msg":"scanner"}
{"level":30,"time":1775392708373,"pid":17096,"hostname":"DESKTOP-KPAMGTB","module":"binance","symbol":"XRPUSDT","interval":"1h","verdict":"WAIT","score":38,"price":1.2863,"msg":"scanner"}
{"level":30,"time":1775392708396,"pid":17096,"hostname":"DESKTOP-KPAMGTB","module":"binance","symbol":"XRPUSDT","interval":"5m","verdict":"WAIT","score":38,"price":1.2863,"msg":"scanner"}
{"level":30,"time":1775392708586,"pid":17096,"hostname":"DESKTOP-KPAMGTB","module":"binance","symbol":"DOGEUSDT","interval":"5m","verdict":"AVOID","score":34,"price":0.08998,"msg":"scanner"}
{"level":30,"time":1775392708702,"pid":17096,"hostname":"DESKTOP-KPAMGTB","module":"binance","symbol":"DOGEUSDT","interval":"5m","verdict":"AVOID","score":34,"price":0.08998,"msg":"scanner"}
{"level":30,"time":1775392708728,"pid":17096,"hostname":"DESKTOP-KPAMGTB","module":"binance","symbol":"DOGEUSDT","interval":"1h","verdict":"WAIT","score":41,"price":0.08998,"msg":"scanner"}
{"level":30,"time":1775392708750,"pid":17096,"hostname":"DESKTOP-KPAMGTB","module":"binance","symbol":"DOGEUSDT","interval":"1h","verdict":"WAIT","score":41,"price":0.08999,"msg":"scanner"}
{"level":30,"time":1775392709023,"pid":17096,"hostname":"DESKTOP-KPAMGTB","module":"binance","symbol":"ADAUSDT","interval":"5m","verdict":"WAIT","score":44,"price":0.2414,"msg":"scanner"}
{"level":30,"time":1775392709070,"pid":17096,"hostname":"DESKTOP-KPAMGTB","module":"binance","symbol":"ADAUSDT","interval":"5m","verdict":"WAIT","score":44,"price":0.2414,"msg":"scanner"}
{"level":30,"time":1775392709096,"pid":17096,"hostname":"DESKTOP-KPAMGTB","module":"binance","symbol":"ADAUSDT","interval":"1h","verdict":"WAIT","score":50,"price":0.2414,"msg":"scanner"}
{"level":30,"time":1775392709165,"pid":17096,"hostname":"DESKTOP-KPAMGTB","module":"binance","symbol":"ADAUSDT","interval":"1h","verdict":"WAIT","score":50,"price":0.2414,"msg":"scanner"}
{"level":30,"time":1775392709294,"pid":17096,"hostname":"DESKTOP-KPAMGTB","module":"binance","symbol":"AVAXUSDT","interval":"5m","verdict":"AVOID","score":34,"price":8.78,"msg":"scanner"}
{"level":30,"time":1775392709397,"pid":17096,"hostname":"DESKTOP-KPAMGTB","module":"binance","symbol":"AVAXUSDT","interval":"5m","verdict":"AVOID","score":34,"price":8.78,"msg":"scanner"}
{"level":30,"time":1775392709423,"pid":17096,"hostname":"DESKTOP-KPAMGTB","module":"binance","symbol":"AVAXUSDT","interval":"1h","verdict":"WAIT","score":38,"price":8.78,"msg":"scanner"}
{"level":30,"time":1775392709476,"pid":17096,"hostname":"DESKTOP-KPAMGTB","module":"binance","symbol":"AVAXUSDT","interval":"1h","verdict":"WAIT","score":38,"price":8.78,"msg":"scanner"}
{"level":30,"time":1775392709595,"pid":17096,"hostname":"DESKTOP-KPAMGTB","module":"binance","symbol":"TRXUSDT","interval":"5m","verdict":"BUY","score":69,"price":0.3192,"msg":"scanner"}
{"level":30,"time":1775392709693,"pid":17096,"hostname":"DESKTOP-KPAMGTB","module":"binance","symbol":"TRXUSDT","interval":"1h","verdict":"WAIT","score":63,"price":0.3192,"msg":"scanner"}
{"level":30,"time":1775392709788,"pid":17096,"hostname":"DESKTOP-KPAMGTB","module":"binance","symbol":"TRXUSDT","interval":"5m","verdict":"BUY","score":69,"price":0.3192,"msg":"scanner"}
{"level":30,"time":1775392710540,"pid":17096,"hostname":"DESKTOP-KPAMGTB","module":"binance","symbol":"DOTUSDT","interval":"5m","verdict":"WAIT","score":38,"price":1.222,"msg":"scanner"}
{"level":30,"time":1775392710595,"pid":17096,"hostname":"DESKTOP-KPAMGTB","module":"binance","symbol":"DOTUSDT","interval":"5m","verdict":"WAIT","score":38,"price":1.222,"msg":"scanner"}
{"level":30,"time":1775392710606,"pid":17096,"hostname":"DESKTOP-KPAMGTB","module":"binance","symbol":"DOTUSDT","interval":"1h","verdict":"WAIT","score":44,"price":1.222,"msg":"scanner"}
{"level":30,"time":1775392710621,"pid":17096,"hostname":"DESKTOP-KPAMGTB","module":"binance","symbol":"DOTUSDT","interval":"1h","verdict":"WAIT","score":44,"price":1.222,"msg":"scanner"}
{"level":30,"time":1775392710634,"pid":17096,"hostname":"DESKTOP-KPAMGTB","module":"binance","symbol":"LINKUSDT","interval":"5m","verdict":"AVOID","score":34,"price":8.49,"msg":"scanner"}
{"level":30,"time":1775392711022,"pid":17096,"hostname":"DESKTOP-KPAMGTB","module":"binance","symbol":"LINKUSDT","interval":"1h","verdict":"WAIT","score":38,"price":8.49,"msg":"scanner"}
{"level":30,"time":1775392711092,"pid":17096,"hostname":"DESKTOP-KPAMGTB","module":"binance","symbol":"MATICUSDT","interval":"5m","verdict":"WAIT","score":59,"price":0.3794,"msg":"scanner"}
{"level":30,"time":1775392711134,"pid":17096,"hostname":"DESKTOP-KPAMGTB","module":"binance","symbol":"LINKUSDT","interval":"1h","verdict":"WAIT","score":38,"price":8.49,"msg":"scanner"}
{"level":30,"time":1775392711185,"pid":17096,"hostname":"DESKTOP-KPAMGTB","module":"binance","symbol":"MATICUSDT","interval":"1h","verdict":"WAIT","score":47,"price":0.3794,"msg":"scanner"}
{"level":30,"time":1775392711194,"pid":17096,"hostname":"DESKTOP-KPAMGTB","module":"binance","symbol":"MATICUSDT","interval":"5m","verdict":"WAIT","score":59,"price":0.3794,"msg":"scanner"}
{"level":30,"time":1775392711294,"pid":17096,"hostname":"DESKTOP-KPAMGTB","module":"binance","symbol":"MATICUSDT","interval":"1h","verdict":"WAIT","score":47,"price":0.3794,"msg":"scanner"}
{"level":30,"time":1775392711430,"pid":17096,"hostname":"DESKTOP-KPAMGTB","module":"binance","symbol":"LTCUSDT","interval":"5m","verdict":"WAIT","score":44,"price":52.69,"msg":"scanner"}
{"level":30,"time":1775392711475,"pid":17096,"hostname":"DESKTOP-KPAMGTB","module":"binance","symbol":"LTCUSDT","interval":"1h","verdict":"WAIT","score":44,"price":52.69,"msg":"scanner"}
{"level":30,"time":1775392711511,"pid":17096,"hostname":"DESKTOP-KPAMGTB","module":"binance","symbol":"LTCUSDT","interval":"5m","verdict":"WAIT","score":44,"price":52.69,"msg":"scanner"}
{"level":30,"time":1775392711532,"pid":17096,"hostname":"DESKTOP-KPAMGTB","module":"binance","symbol":"LTCUSDT","interval":"1h","verdict":"WAIT","score":44,"price":52.69,"msg":"scanner"}
{"level":30,"time":1775392711574,"pid":17096,"hostname":"DESKTOP-KPAMGTB","module":"binance","symbol":"SHIBUSDT","interval":"5m","verdict":"AVOID","score":28,"price":0.00000581,"msg":"scanner"}
{"level":30,"time":1775392711816,"pid":17096,"hostname":"DESKTOP-KPAMGTB","module":"binance","symbol":"SHIBUSDT","interval":"1h","verdict":"WAIT","score":41,"price":0.00000581,"msg":"scanner"}
{"level":30,"time":1775392711827,"pid":17096,"hostname":"DESKTOP-KPAMGTB","module":"binance","symbol":"SHIBUSDT","interval":"5m","verdict":"AVOID","score":28,"price":0.00000581,"msg":"scanner"}
{"level":30,"time":1775392711896,"pid":17096,"hostname":"DESKTOP-KPAMGTB","module":"binance","symbol":"UNIUSDT","interval":"5m","verdict":"AVOID","score":34,"price":3.071,"msg":"scanner"}
{"level":30,"time":1775392711974,"pid":17096,"hostname":"DESKTOP-KPAMGTB","module":"binance","symbol":"UNIUSDT","interval":"5m","verdict":"AVOID","score":34,"price":3.071,"msg":"scanner"}
{"level":30,"time":1775392712109,"pid":17096,"hostname":"DESKTOP-KPAMGTB","module":"binance","symbol":"UNIUSDT","interval":"1h","verdict":"WAIT","score":47,"price":3.071,"msg":"scanner"}
{"level":30,"time":1775392712152,"pid":17096,"hostname":"DESKTOP-KPAMGTB","module":"binance","symbol":"UNIUSDT","interval":"1h","verdict":"WAIT","score":47,"price":3.071,"msg":"scanner"}
{"level":30,"time":1775392712183,"pid":17096,"hostname":"DESKTOP-KPAMGTB","module":"binance","symbol":"ATOMUSDT","interval":"5m","verdict":"WAIT","score":41,"price":1.681,"msg":"scanner"}
{"level":30,"time":1775392712213,"pid":17096,"hostname":"DESKTOP-KPAMGTB","module":"binance","symbol":"SHIBUSDT","interval":"1h","verdict":"WAIT","score":41,"price":0.00000581,"msg":"scanner"}
{"level":30,"time":1775392712258,"pid":17096,"hostname":"DESKTOP-KPAMGTB","module":"binance","symbol":"ATOMUSDT","interval":"1h","verdict":"WAIT","score":38,"price":1.681,"msg":"scanner"}
{"level":30,"time":1775392712416,"pid":17096,"hostname":"DESKTOP-KPAMGTB","module":"binance","symbol":"ATOMUSDT","interval":"5m","verdict":"WAIT","score":41,"price":1.681,"msg":"scanner"}
{"level":30,"time":1775392712433,"pid":17096,"hostname":"DESKTOP-KPAMGTB","module":"binance","symbol":"ATOMUSDT","interval":"1h","verdict":"WAIT","score":38,"price":1.681,"msg":"scanner"}
{"level":30,"time":1775392712464,"pid":17096,"hostname":"DESKTOP-KPAMGTB","module":"binance","symbol":"ETCUSDT","interval":"5m","verdict":"AVOID","score":34,"price":8.46,"msg":"scanner"}
{"level":30,"time":1775392712489,"pid":17096,"hostname":"DESKTOP-KPAMGTB","module":"binance","symbol":"ETCUSDT","interval":"1h","verdict":"WAIT","score":59,"price":8.46,"msg":"scanner"}
{"level":30,"time":1775392712557,"pid":17096,"hostname":"DESKTOP-KPAMGTB","module":"binance","symbol":"ETCUSDT","interval":"5m","verdict":"AVOID","score":34,"price":8.46,"msg":"scanner"}
{"level":30,"time":1775392712712,"pid":17096,"hostname":"DESKTOP-KPAMGTB","module":"binance","symbol":"XLMUSDT","interval":"5m","verdict":"AVOID","score":34,"price":0.1577,"msg":"scanner"}
{"level":30,"time":1775392712732,"pid":17096,"hostname":"DESKTOP-KPAMGTB","module":"binance","symbol":"ETCUSDT","interval":"1h","verdict":"WAIT","score":59,"price":8.46,"msg":"scanner"}
{"level":30,"time":1775392712781,"pid":17096,"hostname":"DESKTOP-KPAMGTB","module":"binance","symbol":"XLMUSDT","interval":"1h","verdict":"AVOID","score":34,"price":0.1577,"msg":"scanner"}
{"level":30,"time":1775392712818,"pid":17096,"hostname":"DESKTOP-KPAMGTB","module":"binance","symbol":"XLMUSDT","interval":"5m","verdict":"AVOID","score":34,"price":0.1577,"msg":"scanner"}
{"level":30,"time":1775392712864,"pid":17096,"hostname":"DESKTOP-KPAMGTB","module":"binance","symbol":"APTUSDT","interval":"5m","verdict":"AVOID","score":31,"price":0.831,"msg":"scanner"}
{"level":30,"time":1775392713065,"pid":17096,"hostname":"DESKTOP-KPAMGTB","module":"binance","symbol":"XLMUSDT","interval":"1h","verdict":"AVOID","score":34,"price":0.1577,"msg":"scanner"}
{"level":30,"time":1775392713094,"pid":17096,"hostname":"DESKTOP-KPAMGTB","module":"binance","symbol":"APTUSDT","interval":"1h","verdict":"WAIT","score":38,"price":0.831,"msg":"scanner"}
{"level":30,"time":1775392713192,"pid":17096,"hostname":"DESKTOP-KPAMGTB","module":"binance","symbol":"NEARUSDT","interval":"5m","verdict":"WAIT","score":38,"price":1.241,"msg":"scanner"}
{"level":30,"time":1775392713204,"pid":17096,"hostname":"DESKTOP-KPAMGTB","module":"binance","symbol":"APTUSDT","interval":"1h","verdict":"WAIT","score":38,"price":0.831,"msg":"scanner"}
{"level":30,"time":1775392713230,"pid":17096,"hostname":"DESKTOP-KPAMGTB","module":"binance","symbol":"NEARUSDT","interval":"1h","verdict":"WAIT","score":59,"price":1.241,"msg":"scanner"}
{"level":30,"time":1775392713471,"pid":17096,"hostname":"DESKTOP-KPAMGTB","module":"binance","symbol":"NEARUSDT","interval":"1h","verdict":"WAIT","score":59,"price":1.241,"msg":"scanner"}
{"level":30,"time":1775392713499,"pid":17096,"hostname":"DESKTOP-KPAMGTB","module":"binance","symbol":"NEARUSDT","interval":"5m","verdict":"WAIT","score":38,"price":1.241,"msg":"scanner"}
{"level":40,"time":1775392713803,"pid":17096,"hostname":"DESKTOP-KPAMGTB","module":"order-monitor","msg":"checkFills overlapped — cycle skipped"}
{"level":40,"time":1775392748805,"pid":17096,"hostname":"DESKTOP-KPAMGTB","module":"order-monitor","msg":"checkFills overlapped — cycle skipped"}
{"level":30,"time":1775392827769,"pid":17096,"hostname":"DESKTOP-KPAMGTB","module":"binance","symbol":"BTCUSDT","interval":"1h","verdict":"AVOID","score":34,"price":66756.08,"msg":"scanner"}
{"level":30,"time":1775392827791,"pid":17096,"hostname":"DESKTOP-KPAMGTB","module":"binance","symbol":"BTCUSDT","interval":"1h","verdict":"AVOID","score":34,"price":66756.08,"msg":"scanner"}
{"level":30,"time":1775392827806,"pid":17096,"hostname":"DESKTOP-KPAMGTB","module":"binance","symbol":"BTCUSDT","interval":"1h","verdict":"AVOID","score":34,"price":66756.08,"msg":"scanner"}
{"level":30,"time":1775392828231,"pid":17096,"hostname":"DESKTOP-KPAMGTB","module":"binance","assets":23,"msg":"balance"}
{"level":30,"time":1775392828356,"pid":17096,"hostname":"DESKTOP-KPAMGTB","module":"binance","symbol":"BTCUSDT","interval":"1h","verdict":"AVOID","score":34,"price":66746.79,"msg":"scanner"}
{"level":30,"time":1775392828495,"pid":17096,"hostname":"DESKTOP-KPAMGTB","module":"binance","assets":23,"msg":"balance"}
{"level":30,"time":1775392830446,"pid":17096,"hostname":"DESKTOP-KPAMGTB","module":"binance","symbol":"ETHUSDT","interval":"1h","verdict":"AVOID","score":31,"price":2026.12,"msg":"scanner"}
{"level":30,"time":1775392830459,"pid":17096,"hostname":"DESKTOP-KPAMGTB","module":"binance","symbol":"ETHUSDT","interval":"1h","verdict":"AVOID","score":31,"price":2026.12,"msg":"scanner"}
{"level":30,"time":1775392834748,"pid":17096,"hostname":"DESKTOP-KPAMGTB","module":"binance","symbol":"ETHUSDT","interval":"4h","verdict":"WAIT","score":41,"price":2026.32,"msg":"scanner"}
{"level":30,"time":1775392836670,"pid":17096,"hostname":"DESKTOP-KPAMGTB","module":"binance","symbol":"ETHUSDT","interval":"5m","verdict":"WAIT","score":41,"price":2026.32,"msg":"scanner"}
{"level":30,"time":1775392858458,"pid":17096,"hostname":"DESKTOP-KPAMGTB","module":"orders","symbol":"ETHUSDT","side":"SELL","fillPrice":2026,"quantity":"0.10930000","commissionInBase":0.0001095,"tpPrice":"2101.43000000","slStopPrice":"2000.73000000","buyOrderId":4806927805,"ocoOrderListId":2284249,"msg":"compra de mercat + OCO"}
{"level":30,"time":1775392858472,"pid":17096,"hostname":"DESKTOP-KPAMGTB","module":"trailing-engine","msg":"motor iniciat"}
{"level":30,"time":1775392864610,"pid":17096,"hostname":"DESKTOP-KPAMGTB","module":"binance","symbol":"BTCUSDT","interval":"5m","verdict":"WAIT","score":41,"price":66756.76,"msg":"scanner"}
{"level":30,"time":1775392864628,"pid":17096,"hostname":"DESKTOP-KPAMGTB","module":"binance","symbol":"BTCUSDT","interval":"4h","verdict":"WAIT","score":38,"price":66756.76,"msg":"scanner"}
{"level":30,"time":1775392864862,"pid":17096,"hostname":"DESKTOP-KPAMGTB","module":"binance","symbol":"BTCUSDT","interval":"4h","verdict":"WAIT","score":38,"price":66756.76,"msg":"scanner"}
{"level":30,"time":1775392864884,"pid":17096,"hostname":"DESKTOP-KPAMGTB","module":"binance","symbol":"BTCUSDT","interval":"5m","verdict":"WAIT","score":41,"price":66756.76,"msg":"scanner"}
{"level":30,"time":1775392865030,"pid":17096,"hostname":"DESKTOP-KPAMGTB","module":"binance","symbol":"BNBUSDT","interval":"5m","verdict":"WAIT","score":41,"price":590.84,"msg":"scanner"}
{"level":30,"time":1775392865039,"pid":17096,"hostname":"DESKTOP-KPAMGTB","module":"binance","symbol":"BNBUSDT","interval":"1h","verdict":"WAIT","score":41,"price":590.84,"msg":"scanner"}
{"level":30,"time":1775392865106,"pid":17096,"hostname":"DESKTOP-KPAMGTB","module":"binance","symbol":"BNBUSDT","interval":"4h","verdict":"WAIT","score":41,"price":590.84,"msg":"scanner"}
{"level":30,"time":1775392865171,"pid":17096,"hostname":"DESKTOP-KPAMGTB","module":"binance","symbol":"SOLUSDT","interval":"5m","verdict":"WAIT","score":41,"price":79.11,"msg":"scanner"}
{"level":30,"time":1775392865180,"pid":17096,"hostname":"DESKTOP-KPAMGTB","module":"binance","symbol":"BNBUSDT","interval":"5m","verdict":"WAIT","score":41,"price":590.84,"msg":"scanner"}
{"level":30,"time":1775392865342,"pid":17096,"hostname":"DESKTOP-KPAMGTB","module":"binance","symbol":"BNBUSDT","interval":"4h","verdict":"WAIT","score":41,"price":590.84,"msg":"scanner"}
{"level":30,"time":1775392865378,"pid":17096,"hostname":"DESKTOP-KPAMGTB","module":"binance","symbol":"SOLUSDT","interval":"5m","verdict":"WAIT","score":41,"price":79.11,"msg":"scanner"}
{"level":30,"time":1775392865430,"pid":17096,"hostname":"DESKTOP-KPAMGTB","module":"binance","symbol":"SOLUSDT","interval":"1h","verdict":"WAIT","score":41,"price":79.11,"msg":"scanner"}
{"level":30,"time":1775392865465,"pid":17096,"hostname":"DESKTOP-KPAMGTB","module":"binance","symbol":"SOLUSDT","interval":"4h","verdict":"AVOID","score":31,"price":79.11,"msg":"scanner"}
{"level":30,"time":1775392865493,"pid":17096,"hostname":"DESKTOP-KPAMGTB","module":"binance","symbol":"SOLUSDT","interval":"1h","verdict":"WAIT","score":41,"price":79.11,"msg":"scanner"}
{"level":30,"time":1775392865627,"pid":17096,"hostname":"DESKTOP-KPAMGTB","module":"binance","symbol":"XRPUSDT","interval":"5m","verdict":"WAIT","score":38,"price":1.284,"msg":"scanner"}
{"level":30,"time":1775392865660,"pid":17096,"hostname":"DESKTOP-KPAMGTB","module":"binance","symbol":"XRPUSDT","interval":"1h","verdict":"WAIT","score":38,"price":1.284,"msg":"scanner"}
{"level":30,"time":1775392865764,"pid":17096,"hostname":"DESKTOP-KPAMGTB","module":"binance","symbol":"XRPUSDT","interval":"5m","verdict":"WAIT","score":38,"price":1.2841,"msg":"scanner"}
{"level":30,"time":1775392865834,"pid":17096,"hostname":"DESKTOP-KPAMGTB","module":"binance","symbol":"XRPUSDT","interval":"1h","verdict":"WAIT","score":38,"price":1.2841,"msg":"scanner"}
{"level":30,"time":1775392865979,"pid":17096,"hostname":"DESKTOP-KPAMGTB","module":"binance","symbol":"XRPUSDT","interval":"4h","verdict":"WAIT","score":38,"price":1.2841,"msg":"scanner"}
{"level":30,"time":1775392865995,"pid":17096,"hostname":"DESKTOP-KPAMGTB","module":"binance","symbol":"DOGEUSDT","interval":"5m","verdict":"WAIT","score":38,"price":0.08997,"msg":"scanner"}
{"level":30,"time":1775392866163,"pid":17096,"hostname":"DESKTOP-KPAMGTB","module":"binance","symbol":"XRPUSDT","interval":"4h","verdict":"WAIT","score":38,"price":1.2841,"msg":"scanner"}
{"level":30,"time":1775392866173,"pid":17096,"hostname":"DESKTOP-KPAMGTB","module":"binance","symbol":"SOLUSDT","interval":"4h","verdict":"AVOID","score":31,"price":79.11,"msg":"scanner"}
{"level":30,"time":1775392866207,"pid":17096,"hostname":"DESKTOP-KPAMGTB","module":"binance","symbol":"DOGEUSDT","interval":"1h","verdict":"WAIT","score":41,"price":0.08997,"msg":"scanner"}
{"level":30,"time":1775392866278,"pid":17096,"hostname":"DESKTOP-KPAMGTB","module":"binance","symbol":"DOGEUSDT","interval":"4h","verdict":"AVOID","score":34,"price":0.08997,"msg":"scanner"}
{"level":30,"time":1775392866362,"pid":17096,"hostname":"DESKTOP-KPAMGTB","module":"binance","symbol":"DOGEUSDT","interval":"1h","verdict":"WAIT","score":41,"price":0.08997,"msg":"scanner"}
{"level":30,"time":1775392866560,"pid":17096,"hostname":"DESKTOP-KPAMGTB","module":"binance","symbol":"ADAUSDT","interval":"5m","verdict":"WAIT","score":44,"price":0.2412,"msg":"scanner"}
{"level":30,"time":1775392866569,"pid":17096,"hostname":"DESKTOP-KPAMGTB","module":"binance","symbol":"DOGEUSDT","interval":"4h","verdict":"AVOID","score":34,"price":0.08997,"msg":"scanner"}
{"level":30,"time":1775392866584,"pid":17096,"hostname":"DESKTOP-KPAMGTB","module":"binance","symbol":"ADAUSDT","interval":"1h","verdict":"WAIT","score":50,"price":0.2412,"msg":"scanner"}
{"level":30,"time":1775392866610,"pid":17096,"hostname":"DESKTOP-KPAMGTB","module":"binance","symbol":"ADAUSDT","interval":"5m","verdict":"WAIT","score":44,"price":0.2412,"msg":"scanner"}
{"level":30,"time":1775392866648,"pid":17096,"hostname":"DESKTOP-KPAMGTB","module":"binance","symbol":"ADAUSDT","interval":"1h","verdict":"WAIT","score":50,"price":0.2412,"msg":"scanner"}
{"level":30,"time":1775392866879,"pid":17096,"hostname":"DESKTOP-KPAMGTB","module":"binance","symbol":"ADAUSDT","interval":"4h","verdict":"AVOID","score":34,"price":0.2412,"msg":"scanner"}
{"level":30,"time":1775392866918,"pid":17096,"hostname":"DESKTOP-KPAMGTB","module":"binance","symbol":"AVAXUSDT","interval":"5m","verdict":"WAIT","score":38,"price":8.76,"msg":"scanner"}
{"level":30,"time":1775392866953,"pid":17096,"hostname":"DESKTOP-KPAMGTB","module":"binance","symbol":"ADAUSDT","interval":"4h","verdict":"AVOID","score":34,"price":0.2412,"msg":"scanner"}
{"level":30,"time":1775392866976,"pid":17096,"hostname":"DESKTOP-KPAMGTB","module":"binance","symbol":"AVAXUSDT","interval":"1h","verdict":"WAIT","score":38,"price":8.76,"msg":"scanner"}
{"level":30,"time":1775392867162,"pid":17096,"hostname":"DESKTOP-KPAMGTB","module":"binance","symbol":"AVAXUSDT","interval":"5m","verdict":"WAIT","score":38,"price":8.76,"msg":"scanner"}
{"level":30,"time":1775392867205,"pid":17096,"hostname":"DESKTOP-KPAMGTB","module":"binance","symbol":"AVAXUSDT","interval":"4h","verdict":"AVOID","score":31,"price":8.76,"msg":"scanner"}
{"level":30,"time":1775392867290,"pid":17096,"hostname":"DESKTOP-KPAMGTB","module":"binance","symbol":"AVAXUSDT","interval":"4h","verdict":"AVOID","score":31,"price":8.76,"msg":"scanner"}
{"level":30,"time":1775392867303,"pid":17096,"hostname":"DESKTOP-KPAMGTB","module":"binance","symbol":"TRXUSDT","interval":"5m","verdict":"WAIT","score":59,"price":0.3192,"msg":"scanner"}
{"level":30,"time":1775392867462,"pid":17096,"hostname":"DESKTOP-KPAMGTB","module":"binance","symbol":"TRXUSDT","interval":"1h","verdict":"WAIT","score":63,"price":0.3192,"msg":"scanner"}
{"level":30,"time":1775392867513,"pid":17096,"hostname":"DESKTOP-KPAMGTB","module":"binance","symbol":"TRXUSDT","interval":"5m","verdict":"WAIT","score":59,"price":0.3192,"msg":"scanner"}
{"level":30,"time":1775392867597,"pid":17096,"hostname":"DESKTOP-KPAMGTB","module":"binance","symbol":"TRXUSDT","interval":"4h","verdict":"WAIT","score":59,"price":0.3192,"msg":"scanner"}
{"level":30,"time":1775392867604,"pid":17096,"hostname":"DESKTOP-KPAMGTB","module":"binance","symbol":"TRXUSDT","interval":"1h","verdict":"WAIT","score":63,"price":0.3192,"msg":"scanner"}
{"level":30,"time":1775392867808,"pid":17096,"hostname":"DESKTOP-KPAMGTB","module":"binance","symbol":"TRXUSDT","interval":"4h","verdict":"WAIT","score":59,"price":0.3192,"msg":"scanner"}
{"level":30,"time":1775392867820,"pid":17096,"hostname":"DESKTOP-KPAMGTB","module":"binance","symbol":"DOTUSDT","interval":"5m","verdict":"WAIT","score":41,"price":1.222,"msg":"scanner"}
{"level":30,"time":1775392867844,"pid":17096,"hostname":"DESKTOP-KPAMGTB","module":"binance","symbol":"DOTUSDT","interval":"4h","verdict":"AVOID","score":34,"price":1.222,"msg":"scanner"}
{"level":30,"time":1775392867897,"pid":17096,"hostname":"DESKTOP-KPAMGTB","module":"binance","symbol":"DOTUSDT","interval":"5m","verdict":"WAIT","score":41,"price":1.222,"msg":"scanner"}
{"level":30,"time":1775392868091,"pid":17096,"hostname":"DESKTOP-KPAMGTB","module":"binance","symbol":"DOTUSDT","interval":"1h","verdict":"WAIT","score":44,"price":1.222,"msg":"scanner"}
{"level":30,"time":1775392868705,"pid":17096,"hostname":"DESKTOP-KPAMGTB","module":"binance","symbol":"LINKUSDT","interval":"1h","verdict":"WAIT","score":38,"price":8.48,"msg":"scanner"}
{"level":30,"time":1775392868716,"pid":17096,"hostname":"DESKTOP-KPAMGTB","module":"binance","symbol":"LINKUSDT","interval":"5m","verdict":"WAIT","score":38,"price":8.48,"msg":"scanner"}
{"level":30,"time":1775392868755,"pid":17096,"hostname":"DESKTOP-KPAMGTB","module":"binance","symbol":"LINKUSDT","interval":"5m","verdict":"WAIT","score":38,"price":8.48,"msg":"scanner"}
{"level":30,"time":1775392868764,"pid":17096,"hostname":"DESKTOP-KPAMGTB","module":"binance","symbol":"LINKUSDT","interval":"4h","verdict":"WAIT","score":38,"price":8.48,"msg":"scanner"}
{"level":30,"time":1775392868777,"pid":17096,"hostname":"DESKTOP-KPAMGTB","module":"binance","symbol":"LINKUSDT","interval":"1h","verdict":"WAIT","score":38,"price":8.48,"msg":"scanner"}
{"level":30,"time":1775392869066,"pid":17096,"hostname":"DESKTOP-KPAMGTB","module":"binance","symbol":"MATICUSDT","interval":"5m","verdict":"WAIT","score":59,"price":0.3794,"msg":"scanner"}
{"level":30,"time":1775392869110,"pid":17096,"hostname":"DESKTOP-KPAMGTB","module":"binance","symbol":"MATICUSDT","interval":"5m","verdict":"WAIT","score":59,"price":0.3794,"msg":"scanner"}
{"level":30,"time":1775392869164,"pid":17096,"hostname":"DESKTOP-KPAMGTB","module":"binance","symbol":"MATICUSDT","interval":"4h","verdict":"WAIT","score":41,"price":0.3794,"msg":"scanner"}
{"level":30,"time":1775392869179,"pid":17096,"hostname":"DESKTOP-KPAMGTB","module":"binance","symbol":"MATICUSDT","interval":"1h","verdict":"WAIT","score":47,"price":0.3794,"msg":"scanner"}
{"level":30,"time":1775392869192,"pid":17096,"hostname":"DESKTOP-KPAMGTB","module":"binance","symbol":"MATICUSDT","interval":"1h","verdict":"WAIT","score":47,"price":0.3794,"msg":"scanner"}
{"level":30,"time":1775392869401,"pid":17096,"hostname":"DESKTOP-KPAMGTB","module":"binance","symbol":"LTCUSDT","interval":"5m","verdict":"WAIT","score":38,"price":52.68,"msg":"scanner"}
{"level":30,"time":1775392869427,"pid":17096,"hostname":"DESKTOP-KPAMGTB","module":"binance","symbol":"MATICUSDT","interval":"4h","verdict":"WAIT","score":41,"price":0.3794,"msg":"scanner"}
{"level":30,"time":1775392869483,"pid":17096,"hostname":"DESKTOP-KPAMGTB","module":"binance","symbol":"LTCUSDT","interval":"5m","verdict":"WAIT","score":38,"price":52.68,"msg":"scanner"}
{"level":30,"time":1775392869523,"pid":17096,"hostname":"DESKTOP-KPAMGTB","module":"binance","symbol":"LTCUSDT","interval":"1h","verdict":"WAIT","score":38,"price":52.68,"msg":"scanner"}
{"level":30,"time":1775392869581,"pid":17096,"hostname":"DESKTOP-KPAMGTB","module":"binance","symbol":"LTCUSDT","interval":"1h","verdict":"WAIT","score":38,"price":52.68,"msg":"scanner"}
{"level":30,"time":1775392869711,"pid":17096,"hostname":"DESKTOP-KPAMGTB","module":"binance","symbol":"LTCUSDT","interval":"4h","verdict":"WAIT","score":38,"price":52.68,"msg":"scanner"}
{"level":30,"time":1775392869733,"pid":17096,"hostname":"DESKTOP-KPAMGTB","module":"binance","symbol":"LTCUSDT","interval":"4h","verdict":"WAIT","score":38,"price":52.68,"msg":"scanner"}
{"level":30,"time":1775392869823,"pid":17096,"hostname":"DESKTOP-KPAMGTB","module":"binance","symbol":"SHIBUSDT","interval":"5m","verdict":"AVOID","score":31,"price":0.00000581,"msg":"scanner"}
{"level":30,"time":1775392869863,"pid":17096,"hostname":"DESKTOP-KPAMGTB","module":"binance","symbol":"SHIBUSDT","interval":"1h","verdict":"WAIT","score":41,"price":0.00000581,"msg":"scanner"}
{"level":30,"time":1775392869892,"pid":17096,"hostname":"DESKTOP-KPAMGTB","module":"binance","symbol":"SHIBUSDT","interval":"5m","verdict":"AVOID","score":31,"price":0.00000581,"msg":"scanner"}
{"level":30,"time":1775392870010,"pid":17096,"hostname":"DESKTOP-KPAMGTB","module":"binance","symbol":"SHIBUSDT","interval":"1h","verdict":"WAIT","score":41,"price":0.00000581,"msg":"scanner"}
{"level":30,"time":1775392870045,"pid":17096,"hostname":"DESKTOP-KPAMGTB","module":"binance","symbol":"SHIBUSDT","interval":"4h","verdict":"WAIT","score":38,"price":0.00000581,"msg":"scanner"}
{"level":30,"time":1775392870109,"pid":17096,"hostname":"DESKTOP-KPAMGTB","module":"binance","symbol":"SHIBUSDT","interval":"4h","verdict":"WAIT","score":38,"price":0.00000581,"msg":"scanner"}
{"level":30,"time":1775392870139,"pid":17096,"hostname":"DESKTOP-KPAMGTB","module":"binance","symbol":"UNIUSDT","interval":"5m","verdict":"AVOID","score":34,"price":3.067,"msg":"scanner"}
{"level":30,"time":1775392870164,"pid":17096,"hostname":"DESKTOP-KPAMGTB","module":"binance","symbol":"UNIUSDT","interval":"5m","verdict":"AVOID","score":34,"price":3.067,"msg":"scanner"}
{"level":30,"time":1775392870333,"pid":17096,"hostname":"DESKTOP-KPAMGTB","module":"binance","symbol":"UNIUSDT","interval":"1h","verdict":"WAIT","score":41,"price":3.067,"msg":"scanner"}
{"level":30,"time":1775392870362,"pid":17096,"hostname":"DESKTOP-KPAMGTB","module":"binance","symbol":"UNIUSDT","interval":"4h","verdict":"WAIT","score":44,"price":3.067,"msg":"scanner"}
{"level":30,"time":1775392870413,"pid":17096,"hostname":"DESKTOP-KPAMGTB","module":"binance","symbol":"UNIUSDT","interval":"1h","verdict":"WAIT","score":41,"price":3.067,"msg":"scanner"}
{"level":30,"time":1775392870450,"pid":17096,"hostname":"DESKTOP-KPAMGTB","module":"binance","symbol":"ATOMUSDT","interval":"5m","verdict":"WAIT","score":41,"price":1.679,"msg":"scanner"}
{"level":30,"time":1775392870490,"pid":17096,"hostname":"DESKTOP-KPAMGTB","module":"binance","symbol":"UNIUSDT","interval":"4h","verdict":"WAIT","score":44,"price":3.067,"msg":"scanner"}
{"level":30,"time":1775392870643,"pid":17096,"hostname":"DESKTOP-KPAMGTB","module":"binance","symbol":"ATOMUSDT","interval":"5m","verdict":"WAIT","score":41,"price":1.679,"msg":"scanner"}
{"level":30,"time":1775392870665,"pid":17096,"hostname":"DESKTOP-KPAMGTB","module":"binance","symbol":"ATOMUSDT","interval":"1h","verdict":"WAIT","score":38,"price":1.679,"msg":"scanner"}
{"level":30,"time":1775392870703,"pid":17096,"hostname":"DESKTOP-KPAMGTB","module":"binance","symbol":"ATOMUSDT","interval":"1h","verdict":"WAIT","score":38,"price":1.679,"msg":"scanner"}
{"level":30,"time":1775392870776,"pid":17096,"hostname":"DESKTOP-KPAMGTB","module":"binance","symbol":"ETCUSDT","interval":"5m","verdict":"WAIT","score":38,"price":8.46,"msg":"scanner"}
{"level":30,"time":1775392870783,"pid":17096,"hostname":"DESKTOP-KPAMGTB","module":"binance","symbol":"ATOMUSDT","interval":"4h","verdict":"WAIT","score":38,"price":1.679,"msg":"scanner"}
{"level":30,"time":1775392870927,"pid":17096,"hostname":"DESKTOP-KPAMGTB","module":"binance","symbol":"ATOMUSDT","interval":"4h","verdict":"WAIT","score":38,"price":1.679,"msg":"scanner"}
{"level":30,"time":1775392870952,"pid":17096,"hostname":"DESKTOP-KPAMGTB","module":"binance","symbol":"ETCUSDT","interval":"5m","verdict":"WAIT","score":38,"price":8.46,"msg":"scanner"}
{"level":30,"time":1775392870982,"pid":17096,"hostname":"DESKTOP-KPAMGTB","module":"binance","symbol":"ETCUSDT","interval":"1h","verdict":"WAIT","score":59,"price":8.46,"msg":"scanner"}
{"level":30,"time":1775392871105,"pid":17096,"hostname":"DESKTOP-KPAMGTB","module":"binance","symbol":"ETCUSDT","interval":"1h","verdict":"WAIT","score":59,"price":8.46,"msg":"scanner"}
{"level":30,"time":1775392871127,"pid":17096,"hostname":"DESKTOP-KPAMGTB","module":"binance","symbol":"ETCUSDT","interval":"4h","verdict":"WAIT","score":56,"price":8.46,"msg":"scanner"}
{"level":30,"time":1775392871257,"pid":17096,"hostname":"DESKTOP-KPAMGTB","module":"binance","symbol":"ETCUSDT","interval":"4h","verdict":"WAIT","score":56,"price":8.46,"msg":"scanner"}
{"level":30,"time":1775392871448,"pid":17096,"hostname":"DESKTOP-KPAMGTB","module":"binance","symbol":"XLMUSDT","interval":"5m","verdict":"WAIT","score":50,"price":0.1577,"msg":"scanner"}
{"level":30,"time":1775392871462,"pid":17096,"hostname":"DESKTOP-KPAMGTB","module":"binance","symbol":"XLMUSDT","interval":"1h","verdict":"AVOID","score":34,"price":0.1577,"msg":"scanner"}
{"level":30,"time":1775392871677,"pid":17096,"hostname":"DESKTOP-KPAMGTB","module":"binance","symbol":"XLMUSDT","interval":"1h","verdict":"AVOID","score":34,"price":0.1577,"msg":"scanner"}
{"level":30,"time":1775392871701,"pid":17096,"hostname":"DESKTOP-KPAMGTB","module":"binance","symbol":"XLMUSDT","interval":"5m","verdict":"WAIT","score":50,"price":0.1577,"msg":"scanner"}
{"level":30,"time":1775392871773,"pid":17096,"hostname":"DESKTOP-KPAMGTB","module":"binance","symbol":"XLMUSDT","interval":"4h","verdict":"AVOID","score":34,"price":0.1577,"msg":"scanner"}
{"level":30,"time":1775392871801,"pid":17096,"hostname":"DESKTOP-KPAMGTB","module":"binance","symbol":"XLMUSDT","interval":"4h","verdict":"AVOID","score":34,"price":0.1577,"msg":"scanner"}
{"level":30,"time":1775392871816,"pid":17096,"hostname":"DESKTOP-KPAMGTB","module":"binance","symbol":"APTUSDT","interval":"5m","verdict":"AVOID","score":31,"price":0.831,"msg":"scanner"}
{"level":30,"time":1775392872027,"pid":17096,"hostname":"DESKTOP-KPAMGTB","module":"binance","symbol":"APTUSDT","interval":"1h","verdict":"WAIT","score":38,"price":0.831,"msg":"scanner"}
{"level":30,"time":1775392872111,"pid":17096,"hostname":"DESKTOP-KPAMGTB","module":"binance","symbol":"APTUSDT","interval":"4h","verdict":"WAIT","score":47,"price":0.831,"msg":"scanner"}
{"level":30,"time":1775392872152,"pid":17096,"hostname":"DESKTOP-KPAMGTB","module":"binance","symbol":"APTUSDT","interval":"1h","verdict":"WAIT","score":38,"price":0.831,"msg":"scanner"}
{"level":30,"time":1775392872167,"pid":17096,"hostname":"DESKTOP-KPAMGTB","module":"binance","symbol":"APTUSDT","interval":"4h","verdict":"WAIT","score":47,"price":0.831,"msg":"scanner"}
{"level":30,"time":1775392872234,"pid":17096,"hostname":"DESKTOP-KPAMGTB","module":"binance","symbol":"APTUSDT","interval":"5m","verdict":"AVOID","score":31,"price":0.831,"msg":"scanner"}
{"level":30,"time":1775392872331,"pid":17096,"hostname":"DESKTOP-KPAMGTB","module":"binance","symbol":"NEARUSDT","interval":"5m","verdict":"WAIT","score":38,"price":1.239,"msg":"scanner"}
{"level":30,"time":1775392872469,"pid":17096,"hostname":"DESKTOP-KPAMGTB","module":"binance","symbol":"NEARUSDT","interval":"1h","verdict":"WAIT","score":56,"price":1.239,"msg":"scanner"}
{"level":30,"time":1775392872483,"pid":17096,"hostname":"DESKTOP-KPAMGTB","module":"binance","symbol":"NEARUSDT","interval":"4h","verdict":"WAIT","score":59,"price":1.239,"msg":"scanner"}
{"level":30,"time":1775392872492,"pid":17096,"hostname":"DESKTOP-KPAMGTB","module":"binance","symbol":"NEARUSDT","interval":"5m","verdict":"WAIT","score":38,"price":1.239,"msg":"scanner"}
{"level":50,"time":1775392897226,"pid":17096,"hostname":"DESKTOP-KPAMGTB","module":"api","source":"orders","code":"NETWORK","err":"fetch failed","msg":"error de ruta"}
{"level":50,"time":1775393062596,"pid":17096,"hostname":"DESKTOP-KPAMGTB","module":"api","source":"orders","code":"NETWORK","err":"fetch failed","msg":"error de ruta"}
{"level":30,"time":1775393169078,"pid":17096,"hostname":"DESKTOP-KPAMGTB","module":"binance","symbol":"BTCUSDT","interval":"1h","verdict":"AVOID","score":34,"price":66713.57,"msg":"scanner"}
{"level":30,"time":1775393169101,"pid":17096,"hostname":"DESKTOP-KPAMGTB","module":"binance","symbol":"BTCUSDT","interval":"5m","verdict":"WAIT","score":41,"price":66713.57,"msg":"scanner"}
{"level":30,"time":1775393169118,"pid":17096,"hostname":"DESKTOP-KPAMGTB","module":"binance","symbol":"ETHUSDT","interval":"5m","verdict":"WAIT","score":41,"price":2024.36,"msg":"scanner"}
{"level":30,"time":1775393169170,"pid":17096,"hostname":"DESKTOP-KPAMGTB","module":"binance","symbol":"BTCUSDT","interval":"4h","verdict":"AVOID","score":31,"price":66713.57,"msg":"scanner"}
{"level":30,"time":1775393169220,"pid":17096,"hostname":"DESKTOP-KPAMGTB","module":"binance","symbol":"BTCUSDT","interval":"1h","verdict":"AVOID","score":34,"price":66713.57,"msg":"scanner"}
{"level":30,"time":1775393169270,"pid":17096,"hostname":"DESKTOP-KPAMGTB","module":"binance","symbol":"BTCUSDT","interval":"4h","verdict":"AVOID","score":31,"price":66713.57,"msg":"scanner"}
{"level":30,"time":1775393169283,"pid":17096,"hostname":"DESKTOP-KPAMGTB","module":"binance","symbol":"BTCUSDT","interval":"5m","verdict":"WAIT","score":41,"price":66713.57,"msg":"scanner"}
{"level":30,"time":1775393169290,"pid":17096,"hostname":"DESKTOP-KPAMGTB","module":"binance","symbol":"ETHUSDT","interval":"5m","verdict":"WAIT","score":41,"price":2024.36,"msg":"scanner"}
{"level":30,"time":1775393169602,"pid":17096,"hostname":"DESKTOP-KPAMGTB","module":"binance","symbol":"ETHUSDT","interval":"1h","verdict":"AVOID","score":31,"price":2024.35,"msg":"scanner"}
{"level":30,"time":1775393169623,"pid":17096,"hostname":"DESKTOP-KPAMGTB","module":"binance","symbol":"ETHUSDT","interval":"4h","verdict":"WAIT","score":41,"price":2024.35,"msg":"scanner"}
{"level":30,"time":1775393169786,"pid":17096,"hostname":"DESKTOP-KPAMGTB","module":"binance","symbol":"BNBUSDT","interval":"1h","verdict":"WAIT","score":38,"price":589.9,"msg":"scanner"}
{"level":30,"time":1775393169820,"pid":17096,"hostname":"DESKTOP-KPAMGTB","module":"binance","symbol":"BNBUSDT","interval":"5m","verdict":"WAIT","score":41,"price":589.9,"msg":"scanner"}
{"level":30,"time":1775393169861,"pid":17096,"hostname":"DESKTOP-KPAMGTB","module":"binance","symbol":"ETHUSDT","interval":"1h","verdict":"AVOID","score":31,"price":2024.35,"msg":"scanner"}
{"level":30,"time":1775393170002,"pid":17096,"hostname":"DESKTOP-KPAMGTB","module":"binance","symbol":"BNBUSDT","interval":"1h","verdict":"WAIT","score":38,"price":589.9,"msg":"scanner"}
{"level":30,"time":1775393170055,"pid":17096,"hostname":"DESKTOP-KPAMGTB","module":"binance","symbol":"BNBUSDT","interval":"5m","verdict":"WAIT","score":41,"price":589.9,"msg":"scanner"}
{"level":30,"time":1775393170225,"pid":17096,"hostname":"DESKTOP-KPAMGTB","module":"binance","symbol":"BNBUSDT","interval":"4h","verdict":"WAIT","score":41,"price":589.9,"msg":"scanner"}
{"level":30,"time":1775393170283,"pid":17096,"hostname":"DESKTOP-KPAMGTB","module":"binance","symbol":"BNBUSDT","interval":"4h","verdict":"WAIT","score":41,"price":589.9,"msg":"scanner"}
{"level":30,"time":1775393170330,"pid":17096,"hostname":"DESKTOP-KPAMGTB","module":"binance","symbol":"SOLUSDT","interval":"5m","verdict":"AVOID","score":34,"price":78.92,"msg":"scanner"}
{"level":30,"time":1775393170444,"pid":17096,"hostname":"DESKTOP-KPAMGTB","module":"binance","symbol":"SOLUSDT","interval":"1h","verdict":"WAIT","score":44,"price":78.92,"msg":"scanner"}
{"level":30,"time":1775393170515,"pid":17096,"hostname":"DESKTOP-KPAMGTB","module":"binance","symbol":"SOLUSDT","interval":"4h","verdict":"AVOID","score":34,"price":78.92,"msg":"scanner"}
{"level":30,"time":1775393170534,"pid":17096,"hostname":"DESKTOP-KPAMGTB","module":"binance","symbol":"SOLUSDT","interval":"5m","verdict":"AVOID","score":34,"price":78.92,"msg":"scanner"}
{"level":30,"time":1775393170617,"pid":17096,"hostname":"DESKTOP-KPAMGTB","module":"binance","symbol":"SOLUSDT","interval":"4h","verdict":"AVOID","score":34,"price":78.92,"msg":"scanner"}
{"level":30,"time":1775393170635,"pid":17096,"hostname":"DESKTOP-KPAMGTB","module":"binance","symbol":"SOLUSDT","interval":"1h","verdict":"WAIT","score":44,"price":78.92,"msg":"scanner"}
{"level":30,"time":1775393170749,"pid":17096,"hostname":"DESKTOP-KPAMGTB","module":"binance","symbol":"XRPUSDT","interval":"5m","verdict":"WAIT","score":41,"price":1.283,"msg":"scanner"}
{"level":30,"time":1775393170885,"pid":17096,"hostname":"DESKTOP-KPAMGTB","module":"binance","symbol":"XRPUSDT","interval":"5m","verdict":"WAIT","score":41,"price":1.283,"msg":"scanner"}
{"level":30,"time":1775393171196,"pid":17096,"hostname":"DESKTOP-KPAMGTB","module":"binance","symbol":"DOGEUSDT","interval":"5m","verdict":"WAIT","score":38,"price":0.08993,"msg":"scanner"}
{"level":30,"time":1775393171229,"pid":17096,"hostname":"DESKTOP-KPAMGTB","module":"binance","symbol":"XRPUSDT","interval":"4h","verdict":"WAIT","score":38,"price":1.283,"msg":"scanner"}
{"level":30,"time":1775393171242,"pid":17096,"hostname":"DESKTOP-KPAMGTB","module":"binance","symbol":"XRPUSDT","interval":"4h","verdict":"WAIT","score":38,"price":1.283,"msg":"scanner"}
{"level":30,"time":1775393171307,"pid":17096,"hostname":"DESKTOP-KPAMGTB","module":"binance","symbol":"XRPUSDT","interval":"1h","verdict":"WAIT","score":38,"price":1.283,"msg":"scanner"}
{"level":30,"time":1775393171353,"pid":17096,"hostname":"DESKTOP-KPAMGTB","module":"binance","symbol":"XRPUSDT","interval":"1h","verdict":"WAIT","score":38,"price":1.283,"msg":"scanner"}
{"level":30,"time":1775393171714,"pid":17096,"hostname":"DESKTOP-KPAMGTB","module":"binance","symbol":"DOGEUSDT","interval":"1h","verdict":"AVOID","score":34,"price":0.08993,"msg":"scanner"}
{"level":30,"time":1775393171725,"pid":17096,"hostname":"DESKTOP-KPAMGTB","module":"binance","symbol":"DOGEUSDT","interval":"1h","verdict":"AVOID","score":34,"price":0.08993,"msg":"scanner"}
{"level":30,"time":1775393172349,"pid":17096,"hostname":"DESKTOP-KPAMGTB","module":"binance","symbol":"DOGEUSDT","interval":"4h","verdict":"AVOID","score":34,"price":0.08993,"msg":"scanner"}
{"level":30,"time":1775393172374,"pid":17096,"hostname":"DESKTOP-KPAMGTB","module":"binance","symbol":"ADAUSDT","interval":"5m","verdict":"WAIT","score":44,"price":0.241,"msg":"scanner"}
{"level":30,"time":1775393172421,"pid":17096,"hostname":"DESKTOP-KPAMGTB","module":"binance","symbol":"ADAUSDT","interval":"1h","verdict":"WAIT","score":50,"price":0.241,"msg":"scanner"}
{"level":30,"time":1775393172487,"pid":17096,"hostname":"DESKTOP-KPAMGTB","module":"binance","symbol":"ADAUSDT","interval":"5m","verdict":"WAIT","score":44,"price":0.241,"msg":"scanner"}
{"level":30,"time":1775393172556,"pid":17096,"hostname":"DESKTOP-KPAMGTB","module":"binance","symbol":"DOGEUSDT","interval":"4h","verdict":"AVOID","score":34,"price":0.08993,"msg":"scanner"}
{"level":30,"time":1775393172699,"pid":17096,"hostname":"DESKTOP-KPAMGTB","module":"binance","symbol":"ADAUSDT","interval":"1h","verdict":"WAIT","score":50,"price":0.241,"msg":"scanner"}
{"level":30,"time":1775393172739,"pid":17096,"hostname":"DESKTOP-KPAMGTB","module":"binance","symbol":"ADAUSDT","interval":"4h","verdict":"AVOID","score":34,"price":0.241,"msg":"scanner"}
{"level":30,"time":1775393172793,"pid":17096,"hostname":"DESKTOP-KPAMGTB","module":"binance","symbol":"ADAUSDT","interval":"4h","verdict":"AVOID","score":34,"price":0.241,"msg":"scanner"}
{"level":30,"time":1775393174641,"pid":17096,"hostname":"DESKTOP-KPAMGTB","module":"binance","symbol":"AVAXUSDT","interval":"1h","verdict":"WAIT","score":38,"price":8.76,"msg":"scanner"}
{"level":30,"time":1775393174816,"pid":17096,"hostname":"DESKTOP-KPAMGTB","module":"binance","symbol":"AVAXUSDT","interval":"1h","verdict":"WAIT","score":38,"price":8.76,"msg":"scanner"}
{"level":30,"time":1775393174844,"pid":17096,"hostname":"DESKTOP-KPAMGTB","module":"binance","symbol":"AVAXUSDT","interval":"5m","verdict":"WAIT","score":44,"price":8.76,"msg":"scanner"}
{"level":30,"time":1775393174883,"pid":17096,"hostname":"DESKTOP-KPAMGTB","module":"binance","symbol":"AVAXUSDT","interval":"5m","verdict":"WAIT","score":44,"price":8.76,"msg":"scanner"}
{"level":30,"time":1775393174946,"pid":17096,"hostname":"DESKTOP-KPAMGTB","module":"binance","symbol":"AVAXUSDT","interval":"4h","verdict":"AVOID","score":31,"price":8.76,"msg":"scanner"}
{"level":30,"time":1775393175202,"pid":17096,"hostname":"DESKTOP-KPAMGTB","module":"binance","symbol":"TRXUSDT","interval":"5m","verdict":"WAIT","score":63,"price":0.3188,"msg":"scanner"}
{"level":30,"time":1775393175213,"pid":17096,"hostname":"DESKTOP-KPAMGTB","module":"binance","symbol":"TRXUSDT","interval":"5m","verdict":"WAIT","score":63,"price":0.3188,"msg":"scanner"}
{"level":30,"time":1775393175435,"pid":17096,"hostname":"DESKTOP-KPAMGTB","module":"binance","symbol":"AVAXUSDT","interval":"4h","verdict":"AVOID","score":31,"price":8.76,"msg":"scanner"}
{"level":30,"time":1775393175791,"pid":17096,"hostname":"DESKTOP-KPAMGTB","module":"binance","symbol":"TRXUSDT","interval":"4h","verdict":"WAIT","score":53,"price":0.3188,"msg":"scanner"}
{"level":30,"time":1775393175813,"pid":17096,"hostname":"DESKTOP-KPAMGTB","module":"binance","symbol":"TRXUSDT","interval":"1h","verdict":"WAIT","score":63,"price":0.3188,"msg":"scanner"}
{"level":30,"time":1775393175827,"pid":17096,"hostname":"DESKTOP-KPAMGTB","module":"binance","symbol":"TRXUSDT","interval":"4h","verdict":"WAIT","score":53,"price":0.3188,"msg":"scanner"}
{"level":30,"time":1775393175841,"pid":17096,"hostname":"DESKTOP-KPAMGTB","module":"binance","symbol":"TRXUSDT","interval":"1h","verdict":"WAIT","score":63,"price":0.3188,"msg":"scanner"}
{"level":30,"time":1775393175853,"pid":17096,"hostname":"DESKTOP-KPAMGTB","module":"binance","symbol":"DOTUSDT","interval":"5m","verdict":"WAIT","score":41,"price":1.22,"msg":"scanner"}
{"level":30,"time":1775393176306,"pid":17096,"hostname":"DESKTOP-KPAMGTB","module":"binance","symbol":"DOTUSDT","interval":"1h","verdict":"WAIT","score":38,"price":1.22,"msg":"scanner"}
{"level":30,"time":1775393176839,"pid":17096,"hostname":"DESKTOP-KPAMGTB","module":"binance","symbol":"LINKUSDT","interval":"5m","verdict":"WAIT","score":44,"price":8.48,"msg":"scanner"}
{"level":30,"time":1775393176848,"pid":17096,"hostname":"DESKTOP-KPAMGTB","module":"binance","symbol":"LINKUSDT","interval":"1h","verdict":"AVOID","score":34,"price":8.48,"msg":"scanner"}
{"level":30,"time":1775393176916,"pid":17096,"hostname":"DESKTOP-KPAMGTB","module":"binance","symbol":"DOTUSDT","interval":"4h","verdict":"AVOID","score":34,"price":1.22,"msg":"scanner"}
{"level":30,"time":1775393176926,"pid":17096,"hostname":"DESKTOP-KPAMGTB","module":"binance","symbol":"LINKUSDT","interval":"5m","verdict":"WAIT","score":44,"price":8.48,"msg":"scanner"}
{"level":30,"time":1775393176960,"pid":17096,"hostname":"DESKTOP-KPAMGTB","module":"binance","symbol":"DOTUSDT","interval":"4h","verdict":"AVOID","score":34,"price":1.22,"msg":"scanner"}
{"level":30,"time":1775393177130,"pid":17096,"hostname":"DESKTOP-KPAMGTB","module":"binance","symbol":"LINKUSDT","interval":"4h","verdict":"WAIT","score":38,"price":8.48,"msg":"scanner"}
{"level":30,"time":1775393177232,"pid":17096,"hostname":"DESKTOP-KPAMGTB","module":"binance","symbol":"LINKUSDT","interval":"4h","verdict":"WAIT","score":38,"price":8.48,"msg":"scanner"}
{"level":30,"time":1775393177261,"pid":17096,"hostname":"DESKTOP-KPAMGTB","module":"binance","symbol":"MATICUSDT","interval":"5m","verdict":"WAIT","score":59,"price":0.3794,"msg":"scanner"}
{"level":30,"time":1775393177334,"pid":17096,"hostname":"DESKTOP-KPAMGTB","module":"binance","symbol":"MATICUSDT","interval":"5m","verdict":"WAIT","score":59,"price":0.3794,"msg":"scanner"}
{"level":30,"time":1775393177354,"pid":17096,"hostname":"DESKTOP-KPAMGTB","module":"binance","symbol":"MATICUSDT","interval":"1h","verdict":"WAIT","score":47,"price":0.3794,"msg":"scanner"}
{"level":30,"time":1775393177456,"pid":17096,"hostname":"DESKTOP-KPAMGTB","module":"binance","symbol":"MATICUSDT","interval":"1h","verdict":"WAIT","score":47,"price":0.3794,"msg":"scanner"}
{"level":30,"time":1775393177567,"pid":17096,"hostname":"DESKTOP-KPAMGTB","module":"binance","symbol":"MATICUSDT","interval":"4h","verdict":"WAIT","score":41,"price":0.3794,"msg":"scanner"}
{"level":30,"time":1775393177648,"pid":17096,"hostname":"DESKTOP-KPAMGTB","module":"binance","symbol":"MATICUSDT","interval":"4h","verdict":"WAIT","score":41,"price":0.3794,"msg":"scanner"}
{"level":30,"time":1775393177682,"pid":17096,"hostname":"DESKTOP-KPAMGTB","module":"binance","symbol":"LTCUSDT","interval":"5m","verdict":"WAIT","score":47,"price":52.65,"msg":"scanner"}
{"level":30,"time":1775393177710,"pid":17096,"hostname":"DESKTOP-KPAMGTB","module":"binance","symbol":"LTCUSDT","interval":"5m","verdict":"WAIT","score":47,"price":52.65,"msg":"scanner"}
{"level":30,"time":1775393177745,"pid":17096,"hostname":"DESKTOP-KPAMGTB","module":"binance","symbol":"LTCUSDT","interval":"1h","verdict":"WAIT","score":38,"price":52.65,"msg":"scanner"}
{"level":30,"time":1775393177847,"pid":17096,"hostname":"DESKTOP-KPAMGTB","module":"binance","symbol":"LTCUSDT","interval":"1h","verdict":"WAIT","score":38,"price":52.65,"msg":"scanner"}
{"level":30,"time":1775393177915,"pid":17096,"hostname":"DESKTOP-KPAMGTB","module":"binance","symbol":"LTCUSDT","interval":"4h","verdict":"WAIT","score":38,"price":52.65,"msg":"scanner"}
{"level":30,"time":1775393177982,"pid":17096,"hostname":"DESKTOP-KPAMGTB","module":"binance","symbol":"LTCUSDT","interval":"4h","verdict":"WAIT","score":38,"price":52.65,"msg":"scanner"}
{"level":30,"time":1775393178016,"pid":17096,"hostname":"DESKTOP-KPAMGTB","module":"binance","symbol":"SHIBUSDT","interval":"5m","verdict":"AVOID","score":34,"price":0.0000058,"msg":"scanner"}
{"level":30,"time":1775393178074,"pid":17096,"hostname":"DESKTOP-KPAMGTB","module":"binance","symbol":"SHIBUSDT","interval":"5m","verdict":"AVOID","score":34,"price":0.0000058,"msg":"scanner"}
{"level":30,"time":1775393178116,"pid":17096,"hostname":"DESKTOP-KPAMGTB","module":"binance","symbol":"SHIBUSDT","interval":"1h","verdict":"WAIT","score":41,"price":0.0000058,"msg":"scanner"}
{"level":30,"time":1775393178217,"pid":17096,"hostname":"DESKTOP-KPAMGTB","module":"binance","symbol":"SHIBUSDT","interval":"1h","verdict":"WAIT","score":41,"price":0.0000058,"msg":"scanner"}
{"level":30,"time":1775393178298,"pid":17096,"hostname":"DESKTOP-KPAMGTB","module":"binance","symbol":"SHIBUSDT","interval":"4h","verdict":"WAIT","score":38,"price":0.0000058,"msg":"scanner"}
{"level":30,"time":1775393178432,"pid":17096,"hostname":"DESKTOP-KPAMGTB","module":"binance","symbol":"SHIBUSDT","interval":"4h","verdict":"WAIT","score":38,"price":0.0000058,"msg":"scanner"}
{"level":30,"time":1775393178445,"pid":17096,"hostname":"DESKTOP-KPAMGTB","module":"binance","symbol":"UNIUSDT","interval":"5m","verdict":"WAIT","score":38,"price":3.063,"msg":"scanner"}
{"level":30,"time":1775393178517,"pid":17096,"hostname":"DESKTOP-KPAMGTB","module":"binance","symbol":"UNIUSDT","interval":"5m","verdict":"WAIT","score":38,"price":3.063,"msg":"scanner"}
{"level":30,"time":1775393178667,"pid":17096,"hostname":"DESKTOP-KPAMGTB","module":"binance","symbol":"UNIUSDT","interval":"1h","verdict":"WAIT","score":41,"price":3.063,"msg":"scanner"}
{"level":30,"time":1775393178723,"pid":17096,"hostname":"DESKTOP-KPAMGTB","module":"binance","symbol":"UNIUSDT","interval":"1h","verdict":"WAIT","score":41,"price":3.063,"msg":"scanner"}
{"level":30,"time":1775393178758,"pid":17096,"hostname":"DESKTOP-KPAMGTB","module":"binance","symbol":"UNIUSDT","interval":"4h","verdict":"WAIT","score":44,"price":3.063,"msg":"scanner"}
{"level":30,"time":1775393178774,"pid":17096,"hostname":"DESKTOP-KPAMGTB","module":"binance","symbol":"UNIUSDT","interval":"4h","verdict":"WAIT","score":44,"price":3.063,"msg":"scanner"}
{"level":30,"time":1775393178806,"pid":17096,"hostname":"DESKTOP-KPAMGTB","module":"binance","symbol":"ATOMUSDT","interval":"5m","verdict":"WAIT","score":41,"price":1.677,"msg":"scanner"}
{"level":30,"time":1775393178951,"pid":17096,"hostname":"DESKTOP-KPAMGTB","module":"binance","symbol":"ATOMUSDT","interval":"5m","verdict":"WAIT","score":41,"price":1.677,"msg":"scanner"}
{"level":30,"time":1775393179001,"pid":17096,"hostname":"DESKTOP-KPAMGTB","module":"binance","symbol":"ATOMUSDT","interval":"1h","verdict":"WAIT","score":38,"price":1.677,"msg":"scanner"}
{"level":30,"time":1775393179069,"pid":17096,"hostname":"DESKTOP-KPAMGTB","module":"binance","symbol":"ATOMUSDT","interval":"1h","verdict":"WAIT","score":38,"price":1.677,"msg":"scanner"}
{"level":30,"time":1775393179089,"pid":17096,"hostname":"DESKTOP-KPAMGTB","module":"binance","symbol":"ATOMUSDT","interval":"4h","verdict":"WAIT","score":41,"price":1.677,"msg":"scanner"}
{"level":30,"time":1775393179099,"pid":17096,"hostname":"DESKTOP-KPAMGTB","module":"binance","symbol":"ATOMUSDT","interval":"4h","verdict":"WAIT","score":41,"price":1.677,"msg":"scanner"}
{"level":30,"time":1775393179243,"pid":17096,"hostname":"DESKTOP-KPAMGTB","module":"binance","symbol":"ETCUSDT","interval":"5m","verdict":"WAIT","score":41,"price":8.47,"msg":"scanner"}
{"level":30,"time":1775393179272,"pid":17096,"hostname":"DESKTOP-KPAMGTB","module":"binance","symbol":"ETCUSDT","interval":"5m","verdict":"WAIT","score":41,"price":8.47,"msg":"scanner"}
{"level":30,"time":1775393179382,"pid":17096,"hostname":"DESKTOP-KPAMGTB","module":"binance","symbol":"ETCUSDT","interval":"1h","verdict":"WAIT","score":59,"price":8.47,"msg":"scanner"}
{"level":30,"time":1775393179407,"pid":17096,"hostname":"DESKTOP-KPAMGTB","module":"binance","symbol":"ETCUSDT","interval":"1h","verdict":"WAIT","score":59,"price":8.47,"msg":"scanner"}
{"level":30,"time":1775393179422,"pid":17096,"hostname":"DESKTOP-KPAMGTB","module":"binance","symbol":"ETCUSDT","interval":"4h","verdict":"WAIT","score":56,"price":8.47,"msg":"scanner"}
{"level":30,"time":1775393179565,"pid":17096,"hostname":"DESKTOP-KPAMGTB","module":"binance","symbol":"ETCUSDT","interval":"4h","verdict":"WAIT","score":56,"price":8.47,"msg":"scanner"}
{"level":30,"time":1775393179785,"pid":17096,"hostname":"DESKTOP-KPAMGTB","module":"binance","symbol":"XLMUSDT","interval":"1h","verdict":"AVOID","score":34,"price":0.1575,"msg":"scanner"}
{"level":30,"time":1775393179805,"pid":17096,"hostname":"DESKTOP-KPAMGTB","module":"binance","symbol":"XLMUSDT","interval":"5m","verdict":"WAIT","score":41,"price":0.1575,"msg":"scanner"}
{"level":30,"time":1775393179819,"pid":17096,"hostname":"DESKTOP-KPAMGTB","module":"binance","symbol":"XLMUSDT","interval":"1h","verdict":"AVOID","score":34,"price":0.1575,"msg":"scanner"}
{"level":30,"time":1775393179854,"pid":17096,"hostname":"DESKTOP-KPAMGTB","module":"binance","symbol":"XLMUSDT","interval":"4h","verdict":"AVOID","score":34,"price":0.1575,"msg":"scanner"}
{"level":30,"time":1775393179987,"pid":17096,"hostname":"DESKTOP-KPAMGTB","module":"binance","symbol":"XLMUSDT","interval":"5m","verdict":"WAIT","score":41,"price":0.1575,"msg":"scanner"}
{"level":30,"time":1775393180089,"pid":17096,"hostname":"DESKTOP-KPAMGTB","module":"binance","symbol":"XLMUSDT","interval":"4h","verdict":"AVOID","score":34,"price":0.1575,"msg":"scanner"}
{"level":30,"time":1775393180113,"pid":17096,"hostname":"DESKTOP-KPAMGTB","module":"binance","symbol":"APTUSDT","interval":"5m","verdict":"AVOID","score":34,"price":0.828,"msg":"scanner"}
{"level":30,"time":1775393180135,"pid":17096,"hostname":"DESKTOP-KPAMGTB","module":"binance","symbol":"APTUSDT","interval":"5m","verdict":"AVOID","score":34,"price":0.828,"msg":"scanner"}
{"level":30,"time":1775393180144,"pid":17096,"hostname":"DESKTOP-KPAMGTB","module":"binance","symbol":"APTUSDT","interval":"1h","verdict":"AVOID","score":34,"price":0.828,"msg":"scanner"}
{"level":30,"time":1775393180354,"pid":17096,"hostname":"DESKTOP-KPAMGTB","module":"binance","symbol":"APTUSDT","interval":"1h","verdict":"AVOID","score":34,"price":0.828,"msg":"scanner"}
{"level":30,"time":1775393180428,"pid":17096,"hostname":"DESKTOP-KPAMGTB","module":"binance","symbol":"NEARUSDT","interval":"5m","verdict":"AVOID","score":34,"price":1.236,"msg":"scanner"}
{"level":30,"time":1775393180449,"pid":17096,"hostname":"DESKTOP-KPAMGTB","module":"binance","symbol":"APTUSDT","interval":"4h","verdict":"WAIT","score":47,"price":0.828,"msg":"scanner"}
{"level":30,"time":1775393180570,"pid":17096,"hostname":"DESKTOP-KPAMGTB","module":"binance","symbol":"NEARUSDT","interval":"5m","verdict":"AVOID","score":34,"price":1.236,"msg":"scanner"}
{"level":30,"time":1775393180620,"pid":17096,"hostname":"DESKTOP-KPAMGTB","module":"binance","symbol":"NEARUSDT","interval":"1h","verdict":"WAIT","score":50,"price":1.236,"msg":"scanner"}
{"level":30,"time":1775393180702,"pid":17096,"hostname":"DESKTOP-KPAMGTB","module":"binance","symbol":"APTUSDT","interval":"4h","verdict":"WAIT","score":47,"price":0.828,"msg":"scanner"}
{"level":30,"time":1775393180712,"pid":17096,"hostname":"DESKTOP-KPAMGTB","module":"binance","symbol":"NEARUSDT","interval":"1h","verdict":"WAIT","score":50,"price":1.236,"msg":"scanner"}
{"level":30,"time":1775393180745,"pid":17096,"hostname":"DESKTOP-KPAMGTB","module":"binance","symbol":"NEARUSDT","interval":"4h","verdict":"WAIT","score":59,"price":1.236,"msg":"scanner"}
{"level":30,"time":1775393180853,"pid":17096,"hostname":"DESKTOP-KPAMGTB","module":"binance","symbol":"NEARUSDT","interval":"4h","verdict":"WAIT","score":59,"price":1.236,"msg":"scanner"}
{"level":50,"time":1775393246797,"pid":17096,"hostname":"DESKTOP-KPAMGTB","module":"api","source":"orders","code":"NETWORK","err":"fetch failed","msg":"error de ruta"}
{"level":30,"time":1775393324926,"pid":17096,"hostname":"DESKTOP-KPAMGTB","module":"binance","symbol":"BTCUSDT","interval":"5m","verdict":"WAIT","score":41,"price":66700.17,"msg":"scanner"}
{"level":30,"time":1775393324938,"pid":17096,"hostname":"DESKTOP-KPAMGTB","module":"binance","symbol":"ETHUSDT","interval":"5m","verdict":"WAIT","score":41,"price":2024.53,"msg":"scanner"}
{"level":30,"time":1775393325034,"pid":17096,"hostname":"DESKTOP-KPAMGTB","module":"binance","symbol":"ETHUSDT","interval":"5m","verdict":"WAIT","score":41,"price":2024.53,"msg":"scanner"}
{"level":30,"time":1775393325078,"pid":17096,"hostname":"DESKTOP-KPAMGTB","module":"binance","symbol":"BTCUSDT","interval":"5m","verdict":"WAIT","score":41,"price":66700.17,"msg":"scanner"}
{"level":30,"time":1775393325293,"pid":17096,"hostname":"DESKTOP-KPAMGTB","module":"binance","symbol":"BTCUSDT","interval":"1h","verdict":"AVOID","score":34,"price":66700.17,"msg":"scanner"}
{"level":30,"time":1775393325316,"pid":17096,"hostname":"DESKTOP-KPAMGTB","module":"binance","symbol":"BTCUSDT","interval":"1h","verdict":"AVOID","score":34,"price":66700.17,"msg":"scanner"}
{"level":30,"time":1775393325538,"pid":17096,"hostname":"DESKTOP-KPAMGTB","module":"binance","symbol":"ETHUSDT","interval":"1h","verdict":"AVOID","score":31,"price":2024.54,"msg":"scanner"}
{"level":30,"time":1775393325603,"pid":17096,"hostname":"DESKTOP-KPAMGTB","module":"binance","symbol":"ETHUSDT","interval":"1h","verdict":"AVOID","score":31,"price":2024.54,"msg":"scanner"}
{"level":30,"time":1775393325647,"pid":17096,"hostname":"DESKTOP-KPAMGTB","module":"binance","symbol":"BNBUSDT","interval":"5m","verdict":"WAIT","score":41,"price":589.33,"msg":"scanner"}
{"level":30,"time":1775393325704,"pid":17096,"hostname":"DESKTOP-KPAMGTB","module":"binance","symbol":"BNBUSDT","interval":"5m","verdict":"WAIT","score":41,"price":589.33,"msg":"scanner"}
{"level":30,"time":1775393325737,"pid":17096,"hostname":"DESKTOP-KPAMGTB","module":"binance","symbol":"BNBUSDT","interval":"1h","verdict":"WAIT","score":41,"price":589.33,"msg":"scanner"}
{"level":30,"time":1775393326254,"pid":17096,"hostname":"DESKTOP-KPAMGTB","module":"binance","symbol":"SOLUSDT","interval":"5m","verdict":"WAIT","score":38,"price":78.86,"msg":"scanner"}
{"level":30,"time":1775393326328,"pid":17096,"hostname":"DESKTOP-KPAMGTB","module":"binance","symbol":"SOLUSDT","interval":"5m","verdict":"WAIT","score":38,"price":78.86,"msg":"scanner"}
{"level":30,"time":1775393326357,"pid":17096,"hostname":"DESKTOP-KPAMGTB","module":"binance","symbol":"SOLUSDT","interval":"1h","verdict":"WAIT","score":44,"price":78.86,"msg":"scanner"}
{"level":30,"time":1775393326407,"pid":17096,"hostname":"DESKTOP-KPAMGTB","module":"binance","symbol":"SOLUSDT","interval":"1h","verdict":"WAIT","score":44,"price":78.86,"msg":"scanner"}
{"level":30,"time":1775393326504,"pid":17096,"hostname":"DESKTOP-KPAMGTB","module":"binance","symbol":"XRPUSDT","interval":"5m","verdict":"WAIT","score":38,"price":1.2801,"msg":"scanner"}
{"level":30,"time":1775393326623,"pid":17096,"hostname":"DESKTOP-KPAMGTB","module":"binance","symbol":"XRPUSDT","interval":"5m","verdict":"WAIT","score":38,"price":1.2801,"msg":"scanner"}
{"level":30,"time":1775393326791,"pid":17096,"hostname":"DESKTOP-KPAMGTB","module":"binance","symbol":"XRPUSDT","interval":"1h","verdict":"WAIT","score":38,"price":1.2802,"msg":"scanner"}
{"level":30,"time":1775393326864,"pid":17096,"hostname":"DESKTOP-KPAMGTB","module":"binance","symbol":"XRPUSDT","interval":"1h","verdict":"WAIT","score":38,"price":1.2802,"msg":"scanner"}
{"level":30,"time":1775393326972,"pid":17096,"hostname":"DESKTOP-KPAMGTB","module":"binance","symbol":"DOGEUSDT","interval":"5m","verdict":"AVOID","score":31,"price":0.08973,"msg":"scanner"}
{"level":30,"time":1775393327009,"pid":17096,"hostname":"DESKTOP-KPAMGTB","module":"binance","symbol":"DOGEUSDT","interval":"5m","verdict":"AVOID","score":31,"price":0.08973,"msg":"scanner"}
{"level":30,"time":1775393327022,"pid":17096,"hostname":"DESKTOP-KPAMGTB","module":"binance","symbol":"XRPUSDT","interval":"1h","verdict":"WAIT","score":38,"price":1.2802,"msg":"scanner"}
{"level":30,"time":1775393327133,"pid":17096,"hostname":"DESKTOP-KPAMGTB","module":"binance","symbol":"DOGEUSDT","interval":"1h","verdict":"AVOID","score":34,"price":0.08973,"msg":"scanner"}
{"level":30,"time":1775393327179,"pid":17096,"hostname":"DESKTOP-KPAMGTB","module":"binance","symbol":"DOGEUSDT","interval":"5m","verdict":"AVOID","score":31,"price":0.08973,"msg":"scanner"}
{"level":30,"time":1775393327382,"pid":17096,"hostname":"DESKTOP-KPAMGTB","module":"binance","symbol":"DOGEUSDT","interval":"1h","verdict":"AVOID","score":34,"price":0.08973,"msg":"scanner"}
{"level":30,"time":1775393327398,"pid":17096,"hostname":"DESKTOP-KPAMGTB","module":"binance","symbol":"DOGEUSDT","interval":"1h","verdict":"AVOID","score":34,"price":0.08973,"msg":"scanner"}
{"level":30,"time":1775393327431,"pid":17096,"hostname":"DESKTOP-KPAMGTB","module":"binance","symbol":"ADAUSDT","interval":"5m","verdict":"AVOID","score":34,"price":0.2408,"msg":"scanner"}
{"level":30,"time":1775393327553,"pid":17096,"hostname":"DESKTOP-KPAMGTB","module":"binance","symbol":"ADAUSDT","interval":"5m","verdict":"AVOID","score":34,"price":0.2408,"msg":"scanner"}
{"level":30,"time":1775393327566,"pid":17096,"hostname":"DESKTOP-KPAMGTB","module":"binance","symbol":"ADAUSDT","interval":"1h","verdict":"WAIT","score":44,"price":0.2408,"msg":"scanner"}
{"level":30,"time":1775393327891,"pid":17096,"hostname":"DESKTOP-KPAMGTB","module":"binance","symbol":"AVAXUSDT","interval":"5m","verdict":"WAIT","score":41,"price":8.75,"msg":"scanner"}
{"level":30,"time":1775393327927,"pid":17096,"hostname":"DESKTOP-KPAMGTB","module":"binance","symbol":"AVAXUSDT","interval":"5m","verdict":"WAIT","score":41,"price":8.75,"msg":"scanner"}
{"level":30,"time":1775393327981,"pid":17096,"hostname":"DESKTOP-KPAMGTB","module":"binance","symbol":"AVAXUSDT","interval":"1h","verdict":"WAIT","score":38,"price":8.75,"msg":"scanner"}
{"level":30,"time":1775393327992,"pid":17096,"hostname":"DESKTOP-KPAMGTB","module":"binance","symbol":"AVAXUSDT","interval":"5m","verdict":"WAIT","score":41,"price":8.75,"msg":"scanner"}
{"level":30,"time":1775393328176,"pid":17096,"hostname":"DESKTOP-KPAMGTB","module":"binance","symbol":"ADAUSDT","interval":"1h","verdict":"WAIT","score":44,"price":0.2408,"msg":"scanner"}
{"level":30,"time":1775393328273,"pid":17096,"hostname":"DESKTOP-KPAMGTB","module":"binance","symbol":"AVAXUSDT","interval":"1h","verdict":"WAIT","score":38,"price":8.75,"msg":"scanner"}
{"level":30,"time":1775393328375,"pid":17096,"hostname":"DESKTOP-KPAMGTB","module":"binance","symbol":"TRXUSDT","interval":"5m","verdict":"WAIT","score":63,"price":0.3188,"msg":"scanner"}
{"level":30,"time":1775393328499,"pid":17096,"hostname":"DESKTOP-KPAMGTB","module":"binance","symbol":"TRXUSDT","interval":"5m","verdict":"WAIT","score":63,"price":0.3188,"msg":"scanner"}
{"level":30,"time":1775393328514,"pid":17096,"hostname":"DESKTOP-KPAMGTB","module":"binance","symbol":"TRXUSDT","interval":"1h","verdict":"WAIT","score":63,"price":0.3188,"msg":"scanner"}
{"level":30,"time":1775393328809,"pid":17096,"hostname":"DESKTOP-KPAMGTB","module":"binance","symbol":"TRXUSDT","interval":"1h","verdict":"WAIT","score":63,"price":0.3188,"msg":"scanner"}
{"level":30,"time":1775393328856,"pid":17096,"hostname":"DESKTOP-KPAMGTB","module":"binance","symbol":"DOTUSDT","interval":"5m","verdict":"AVOID","score":34,"price":1.219,"msg":"scanner"}
{"level":30,"time":1775393329009,"pid":17096,"hostname":"DESKTOP-KPAMGTB","module":"binance","symbol":"DOTUSDT","interval":"5m","verdict":"AVOID","score":34,"price":1.219,"msg":"scanner"}
{"level":30,"time":1775393329060,"pid":17096,"hostname":"DESKTOP-KPAMGTB","module":"binance","symbol":"DOTUSDT","interval":"5m","verdict":"AVOID","score":34,"price":1.219,"msg":"scanner"}
{"level":30,"time":1775393329116,"pid":17096,"hostname":"DESKTOP-KPAMGTB","module":"binance","symbol":"DOTUSDT","interval":"1h","verdict":"WAIT","score":38,"price":1.219,"msg":"scanner"}
{"level":30,"time":1775393329230,"pid":17096,"hostname":"DESKTOP-KPAMGTB","module":"binance","symbol":"DOTUSDT","interval":"1h","verdict":"WAIT","score":38,"price":1.219,"msg":"scanner"}
{"level":30,"time":1775393329245,"pid":17096,"hostname":"DESKTOP-KPAMGTB","module":"binance","symbol":"LINKUSDT","interval":"5m","verdict":"WAIT","score":44,"price":8.48,"msg":"scanner"}
{"level":30,"time":1775393329372,"pid":17096,"hostname":"DESKTOP-KPAMGTB","module":"binance","symbol":"DOTUSDT","interval":"1h","verdict":"WAIT","score":38,"price":1.219,"msg":"scanner"}
{"level":30,"time":1775393329441,"pid":17096,"hostname":"DESKTOP-KPAMGTB","module":"binance","symbol":"LINKUSDT","interval":"5m","verdict":"WAIT","score":44,"price":8.48,"msg":"scanner"}
{"level":30,"time":1775393329593,"pid":17096,"hostname":"DESKTOP-KPAMGTB","module":"binance","symbol":"LINKUSDT","interval":"1h","verdict":"AVOID","score":34,"price":8.48,"msg":"scanner"}
{"level":30,"time":1775393329620,"pid":17096,"hostname":"DESKTOP-KPAMGTB","module":"binance","symbol":"LINKUSDT","interval":"1h","verdict":"AVOID","score":34,"price":8.48,"msg":"scanner"}
{"level":30,"time":1775393329786,"pid":17096,"hostname":"DESKTOP-KPAMGTB","module":"binance","symbol":"LINKUSDT","interval":"1h","verdict":"AVOID","score":34,"price":8.48,"msg":"scanner"}
{"level":30,"time":1775393329847,"pid":17096,"hostname":"DESKTOP-KPAMGTB","module":"binance","symbol":"MATICUSDT","interval":"5m","verdict":"WAIT","score":59,"price":0.3794,"msg":"scanner"}
{"level":30,"time":1775393330115,"pid":17096,"hostname":"DESKTOP-KPAMGTB","module":"binance","symbol":"MATICUSDT","interval":"5m","verdict":"WAIT","score":59,"price":0.3794,"msg":"scanner"}
{"level":30,"time":1775393330129,"pid":17096,"hostname":"DESKTOP-KPAMGTB","module":"binance","symbol":"MATICUSDT","interval":"1h","verdict":"WAIT","score":47,"price":0.3794,"msg":"scanner"}
{"level":30,"time":1775393330396,"pid":17096,"hostname":"DESKTOP-KPAMGTB","module":"binance","symbol":"MATICUSDT","interval":"1h","verdict":"WAIT","score":47,"price":0.3794,"msg":"scanner"}
{"level":30,"time":1775393330589,"pid":17096,"hostname":"DESKTOP-KPAMGTB","module":"binance","symbol":"LTCUSDT","interval":"5m","verdict":"WAIT","score":47,"price":52.65,"msg":"scanner"}
{"level":30,"time":1775393330646,"pid":17096,"hostname":"DESKTOP-KPAMGTB","module":"binance","symbol":"LTCUSDT","interval":"1h","verdict":"WAIT","score":38,"price":52.65,"msg":"scanner"}
{"level":30,"time":1775393330666,"pid":17096,"hostname":"DESKTOP-KPAMGTB","module":"binance","symbol":"LTCUSDT","interval":"5m","verdict":"WAIT","score":47,"price":52.65,"msg":"scanner"}
{"level":30,"time":1775393330688,"pid":17096,"hostname":"DESKTOP-KPAMGTB","module":"binance","symbol":"LTCUSDT","interval":"5m","verdict":"WAIT","score":47,"price":52.65,"msg":"scanner"}
{"level":30,"time":1775393330767,"pid":17096,"hostname":"DESKTOP-KPAMGTB","module":"binance","symbol":"LTCUSDT","interval":"1h","verdict":"WAIT","score":38,"price":52.65,"msg":"scanner"}
{"level":30,"time":1775393331001,"pid":17096,"hostname":"DESKTOP-KPAMGTB","module":"binance","symbol":"SHIBUSDT","interval":"5m","verdict":"AVOID","score":31,"price":0.00000581,"msg":"scanner"}
{"level":30,"time":1775393331095,"pid":17096,"hostname":"DESKTOP-KPAMGTB","module":"binance","symbol":"SHIBUSDT","interval":"5m","verdict":"AVOID","score":31,"price":0.00000581,"msg":"scanner"}
{"level":30,"time":1775393331162,"pid":17096,"hostname":"DESKTOP-KPAMGTB","module":"binance","symbol":"SHIBUSDT","interval":"5m","verdict":"AVOID","score":31,"price":0.00000581,"msg":"scanner"}
{"level":30,"time":1775393331192,"pid":17096,"hostname":"DESKTOP-KPAMGTB","module":"binance","symbol":"SHIBUSDT","interval":"1h","verdict":"WAIT","score":41,"price":0.00000581,"msg":"scanner"}
{"level":30,"time":1775393331308,"pid":17096,"hostname":"DESKTOP-KPAMGTB","module":"binance","symbol":"UNIUSDT","interval":"5m","verdict":"WAIT","score":38,"price":3.061,"msg":"scanner"}
{"level":30,"time":1775393331322,"pid":17096,"hostname":"DESKTOP-KPAMGTB","module":"binance","symbol":"SHIBUSDT","interval":"1h","verdict":"WAIT","score":41,"price":0.00000581,"msg":"scanner"}
{"level":30,"time":1775393331420,"pid":17096,"hostname":"DESKTOP-KPAMGTB","module":"binance","symbol":"SHIBUSDT","interval":"1h","verdict":"WAIT","score":41,"price":0.00000581,"msg":"scanner"}
{"level":30,"time":1775393331687,"pid":17096,"hostname":"DESKTOP-KPAMGTB","module":"binance","symbol":"UNIUSDT","interval":"1h","verdict":"WAIT","score":41,"price":3.061,"msg":"scanner"}
{"level":30,"time":1775393331725,"pid":17096,"hostname":"DESKTOP-KPAMGTB","module":"binance","symbol":"UNIUSDT","interval":"1h","verdict":"WAIT","score":41,"price":3.061,"msg":"scanner"}
{"level":30,"time":1775393331785,"pid":17096,"hostname":"DESKTOP-KPAMGTB","module":"binance","symbol":"UNIUSDT","interval":"1h","verdict":"WAIT","score":41,"price":3.061,"msg":"scanner"}
{"level":30,"time":1775393331815,"pid":17096,"hostname":"DESKTOP-KPAMGTB","module":"binance","symbol":"ATOMUSDT","interval":"5m","verdict":"WAIT","score":38,"price":1.677,"msg":"scanner"}
{"level":30,"time":1775393331910,"pid":17096,"hostname":"DESKTOP-KPAMGTB","module":"binance","symbol":"ATOMUSDT","interval":"1h","verdict":"WAIT","score":38,"price":1.677,"msg":"scanner"}
{"level":30,"time":1775393332020,"pid":17096,"hostname":"DESKTOP-KPAMGTB","module":"binance","symbol":"ATOMUSDT","interval":"5m","verdict":"WAIT","score":38,"price":1.677,"msg":"scanner"}
{"level":30,"time":1775393332373,"pid":17096,"hostname":"DESKTOP-KPAMGTB","module":"binance","symbol":"ETCUSDT","interval":"5m","verdict":"WAIT","score":38,"price":8.48,"msg":"scanner"}
{"level":30,"time":1775393332397,"pid":17096,"hostname":"DESKTOP-KPAMGTB","module":"binance","symbol":"ETCUSDT","interval":"5m","verdict":"WAIT","score":38,"price":8.48,"msg":"scanner"}
{"level":30,"time":1775393332426,"pid":17096,"hostname":"DESKTOP-KPAMGTB","module":"binance","symbol":"ETCUSDT","interval":"5m","verdict":"WAIT","score":38,"price":8.48,"msg":"scanner"}
{"level":30,"time":1775393332465,"pid":17096,"hostname":"DESKTOP-KPAMGTB","module":"binance","symbol":"ETCUSDT","interval":"1h","verdict":"BUY","score":66,"price":8.48,"msg":"scanner"}
{"level":30,"time":1775393332513,"pid":17096,"hostname":"DESKTOP-KPAMGTB","module":"binance","symbol":"ATOMUSDT","interval":"1h","verdict":"WAIT","score":38,"price":1.677,"msg":"scanner"}
{"level":30,"time":1775393332703,"pid":17096,"hostname":"DESKTOP-KPAMGTB","module":"binance","symbol":"ETCUSDT","interval":"1h","verdict":"BUY","score":66,"price":8.48,"msg":"scanner"}
{"level":30,"time":1775393332952,"pid":17096,"hostname":"DESKTOP-KPAMGTB","module":"binance","symbol":"XLMUSDT","interval":"5m","verdict":"WAIT","score":41,"price":0.1574,"msg":"scanner"}
{"level":30,"time":1775393332961,"pid":17096,"hostname":"DESKTOP-KPAMGTB","module":"binance","symbol":"XLMUSDT","interval":"5m","verdict":"WAIT","score":41,"price":0.1574,"msg":"scanner"}
{"level":30,"time":1775393333019,"pid":17096,"hostname":"DESKTOP-KPAMGTB","module":"binance","symbol":"XLMUSDT","interval":"5m","verdict":"WAIT","score":41,"price":0.1574,"msg":"scanner"}
{"level":30,"time":1775393333036,"pid":17096,"hostname":"DESKTOP-KPAMGTB","module":"binance","symbol":"XLMUSDT","interval":"1h","verdict":"AVOID","score":34,"price":0.1574,"msg":"scanner"}
{"level":30,"time":1775393333130,"pid":17096,"hostname":"DESKTOP-KPAMGTB","module":"binance","symbol":"XLMUSDT","interval":"1h","verdict":"AVOID","score":34,"price":0.1574,"msg":"scanner"}
{"level":30,"time":1775393333509,"pid":17096,"hostname":"DESKTOP-KPAMGTB","module":"binance","symbol":"APTUSDT","interval":"5m","verdict":"AVOID","score":28,"price":0.829,"msg":"scanner"}
{"level":30,"time":1775393333535,"pid":17096,"hostname":"DESKTOP-KPAMGTB","module":"binance","symbol":"APTUSDT","interval":"5m","verdict":"AVOID","score":28,"price":0.829,"msg":"scanner"}
{"level":30,"time":1775393333546,"pid":17096,"hostname":"DESKTOP-KPAMGTB","module":"binance","symbol":"APTUSDT","interval":"5m","verdict":"AVOID","score":28,"price":0.829,"msg":"scanner"}
{"level":30,"time":1775393333605,"pid":17096,"hostname":"DESKTOP-KPAMGTB","module":"binance","symbol":"APTUSDT","interval":"1h","verdict":"AVOID","score":34,"price":0.829,"msg":"scanner"}
{"level":30,"time":1775393333684,"pid":17096,"hostname":"DESKTOP-KPAMGTB","module":"binance","symbol":"APTUSDT","interval":"1h","verdict":"AVOID","score":34,"price":0.829,"msg":"scanner"}
{"level":30,"time":1775393333843,"pid":17096,"hostname":"DESKTOP-KPAMGTB","module":"binance","symbol":"APTUSDT","interval":"1h","verdict":"AVOID","score":34,"price":0.829,"msg":"scanner"}
{"level":30,"time":1775393334023,"pid":17096,"hostname":"DESKTOP-KPAMGTB","module":"binance","symbol":"NEARUSDT","interval":"5m","verdict":"AVOID","score":31,"price":1.237,"msg":"scanner"}
{"level":30,"time":1775393334053,"pid":17096,"hostname":"DESKTOP-KPAMGTB","module":"binance","symbol":"NEARUSDT","interval":"5m","verdict":"AVOID","score":31,"price":1.237,"msg":"scanner"}
{"level":30,"time":1775393334065,"pid":17096,"hostname":"DESKTOP-KPAMGTB","module":"binance","symbol":"NEARUSDT","interval":"1h","verdict":"WAIT","score":50,"price":1.237,"msg":"scanner"}
{"level":30,"time":1775393334116,"pid":17096,"hostname":"DESKTOP-KPAMGTB","module":"binance","symbol":"NEARUSDT","interval":"5m","verdict":"AVOID","score":31,"price":1.237,"msg":"scanner"}
{"level":30,"time":1775393334193,"pid":17096,"hostname":"DESKTOP-KPAMGTB","module":"binance","symbol":"NEARUSDT","interval":"1h","verdict":"WAIT","score":50,"price":1.237,"msg":"scanner"}
{"level":30,"time":1775393356131,"pid":17096,"hostname":"DESKTOP-KPAMGTB","module":"binance","symbol":"BTCUSDT","interval":"5m","verdict":"WAIT","score":41,"price":66706.51,"msg":"scanner"}
{"level":30,"time":1775393356143,"pid":17096,"hostname":"DESKTOP-KPAMGTB","module":"binance","symbol":"ETHUSDT","interval":"5m","verdict":"WAIT","score":41,"price":2025.08,"msg":"scanner"}
{"level":30,"time":1775393356441,"pid":17096,"hostname":"DESKTOP-KPAMGTB","module":"binance","symbol":"BNBUSDT","interval":"5m","verdict":"WAIT","score":38,"price":589.37,"msg":"scanner"}
{"level":30,"time":1775393386030,"pid":17096,"hostname":"DESKTOP-KPAMGTB","module":"binance","symbol":"SOLUSDT","interval":"5m","verdict":"WAIT","score":38,"price":78.85,"msg":"scanner"}
{"level":30,"time":1775393386169,"pid":17096,"hostname":"DESKTOP-KPAMGTB","module":"binance","symbol":"XRPUSDT","interval":"5m","verdict":"WAIT","score":38,"price":1.2795,"msg":"scanner"}
{"level":30,"time":1775393386188,"pid":17096,"hostname":"DESKTOP-KPAMGTB","module":"binance","symbol":"DOGEUSDT","interval":"5m","verdict":"AVOID","score":31,"price":0.08974,"msg":"scanner"}
{"level":30,"time":1775393386539,"pid":17096,"hostname":"DESKTOP-KPAMGTB","module":"binance","symbol":"ADAUSDT","interval":"5m","verdict":"AVOID","score":34,"price":0.2407,"msg":"scanner"}
{"level":30,"time":1775393386695,"pid":17096,"hostname":"DESKTOP-KPAMGTB","module":"binance","symbol":"AVAXUSDT","interval":"5m","verdict":"WAIT","score":41,"price":8.75,"msg":"scanner"}
{"level":30,"time":1775393386966,"pid":17096,"hostname":"DESKTOP-KPAMGTB","module":"binance","symbol":"TRXUSDT","interval":"5m","verdict":"WAIT","score":63,"price":0.3188,"msg":"scanner"}
{"level":30,"time":1775393387371,"pid":17096,"hostname":"DESKTOP-KPAMGTB","module":"binance","symbol":"DOTUSDT","interval":"5m","verdict":"WAIT","score":38,"price":1.22,"msg":"scanner"}
{"level":30,"time":1775393387583,"pid":17096,"hostname":"DESKTOP-KPAMGTB","module":"binance","symbol":"LINKUSDT","interval":"5m","verdict":"WAIT","score":47,"price":8.49,"msg":"scanner"}
{"level":30,"time":1775393387747,"pid":17096,"hostname":"DESKTOP-KPAMGTB","module":"binance","symbol":"MATICUSDT","interval":"5m","verdict":"WAIT","score":59,"price":0.3794,"msg":"scanner"}
{"level":30,"time":1775393387855,"pid":17096,"hostname":"DESKTOP-KPAMGTB","module":"binance","symbol":"LTCUSDT","interval":"5m","verdict":"WAIT","score":38,"price":52.64,"msg":"scanner"}
{"level":30,"time":1775393388176,"pid":17096,"hostname":"DESKTOP-KPAMGTB","module":"binance","symbol":"SHIBUSDT","interval":"5m","verdict":"AVOID","score":31,"price":0.00000581,"msg":"scanner"}
{"level":30,"time":1775393388350,"pid":17096,"hostname":"DESKTOP-KPAMGTB","module":"binance","symbol":"UNIUSDT","interval":"5m","verdict":"WAIT","score":38,"price":3.06,"msg":"scanner"}
{"level":30,"time":1775393388627,"pid":17096,"hostname":"DESKTOP-KPAMGTB","module":"binance","symbol":"ATOMUSDT","interval":"5m","verdict":"WAIT","score":44,"price":1.678,"msg":"scanner"}
{"level":30,"time":1775393388956,"pid":17096,"hostname":"DESKTOP-KPAMGTB","module":"binance","symbol":"ETCUSDT","interval":"5m","verdict":"WAIT","score":41,"price":8.47,"msg":"scanner"}
{"level":30,"time":1775393389195,"pid":17096,"hostname":"DESKTOP-KPAMGTB","module":"binance","symbol":"XLMUSDT","interval":"5m","verdict":"WAIT","score":44,"price":0.1575,"msg":"scanner"}
{"level":30,"time":1775393389638,"pid":17096,"hostname":"DESKTOP-KPAMGTB","module":"binance","symbol":"APTUSDT","interval":"5m","verdict":"WAIT","score":41,"price":0.83,"msg":"scanner"}
{"level":30,"time":1775393389829,"pid":17096,"hostname":"DESKTOP-KPAMGTB","module":"binance","symbol":"NEARUSDT","interval":"5m","verdict":"WAIT","score":41,"price":1.238,"msg":"scanner"}
{"level":30,"time":1775393416453,"pid":17096,"hostname":"DESKTOP-KPAMGTB","module":"binance","symbol":"ETHUSDT","interval":"5m","verdict":"WAIT","score":50,"price":2024.96,"msg":"scanner"}
{"level":30,"time":1775393416492,"pid":17096,"hostname":"DESKTOP-KPAMGTB","module":"binance","symbol":"BTCUSDT","interval":"5m","verdict":"WAIT","score":44,"price":66699.35,"msg":"scanner"}
{"level":30,"time":1775393416739,"pid":17096,"hostname":"DESKTOP-KPAMGTB","module":"binance","symbol":"BNBUSDT","interval":"5m","verdict":"AVOID","score":34,"price":589.38,"msg":"scanner"}
{"level":30,"time":1775393416829,"pid":17096,"hostname":"DESKTOP-KPAMGTB","module":"binance","symbol":"SOLUSDT","interval":"5m","verdict":"AVOID","score":34,"price":78.85,"msg":"scanner"}
{"level":30,"time":1775393416891,"pid":17096,"hostname":"DESKTOP-KPAMGTB","module":"binance","symbol":"XRPUSDT","interval":"5m","verdict":"WAIT","score":38,"price":1.2797,"msg":"scanner"}
{"level":30,"time":1775393417087,"pid":17096,"hostname":"DESKTOP-KPAMGTB","module":"binance","symbol":"DOGEUSDT","interval":"5m","verdict":"AVOID","score":34,"price":0.08976,"msg":"scanner"}
{"level":30,"time":1775393417221,"pid":17096,"hostname":"DESKTOP-KPAMGTB","module":"binance","symbol":"ADAUSDT","interval":"5m","verdict":"WAIT","score":38,"price":0.2408,"msg":"scanner"}
{"level":30,"time":1775393417406,"pid":17096,"hostname":"DESKTOP-KPAMGTB","module":"binance","symbol":"AVAXUSDT","interval":"5m","verdict":"WAIT","score":41,"price":8.75,"msg":"scanner"}
{"level":30,"time":1775393417542,"pid":17096,"hostname":"DESKTOP-KPAMGTB","module":"binance","symbol":"TRXUSDT","interval":"5m","verdict":"WAIT","score":63,"price":0.3188,"msg":"scanner"}
{"level":30,"time":1775393417741,"pid":17096,"hostname":"DESKTOP-KPAMGTB","module":"binance","symbol":"DOTUSDT","interval":"5m","verdict":"WAIT","score":41,"price":1.22,"msg":"scanner"}
{"level":30,"time":1775393417922,"pid":17096,"hostname":"DESKTOP-KPAMGTB","module":"binance","symbol":"LINKUSDT","interval":"5m","verdict":"WAIT","score":44,"price":8.49,"msg":"scanner"}
{"level":30,"time":1775393418346,"pid":17096,"hostname":"DESKTOP-KPAMGTB","module":"binance","symbol":"MATICUSDT","interval":"5m","verdict":"WAIT","score":59,"price":0.3794,"msg":"scanner"}
{"level":30,"time":1775393418368,"pid":17096,"hostname":"DESKTOP-KPAMGTB","module":"binance","symbol":"LTCUSDT","interval":"5m","verdict":"WAIT","score":44,"price":52.65,"msg":"scanner"}
{"level":30,"time":1775393418715,"pid":17096,"hostname":"DESKTOP-KPAMGTB","module":"binance","symbol":"SHIBUSDT","interval":"5m","verdict":"WAIT","score":38,"price":0.00000581,"msg":"scanner"}
{"level":30,"time":1775393418780,"pid":17096,"hostname":"DESKTOP-KPAMGTB","module":"binance","symbol":"UNIUSDT","interval":"5m","verdict":"WAIT","score":41,"price":3.059,"msg":"scanner"}
{"level":30,"time":1775393419106,"pid":17096,"hostname":"DESKTOP-KPAMGTB","module":"binance","symbol":"ATOMUSDT","interval":"5m","verdict":"WAIT","score":50,"price":1.679,"msg":"scanner"}
{"level":30,"time":1775393419328,"pid":17096,"hostname":"DESKTOP-KPAMGTB","module":"binance","symbol":"ETCUSDT","interval":"5m","verdict":"WAIT","score":41,"price":8.47,"msg":"scanner"}
{"level":30,"time":1775393419604,"pid":17096,"hostname":"DESKTOP-KPAMGTB","module":"binance","symbol":"XLMUSDT","interval":"5m","verdict":"WAIT","score":53,"price":0.1575,"msg":"scanner"}
{"level":30,"time":1775393445687,"pid":17096,"hostname":"DESKTOP-KPAMGTB","module":"binance","symbol":"BTCUSDT","interval":"1h","verdict":"AVOID","score":31,"price":66700.41,"msg":"scanner"}
{"level":30,"time":1775393445998,"pid":17096,"hostname":"DESKTOP-KPAMGTB","module":"binance","symbol":"ETHUSDT","interval":"1h","verdict":"AVOID","score":31,"price":2024.96,"msg":"scanner"}
{"level":30,"time":1775393446079,"pid":17096,"hostname":"DESKTOP-KPAMGTB","module":"binance","symbol":"BNBUSDT","interval":"1h","verdict":"WAIT","score":41,"price":589.43,"msg":"scanner"}
{"level":30,"time":1775393448239,"pid":17096,"hostname":"DESKTOP-KPAMGTB","module":"binance","symbol":"APTUSDT","interval":"5m","verdict":"WAIT","score":41,"price":0.831,"msg":"scanner"}
{"level":30,"time":1775393448468,"pid":17096,"hostname":"DESKTOP-KPAMGTB","module":"binance","symbol":"NEARUSDT","interval":"5m","verdict":"WAIT","score":47,"price":1.239,"msg":"scanner"}
{"level":30,"time":1775393475679,"pid":17096,"hostname":"DESKTOP-KPAMGTB","module":"binance","symbol":"BTCUSDT","interval":"5m","verdict":"WAIT","score":44,"price":66713.83,"msg":"scanner"}
{"level":30,"time":1775393475699,"pid":17096,"hostname":"DESKTOP-KPAMGTB","module":"binance","symbol":"BTCUSDT","interval":"4h","verdict":"AVOID","score":31,"price":66713.83,"msg":"scanner"}
{"level":30,"time":1775393475710,"pid":17096,"hostname":"DESKTOP-KPAMGTB","module":"binance","symbol":"ETHUSDT","interval":"5m","verdict":"WAIT","score":50,"price":2025.44,"msg":"scanner"}
{"level":30,"time":1775393475985,"pid":17096,"hostname":"DESKTOP-KPAMGTB","module":"binance","symbol":"ETHUSDT","interval":"4h","verdict":"WAIT","score":41,"price":2025.44,"msg":"scanner"}
{"level":30,"time":1775393476040,"pid":17096,"hostname":"DESKTOP-KPAMGTB","module":"binance","symbol":"BNBUSDT","interval":"5m","verdict":"WAIT","score":41,"price":589.45,"msg":"scanner"}
{"level":30,"time":1775393476074,"pid":17096,"hostname":"DESKTOP-KPAMGTB","module":"binance","symbol":"BNBUSDT","interval":"4h","verdict":"WAIT","score":41,"price":589.45,"msg":"scanner"}
{"level":30,"time":1775393476124,"pid":17096,"hostname":"DESKTOP-KPAMGTB","module":"binance","symbol":"SOLUSDT","interval":"5m","verdict":"AVOID","score":34,"price":78.87,"msg":"scanner"}
{"level":30,"time":1775393476281,"pid":17096,"hostname":"DESKTOP-KPAMGTB","module":"binance","symbol":"SOLUSDT","interval":"1h","verdict":"WAIT","score":41,"price":78.87,"msg":"scanner"}
{"level":30,"time":1775393476367,"pid":17096,"hostname":"DESKTOP-KPAMGTB","module":"binance","symbol":"SOLUSDT","interval":"4h","verdict":"AVOID","score":34,"price":78.87,"msg":"scanner"}
{"level":30,"time":1775393476394,"pid":17096,"hostname":"DESKTOP-KPAMGTB","module":"binance","symbol":"XRPUSDT","interval":"5m","verdict":"WAIT","score":44,"price":1.2803,"msg":"scanner"}
{"level":30,"time":1775393476413,"pid":17096,"hostname":"DESKTOP-KPAMGTB","module":"binance","symbol":"XRPUSDT","interval":"1h","verdict":"WAIT","score":38,"price":1.2803,"msg":"scanner"}
{"level":30,"time":1775393476592,"pid":17096,"hostname":"DESKTOP-KPAMGTB","module":"binance","symbol":"XRPUSDT","interval":"4h","verdict":"WAIT","score":38,"price":1.2803,"msg":"scanner"}
{"level":30,"time":1775393476690,"pid":17096,"hostname":"DESKTOP-KPAMGTB","module":"binance","symbol":"DOGEUSDT","interval":"5m","verdict":"AVOID","score":34,"price":0.0898,"msg":"scanner"}
{"level":30,"time":1775393476819,"pid":17096,"hostname":"DESKTOP-KPAMGTB","module":"binance","symbol":"DOGEUSDT","interval":"4h","verdict":"WAIT","score":38,"price":0.0898,"msg":"scanner"}
{"level":30,"time":1775393476886,"pid":17096,"hostname":"DESKTOP-KPAMGTB","module":"binance","symbol":"DOGEUSDT","interval":"1h","verdict":"AVOID","score":34,"price":0.0898,"msg":"scanner"}
{"level":30,"time":1775393477197,"pid":17096,"hostname":"DESKTOP-KPAMGTB","module":"binance","symbol":"ADAUSDT","interval":"5m","verdict":"WAIT","score":38,"price":0.2408,"msg":"scanner"}
{"level":30,"time":1775393477524,"pid":17096,"hostname":"DESKTOP-KPAMGTB","module":"binance","symbol":"ADAUSDT","interval":"1h","verdict":"WAIT","score":44,"price":0.2408,"msg":"scanner"}
{"level":30,"time":1775393477576,"pid":17096,"hostname":"DESKTOP-KPAMGTB","module":"binance","symbol":"ADAUSDT","interval":"4h","verdict":"AVOID","score":34,"price":0.2408,"msg":"scanner"}
{"level":30,"time":1775393477593,"pid":17096,"hostname":"DESKTOP-KPAMGTB","module":"binance","symbol":"AVAXUSDT","interval":"5m","verdict":"WAIT","score":44,"price":8.77,"msg":"scanner"}
{"level":30,"time":1775393477644,"pid":17096,"hostname":"DESKTOP-KPAMGTB","module":"binance","symbol":"AVAXUSDT","interval":"1h","verdict":"WAIT","score":38,"price":8.77,"msg":"scanner"}
{"level":30,"time":1775393477817,"pid":17096,"hostname":"DESKTOP-KPAMGTB","module":"binance","symbol":"AVAXUSDT","interval":"4h","verdict":"AVOID","score":31,"price":8.77,"msg":"scanner"}
{"level":30,"time":1775393477962,"pid":17096,"hostname":"DESKTOP-KPAMGTB","module":"binance","symbol":"TRXUSDT","interval":"1h","verdict":"WAIT","score":63,"price":0.3188,"msg":"scanner"}
{"level":30,"time":1775393477973,"pid":17096,"hostname":"DESKTOP-KPAMGTB","module":"binance","symbol":"TRXUSDT","interval":"5m","verdict":"WAIT","score":63,"price":0.3188,"msg":"scanner"}
{"level":30,"time":1775393478001,"pid":17096,"hostname":"DESKTOP-KPAMGTB","module":"binance","symbol":"TRXUSDT","interval":"4h","verdict":"WAIT","score":56,"price":0.3188,"msg":"scanner"}
{"level":30,"time":1775393478147,"pid":17096,"hostname":"DESKTOP-KPAMGTB","module":"binance","symbol":"DOTUSDT","interval":"5m","verdict":"WAIT","score":47,"price":1.223,"msg":"scanner"}
{"level":30,"time":1775393478319,"pid":17096,"hostname":"DESKTOP-KPAMGTB","module":"binance","symbol":"DOTUSDT","interval":"4h","verdict":"AVOID","score":34,"price":1.223,"msg":"scanner"}
{"level":30,"time":1775393478358,"pid":17096,"hostname":"DESKTOP-KPAMGTB","module":"binance","symbol":"DOTUSDT","interval":"1h","verdict":"WAIT","score":44,"price":1.223,"msg":"scanner"}
{"level":30,"time":1775393478418,"pid":17096,"hostname":"DESKTOP-KPAMGTB","module":"binance","symbol":"LINKUSDT","interval":"5m","verdict":"WAIT","score":44,"price":8.49,"msg":"scanner"}
{"level":30,"time":1775393478531,"pid":17096,"hostname":"DESKTOP-KPAMGTB","module":"binance","symbol":"LINKUSDT","interval":"1h","verdict":"AVOID","score":34,"price":8.49,"msg":"scanner"}
{"level":30,"time":1775393478640,"pid":17096,"hostname":"DESKTOP-KPAMGTB","module":"binance","symbol":"LINKUSDT","interval":"4h","verdict":"WAIT","score":38,"price":8.49,"msg":"scanner"}
{"level":30,"time":1775393478803,"pid":17096,"hostname":"DESKTOP-KPAMGTB","module":"binance","symbol":"MATICUSDT","interval":"5m","verdict":"WAIT","score":59,"price":0.3794,"msg":"scanner"}
{"level":30,"time":1775393478819,"pid":17096,"hostname":"DESKTOP-KPAMGTB","module":"binance","symbol":"MATICUSDT","interval":"1h","verdict":"WAIT","score":47,"price":0.3794,"msg":"scanner"}
{"level":30,"time":1775393479208,"pid":17096,"hostname":"DESKTOP-KPAMGTB","module":"binance","symbol":"LTCUSDT","interval":"1h","verdict":"WAIT","score":38,"price":52.66,"msg":"scanner"}
{"level":30,"time":1775393479220,"pid":17096,"hostname":"DESKTOP-KPAMGTB","module":"binance","symbol":"LTCUSDT","interval":"4h","verdict":"WAIT","score":38,"price":52.66,"msg":"scanner"}
{"level":30,"time":1775393479235,"pid":17096,"hostname":"DESKTOP-KPAMGTB","module":"binance","symbol":"LTCUSDT","interval":"5m","verdict":"WAIT","score":41,"price":52.66,"msg":"scanner"}
{"level":30,"time":1775393479454,"pid":17096,"hostname":"DESKTOP-KPAMGTB","module":"binance","symbol":"MATICUSDT","interval":"4h","verdict":"WAIT","score":41,"price":0.3794,"msg":"scanner"}
{"level":30,"time":1775393479521,"pid":17096,"hostname":"DESKTOP-KPAMGTB","module":"binance","symbol":"SHIBUSDT","interval":"5m","verdict":"WAIT","score":38,"price":0.00000582,"msg":"scanner"}
{"level":30,"time":1775393479663,"pid":17096,"hostname":"DESKTOP-KPAMGTB","module":"binance","symbol":"SHIBUSDT","interval":"4h","verdict":"WAIT","score":41,"price":0.00000582,"msg":"scanner"}
{"level":30,"time":1775393479677,"pid":17096,"hostname":"DESKTOP-KPAMGTB","module":"binance","symbol":"SHIBUSDT","interval":"1h","verdict":"WAIT","score":41,"price":0.00000582,"msg":"scanner"}
{"level":30,"time":1775393479783,"pid":17096,"hostname":"DESKTOP-KPAMGTB","module":"binance","symbol":"UNIUSDT","interval":"5m","verdict":"WAIT","score":41,"price":3.06,"msg":"scanner"}
{"level":30,"time":1775393479839,"pid":17096,"hostname":"DESKTOP-KPAMGTB","module":"binance","symbol":"UNIUSDT","interval":"1h","verdict":"WAIT","score":41,"price":3.06,"msg":"scanner"}
{"level":30,"time":1775393479982,"pid":17096,"hostname":"DESKTOP-KPAMGTB","module":"binance","symbol":"UNIUSDT","interval":"4h","verdict":"WAIT","score":44,"price":3.06,"msg":"scanner"}
{"level":30,"time":1775393479995,"pid":17096,"hostname":"DESKTOP-KPAMGTB","module":"binance","symbol":"ATOMUSDT","interval":"5m","verdict":"WAIT","score":50,"price":1.68,"msg":"scanner"}
{"level":30,"time":1775393480060,"pid":17096,"hostname":"DESKTOP-KPAMGTB","module":"binance","symbol":"ATOMUSDT","interval":"1h","verdict":"WAIT","score":38,"price":1.68,"msg":"scanner"}
{"level":30,"time":1775393480147,"pid":17096,"hostname":"DESKTOP-KPAMGTB","module":"binance","symbol":"ATOMUSDT","interval":"4h","verdict":"AVOID","score":34,"price":1.68,"msg":"scanner"}
{"level":30,"time":1775393480303,"pid":17096,"hostname":"DESKTOP-KPAMGTB","module":"binance","symbol":"ETCUSDT","interval":"5m","verdict":"WAIT","score":38,"price":8.46,"msg":"scanner"}
{"level":30,"time":1775393480314,"pid":17096,"hostname":"DESKTOP-KPAMGTB","module":"binance","symbol":"ETCUSDT","interval":"1h","verdict":"WAIT","score":59,"price":8.46,"msg":"scanner"}
{"level":30,"time":1775393480354,"pid":17096,"hostname":"DESKTOP-KPAMGTB","module":"binance","symbol":"ETCUSDT","interval":"4h","verdict":"WAIT","score":56,"price":8.46,"msg":"scanner"}
{"level":30,"time":1775393480449,"pid":17096,"hostname":"DESKTOP-KPAMGTB","module":"binance","symbol":"XLMUSDT","interval":"5m","verdict":"WAIT","score":50,"price":0.1576,"msg":"scanner"}
{"level":30,"time":1775393480586,"pid":17096,"hostname":"DESKTOP-KPAMGTB","module":"binance","symbol":"XLMUSDT","interval":"1h","verdict":"AVOID","score":31,"price":0.1576,"msg":"scanner"}
{"level":30,"time":1775393480675,"pid":17096,"hostname":"DESKTOP-KPAMGTB","module":"binance","symbol":"XLMUSDT","interval":"4h","verdict":"AVOID","score":34,"price":0.1576,"msg":"scanner"}
{"level":30,"time":1775393480708,"pid":17096,"hostname":"DESKTOP-KPAMGTB","module":"binance","symbol":"APTUSDT","interval":"5m","verdict":"WAIT","score":41,"price":0.831,"msg":"scanner"}
{"level":30,"time":1775393480758,"pid":17096,"hostname":"DESKTOP-KPAMGTB","module":"binance","symbol":"APTUSDT","interval":"1h","verdict":"AVOID","score":31,"price":0.831,"msg":"scanner"}
{"level":30,"time":1775393480995,"pid":17096,"hostname":"DESKTOP-KPAMGTB","module":"binance","symbol":"APTUSDT","interval":"4h","verdict":"WAIT","score":47,"price":0.831,"msg":"scanner"}
{"level":30,"time":1775393481006,"pid":17096,"hostname":"DESKTOP-KPAMGTB","module":"binance","symbol":"NEARUSDT","interval":"5m","verdict":"WAIT","score":47,"price":1.239,"msg":"scanner"}
{"level":30,"time":1775393481059,"pid":17096,"hostname":"DESKTOP-KPAMGTB","module":"binance","symbol":"NEARUSDT","interval":"1h","verdict":"WAIT","score":50,"price":1.239,"msg":"scanner"}
{"level":30,"time":1775393481200,"pid":17096,"hostname":"DESKTOP-KPAMGTB","module":"binance","symbol":"NEARUSDT","interval":"4h","verdict":"WAIT","score":59,"price":1.239,"msg":"scanner"}
{"level":30,"time":1775393535742,"pid":17096,"hostname":"DESKTOP-KPAMGTB","module":"binance","symbol":"BTCUSDT","interval":"5m","verdict":"WAIT","score":50,"price":66741.52,"msg":"scanner"}
{"level":30,"time":1775393535805,"pid":17096,"hostname":"DESKTOP-KPAMGTB","module":"binance","symbol":"ETHUSDT","interval":"5m","verdict":"WAIT","score":50,"price":2026.25,"msg":"scanner"}
{"level":30,"time":1775393536115,"pid":17096,"hostname":"DESKTOP-KPAMGTB","module":"binance","symbol":"BNBUSDT","interval":"5m","verdict":"WAIT","score":41,"price":589.59,"msg":"scanner"}
{"level":30,"time":1775393536163,"pid":17096,"hostname":"DESKTOP-KPAMGTB","module":"binance","symbol":"SOLUSDT","interval":"5m","verdict":"WAIT","score":41,"price":78.89,"msg":"scanner"}
{"level":30,"time":1775393536282,"pid":17096,"hostname":"DESKTOP-KPAMGTB","module":"binance","symbol":"XRPUSDT","interval":"5m","verdict":"WAIT","score":50,"price":1.2808,"msg":"scanner"}
{"level":30,"time":1775393536487,"pid":17096,"hostname":"DESKTOP-KPAMGTB","module":"binance","symbol":"DOGEUSDT","interval":"5m","verdict":"WAIT","score":41,"price":0.08983,"msg":"scanner"}
{"level":30,"time":1775393536617,"pid":17096,"hostname":"DESKTOP-KPAMGTB","module":"binance","symbol":"ADAUSDT","interval":"5m","verdict":"WAIT","score":38,"price":0.241,"msg":"scanner"}
{"level":30,"time":1775393537045,"pid":17096,"hostname":"DESKTOP-KPAMGTB","module":"binance","symbol":"AVAXUSDT","interval":"5m","verdict":"WAIT","score":44,"price":8.77,"msg":"scanner"}
{"level":30,"time":1775393537368,"pid":17096,"hostname":"DESKTOP-KPAMGTB","module":"binance","symbol":"TRXUSDT","interval":"5m","verdict":"WAIT","score":63,"price":0.3187,"msg":"scanner"}
{"level":30,"time":1775393537435,"pid":17096,"hostname":"DESKTOP-KPAMGTB","module":"binance","symbol":"DOTUSDT","interval":"5m","verdict":"WAIT","score":47,"price":1.223,"msg":"scanner"}
{"level":30,"time":1775393537910,"pid":17096,"hostname":"DESKTOP-KPAMGTB","module":"binance","symbol":"LINKUSDT","interval":"5m","verdict":"WAIT","score":41,"price":8.5,"msg":"scanner"}
{"level":30,"time":1775393537939,"pid":17096,"hostname":"DESKTOP-KPAMGTB","module":"binance","symbol":"MATICUSDT","interval":"5m","verdict":"WAIT","score":59,"price":0.3794,"msg":"scanner"}
{"level":30,"time":1775393538239,"pid":17096,"hostname":"DESKTOP-KPAMGTB","module":"binance","symbol":"LTCUSDT","interval":"5m","verdict":"WAIT","score":38,"price":52.67,"msg":"scanner"}
{"level":30,"time":1775393538447,"pid":17096,"hostname":"DESKTOP-KPAMGTB","module":"binance","symbol":"SHIBUSDT","interval":"5m","verdict":"WAIT","score":38,"price":0.00000582,"msg":"scanner"}
{"level":30,"time":1775393538615,"pid":17096,"hostname":"DESKTOP-KPAMGTB","module":"binance","symbol":"UNIUSDT","interval":"5m","verdict":"WAIT","score":47,"price":3.068,"msg":"scanner"}
{"level":30,"time":1775393538904,"pid":17096,"hostname":"DESKTOP-KPAMGTB","module":"binance","symbol":"ATOMUSDT","interval":"5m","verdict":"WAIT","score":50,"price":1.679,"msg":"scanner"}
{"level":30,"time":1775393539087,"pid":17096,"hostname":"DESKTOP-KPAMGTB","module":"binance","symbol":"ETCUSDT","interval":"5m","verdict":"WAIT","score":41,"price":8.47,"msg":"scanner"}
{"level":30,"time":1775393539155,"pid":17096,"hostname":"DESKTOP-KPAMGTB","module":"binance","symbol":"XLMUSDT","interval":"5m","verdict":"WAIT","score":44,"price":0.1577,"msg":"scanner"}
{"level":30,"time":1775393539433,"pid":17096,"hostname":"DESKTOP-KPAMGTB","module":"binance","symbol":"APTUSDT","interval":"5m","verdict":"WAIT","score":41,"price":0.831,"msg":"scanner"}
{"level":30,"time":1775393539537,"pid":17096,"hostname":"DESKTOP-KPAMGTB","module":"binance","symbol":"NEARUSDT","interval":"5m","verdict":"WAIT","score":47,"price":1.239,"msg":"scanner"}
{"level":30,"time":1775393566155,"pid":17096,"hostname":"DESKTOP-KPAMGTB","module":"binance","symbol":"BTCUSDT","interval":"5m","verdict":"WAIT","score":47,"price":66785.26,"msg":"scanner"}
{"level":30,"time":1775393566217,"pid":17096,"hostname":"DESKTOP-KPAMGTB","module":"binance","symbol":"BTCUSDT","interval":"1h","verdict":"AVOID","score":31,"price":66785.26,"msg":"scanner"}
{"level":30,"time":1775393566229,"pid":17096,"hostname":"DESKTOP-KPAMGTB","module":"binance","symbol":"ETHUSDT","interval":"5m","verdict":"WAIT","score":44,"price":2028.25,"msg":"scanner"}
{"level":30,"time":1775393566430,"pid":17096,"hostname":"DESKTOP-KPAMGTB","module":"binance","symbol":"ETHUSDT","interval":"1h","verdict":"AVOID","score":31,"price":2028.25,"msg":"scanner"}
{"level":30,"time":1775393566610,"pid":17096,"hostname":"DESKTOP-KPAMGTB","module":"binance","symbol":"BNBUSDT","interval":"5m","verdict":"WAIT","score":50,"price":589.96,"msg":"scanner"}
{"level":30,"time":1775393566665,"pid":17096,"hostname":"DESKTOP-KPAMGTB","module":"binance","symbol":"SOLUSDT","interval":"5m","verdict":"WAIT","score":41,"price":78.96,"msg":"scanner"}
{"level":30,"time":1775393566868,"pid":17096,"hostname":"DESKTOP-KPAMGTB","module":"binance","symbol":"XRPUSDT","interval":"5m","verdict":"WAIT","score":50,"price":1.2819,"msg":"scanner"}
{"level":30,"time":1775393567037,"pid":17096,"hostname":"DESKTOP-KPAMGTB","module":"binance","symbol":"BNBUSDT","interval":"1h","verdict":"WAIT","score":38,"price":589.96,"msg":"scanner"}
{"level":30,"time":1775393567052,"pid":17096,"hostname":"DESKTOP-KPAMGTB","module":"binance","symbol":"DOGEUSDT","interval":"5m","verdict":"WAIT","score":41,"price":0.09,"msg":"scanner"}
{"level":30,"time":1775393567235,"pid":17096,"hostname":"DESKTOP-KPAMGTB","module":"binance","symbol":"ADAUSDT","interval":"5m","verdict":"WAIT","score":38,"price":0.2414,"msg":"scanner"}
{"level":30,"time":1775393567583,"pid":17096,"hostname":"DESKTOP-KPAMGTB","module":"binance","symbol":"AVAXUSDT","interval":"5m","verdict":"WAIT","score":38,"price":8.79,"msg":"scanner"}
{"level":30,"time":1775393568065,"pid":17096,"hostname":"DESKTOP-KPAMGTB","module":"binance","symbol":"DOTUSDT","interval":"5m","verdict":"WAIT","score":44,"price":1.222,"msg":"scanner"}
{"level":30,"time":1775393568259,"pid":17096,"hostname":"DESKTOP-KPAMGTB","module":"binance","symbol":"MATICUSDT","interval":"5m","verdict":"WAIT","score":59,"price":0.3794,"msg":"scanner"}
{"level":30,"time":1775393568579,"pid":17096,"hostname":"DESKTOP-KPAMGTB","module":"binance","symbol":"LTCUSDT","interval":"5m","verdict":"WAIT","score":41,"price":52.72,"msg":"scanner"}
{"level":30,"time":1775393568895,"pid":17096,"hostname":"DESKTOP-KPAMGTB","module":"binance","symbol":"SHIBUSDT","interval":"5m","verdict":"WAIT","score":38,"price":0.00000581,"msg":"scanner"}
{"level":30,"time":1775393569274,"pid":17096,"hostname":"DESKTOP-KPAMGTB","module":"binance","symbol":"UNIUSDT","interval":"5m","verdict":"WAIT","score":41,"price":3.07,"msg":"scanner"}
{"level":30,"time":1775393569343,"pid":17096,"hostname":"DESKTOP-KPAMGTB","module":"binance","symbol":"ATOMUSDT","interval":"5m","verdict":"WAIT","score":50,"price":1.679,"msg":"scanner"}
{"level":30,"time":1775393569581,"pid":17096,"hostname":"DESKTOP-KPAMGTB","module":"binance","symbol":"ETCUSDT","interval":"5m","verdict":"WAIT","score":38,"price":8.48,"msg":"scanner"}
{"level":30,"time":1775393569966,"pid":17096,"hostname":"DESKTOP-KPAMGTB","module":"binance","symbol":"APTUSDT","interval":"5m","verdict":"WAIT","score":38,"price":0.832,"msg":"scanner"}
{"level":30,"time":1775393569978,"pid":17096,"hostname":"DESKTOP-KPAMGTB","module":"binance","symbol":"XLMUSDT","interval":"5m","verdict":"WAIT","score":44,"price":0.1579,"msg":"scanner"}
{"level":30,"time":1775393570166,"pid":17096,"hostname":"DESKTOP-KPAMGTB","module":"binance","symbol":"NEARUSDT","interval":"5m","verdict":"WAIT","score":44,"price":1.241,"msg":"scanner"}
{"level":30,"time":1775393596551,"pid":17096,"hostname":"DESKTOP-KPAMGTB","module":"binance","symbol":"ETHUSDT","interval":"5m","verdict":"WAIT","score":44,"price":2028.51,"msg":"scanner"}
{"level":30,"time":1775393596897,"pid":17096,"hostname":"DESKTOP-KPAMGTB","module":"binance","symbol":"BNBUSDT","interval":"5m","verdict":"WAIT","score":50,"price":589.92,"msg":"scanner"}
{"level":30,"time":1775393596990,"pid":17096,"hostname":"DESKTOP-KPAMGTB","module":"binance","symbol":"SOLUSDT","interval":"5m","verdict":"WAIT","score":47,"price":78.98,"msg":"scanner"}
{"level":30,"time":1775393597005,"pid":17096,"hostname":"DESKTOP-KPAMGTB","module":"binance","symbol":"SOLUSDT","interval":"1h","verdict":"WAIT","score":38,"price":78.98,"msg":"scanner"}
{"level":30,"time":1775393597303,"pid":17096,"hostname":"DESKTOP-KPAMGTB","module":"binance","symbol":"XRPUSDT","interval":"5m","verdict":"WAIT","score":50,"price":1.2818,"msg":"scanner"}
{"level":30,"time":1775393597416,"pid":17096,"hostname":"DESKTOP-KPAMGTB","module":"binance","symbol":"DOGEUSDT","interval":"5m","verdict":"WAIT","score":44,"price":0.08998,"msg":"scanner"}
{"level":30,"time":1775393597653,"pid":17096,"hostname":"DESKTOP-KPAMGTB","module":"binance","symbol":"DOGEUSDT","interval":"1h","verdict":"WAIT","score":41,"price":0.08998,"msg":"scanner"}
{"level":30,"time":1775393597663,"pid":17096,"hostname":"DESKTOP-KPAMGTB","module":"binance","symbol":"BTCUSDT","interval":"5m","verdict":"WAIT","score":47,"price":66778.27,"msg":"scanner"}
{"level":30,"time":1775393597751,"pid":17096,"hostname":"DESKTOP-KPAMGTB","module":"binance","symbol":"XRPUSDT","interval":"1h","verdict":"WAIT","score":38,"price":1.2818,"msg":"scanner"}
{"level":30,"time":1775393597799,"pid":17096,"hostname":"DESKTOP-KPAMGTB","module":"binance","symbol":"ADAUSDT","interval":"5m","verdict":"WAIT","score":41,"price":0.2412,"msg":"scanner"}
{"level":30,"time":1775393598024,"pid":17096,"hostname":"DESKTOP-KPAMGTB","module":"binance","symbol":"ADAUSDT","interval":"1h","verdict":"WAIT","score":50,"price":0.2412,"msg":"scanner"}
{"level":30,"time":1775393598166,"pid":17096,"hostname":"DESKTOP-KPAMGTB","module":"binance","symbol":"AVAXUSDT","interval":"5m","verdict":"WAIT","score":41,"price":8.79,"msg":"scanner"}
{"level":30,"time":1775393598291,"pid":17096,"hostname":"DESKTOP-KPAMGTB","module":"binance","symbol":"AVAXUSDT","interval":"1h","verdict":"WAIT","score":44,"price":8.79,"msg":"scanner"}
{"level":30,"time":1775393598584,"pid":17096,"hostname":"DESKTOP-KPAMGTB","module":"binance","symbol":"TRXUSDT","interval":"5m","verdict":"WAIT","score":63,"price":0.3189,"msg":"scanner"}
{"level":30,"time":1775393598610,"pid":17096,"hostname":"DESKTOP-KPAMGTB","module":"binance","symbol":"TRXUSDT","interval":"1h","verdict":"BUY","score":66,"price":0.3189,"msg":"scanner"}
{"level":30,"time":1775393598675,"pid":17096,"hostname":"DESKTOP-KPAMGTB","module":"binance","symbol":"DOTUSDT","interval":"5m","verdict":"WAIT","score":44,"price":1.222,"msg":"scanner"}
{"level":30,"time":1775393598723,"pid":17096,"hostname":"DESKTOP-KPAMGTB","module":"binance","symbol":"DOTUSDT","interval":"1h","verdict":"WAIT","score":44,"price":1.222,"msg":"scanner"}
{"level":30,"time":1775393598949,"pid":17096,"hostname":"DESKTOP-KPAMGTB","module":"binance","symbol":"LINKUSDT","interval":"5m","verdict":"WAIT","score":41,"price":8.5,"msg":"scanner"}
{"level":30,"time":1775393598999,"pid":17096,"hostname":"DESKTOP-KPAMGTB","module":"binance","symbol":"LINKUSDT","interval":"1h","verdict":"AVOID","score":34,"price":8.5,"msg":"scanner"}
{"level":30,"time":1775393599165,"pid":17096,"hostname":"DESKTOP-KPAMGTB","module":"binance","symbol":"MATICUSDT","interval":"1h","verdict":"WAIT","score":47,"price":0.3794,"msg":"scanner"}
{"level":30,"time":1775393599186,"pid":17096,"hostname":"DESKTOP-KPAMGTB","module":"binance","symbol":"MATICUSDT","interval":"5m","verdict":"WAIT","score":59,"price":0.3794,"msg":"scanner"}
{"level":30,"time":1775393599390,"pid":17096,"hostname":"DESKTOP-KPAMGTB","module":"binance","symbol":"LTCUSDT","interval":"5m","verdict":"WAIT","score":41,"price":52.74,"msg":"scanner"}
{"level":30,"time":1775393599515,"pid":17096,"hostname":"DESKTOP-KPAMGTB","module":"binance","symbol":"LTCUSDT","interval":"1h","verdict":"WAIT","score":41,"price":52.74,"msg":"scanner"}
{"level":30,"time":1775393599608,"pid":17096,"hostname":"DESKTOP-KPAMGTB","module":"binance","symbol":"SHIBUSDT","interval":"5m","verdict":"WAIT","score":38,"price":0.00000582,"msg":"scanner"}
{"level":30,"time":1775393599881,"pid":17096,"hostname":"DESKTOP-KPAMGTB","module":"binance","symbol":"UNIUSDT","interval":"5m","verdict":"WAIT","score":41,"price":3.07,"msg":"scanner"}
{"level":30,"time":1775393599936,"pid":17096,"hostname":"DESKTOP-KPAMGTB","module":"binance","symbol":"ATOMUSDT","interval":"5m","verdict":"WAIT","score":50,"price":1.68,"msg":"scanner"}
{"level":30,"time":1775393600094,"pid":17096,"hostname":"DESKTOP-KPAMGTB","module":"binance","symbol":"ETCUSDT","interval":"5m","verdict":"WAIT","score":44,"price":8.49,"msg":"scanner"}
{"level":30,"time":1775393600458,"pid":17096,"hostname":"DESKTOP-KPAMGTB","module":"binance","symbol":"APTUSDT","interval":"5m","verdict":"WAIT","score":38,"price":0.832,"msg":"scanner"}
{"level":30,"time":1775393600622,"pid":17096,"hostname":"DESKTOP-KPAMGTB","module":"binance","symbol":"NEARUSDT","interval":"5m","verdict":"WAIT","score":44,"price":1.241,"msg":"scanner"}
{"level":30,"time":1775393627752,"pid":17096,"hostname":"DESKTOP-KPAMGTB","module":"binance","symbol":"SHIBUSDT","interval":"1h","verdict":"WAIT","score":41,"price":0.00000581,"msg":"scanner"}
{"level":30,"time":1775393627809,"pid":17096,"hostname":"DESKTOP-KPAMGTB","module":"binance","symbol":"UNIUSDT","interval":"1h","verdict":"WAIT","score":47,"price":3.07,"msg":"scanner"}
{"level":30,"time":1775393628242,"pid":17096,"hostname":"DESKTOP-KPAMGTB","module":"binance","symbol":"ATOMUSDT","interval":"1h","verdict":"WAIT","score":38,"price":1.68,"msg":"scanner"}
{"level":30,"time":1775393628406,"pid":17096,"hostname":"DESKTOP-KPAMGTB","module":"binance","symbol":"ETCUSDT","interval":"1h","verdict":"BUY","score":66,"price":8.5,"msg":"scanner"}
{"level":30,"time":1775393628528,"pid":17096,"hostname":"DESKTOP-KPAMGTB","module":"binance","symbol":"XLMUSDT","interval":"5m","verdict":"WAIT","score":44,"price":0.1579,"msg":"scanner"}
{"level":30,"time":1775393628659,"pid":17096,"hostname":"DESKTOP-KPAMGTB","module":"binance","symbol":"XLMUSDT","interval":"1h","verdict":"WAIT","score":44,"price":0.1579,"msg":"scanner"}
{"level":30,"time":1775393628748,"pid":17096,"hostname":"DESKTOP-KPAMGTB","module":"binance","symbol":"APTUSDT","interval":"1h","verdict":"WAIT","score":41,"price":0.833,"msg":"scanner"}
{"level":30,"time":1775393628869,"pid":17096,"hostname":"DESKTOP-KPAMGTB","module":"binance","symbol":"NEARUSDT","interval":"1h","verdict":"WAIT","score":53,"price":1.241,"msg":"scanner"}
{"level":50,"time":1775393648301,"pid":17096,"hostname":"DESKTOP-KPAMGTB","module":"api","source":"orders","code":"NETWORK","err":"fetch failed","msg":"error de ruta"}
{"level":30,"time":1775393656185,"pid":17096,"hostname":"DESKTOP-KPAMGTB","module":"binance","symbol":"ETHUSDT","interval":"5m","verdict":"WAIT","score":44,"price":2028.1,"msg":"scanner"}
{"level":30,"time":1775393656213,"pid":17096,"hostname":"DESKTOP-KPAMGTB","module":"binance","symbol":"BTCUSDT","interval":"5m","verdict":"WAIT","score":50,"price":66774.01,"msg":"scanner"}
{"level":30,"time":1775393656480,"pid":17096,"hostname":"DESKTOP-KPAMGTB","module":"binance","symbol":"BNBUSDT","interval":"5m","verdict":"WAIT","score":50,"price":589.72,"msg":"scanner"}
{"level":30,"time":1775393656589,"pid":17096,"hostname":"DESKTOP-KPAMGTB","module":"binance","symbol":"SOLUSDT","interval":"5m","verdict":"WAIT","score":44,"price":78.96,"msg":"scanner"}
{"level":30,"time":1775393656640,"pid":17096,"hostname":"DESKTOP-KPAMGTB","module":"binance","symbol":"XRPUSDT","interval":"5m","verdict":"WAIT","score":50,"price":1.282,"msg":"scanner"}
{"level":30,"time":1775393657027,"pid":17096,"hostname":"DESKTOP-KPAMGTB","module":"binance","symbol":"DOGEUSDT","interval":"5m","verdict":"WAIT","score":44,"price":0.08997,"msg":"scanner"}
{"level":30,"time":1775393657169,"pid":17096,"hostname":"DESKTOP-KPAMGTB","module":"binance","symbol":"ADAUSDT","interval":"5m","verdict":"AVOID","score":34,"price":0.2411,"msg":"scanner"}
{"level":30,"time":1775393657292,"pid":17096,"hostname":"DESKTOP-KPAMGTB","module":"binance","symbol":"AVAXUSDT","interval":"5m","verdict":"WAIT","score":44,"price":8.78,"msg":"scanner"}
{"level":30,"time":1775393657559,"pid":17096,"hostname":"DESKTOP-KPAMGTB","module":"binance","symbol":"TRXUSDT","interval":"5m","verdict":"WAIT","score":63,"price":0.3188,"msg":"scanner"}
{"level":30,"time":1775393657703,"pid":17096,"hostname":"DESKTOP-KPAMGTB","module":"binance","symbol":"DOTUSDT","interval":"5m","verdict":"WAIT","score":44,"price":1.222,"msg":"scanner"}
{"level":30,"time":1775393657913,"pid":17096,"hostname":"DESKTOP-KPAMGTB","module":"binance","symbol":"LINKUSDT","interval":"5m","verdict":"WAIT","score":41,"price":8.5,"msg":"scanner"}
{"level":30,"time":1775393658165,"pid":17096,"hostname":"DESKTOP-KPAMGTB","module":"binance","symbol":"MATICUSDT","interval":"5m","verdict":"WAIT","score":59,"price":0.3794,"msg":"scanner"}
{"level":30,"time":1775393658196,"pid":17096,"hostname":"DESKTOP-KPAMGTB","module":"binance","symbol":"LTCUSDT","interval":"5m","verdict":"WAIT","score":41,"price":52.72,"msg":"scanner"}
{"level":30,"time":1775393658554,"pid":17096,"hostname":"DESKTOP-KPAMGTB","module":"binance","symbol":"SHIBUSDT","interval":"5m","verdict":"WAIT","score":38,"price":0.00000582,"msg":"scanner"}
{"level":30,"time":1775393658647,"pid":17096,"hostname":"DESKTOP-KPAMGTB","module":"binance","symbol":"UNIUSDT","interval":"5m","verdict":"WAIT","score":47,"price":3.068,"msg":"scanner"}
{"level":30,"time":1775393659037,"pid":17096,"hostname":"DESKTOP-KPAMGTB","module":"binance","symbol":"ATOMUSDT","interval":"5m","verdict":"WAIT","score":47,"price":1.681,"msg":"scanner"}
{"level":30,"time":1775393659170,"pid":17096,"hostname":"DESKTOP-KPAMGTB","module":"binance","symbol":"ETCUSDT","interval":"5m","verdict":"AVOID","score":34,"price":8.46,"msg":"scanner"}
{"level":30,"time":1775393659383,"pid":17096,"hostname":"DESKTOP-KPAMGTB","module":"binance","symbol":"XLMUSDT","interval":"5m","verdict":"WAIT","score":44,"price":0.1579,"msg":"scanner"}
{"level":30,"time":1775393659609,"pid":17096,"hostname":"DESKTOP-KPAMGTB","module":"binance","symbol":"APTUSDT","interval":"5m","verdict":"WAIT","score":38,"price":0.832,"msg":"scanner"}
{"level":30,"time":1775393659769,"pid":17096,"hostname":"DESKTOP-KPAMGTB","module":"binance","symbol":"NEARUSDT","interval":"5m","verdict":"WAIT","score":44,"price":1.241,"msg":"scanner"}
{"level":30,"time":1775393716559,"pid":17096,"hostname":"DESKTOP-KPAMGTB","module":"binance","symbol":"BTCUSDT","interval":"1h","verdict":"AVOID","score":31,"price":66793.41,"msg":"scanner"}
{"level":30,"time":1775393716631,"pid":17096,"hostname":"DESKTOP-KPAMGTB","module":"binance","symbol":"BTCUSDT","interval":"5m","verdict":"WAIT","score":41,"price":66793.41,"msg":"scanner"}
{"level":30,"time":1775393716758,"pid":17096,"hostname":"DESKTOP-KPAMGTB","module":"binance","symbol":"ETHUSDT","interval":"1h","verdict":"AVOID","score":31,"price":2029.41,"msg":"scanner"}
{"level":30,"time":1775393716940,"pid":17096,"hostname":"DESKTOP-KPAMGTB","module":"binance","symbol":"BNBUSDT","interval":"5m","verdict":"WAIT","score":50,"price":589.79,"msg":"scanner"}
{"level":30,"time":1775393716957,"pid":17096,"hostname":"DESKTOP-KPAMGTB","module":"binance","symbol":"BNBUSDT","interval":"1h","verdict":"WAIT","score":38,"price":589.79,"msg":"scanner"}
{"level":30,"time":1775393717025,"pid":17096,"hostname":"DESKTOP-KPAMGTB","module":"binance","symbol":"ETHUSDT","interval":"5m","verdict":"WAIT","score":44,"price":2029.41,"msg":"scanner"}
{"level":30,"time":1775393717121,"pid":17096,"hostname":"DESKTOP-KPAMGTB","module":"binance","symbol":"SOLUSDT","interval":"5m","verdict":"WAIT","score":50,"price":78.99,"msg":"scanner"}
{"level":30,"time":1775393717422,"pid":17096,"hostname":"DESKTOP-KPAMGTB","module":"binance","symbol":"XRPUSDT","interval":"5m","verdict":"WAIT","score":53,"price":1.2822,"msg":"scanner"}
{"level":30,"time":1775393717441,"pid":17096,"hostname":"DESKTOP-KPAMGTB","module":"binance","symbol":"DOGEUSDT","interval":"5m","verdict":"WAIT","score":41,"price":0.09004,"msg":"scanner"}
{"level":30,"time":1775393717626,"pid":17096,"hostname":"DESKTOP-KPAMGTB","module":"binance","symbol":"ADAUSDT","interval":"5m","verdict":"WAIT","score":38,"price":0.2413,"msg":"scanner"}
{"level":30,"time":1775393717959,"pid":17096,"hostname":"DESKTOP-KPAMGTB","module":"binance","symbol":"AVAXUSDT","interval":"5m","verdict":"WAIT","score":38,"price":8.79,"msg":"scanner"}
{"level":30,"time":1775393718123,"pid":17096,"hostname":"DESKTOP-KPAMGTB","module":"binance","symbol":"TRXUSDT","interval":"5m","verdict":"WAIT","score":63,"price":0.3188,"msg":"scanner"}
{"level":30,"time":1775393718428,"pid":17096,"hostname":"DESKTOP-KPAMGTB","module":"binance","symbol":"DOTUSDT","interval":"5m","verdict":"WAIT","score":47,"price":1.222,"msg":"scanner"}
{"level":30,"time":1775393718611,"pid":17096,"hostname":"DESKTOP-KPAMGTB","module":"binance","symbol":"LINKUSDT","interval":"5m","verdict":"WAIT","score":41,"price":8.51,"msg":"scanner"}
{"level":30,"time":1775393718889,"pid":17096,"hostname":"DESKTOP-KPAMGTB","module":"binance","symbol":"MATICUSDT","interval":"5m","verdict":"WAIT","score":59,"price":0.3794,"msg":"scanner"}
{"level":30,"time":1775393718972,"pid":17096,"hostname":"DESKTOP-KPAMGTB","module":"binance","symbol":"LTCUSDT","interval":"5m","verdict":"WAIT","score":41,"price":52.74,"msg":"scanner"}
{"level":30,"time":1775393719086,"pid":17096,"hostname":"DESKTOP-KPAMGTB","module":"binance","symbol":"SHIBUSDT","interval":"5m","verdict":"AVOID","score":34,"price":0.00000581,"msg":"scanner"}
{"level":30,"time":1775393719193,"pid":17096,"hostname":"DESKTOP-KPAMGTB","module":"binance","symbol":"UNIUSDT","interval":"5m","verdict":"WAIT","score":41,"price":3.069,"msg":"scanner"}
{"level":30,"time":1775393719326,"pid":17096,"hostname":"DESKTOP-KPAMGTB","module":"binance","symbol":"ATOMUSDT","interval":"5m","verdict":"WAIT","score":44,"price":1.681,"msg":"scanner"}
{"level":30,"time":1775393719846,"pid":17096,"hostname":"DESKTOP-KPAMGTB","module":"binance","symbol":"ETCUSDT","interval":"5m","verdict":"AVOID","score":34,"price":8.45,"msg":"scanner"}
{"level":30,"time":1775393719880,"pid":17096,"hostname":"DESKTOP-KPAMGTB","module":"binance","symbol":"XLMUSDT","interval":"5m","verdict":"WAIT","score":53,"price":0.1581,"msg":"scanner"}
{"level":30,"time":1775393720041,"pid":17096,"hostname":"DESKTOP-KPAMGTB","module":"binance","symbol":"APTUSDT","interval":"5m","verdict":"WAIT","score":38,"price":0.833,"msg":"scanner"}
{"level":30,"time":1775393720228,"pid":17096,"hostname":"DESKTOP-KPAMGTB","module":"binance","symbol":"NEARUSDT","interval":"5m","verdict":"WAIT","score":41,"price":1.242,"msg":"scanner"}
{"level":30,"time":1775393746570,"pid":17096,"hostname":"DESKTOP-KPAMGTB","module":"binance","symbol":"SOLUSDT","interval":"1h","verdict":"WAIT","score":38,"price":78.98,"msg":"scanner"}
{"level":30,"time":1775393746610,"pid":17096,"hostname":"DESKTOP-KPAMGTB","module":"binance","symbol":"XRPUSDT","interval":"1h","verdict":"WAIT","score":38,"price":1.2826,"msg":"scanner"}
{"level":30,"time":1775393746660,"pid":17096,"hostname":"DESKTOP-KPAMGTB","module":"binance","symbol":"DOGEUSDT","interval":"1h","verdict":"WAIT","score":41,"price":0.09006,"msg":"scanner"}
{"level":30,"time":1775393747096,"pid":17096,"hostname":"DESKTOP-KPAMGTB","module":"binance","symbol":"ADAUSDT","interval":"1h","verdict":"WAIT","score":50,"price":0.2413,"msg":"scanner"}
{"level":30,"time":1775393747175,"pid":17096,"hostname":"DESKTOP-KPAMGTB","module":"binance","symbol":"AVAXUSDT","interval":"1h","verdict":"WAIT","score":38,"price":8.78,"msg":"scanner"}
{"level":30,"time":1775393747437,"pid":17096,"hostname":"DESKTOP-KPAMGTB","module":"binance","symbol":"TRXUSDT","interval":"1h","verdict":"WAIT","score":63,"price":0.3187,"msg":"scanner"}
{"level":30,"time":1775393747691,"pid":17096,"hostname":"DESKTOP-KPAMGTB","module":"binance","symbol":"DOTUSDT","interval":"1h","verdict":"WAIT","score":44,"price":1.223,"msg":"scanner"}
{"level":30,"time":1775393747976,"pid":17096,"hostname":"DESKTOP-KPAMGTB","module":"binance","symbol":"LINKUSDT","interval":"1h","verdict":"AVOID","score":34,"price":8.51,"msg":"scanner"}
{"level":30,"time":1775393748190,"pid":17096,"hostname":"DESKTOP-KPAMGTB","module":"binance","symbol":"MATICUSDT","interval":"1h","verdict":"WAIT","score":47,"price":0.3794,"msg":"scanner"}
{"level":30,"time":1775393748580,"pid":17096,"hostname":"DESKTOP-KPAMGTB","module":"binance","symbol":"SHIBUSDT","interval":"1h","verdict":"WAIT","score":41,"price":0.00000582,"msg":"scanner"}
{"level":30,"time":1775393748631,"pid":17096,"hostname":"DESKTOP-KPAMGTB","module":"binance","symbol":"UNIUSDT","interval":"1h","verdict":"WAIT","score":47,"price":3.071,"msg":"scanner"}
{"level":30,"time":1775393748737,"pid":17096,"hostname":"DESKTOP-KPAMGTB","module":"binance","symbol":"LTCUSDT","interval":"1h","verdict":"WAIT","score":41,"price":52.74,"msg":"scanner"}
{"level":30,"time":1775393748911,"pid":17096,"hostname":"DESKTOP-KPAMGTB","module":"binance","symbol":"ATOMUSDT","interval":"1h","verdict":"WAIT","score":38,"price":1.681,"msg":"scanner"}
{"level":30,"time":1775393748963,"pid":17096,"hostname":"DESKTOP-KPAMGTB","module":"binance","symbol":"ETCUSDT","interval":"1h","verdict":"WAIT","score":63,"price":8.45,"msg":"scanner"}
{"level":30,"time":1775393749110,"pid":17096,"hostname":"DESKTOP-KPAMGTB","module":"binance","symbol":"XLMUSDT","interval":"1h","verdict":"WAIT","score":50,"price":0.1582,"msg":"scanner"}
{"level":30,"time":1775393749330,"pid":17096,"hostname":"DESKTOP-KPAMGTB","module":"binance","symbol":"APTUSDT","interval":"1h","verdict":"WAIT","score":41,"price":0.833,"msg":"scanner"}
{"level":30,"time":1775393749559,"pid":17096,"hostname":"DESKTOP-KPAMGTB","module":"binance","symbol":"NEARUSDT","interval":"1h","verdict":"WAIT","score":56,"price":1.242,"msg":"scanner"}
{"level":30,"time":1775393776297,"pid":17096,"hostname":"DESKTOP-KPAMGTB","module":"binance","symbol":"BTCUSDT","interval":"5m","verdict":"WAIT","score":41,"price":66803.81,"msg":"scanner"}
{"level":30,"time":1775393776315,"pid":17096,"hostname":"DESKTOP-KPAMGTB","module":"binance","symbol":"BTCUSDT","interval":"4h","verdict":"WAIT","score":38,"price":66803.81,"msg":"scanner"}
{"level":30,"time":1775393776329,"pid":17096,"hostname":"DESKTOP-KPAMGTB","module":"binance","symbol":"ETHUSDT","interval":"5m","verdict":"WAIT","score":44,"price":2029.43,"msg":"scanner"}
{"level":30,"time":1775393776619,"pid":17096,"hostname":"DESKTOP-KPAMGTB","module":"binance","symbol":"ETHUSDT","interval":"4h","verdict":"WAIT","score":41,"price":2029.43,"msg":"scanner"}
{"level":30,"time":1775393776655,"pid":17096,"hostname":"DESKTOP-KPAMGTB","module":"binance","symbol":"BNBUSDT","interval":"5m","verdict":"WAIT","score":50,"price":589.85,"msg":"scanner"}
{"level":30,"time":1775393776690,"pid":17096,"hostname":"DESKTOP-KPAMGTB","module":"binance","symbol":"BNBUSDT","interval":"4h","verdict":"WAIT","score":41,"price":589.85,"msg":"scanner"}
{"level":30,"time":1775393776703,"pid":17096,"hostname":"DESKTOP-KPAMGTB","module":"binance","symbol":"SOLUSDT","interval":"5m","verdict":"WAIT","score":50,"price":78.99,"msg":"scanner"}
{"level":30,"time":1775393777014,"pid":17096,"hostname":"DESKTOP-KPAMGTB","module":"binance","symbol":"XRPUSDT","interval":"5m","verdict":"WAIT","score":53,"price":1.2826,"msg":"scanner"}
{"level":30,"time":1775393777027,"pid":17096,"hostname":"DESKTOP-KPAMGTB","module":"binance","symbol":"SOLUSDT","interval":"4h","verdict":"AVOID","score":31,"price":78.99,"msg":"scanner"}
{"level":30,"time":1775393777060,"pid":17096,"hostname":"DESKTOP-KPAMGTB","module":"binance","symbol":"XRPUSDT","interval":"4h","verdict":"WAIT","score":38,"price":1.2826,"msg":"scanner"}
{"level":30,"time":1775393777186,"pid":17096,"hostname":"DESKTOP-KPAMGTB","module":"binance","symbol":"DOGEUSDT","interval":"5m","verdict":"WAIT","score":44,"price":0.09005,"msg":"scanner"}
{"level":30,"time":1775393777421,"pid":17096,"hostname":"DESKTOP-KPAMGTB","module":"binance","symbol":"DOGEUSDT","interval":"4h","verdict":"AVOID","score":34,"price":0.09005,"msg":"scanner"}
{"level":30,"time":1775393777435,"pid":17096,"hostname":"DESKTOP-KPAMGTB","module":"binance","symbol":"ADAUSDT","interval":"5m","verdict":"WAIT","score":38,"price":0.2414,"msg":"scanner"}
{"level":30,"time":1775393777977,"pid":17096,"hostname":"DESKTOP-KPAMGTB","module":"binance","symbol":"AVAXUSDT","interval":"5m","verdict":"WAIT","score":38,"price":8.79,"msg":"scanner"}
{"level":30,"time":1775393778025,"pid":17096,"hostname":"DESKTOP-KPAMGTB","module":"binance","symbol":"TRXUSDT","interval":"5m","verdict":"WAIT","score":63,"price":0.3188,"msg":"scanner"}
{"level":30,"time":1775393778246,"pid":17096,"hostname":"DESKTOP-KPAMGTB","module":"binance","symbol":"DOTUSDT","interval":"5m","verdict":"WAIT","score":44,"price":1.223,"msg":"scanner"}
{"level":30,"time":1775393778465,"pid":17096,"hostname":"DESKTOP-KPAMGTB","module":"binance","symbol":"LINKUSDT","interval":"5m","verdict":"WAIT","score":41,"price":8.51,"msg":"scanner"}
{"level":30,"time":1775393778682,"pid":17096,"hostname":"DESKTOP-KPAMGTB","module":"binance","symbol":"MATICUSDT","interval":"5m","verdict":"WAIT","score":59,"price":0.3794,"msg":"scanner"}
{"level":30,"time":1775393778851,"pid":17096,"hostname":"DESKTOP-KPAMGTB","module":"binance","symbol":"LTCUSDT","interval":"5m","verdict":"WAIT","score":41,"price":52.75,"msg":"scanner"}
{"level":30,"time":1775393779591,"pid":17096,"hostname":"DESKTOP-KPAMGTB","module":"binance","symbol":"UNIUSDT","interval":"5m","verdict":"WAIT","score":41,"price":3.071,"msg":"scanner"}
{"level":30,"time":1775393779612,"pid":17096,"hostname":"DESKTOP-KPAMGTB","module":"binance","symbol":"SHIBUSDT","interval":"5m","verdict":"AVOID","score":34,"price":0.00000581,"msg":"scanner"}
{"level":30,"time":1775393779756,"pid":17096,"hostname":"DESKTOP-KPAMGTB","module":"binance","symbol":"ATOMUSDT","interval":"5m","verdict":"WAIT","score":44,"price":1.681,"msg":"scanner"}
{"level":30,"time":1775393780063,"pid":17096,"hostname":"DESKTOP-KPAMGTB","module":"binance","symbol":"ETCUSDT","interval":"5m","verdict":"AVOID","score":34,"price":8.45,"msg":"scanner"}
{"level":30,"time":1775393780408,"pid":17096,"hostname":"DESKTOP-KPAMGTB","module":"binance","symbol":"XLMUSDT","interval":"5m","verdict":"WAIT","score":50,"price":0.1582,"msg":"scanner"}
{"level":30,"time":1775393780594,"pid":17096,"hostname":"DESKTOP-KPAMGTB","module":"binance","symbol":"APTUSDT","interval":"5m","verdict":"WAIT","score":38,"price":0.833,"msg":"scanner"}
{"level":30,"time":1775393780743,"pid":17096,"hostname":"DESKTOP-KPAMGTB","module":"binance","symbol":"NEARUSDT","interval":"5m","verdict":"WAIT","score":41,"price":1.243,"msg":"scanner"}
{"level":30,"time":1775393807011,"pid":17096,"hostname":"DESKTOP-KPAMGTB","module":"binance","symbol":"ADAUSDT","interval":"4h","verdict":"AVOID","score":31,"price":0.2414,"msg":"scanner"}
{"level":30,"time":1775393807069,"pid":17096,"hostname":"DESKTOP-KPAMGTB","module":"binance","symbol":"AVAXUSDT","interval":"4h","verdict":"AVOID","score":31,"price":8.79,"msg":"scanner"}
{"level":30,"time":1775393807324,"pid":17096,"hostname":"DESKTOP-KPAMGTB","module":"binance","symbol":"TRXUSDT","interval":"4h","verdict":"WAIT","score":56,"price":0.3188,"msg":"scanner"}
{"level":30,"time":1775393807516,"pid":17096,"hostname":"DESKTOP-KPAMGTB","module":"binance","symbol":"DOTUSDT","interval":"4h","verdict":"AVOID","score":34,"price":1.223,"msg":"scanner"}
{"level":30,"time":1775393807618,"pid":17096,"hostname":"DESKTOP-KPAMGTB","module":"binance","symbol":"LINKUSDT","interval":"4h","verdict":"AVOID","score":34,"price":8.51,"msg":"scanner"}
{"level":30,"time":1775393808002,"pid":17096,"hostname":"DESKTOP-KPAMGTB","module":"binance","symbol":"MATICUSDT","interval":"4h","verdict":"WAIT","score":41,"price":0.3794,"msg":"scanner"}
{"level":30,"time":1775393808053,"pid":17096,"hostname":"DESKTOP-KPAMGTB","module":"binance","symbol":"LTCUSDT","interval":"4h","verdict":"WAIT","score":38,"price":52.75,"msg":"scanner"}
{"level":30,"time":1775393808262,"pid":17096,"hostname":"DESKTOP-KPAMGTB","module":"binance","symbol":"SHIBUSDT","interval":"4h","verdict":"WAIT","score":38,"price":0.00000581,"msg":"scanner"}
{"level":30,"time":1775393808460,"pid":17096,"hostname":"DESKTOP-KPAMGTB","module":"binance","symbol":"UNIUSDT","interval":"4h","verdict":"WAIT","score":44,"price":3.071,"msg":"scanner"}
{"level":30,"time":1775393808614,"pid":17096,"hostname":"DESKTOP-KPAMGTB","module":"binance","symbol":"ATOMUSDT","interval":"4h","verdict":"AVOID","score":34,"price":1.681,"msg":"scanner"}
{"level":30,"time":1775393808756,"pid":17096,"hostname":"DESKTOP-KPAMGTB","module":"binance","symbol":"ETCUSDT","interval":"4h","verdict":"WAIT","score":56,"price":8.45,"msg":"scanner"}
{"level":30,"time":1775393808851,"pid":17096,"hostname":"DESKTOP-KPAMGTB","module":"binance","symbol":"XLMUSDT","interval":"4h","verdict":"AVOID","score":34,"price":0.1582,"msg":"scanner"}
{"level":30,"time":1775393809086,"pid":17096,"hostname":"DESKTOP-KPAMGTB","module":"binance","symbol":"APTUSDT","interval":"4h","verdict":"WAIT","score":47,"price":0.833,"msg":"scanner"}
{"level":30,"time":1775393809238,"pid":17096,"hostname":"DESKTOP-KPAMGTB","module":"binance","symbol":"NEARUSDT","interval":"4h","verdict":"WAIT","score":59,"price":1.244,"msg":"scanner"}
{"level":30,"time":1775393836348,"pid":17096,"hostname":"DESKTOP-KPAMGTB","module":"binance","symbol":"ETHUSDT","interval":"5m","verdict":"WAIT","score":44,"price":2029.09,"msg":"scanner"}
{"level":30,"time":1775393836358,"pid":17096,"hostname":"DESKTOP-KPAMGTB","module":"binance","symbol":"BTCUSDT","interval":"5m","verdict":"WAIT","score":41,"price":66780.13,"msg":"scanner"}
{"level":30,"time":1775393836651,"pid":17096,"hostname":"DESKTOP-KPAMGTB","module":"binance","symbol":"BNBUSDT","interval":"5m","verdict":"WAIT","score":50,"price":589.7,"msg":"scanner"}
{"level":30,"time":1775393836717,"pid":17096,"hostname":"DESKTOP-KPAMGTB","module":"binance","symbol":"SOLUSDT","interval":"5m","verdict":"WAIT","score":50,"price":78.99,"msg":"scanner"}
{"level":30,"time":1775393836989,"pid":17096,"hostname":"DESKTOP-KPAMGTB","module":"binance","symbol":"XRPUSDT","interval":"5m","verdict":"WAIT","score":53,"price":1.2823,"msg":"scanner"}
{"level":30,"time":1775393837099,"pid":17096,"hostname":"DESKTOP-KPAMGTB","module":"binance","symbol":"DOGEUSDT","interval":"5m","verdict":"WAIT","score":38,"price":0.09,"msg":"scanner"}
{"level":30,"time":1775393837301,"pid":17096,"hostname":"DESKTOP-KPAMGTB","module":"binance","symbol":"ADAUSDT","interval":"5m","verdict":"WAIT","score":38,"price":0.2413,"msg":"scanner"}
{"level":30,"time":1775393837532,"pid":17096,"hostname":"DESKTOP-KPAMGTB","module":"binance","symbol":"AVAXUSDT","interval":"5m","verdict":"WAIT","score":41,"price":8.78,"msg":"scanner"}
{"level":30,"time":1775393837681,"pid":17096,"hostname":"DESKTOP-KPAMGTB","module":"binance","symbol":"TRXUSDT","interval":"5m","verdict":"WAIT","score":63,"price":0.3188,"msg":"scanner"}
{"level":30,"time":1775393837821,"pid":17096,"hostname":"DESKTOP-KPAMGTB","module":"binance","symbol":"DOTUSDT","interval":"5m","verdict":"WAIT","score":41,"price":1.224,"msg":"scanner"}
{"level":30,"time":1775393838090,"pid":17096,"hostname":"DESKTOP-KPAMGTB","module":"binance","symbol":"LINKUSDT","interval":"5m","verdict":"WAIT","score":41,"price":8.5,"msg":"scanner"}
{"level":30,"time":1775393838419,"pid":17096,"hostname":"DESKTOP-KPAMGTB","module":"binance","symbol":"MATICUSDT","interval":"5m","verdict":"WAIT","score":59,"price":0.3794,"msg":"scanner"}
{"level":30,"time":1775393838736,"pid":17096,"hostname":"DESKTOP-KPAMGTB","module":"binance","symbol":"LTCUSDT","interval":"5m","verdict":"WAIT","score":41,"price":52.75,"msg":"scanner"}
{"level":30,"time":1775393839049,"pid":17096,"hostname":"DESKTOP-KPAMGTB","module":"binance","symbol":"SHIBUSDT","interval":"5m","verdict":"WAIT","score":38,"price":0.00000582,"msg":"scanner"}
{"level":30,"time":1775393839122,"pid":17096,"hostname":"DESKTOP-KPAMGTB","module":"binance","symbol":"UNIUSDT","interval":"5m","verdict":"WAIT","score":41,"price":3.071,"msg":"scanner"}
{"level":30,"time":1775393839218,"pid":17096,"hostname":"DESKTOP-KPAMGTB","module":"binance","symbol":"ATOMUSDT","interval":"5m","verdict":"WAIT","score":44,"price":1.681,"msg":"scanner"}
{"level":30,"time":1775393839471,"pid":17096,"hostname":"DESKTOP-KPAMGTB","module":"binance","symbol":"ETCUSDT","interval":"5m","verdict":"AVOID","score":34,"price":8.45,"msg":"scanner"}
{"level":30,"time":1775393839607,"pid":17096,"hostname":"DESKTOP-KPAMGTB","module":"binance","symbol":"XLMUSDT","interval":"5m","verdict":"WAIT","score":50,"price":0.1582,"msg":"scanner"}
{"level":30,"time":1775393839822,"pid":17096,"hostname":"DESKTOP-KPAMGTB","module":"binance","symbol":"APTUSDT","interval":"5m","verdict":"WAIT","score":38,"price":0.833,"msg":"scanner"}
{"level":30,"time":1775393840034,"pid":17096,"hostname":"DESKTOP-KPAMGTB","module":"binance","symbol":"NEARUSDT","interval":"5m","verdict":"WAIT","score":41,"price":1.243,"msg":"scanner"}
{"level":30,"time":1775393866061,"pid":17096,"hostname":"DESKTOP-KPAMGTB","module":"binance","symbol":"BTCUSDT","interval":"1h","verdict":"AVOID","score":31,"price":66784.79,"msg":"scanner"}
{"level":30,"time":1775393866376,"pid":17096,"hostname":"DESKTOP-KPAMGTB","module":"binance","symbol":"BNBUSDT","interval":"1h","verdict":"WAIT","score":38,"price":589.61,"msg":"scanner"}
{"level":30,"time":1775393866387,"pid":17096,"hostname":"DESKTOP-KPAMGTB","module":"binance","symbol":"ETHUSDT","interval":"1h","verdict":"AVOID","score":31,"price":2029.01,"msg":"scanner"}
{"level":30,"time":1775393867065,"pid":17096,"hostname":"DESKTOP-KPAMGTB","module":"binance","symbol":"DOGEUSDT","interval":"1h","verdict":"WAIT","score":41,"price":0.09,"msg":"scanner"}
{"level":30,"time":1775393867483,"pid":17096,"hostname":"DESKTOP-KPAMGTB","module":"binance","symbol":"ADAUSDT","interval":"1h","verdict":"WAIT","score":50,"price":0.2413,"msg":"scanner"}
{"level":30,"time":1775393867951,"pid":17096,"hostname":"DESKTOP-KPAMGTB","module":"binance","symbol":"TRXUSDT","interval":"1h","verdict":"WAIT","score":63,"price":0.3188,"msg":"scanner"}
{"level":30,"time":1775393868156,"pid":17096,"hostname":"DESKTOP-KPAMGTB","module":"binance","symbol":"DOTUSDT","interval":"1h","verdict":"WAIT","score":44,"price":1.223,"msg":"scanner"}
{"level":30,"time":1775393868171,"pid":17096,"hostname":"DESKTOP-KPAMGTB","module":"binance","symbol":"DOTUSDT","interval":"5m","verdict":"WAIT","score":44,"price":1.223,"msg":"scanner"}
{"level":30,"time":1775393868190,"pid":17096,"hostname":"DESKTOP-KPAMGTB","module":"binance","symbol":"AVAXUSDT","interval":"1h","verdict":"WAIT","score":44,"price":8.79,"msg":"scanner"}
{"level":30,"time":1775393868471,"pid":17096,"hostname":"DESKTOP-KPAMGTB","module":"binance","symbol":"LINKUSDT","interval":"5m","verdict":"WAIT","score":41,"price":8.51,"msg":"scanner"}
{"level":30,"time":1775393868495,"pid":17096,"hostname":"DESKTOP-KPAMGTB","module":"binance","symbol":"LINKUSDT","interval":"1h","verdict":"AVOID","score":34,"price":8.51,"msg":"scanner"}
{"level":30,"time":1775393868575,"pid":17096,"hostname":"DESKTOP-KPAMGTB","module":"binance","symbol":"MATICUSDT","interval":"1h","verdict":"WAIT","score":47,"price":0.3794,"msg":"scanner"}
{"level":30,"time":1775393869091,"pid":17096,"hostname":"DESKTOP-KPAMGTB","module":"binance","symbol":"UNIUSDT","interval":"1h","verdict":"WAIT","score":44,"price":3.072,"msg":"scanner"}
{"level":30,"time":1775393869324,"pid":17096,"hostname":"DESKTOP-KPAMGTB","module":"binance","symbol":"ETCUSDT","interval":"1h","verdict":"WAIT","score":63,"price":8.45,"msg":"scanner"}
{"level":30,"time":1775393869433,"pid":17096,"hostname":"DESKTOP-KPAMGTB","module":"binance","symbol":"SHIBUSDT","interval":"1h","verdict":"WAIT","score":41,"price":0.00000582,"msg":"scanner"}
{"level":30,"time":1775393869508,"pid":17096,"hostname":"DESKTOP-KPAMGTB","module":"binance","symbol":"XLMUSDT","interval":"1h","verdict":"WAIT","score":50,"price":0.1582,"msg":"scanner"}
{"level":30,"time":1775393869733,"pid":17096,"hostname":"DESKTOP-KPAMGTB","module":"binance","symbol":"APTUSDT","interval":"1h","verdict":"WAIT","score":41,"price":0.833,"msg":"scanner"}
{"level":30,"time":1775393869884,"pid":17096,"hostname":"DESKTOP-KPAMGTB","module":"binance","symbol":"NEARUSDT","interval":"1h","verdict":"WAIT","score":53,"price":1.244,"msg":"scanner"}
{"level":30,"time":1775393896544,"pid":17096,"hostname":"DESKTOP-KPAMGTB","module":"binance","symbol":"BTCUSDT","interval":"5m","verdict":"WAIT","score":44,"price":66797.17,"msg":"scanner"}
{"level":30,"time":1775393896557,"pid":17096,"hostname":"DESKTOP-KPAMGTB","module":"binance","symbol":"ETHUSDT","interval":"5m","verdict":"WAIT","score":44,"price":2028.65,"msg":"scanner"}
{"level":30,"time":1775393896780,"pid":17096,"hostname":"DESKTOP-KPAMGTB","module":"binance","symbol":"BNBUSDT","interval":"5m","verdict":"WAIT","score":47,"price":589.6,"msg":"scanner"}
{"level":30,"time":1775393896933,"pid":17096,"hostname":"DESKTOP-KPAMGTB","module":"binance","symbol":"SOLUSDT","interval":"1h","verdict":"WAIT","score":38,"price":78.99,"msg":"scanner"}
{"level":30,"time":1775393896960,"pid":17096,"hostname":"DESKTOP-KPAMGTB","module":"binance","symbol":"SOLUSDT","interval":"5m","verdict":"WAIT","score":50,"price":78.99,"msg":"scanner"}
{"level":30,"time":1775393896985,"pid":17096,"hostname":"DESKTOP-KPAMGTB","module":"binance","symbol":"XRPUSDT","interval":"5m","verdict":"WAIT","score":53,"price":1.2827,"msg":"scanner"}
{"level":30,"time":1775393897132,"pid":17096,"hostname":"DESKTOP-KPAMGTB","module":"binance","symbol":"XRPUSDT","interval":"1h","verdict":"WAIT","score":38,"price":1.2827,"msg":"scanner"}
{"level":30,"time":1775393897389,"pid":17096,"hostname":"DESKTOP-KPAMGTB","module":"binance","symbol":"DOGEUSDT","interval":"5m","verdict":"WAIT","score":38,"price":0.09,"msg":"scanner"}
{"level":30,"time":1775393897493,"pid":17096,"hostname":"DESKTOP-KPAMGTB","module":"binance","symbol":"ADAUSDT","interval":"5m","verdict":"WAIT","score":38,"price":0.2413,"msg":"scanner"}
{"level":30,"time":1775393897593,"pid":17096,"hostname":"DESKTOP-KPAMGTB","module":"binance","symbol":"AVAXUSDT","interval":"5m","verdict":"WAIT","score":38,"price":8.79,"msg":"scanner"}
{"level":30,"time":1775393897864,"pid":17096,"hostname":"DESKTOP-KPAMGTB","module":"binance","symbol":"TRXUSDT","interval":"5m","verdict":"WAIT","score":63,"price":0.3189,"msg":"scanner"}
{"level":30,"time":1775393898374,"pid":17096,"hostname":"DESKTOP-KPAMGTB","module":"binance","symbol":"MATICUSDT","interval":"5m","verdict":"WAIT","score":59,"price":0.3794,"msg":"scanner"}
{"level":30,"time":1775393898617,"pid":17096,"hostname":"DESKTOP-KPAMGTB","module":"binance","symbol":"LTCUSDT","interval":"5m","verdict":"WAIT","score":41,"price":52.75,"msg":"scanner"}
{"level":30,"time":1775393898732,"pid":17096,"hostname":"DESKTOP-KPAMGTB","module":"binance","symbol":"LTCUSDT","interval":"1h","verdict":"WAIT","score":41,"price":52.75,"msg":"scanner"}
{"level":30,"time":1775393898750,"pid":17096,"hostname":"DESKTOP-KPAMGTB","module":"binance","symbol":"SHIBUSDT","interval":"5m","verdict":"AVOID","score":34,"price":0.00000581,"msg":"scanner"}
{"level":30,"time":1775393898901,"pid":17096,"hostname":"DESKTOP-KPAMGTB","module":"binance","symbol":"UNIUSDT","interval":"5m","verdict":"WAIT","score":41,"price":3.072,"msg":"scanner"}
{"level":30,"time":1775393899330,"pid":17096,"hostname":"DESKTOP-KPAMGTB","module":"binance","symbol":"ATOMUSDT","interval":"5m","verdict":"WAIT","score":41,"price":1.681,"msg":"scanner"}
{"level":30,"time":1775393899499,"pid":17096,"hostname":"DESKTOP-KPAMGTB","module":"binance","symbol":"ATOMUSDT","interval":"1h","verdict":"WAIT","score":38,"price":1.681,"msg":"scanner"}
{"level":30,"time":1775393899558,"pid":17096,"hostname":"DESKTOP-KPAMGTB","module":"binance","symbol":"ETCUSDT","interval":"5m","verdict":"AVOID","score":34,"price":8.44,"msg":"scanner"}
{"level":30,"time":1775393899843,"pid":17096,"hostname":"DESKTOP-KPAMGTB","module":"binance","symbol":"XLMUSDT","interval":"5m","verdict":"WAIT","score":50,"price":0.1582,"msg":"scanner"}
{"level":30,"time":1775393899948,"pid":17096,"hostname":"DESKTOP-KPAMGTB","module":"binance","symbol":"APTUSDT","interval":"5m","verdict":"WAIT","score":44,"price":0.834,"msg":"scanner"}
{"level":30,"time":1775393900061,"pid":17096,"hostname":"DESKTOP-KPAMGTB","module":"binance","symbol":"NEARUSDT","interval":"5m","verdict":"WAIT","score":47,"price":1.244,"msg":"scanner"}
{"level":30,"time":1775393927915,"pid":17096,"hostname":"DESKTOP-KPAMGTB","module":"binance","symbol":"DOTUSDT","interval":"5m","verdict":"WAIT","score":44,"price":1.223,"msg":"scanner"}
{"level":30,"time":1775393928019,"pid":17096,"hostname":"DESKTOP-KPAMGTB","module":"binance","symbol":"LINKUSDT","interval":"5m","verdict":"WAIT","score":41,"price":8.5,"msg":"scanner"}
{"level":30,"time":1775393956924,"pid":17096,"hostname":"DESKTOP-KPAMGTB","module":"binance","symbol":"BTCUSDT","interval":"5m","verdict":"WAIT","score":44,"price":66783.6,"msg":"scanner"}
{"level":30,"time":1775393956947,"pid":17096,"hostname":"DESKTOP-KPAMGTB","module":"binance","symbol":"ETHUSDT","interval":"5m","verdict":"WAIT","score":44,"price":2028.36,"msg":"scanner"}
{"level":30,"time":1775393957181,"pid":17096,"hostname":"DESKTOP-KPAMGTB","module":"binance","symbol":"BNBUSDT","interval":"5m","verdict":"WAIT","score":47,"price":589.58,"msg":"scanner"}
{"level":30,"time":1775393957366,"pid":17096,"hostname":"DESKTOP-KPAMGTB","module":"binance","symbol":"XRPUSDT","interval":"5m","verdict":"WAIT","score":53,"price":1.2825,"msg":"scanner"}
{"level":30,"time":1775393957393,"pid":17096,"hostname":"DESKTOP-KPAMGTB","module":"binance","symbol":"SOLUSDT","interval":"5m","verdict":"WAIT","score":47,"price":78.98,"msg":"scanner"}
{"level":30,"time":1775393957564,"pid":17096,"hostname":"DESKTOP-KPAMGTB","module":"binance","symbol":"DOGEUSDT","interval":"5m","verdict":"WAIT","score":38,"price":0.09,"msg":"scanner"}
{"level":30,"time":1775393957744,"pid":17096,"hostname":"DESKTOP-KPAMGTB","module":"binance","symbol":"ADAUSDT","interval":"5m","verdict":"WAIT","score":38,"price":0.2414,"msg":"scanner"}
{"level":30,"time":1775393958120,"pid":17096,"hostname":"DESKTOP-KPAMGTB","module":"binance","symbol":"AVAXUSDT","interval":"5m","verdict":"WAIT","score":41,"price":8.78,"msg":"scanner"}
{"level":30,"time":1775393958318,"pid":17096,"hostname":"DESKTOP-KPAMGTB","module":"binance","symbol":"TRXUSDT","interval":"5m","verdict":"WAIT","score":63,"price":0.3188,"msg":"scanner"}
{"level":30,"time":1775393958399,"pid":17096,"hostname":"DESKTOP-KPAMGTB","module":"binance","symbol":"DOTUSDT","interval":"5m","verdict":"WAIT","score":44,"price":1.223,"msg":"scanner"}
{"level":30,"time":1775393958740,"pid":17096,"hostname":"DESKTOP-KPAMGTB","module":"binance","symbol":"LINKUSDT","interval":"5m","verdict":"WAIT","score":41,"price":8.5,"msg":"scanner"}
{"level":30,"time":1775393958844,"pid":17096,"hostname":"DESKTOP-KPAMGTB","module":"binance","symbol":"MATICUSDT","interval":"5m","verdict":"WAIT","score":59,"price":0.3794,"msg":"scanner"}
{"level":30,"time":1775393959114,"pid":17096,"hostname":"DESKTOP-KPAMGTB","module":"binance","symbol":"LTCUSDT","interval":"5m","verdict":"WAIT","score":41,"price":52.75,"msg":"scanner"}
{"level":30,"time":1775393959414,"pid":17096,"hostname":"DESKTOP-KPAMGTB","module":"binance","symbol":"SHIBUSDT","interval":"5m","verdict":"WAIT","score":38,"price":0.00000582,"msg":"scanner"}
{"level":30,"time":1775393959675,"pid":17096,"hostname":"DESKTOP-KPAMGTB","module":"binance","symbol":"UNIUSDT","interval":"5m","verdict":"WAIT","score":41,"price":3.072,"msg":"scanner"}
{"level":30,"time":1775393959743,"pid":17096,"hostname":"DESKTOP-KPAMGTB","module":"binance","symbol":"ATOMUSDT","interval":"5m","verdict":"WAIT","score":41,"price":1.681,"msg":"scanner"}
{"level":30,"time":1775393959873,"pid":17096,"hostname":"DESKTOP-KPAMGTB","module":"binance","symbol":"ETCUSDT","interval":"5m","verdict":"AVOID","score":34,"price":8.45,"msg":"scanner"}
{"level":30,"time":1775393960023,"pid":17096,"hostname":"DESKTOP-KPAMGTB","module":"binance","symbol":"XLMUSDT","interval":"5m","verdict":"WAIT","score":50,"price":0.1582,"msg":"scanner"}
{"level":30,"time":1775393960225,"pid":17096,"hostname":"DESKTOP-KPAMGTB","module":"binance","symbol":"APTUSDT","interval":"5m","verdict":"WAIT","score":38,"price":0.833,"msg":"scanner"}
{"level":30,"time":1775393960448,"pid":17096,"hostname":"DESKTOP-KPAMGTB","module":"binance","symbol":"NEARUSDT","interval":"5m","verdict":"WAIT","score":47,"price":1.244,"msg":"scanner"}
{"level":30,"time":1775393987078,"pid":17096,"hostname":"DESKTOP-KPAMGTB","module":"binance","symbol":"BTCUSDT","interval":"1h","verdict":"AVOID","score":31,"price":66783.59,"msg":"scanner"}
{"level":30,"time":1775393987250,"pid":17096,"hostname":"DESKTOP-KPAMGTB","module":"binance","symbol":"ETHUSDT","interval":"1h","verdict":"AVOID","score":31,"price":2028.63,"msg":"scanner"}
{"level":30,"time":1775393987305,"pid":17096,"hostname":"DESKTOP-KPAMGTB","module":"binance","symbol":"BNBUSDT","interval":"1h","verdict":"WAIT","score":38,"price":589.57,"msg":"scanner"}
{"level":30,"time":1775393987670,"pid":17096,"hostname":"DESKTOP-KPAMGTB","module":"binance","symbol":"DOGEUSDT","interval":"1h","verdict":"WAIT","score":41,"price":0.09002,"msg":"scanner"}
{"level":30,"time":1775393987888,"pid":17096,"hostname":"DESKTOP-KPAMGTB","module":"binance","symbol":"ADAUSDT","interval":"1h","verdict":"WAIT","score":50,"price":0.2413,"msg":"scanner"}
{"level":30,"time":1775393988257,"pid":17096,"hostname":"DESKTOP-KPAMGTB","module":"binance","symbol":"TRXUSDT","interval":"1h","verdict":"WAIT","score":63,"price":0.3187,"msg":"scanner"}
{"level":30,"time":1775394001983,"pid":17096,"hostname":"DESKTOP-KPAMGTB","module":"telegram","msg":"informe horari enviat"}
{"level":30,"time":1775394016994,"pid":17096,"hostname":"DESKTOP-KPAMGTB","module":"binance","symbol":"BTCUSDT","interval":"5m","verdict":"WAIT","score":41,"price":66783.59,"msg":"scanner"}
{"level":30,"time":1775394017036,"pid":17096,"hostname":"DESKTOP-KPAMGTB","module":"binance","symbol":"ETHUSDT","interval":"5m","verdict":"WAIT","score":44,"price":2028.52,"msg":"scanner"}
{"level":30,"time":1775394017307,"pid":17096,"hostname":"DESKTOP-KPAMGTB","module":"binance","symbol":"SOLUSDT","interval":"5m","verdict":"WAIT","score":50,"price":79.04,"msg":"scanner"}
{"level":30,"time":1775394017399,"pid":17096,"hostname":"DESKTOP-KPAMGTB","module":"binance","symbol":"SOLUSDT","interval":"1h","verdict":"WAIT","score":44,"price":79.04,"msg":"scanner"}
{"level":30,"time":1775394017455,"pid":17096,"hostname":"DESKTOP-KPAMGTB","module":"binance","symbol":"XRPUSDT","interval":"5m","verdict":"WAIT","score":53,"price":1.2829,"msg":"scanner"}
{"level":30,"time":1775394017507,"pid":17096,"hostname":"DESKTOP-KPAMGTB","module":"binance","symbol":"BNBUSDT","interval":"5m","verdict":"WAIT","score":50,"price":589.52,"msg":"scanner"}
{"level":30,"time":1775394017605,"pid":17096,"hostname":"DESKTOP-KPAMGTB","module":"binance","symbol":"XRPUSDT","interval":"1h","verdict":"WAIT","score":38,"price":1.2829,"msg":"scanner"}
{"level":30,"time":1775394017891,"pid":17096,"hostname":"DESKTOP-KPAMGTB","module":"binance","symbol":"DOGEUSDT","interval":"5m","verdict":"WAIT","score":41,"price":0.09001,"msg":"scanner"}
{"level":30,"time":1775394018081,"pid":17096,"hostname":"DESKTOP-KPAMGTB","module":"binance","symbol":"ADAUSDT","interval":"5m","verdict":"WAIT","score":41,"price":0.2412,"msg":"scanner"}
{"level":30,"time":1775394018169,"pid":17096,"hostname":"DESKTOP-KPAMGTB","module":"binance","symbol":"AVAXUSDT","interval":"5m","verdict":"WAIT","score":38,"price":8.79,"msg":"scanner"}
{"level":30,"time":1775394018255,"pid":17096,"hostname":"DESKTOP-KPAMGTB","module":"binance","symbol":"AVAXUSDT","interval":"1h","verdict":"WAIT","score":50,"price":8.79,"msg":"scanner"}
{"level":30,"time":1775394018505,"pid":17096,"hostname":"DESKTOP-KPAMGTB","module":"binance","symbol":"TRXUSDT","interval":"5m","verdict":"WAIT","score":63,"price":0.3187,"msg":"scanner"}
{"level":30,"time":1775394018818,"pid":17096,"hostname":"DESKTOP-KPAMGTB","module":"binance","symbol":"DOTUSDT","interval":"1h","verdict":"WAIT","score":50,"price":1.224,"msg":"scanner"}
{"level":30,"time":1775394018886,"pid":17096,"hostname":"DESKTOP-KPAMGTB","module":"binance","symbol":"LINKUSDT","interval":"5m","verdict":"WAIT","score":41,"price":8.51,"msg":"scanner"}
{"level":30,"time":1775394018918,"pid":17096,"hostname":"DESKTOP-KPAMGTB","module":"binance","symbol":"LINKUSDT","interval":"1h","verdict":"WAIT","score":44,"price":8.51,"msg":"scanner"}
{"level":30,"time":1775394018935,"pid":17096,"hostname":"DESKTOP-KPAMGTB","module":"binance","symbol":"DOTUSDT","interval":"5m","verdict":"WAIT","score":41,"price":1.224,"msg":"scanner"}
{"level":30,"time":1775394019148,"pid":17096,"hostname":"DESKTOP-KPAMGTB","module":"binance","symbol":"MATICUSDT","interval":"5m","verdict":"WAIT","score":59,"price":0.3794,"msg":"scanner"}
{"level":30,"time":1775394019212,"pid":17096,"hostname":"DESKTOP-KPAMGTB","module":"binance","symbol":"MATICUSDT","interval":"1h","verdict":"WAIT","score":47,"price":0.3794,"msg":"scanner"}
{"level":30,"time":1775394019283,"pid":17096,"hostname":"DESKTOP-KPAMGTB","module":"binance","symbol":"LTCUSDT","interval":"5m","verdict":"WAIT","score":41,"price":52.73,"msg":"scanner"}
{"level":30,"time":1775394019293,"pid":17096,"hostname":"DESKTOP-KPAMGTB","module":"binance","symbol":"LTCUSDT","interval":"1h","verdict":"WAIT","score":44,"price":52.73,"msg":"scanner"}
{"level":30,"time":1775394019515,"pid":17096,"hostname":"DESKTOP-KPAMGTB","module":"binance","symbol":"SHIBUSDT","interval":"5m","verdict":"AVOID","score":31,"price":0.00000581,"msg":"scanner"}
{"level":30,"time":1775394019536,"pid":17096,"hostname":"DESKTOP-KPAMGTB","module":"binance","symbol":"SHIBUSDT","interval":"1h","verdict":"WAIT","score":44,"price":0.00000581,"msg":"scanner"}
{"level":30,"time":1775394019655,"pid":17096,"hostname":"DESKTOP-KPAMGTB","module":"binance","symbol":"UNIUSDT","interval":"5m","verdict":"WAIT","score":41,"price":3.071,"msg":"scanner"}
{"level":30,"time":1775394019667,"pid":17096,"hostname":"DESKTOP-KPAMGTB","module":"binance","symbol":"UNIUSDT","interval":"1h","verdict":"WAIT","score":50,"price":3.071,"msg":"scanner"}
{"level":30,"time":1775394019865,"pid":17096,"hostname":"DESKTOP-KPAMGTB","module":"binance","symbol":"ATOMUSDT","interval":"5m","verdict":"WAIT","score":44,"price":1.681,"msg":"scanner"}
{"level":30,"time":1775394019920,"pid":17096,"hostname":"DESKTOP-KPAMGTB","module":"binance","symbol":"ATOMUSDT","interval":"1h","verdict":"WAIT","score":44,"price":1.681,"msg":"scanner"}
{"level":30,"time":1775394020159,"pid":17096,"hostname":"DESKTOP-KPAMGTB","module":"binance","symbol":"ETCUSDT","interval":"5m","verdict":"WAIT","score":44,"price":8.45,"msg":"scanner"}
{"level":30,"time":1775394020404,"pid":17096,"hostname":"DESKTOP-KPAMGTB","module":"binance","symbol":"XLMUSDT","interval":"5m","verdict":"WAIT","score":44,"price":0.1582,"msg":"scanner"}
{"level":30,"time":1775394020414,"pid":17096,"hostname":"DESKTOP-KPAMGTB","module":"binance","symbol":"XLMUSDT","interval":"1h","verdict":"WAIT","score":47,"price":0.1582,"msg":"scanner"}
{"level":30,"time":1775394020632,"pid":17096,"hostname":"DESKTOP-KPAMGTB","module":"binance","symbol":"APTUSDT","interval":"5m","verdict":"WAIT","score":50,"price":0.835,"msg":"scanner"}
{"level":30,"time":1775394020687,"pid":17096,"hostname":"DESKTOP-KPAMGTB","module":"binance","symbol":"APTUSDT","interval":"1h","verdict":"WAIT","score":41,"price":0.835,"msg":"scanner"}
{"level":30,"time":1775394020767,"pid":17096,"hostname":"DESKTOP-KPAMGTB","module":"binance","symbol":"NEARUSDT","interval":"5m","verdict":"WAIT","score":38,"price":1.243,"msg":"scanner"}
{"level":30,"time":1775394020879,"pid":17096,"hostname":"DESKTOP-KPAMGTB","module":"binance","symbol":"ETCUSDT","interval":"1h","verdict":"WAIT","score":56,"price":8.45,"msg":"scanner"}
{"level":30,"time":1775394020940,"pid":17096,"hostname":"DESKTOP-KPAMGTB","module":"binance","symbol":"NEARUSDT","interval":"1h","verdict":"WAIT","score":53,"price":1.243,"msg":"scanner"}
{"level":30,"time":1775394047600,"pid":17096,"hostname":"DESKTOP-KPAMGTB","module":"binance","symbol":"BTCUSDT","interval":"5m","verdict":"WAIT","score":44,"price":66790.08,"msg":"scanner"}
{"level":30,"time":1775394047610,"pid":17096,"hostname":"DESKTOP-KPAMGTB","module":"binance","symbol":"ETHUSDT","interval":"5m","verdict":"WAIT","score":44,"price":2028.6,"msg":"scanner"}
{"level":30,"time":1775394047782,"pid":17096,"hostname":"DESKTOP-KPAMGTB","module":"binance","symbol":"BNBUSDT","interval":"5m","verdict":"WAIT","score":50,"price":589.41,"msg":"scanner"}
{"level":30,"time":1775394047928,"pid":17096,"hostname":"DESKTOP-KPAMGTB","module":"binance","symbol":"SOLUSDT","interval":"5m","verdict":"WAIT","score":50,"price":79.04,"msg":"scanner"}
{"level":30,"time":1775394048046,"pid":17096,"hostname":"DESKTOP-KPAMGTB","module":"binance","symbol":"XRPUSDT","interval":"5m","verdict":"WAIT","score":53,"price":1.2825,"msg":"scanner"}
{"level":30,"time":1775394048168,"pid":17096,"hostname":"DESKTOP-KPAMGTB","module":"binance","symbol":"DOGEUSDT","interval":"5m","verdict":"WAIT","score":41,"price":0.08997,"msg":"scanner"}
{"level":30,"time":1775394048481,"pid":17096,"hostname":"DESKTOP-KPAMGTB","module":"binance","symbol":"ADAUSDT","interval":"5m","verdict":"WAIT","score":41,"price":0.2412,"msg":"scanner"}
{"level":30,"time":1775394048616,"pid":17096,"hostname":"DESKTOP-KPAMGTB","module":"binance","symbol":"AVAXUSDT","interval":"5m","verdict":"WAIT","score":41,"price":8.78,"msg":"scanner"}
{"level":30,"time":1775394077639,"pid":17096,"hostname":"DESKTOP-KPAMGTB","module":"binance","symbol":"BTCUSDT","interval":"4h","verdict":"WAIT","score":38,"price":66802.63,"msg":"scanner"}
{"level":30,"time":1775394077909,"pid":17096,"hostname":"DESKTOP-KPAMGTB","module":"binance","symbol":"ETHUSDT","interval":"4h","verdict":"WAIT","score":41,"price":2028.67,"msg":"scanner"}
{"level":30,"time":1775394077965,"pid":17096,"hostname":"DESKTOP-KPAMGTB","module":"binance","symbol":"BNBUSDT","interval":"4h","verdict":"WAIT","score":41,"price":589.41,"msg":"scanner"}
{"level":30,"time":1775394078086,"pid":17096,"hostname":"DESKTOP-KPAMGTB","module":"binance","symbol":"SOLUSDT","interval":"4h","verdict":"AVOID","score":31,"price":79.05,"msg":"scanner"}
{"level":30,"time":1775394078227,"pid":17096,"hostname":"DESKTOP-KPAMGTB","module":"binance","symbol":"XRPUSDT","interval":"4h","verdict":"WAIT","score":38,"price":1.2827,"msg":"scanner"}
{"level":30,"time":1775394078327,"pid":17096,"hostname":"DESKTOP-KPAMGTB","module":"binance","symbol":"DOGEUSDT","interval":"4h","verdict":"AVOID","score":34,"price":0.08998,"msg":"scanner"}
{"level":30,"time":1775394078713,"pid":17096,"hostname":"DESKTOP-KPAMGTB","module":"binance","symbol":"TRXUSDT","interval":"5m","verdict":"WAIT","score":63,"price":0.3189,"msg":"scanner"}
{"level":30,"time":1775394078924,"pid":17096,"hostname":"DESKTOP-KPAMGTB","module":"binance","symbol":"DOTUSDT","interval":"5m","verdict":"WAIT","score":44,"price":1.223,"msg":"scanner"}
{"level":30,"time":1775394079187,"pid":17096,"hostname":"DESKTOP-KPAMGTB","module":"binance","symbol":"LINKUSDT","interval":"5m","verdict":"WAIT","score":41,"price":8.5,"msg":"scanner"}
{"level":30,"time":1775394079251,"pid":17096,"hostname":"DESKTOP-KPAMGTB","module":"binance","symbol":"MATICUSDT","interval":"5m","verdict":"WAIT","score":59,"price":0.3794,"msg":"scanner"}
{"level":30,"time":1775394079495,"pid":17096,"hostname":"DESKTOP-KPAMGTB","module":"binance","symbol":"LTCUSDT","interval":"5m","verdict":"WAIT","score":41,"price":52.74,"msg":"scanner"}
{"level":30,"time":1775394079961,"pid":17096,"hostname":"DESKTOP-KPAMGTB","module":"binance","symbol":"SHIBUSDT","interval":"5m","verdict":"AVOID","score":31,"price":0.00000581,"msg":"scanner"}
{"level":30,"time":1775394080199,"pid":17096,"hostname":"DESKTOP-KPAMGTB","module":"binance","symbol":"UNIUSDT","interval":"5m","verdict":"WAIT","score":41,"price":3.072,"msg":"scanner"}
{"level":30,"time":1775394080290,"pid":17096,"hostname":"DESKTOP-KPAMGTB","module":"binance","symbol":"ATOMUSDT","interval":"5m","verdict":"WAIT","score":44,"price":1.681,"msg":"scanner"}
{"level":30,"time":1775394080483,"pid":17096,"hostname":"DESKTOP-KPAMGTB","module":"binance","symbol":"ETCUSDT","interval":"5m","verdict":"WAIT","score":38,"price":8.44,"msg":"scanner"}
{"level":30,"time":1775394080620,"pid":17096,"hostname":"DESKTOP-KPAMGTB","module":"binance","symbol":"XLMUSDT","interval":"5m","verdict":"WAIT","score":44,"price":0.158,"msg":"scanner"}
{"level":30,"time":1775394080773,"pid":17096,"hostname":"DESKTOP-KPAMGTB","module":"binance","symbol":"APTUSDT","interval":"5m","verdict":"WAIT","score":50,"price":0.835,"msg":"scanner"}
{"level":30,"time":1775394080903,"pid":17096,"hostname":"DESKTOP-KPAMGTB","module":"binance","symbol":"NEARUSDT","interval":"5m","verdict":"WAIT","score":44,"price":1.244,"msg":"scanner"}
{"level":30,"time":1775394107546,"pid":17096,"hostname":"DESKTOP-KPAMGTB","module":"binance","symbol":"BTCUSDT","interval":"5m","verdict":"WAIT","score":44,"price":66795.94,"msg":"scanner"}
{"level":30,"time":1775394107552,"pid":17096,"hostname":"DESKTOP-KPAMGTB","module":"binance","symbol":"BTCUSDT","interval":"1h","verdict":"AVOID","score":34,"price":66795.94,"msg":"scanner"}
{"level":30,"time":1775394107575,"pid":17096,"hostname":"DESKTOP-KPAMGTB","module":"binance","symbol":"ETHUSDT","interval":"5m","verdict":"WAIT","score":44,"price":2028.9,"msg":"scanner"}
{"level":30,"time":1775394107776,"pid":17096,"hostname":"DESKTOP-KPAMGTB","module":"binance","symbol":"ETHUSDT","interval":"1h","verdict":"AVOID","score":34,"price":2028.9,"msg":"scanner"}
{"level":30,"time":1775394107884,"pid":17096,"hostname":"DESKTOP-KPAMGTB","module":"binance","symbol":"BNBUSDT","interval":"5m","verdict":"WAIT","score":50,"price":589.26,"msg":"scanner"}
{"level":30,"time":1775394107902,"pid":17096,"hostname":"DESKTOP-KPAMGTB","module":"binance","symbol":"BNBUSDT","interval":"1h","verdict":"AVOID","score":34,"price":589.26,"msg":"scanner"}
{"level":30,"time":1775394107936,"pid":17096,"hostname":"DESKTOP-KPAMGTB","module":"binance","symbol":"SOLUSDT","interval":"5m","verdict":"WAIT","score":47,"price":79.06,"msg":"scanner"}
{"level":30,"time":1775394108183,"pid":17096,"hostname":"DESKTOP-KPAMGTB","module":"binance","symbol":"XRPUSDT","interval":"5m","verdict":"WAIT","score":53,"price":1.283,"msg":"scanner"}
{"level":30,"time":1775394108262,"pid":17096,"hostname":"DESKTOP-KPAMGTB","module":"binance","symbol":"DOGEUSDT","interval":"5m","verdict":"WAIT","score":41,"price":0.08998,"msg":"scanner"}
{"level":30,"time":1775394108274,"pid":17096,"hostname":"DESKTOP-KPAMGTB","module":"binance","symbol":"DOGEUSDT","interval":"1h","verdict":"WAIT","score":44,"price":0.08998,"msg":"scanner"}
{"level":30,"time":1775394108424,"pid":17096,"hostname":"DESKTOP-KPAMGTB","module":"binance","symbol":"ADAUSDT","interval":"5m","verdict":"WAIT","score":41,"price":0.2412,"msg":"scanner"}
{"level":30,"time":1775394108568,"pid":17096,"hostname":"DESKTOP-KPAMGTB","module":"binance","symbol":"ADAUSDT","interval":"1h","verdict":"WAIT","score":50,"price":0.2412,"msg":"scanner"}
{"level":30,"time":1775394108597,"pid":17096,"hostname":"DESKTOP-KPAMGTB","module":"binance","symbol":"ADAUSDT","interval":"4h","verdict":"AVOID","score":34,"price":0.2412,"msg":"scanner"}
{"level":30,"time":1775394108612,"pid":17096,"hostname":"DESKTOP-KPAMGTB","module":"binance","symbol":"AVAXUSDT","interval":"5m","verdict":"WAIT","score":38,"price":8.79,"msg":"scanner"}
{"level":30,"time":1775394109034,"pid":17096,"hostname":"DESKTOP-KPAMGTB","module":"binance","symbol":"TRXUSDT","interval":"1h","verdict":"WAIT","score":63,"price":0.3189,"msg":"scanner"}
{"level":30,"time":1775394109056,"pid":17096,"hostname":"DESKTOP-KPAMGTB","module":"binance","symbol":"TRXUSDT","interval":"4h","verdict":"WAIT","score":56,"price":0.3189,"msg":"scanner"}
{"level":30,"time":1775394109347,"pid":17096,"hostname":"DESKTOP-KPAMGTB","module":"binance","symbol":"AVAXUSDT","interval":"4h","verdict":"AVOID","score":31,"price":8.79,"msg":"scanner"}
{"level":30,"time":1775394109497,"pid":17096,"hostname":"DESKTOP-KPAMGTB","module":"binance","symbol":"DOTUSDT","interval":"4h","verdict":"AVOID","score":34,"price":1.223,"msg":"scanner"}
{"level":30,"time":1775394109507,"pid":17096,"hostname":"DESKTOP-KPAMGTB","module":"binance","symbol":"LINKUSDT","interval":"5m","verdict":"WAIT","score":41,"price":8.5,"msg":"scanner"}
{"level":30,"time":1775394109638,"pid":17096,"hostname":"DESKTOP-KPAMGTB","module":"binance","symbol":"LINKUSDT","interval":"4h","verdict":"AVOID","score":34,"price":8.5,"msg":"scanner"}
{"level":30,"time":1775394109669,"pid":17096,"hostname":"DESKTOP-KPAMGTB","module":"binance","symbol":"MATICUSDT","interval":"5m","verdict":"WAIT","score":59,"price":0.3794,"msg":"scanner"}
{"level":30,"time":1775394109808,"pid":17096,"hostname":"DESKTOP-KPAMGTB","module":"binance","symbol":"MATICUSDT","interval":"4h","verdict":"WAIT","score":41,"price":0.3794,"msg":"scanner"}
{"level":30,"time":1775394109948,"pid":17096,"hostname":"DESKTOP-KPAMGTB","module":"binance","symbol":"LTCUSDT","interval":"5m","verdict":"WAIT","score":38,"price":52.76,"msg":"scanner"}
{"level":30,"time":1775394110093,"pid":17096,"hostname":"DESKTOP-KPAMGTB","module":"binance","symbol":"LTCUSDT","interval":"4h","verdict":"WAIT","score":38,"price":52.76,"msg":"scanner"}
{"level":30,"time":1775394110231,"pid":17096,"hostname":"DESKTOP-KPAMGTB","module":"binance","symbol":"SHIBUSDT","interval":"5m","verdict":"AVOID","score":31,"price":0.00000581,"msg":"scanner"}
{"level":30,"time":1775394110583,"pid":17096,"hostname":"DESKTOP-KPAMGTB","module":"binance","symbol":"SHIBUSDT","interval":"4h","verdict":"WAIT","score":38,"price":0.00000581,"msg":"scanner"}
{"level":30,"time":1775394110604,"pid":17096,"hostname":"DESKTOP-KPAMGTB","module":"binance","symbol":"UNIUSDT","interval":"5m","verdict":"WAIT","score":41,"price":3.072,"msg":"scanner"}
{"level":30,"time":1775394110809,"pid":17096,"hostname":"DESKTOP-KPAMGTB","module":"binance","symbol":"UNIUSDT","interval":"4h","verdict":"WAIT","score":44,"price":3.072,"msg":"scanner"}
{"level":30,"time":1775394110886,"pid":17096,"hostname":"DESKTOP-KPAMGTB","module":"binance","symbol":"ATOMUSDT","interval":"5m","verdict":"WAIT","score":44,"price":1.681,"msg":"scanner"}
{"level":30,"time":1775394111001,"pid":17096,"hostname":"DESKTOP-KPAMGTB","module":"binance","symbol":"ATOMUSDT","interval":"4h","verdict":"AVOID","score":34,"price":1.681,"msg":"scanner"}
{"level":30,"time":1775394111184,"pid":17096,"hostname":"DESKTOP-KPAMGTB","module":"binance","symbol":"ETCUSDT","interval":"5m","verdict":"WAIT","score":44,"price":8.45,"msg":"scanner"}
{"level":30,"time":1775394111323,"pid":17096,"hostname":"DESKTOP-KPAMGTB","module":"binance","symbol":"ETCUSDT","interval":"4h","verdict":"WAIT","score":56,"price":8.45,"msg":"scanner"}
{"level":30,"time":1775394111373,"pid":17096,"hostname":"DESKTOP-KPAMGTB","module":"binance","symbol":"XLMUSDT","interval":"5m","verdict":"WAIT","score":47,"price":0.1581,"msg":"scanner"}
{"level":30,"time":1775394111532,"pid":17096,"hostname":"DESKTOP-KPAMGTB","module":"binance","symbol":"XLMUSDT","interval":"4h","verdict":"AVOID","score":34,"price":0.1581,"msg":"scanner"}
{"level":30,"time":1775394111553,"pid":17096,"hostname":"DESKTOP-KPAMGTB","module":"binance","symbol":"APTUSDT","interval":"5m","verdict":"WAIT","score":50,"price":0.834,"msg":"scanner"}
{"level":30,"time":1775394111702,"pid":17096,"hostname":"DESKTOP-KPAMGTB","module":"binance","symbol":"APTUSDT","interval":"4h","verdict":"WAIT","score":47,"price":0.834,"msg":"scanner"}
{"level":30,"time":1775394111749,"pid":17096,"hostname":"DESKTOP-KPAMGTB","module":"binance","symbol":"NEARUSDT","interval":"5m","verdict":"WAIT","score":59,"price":1.245,"msg":"scanner"}
{"level":30,"time":1775394111889,"pid":17096,"hostname":"DESKTOP-KPAMGTB","module":"binance","symbol":"NEARUSDT","interval":"4h","verdict":"WAIT","score":59,"price":1.245,"msg":"scanner"}
{"level":30,"time":1775394137990,"pid":17096,"hostname":"DESKTOP-KPAMGTB","module":"binance","symbol":"SOLUSDT","interval":"1h","verdict":"WAIT","score":44,"price":79.05,"msg":"scanner"}
{"level":30,"time":1775394138303,"pid":17096,"hostname":"DESKTOP-KPAMGTB","module":"binance","symbol":"XRPUSDT","interval":"1h","verdict":"WAIT","score":38,"price":1.2832,"msg":"scanner"}
{"level":30,"time":1775394138673,"pid":17096,"hostname":"DESKTOP-KPAMGTB","module":"binance","symbol":"ADAUSDT","interval":"5m","verdict":"WAIT","score":41,"price":0.2412,"msg":"scanner"}
{"level":30,"time":1775394138778,"pid":17096,"hostname":"DESKTOP-KPAMGTB","module":"binance","symbol":"AVAXUSDT","interval":"1h","verdict":"WAIT","score":50,"price":8.79,"msg":"scanner"}
{"level":30,"time":1775394138880,"pid":17096,"hostname":"DESKTOP-KPAMGTB","module":"binance","symbol":"TRXUSDT","interval":"5m","verdict":"WAIT","score":63,"price":0.3189,"msg":"scanner"}
{"level":30,"time":1775394139029,"pid":17096,"hostname":"DESKTOP-KPAMGTB","module":"binance","symbol":"DOTUSDT","interval":"5m","verdict":"WAIT","score":44,"price":1.223,"msg":"scanner"}
{"level":30,"time":1775394139286,"pid":17096,"hostname":"DESKTOP-KPAMGTB","module":"binance","symbol":"LINKUSDT","interval":"1h","verdict":"WAIT","score":44,"price":8.51,"msg":"scanner"}
{"level":30,"time":1775394167612,"pid":17096,"hostname":"DESKTOP-KPAMGTB","module":"binance","symbol":"BTCUSDT","interval":"5m","verdict":"WAIT","score":44,"price":66810.41,"msg":"scanner"}
{"level":30,"time":1775394167653,"pid":17096,"hostname":"DESKTOP-KPAMGTB","module":"binance","symbol":"ETHUSDT","interval":"5m","verdict":"WAIT","score":44,"price":2029.11,"msg":"scanner"}
{"level":30,"time":1775394167840,"pid":17096,"hostname":"DESKTOP-KPAMGTB","module":"binance","symbol":"BNBUSDT","interval":"5m","verdict":"WAIT","score":50,"price":589.31,"msg":"scanner"}
{"level":30,"time":1775394167984,"pid":17096,"hostname":"DESKTOP-KPAMGTB","module":"binance","symbol":"SOLUSDT","interval":"5m","verdict":"WAIT","score":44,"price":79.07,"msg":"scanner"}
{"level":30,"time":1775394168030,"pid":17096,"hostname":"DESKTOP-KPAMGTB","module":"binance","symbol":"XRPUSDT","interval":"5m","verdict":"WAIT","score":50,"price":1.2838,"msg":"scanner"}
{"level":30,"time":1775394168361,"pid":17096,"hostname":"DESKTOP-KPAMGTB","module":"binance","symbol":"DOGEUSDT","interval":"5m","verdict":"WAIT","score":41,"price":0.09002,"msg":"scanner"}
{"level":30,"time":1775394168689,"pid":17096,"hostname":"DESKTOP-KPAMGTB","module":"binance","symbol":"AVAXUSDT","interval":"5m","verdict":"WAIT","score":38,"price":8.8,"msg":"scanner"}
{"level":30,"time":1775394169159,"pid":17096,"hostname":"DESKTOP-KPAMGTB","module":"binance","symbol":"LINKUSDT","interval":"5m","verdict":"WAIT","score":41,"price":8.51,"msg":"scanner"}
{"level":30,"time":1775394169172,"pid":17096,"hostname":"DESKTOP-KPAMGTB","module":"binance","symbol":"DOTUSDT","interval":"1h","verdict":"WAIT","score":50,"price":1.224,"msg":"scanner"}
{"level":30,"time":1775394169479,"pid":17096,"hostname":"DESKTOP-KPAMGTB","module":"binance","symbol":"MATICUSDT","interval":"5m","verdict":"WAIT","score":59,"price":0.3794,"msg":"scanner"}
{"level":30,"time":1775394169679,"pid":17096,"hostname":"DESKTOP-KPAMGTB","module":"binance","symbol":"LTCUSDT","interval":"5m","verdict":"WAIT","score":47,"price":52.81,"msg":"scanner"}
{"level":30,"time":1775394169766,"pid":17096,"hostname":"DESKTOP-KPAMGTB","module":"binance","symbol":"LTCUSDT","interval":"1h","verdict":"WAIT","score":38,"price":52.81,"msg":"scanner"}
{"level":30,"time":1775394169893,"pid":17096,"hostname":"DESKTOP-KPAMGTB","module":"binance","symbol":"SHIBUSDT","interval":"5m","verdict":"AVOID","score":28,"price":0.00000581,"msg":"scanner"}
{"level":30,"time":1775394170087,"pid":17096,"hostname":"DESKTOP-KPAMGTB","module":"binance","symbol":"SHIBUSDT","interval":"1h","verdict":"WAIT","score":44,"price":0.00000581,"msg":"scanner"}
{"level":30,"time":1775394170098,"pid":17096,"hostname":"DESKTOP-KPAMGTB","module":"binance","symbol":"MATICUSDT","interval":"1h","verdict":"WAIT","score":47,"price":0.3794,"msg":"scanner"}
{"level":30,"time":1775394170176,"pid":17096,"hostname":"DESKTOP-KPAMGTB","module":"binance","symbol":"UNIUSDT","interval":"5m","verdict":"WAIT","score":47,"price":3.074,"msg":"scanner"}
{"level":30,"time":1775394170225,"pid":17096,"hostname":"DESKTOP-KPAMGTB","module":"binance","symbol":"UNIUSDT","interval":"1h","verdict":"WAIT","score":47,"price":3.074,"msg":"scanner"}
{"level":30,"time":1775394170482,"pid":17096,"hostname":"DESKTOP-KPAMGTB","module":"binance","symbol":"ATOMUSDT","interval":"5m","verdict":"WAIT","score":44,"price":1.68,"msg":"scanner"}
{"level":30,"time":1775394170554,"pid":17096,"hostname":"DESKTOP-KPAMGTB","module":"binance","symbol":"ATOMUSDT","interval":"1h","verdict":"WAIT","score":44,"price":1.68,"msg":"scanner"}
{"level":30,"time":1775394170684,"pid":17096,"hostname":"DESKTOP-KPAMGTB","module":"binance","symbol":"ETCUSDT","interval":"1h","verdict":"WAIT","score":56,"price":8.46,"msg":"scanner"}
{"level":30,"time":1775394170694,"pid":17096,"hostname":"DESKTOP-KPAMGTB","module":"binance","symbol":"ETCUSDT","interval":"5m","verdict":"WAIT","score":38,"price":8.46,"msg":"scanner"}
{"level":30,"time":1775394170839,"pid":17096,"hostname":"DESKTOP-KPAMGTB","module":"binance","symbol":"XLMUSDT","interval":"5m","verdict":"WAIT","score":44,"price":0.1582,"msg":"scanner"}
{"level":30,"time":1775394170917,"pid":17096,"hostname":"DESKTOP-KPAMGTB","module":"binance","symbol":"XLMUSDT","interval":"1h","verdict":"WAIT","score":47,"price":0.1582,"msg":"scanner"}
{"level":30,"time":1775394171002,"pid":17096,"hostname":"DESKTOP-KPAMGTB","module":"binance","symbol":"APTUSDT","interval":"5m","verdict":"WAIT","score":50,"price":0.835,"msg":"scanner"}
{"level":30,"time":1775394171024,"pid":17096,"hostname":"DESKTOP-KPAMGTB","module":"binance","symbol":"APTUSDT","interval":"1h","verdict":"WAIT","score":41,"price":0.835,"msg":"scanner"}
{"level":30,"time":1775394171176,"pid":17096,"hostname":"DESKTOP-KPAMGTB","module":"binance","symbol":"NEARUSDT","interval":"5m","verdict":"WAIT","score":56,"price":1.246,"msg":"scanner"}
{"level":30,"time":1775394171220,"pid":17096,"hostname":"DESKTOP-KPAMGTB","module":"binance","symbol":"NEARUSDT","interval":"1h","verdict":"WAIT","score":50,"price":1.246,"msg":"scanner"}
{"level":30,"time":1775394198219,"pid":17096,"hostname":"DESKTOP-KPAMGTB","module":"binance","symbol":"ADAUSDT","interval":"5m","verdict":"WAIT","score":47,"price":0.2417,"msg":"scanner"}
{"level":30,"time":1775394198533,"pid":17096,"hostname":"DESKTOP-KPAMGTB","module":"binance","symbol":"TRXUSDT","interval":"5m","verdict":"BUY","score":69,"price":0.3191,"msg":"scanner"}
{"level":30,"time":1775394198687,"pid":17096,"hostname":"DESKTOP-KPAMGTB","module":"binance","symbol":"DOTUSDT","interval":"5m","verdict":"WAIT","score":41,"price":1.225,"msg":"scanner"}
{"level":30,"time":1775394227633,"pid":17096,"hostname":"DESKTOP-KPAMGTB","module":"binance","symbol":"BTCUSDT","interval":"5m","verdict":"WAIT","score":47,"price":66822.09,"msg":"scanner"}
{"level":30,"time":1775394227658,"pid":17096,"hostname":"DESKTOP-KPAMGTB","module":"binance","symbol":"ETHUSDT","interval":"5m","verdict":"WAIT","score":44,"price":2029.83,"msg":"scanner"}
{"level":30,"time":1775394227862,"pid":17096,"hostname":"DESKTOP-KPAMGTB","module":"binance","symbol":"BNBUSDT","interval":"5m","verdict":"WAIT","score":56,"price":589.61,"msg":"scanner"}
{"level":30,"time":1775394228025,"pid":17096,"hostname":"DESKTOP-KPAMGTB","module":"binance","symbol":"SOLUSDT","interval":"5m","verdict":"WAIT","score":41,"price":79.11,"msg":"scanner"}
{"level":30,"time":1775394228068,"pid":17096,"hostname":"DESKTOP-KPAMGTB","module":"binance","symbol":"XRPUSDT","interval":"5m","verdict":"WAIT","score":47,"price":1.2842,"msg":"scanner"}
{"level":30,"time":1775394228256,"pid":17096,"hostname":"DESKTOP-KPAMGTB","module":"binance","symbol":"DOGEUSDT","interval":"5m","verdict":"WAIT","score":41,"price":0.09007,"msg":"scanner"}
{"level":30,"time":1775394228476,"pid":17096,"hostname":"DESKTOP-KPAMGTB","module":"binance","symbol":"ADAUSDT","interval":"5m","verdict":"WAIT","score":53,"price":0.2418,"msg":"scanner"}
{"level":30,"time":1775394228573,"pid":17096,"hostname":"DESKTOP-KPAMGTB","module":"binance","symbol":"AVAXUSDT","interval":"5m","verdict":"WAIT","score":38,"price":8.79,"msg":"scanner"}
{"level":30,"time":1775394228846,"pid":17096,"hostname":"DESKTOP-KPAMGTB","module":"binance","symbol":"TRXUSDT","interval":"5m","verdict":"WAIT","score":63,"price":0.3189,"msg":"scanner"}
{"level":30,"time":1775394229005,"pid":17096,"hostname":"DESKTOP-KPAMGTB","module":"binance","symbol":"DOTUSDT","interval":"5m","verdict":"WAIT","score":41,"price":1.225,"msg":"scanner"}
{"level":30,"time":1775394229260,"pid":17096,"hostname":"DESKTOP-KPAMGTB","module":"binance","symbol":"LINKUSDT","interval":"5m","verdict":"WAIT","score":41,"price":8.52,"msg":"scanner"}
{"level":30,"time":1775394229693,"pid":17096,"hostname":"DESKTOP-KPAMGTB","module":"binance","symbol":"LTCUSDT","interval":"5m","verdict":"WAIT","score":47,"price":52.8,"msg":"scanner"}
{"level":30,"time":1775394229768,"pid":17096,"hostname":"DESKTOP-KPAMGTB","module":"binance","symbol":"MATICUSDT","interval":"5m","verdict":"WAIT","score":59,"price":0.3794,"msg":"scanner"}
{"level":30,"time":1775394229917,"pid":17096,"hostname":"DESKTOP-KPAMGTB","module":"binance","symbol":"SHIBUSDT","interval":"5m","verdict":"AVOID","score":34,"price":0.00000582,"msg":"scanner"}
{"level":30,"time":1775394230169,"pid":17096,"hostname":"DESKTOP-KPAMGTB","module":"binance","symbol":"UNIUSDT","interval":"5m","verdict":"WAIT","score":53,"price":3.076,"msg":"scanner"}
{"level":30,"time":1775394230447,"pid":17096,"hostname":"DESKTOP-KPAMGTB","module":"binance","symbol":"ATOMUSDT","interval":"5m","verdict":"WAIT","score":44,"price":1.681,"msg":"scanner"}
{"level":30,"time":1775394230686,"pid":17096,"hostname":"DESKTOP-KPAMGTB","module":"binance","symbol":"ETCUSDT","interval":"5m","verdict":"WAIT","score":44,"price":8.45,"msg":"scanner"}
{"level":30,"time":1775394230912,"pid":17096,"hostname":"DESKTOP-KPAMGTB","module":"binance","symbol":"XLMUSDT","interval":"5m","verdict":"WAIT","score":44,"price":0.1582,"msg":"scanner"}
{"level":30,"time":1775394231064,"pid":17096,"hostname":"DESKTOP-KPAMGTB","module":"binance","symbol":"APTUSDT","interval":"5m","verdict":"WAIT","score":50,"price":0.835,"msg":"scanner"}
{"level":30,"time":1775394231149,"pid":17096,"hostname":"DESKTOP-KPAMGTB","module":"binance","symbol":"NEARUSDT","interval":"5m","verdict":"WAIT","score":44,"price":1.243,"msg":"scanner"}
{"level":30,"time":1775394257657,"pid":17096,"hostname":"DESKTOP-KPAMGTB","module":"binance","symbol":"BTCUSDT","interval":"1h","verdict":"WAIT","score":38,"price":66841.6,"msg":"scanner"}
{"level":30,"time":1775394257949,"pid":17096,"hostname":"DESKTOP-KPAMGTB","module":"binance","symbol":"ETHUSDT","interval":"1h","verdict":"AVOID","score":34,"price":2030.13,"msg":"scanner"}
{"level":30,"time":1775394258043,"pid":17096,"hostname":"DESKTOP-KPAMGTB","module":"binance","symbol":"BNBUSDT","interval":"1h","verdict":"AVOID","score":34,"price":589.62,"msg":"scanner"}
{"level":30,"time":1775394258397,"pid":17096,"hostname":"DESKTOP-KPAMGTB","module":"binance","symbol":"DOGEUSDT","interval":"1h","verdict":"WAIT","score":44,"price":0.09006,"msg":"scanner"}
{"level":30,"time":1775394258423,"pid":17096,"hostname":"DESKTOP-KPAMGTB","module":"binance","symbol":"ADAUSDT","interval":"1h","verdict":"WAIT","score":47,"price":0.2416,"msg":"scanner"}
{"level":30,"time":1775394258909,"pid":17096,"hostname":"DESKTOP-KPAMGTB","module":"binance","symbol":"TRXUSDT","interval":"1h","verdict":"WAIT","score":63,"price":0.319,"msg":"scanner"}
{"level":30,"time":1775394287959,"pid":17096,"hostname":"DESKTOP-KPAMGTB","module":"binance","symbol":"ETHUSDT","interval":"5m","verdict":"WAIT","score":44,"price":2030.67,"msg":"scanner"}
{"level":30,"time":1775394287979,"pid":17096,"hostname":"DESKTOP-KPAMGTB","module":"binance","symbol":"BTCUSDT","interval":"5m","verdict":"WAIT","score":44,"price":66854.82,"msg":"scanner"}
{"level":30,"time":1775394288127,"pid":17096,"hostname":"DESKTOP-KPAMGTB","module":"binance","symbol":"BNBUSDT","interval":"5m","verdict":"WAIT","score":47,"price":589.47,"msg":"scanner"}
{"level":30,"time":1775394288197,"pid":17096,"hostname":"DESKTOP-KPAMGTB","module":"binance","symbol":"SOLUSDT","interval":"5m","verdict":"WAIT","score":41,"price":79.14,"msg":"scanner"}
{"level":30,"time":1775394288357,"pid":17096,"hostname":"DESKTOP-KPAMGTB","module":"binance","symbol":"SOLUSDT","interval":"1h","verdict":"WAIT","score":44,"price":79.14,"msg":"scanner"}
{"level":30,"time":1775394288367,"pid":17096,"hostname":"DESKTOP-KPAMGTB","module":"binance","symbol":"XRPUSDT","interval":"5m","verdict":"WAIT","score":44,"price":1.285,"msg":"scanner"}
{"level":30,"time":1775394288457,"pid":17096,"hostname":"DESKTOP-KPAMGTB","module":"binance","symbol":"XRPUSDT","interval":"1h","verdict":"WAIT","score":38,"price":1.285,"msg":"scanner"}
{"level":30,"time":1775394288779,"pid":17096,"hostname":"DESKTOP-KPAMGTB","module":"binance","symbol":"DOGEUSDT","interval":"5m","verdict":"WAIT","score":41,"price":0.09007,"msg":"scanner"}
{"level":30,"time":1775394288900,"pid":17096,"hostname":"DESKTOP-KPAMGTB","module":"binance","symbol":"AVAXUSDT","interval":"5m","verdict":"WAIT","score":38,"price":8.79,"msg":"scanner"}
{"level":30,"time":1775394288917,"pid":17096,"hostname":"DESKTOP-KPAMGTB","module":"binance","symbol":"AVAXUSDT","interval":"1h","verdict":"WAIT","score":50,"price":8.79,"msg":"scanner"}
{"level":30,"time":1775394289033,"pid":17096,"hostname":"DESKTOP-KPAMGTB","module":"binance","symbol":"ADAUSDT","interval":"5m","verdict":"WAIT","score":47,"price":0.2417,"msg":"scanner"}
{"level":30,"time":1775394289153,"pid":17096,"hostname":"DESKTOP-KPAMGTB","module":"binance","symbol":"TRXUSDT","interval":"5m","verdict":"BUY","score":66,"price":0.319,"msg":"scanner"}
{"level":30,"time":1775394289378,"pid":17096,"hostname":"DESKTOP-KPAMGTB","module":"binance","symbol":"DOTUSDT","interval":"5m","verdict":"WAIT","score":41,"price":1.224,"msg":"scanner"}
{"level":30,"time":1775394289568,"pid":17096,"hostname":"DESKTOP-KPAMGTB","module":"binance","symbol":"LINKUSDT","interval":"5m","verdict":"WAIT","score":41,"price":8.52,"msg":"scanner"}
{"level":30,"time":1775394289577,"pid":17096,"hostname":"DESKTOP-KPAMGTB","module":"binance","symbol":"LINKUSDT","interval":"1h","verdict":"WAIT","score":50,"price":8.52,"msg":"scanner"}
{"level":30,"time":1775394289824,"pid":17096,"hostname":"DESKTOP-KPAMGTB","module":"binance","symbol":"MATICUSDT","interval":"5m","verdict":"WAIT","score":59,"price":0.3794,"msg":"scanner"}
{"level":30,"time":1775394289943,"pid":17096,"hostname":"DESKTOP-KPAMGTB","module":"binance","symbol":"LTCUSDT","interval":"5m","verdict":"WAIT","score":47,"price":52.81,"msg":"scanner"}
{"level":30,"time":1775394290101,"pid":17096,"hostname":"DESKTOP-KPAMGTB","module":"binance","symbol":"SHIBUSDT","interval":"5m","verdict":"AVOID","score":28,"price":0.00000581,"msg":"scanner"}
{"level":30,"time":1775394290356,"pid":17096,"hostname":"DESKTOP-KPAMGTB","module":"binance","symbol":"UNIUSDT","interval":"5m","verdict":"WAIT","score":47,"price":3.075,"msg":"scanner"}
{"level":30,"time":1775394290768,"pid":17096,"hostname":"DESKTOP-KPAMGTB","module":"binance","symbol":"ATOMUSDT","interval":"5m","verdict":"WAIT","score":44,"price":1.68,"msg":"scanner"}
{"level":30,"time":1775394290852,"pid":17096,"hostname":"DESKTOP-KPAMGTB","module":"binance","symbol":"ETCUSDT","interval":"5m","verdict":"WAIT","score":44,"price":8.45,"msg":"scanner"}
{"level":30,"time":1775394290937,"pid":17096,"hostname":"DESKTOP-KPAMGTB","module":"binance","symbol":"XLMUSDT","interval":"5m","verdict":"WAIT","score":44,"price":0.1582,"msg":"scanner"}
{"level":30,"time":1775394291114,"pid":17096,"hostname":"DESKTOP-KPAMGTB","module":"binance","symbol":"APTUSDT","interval":"5m","verdict":"WAIT","score":56,"price":0.835,"msg":"scanner"}
{"level":30,"time":1775394291268,"pid":17096,"hostname":"DESKTOP-KPAMGTB","module":"binance","symbol":"NEARUSDT","interval":"5m","verdict":"WAIT","score":53,"price":1.244,"msg":"scanner"}
{"level":30,"time":1775394318673,"pid":17096,"hostname":"DESKTOP-KPAMGTB","module":"binance","symbol":"DOTUSDT","interval":"1h","verdict":"WAIT","score":47,"price":1.223,"msg":"scanner"}
{"level":30,"time":1775394319009,"pid":17096,"hostname":"DESKTOP-KPAMGTB","module":"binance","symbol":"MATICUSDT","interval":"1h","verdict":"WAIT","score":47,"price":0.3794,"msg":"scanner"}
{"level":30,"time":1775394319239,"pid":17096,"hostname":"DESKTOP-KPAMGTB","module":"binance","symbol":"LTCUSDT","interval":"1h","verdict":"WAIT","score":38,"price":52.8,"msg":"scanner"}
{"level":30,"time":1775394319572,"pid":17096,"hostname":"DESKTOP-KPAMGTB","module":"binance","symbol":"SHIBUSDT","interval":"1h","verdict":"WAIT","score":44,"price":0.0000058,"msg":"scanner"}
{"level":30,"time":1775394319885,"pid":17096,"hostname":"DESKTOP-KPAMGTB","module":"binance","symbol":"UNIUSDT","interval":"1h","verdict":"WAIT","score":47,"price":3.074,"msg":"scanner"}
{"level":30,"time":1775394320011,"pid":17096,"hostname":"DESKTOP-KPAMGTB","module":"binance","symbol":"ATOMUSDT","interval":"1h","verdict":"WAIT","score":44,"price":1.68,"msg":"scanner"}
{"level":30,"time":1775394320289,"pid":17096,"hostname":"DESKTOP-KPAMGTB","module":"binance","symbol":"ETCUSDT","interval":"1h","verdict":"WAIT","score":56,"price":8.45,"msg":"scanner"}
{"level":30,"time":1775394320360,"pid":17096,"hostname":"DESKTOP-KPAMGTB","module":"binance","symbol":"XLMUSDT","interval":"1h","verdict":"WAIT","score":47,"price":0.1581,"msg":"scanner"}
{"level":30,"time":1775394320591,"pid":17096,"hostname":"DESKTOP-KPAMGTB","module":"binance","symbol":"APTUSDT","interval":"1h","verdict":"WAIT","score":41,"price":0.835,"msg":"scanner"}
{"level":30,"time":1775394320611,"pid":17096,"hostname":"DESKTOP-KPAMGTB","module":"binance","symbol":"NEARUSDT","interval":"1h","verdict":"WAIT","score":53,"price":1.244,"msg":"scanner"}
{"level":30,"time":1775394348523,"pid":17096,"hostname":"DESKTOP-KPAMGTB","module":"binance","symbol":"BTCUSDT","interval":"5m","verdict":"WAIT","score":41,"price":66826.22,"msg":"scanner"}
{"level":30,"time":1775394348535,"pid":17096,"hostname":"DESKTOP-KPAMGTB","module":"binance","symbol":"ETHUSDT","interval":"5m","verdict":"WAIT","score":44,"price":2029.46,"msg":"scanner"}
{"level":30,"time":1775394348733,"pid":17096,"hostname":"DESKTOP-KPAMGTB","module":"binance","symbol":"BNBUSDT","interval":"5m","verdict":"WAIT","score":44,"price":589.17,"msg":"scanner"}
{"level":30,"time":1775394348890,"pid":17096,"hostname":"DESKTOP-KPAMGTB","module":"binance","symbol":"SOLUSDT","interval":"5m","verdict":"WAIT","score":44,"price":79.08,"msg":"scanner"}
{"level":30,"time":1775394349038,"pid":17096,"hostname":"DESKTOP-KPAMGTB","module":"binance","symbol":"XRPUSDT","interval":"5m","verdict":"WAIT","score":44,"price":1.2851,"msg":"scanner"}
{"level":30,"time":1775394349095,"pid":17096,"hostname":"DESKTOP-KPAMGTB","module":"binance","symbol":"DOGEUSDT","interval":"5m","verdict":"WAIT","score":41,"price":0.09003,"msg":"scanner"}
{"level":30,"time":1775394349359,"pid":17096,"hostname":"DESKTOP-KPAMGTB","module":"binance","symbol":"ADAUSDT","interval":"5m","verdict":"WAIT","score":56,"price":0.2417,"msg":"scanner"}
{"level":30,"time":1775394349480,"pid":17096,"hostname":"DESKTOP-KPAMGTB","module":"binance","symbol":"AVAXUSDT","interval":"5m","verdict":"WAIT","score":38,"price":8.79,"msg":"scanner"}
{"level":30,"time":1775394349591,"pid":17096,"hostname":"DESKTOP-KPAMGTB","module":"binance","symbol":"TRXUSDT","interval":"5m","verdict":"WAIT","score":63,"price":0.3189,"msg":"scanner"}
{"level":30,"time":1775394349810,"pid":17096,"hostname":"DESKTOP-KPAMGTB","module":"binance","symbol":"DOTUSDT","interval":"5m","verdict":"WAIT","score":41,"price":1.224,"msg":"scanner"}
{"level":30,"time":1775394350147,"pid":17096,"hostname":"DESKTOP-KPAMGTB","module":"binance","symbol":"LINKUSDT","interval":"5m","verdict":"WAIT","score":44,"price":8.52,"msg":"scanner"}
{"level":30,"time":1775394350344,"pid":17096,"hostname":"DESKTOP-KPAMGTB","module":"binance","symbol":"MATICUSDT","interval":"5m","verdict":"WAIT","score":59,"price":0.3794,"msg":"scanner"}
{"level":30,"time":1775394350395,"pid":17096,"hostname":"DESKTOP-KPAMGTB","module":"binance","symbol":"LTCUSDT","interval":"5m","verdict":"WAIT","score":44,"price":52.79,"msg":"scanner"}
{"level":30,"time":1775394350601,"pid":17096,"hostname":"DESKTOP-KPAMGTB","module":"binance","symbol":"SHIBUSDT","interval":"5m","verdict":"AVOID","score":31,"price":0.00000581,"msg":"scanner"}
{"level":30,"time":1775394351176,"pid":17096,"hostname":"DESKTOP-KPAMGTB","module":"binance","symbol":"UNIUSDT","interval":"5m","verdict":"WAIT","score":41,"price":3.073,"msg":"scanner"}
{"level":30,"time":1775394351205,"pid":17096,"hostname":"DESKTOP-KPAMGTB","module":"binance","symbol":"ATOMUSDT","interval":"5m","verdict":"WAIT","score":38,"price":1.678,"msg":"scanner"}
{"level":30,"time":1775394351435,"pid":17096,"hostname":"DESKTOP-KPAMGTB","module":"binance","symbol":"ETCUSDT","interval":"5m","verdict":"WAIT","score":44,"price":8.44,"msg":"scanner"}
{"level":30,"time":1775394351590,"pid":17096,"hostname":"DESKTOP-KPAMGTB","module":"binance","symbol":"XLMUSDT","interval":"5m","verdict":"WAIT","score":44,"price":0.1582,"msg":"scanner"}
{"level":30,"time":1775394351656,"pid":17096,"hostname":"DESKTOP-KPAMGTB","module":"binance","symbol":"APTUSDT","interval":"5m","verdict":"WAIT","score":53,"price":0.835,"msg":"scanner"}
{"level":30,"time":1775394351788,"pid":17096,"hostname":"DESKTOP-KPAMGTB","module":"binance","symbol":"NEARUSDT","interval":"5m","verdict":"WAIT","score":59,"price":1.245,"msg":"scanner"}
{"level":30,"time":1775394407733,"pid":17096,"hostname":"DESKTOP-KPAMGTB","module":"binance","symbol":"BTCUSDT","interval":"5m","verdict":"WAIT","score":41,"price":66818.69,"msg":"scanner"}
{"level":30,"time":1775394407765,"pid":17096,"hostname":"DESKTOP-KPAMGTB","module":"binance","symbol":"BTCUSDT","interval":"1h","verdict":"AVOID","score":31,"price":66818.69,"msg":"scanner"}
{"level":30,"time":1775394407774,"pid":17096,"hostname":"DESKTOP-KPAMGTB","module":"binance","symbol":"BTCUSDT","interval":"4h","verdict":"AVOID","score":34,"price":66818.69,"msg":"scanner"}
{"level":30,"time":1775394407784,"pid":17096,"hostname":"DESKTOP-KPAMGTB","module":"binance","symbol":"ETHUSDT","interval":"5m","verdict":"WAIT","score":44,"price":2029.52,"msg":"scanner"}
{"level":30,"time":1775394408092,"pid":17096,"hostname":"DESKTOP-KPAMGTB","module":"binance","symbol":"ETHUSDT","interval":"4h","verdict":"WAIT","score":41,"price":2029.52,"msg":"scanner"}
{"level":30,"time":1775394408130,"pid":17096,"hostname":"DESKTOP-KPAMGTB","module":"binance","symbol":"BNBUSDT","interval":"5m","verdict":"WAIT","score":44,"price":589.09,"msg":"scanner"}
{"level":30,"time":1775394408187,"pid":17096,"hostname":"DESKTOP-KPAMGTB","module":"binance","symbol":"BNBUSDT","interval":"1h","verdict":"AVOID","score":34,"price":589.09,"msg":"scanner"}
{"level":30,"time":1775394408367,"pid":17096,"hostname":"DESKTOP-KPAMGTB","module":"binance","symbol":"ETHUSDT","interval":"1h","verdict":"AVOID","score":34,"price":2029.52,"msg":"scanner"}
{"level":30,"time":1775394408457,"pid":17096,"hostname":"DESKTOP-KPAMGTB","module":"binance","symbol":"BNBUSDT","interval":"4h","verdict":"WAIT","score":41,"price":589.09,"msg":"scanner"}
{"level":30,"time":1775394408481,"pid":17096,"hostname":"DESKTOP-KPAMGTB","module":"binance","symbol":"SOLUSDT","interval":"5m","verdict":"WAIT","score":44,"price":79.09,"msg":"scanner"}
{"level":30,"time":1775394408573,"pid":17096,"hostname":"DESKTOP-KPAMGTB","module":"binance","symbol":"SOLUSDT","interval":"4h","verdict":"AVOID","score":31,"price":79.09,"msg":"scanner"}
{"level":30,"time":1775394408697,"pid":17096,"hostname":"DESKTOP-KPAMGTB","module":"binance","symbol":"XRPUSDT","interval":"5m","verdict":"WAIT","score":44,"price":1.285,"msg":"scanner"}
{"level":30,"time":1775394408796,"pid":17096,"hostname":"DESKTOP-KPAMGTB","module":"binance","symbol":"XRPUSDT","interval":"1h","verdict":"WAIT","score":38,"price":1.285,"msg":"scanner"}
{"level":30,"time":1775394408860,"pid":17096,"hostname":"DESKTOP-KPAMGTB","module":"binance","symbol":"XRPUSDT","interval":"4h","verdict":"WAIT","score":38,"price":1.285,"msg":"scanner"}
{"level":30,"time":1775394408878,"pid":17096,"hostname":"DESKTOP-KPAMGTB","module":"binance","symbol":"DOGEUSDT","interval":"5m","verdict":"WAIT","score":41,"price":0.09002,"msg":"scanner"}
{"level":30,"time":1775394408976,"pid":17096,"hostname":"DESKTOP-KPAMGTB","module":"binance","symbol":"DOGEUSDT","interval":"1h","verdict":"WAIT","score":44,"price":0.09002,"msg":"scanner"}
{"level":30,"time":1775394409115,"pid":17096,"hostname":"DESKTOP-KPAMGTB","module":"binance","symbol":"DOGEUSDT","interval":"4h","verdict":"AVOID","score":34,"price":0.09002,"msg":"scanner"}
{"level":30,"time":1775394409202,"pid":17096,"hostname":"DESKTOP-KPAMGTB","module":"binance","symbol":"ADAUSDT","interval":"5m","verdict":"WAIT","score":47,"price":0.2415,"msg":"scanner"}
{"level":30,"time":1775394409218,"pid":17096,"hostname":"DESKTOP-KPAMGTB","module":"binance","symbol":"ADAUSDT","interval":"1h","verdict":"WAIT","score":47,"price":0.2415,"msg":"scanner"}
{"level":30,"time":1775394409352,"pid":17096,"hostname":"DESKTOP-KPAMGTB","module":"binance","symbol":"ADAUSDT","interval":"4h","verdict":"AVOID","score":31,"price":0.2415,"msg":"scanner"}
{"level":30,"time":1775394409407,"pid":17096,"hostname":"DESKTOP-KPAMGTB","module":"binance","symbol":"AVAXUSDT","interval":"5m","verdict":"WAIT","score":38,"price":8.79,"msg":"scanner"}
{"level":30,"time":1775394409594,"pid":17096,"hostname":"DESKTOP-KPAMGTB","module":"binance","symbol":"AVAXUSDT","interval":"1h","verdict":"WAIT","score":50,"price":8.79,"msg":"scanner"}
{"level":30,"time":1775394409609,"pid":17096,"hostname":"DESKTOP-KPAMGTB","module":"binance","symbol":"AVAXUSDT","interval":"4h","verdict":"AVOID","score":31,"price":8.79,"msg":"scanner"}
{"level":30,"time":1775394409734,"pid":17096,"hostname":"DESKTOP-KPAMGTB","module":"binance","symbol":"TRXUSDT","interval":"5m","verdict":"BUY","score":66,"price":0.319,"msg":"scanner"}
{"level":30,"time":1775394409799,"pid":17096,"hostname":"DESKTOP-KPAMGTB","module":"binance","symbol":"TRXUSDT","interval":"1h","verdict":"WAIT","score":63,"price":0.319,"msg":"scanner"}
{"level":30,"time":1775394409953,"pid":17096,"hostname":"DESKTOP-KPAMGTB","module":"binance","symbol":"TRXUSDT","interval":"4h","verdict":"WAIT","score":56,"price":0.319,"msg":"scanner"}
{"level":30,"time":1775394410060,"pid":17096,"hostname":"DESKTOP-KPAMGTB","module":"binance","symbol":"DOTUSDT","interval":"5m","verdict":"WAIT","score":41,"price":1.224,"msg":"scanner"}
{"level":30,"time":1775394410354,"pid":17096,"hostname":"DESKTOP-KPAMGTB","module":"binance","symbol":"DOTUSDT","interval":"4h","verdict":"AVOID","score":34,"price":1.224,"msg":"scanner"}
{"level":30,"time":1775394410365,"pid":17096,"hostname":"DESKTOP-KPAMGTB","module":"binance","symbol":"LINKUSDT","interval":"5m","verdict":"WAIT","score":38,"price":8.51,"msg":"scanner"}
{"level":30,"time":1775394410500,"pid":17096,"hostname":"DESKTOP-KPAMGTB","module":"binance","symbol":"LINKUSDT","interval":"1h","verdict":"WAIT","score":44,"price":8.51,"msg":"scanner"}
{"level":30,"time":1775394410605,"pid":17096,"hostname":"DESKTOP-KPAMGTB","module":"binance","symbol":"LINKUSDT","interval":"4h","verdict":"AVOID","score":34,"price":8.51,"msg":"scanner"}
{"level":30,"time":1775394410654,"pid":17096,"hostname":"DESKTOP-KPAMGTB","module":"binance","symbol":"MATICUSDT","interval":"5m","verdict":"WAIT","score":59,"price":0.3794,"msg":"scanner"}
{"level":30,"time":1775394410895,"pid":17096,"hostname":"DESKTOP-KPAMGTB","module":"binance","symbol":"MATICUSDT","interval":"4h","verdict":"WAIT","score":41,"price":0.3794,"msg":"scanner"}
{"level":30,"time":1775394410903,"pid":17096,"hostname":"DESKTOP-KPAMGTB","module":"binance","symbol":"LTCUSDT","interval":"5m","verdict":"WAIT","score":50,"price":52.8,"msg":"scanner"}
{"level":30,"time":1775394411029,"pid":17096,"hostname":"DESKTOP-KPAMGTB","module":"binance","symbol":"LTCUSDT","interval":"4h","verdict":"WAIT","score":38,"price":52.8,"msg":"scanner"}
{"level":30,"time":1775394411061,"pid":17096,"hostname":"DESKTOP-KPAMGTB","module":"binance","symbol":"SHIBUSDT","interval":"5m","verdict":"WAIT","score":38,"price":0.00000582,"msg":"scanner"}
{"level":30,"time":1775394411207,"pid":17096,"hostname":"DESKTOP-KPAMGTB","module":"binance","symbol":"SHIBUSDT","interval":"4h","verdict":"WAIT","score":41,"price":0.00000582,"msg":"scanner"}
{"level":30,"time":1775394411226,"pid":17096,"hostname":"DESKTOP-KPAMGTB","module":"binance","symbol":"UNIUSDT","interval":"5m","verdict":"WAIT","score":47,"price":3.074,"msg":"scanner"}
{"level":30,"time":1775394411380,"pid":17096,"hostname":"DESKTOP-KPAMGTB","module":"binance","symbol":"UNIUSDT","interval":"4h","verdict":"WAIT","score":44,"price":3.074,"msg":"scanner"}
{"level":30,"time":1775394411435,"pid":17096,"hostname":"DESKTOP-KPAMGTB","module":"binance","symbol":"ATOMUSDT","interval":"5m","verdict":"WAIT","score":41,"price":1.679,"msg":"scanner"}
{"level":30,"time":1775394411610,"pid":17096,"hostname":"DESKTOP-KPAMGTB","module":"binance","symbol":"ATOMUSDT","interval":"4h","verdict":"AVOID","score":34,"price":1.679,"msg":"scanner"}
{"level":30,"time":1775394411623,"pid":17096,"hostname":"DESKTOP-KPAMGTB","module":"binance","symbol":"ETCUSDT","interval":"5m","verdict":"WAIT","score":41,"price":8.45,"msg":"scanner"}
{"level":30,"time":1775394411863,"pid":17096,"hostname":"DESKTOP-KPAMGTB","module":"binance","symbol":"XLMUSDT","interval":"5m","verdict":"WAIT","score":44,"price":0.1582,"msg":"scanner"}
{"level":30,"time":1775394411873,"pid":17096,"hostname":"DESKTOP-KPAMGTB","module":"binance","symbol":"ETCUSDT","interval":"4h","verdict":"WAIT","score":56,"price":8.45,"msg":"scanner"}
{"level":30,"time":1775394412097,"pid":17096,"hostname":"DESKTOP-KPAMGTB","module":"binance","symbol":"XLMUSDT","interval":"4h","verdict":"AVOID","score":34,"price":0.1582,"msg":"scanner"}
{"level":30,"time":1775394412198,"pid":17096,"hostname":"DESKTOP-KPAMGTB","module":"binance","symbol":"APTUSDT","interval":"5m","verdict":"WAIT","score":53,"price":0.835,"msg":"scanner"}
{"level":30,"time":1775394412296,"pid":17096,"hostname":"DESKTOP-KPAMGTB","module":"binance","symbol":"APTUSDT","interval":"4h","verdict":"WAIT","score":47,"price":0.835,"msg":"scanner"}
{"level":30,"time":1775394412364,"pid":17096,"hostname":"DESKTOP-KPAMGTB","module":"binance","symbol":"NEARUSDT","interval":"5m","verdict":"WAIT","score":53,"price":1.244,"msg":"scanner"}
{"level":30,"time":1775394412511,"pid":17096,"hostname":"DESKTOP-KPAMGTB","module":"binance","symbol":"NEARUSDT","interval":"4h","verdict":"WAIT","score":59,"price":1.244,"msg":"scanner"}
{"level":30,"time":1775394438370,"pid":17096,"hostname":"DESKTOP-KPAMGTB","module":"binance","symbol":"SOLUSDT","interval":"1h","verdict":"WAIT","score":44,"price":79.12,"msg":"scanner"}
{"level":30,"time":1775394439261,"pid":17096,"hostname":"DESKTOP-KPAMGTB","module":"binance","symbol":"DOTUSDT","interval":"1h","verdict":"WAIT","score":47,"price":1.222,"msg":"scanner"}
{"level":30,"time":1775394439538,"pid":17096,"hostname":"DESKTOP-KPAMGTB","module":"binance","symbol":"MATICUSDT","interval":"1h","verdict":"WAIT","score":47,"price":0.3794,"msg":"scanner"}
{"level":30,"time":1775394440219,"pid":17096,"hostname":"DESKTOP-KPAMGTB","module":"binance","symbol":"LTCUSDT","interval":"1h","verdict":"WAIT","score":38,"price":52.8,"msg":"scanner"}
{"level":30,"time":1775394440298,"pid":17096,"hostname":"DESKTOP-KPAMGTB","module":"binance","symbol":"SHIBUSDT","interval":"1h","verdict":"WAIT","score":44,"price":0.00000581,"msg":"scanner"}
{"level":30,"time":1775394440328,"pid":17096,"hostname":"DESKTOP-KPAMGTB","module":"binance","symbol":"UNIUSDT","interval":"1h","verdict":"WAIT","score":47,"price":3.074,"msg":"scanner"}
{"level":30,"time":1775394440594,"pid":17096,"hostname":"DESKTOP-KPAMGTB","module":"binance","symbol":"ATOMUSDT","interval":"1h","verdict":"AVOID","score":34,"price":1.679,"msg":"scanner"}
{"level":30,"time":1775394440753,"pid":17096,"hostname":"DESKTOP-KPAMGTB","module":"binance","symbol":"ETCUSDT","interval":"1h","verdict":"WAIT","score":56,"price":8.45,"msg":"scanner"}
{"level":30,"time":1775394440932,"pid":17096,"hostname":"DESKTOP-KPAMGTB","module":"binance","symbol":"XLMUSDT","interval":"1h","verdict":"WAIT","score":47,"price":0.1582,"msg":"scanner"}
{"level":30,"time":1775394441025,"pid":17096,"hostname":"DESKTOP-KPAMGTB","module":"binance","symbol":"APTUSDT","interval":"1h","verdict":"WAIT","score":41,"price":0.835,"msg":"scanner"}
{"level":30,"time":1775394441079,"pid":17096,"hostname":"DESKTOP-KPAMGTB","module":"binance","symbol":"NEARUSDT","interval":"1h","verdict":"WAIT","score":53,"price":1.244,"msg":"scanner"}
{"level":30,"time":1775394468088,"pid":17096,"hostname":"DESKTOP-KPAMGTB","module":"binance","symbol":"ETHUSDT","interval":"5m","verdict":"WAIT","score":44,"price":2030.05,"msg":"scanner"}
{"level":30,"time":1775394468100,"pid":17096,"hostname":"DESKTOP-KPAMGTB","module":"binance","symbol":"BTCUSDT","interval":"5m","verdict":"WAIT","score":41,"price":66813.45,"msg":"scanner"}
{"level":30,"time":1775394468317,"pid":17096,"hostname":"DESKTOP-KPAMGTB","module":"binance","symbol":"BNBUSDT","interval":"5m","verdict":"WAIT","score":44,"price":589.16,"msg":"scanner"}
{"level":30,"time":1775394468461,"pid":17096,"hostname":"DESKTOP-KPAMGTB","module":"binance","symbol":"SOLUSDT","interval":"5m","verdict":"WAIT","score":44,"price":79.14,"msg":"scanner"}
{"level":30,"time":1775394468516,"pid":17096,"hostname":"DESKTOP-KPAMGTB","module":"binance","symbol":"XRPUSDT","interval":"5m","verdict":"WAIT","score":44,"price":1.2849,"msg":"scanner"}
{"level":30,"time":1775394468709,"pid":17096,"hostname":"DESKTOP-KPAMGTB","module":"binance","symbol":"DOGEUSDT","interval":"5m","verdict":"WAIT","score":41,"price":0.09003,"msg":"scanner"}
{"level":30,"time":1775394468861,"pid":17096,"hostname":"DESKTOP-KPAMGTB","module":"binance","symbol":"ADAUSDT","interval":"5m","verdict":"WAIT","score":47,"price":0.2416,"msg":"scanner"}
{"level":30,"time":1775394469203,"pid":17096,"hostname":"DESKTOP-KPAMGTB","module":"binance","symbol":"AVAXUSDT","interval":"5m","verdict":"WAIT","score":41,"price":8.78,"msg":"scanner"}
{"level":30,"time":1775394469408,"pid":17096,"hostname":"DESKTOP-KPAMGTB","module":"binance","symbol":"TRXUSDT","interval":"5m","verdict":"WAIT","score":63,"price":0.3189,"msg":"scanner"}
{"level":30,"time":1775394469721,"pid":17096,"hostname":"DESKTOP-KPAMGTB","module":"binance","symbol":"DOTUSDT","interval":"5m","verdict":"WAIT","score":47,"price":1.222,"msg":"scanner"}
{"level":30,"time":1775394469950,"pid":17096,"hostname":"DESKTOP-KPAMGTB","module":"binance","symbol":"LINKUSDT","interval":"5m","verdict":"WAIT","score":38,"price":8.51,"msg":"scanner"}
{"level":30,"time":1775394470117,"pid":17096,"hostname":"DESKTOP-KPAMGTB","module":"binance","symbol":"MATICUSDT","interval":"5m","verdict":"WAIT","score":59,"price":0.3794,"msg":"scanner"}
{"level":30,"time":1775394470195,"pid":17096,"hostname":"DESKTOP-KPAMGTB","module":"binance","symbol":"LTCUSDT","interval":"5m","verdict":"WAIT","score":50,"price":52.8,"msg":"scanner"}
{"level":30,"time":1775394470356,"pid":17096,"hostname":"DESKTOP-KPAMGTB","module":"binance","symbol":"SHIBUSDT","interval":"5m","verdict":"AVOID","score":31,"price":0.00000581,"msg":"scanner"}
{"level":30,"time":1775394470615,"pid":17096,"hostname":"DESKTOP-KPAMGTB","module":"binance","symbol":"UNIUSDT","interval":"5m","verdict":"WAIT","score":47,"price":3.074,"msg":"scanner"}
{"level":30,"time":1775394470826,"pid":17096,"hostname":"DESKTOP-KPAMGTB","module":"binance","symbol":"ATOMUSDT","interval":"5m","verdict":"WAIT","score":38,"price":1.679,"msg":"scanner"}
{"level":30,"time":1775394470979,"pid":17096,"hostname":"DESKTOP-KPAMGTB","module":"binance","symbol":"ETCUSDT","interval":"5m","verdict":"WAIT","score":41,"price":8.45,"msg":"scanner"}
{"level":30,"time":1775394471029,"pid":17096,"hostname":"DESKTOP-KPAMGTB","module":"binance","symbol":"XLMUSDT","interval":"5m","verdict":"WAIT","score":47,"price":0.1581,"msg":"scanner"}
{"level":30,"time":1775394471184,"pid":17096,"hostname":"DESKTOP-KPAMGTB","module":"binance","symbol":"APTUSDT","interval":"5m","verdict":"WAIT","score":53,"price":0.835,"msg":"scanner"}
{"level":30,"time":1775394471327,"pid":17096,"hostname":"DESKTOP-KPAMGTB","module":"binance","symbol":"NEARUSDT","interval":"5m","verdict":"WAIT","score":53,"price":1.244,"msg":"scanner"}
{"level":30,"time":1775394527943,"pid":17096,"hostname":"DESKTOP-KPAMGTB","module":"binance","symbol":"BTCUSDT","interval":"5m","verdict":"WAIT","score":41,"price":66814.84,"msg":"scanner"}
{"level":30,"time":1775394527973,"pid":17096,"hostname":"DESKTOP-KPAMGTB","module":"binance","symbol":"ETHUSDT","interval":"5m","verdict":"WAIT","score":44,"price":2030.19,"msg":"scanner"}
{"level":30,"time":1775394528250,"pid":17096,"hostname":"DESKTOP-KPAMGTB","module":"binance","symbol":"BNBUSDT","interval":"5m","verdict":"WAIT","score":44,"price":589.33,"msg":"scanner"}
{"level":30,"time":1775394528278,"pid":17096,"hostname":"DESKTOP-KPAMGTB","module":"binance","symbol":"SOLUSDT","interval":"5m","verdict":"WAIT","score":47,"price":79.15,"msg":"scanner"}
{"level":30,"time":1775394528410,"pid":17096,"hostname":"DESKTOP-KPAMGTB","module":"binance","symbol":"XRPUSDT","interval":"5m","verdict":"WAIT","score":44,"price":1.2849,"msg":"scanner"}
{"level":30,"time":1775394528565,"pid":17096,"hostname":"DESKTOP-KPAMGTB","module":"binance","symbol":"DOGEUSDT","interval":"5m","verdict":"WAIT","score":41,"price":0.09002,"msg":"scanner"}
{"level":30,"time":1775394528702,"pid":17096,"hostname":"DESKTOP-KPAMGTB","module":"binance","symbol":"ADAUSDT","interval":"5m","verdict":"WAIT","score":47,"price":0.2416,"msg":"scanner"}
{"level":30,"time":1775394529024,"pid":17096,"hostname":"DESKTOP-KPAMGTB","module":"binance","symbol":"AVAXUSDT","interval":"5m","verdict":"WAIT","score":41,"price":8.78,"msg":"scanner"}
{"level":30,"time":1775394529201,"pid":17096,"hostname":"DESKTOP-KPAMGTB","module":"binance","symbol":"TRXUSDT","interval":"5m","verdict":"WAIT","score":63,"price":0.3189,"msg":"scanner"}
{"level":30,"time":1775394529394,"pid":17096,"hostname":"DESKTOP-KPAMGTB","module":"binance","symbol":"DOTUSDT","interval":"5m","verdict":"WAIT","score":47,"price":1.222,"msg":"scanner"}
{"level":30,"time":1775394529586,"pid":17096,"hostname":"DESKTOP-KPAMGTB","module":"binance","symbol":"LINKUSDT","interval":"5m","verdict":"WAIT","score":44,"price":8.52,"msg":"scanner"}
{"level":30,"time":1775394529906,"pid":17096,"hostname":"DESKTOP-KPAMGTB","module":"binance","symbol":"MATICUSDT","interval":"5m","verdict":"WAIT","score":59,"price":0.3794,"msg":"scanner"}
{"level":30,"time":1775394530179,"pid":17096,"hostname":"DESKTOP-KPAMGTB","module":"binance","symbol":"LTCUSDT","interval":"5m","verdict":"WAIT","score":50,"price":52.8,"msg":"scanner"}
{"level":30,"time":1775394530456,"pid":17096,"hostname":"DESKTOP-KPAMGTB","module":"binance","symbol":"SHIBUSDT","interval":"5m","verdict":"WAIT","score":38,"price":0.00000582,"msg":"scanner"}
{"level":30,"time":1775394530621,"pid":17096,"hostname":"DESKTOP-KPAMGTB","module":"binance","symbol":"UNIUSDT","interval":"5m","verdict":"WAIT","score":41,"price":3.073,"msg":"scanner"}
{"level":30,"time":1775394530858,"pid":17096,"hostname":"DESKTOP-KPAMGTB","module":"binance","symbol":"ATOMUSDT","interval":"5m","verdict":"AVOID","score":34,"price":1.678,"msg":"scanner"}
{"level":30,"time":1775394531064,"pid":17096,"hostname":"DESKTOP-KPAMGTB","module":"binance","symbol":"ETCUSDT","interval":"5m","verdict":"WAIT","score":41,"price":8.45,"msg":"scanner"}
{"level":30,"time":1775394531101,"pid":17096,"hostname":"DESKTOP-KPAMGTB","module":"binance","symbol":"XLMUSDT","interval":"5m","verdict":"WAIT","score":44,"price":0.1582,"msg":"scanner"}
{"level":30,"time":1775394531342,"pid":17096,"hostname":"DESKTOP-KPAMGTB","module":"binance","symbol":"APTUSDT","interval":"5m","verdict":"WAIT","score":53,"price":0.835,"msg":"scanner"}
{"level":30,"time":1775394531503,"pid":17096,"hostname":"DESKTOP-KPAMGTB","module":"binance","symbol":"NEARUSDT","interval":"5m","verdict":"WAIT","score":63,"price":1.245,"msg":"scanner"}
{"level":30,"time":1775394557987,"pid":17096,"hostname":"DESKTOP-KPAMGTB","module":"binance","symbol":"BTCUSDT","interval":"1h","verdict":"AVOID","score":31,"price":66814.86,"msg":"scanner"}
{"level":30,"time":1775394558167,"pid":17096,"hostname":"DESKTOP-KPAMGTB","module":"binance","symbol":"ETHUSDT","interval":"1h","verdict":"AVOID","score":34,"price":2030.18,"msg":"scanner"}
{"level":30,"time":1775394558332,"pid":17096,"hostname":"DESKTOP-KPAMGTB","module":"binance","symbol":"BNBUSDT","interval":"1h","verdict":"AVOID","score":34,"price":589.4,"msg":"scanner"}
{"level":30,"time":1775394558474,"pid":17096,"hostname":"DESKTOP-KPAMGTB","module":"binance","symbol":"XRPUSDT","interval":"1h","verdict":"WAIT","score":38,"price":1.2845,"msg":"scanner"}
{"level":30,"time":1775394558652,"pid":17096,"hostname":"DESKTOP-KPAMGTB","module":"binance","symbol":"DOGEUSDT","interval":"1h","verdict":"WAIT","score":44,"price":0.09002,"msg":"scanner"}
{"level":30,"time":1775394558878,"pid":17096,"hostname":"DESKTOP-KPAMGTB","module":"binance","symbol":"ADAUSDT","interval":"1h","verdict":"WAIT","score":47,"price":0.2415,"msg":"scanner"}
{"level":30,"time":1775394559023,"pid":17096,"hostname":"DESKTOP-KPAMGTB","module":"binance","symbol":"AVAXUSDT","interval":"1h","verdict":"WAIT","score":50,"price":8.78,"msg":"scanner"}
{"level":30,"time":1775394559989,"pid":17096,"hostname":"DESKTOP-KPAMGTB","module":"binance","symbol":"LINKUSDT","interval":"1h","verdict":"WAIT","score":44,"price":8.51,"msg":"scanner"}
{"level":30,"time":1775394560020,"pid":17096,"hostname":"DESKTOP-KPAMGTB","module":"binance","symbol":"MATICUSDT","interval":"1h","verdict":"WAIT","score":47,"price":0.3794,"msg":"scanner"}
{"level":30,"time":1775394560140,"pid":17096,"hostname":"DESKTOP-KPAMGTB","module":"binance","symbol":"TRXUSDT","interval":"1h","verdict":"WAIT","score":63,"price":0.319,"msg":"scanner"}
{"level":30,"time":1775394587859,"pid":17096,"hostname":"DESKTOP-KPAMGTB","module":"binance","symbol":"BTCUSDT","interval":"5m","verdict":"WAIT","score":41,"price":66814.86,"msg":"scanner"}
{"level":30,"time":1775394587898,"pid":17096,"hostname":"DESKTOP-KPAMGTB","module":"binance","symbol":"ETHUSDT","interval":"5m","verdict":"WAIT","score":44,"price":2030.13,"msg":"scanner"}
{"level":30,"time":1775394588092,"pid":17096,"hostname":"DESKTOP-KPAMGTB","module":"binance","symbol":"BNBUSDT","interval":"5m","verdict":"WAIT","score":44,"price":589.28,"msg":"scanner"}
{"level":30,"time":1775394588219,"pid":17096,"hostname":"DESKTOP-KPAMGTB","module":"binance","symbol":"SOLUSDT","interval":"5m","verdict":"WAIT","score":38,"price":79.13,"msg":"scanner"}
{"level":30,"time":1775394588255,"pid":17096,"hostname":"DESKTOP-KPAMGTB","module":"binance","symbol":"SOLUSDT","interval":"1h","verdict":"WAIT","score":44,"price":79.13,"msg":"scanner"}
{"level":30,"time":1775394588290,"pid":17096,"hostname":"DESKTOP-KPAMGTB","module":"binance","symbol":"XRPUSDT","interval":"5m","verdict":"WAIT","score":44,"price":1.2842,"msg":"scanner"}
{"level":30,"time":1775394588575,"pid":17096,"hostname":"DESKTOP-KPAMGTB","module":"binance","symbol":"DOGEUSDT","interval":"5m","verdict":"WAIT","score":41,"price":0.09001,"msg":"scanner"}
{"level":30,"time":1775394588622,"pid":17096,"hostname":"DESKTOP-KPAMGTB","module":"binance","symbol":"ADAUSDT","interval":"5m","verdict":"WAIT","score":47,"price":0.2416,"msg":"scanner"}
{"level":30,"time":1775394588827,"pid":17096,"hostname":"DESKTOP-KPAMGTB","module":"binance","symbol":"AVAXUSDT","interval":"5m","verdict":"WAIT","score":38,"price":8.79,"msg":"scanner"}
{"level":30,"time":1775394589061,"pid":17096,"hostname":"DESKTOP-KPAMGTB","module":"binance","symbol":"TRXUSDT","interval":"5m","verdict":"WAIT","score":63,"price":0.3189,"msg":"scanner"}
{"level":30,"time":1775394589464,"pid":17096,"hostname":"DESKTOP-KPAMGTB","module":"binance","symbol":"DOTUSDT","interval":"5m","verdict":"WAIT","score":44,"price":1.223,"msg":"scanner"}
{"level":30,"time":1775394589475,"pid":17096,"hostname":"DESKTOP-KPAMGTB","module":"binance","symbol":"DOTUSDT","interval":"1h","verdict":"WAIT","score":47,"price":1.223,"msg":"scanner"}
{"level":30,"time":1775394589626,"pid":17096,"hostname":"DESKTOP-KPAMGTB","module":"binance","symbol":"LINKUSDT","interval":"5m","verdict":"WAIT","score":38,"price":8.51,"msg":"scanner"}
{"level":30,"time":1775394589845,"pid":17096,"hostname":"DESKTOP-KPAMGTB","module":"binance","symbol":"MATICUSDT","interval":"5m","verdict":"WAIT","score":59,"price":0.3794,"msg":"scanner"}
{"level":30,"time":1775394589925,"pid":17096,"hostname":"DESKTOP-KPAMGTB","module":"binance","symbol":"LTCUSDT","interval":"5m","verdict":"WAIT","score":50,"price":52.81,"msg":"scanner"}
{"level":30,"time":1775394589933,"pid":17096,"hostname":"DESKTOP-KPAMGTB","module":"binance","symbol":"LTCUSDT","interval":"1h","verdict":"WAIT","score":38,"price":52.81,"msg":"scanner"}
{"level":30,"time":1775394590124,"pid":17096,"hostname":"DESKTOP-KPAMGTB","module":"binance","symbol":"SHIBUSDT","interval":"5m","verdict":"WAIT","score":38,"price":0.00000582,"msg":"scanner"}
{"level":30,"time":1775394590206,"pid":17096,"hostname":"DESKTOP-KPAMGTB","module":"binance","symbol":"SHIBUSDT","interval":"1h","verdict":"WAIT","score":41,"price":0.00000582,"msg":"scanner"}
{"level":30,"time":1775394590292,"pid":17096,"hostname":"DESKTOP-KPAMGTB","module":"binance","symbol":"UNIUSDT","interval":"5m","verdict":"WAIT","score":41,"price":3.073,"msg":"scanner"}
{"level":30,"time":1775394590348,"pid":17096,"hostname":"DESKTOP-KPAMGTB","module":"binance","symbol":"UNIUSDT","interval":"1h","verdict":"WAIT","score":50,"price":3.073,"msg":"scanner"}
{"level":30,"time":1775394590500,"pid":17096,"hostname":"DESKTOP-KPAMGTB","module":"binance","symbol":"ATOMUSDT","interval":"5m","verdict":"AVOID","score":34,"price":1.678,"msg":"scanner"}
{"level":30,"time":1775394590606,"pid":17096,"hostname":"DESKTOP-KPAMGTB","module":"binance","symbol":"ATOMUSDT","interval":"1h","verdict":"AVOID","score":34,"price":1.678,"msg":"scanner"}
{"level":30,"time":1775394590664,"pid":17096,"hostname":"DESKTOP-KPAMGTB","module":"binance","symbol":"ETCUSDT","interval":"5m","verdict":"WAIT","score":41,"price":8.45,"msg":"scanner"}
{"level":30,"time":1775394590683,"pid":17096,"hostname":"DESKTOP-KPAMGTB","module":"binance","symbol":"ETCUSDT","interval":"1h","verdict":"WAIT","score":56,"price":8.45,"msg":"scanner"}
{"level":30,"time":1775394590943,"pid":17096,"hostname":"DESKTOP-KPAMGTB","module":"binance","symbol":"XLMUSDT","interval":"5m","verdict":"WAIT","score":47,"price":0.1581,"msg":"scanner"}
{"level":30,"time":1775394591139,"pid":17096,"hostname":"DESKTOP-KPAMGTB","module":"binance","symbol":"XLMUSDT","interval":"1h","verdict":"WAIT","score":47,"price":0.1581,"msg":"scanner"}
{"level":30,"time":1775394591471,"pid":17096,"hostname":"DESKTOP-KPAMGTB","module":"binance","symbol":"APTUSDT","interval":"5m","verdict":"WAIT","score":56,"price":0.834,"msg":"scanner"}
{"level":30,"time":1775394591482,"pid":17096,"hostname":"DESKTOP-KPAMGTB","module":"binance","symbol":"APTUSDT","interval":"1h","verdict":"WAIT","score":44,"price":0.834,"msg":"scanner"}
{"level":30,"time":1775394591557,"pid":17096,"hostname":"DESKTOP-KPAMGTB","module":"binance","symbol":"NEARUSDT","interval":"5m","verdict":"WAIT","score":63,"price":1.246,"msg":"scanner"}
{"level":30,"time":1775394591648,"pid":17096,"hostname":"DESKTOP-KPAMGTB","module":"binance","symbol":"NEARUSDT","interval":"1h","verdict":"WAIT","score":50,"price":1.246,"msg":"scanner"}
{"level":30,"time":1775394618289,"pid":17096,"hostname":"DESKTOP-KPAMGTB","module":"binance","symbol":"BTCUSDT","interval":"5m","verdict":"WAIT","score":41,"price":66814.85,"msg":"scanner"}
{"level":30,"time":1775394618330,"pid":17096,"hostname":"DESKTOP-KPAMGTB","module":"binance","symbol":"ETHUSDT","interval":"5m","verdict":"WAIT","score":44,"price":2030.05,"msg":"scanner"}
{"level":30,"time":1775394618555,"pid":17096,"hostname":"DESKTOP-KPAMGTB","module":"binance","symbol":"BNBUSDT","interval":"5m","verdict":"WAIT","score":47,"price":589.39,"msg":"scanner"}
{"level":30,"time":1775394618620,"pid":17096,"hostname":"DESKTOP-KPAMGTB","module":"binance","symbol":"SOLUSDT","interval":"5m","verdict":"WAIT","score":47,"price":79.13,"msg":"scanner"}
{"level":30,"time":1775394618699,"pid":17096,"hostname":"DESKTOP-KPAMGTB","module":"binance","symbol":"XRPUSDT","interval":"5m","verdict":"WAIT","score":47,"price":1.2844,"msg":"scanner"}
{"level":30,"time":1775394618879,"pid":17096,"hostname":"DESKTOP-KPAMGTB","module":"binance","symbol":"DOGEUSDT","interval":"5m","verdict":"WAIT","score":44,"price":0.09003,"msg":"scanner"}
{"level":30,"time":1775394619278,"pid":17096,"hostname":"DESKTOP-KPAMGTB","module":"binance","symbol":"AVAXUSDT","interval":"5m","verdict":"WAIT","score":44,"price":8.79,"msg":"scanner"}
{"level":30,"time":1775394619302,"pid":17096,"hostname":"DESKTOP-KPAMGTB","module":"binance","symbol":"ADAUSDT","interval":"5m","verdict":"WAIT","score":47,"price":0.2416,"msg":"scanner"}
{"level":30,"time":1775394619437,"pid":17096,"hostname":"DESKTOP-KPAMGTB","module":"binance","symbol":"TRXUSDT","interval":"5m","verdict":"BUY","score":66,"price":0.319,"msg":"scanner"}
{"level":30,"time":1775394620349,"pid":17096,"hostname":"DESKTOP-KPAMGTB","module":"binance","symbol":"LINKUSDT","interval":"5m","verdict":"WAIT","score":44,"price":8.51,"msg":"scanner"}
{"level":30,"time":1775394620445,"pid":17096,"hostname":"DESKTOP-KPAMGTB","module":"binance","symbol":"MATICUSDT","interval":"5m","verdict":"WAIT","score":59,"price":0.3794,"msg":"scanner"}
{"level":30,"time":1775394620612,"pid":17096,"hostname":"DESKTOP-KPAMGTB","module":"binance","symbol":"LTCUSDT","interval":"5m","verdict":"WAIT","score":50,"price":52.81,"msg":"scanner"}
{"level":30,"time":1775394620738,"pid":17096,"hostname":"DESKTOP-KPAMGTB","module":"binance","symbol":"SHIBUSDT","interval":"5m","verdict":"WAIT","score":38,"price":0.00000581,"msg":"scanner"}
{"level":30,"time":1775394620799,"pid":17096,"hostname":"DESKTOP-KPAMGTB","module":"binance","symbol":"UNIUSDT","interval":"5m","verdict":"WAIT","score":56,"price":3.074,"msg":"scanner"}
{"level":30,"time":1775394620969,"pid":17096,"hostname":"DESKTOP-KPAMGTB","module":"binance","symbol":"ATOMUSDT","interval":"5m","verdict":"WAIT","score":47,"price":1.678,"msg":"scanner"}
{"level":30,"time":1775394621176,"pid":17096,"hostname":"DESKTOP-KPAMGTB","module":"binance","symbol":"ETCUSDT","interval":"5m","verdict":"WAIT","score":44,"price":8.45,"msg":"scanner"}
{"level":30,"time":1775394621314,"pid":17096,"hostname":"DESKTOP-KPAMGTB","module":"binance","symbol":"XLMUSDT","interval":"5m","verdict":"AVOID","score":34,"price":0.1581,"msg":"scanner"}
{"level":30,"time":1775394649252,"pid":17096,"hostname":"DESKTOP-KPAMGTB","module":"binance","symbol":"DOTUSDT","interval":"5m","verdict":"AVOID","score":31,"price":1.222,"msg":"scanner"}
{"level":30,"time":1775394651127,"pid":17096,"hostname":"DESKTOP-KPAMGTB","module":"binance","symbol":"APTUSDT","interval":"5m","verdict":"WAIT","score":47,"price":0.834,"msg":"scanner"}
{"level":30,"time":1775394651338,"pid":17096,"hostname":"DESKTOP-KPAMGTB","module":"binance","symbol":"NEARUSDT","interval":"5m","verdict":"WAIT","score":56,"price":1.246,"msg":"scanner"}
{"level":30,"time":1775394678212,"pid":17096,"hostname":"DESKTOP-KPAMGTB","module":"binance","symbol":"BTCUSDT","interval":"5m","verdict":"WAIT","score":44,"price":66829.02,"msg":"scanner"}
{"level":30,"time":1775394678387,"pid":17096,"hostname":"DESKTOP-KPAMGTB","module":"binance","symbol":"BNBUSDT","interval":"5m","verdict":"WAIT","score":47,"price":589.61,"msg":"scanner"}
{"level":30,"time":1775394678446,"pid":17096,"hostname":"DESKTOP-KPAMGTB","module":"binance","symbol":"ETHUSDT","interval":"5m","verdict":"WAIT","score":44,"price":2030.13,"msg":"scanner"}
{"level":30,"time":1775394678592,"pid":17096,"hostname":"DESKTOP-KPAMGTB","module":"binance","symbol":"SOLUSDT","interval":"5m","verdict":"WAIT","score":47,"price":79.13,"msg":"scanner"}
{"level":30,"time":1775394678608,"pid":17096,"hostname":"DESKTOP-KPAMGTB","module":"binance","symbol":"XRPUSDT","interval":"5m","verdict":"WAIT","score":47,"price":1.2852,"msg":"scanner"}
{"level":30,"time":1775394678841,"pid":17096,"hostname":"DESKTOP-KPAMGTB","module":"binance","symbol":"DOGEUSDT","interval":"5m","verdict":"WAIT","score":41,"price":0.09006,"msg":"scanner"}
{"level":30,"time":1775394678933,"pid":17096,"hostname":"DESKTOP-KPAMGTB","module":"binance","symbol":"ADAUSDT","interval":"5m","verdict":"WAIT","score":47,"price":0.2415,"msg":"scanner"}
{"level":30,"time":1775394679137,"pid":17096,"hostname":"DESKTOP-KPAMGTB","module":"binance","symbol":"AVAXUSDT","interval":"5m","verdict":"WAIT","score":44,"price":8.79,"msg":"scanner"}
{"level":30,"time":1775394679273,"pid":17096,"hostname":"DESKTOP-KPAMGTB","module":"binance","symbol":"TRXUSDT","interval":"5m","verdict":"BUY","score":66,"price":0.319,"msg":"scanner"}
{"level":30,"time":1775394679513,"pid":17096,"hostname":"DESKTOP-KPAMGTB","module":"binance","symbol":"DOTUSDT","interval":"5m","verdict":"WAIT","score":38,"price":1.223,"msg":"scanner"}
{"level":30,"time":1775394679850,"pid":17096,"hostname":"DESKTOP-KPAMGTB","module":"binance","symbol":"LINKUSDT","interval":"5m","verdict":"WAIT","score":44,"price":8.51,"msg":"scanner"}
{"level":30,"time":1775394680032,"pid":17096,"hostname":"DESKTOP-KPAMGTB","module":"binance","symbol":"MATICUSDT","interval":"5m","verdict":"WAIT","score":59,"price":0.3794,"msg":"scanner"}
{"level":30,"time":1775394680499,"pid":17096,"hostname":"DESKTOP-KPAMGTB","module":"binance","symbol":"LTCUSDT","interval":"5m","verdict":"WAIT","score":50,"price":52.8,"msg":"scanner"}
{"level":30,"time":1775394680706,"pid":17096,"hostname":"DESKTOP-KPAMGTB","module":"binance","symbol":"SHIBUSDT","interval":"5m","verdict":"AVOID","score":34,"price":0.00000582,"msg":"scanner"}
{"level":30,"time":1775394680751,"pid":17096,"hostname":"DESKTOP-KPAMGTB","module":"binance","symbol":"UNIUSDT","interval":"5m","verdict":"WAIT","score":56,"price":3.074,"msg":"scanner"}
{"level":30,"time":1775394680948,"pid":17096,"hostname":"DESKTOP-KPAMGTB","module":"binance","symbol":"ATOMUSDT","interval":"5m","verdict":"WAIT","score":38,"price":1.681,"msg":"scanner"}
{"level":30,"time":1775394681148,"pid":17096,"hostname":"DESKTOP-KPAMGTB","module":"binance","symbol":"ETCUSDT","interval":"5m","verdict":"WAIT","score":44,"price":8.45,"msg":"scanner"}
{"level":30,"time":1775394681255,"pid":17096,"hostname":"DESKTOP-KPAMGTB","module":"binance","symbol":"XLMUSDT","interval":"5m","verdict":"WAIT","score":44,"price":0.1582,"msg":"scanner"}
{"level":30,"time":1775394681431,"pid":17096,"hostname":"DESKTOP-KPAMGTB","module":"binance","symbol":"APTUSDT","interval":"5m","verdict":"WAIT","score":47,"price":0.834,"msg":"scanner"}
{"level":30,"time":1775394708667,"pid":17096,"hostname":"DESKTOP-KPAMGTB","module":"binance","symbol":"BTCUSDT","interval":"5m","verdict":"WAIT","score":50,"price":66839.51,"msg":"scanner"}
{"level":30,"time":1775394708679,"pid":17096,"hostname":"DESKTOP-KPAMGTB","module":"binance","symbol":"BTCUSDT","interval":"1h","verdict":"WAIT","score":38,"price":66839.51,"msg":"scanner"}
{"level":30,"time":1775394708713,"pid":17096,"hostname":"DESKTOP-KPAMGTB","module":"binance","symbol":"BTCUSDT","interval":"4h","verdict":"AVOID","score":34,"price":66839.51,"msg":"scanner"}
{"level":30,"time":1775394708835,"pid":17096,"hostname":"DESKTOP-KPAMGTB","module":"binance","symbol":"ETHUSDT","interval":"1h","verdict":"AVOID","score":34,"price":2030.12,"msg":"scanner"}
{"level":30,"time":1775394708971,"pid":17096,"hostname":"DESKTOP-KPAMGTB","module":"binance","symbol":"ETHUSDT","interval":"4h","verdict":"WAIT","score":41,"price":2030.13,"msg":"scanner"}
{"level":30,"time":1775394709006,"pid":17096,"hostname":"DESKTOP-KPAMGTB","module":"binance","symbol":"BNBUSDT","interval":"5m","verdict":"WAIT","score":47,"price":589.63,"msg":"scanner"}
{"level":30,"time":1775394709018,"pid":17096,"hostname":"DESKTOP-KPAMGTB","module":"binance","symbol":"BNBUSDT","interval":"1h","verdict":"AVOID","score":34,"price":589.63,"msg":"scanner"}
{"level":30,"time":1775394709115,"pid":17096,"hostname":"DESKTOP-KPAMGTB","module":"binance","symbol":"BNBUSDT","interval":"4h","verdict":"WAIT","score":41,"price":589.63,"msg":"scanner"}
{"level":30,"time":1775394709312,"pid":17096,"hostname":"DESKTOP-KPAMGTB","module":"binance","symbol":"SOLUSDT","interval":"5m","verdict":"WAIT","score":47,"price":79.13,"msg":"scanner"}
{"level":30,"time":1775394709345,"pid":17096,"hostname":"DESKTOP-KPAMGTB","module":"binance","symbol":"SOLUSDT","interval":"4h","verdict":"AVOID","score":31,"price":79.13,"msg":"scanner"}
{"level":30,"time":1775394709352,"pid":17096,"hostname":"DESKTOP-KPAMGTB","module":"binance","symbol":"SOLUSDT","interval":"1h","verdict":"WAIT","score":44,"price":79.13,"msg":"scanner"}
{"level":30,"time":1775394709418,"pid":17096,"hostname":"DESKTOP-KPAMGTB","module":"binance","symbol":"XRPUSDT","interval":"5m","verdict":"WAIT","score":47,"price":1.2847,"msg":"scanner"}
{"level":30,"time":1775394709621,"pid":17096,"hostname":"DESKTOP-KPAMGTB","module":"binance","symbol":"XRPUSDT","interval":"1h","verdict":"WAIT","score":38,"price":1.2847,"msg":"scanner"}
{"level":30,"time":1775394709653,"pid":17096,"hostname":"DESKTOP-KPAMGTB","module":"binance","symbol":"XRPUSDT","interval":"4h","verdict":"WAIT","score":38,"price":1.2847,"msg":"scanner"}
{"level":30,"time":1775394709722,"pid":17096,"hostname":"DESKTOP-KPAMGTB","module":"binance","symbol":"DOGEUSDT","interval":"5m","verdict":"WAIT","score":41,"price":0.09007,"msg":"scanner"}
{"level":30,"time":1775394709732,"pid":17096,"hostname":"DESKTOP-KPAMGTB","module":"binance","symbol":"DOGEUSDT","interval":"1h","verdict":"WAIT","score":44,"price":0.09007,"msg":"scanner"}
{"level":30,"time":1775394709936,"pid":17096,"hostname":"DESKTOP-KPAMGTB","module":"binance","symbol":"DOGEUSDT","interval":"4h","verdict":"AVOID","score":34,"price":0.09007,"msg":"scanner"}
{"level":30,"time":1775394709959,"pid":17096,"hostname":"DESKTOP-KPAMGTB","module":"binance","symbol":"ADAUSDT","interval":"5m","verdict":"WAIT","score":47,"price":0.2415,"msg":"scanner"}
{"level":30,"time":1775394710057,"pid":17096,"hostname":"DESKTOP-KPAMGTB","module":"binance","symbol":"ADAUSDT","interval":"1h","verdict":"WAIT","score":47,"price":0.2415,"msg":"scanner"}
{"level":30,"time":1775394710075,"pid":17096,"hostname":"DESKTOP-KPAMGTB","module":"binance","symbol":"ADAUSDT","interval":"4h","verdict":"AVOID","score":31,"price":0.2415,"msg":"scanner"}
{"level":30,"time":1775394710342,"pid":17096,"hostname":"DESKTOP-KPAMGTB","module":"binance","symbol":"AVAXUSDT","interval":"1h","verdict":"WAIT","score":50,"price":8.79,"msg":"scanner"}
{"level":30,"time":1775394710359,"pid":17096,"hostname":"DESKTOP-KPAMGTB","module":"binance","symbol":"AVAXUSDT","interval":"5m","verdict":"WAIT","score":44,"price":8.79,"msg":"scanner"}
{"level":30,"time":1775394710389,"pid":17096,"hostname":"DESKTOP-KPAMGTB","module":"binance","symbol":"AVAXUSDT","interval":"4h","verdict":"AVOID","score":31,"price":8.79,"msg":"scanner"}
{"level":30,"time":1775394710641,"pid":17096,"hostname":"DESKTOP-KPAMGTB","module":"binance","symbol":"TRXUSDT","interval":"1h","verdict":"WAIT","score":63,"price":0.319,"msg":"scanner"}
{"level":30,"time":1775394710758,"pid":17096,"hostname":"DESKTOP-KPAMGTB","module":"binance","symbol":"TRXUSDT","interval":"4h","verdict":"WAIT","score":56,"price":0.319,"msg":"scanner"}
{"level":30,"time":1775394710777,"pid":17096,"hostname":"DESKTOP-KPAMGTB","module":"binance","symbol":"DOTUSDT","interval":"5m","verdict":"WAIT","score":38,"price":1.223,"msg":"scanner"}
{"level":30,"time":1775394710839,"pid":17096,"hostname":"DESKTOP-KPAMGTB","module":"binance","symbol":"TRXUSDT","interval":"5m","verdict":"BUY","score":66,"price":0.319,"msg":"scanner"}
{"level":30,"time":1775394710919,"pid":17096,"hostname":"DESKTOP-KPAMGTB","module":"binance","symbol":"DOTUSDT","interval":"1h","verdict":"WAIT","score":47,"price":1.223,"msg":"scanner"}
{"level":30,"time":1775394711085,"pid":17096,"hostname":"DESKTOP-KPAMGTB","module":"binance","symbol":"DOTUSDT","interval":"4h","verdict":"AVOID","score":34,"price":1.223,"msg":"scanner"}
{"level":30,"time":1775394711146,"pid":17096,"hostname":"DESKTOP-KPAMGTB","module":"binance","symbol":"LINKUSDT","interval":"5m","verdict":"WAIT","score":44,"price":8.51,"msg":"scanner"}
{"level":30,"time":1775394711281,"pid":17096,"hostname":"DESKTOP-KPAMGTB","module":"binance","symbol":"LINKUSDT","interval":"1h","verdict":"WAIT","score":44,"price":8.51,"msg":"scanner"}
{"level":30,"time":1775394711308,"pid":17096,"hostname":"DESKTOP-KPAMGTB","module":"binance","symbol":"LINKUSDT","interval":"4h","verdict":"AVOID","score":34,"price":8.51,"msg":"scanner"}
{"level":30,"time":1775394711425,"pid":17096,"hostname":"DESKTOP-KPAMGTB","module":"binance","symbol":"MATICUSDT","interval":"5m","verdict":"WAIT","score":59,"price":0.3794,"msg":"scanner"}
{"level":30,"time":1775394711590,"pid":17096,"hostname":"DESKTOP-KPAMGTB","module":"binance","symbol":"MATICUSDT","interval":"1h","verdict":"WAIT","score":47,"price":0.3794,"msg":"scanner"}
{"level":30,"time":1775394711739,"pid":17096,"hostname":"DESKTOP-KPAMGTB","module":"binance","symbol":"MATICUSDT","interval":"4h","verdict":"WAIT","score":41,"price":0.3794,"msg":"scanner"}
{"level":30,"time":1775394711751,"pid":17096,"hostname":"DESKTOP-KPAMGTB","module":"binance","symbol":"LTCUSDT","interval":"5m","verdict":"WAIT","score":50,"price":52.81,"msg":"scanner"}
{"level":30,"time":1775394711783,"pid":17096,"hostname":"DESKTOP-KPAMGTB","module":"binance","symbol":"LTCUSDT","interval":"1h","verdict":"WAIT","score":38,"price":52.81,"msg":"scanner"}
{"level":30,"time":1775394712005,"pid":17096,"hostname":"DESKTOP-KPAMGTB","module":"binance","symbol":"LTCUSDT","interval":"4h","verdict":"WAIT","score":38,"price":52.81,"msg":"scanner"}
{"level":30,"time":1775394712096,"pid":17096,"hostname":"DESKTOP-KPAMGTB","module":"binance","symbol":"SHIBUSDT","interval":"5m","verdict":"WAIT","score":38,"price":0.00000581,"msg":"scanner"}
{"level":30,"time":1775394712116,"pid":17096,"hostname":"DESKTOP-KPAMGTB","module":"binance","symbol":"SHIBUSDT","interval":"1h","verdict":"WAIT","score":44,"price":0.00000581,"msg":"scanner"}
{"level":30,"time":1775394712448,"pid":17096,"hostname":"DESKTOP-KPAMGTB","module":"binance","symbol":"UNIUSDT","interval":"5m","verdict":"WAIT","score":56,"price":3.075,"msg":"scanner"}
{"level":30,"time":1775394712492,"pid":17096,"hostname":"DESKTOP-KPAMGTB","module":"binance","symbol":"UNIUSDT","interval":"1h","verdict":"WAIT","score":47,"price":3.075,"msg":"scanner"}
{"level":30,"time":1775394712504,"pid":17096,"hostname":"DESKTOP-KPAMGTB","module":"binance","symbol":"UNIUSDT","interval":"4h","verdict":"WAIT","score":50,"price":3.075,"msg":"scanner"}
{"level":30,"time":1775394712750,"pid":17096,"hostname":"DESKTOP-KPAMGTB","module":"binance","symbol":"SHIBUSDT","interval":"4h","verdict":"WAIT","score":38,"price":0.00000581,"msg":"scanner"}
{"level":30,"time":1775394712772,"pid":17096,"hostname":"DESKTOP-KPAMGTB","module":"binance","symbol":"ATOMUSDT","interval":"5m","verdict":"WAIT","score":38,"price":1.681,"msg":"scanner"}
{"level":30,"time":1775394712885,"pid":17096,"hostname":"DESKTOP-KPAMGTB","module":"binance","symbol":"ATOMUSDT","interval":"1h","verdict":"WAIT","score":44,"price":1.681,"msg":"scanner"}
{"level":30,"time":1775394712899,"pid":17096,"hostname":"DESKTOP-KPAMGTB","module":"binance","symbol":"ATOMUSDT","interval":"4h","verdict":"AVOID","score":34,"price":1.681,"msg":"scanner"}
{"level":30,"time":1775394713106,"pid":17096,"hostname":"DESKTOP-KPAMGTB","module":"binance","symbol":"ETCUSDT","interval":"5m","verdict":"WAIT","score":44,"price":8.45,"msg":"scanner"}
{"level":30,"time":1775394713189,"pid":17096,"hostname":"DESKTOP-KPAMGTB","module":"binance","symbol":"ETCUSDT","interval":"1h","verdict":"WAIT","score":56,"price":8.45,"msg":"scanner"}
{"level":30,"time":1775394713278,"pid":17096,"hostname":"DESKTOP-KPAMGTB","module":"binance","symbol":"ETCUSDT","interval":"4h","verdict":"WAIT","score":56,"price":8.45,"msg":"scanner"}
{"level":30,"time":1775394713297,"pid":17096,"hostname":"DESKTOP-KPAMGTB","module":"binance","symbol":"XLMUSDT","interval":"5m","verdict":"WAIT","score":44,"price":0.1582,"msg":"scanner"}
{"level":30,"time":1775394713399,"pid":17096,"hostname":"DESKTOP-KPAMGTB","module":"binance","symbol":"XLMUSDT","interval":"1h","verdict":"WAIT","score":47,"price":0.1582,"msg":"scanner"}
{"level":30,"time":1775394713585,"pid":17096,"hostname":"DESKTOP-KPAMGTB","module":"binance","symbol":"XLMUSDT","interval":"4h","verdict":"AVOID","score":34,"price":0.1582,"msg":"scanner"}
{"level":30,"time":1775394713742,"pid":17096,"hostname":"DESKTOP-KPAMGTB","module":"binance","symbol":"APTUSDT","interval":"4h","verdict":"WAIT","score":47,"price":0.835,"msg":"scanner"}
{"level":30,"time":1775394713877,"pid":17096,"hostname":"DESKTOP-KPAMGTB","module":"binance","symbol":"NEARUSDT","interval":"5m","verdict":"WAIT","score":59,"price":1.245,"msg":"scanner"}
{"level":30,"time":1775394713917,"pid":17096,"hostname":"DESKTOP-KPAMGTB","module":"binance","symbol":"APTUSDT","interval":"5m","verdict":"WAIT","score":59,"price":0.835,"msg":"scanner"}
{"level":30,"time":1775394714045,"pid":17096,"hostname":"DESKTOP-KPAMGTB","module":"binance","symbol":"NEARUSDT","interval":"1h","verdict":"WAIT","score":50,"price":1.245,"msg":"scanner"}
{"level":30,"time":1775394714196,"pid":17096,"hostname":"DESKTOP-KPAMGTB","module":"binance","symbol":"NEARUSDT","interval":"4h","verdict":"WAIT","score":59,"price":1.245,"msg":"scanner"}
{"level":30,"time":1775394714296,"pid":17096,"hostname":"DESKTOP-KPAMGTB","module":"binance","symbol":"APTUSDT","interval":"1h","verdict":"WAIT","score":41,"price":0.835,"msg":"scanner"}
{"level":30,"time":1775394738652,"pid":17096,"hostname":"DESKTOP-KPAMGTB","module":"binance","symbol":"ETHUSDT","interval":"5m","verdict":"WAIT","score":44,"price":2029.32,"msg":"scanner"}
{"level":30,"time":1775394769013,"pid":17096,"hostname":"DESKTOP-KPAMGTB","module":"binance","symbol":"BTCUSDT","interval":"5m","verdict":"WAIT","score":44,"price":66824.28,"msg":"scanner"}
{"level":30,"time":1775394769027,"pid":17096,"hostname":"DESKTOP-KPAMGTB","module":"binance","symbol":"ETHUSDT","interval":"5m","verdict":"WAIT","score":44,"price":2029.31,"msg":"scanner"}
{"level":30,"time":1775394769223,"pid":17096,"hostname":"DESKTOP-KPAMGTB","module":"binance","symbol":"BNBUSDT","interval":"5m","verdict":"WAIT","score":44,"price":589.14,"msg":"scanner"}
{"level":30,"time":1775394769343,"pid":17096,"hostname":"DESKTOP-KPAMGTB","module":"binance","symbol":"SOLUSDT","interval":"5m","verdict":"WAIT","score":47,"price":79.13,"msg":"scanner"}
{"level":30,"time":1775394769424,"pid":17096,"hostname":"DESKTOP-KPAMGTB","module":"binance","symbol":"XRPUSDT","interval":"5m","verdict":"WAIT","score":47,"price":1.2842,"msg":"scanner"}
{"level":30,"time":1775394769567,"pid":17096,"hostname":"DESKTOP-KPAMGTB","module":"binance","symbol":"DOGEUSDT","interval":"5m","verdict":"WAIT","score":44,"price":0.09003,"msg":"scanner"}
{"level":30,"time":1775394769759,"pid":17096,"hostname":"DESKTOP-KPAMGTB","module":"binance","symbol":"ADAUSDT","interval":"5m","verdict":"WAIT","score":47,"price":0.2414,"msg":"scanner"}
{"level":30,"time":1775394769930,"pid":17096,"hostname":"DESKTOP-KPAMGTB","module":"binance","symbol":"AVAXUSDT","interval":"5m","verdict":"WAIT","score":44,"price":8.79,"msg":"scanner"}
{"level":30,"time":1775394770149,"pid":17096,"hostname":"DESKTOP-KPAMGTB","module":"binance","symbol":"TRXUSDT","interval":"5m","verdict":"BUY","score":66,"price":0.319,"msg":"scanner"}
{"level":30,"time":1775394770336,"pid":17096,"hostname":"DESKTOP-KPAMGTB","module":"binance","symbol":"DOTUSDT","interval":"5m","verdict":"WAIT","score":38,"price":1.223,"msg":"scanner"}
{"level":30,"time":1775394770494,"pid":17096,"hostname":"DESKTOP-KPAMGTB","module":"binance","symbol":"LINKUSDT","interval":"5m","verdict":"WAIT","score":44,"price":8.51,"msg":"scanner"}
{"level":30,"time":1775394770840,"pid":17096,"hostname":"DESKTOP-KPAMGTB","module":"binance","symbol":"MATICUSDT","interval":"5m","verdict":"WAIT","score":59,"price":0.3794,"msg":"scanner"}
{"level":30,"time":1775394771067,"pid":17096,"hostname":"DESKTOP-KPAMGTB","module":"binance","symbol":"LTCUSDT","interval":"5m","verdict":"WAIT","score":50,"price":52.8,"msg":"scanner"}
{"level":30,"time":1775394771245,"pid":17096,"hostname":"DESKTOP-KPAMGTB","module":"binance","symbol":"SHIBUSDT","interval":"5m","verdict":"WAIT","score":38,"price":0.00000581,"msg":"scanner"}
{"level":30,"time":1775394771336,"pid":17096,"hostname":"DESKTOP-KPAMGTB","module":"binance","symbol":"UNIUSDT","interval":"5m","verdict":"WAIT","score":56,"price":3.075,"msg":"scanner"}
{"level":30,"time":1775394771787,"pid":17096,"hostname":"DESKTOP-KPAMGTB","module":"binance","symbol":"ATOMUSDT","interval":"5m","verdict":"WAIT","score":38,"price":1.679,"msg":"scanner"}
{"level":30,"time":1775394772080,"pid":17096,"hostname":"DESKTOP-KPAMGTB","module":"binance","symbol":"ETCUSDT","interval":"5m","verdict":"WAIT","score":44,"price":8.45,"msg":"scanner"}
{"level":30,"time":1775394772463,"pid":17096,"hostname":"DESKTOP-KPAMGTB","module":"binance","symbol":"APTUSDT","interval":"5m","verdict":"WAIT","score":59,"price":0.835,"msg":"scanner"}
{"level":30,"time":1775394772585,"pid":17096,"hostname":"DESKTOP-KPAMGTB","module":"binance","symbol":"NEARUSDT","interval":"5m","verdict":"WAIT","score":56,"price":1.246,"msg":"scanner"}
{"level":30,"time":1775394772595,"pid":17096,"hostname":"DESKTOP-KPAMGTB","module":"binance","symbol":"XLMUSDT","interval":"5m","verdict":"WAIT","score":44,"price":0.1582,"msg":"scanner"}
{"level":30,"time":1775394828649,"pid":17096,"hostname":"DESKTOP-KPAMGTB","module":"binance","symbol":"BTCUSDT","interval":"5m","verdict":"WAIT","score":41,"price":66794.67,"msg":"scanner"}
{"level":30,"time":1775394828677,"pid":17096,"hostname":"DESKTOP-KPAMGTB","module":"binance","symbol":"ETHUSDT","interval":"5m","verdict":"WAIT","score":44,"price":2027.75,"msg":"scanner"}
{"level":30,"time":1775394828970,"pid":17096,"hostname":"DESKTOP-KPAMGTB","module":"binance","symbol":"BNBUSDT","interval":"5m","verdict":"WAIT","score":44,"price":588.71,"msg":"scanner"}
{"level":30,"time":1775394829045,"pid":17096,"hostname":"DESKTOP-KPAMGTB","module":"binance","symbol":"SOLUSDT","interval":"5m","verdict":"WAIT","score":50,"price":78.96,"msg":"scanner"}
{"level":30,"time":1775394829128,"pid":17096,"hostname":"DESKTOP-KPAMGTB","module":"binance","symbol":"XRPUSDT","interval":"5m","verdict":"WAIT","score":44,"price":1.2837,"msg":"scanner"}
{"level":30,"time":1775394829351,"pid":17096,"hostname":"DESKTOP-KPAMGTB","module":"binance","symbol":"DOGEUSDT","interval":"5m","verdict":"WAIT","score":41,"price":0.08998,"msg":"scanner"}
{"level":30,"time":1775394829540,"pid":17096,"hostname":"DESKTOP-KPAMGTB","module":"binance","symbol":"ADAUSDT","interval":"5m","verdict":"WAIT","score":41,"price":0.2413,"msg":"scanner"}
{"level":30,"time":1775394829622,"pid":17096,"hostname":"DESKTOP-KPAMGTB","module":"binance","symbol":"AVAXUSDT","interval":"5m","verdict":"WAIT","score":44,"price":8.79,"msg":"scanner"}
{"level":30,"time":1775394829838,"pid":17096,"hostname":"DESKTOP-KPAMGTB","module":"binance","symbol":"TRXUSDT","interval":"5m","verdict":"BUY","score":66,"price":0.319,"msg":"scanner"}
{"level":30,"time":1775394830390,"pid":17096,"hostname":"DESKTOP-KPAMGTB","module":"binance","symbol":"DOTUSDT","interval":"5m","verdict":"AVOID","score":31,"price":1.222,"msg":"scanner"}
{"level":30,"time":1775394830493,"pid":17096,"hostname":"DESKTOP-KPAMGTB","module":"binance","symbol":"LINKUSDT","interval":"5m","verdict":"AVOID","score":31,"price":8.5,"msg":"scanner"}
{"level":30,"time":1775394830682,"pid":17096,"hostname":"DESKTOP-KPAMGTB","module":"binance","symbol":"MATICUSDT","interval":"5m","verdict":"WAIT","score":59,"price":0.3794,"msg":"scanner"}
{"level":30,"time":1775394831072,"pid":17096,"hostname":"DESKTOP-KPAMGTB","module":"binance","symbol":"SHIBUSDT","interval":"5m","verdict":"AVOID","score":34,"price":0.00000582,"msg":"scanner"}
{"level":30,"time":1775394831216,"pid":17096,"hostname":"DESKTOP-KPAMGTB","module":"binance","symbol":"LTCUSDT","interval":"5m","verdict":"WAIT","score":44,"price":52.78,"msg":"scanner"}
{"level":30,"time":1775394831289,"pid":17096,"hostname":"DESKTOP-KPAMGTB","module":"binance","symbol":"UNIUSDT","interval":"5m","verdict":"WAIT","score":50,"price":3.072,"msg":"scanner"}
{"level":30,"time":1775394831440,"pid":17096,"hostname":"DESKTOP-KPAMGTB","module":"binance","symbol":"ATOMUSDT","interval":"5m","verdict":"WAIT","score":38,"price":1.679,"msg":"scanner"}
{"level":30,"time":1775394831545,"pid":17096,"hostname":"DESKTOP-KPAMGTB","module":"binance","symbol":"ETCUSDT","interval":"5m","verdict":"WAIT","score":44,"price":8.45,"msg":"scanner"}
{"level":30,"time":1775394831646,"pid":17096,"hostname":"DESKTOP-KPAMGTB","module":"binance","symbol":"XLMUSDT","interval":"5m","verdict":"AVOID","score":34,"price":0.1581,"msg":"scanner"}
{"level":30,"time":1775394831894,"pid":17096,"hostname":"DESKTOP-KPAMGTB","module":"binance","symbol":"APTUSDT","interval":"5m","verdict":"WAIT","score":59,"price":0.835,"msg":"scanner"}
{"level":30,"time":1775394832172,"pid":17096,"hostname":"DESKTOP-KPAMGTB","module":"binance","symbol":"NEARUSDT","interval":"5m","verdict":"WAIT","score":59,"price":1.245,"msg":"scanner"}
{"level":30,"time":1775394858862,"pid":17096,"hostname":"DESKTOP-KPAMGTB","module":"binance","symbol":"BTCUSDT","interval":"1h","verdict":"AVOID","score":34,"price":66780.47,"msg":"scanner"}
{"level":30,"time":1775394859210,"pid":17096,"hostname":"DESKTOP-KPAMGTB","module":"binance","symbol":"ETHUSDT","interval":"1h","verdict":"AVOID","score":34,"price":2027.94,"msg":"scanner"}
{"level":30,"time":1775394859250,"pid":17096,"hostname":"DESKTOP-KPAMGTB","module":"binance","symbol":"BNBUSDT","interval":"1h","verdict":"AVOID","score":34,"price":588.52,"msg":"scanner"}
{"level":30,"time":1775394859410,"pid":17096,"hostname":"DESKTOP-KPAMGTB","module":"binance","symbol":"SOLUSDT","interval":"1h","verdict":"WAIT","score":41,"price":78.93,"msg":"scanner"}
{"level":30,"time":1775394859458,"pid":17096,"hostname":"DESKTOP-KPAMGTB","module":"binance","symbol":"XRPUSDT","interval":"5m","verdict":"WAIT","score":44,"price":1.2834,"msg":"scanner"}
{"level":30,"time":1775394859546,"pid":17096,"hostname":"DESKTOP-KPAMGTB","module":"binance","symbol":"XRPUSDT","interval":"1h","verdict":"WAIT","score":38,"price":1.2834,"msg":"scanner"}
{"level":30,"time":1775394859716,"pid":17096,"hostname":"DESKTOP-KPAMGTB","module":"binance","symbol":"DOGEUSDT","interval":"1h","verdict":"WAIT","score":44,"price":0.08997,"msg":"scanner"}
{"level":30,"time":1775394859877,"pid":17096,"hostname":"DESKTOP-KPAMGTB","module":"binance","symbol":"ADAUSDT","interval":"5m","verdict":"WAIT","score":44,"price":0.2412,"msg":"scanner"}
{"level":30,"time":1775394859889,"pid":17096,"hostname":"DESKTOP-KPAMGTB","module":"binance","symbol":"ADAUSDT","interval":"1h","verdict":"WAIT","score":50,"price":0.2412,"msg":"scanner"}
{"level":30,"time":1775394860110,"pid":17096,"hostname":"DESKTOP-KPAMGTB","module":"binance","symbol":"AVAXUSDT","interval":"5m","verdict":"AVOID","score":34,"price":8.78,"msg":"scanner"}
{"level":30,"time":1775394860307,"pid":17096,"hostname":"DESKTOP-KPAMGTB","module":"binance","symbol":"TRXUSDT","interval":"5m","verdict":"BUY","score":69,"price":0.3189,"msg":"scanner"}
{"level":30,"time":1775394860358,"pid":17096,"hostname":"DESKTOP-KPAMGTB","module":"binance","symbol":"TRXUSDT","interval":"1h","verdict":"WAIT","score":63,"price":0.3189,"msg":"scanner"}
{"level":30,"time":1775394860372,"pid":17096,"hostname":"DESKTOP-KPAMGTB","module":"binance","symbol":"AVAXUSDT","interval":"1h","verdict":"WAIT","score":50,"price":8.78,"msg":"scanner"}
{"level":30,"time":1775394860851,"pid":17096,"hostname":"DESKTOP-KPAMGTB","module":"binance","symbol":"DOTUSDT","interval":"5m","verdict":"WAIT","score":38,"price":1.221,"msg":"scanner"}
{"level":30,"time":1775394860867,"pid":17096,"hostname":"DESKTOP-KPAMGTB","module":"binance","symbol":"DOTUSDT","interval":"1h","verdict":"WAIT","score":41,"price":1.221,"msg":"scanner"}
{"level":30,"time":1775394860914,"pid":17096,"hostname":"DESKTOP-KPAMGTB","module":"binance","symbol":"LINKUSDT","interval":"5m","verdict":"WAIT","score":44,"price":8.51,"msg":"scanner"}
{"level":30,"time":1775394861370,"pid":17096,"hostname":"DESKTOP-KPAMGTB","module":"binance","symbol":"MATICUSDT","interval":"5m","verdict":"WAIT","score":59,"price":0.3794,"msg":"scanner"}
{"level":30,"time":1775394861385,"pid":17096,"hostname":"DESKTOP-KPAMGTB","module":"binance","symbol":"MATICUSDT","interval":"1h","verdict":"WAIT","score":47,"price":0.3794,"msg":"scanner"}
{"level":30,"time":1775394861551,"pid":17096,"hostname":"DESKTOP-KPAMGTB","module":"binance","symbol":"LTCUSDT","interval":"1h","verdict":"WAIT","score":44,"price":52.75,"msg":"scanner"}
{"level":30,"time":1775394861587,"pid":17096,"hostname":"DESKTOP-KPAMGTB","module":"binance","symbol":"LINKUSDT","interval":"1h","verdict":"WAIT","score":44,"price":8.51,"msg":"scanner"}
{"level":30,"time":1775394861773,"pid":17096,"hostname":"DESKTOP-KPAMGTB","module":"binance","symbol":"SHIBUSDT","interval":"1h","verdict":"WAIT","score":44,"price":0.00000581,"msg":"scanner"}
{"level":30,"time":1775394861826,"pid":17096,"hostname":"DESKTOP-KPAMGTB","module":"binance","symbol":"SHIBUSDT","interval":"5m","verdict":"WAIT","score":38,"price":0.00000581,"msg":"scanner"}
{"level":30,"time":1775394861880,"pid":17096,"hostname":"DESKTOP-KPAMGTB","module":"binance","symbol":"UNIUSDT","interval":"5m","verdict":"WAIT","score":44,"price":3.071,"msg":"scanner"}
{"level":30,"time":1775394861935,"pid":17096,"hostname":"DESKTOP-KPAMGTB","module":"binance","symbol":"UNIUSDT","interval":"1h","verdict":"WAIT","score":50,"price":3.071,"msg":"scanner"}
{"level":30,"time":1775394862155,"pid":17096,"hostname":"DESKTOP-KPAMGTB","module":"binance","symbol":"ATOMUSDT","interval":"5m","verdict":"WAIT","score":38,"price":1.679,"msg":"scanner"}
{"level":30,"time":1775394862174,"pid":17096,"hostname":"DESKTOP-KPAMGTB","module":"binance","symbol":"ATOMUSDT","interval":"1h","verdict":"AVOID","score":34,"price":1.679,"msg":"scanner"}
{"level":30,"time":1775394862401,"pid":17096,"hostname":"DESKTOP-KPAMGTB","module":"binance","symbol":"ETCUSDT","interval":"5m","verdict":"WAIT","score":44,"price":8.44,"msg":"scanner"}
{"level":30,"time":1775394862494,"pid":17096,"hostname":"DESKTOP-KPAMGTB","module":"binance","symbol":"ETCUSDT","interval":"1h","verdict":"WAIT","score":56,"price":8.44,"msg":"scanner"}
{"level":30,"time":1775394862529,"pid":17096,"hostname":"DESKTOP-KPAMGTB","module":"binance","symbol":"XLMUSDT","interval":"5m","verdict":"AVOID","score":34,"price":0.158,"msg":"scanner"}
{"level":30,"time":1775394862636,"pid":17096,"hostname":"DESKTOP-KPAMGTB","module":"binance","symbol":"XLMUSDT","interval":"1h","verdict":"WAIT","score":47,"price":0.158,"msg":"scanner"}
{"level":30,"time":1775394862804,"pid":17096,"hostname":"DESKTOP-KPAMGTB","module":"binance","symbol":"APTUSDT","interval":"5m","verdict":"WAIT","score":47,"price":0.834,"msg":"scanner"}
{"level":30,"time":1775394862895,"pid":17096,"hostname":"DESKTOP-KPAMGTB","module":"binance","symbol":"APTUSDT","interval":"1h","verdict":"WAIT","score":44,"price":0.834,"msg":"scanner"}
{"level":30,"time":1775394862913,"pid":17096,"hostname":"DESKTOP-KPAMGTB","module":"binance","symbol":"NEARUSDT","interval":"5m","verdict":"WAIT","score":50,"price":1.244,"msg":"scanner"}
{"level":30,"time":1775394863086,"pid":17096,"hostname":"DESKTOP-KPAMGTB","module":"binance","symbol":"NEARUSDT","interval":"1h","verdict":"WAIT","score":56,"price":1.244,"msg":"scanner"}
{"level":30,"time":1775394888831,"pid":17096,"hostname":"DESKTOP-KPAMGTB","module":"binance","symbol":"BTCUSDT","interval":"5m","verdict":"WAIT","score":41,"price":66760.95,"msg":"scanner"}
{"level":30,"time":1775394888842,"pid":17096,"hostname":"DESKTOP-KPAMGTB","module":"binance","symbol":"ETHUSDT","interval":"5m","verdict":"WAIT","score":41,"price":2026.43,"msg":"scanner"}
{"level":30,"time":1775394889129,"pid":17096,"hostname":"DESKTOP-KPAMGTB","module":"binance","symbol":"BNBUSDT","interval":"5m","verdict":"WAIT","score":38,"price":588.15,"msg":"scanner"}
{"level":30,"time":1775394889229,"pid":17096,"hostname":"DESKTOP-KPAMGTB","module":"binance","symbol":"SOLUSDT","interval":"5m","verdict":"WAIT","score":44,"price":78.91,"msg":"scanner"}
{"level":30,"time":1775394889435,"pid":17096,"hostname":"DESKTOP-KPAMGTB","module":"binance","symbol":"DOGEUSDT","interval":"5m","verdict":"AVOID","score":31,"price":0.0899,"msg":"scanner"}
{"level":30,"time":1775394890866,"pid":17096,"hostname":"DESKTOP-KPAMGTB","module":"binance","symbol":"LTCUSDT","interval":"5m","verdict":"WAIT","score":41,"price":52.74,"msg":"scanner"}
{"level":30,"time":1775394919249,"pid":17096,"hostname":"DESKTOP-KPAMGTB","module":"binance","symbol":"XRPUSDT","interval":"5m","verdict":"WAIT","score":41,"price":1.2825,"msg":"scanner"}
{"level":30,"time":1775394919412,"pid":17096,"hostname":"DESKTOP-KPAMGTB","module":"binance","symbol":"ADAUSDT","interval":"5m","verdict":"AVOID","score":34,"price":0.2409,"msg":"scanner"}
{"level":30,"time":1775394919521,"pid":17096,"hostname":"DESKTOP-KPAMGTB","module":"binance","symbol":"AVAXUSDT","interval":"5m","verdict":"AVOID","score":28,"price":8.77,"msg":"scanner"}
{"level":30,"time":1775394919682,"pid":17096,"hostname":"DESKTOP-KPAMGTB","module":"binance","symbol":"TRXUSDT","interval":"5m","verdict":"BUY","score":66,"price":0.319,"msg":"scanner"}
{"level":30,"time":1775394919833,"pid":17096,"hostname":"DESKTOP-KPAMGTB","module":"binance","symbol":"DOTUSDT","interval":"5m","verdict":"WAIT","score":38,"price":1.22,"msg":"scanner"}
{"level":30,"time":1775394920141,"pid":17096,"hostname":"DESKTOP-KPAMGTB","module":"binance","symbol":"LINKUSDT","interval":"5m","verdict":"AVOID","score":31,"price":8.49,"msg":"scanner"}
{"level":30,"time":1775394920397,"pid":17096,"hostname":"DESKTOP-KPAMGTB","module":"binance","symbol":"MATICUSDT","interval":"5m","verdict":"WAIT","score":59,"price":0.3794,"msg":"scanner"}
{"level":30,"time":1775394921130,"pid":17096,"hostname":"DESKTOP-KPAMGTB","module":"binance","symbol":"SHIBUSDT","interval":"5m","verdict":"AVOID","score":34,"price":0.00000581,"msg":"scanner"}
{"level":30,"time":1775394921159,"pid":17096,"hostname":"DESKTOP-KPAMGTB","module":"binance","symbol":"UNIUSDT","interval":"5m","verdict":"AVOID","score":31,"price":3.068,"msg":"scanner"}
{"level":30,"time":1775394921538,"pid":17096,"hostname":"DESKTOP-KPAMGTB","module":"binance","symbol":"ATOMUSDT","interval":"5m","verdict":"WAIT","score":47,"price":1.678,"msg":"scanner"}
{"level":30,"time":1775394921595,"pid":17096,"hostname":"DESKTOP-KPAMGTB","module":"binance","symbol":"ETCUSDT","interval":"5m","verdict":"WAIT","score":44,"price":8.44,"msg":"scanner"}
{"level":30,"time":1775394921831,"pid":17096,"hostname":"DESKTOP-KPAMGTB","module":"binance","symbol":"XLMUSDT","interval":"5m","verdict":"WAIT","score":41,"price":0.1581,"msg":"scanner"}
{"level":30,"time":1775394921970,"pid":17096,"hostname":"DESKTOP-KPAMGTB","module":"binance","symbol":"APTUSDT","interval":"5m","verdict":"WAIT","score":53,"price":0.834,"msg":"scanner"}
{"level":30,"time":1775394922272,"pid":17096,"hostname":"DESKTOP-KPAMGTB","module":"binance","symbol":"NEARUSDT","interval":"5m","verdict":"WAIT","score":41,"price":1.243,"msg":"scanner"}
{"level":30,"time":1775394949058,"pid":17096,"hostname":"DESKTOP-KPAMGTB","module":"binance","symbol":"BTCUSDT","interval":"5m","verdict":"AVOID","score":34,"price":66760.94,"msg":"scanner"}
{"level":30,"time":1775394949070,"pid":17096,"hostname":"DESKTOP-KPAMGTB","module":"binance","symbol":"ETHUSDT","interval":"5m","verdict":"WAIT","score":38,"price":2027,"msg":"scanner"}
{"level":30,"time":1775394949304,"pid":17096,"hostname":"DESKTOP-KPAMGTB","module":"binance","symbol":"BNBUSDT","interval":"5m","verdict":"WAIT","score":44,"price":588.36,"msg":"scanner"}
{"level":30,"time":1775394949445,"pid":17096,"hostname":"DESKTOP-KPAMGTB","module":"binance","symbol":"SOLUSDT","interval":"5m","verdict":"WAIT","score":47,"price":78.9,"msg":"scanner"}
{"level":30,"time":1775394949533,"pid":17096,"hostname":"DESKTOP-KPAMGTB","module":"binance","symbol":"XRPUSDT","interval":"5m","verdict":"WAIT","score":41,"price":1.2824,"msg":"scanner"}
{"level":30,"time":1775394949677,"pid":17096,"hostname":"DESKTOP-KPAMGTB","module":"binance","symbol":"DOGEUSDT","interval":"5m","verdict":"AVOID","score":34,"price":0.08993,"msg":"scanner"}
{"level":30,"time":1775394949796,"pid":17096,"hostname":"DESKTOP-KPAMGTB","module":"binance","symbol":"ADAUSDT","interval":"5m","verdict":"AVOID","score":34,"price":0.2409,"msg":"scanner"}
{"level":30,"time":1775394950033,"pid":17096,"hostname":"DESKTOP-KPAMGTB","module":"binance","symbol":"AVAXUSDT","interval":"5m","verdict":"AVOID","score":28,"price":8.77,"msg":"scanner"}
{"level":30,"time":1775394950225,"pid":17096,"hostname":"DESKTOP-KPAMGTB","module":"binance","symbol":"TRXUSDT","interval":"5m","verdict":"BUY","score":66,"price":0.319,"msg":"scanner"}
{"level":30,"time":1775394950394,"pid":17096,"hostname":"DESKTOP-KPAMGTB","module":"binance","symbol":"DOTUSDT","interval":"5m","verdict":"WAIT","score":41,"price":1.219,"msg":"scanner"}
{"level":30,"time":1775394950587,"pid":17096,"hostname":"DESKTOP-KPAMGTB","module":"binance","symbol":"LINKUSDT","interval":"5m","verdict":"AVOID","score":34,"price":8.5,"msg":"scanner"}
{"level":30,"time":1775394950780,"pid":17096,"hostname":"DESKTOP-KPAMGTB","module":"binance","symbol":"MATICUSDT","interval":"5m","verdict":"WAIT","score":59,"price":0.3794,"msg":"scanner"}
{"level":30,"time":1775394950988,"pid":17096,"hostname":"DESKTOP-KPAMGTB","module":"binance","symbol":"LTCUSDT","interval":"5m","verdict":"WAIT","score":41,"price":52.75,"msg":"scanner"}
{"level":30,"time":1775394979182,"pid":17096,"hostname":"DESKTOP-KPAMGTB","module":"binance","symbol":"BTCUSDT","interval":"1h","verdict":"AVOID","score":34,"price":66756.57,"msg":"scanner"}
{"level":30,"time":1775394979529,"pid":17096,"hostname":"DESKTOP-KPAMGTB","module":"binance","symbol":"ETHUSDT","interval":"1h","verdict":"AVOID","score":34,"price":2027.22,"msg":"scanner"}
{"level":30,"time":1775394979601,"pid":17096,"hostname":"DESKTOP-KPAMGTB","module":"binance","symbol":"BNBUSDT","interval":"5m","verdict":"WAIT","score":44,"price":588.27,"msg":"scanner"}
{"level":30,"time":1775394979634,"pid":17096,"hostname":"DESKTOP-KPAMGTB","module":"binance","symbol":"BNBUSDT","interval":"1h","verdict":"AVOID","score":34,"price":588.27,"msg":"scanner"}
{"level":30,"time":1775394979758,"pid":17096,"hostname":"DESKTOP-KPAMGTB","module":"binance","symbol":"SOLUSDT","interval":"1h","verdict":"WAIT","score":41,"price":78.89,"msg":"scanner"}
{"level":30,"time":1775394979929,"pid":17096,"hostname":"DESKTOP-KPAMGTB","module":"binance","symbol":"XRPUSDT","interval":"5m","verdict":"WAIT","score":44,"price":1.2809,"msg":"scanner"}
{"level":30,"time":1775394979944,"pid":17096,"hostname":"DESKTOP-KPAMGTB","module":"binance","symbol":"XRPUSDT","interval":"1h","verdict":"AVOID","score":34,"price":1.2809,"msg":"scanner"}
{"level":30,"time":1775394980010,"pid":17096,"hostname":"DESKTOP-KPAMGTB","module":"binance","symbol":"DOGEUSDT","interval":"5m","verdict":"AVOID","score":31,"price":0.08989,"msg":"scanner"}
{"level":30,"time":1775394980067,"pid":17096,"hostname":"DESKTOP-KPAMGTB","module":"binance","symbol":"DOGEUSDT","interval":"1h","verdict":"WAIT","score":44,"price":0.08989,"msg":"scanner"}
{"level":30,"time":1775394980289,"pid":17096,"hostname":"DESKTOP-KPAMGTB","module":"binance","symbol":"ADAUSDT","interval":"5m","verdict":"AVOID","score":34,"price":0.2409,"msg":"scanner"}
{"level":30,"time":1775394980301,"pid":17096,"hostname":"DESKTOP-KPAMGTB","module":"binance","symbol":"ADAUSDT","interval":"1h","verdict":"WAIT","score":50,"price":0.2409,"msg":"scanner"}
{"level":30,"time":1775394980519,"pid":17096,"hostname":"DESKTOP-KPAMGTB","module":"binance","symbol":"AVAXUSDT","interval":"5m","verdict":"AVOID","score":34,"price":8.78,"msg":"scanner"}
{"level":30,"time":1775394980744,"pid":17096,"hostname":"DESKTOP-KPAMGTB","module":"binance","symbol":"TRXUSDT","interval":"5m","verdict":"BUY","score":69,"price":0.3192,"msg":"scanner"}
{"level":30,"time":1775394980785,"pid":17096,"hostname":"DESKTOP-KPAMGTB","module":"binance","symbol":"TRXUSDT","interval":"1h","verdict":"WAIT","score":63,"price":0.3192,"msg":"scanner"}
{"level":30,"time":1775394980991,"pid":17096,"hostname":"DESKTOP-KPAMGTB","module":"binance","symbol":"DOTUSDT","interval":"5m","verdict":"WAIT","score":38,"price":1.22,"msg":"scanner"}
{"level":30,"time":1775394981267,"pid":17096,"hostname":"DESKTOP-KPAMGTB","module":"binance","symbol":"LINKUSDT","interval":"5m","verdict":"AVOID","score":34,"price":8.5,"msg":"scanner"}
{"level":30,"time":1775394981689,"pid":17096,"hostname":"DESKTOP-KPAMGTB","module":"binance","symbol":"MATICUSDT","interval":"5m","verdict":"WAIT","score":59,"price":0.3794,"msg":"scanner"}
{"level":30,"time":1775394981720,"pid":17096,"hostname":"DESKTOP-KPAMGTB","module":"binance","symbol":"MATICUSDT","interval":"1h","verdict":"WAIT","score":47,"price":0.3794,"msg":"scanner"}
{"level":30,"time":1775394981808,"pid":17096,"hostname":"DESKTOP-KPAMGTB","module":"binance","symbol":"LTCUSDT","interval":"5m","verdict":"WAIT","score":41,"price":52.75,"msg":"scanner"}
{"level":30,"time":1775394981829,"pid":17096,"hostname":"DESKTOP-KPAMGTB","module":"binance","symbol":"LTCUSDT","interval":"1h","verdict":"WAIT","score":44,"price":52.75,"msg":"scanner"}
{"level":30,"time":1775394982044,"pid":17096,"hostname":"DESKTOP-KPAMGTB","module":"binance","symbol":"SHIBUSDT","interval":"5m","verdict":"AVOID","score":34,"price":0.00000581,"msg":"scanner"}
{"level":30,"time":1775394982122,"pid":17096,"hostname":"DESKTOP-KPAMGTB","module":"binance","symbol":"SHIBUSDT","interval":"1h","verdict":"WAIT","score":44,"price":0.00000581,"msg":"scanner"}
{"level":30,"time":1775394982288,"pid":17096,"hostname":"DESKTOP-KPAMGTB","module":"binance","symbol":"UNIUSDT","interval":"5m","verdict":"AVOID","score":31,"price":3.068,"msg":"scanner"}
{"level":30,"time":1775394982348,"pid":17096,"hostname":"DESKTOP-KPAMGTB","module":"binance","symbol":"UNIUSDT","interval":"1h","verdict":"WAIT","score":44,"price":3.068,"msg":"scanner"}
{"level":30,"time":1775394982488,"pid":17096,"hostname":"DESKTOP-KPAMGTB","module":"binance","symbol":"ATOMUSDT","interval":"5m","verdict":"WAIT","score":47,"price":1.678,"msg":"scanner"}
{"level":30,"time":1775394982536,"pid":17096,"hostname":"DESKTOP-KPAMGTB","module":"binance","symbol":"ATOMUSDT","interval":"1h","verdict":"AVOID","score":34,"price":1.678,"msg":"scanner"}
{"level":30,"time":1775394982675,"pid":17096,"hostname":"DESKTOP-KPAMGTB","module":"binance","symbol":"ETCUSDT","interval":"5m","verdict":"WAIT","score":44,"price":8.44,"msg":"scanner"}
{"level":30,"time":1775394982866,"pid":17096,"hostname":"DESKTOP-KPAMGTB","module":"binance","symbol":"XLMUSDT","interval":"5m","verdict":"AVOID","score":34,"price":0.1579,"msg":"scanner"}
{"level":30,"time":1775394983206,"pid":17096,"hostname":"DESKTOP-KPAMGTB","module":"binance","symbol":"APTUSDT","interval":"5m","verdict":"AVOID","score":34,"price":0.833,"msg":"scanner"}
{"level":30,"time":1775394983245,"pid":17096,"hostname":"DESKTOP-KPAMGTB","module":"binance","symbol":"APTUSDT","interval":"1h","verdict":"WAIT","score":44,"price":0.833,"msg":"scanner"}
{"level":30,"time":1775394983270,"pid":17096,"hostname":"DESKTOP-KPAMGTB","module":"binance","symbol":"NEARUSDT","interval":"5m","verdict":"WAIT","score":41,"price":1.243,"msg":"scanner"}
{"level":30,"time":1775395009078,"pid":17096,"hostname":"DESKTOP-KPAMGTB","module":"binance","symbol":"BTCUSDT","interval":"5m","verdict":"AVOID","score":34,"price":66764.52,"msg":"scanner"}
{"level":30,"time":1775395009109,"pid":17096,"hostname":"DESKTOP-KPAMGTB","module":"binance","symbol":"BTCUSDT","interval":"4h","verdict":"WAIT","score":38,"price":66764.52,"msg":"scanner"}
{"level":30,"time":1775395009117,"pid":17096,"hostname":"DESKTOP-KPAMGTB","module":"binance","symbol":"ETHUSDT","interval":"5m","verdict":"WAIT","score":38,"price":2027.84,"msg":"scanner"}
{"level":30,"time":1775395009320,"pid":17096,"hostname":"DESKTOP-KPAMGTB","module":"binance","symbol":"ETHUSDT","interval":"4h","verdict":"WAIT","score":41,"price":2027.84,"msg":"scanner"}
{"level":30,"time":1775395009498,"pid":17096,"hostname":"DESKTOP-KPAMGTB","module":"binance","symbol":"BNBUSDT","interval":"4h","verdict":"WAIT","score":41,"price":588.43,"msg":"scanner"}
{"level":30,"time":1775395009625,"pid":17096,"hostname":"DESKTOP-KPAMGTB","module":"binance","symbol":"SOLUSDT","interval":"5m","verdict":"WAIT","score":47,"price":78.89,"msg":"scanner"}
{"level":30,"time":1775395009737,"pid":17096,"hostname":"DESKTOP-KPAMGTB","module":"binance","symbol":"SOLUSDT","interval":"4h","verdict":"AVOID","score":34,"price":78.89,"msg":"scanner"}
{"level":30,"time":1775395010288,"pid":17096,"hostname":"DESKTOP-KPAMGTB","module":"binance","symbol":"AVAXUSDT","interval":"1h","verdict":"WAIT","score":50,"price":8.78,"msg":"scanner"}
{"level":30,"time":1775395010523,"pid":17096,"hostname":"DESKTOP-KPAMGTB","module":"binance","symbol":"DOTUSDT","interval":"1h","verdict":"AVOID","score":34,"price":1.219,"msg":"scanner"}
{"level":30,"time":1775395010677,"pid":17096,"hostname":"DESKTOP-KPAMGTB","module":"binance","symbol":"LINKUSDT","interval":"1h","verdict":"WAIT","score":44,"price":8.5,"msg":"scanner"}
{"level":30,"time":1775395011514,"pid":17096,"hostname":"DESKTOP-KPAMGTB","module":"binance","symbol":"ETCUSDT","interval":"1h","verdict":"WAIT","score":56,"price":8.44,"msg":"scanner"}
{"level":30,"time":1775395011643,"pid":17096,"hostname":"DESKTOP-KPAMGTB","module":"binance","symbol":"XLMUSDT","interval":"1h","verdict":"WAIT","score":47,"price":0.1581,"msg":"scanner"}
{"level":30,"time":1775395011774,"pid":17096,"hostname":"DESKTOP-KPAMGTB","module":"binance","symbol":"NEARUSDT","interval":"1h","verdict":"WAIT","score":53,"price":1.243,"msg":"scanner"}
{"level":30,"time":1775395039158,"pid":17096,"hostname":"DESKTOP-KPAMGTB","module":"binance","symbol":"BNBUSDT","interval":"5m","verdict":"WAIT","score":44,"price":588.43,"msg":"scanner"}
{"level":30,"time":1775395039361,"pid":17096,"hostname":"DESKTOP-KPAMGTB","module":"binance","symbol":"XRPUSDT","interval":"5m","verdict":"WAIT","score":41,"price":1.2839,"msg":"scanner"}
{"level":30,"time":1775395039423,"pid":17096,"hostname":"DESKTOP-KPAMGTB","module":"binance","symbol":"XRPUSDT","interval":"4h","verdict":"WAIT","score":38,"price":1.2839,"msg":"scanner"}
{"level":30,"time":1775395039432,"pid":17096,"hostname":"DESKTOP-KPAMGTB","module":"binance","symbol":"DOGEUSDT","interval":"5m","verdict":"AVOID","score":34,"price":0.08992,"msg":"scanner"}
{"level":30,"time":1775395039574,"pid":17096,"hostname":"DESKTOP-KPAMGTB","module":"binance","symbol":"DOGEUSDT","interval":"4h","verdict":"AVOID","score":34,"price":0.08992,"msg":"scanner"}
{"level":30,"time":1775395039886,"pid":17096,"hostname":"DESKTOP-KPAMGTB","module":"binance","symbol":"ADAUSDT","interval":"5m","verdict":"AVOID","score":31,"price":0.2411,"msg":"scanner"}
{"level":30,"time":1775395039944,"pid":17096,"hostname":"DESKTOP-KPAMGTB","module":"binance","symbol":"ADAUSDT","interval":"4h","verdict":"AVOID","score":34,"price":0.2411,"msg":"scanner"}
{"level":30,"time":1775395039975,"pid":17096,"hostname":"DESKTOP-KPAMGTB","module":"binance","symbol":"AVAXUSDT","interval":"5m","verdict":"AVOID","score":28,"price":8.77,"msg":"scanner"}
{"level":30,"time":1775395040245,"pid":17096,"hostname":"DESKTOP-KPAMGTB","module":"binance","symbol":"AVAXUSDT","interval":"4h","verdict":"AVOID","score":31,"price":8.77,"msg":"scanner"}
{"level":30,"time":1775395040299,"pid":17096,"hostname":"DESKTOP-KPAMGTB","module":"binance","symbol":"TRXUSDT","interval":"5m","verdict":"BUY","score":69,"price":0.3192,"msg":"scanner"}
{"level":30,"time":1775395040546,"pid":17096,"hostname":"DESKTOP-KPAMGTB","module":"binance","symbol":"TRXUSDT","interval":"4h","verdict":"WAIT","score":63,"price":0.3192,"msg":"scanner"}
{"level":30,"time":1775395040580,"pid":17096,"hostname":"DESKTOP-KPAMGTB","module":"binance","symbol":"DOTUSDT","interval":"5m","verdict":"AVOID","score":34,"price":1.22,"msg":"scanner"}
{"level":30,"time":1775395040932,"pid":17096,"hostname":"DESKTOP-KPAMGTB","module":"binance","symbol":"DOTUSDT","interval":"4h","verdict":"AVOID","score":34,"price":1.22,"msg":"scanner"}
{"level":30,"time":1775395040994,"pid":17096,"hostname":"DESKTOP-KPAMGTB","module":"binance","symbol":"LINKUSDT","interval":"5m","verdict":"AVOID","score":34,"price":8.5,"msg":"scanner"}
{"level":30,"time":1775395041007,"pid":17096,"hostname":"DESKTOP-KPAMGTB","module":"binance","symbol":"LINKUSDT","interval":"4h","verdict":"AVOID","score":34,"price":8.5,"msg":"scanner"}
{"level":30,"time":1775395041102,"pid":17096,"hostname":"DESKTOP-KPAMGTB","module":"binance","symbol":"MATICUSDT","interval":"5m","verdict":"WAIT","score":59,"price":0.3794,"msg":"scanner"}
{"level":30,"time":1775395041288,"pid":17096,"hostname":"DESKTOP-KPAMGTB","module":"binance","symbol":"MATICUSDT","interval":"4h","verdict":"WAIT","score":41,"price":0.3794,"msg":"scanner"}
{"level":30,"time":1775395041304,"pid":17096,"hostname":"DESKTOP-KPAMGTB","module":"binance","symbol":"LTCUSDT","interval":"5m","verdict":"WAIT","score":38,"price":52.74,"msg":"scanner"}
{"level":30,"time":1775395041546,"pid":17096,"hostname":"DESKTOP-KPAMGTB","module":"binance","symbol":"LTCUSDT","interval":"4h","verdict":"WAIT","score":38,"price":52.74,"msg":"scanner"}
{"level":30,"time":1775395041585,"pid":17096,"hostname":"DESKTOP-KPAMGTB","module":"binance","symbol":"SHIBUSDT","interval":"5m","verdict":"AVOID","score":31,"price":0.00000581,"msg":"scanner"}
{"level":30,"time":1775395041717,"pid":17096,"hostname":"DESKTOP-KPAMGTB","module":"binance","symbol":"SHIBUSDT","interval":"4h","verdict":"WAIT","score":38,"price":0.00000581,"msg":"scanner"}
{"level":30,"time":1775395041731,"pid":17096,"hostname":"DESKTOP-KPAMGTB","module":"binance","symbol":"UNIUSDT","interval":"5m","verdict":"AVOID","score":31,"price":3.069,"msg":"scanner"}
{"level":30,"time":1775395041946,"pid":17096,"hostname":"DESKTOP-KPAMGTB","module":"binance","symbol":"UNIUSDT","interval":"4h","verdict":"WAIT","score":44,"price":3.069,"msg":"scanner"}
{"level":30,"time":1775395041959,"pid":17096,"hostname":"DESKTOP-KPAMGTB","module":"binance","symbol":"ATOMUSDT","interval":"5m","verdict":"WAIT","score":47,"price":1.678,"msg":"scanner"}
{"level":30,"time":1775395042101,"pid":17096,"hostname":"DESKTOP-KPAMGTB","module":"binance","symbol":"ATOMUSDT","interval":"4h","verdict":"WAIT","score":41,"price":1.678,"msg":"scanner"}
{"level":30,"time":1775395042109,"pid":17096,"hostname":"DESKTOP-KPAMGTB","module":"binance","symbol":"ETCUSDT","interval":"5m","verdict":"WAIT","score":38,"price":8.43,"msg":"scanner"}
{"level":30,"time":1775395042293,"pid":17096,"hostname":"DESKTOP-KPAMGTB","module":"binance","symbol":"ETCUSDT","interval":"4h","verdict":"WAIT","score":56,"price":8.43,"msg":"scanner"}
{"level":30,"time":1775395042380,"pid":17096,"hostname":"DESKTOP-KPAMGTB","module":"binance","symbol":"XLMUSDT","interval":"5m","verdict":"WAIT","score":41,"price":0.1581,"msg":"scanner"}
{"level":30,"time":1775395042439,"pid":17096,"hostname":"DESKTOP-KPAMGTB","module":"binance","symbol":"XLMUSDT","interval":"4h","verdict":"AVOID","score":34,"price":0.1581,"msg":"scanner"}
{"level":30,"time":1775395042463,"pid":17096,"hostname":"DESKTOP-KPAMGTB","module":"binance","symbol":"APTUSDT","interval":"5m","verdict":"AVOID","score":34,"price":0.833,"msg":"scanner"}
{"level":30,"time":1775395042624,"pid":17096,"hostname":"DESKTOP-KPAMGTB","module":"binance","symbol":"APTUSDT","interval":"4h","verdict":"WAIT","score":47,"price":0.833,"msg":"scanner"}
{"level":30,"time":1775395042660,"pid":17096,"hostname":"DESKTOP-KPAMGTB","module":"binance","symbol":"NEARUSDT","interval":"5m","verdict":"WAIT","score":41,"price":1.243,"msg":"scanner"}
{"level":30,"time":1775395042871,"pid":17096,"hostname":"DESKTOP-KPAMGTB","module":"binance","symbol":"NEARUSDT","interval":"4h","verdict":"WAIT","score":59,"price":1.243,"msg":"scanner"}
{"level":30,"time":1775395068987,"pid":17096,"hostname":"DESKTOP-KPAMGTB","module":"binance","symbol":"ETHUSDT","interval":"5m","verdict":"WAIT","score":38,"price":2027.56,"msg":"scanner"}
{"level":30,"time":1775395069000,"pid":17096,"hostname":"DESKTOP-KPAMGTB","module":"binance","symbol":"BTCUSDT","interval":"5m","verdict":"AVOID","score":34,"price":66769.71,"msg":"scanner"}
{"level":30,"time":1775395069372,"pid":17096,"hostname":"DESKTOP-KPAMGTB","module":"binance","symbol":"SOLUSDT","interval":"5m","verdict":"WAIT","score":47,"price":78.89,"msg":"scanner"}
{"level":30,"time":1775395099258,"pid":17096,"hostname":"DESKTOP-KPAMGTB","module":"binance","symbol":"BNBUSDT","interval":"5m","verdict":"WAIT","score":44,"price":588.28,"msg":"scanner"}
{"level":30,"time":1775395099499,"pid":17096,"hostname":"DESKTOP-KPAMGTB","module":"binance","symbol":"XRPUSDT","interval":"5m","verdict":"WAIT","score":41,"price":1.2837,"msg":"scanner"}
{"level":30,"time":1775395099543,"pid":17096,"hostname":"DESKTOP-KPAMGTB","module":"binance","symbol":"DOGEUSDT","interval":"5m","verdict":"AVOID","score":31,"price":0.08989,"msg":"scanner"}
{"level":30,"time":1775395099836,"pid":17096,"hostname":"DESKTOP-KPAMGTB","module":"binance","symbol":"ADAUSDT","interval":"5m","verdict":"AVOID","score":31,"price":0.2411,"msg":"scanner"}
{"level":30,"time":1775395100105,"pid":17096,"hostname":"DESKTOP-KPAMGTB","module":"binance","symbol":"AVAXUSDT","interval":"5m","verdict":"AVOID","score":34,"price":8.78,"msg":"scanner"}
{"level":30,"time":1775395100296,"pid":17096,"hostname":"DESKTOP-KPAMGTB","module":"binance","symbol":"TRXUSDT","interval":"5m","verdict":"BUY","score":66,"price":0.319,"msg":"scanner"}
{"level":30,"time":1775395100463,"pid":17096,"hostname":"DESKTOP-KPAMGTB","module":"binance","symbol":"DOTUSDT","interval":"5m","verdict":"AVOID","score":34,"price":1.217,"msg":"scanner"}
{"level":30,"time":1775395100515,"pid":17096,"hostname":"DESKTOP-KPAMGTB","module":"binance","symbol":"LINKUSDT","interval":"5m","verdict":"AVOID","score":34,"price":8.5,"msg":"scanner"}
{"level":30,"time":1775395100685,"pid":17096,"hostname":"DESKTOP-KPAMGTB","module":"binance","symbol":"MATICUSDT","interval":"5m","verdict":"WAIT","score":59,"price":0.3794,"msg":"scanner"}
{"level":30,"time":1775395101089,"pid":17096,"hostname":"DESKTOP-KPAMGTB","module":"binance","symbol":"LTCUSDT","interval":"5m","verdict":"WAIT","score":41,"price":52.75,"msg":"scanner"}
{"level":30,"time":1775395101391,"pid":17096,"hostname":"DESKTOP-KPAMGTB","module":"binance","symbol":"SHIBUSDT","interval":"5m","verdict":"AVOID","score":31,"price":0.00000581,"msg":"scanner"}
{"level":30,"time":1775395101504,"pid":17096,"hostname":"DESKTOP-KPAMGTB","module":"binance","symbol":"UNIUSDT","interval":"5m","verdict":"AVOID","score":31,"price":3.067,"msg":"scanner"}
{"level":30,"time":1775395101682,"pid":17096,"hostname":"DESKTOP-KPAMGTB","module":"binance","symbol":"ATOMUSDT","interval":"5m","verdict":"WAIT","score":47,"price":1.678,"msg":"scanner"}
{"level":30,"time":1775395101924,"pid":17096,"hostname":"DESKTOP-KPAMGTB","module":"binance","symbol":"ETCUSDT","interval":"5m","verdict":"WAIT","score":38,"price":8.43,"msg":"scanner"}
{"level":30,"time":1775395102092,"pid":17096,"hostname":"DESKTOP-KPAMGTB","module":"binance","symbol":"XLMUSDT","interval":"5m","verdict":"WAIT","score":41,"price":0.1581,"msg":"scanner"}
{"level":30,"time":1775395102199,"pid":17096,"hostname":"DESKTOP-KPAMGTB","module":"binance","symbol":"APTUSDT","interval":"5m","verdict":"WAIT","score":38,"price":0.832,"msg":"scanner"}
{"level":30,"time":1775395102410,"pid":17096,"hostname":"DESKTOP-KPAMGTB","module":"binance","symbol":"NEARUSDT","interval":"5m","verdict":"AVOID","score":34,"price":1.242,"msg":"scanner"}
{"level":30,"time":1775395129018,"pid":17096,"hostname":"DESKTOP-KPAMGTB","module":"binance","symbol":"ETHUSDT","interval":"5m","verdict":"WAIT","score":38,"price":2027.29,"msg":"scanner"}
{"level":30,"time":1775395129031,"pid":17096,"hostname":"DESKTOP-KPAMGTB","module":"binance","symbol":"BTCUSDT","interval":"1h","verdict":"AVOID","score":34,"price":66764.53,"msg":"scanner"}
{"level":30,"time":1775395129077,"pid":17096,"hostname":"DESKTOP-KPAMGTB","module":"binance","symbol":"BTCUSDT","interval":"5m","verdict":"AVOID","score":34,"price":66764.53,"msg":"scanner"}
{"level":30,"time":1775395129265,"pid":17096,"hostname":"DESKTOP-KPAMGTB","module":"binance","symbol":"ETHUSDT","interval":"1h","verdict":"AVOID","score":34,"price":2027.29,"msg":"scanner"}
{"level":30,"time":1775395129433,"pid":17096,"hostname":"DESKTOP-KPAMGTB","module":"binance","symbol":"BNBUSDT","interval":"1h","verdict":"AVOID","score":34,"price":588.51,"msg":"scanner"}
{"level":30,"time":1775395129505,"pid":17096,"hostname":"DESKTOP-KPAMGTB","module":"binance","symbol":"SOLUSDT","interval":"5m","verdict":"WAIT","score":50,"price":78.92,"msg":"scanner"}
{"level":30,"time":1775395129545,"pid":17096,"hostname":"DESKTOP-KPAMGTB","module":"binance","symbol":"SOLUSDT","interval":"1h","verdict":"WAIT","score":41,"price":78.92,"msg":"scanner"}
{"level":30,"time":1775395129704,"pid":17096,"hostname":"DESKTOP-KPAMGTB","module":"binance","symbol":"XRPUSDT","interval":"1h","verdict":"WAIT","score":38,"price":1.2848,"msg":"scanner"}
{"level":30,"time":1775395129884,"pid":17096,"hostname":"DESKTOP-KPAMGTB","module":"binance","symbol":"DOGEUSDT","interval":"5m","verdict":"AVOID","score":34,"price":0.08993,"msg":"scanner"}
{"level":30,"time":1775395129927,"pid":17096,"hostname":"DESKTOP-KPAMGTB","module":"binance","symbol":"DOGEUSDT","interval":"1h","verdict":"WAIT","score":44,"price":0.08993,"msg":"scanner"}
{"level":30,"time":1775395130165,"pid":17096,"hostname":"DESKTOP-KPAMGTB","module":"binance","symbol":"ADAUSDT","interval":"1h","verdict":"WAIT","score":50,"price":0.2411,"msg":"scanner"}
{"level":30,"time":1775395130611,"pid":17096,"hostname":"DESKTOP-KPAMGTB","module":"binance","symbol":"TRXUSDT","interval":"1h","verdict":"WAIT","score":63,"price":0.3191,"msg":"scanner"}
{"level":30,"time":1775395130838,"pid":17096,"hostname":"DESKTOP-KPAMGTB","module":"binance","symbol":"MATICUSDT","interval":"1h","verdict":"WAIT","score":47,"price":0.3794,"msg":"scanner"}
{"level":30,"time":1775395131225,"pid":17096,"hostname":"DESKTOP-KPAMGTB","module":"binance","symbol":"LTCUSDT","interval":"1h","verdict":"WAIT","score":44,"price":52.77,"msg":"scanner"}
{"level":30,"time":1775395131238,"pid":17096,"hostname":"DESKTOP-KPAMGTB","module":"binance","symbol":"SHIBUSDT","interval":"1h","verdict":"WAIT","score":44,"price":0.0000058,"msg":"scanner"}
{"level":30,"time":1775395131367,"pid":17096,"hostname":"DESKTOP-KPAMGTB","module":"binance","symbol":"UNIUSDT","interval":"1h","verdict":"WAIT","score":44,"price":3.068,"msg":"scanner"}
{"level":30,"time":1775395131534,"pid":17096,"hostname":"DESKTOP-KPAMGTB","module":"binance","symbol":"ATOMUSDT","interval":"1h","verdict":"AVOID","score":34,"price":1.679,"msg":"scanner"}
{"level":30,"time":1775395131936,"pid":17096,"hostname":"DESKTOP-KPAMGTB","module":"binance","symbol":"APTUSDT","interval":"1h","verdict":"WAIT","score":44,"price":0.832,"msg":"scanner"}
{"level":30,"time":1775395159264,"pid":17096,"hostname":"DESKTOP-KPAMGTB","module":"binance","symbol":"BNBUSDT","interval":"5m","verdict":"WAIT","score":44,"price":588.54,"msg":"scanner"}
{"level":30,"time":1775395159495,"pid":17096,"hostname":"DESKTOP-KPAMGTB","module":"binance","symbol":"XRPUSDT","interval":"5m","verdict":"WAIT","score":47,"price":1.285,"msg":"scanner"}
{"level":30,"time":1775395159786,"pid":17096,"hostname":"DESKTOP-KPAMGTB","module":"binance","symbol":"ADAUSDT","interval":"5m","verdict":"AVOID","score":31,"price":0.2411,"msg":"scanner"}
{"level":30,"time":1775395159947,"pid":17096,"hostname":"DESKTOP-KPAMGTB","module":"binance","symbol":"AVAXUSDT","interval":"5m","verdict":"AVOID","score":28,"price":8.77,"msg":"scanner"}
{"level":30,"time":1775395159982,"pid":17096,"hostname":"DESKTOP-KPAMGTB","module":"binance","symbol":"AVAXUSDT","interval":"1h","verdict":"WAIT","score":44,"price":8.77,"msg":"scanner"}
{"level":30,"time":1775395160093,"pid":17096,"hostname":"DESKTOP-KPAMGTB","module":"binance","symbol":"TRXUSDT","interval":"5m","verdict":"BUY","score":66,"price":0.319,"msg":"scanner"}
{"level":30,"time":1775395160409,"pid":17096,"hostname":"DESKTOP-KPAMGTB","module":"binance","symbol":"DOTUSDT","interval":"5m","verdict":"AVOID","score":31,"price":1.219,"msg":"scanner"}
{"level":30,"time":1775395160432,"pid":17096,"hostname":"DESKTOP-KPAMGTB","module":"binance","symbol":"DOTUSDT","interval":"1h","verdict":"WAIT","score":41,"price":1.219,"msg":"scanner"}
{"level":30,"time":1775395160598,"pid":17096,"hostname":"DESKTOP-KPAMGTB","module":"binance","symbol":"LINKUSDT","interval":"5m","verdict":"WAIT","score":38,"price":8.51,"msg":"scanner"}
{"level":30,"time":1775395160616,"pid":17096,"hostname":"DESKTOP-KPAMGTB","module":"binance","symbol":"LINKUSDT","interval":"1h","verdict":"WAIT","score":44,"price":8.51,"msg":"scanner"}
{"level":30,"time":1775395160788,"pid":17096,"hostname":"DESKTOP-KPAMGTB","module":"binance","symbol":"MATICUSDT","interval":"5m","verdict":"WAIT","score":59,"price":0.3794,"msg":"scanner"}
{"level":30,"time":1775395161092,"pid":17096,"hostname":"DESKTOP-KPAMGTB","module":"binance","symbol":"LTCUSDT","interval":"5m","verdict":"WAIT","score":47,"price":52.77,"msg":"scanner"}
{"level":30,"time":1775395161146,"pid":17096,"hostname":"DESKTOP-KPAMGTB","module":"binance","symbol":"SHIBUSDT","interval":"5m","verdict":"AVOID","score":31,"price":0.00000581,"msg":"scanner"}
{"level":30,"time":1775395161406,"pid":17096,"hostname":"DESKTOP-KPAMGTB","module":"binance","symbol":"UNIUSDT","interval":"5m","verdict":"WAIT","score":44,"price":3.071,"msg":"scanner"}
{"level":30,"time":1775395161908,"pid":17096,"hostname":"DESKTOP-KPAMGTB","module":"binance","symbol":"ATOMUSDT","interval":"5m","verdict":"WAIT","score":41,"price":1.679,"msg":"scanner"}
{"level":30,"time":1775395162199,"pid":17096,"hostname":"DESKTOP-KPAMGTB","module":"binance","symbol":"ETCUSDT","interval":"5m","verdict":"WAIT","score":38,"price":8.43,"msg":"scanner"}
{"level":30,"time":1775395162222,"pid":17096,"hostname":"DESKTOP-KPAMGTB","module":"binance","symbol":"ETCUSDT","interval":"1h","verdict":"WAIT","score":56,"price":8.43,"msg":"scanner"}
{"level":30,"time":1775395162275,"pid":17096,"hostname":"DESKTOP-KPAMGTB","module":"binance","symbol":"XLMUSDT","interval":"5m","verdict":"WAIT","score":38,"price":0.1582,"msg":"scanner"}
{"level":30,"time":1775395162441,"pid":17096,"hostname":"DESKTOP-KPAMGTB","module":"binance","symbol":"XLMUSDT","interval":"1h","verdict":"WAIT","score":47,"price":0.1582,"msg":"scanner"}
{"level":30,"time":1775395162548,"pid":17096,"hostname":"DESKTOP-KPAMGTB","module":"binance","symbol":"APTUSDT","interval":"5m","verdict":"WAIT","score":38,"price":0.832,"msg":"scanner"}
{"level":30,"time":1775395162707,"pid":17096,"hostname":"DESKTOP-KPAMGTB","module":"binance","symbol":"NEARUSDT","interval":"5m","verdict":"WAIT","score":41,"price":1.243,"msg":"scanner"}
{"level":30,"time":1775395162722,"pid":17096,"hostname":"DESKTOP-KPAMGTB","module":"binance","symbol":"NEARUSDT","interval":"1h","verdict":"WAIT","score":53,"price":1.243,"msg":"scanner"}
{"level":30,"time":1775395189243,"pid":17096,"hostname":"DESKTOP-KPAMGTB","module":"binance","symbol":"ETHUSDT","interval":"5m","verdict":"WAIT","score":38,"price":2028.45,"msg":"scanner"}
{"level":30,"time":1775395189251,"pid":17096,"hostname":"DESKTOP-KPAMGTB","module":"binance","symbol":"BTCUSDT","interval":"5m","verdict":"AVOID","score":34,"price":66795.34,"msg":"scanner"}
{"level":30,"time":1775395189595,"pid":17096,"hostname":"DESKTOP-KPAMGTB","module":"binance","symbol":"SOLUSDT","interval":"5m","verdict":"WAIT","score":47,"price":78.93,"msg":"scanner"}
{"level":30,"time":1775395189774,"pid":17096,"hostname":"DESKTOP-KPAMGTB","module":"binance","symbol":"DOGEUSDT","interval":"5m","verdict":"AVOID","score":34,"price":0.08997,"msg":"scanner"}
{"level":30,"time":1775395219481,"pid":17096,"hostname":"DESKTOP-KPAMGTB","module":"binance","symbol":"BNBUSDT","interval":"5m","verdict":"WAIT","score":53,"price":588.63,"msg":"scanner"}
{"level":30,"time":1775395219669,"pid":17096,"hostname":"DESKTOP-KPAMGTB","module":"binance","symbol":"XRPUSDT","interval":"5m","verdict":"WAIT","score":44,"price":1.2849,"msg":"scanner"}
{"level":30,"time":1775395219867,"pid":17096,"hostname":"DESKTOP-KPAMGTB","module":"binance","symbol":"ADAUSDT","interval":"5m","verdict":"AVOID","score":34,"price":0.2412,"msg":"scanner"}
{"level":30,"time":1775395220043,"pid":17096,"hostname":"DESKTOP-KPAMGTB","module":"binance","symbol":"AVAXUSDT","interval":"5m","verdict":"AVOID","score":34,"price":8.78,"msg":"scanner"}
{"level":30,"time":1775395220457,"pid":17096,"hostname":"DESKTOP-KPAMGTB","module":"binance","symbol":"TRXUSDT","interval":"5m","verdict":"BUY","score":66,"price":0.3191,"msg":"scanner"}
{"level":30,"time":1775395220574,"pid":17096,"hostname":"DESKTOP-KPAMGTB","module":"binance","symbol":"DOTUSDT","interval":"5m","verdict":"AVOID","score":34,"price":1.219,"msg":"scanner"}
{"level":30,"time":1775395220895,"pid":17096,"hostname":"DESKTOP-KPAMGTB","module":"binance","symbol":"LINKUSDT","interval":"5m","verdict":"WAIT","score":38,"price":8.51,"msg":"scanner"}
{"level":30,"time":1775395220915,"pid":17096,"hostname":"DESKTOP-KPAMGTB","module":"binance","symbol":"MATICUSDT","interval":"5m","verdict":"WAIT","score":59,"price":0.3794,"msg":"scanner"}
{"level":30,"time":1775395221346,"pid":17096,"hostname":"DESKTOP-KPAMGTB","module":"binance","symbol":"LTCUSDT","interval":"5m","verdict":"WAIT","score":38,"price":52.77,"msg":"scanner"}
{"level":30,"time":1775395221396,"pid":17096,"hostname":"DESKTOP-KPAMGTB","module":"binance","symbol":"SHIBUSDT","interval":"5m","verdict":"WAIT","score":41,"price":0.0000058,"msg":"scanner"}
{"level":30,"time":1775395221559,"pid":17096,"hostname":"DESKTOP-KPAMGTB","module":"binance","symbol":"UNIUSDT","interval":"5m","verdict":"WAIT","score":53,"price":3.074,"msg":"scanner"}
{"level":30,"time":1775395221798,"pid":17096,"hostname":"DESKTOP-KPAMGTB","module":"binance","symbol":"ATOMUSDT","interval":"5m","verdict":"WAIT","score":44,"price":1.678,"msg":"scanner"}
{"level":30,"time":1775395221912,"pid":17096,"hostname":"DESKTOP-KPAMGTB","module":"binance","symbol":"ETCUSDT","interval":"5m","verdict":"WAIT","score":41,"price":8.44,"msg":"scanner"}
{"level":30,"time":1775395222439,"pid":17096,"hostname":"DESKTOP-KPAMGTB","module":"binance","symbol":"XLMUSDT","interval":"5m","verdict":"WAIT","score":38,"price":0.1581,"msg":"scanner"}
{"level":30,"time":1775395222729,"pid":17096,"hostname":"DESKTOP-KPAMGTB","module":"binance","symbol":"APTUSDT","interval":"5m","verdict":"AVOID","score":34,"price":0.833,"msg":"scanner"}
{"level":30,"time":1775395222873,"pid":17096,"hostname":"DESKTOP-KPAMGTB","module":"binance","symbol":"NEARUSDT","interval":"5m","verdict":"AVOID","score":34,"price":1.242,"msg":"scanner"}
{"level":30,"time":1775395249649,"pid":17096,"hostname":"DESKTOP-KPAMGTB","module":"binance","symbol":"BTCUSDT","interval":"5m","verdict":"WAIT","score":41,"price":66802.3,"msg":"scanner"}
{"level":30,"time":1775395249659,"pid":17096,"hostname":"DESKTOP-KPAMGTB","module":"binance","symbol":"BTCUSDT","interval":"1h","verdict":"AVOID","score":31,"price":66802.3,"msg":"scanner"}
{"level":30,"time":1775395249667,"pid":17096,"hostname":"DESKTOP-KPAMGTB","module":"binance","symbol":"ETHUSDT","interval":"5m","verdict":"WAIT","score":38,"price":2029.29,"msg":"scanner"}
{"level":30,"time":1775395249887,"pid":17096,"hostname":"DESKTOP-KPAMGTB","module":"binance","symbol":"ETHUSDT","interval":"1h","verdict":"AVOID","score":34,"price":2029.29,"msg":"scanner"}
{"level":30,"time":1775395250001,"pid":17096,"hostname":"DESKTOP-KPAMGTB","module":"binance","symbol":"BNBUSDT","interval":"1h","verdict":"AVOID","score":34,"price":588.6,"msg":"scanner"}
{"level":30,"time":1775395250009,"pid":17096,"hostname":"DESKTOP-KPAMGTB","module":"binance","symbol":"BNBUSDT","interval":"5m","verdict":"WAIT","score":50,"price":588.6,"msg":"scanner"}
{"level":30,"time":1775395250079,"pid":17096,"hostname":"DESKTOP-KPAMGTB","module":"binance","symbol":"SOLUSDT","interval":"5m","verdict":"WAIT","score":44,"price":78.93,"msg":"scanner"}
{"level":30,"time":1775395250183,"pid":17096,"hostname":"DESKTOP-KPAMGTB","module":"binance","symbol":"SOLUSDT","interval":"1h","verdict":"WAIT","score":41,"price":78.93,"msg":"scanner"}
{"level":30,"time":1775395250363,"pid":17096,"hostname":"DESKTOP-KPAMGTB","module":"binance","symbol":"XRPUSDT","interval":"5m","verdict":"WAIT","score":44,"price":1.2852,"msg":"scanner"}
{"level":30,"time":1775395250442,"pid":17096,"hostname":"DESKTOP-KPAMGTB","module":"binance","symbol":"XRPUSDT","interval":"1h","verdict":"WAIT","score":38,"price":1.2852,"msg":"scanner"}
{"level":30,"time":1775395250478,"pid":17096,"hostname":"DESKTOP-KPAMGTB","module":"binance","symbol":"DOGEUSDT","interval":"5m","verdict":"WAIT","score":41,"price":0.08998,"msg":"scanner"}
{"level":30,"time":1775395250576,"pid":17096,"hostname":"DESKTOP-KPAMGTB","module":"binance","symbol":"DOGEUSDT","interval":"1h","verdict":"WAIT","score":44,"price":0.08998,"msg":"scanner"}
{"level":30,"time":1775395250774,"pid":17096,"hostname":"DESKTOP-KPAMGTB","module":"binance","symbol":"ADAUSDT","interval":"5m","verdict":"WAIT","score":41,"price":0.2413,"msg":"scanner"}
{"level":30,"time":1775395250801,"pid":17096,"hostname":"DESKTOP-KPAMGTB","module":"binance","symbol":"ADAUSDT","interval":"1h","verdict":"WAIT","score":50,"price":0.2413,"msg":"scanner"}
{"level":30,"time":1775395251719,"pid":17096,"hostname":"DESKTOP-KPAMGTB","module":"binance","symbol":"TRXUSDT","interval":"5m","verdict":"WAIT","score":53,"price":0.319,"msg":"scanner"}
{"level":30,"time":1775395251748,"pid":17096,"hostname":"DESKTOP-KPAMGTB","module":"binance","symbol":"AVAXUSDT","interval":"5m","verdict":"AVOID","score":34,"price":8.78,"msg":"scanner"}
{"level":30,"time":1775395251866,"pid":17096,"hostname":"DESKTOP-KPAMGTB","module":"binance","symbol":"TRXUSDT","interval":"1h","verdict":"WAIT","score":63,"price":0.319,"msg":"scanner"}
{"level":30,"time":1775395251919,"pid":17096,"hostname":"DESKTOP-KPAMGTB","module":"binance","symbol":"DOTUSDT","interval":"5m","verdict":"AVOID","score":34,"price":1.219,"msg":"scanner"}
{"level":30,"time":1775395252106,"pid":17096,"hostname":"DESKTOP-KPAMGTB","module":"binance","symbol":"LINKUSDT","interval":"5m","verdict":"WAIT","score":38,"price":8.51,"msg":"scanner"}
{"level":30,"time":1775395252298,"pid":17096,"hostname":"DESKTOP-KPAMGTB","module":"binance","symbol":"MATICUSDT","interval":"5m","verdict":"WAIT","score":59,"price":0.3794,"msg":"scanner"}
{"level":30,"time":1775395252447,"pid":17096,"hostname":"DESKTOP-KPAMGTB","module":"binance","symbol":"MATICUSDT","interval":"1h","verdict":"WAIT","score":47,"price":0.3794,"msg":"scanner"}
{"level":30,"time":1775395252516,"pid":17096,"hostname":"DESKTOP-KPAMGTB","module":"binance","symbol":"LTCUSDT","interval":"5m","verdict":"WAIT","score":38,"price":52.77,"msg":"scanner"}
{"level":30,"time":1775395252578,"pid":17096,"hostname":"DESKTOP-KPAMGTB","module":"binance","symbol":"LTCUSDT","interval":"1h","verdict":"WAIT","score":44,"price":52.77,"msg":"scanner"}
{"level":30,"time":1775395252843,"pid":17096,"hostname":"DESKTOP-KPAMGTB","module":"binance","symbol":"SHIBUSDT","interval":"5m","verdict":"WAIT","score":44,"price":0.00000582,"msg":"scanner"}
{"level":30,"time":1775395252850,"pid":17096,"hostname":"DESKTOP-KPAMGTB","module":"binance","symbol":"SHIBUSDT","interval":"1h","verdict":"WAIT","score":41,"price":0.00000582,"msg":"scanner"}
{"level":30,"time":1775395253150,"pid":17096,"hostname":"DESKTOP-KPAMGTB","module":"binance","symbol":"UNIUSDT","interval":"5m","verdict":"WAIT","score":53,"price":3.074,"msg":"scanner"}
{"level":30,"time":1775395253266,"pid":17096,"hostname":"DESKTOP-KPAMGTB","module":"binance","symbol":"UNIUSDT","interval":"1h","verdict":"WAIT","score":47,"price":3.074,"msg":"scanner"}
{"level":30,"time":1775395253758,"pid":17096,"hostname":"DESKTOP-KPAMGTB","module":"binance","symbol":"ATOMUSDT","interval":"5m","verdict":"WAIT","score":44,"price":1.678,"msg":"scanner"}
{"level":30,"time":1775395253782,"pid":17096,"hostname":"DESKTOP-KPAMGTB","module":"binance","symbol":"ATOMUSDT","interval":"1h","verdict":"AVOID","score":34,"price":1.678,"msg":"scanner"}
{"level":30,"time":1775395253894,"pid":17096,"hostname":"DESKTOP-KPAMGTB","module":"binance","symbol":"ETCUSDT","interval":"5m","verdict":"WAIT","score":38,"price":8.43,"msg":"scanner"}
{"level":30,"time":1775395254125,"pid":17096,"hostname":"DESKTOP-KPAMGTB","module":"binance","symbol":"XLMUSDT","interval":"5m","verdict":"WAIT","score":38,"price":0.158,"msg":"scanner"}
{"level":30,"time":1775395254322,"pid":17096,"hostname":"DESKTOP-KPAMGTB","module":"binance","symbol":"APTUSDT","interval":"5m","verdict":"WAIT","score":38,"price":0.832,"msg":"scanner"}
{"level":30,"time":1775395254368,"pid":17096,"hostname":"DESKTOP-KPAMGTB","module":"binance","symbol":"APTUSDT","interval":"1h","verdict":"WAIT","score":44,"price":0.832,"msg":"scanner"}
{"level":30,"time":1775395254473,"pid":17096,"hostname":"DESKTOP-KPAMGTB","module":"binance","symbol":"NEARUSDT","interval":"5m","verdict":"AVOID","score":34,"price":1.242,"msg":"scanner"}
{"level":30,"time":1775395280497,"pid":17096,"hostname":"DESKTOP-KPAMGTB","module":"binance","symbol":"BTCUSDT","interval":"5m","verdict":"WAIT","score":41,"price":66801.37,"msg":"scanner"}
{"level":30,"time":1775395280529,"pid":17096,"hostname":"DESKTOP-KPAMGTB","module":"binance","symbol":"ETHUSDT","interval":"5m","verdict":"WAIT","score":44,"price":2030.48,"msg":"scanner"}
{"level":30,"time":1775395280732,"pid":17096,"hostname":"DESKTOP-KPAMGTB","module":"binance","symbol":"BNBUSDT","interval":"5m","verdict":"WAIT","score":53,"price":588.63,"msg":"scanner"}
{"level":30,"time":1775395280832,"pid":17096,"hostname":"DESKTOP-KPAMGTB","module":"binance","symbol":"SOLUSDT","interval":"5m","verdict":"WAIT","score":44,"price":78.94,"msg":"scanner"}
{"level":30,"time":1775395280903,"pid":17096,"hostname":"DESKTOP-KPAMGTB","module":"binance","symbol":"XRPUSDT","interval":"5m","verdict":"WAIT","score":44,"price":1.285,"msg":"scanner"}
{"level":30,"time":1775395281124,"pid":17096,"hostname":"DESKTOP-KPAMGTB","module":"binance","symbol":"DOGEUSDT","interval":"5m","verdict":"WAIT","score":41,"price":0.09,"msg":"scanner"}
{"level":30,"time":1775395281242,"pid":17096,"hostname":"DESKTOP-KPAMGTB","module":"binance","symbol":"ADAUSDT","interval":"5m","verdict":"WAIT","score":41,"price":0.2413,"msg":"scanner"}
{"level":30,"time":1775395281606,"pid":17096,"hostname":"DESKTOP-KPAMGTB","module":"binance","symbol":"AVAXUSDT","interval":"1h","verdict":"WAIT","score":50,"price":8.78,"msg":"scanner"}
{"level":30,"time":1775395281929,"pid":17096,"hostname":"DESKTOP-KPAMGTB","module":"binance","symbol":"DOTUSDT","interval":"1h","verdict":"AVOID","score":34,"price":1.218,"msg":"scanner"}
{"level":30,"time":1775395282119,"pid":17096,"hostname":"DESKTOP-KPAMGTB","module":"binance","symbol":"LINKUSDT","interval":"1h","verdict":"WAIT","score":44,"price":8.51,"msg":"scanner"}
{"level":30,"time":1775395282977,"pid":17096,"hostname":"DESKTOP-KPAMGTB","module":"binance","symbol":"ETCUSDT","interval":"1h","verdict":"WAIT","score":56,"price":8.44,"msg":"scanner"}
{"level":30,"time":1775395283121,"pid":17096,"hostname":"DESKTOP-KPAMGTB","module":"binance","symbol":"XLMUSDT","interval":"1h","verdict":"WAIT","score":47,"price":0.1578,"msg":"scanner"}
{"level":30,"time":1775395283479,"pid":17096,"hostname":"DESKTOP-KPAMGTB","module":"binance","symbol":"NEARUSDT","interval":"1h","verdict":"WAIT","score":56,"price":1.242,"msg":"scanner"}
{"level":30,"time":1775395310109,"pid":17096,"hostname":"DESKTOP-KPAMGTB","module":"binance","symbol":"BTCUSDT","interval":"4h","verdict":"AVOID","score":34,"price":66821.49,"msg":"scanner"}
{"level":30,"time":1775395310405,"pid":17096,"hostname":"DESKTOP-KPAMGTB","module":"binance","symbol":"ETHUSDT","interval":"4h","verdict":"WAIT","score":38,"price":2031.72,"msg":"scanner"}
{"level":30,"time":1775395310421,"pid":17096,"hostname":"DESKTOP-KPAMGTB","module":"binance","symbol":"BNBUSDT","interval":"4h","verdict":"WAIT","score":41,"price":588.88,"msg":"scanner"}
{"level":30,"time":1775395310757,"pid":17096,"hostname":"DESKTOP-KPAMGTB","module":"binance","symbol":"SOLUSDT","interval":"4h","verdict":"AVOID","score":34,"price":78.93,"msg":"scanner"}
{"level":30,"time":1775395311266,"pid":17096,"hostname":"DESKTOP-KPAMGTB","module":"binance","symbol":"AVAXUSDT","interval":"5m","verdict":"AVOID","score":31,"price":8.79,"msg":"scanner"}
{"level":30,"time":1775395311554,"pid":17096,"hostname":"DESKTOP-KPAMGTB","module":"binance","symbol":"TRXUSDT","interval":"5m","verdict":"BUY","score":66,"price":0.3191,"msg":"scanner"}
{"level":30,"time":1775395311805,"pid":17096,"hostname":"DESKTOP-KPAMGTB","module":"binance","symbol":"DOTUSDT","interval":"5m","verdict":"AVOID","score":34,"price":1.219,"msg":"scanner"}
{"level":30,"time":1775395311922,"pid":17096,"hostname":"DESKTOP-KPAMGTB","module":"binance","symbol":"LINKUSDT","interval":"5m","verdict":"WAIT","score":38,"price":8.51,"msg":"scanner"}
{"level":30,"time":1775395312086,"pid":17096,"hostname":"DESKTOP-KPAMGTB","module":"binance","symbol":"MATICUSDT","interval":"5m","verdict":"WAIT","score":59,"price":0.3794,"msg":"scanner"}
{"level":30,"time":1775395312217,"pid":17096,"hostname":"DESKTOP-KPAMGTB","module":"binance","symbol":"LTCUSDT","interval":"5m","verdict":"WAIT","score":50,"price":52.78,"msg":"scanner"}
{"level":30,"time":1775395312576,"pid":17096,"hostname":"DESKTOP-KPAMGTB","module":"binance","symbol":"SHIBUSDT","interval":"5m","verdict":"AVOID","score":31,"price":0.00000581,"msg":"scanner"}
{"level":30,"time":1775395313042,"pid":17096,"hostname":"DESKTOP-KPAMGTB","module":"binance","symbol":"UNIUSDT","interval":"5m","verdict":"WAIT","score":63,"price":3.076,"msg":"scanner"}
{"level":30,"time":1775395313155,"pid":17096,"hostname":"DESKTOP-KPAMGTB","module":"binance","symbol":"ATOMUSDT","interval":"5m","verdict":"WAIT","score":47,"price":1.679,"msg":"scanner"}
{"level":30,"time":1775395313363,"pid":17096,"hostname":"DESKTOP-KPAMGTB","module":"binance","symbol":"ETCUSDT","interval":"5m","verdict":"WAIT","score":41,"price":8.44,"msg":"scanner"}
{"level":30,"time":1775395313457,"pid":17096,"hostname":"DESKTOP-KPAMGTB","module":"binance","symbol":"XLMUSDT","interval":"5m","verdict":"AVOID","score":34,"price":0.1578,"msg":"scanner"}
{"level":30,"time":1775395313602,"pid":17096,"hostname":"DESKTOP-KPAMGTB","module":"binance","symbol":"APTUSDT","interval":"5m","verdict":"AVOID","score":34,"price":0.833,"msg":"scanner"}
{"level":30,"time":1775395313751,"pid":17096,"hostname":"DESKTOP-KPAMGTB","module":"binance","symbol":"NEARUSDT","interval":"5m","verdict":"AVOID","score":34,"price":1.242,"msg":"scanner"}
{"level":30,"time":1775395340358,"pid":17096,"hostname":"DESKTOP-KPAMGTB","module":"binance","symbol":"BTCUSDT","interval":"5m","verdict":"WAIT","score":44,"price":66828.17,"msg":"scanner"}
{"level":30,"time":1775395340392,"pid":17096,"hostname":"DESKTOP-KPAMGTB","module":"binance","symbol":"ETHUSDT","interval":"5m","verdict":"WAIT","score":47,"price":2031.98,"msg":"scanner"}
{"level":30,"time":1775395340733,"pid":17096,"hostname":"DESKTOP-KPAMGTB","module":"binance","symbol":"BNBUSDT","interval":"5m","verdict":"WAIT","score":50,"price":588.93,"msg":"scanner"}
{"level":30,"time":1775395340759,"pid":17096,"hostname":"DESKTOP-KPAMGTB","module":"binance","symbol":"SOLUSDT","interval":"5m","verdict":"WAIT","score":44,"price":78.93,"msg":"scanner"}
{"level":30,"time":1775395340841,"pid":17096,"hostname":"DESKTOP-KPAMGTB","module":"binance","symbol":"XRPUSDT","interval":"5m","verdict":"WAIT","score":44,"price":1.2855,"msg":"scanner"}
{"level":30,"time":1775395340899,"pid":17096,"hostname":"DESKTOP-KPAMGTB","module":"binance","symbol":"XRPUSDT","interval":"4h","verdict":"WAIT","score":38,"price":1.2855,"msg":"scanner"}
{"level":30,"time":1775395341056,"pid":17096,"hostname":"DESKTOP-KPAMGTB","module":"binance","symbol":"DOGEUSDT","interval":"5m","verdict":"WAIT","score":41,"price":0.09002,"msg":"scanner"}
{"level":30,"time":1775395341249,"pid":17096,"hostname":"DESKTOP-KPAMGTB","module":"binance","symbol":"DOGEUSDT","interval":"4h","verdict":"AVOID","score":34,"price":0.09002,"msg":"scanner"}
{"level":30,"time":1775395341285,"pid":17096,"hostname":"DESKTOP-KPAMGTB","module":"binance","symbol":"ADAUSDT","interval":"5m","verdict":"WAIT","score":41,"price":0.2414,"msg":"scanner"}
{"level":30,"time":1775395341469,"pid":17096,"hostname":"DESKTOP-KPAMGTB","module":"binance","symbol":"ADAUSDT","interval":"4h","verdict":"AVOID","score":31,"price":0.2414,"msg":"scanner"}
{"level":30,"time":1775395341617,"pid":17096,"hostname":"DESKTOP-KPAMGTB","module":"binance","symbol":"AVAXUSDT","interval":"4h","verdict":"AVOID","score":31,"price":8.79,"msg":"scanner"}
{"level":30,"time":1775395341965,"pid":17096,"hostname":"DESKTOP-KPAMGTB","module":"binance","symbol":"TRXUSDT","interval":"4h","verdict":"WAIT","score":56,"price":0.3191,"msg":"scanner"}
{"level":30,"time":1775395342159,"pid":17096,"hostname":"DESKTOP-KPAMGTB","module":"binance","symbol":"DOTUSDT","interval":"4h","verdict":"AVOID","score":34,"price":1.22,"msg":"scanner"}
{"level":30,"time":1775395342260,"pid":17096,"hostname":"DESKTOP-KPAMGTB","module":"binance","symbol":"LINKUSDT","interval":"5m","verdict":"WAIT","score":50,"price":8.52,"msg":"scanner"}
{"level":30,"time":1775395342335,"pid":17096,"hostname":"DESKTOP-KPAMGTB","module":"binance","symbol":"LINKUSDT","interval":"4h","verdict":"AVOID","score":34,"price":8.52,"msg":"scanner"}
{"level":30,"time":1775395342372,"pid":17096,"hostname":"DESKTOP-KPAMGTB","module":"binance","symbol":"MATICUSDT","interval":"5m","verdict":"WAIT","score":59,"price":0.3794,"msg":"scanner"}
{"level":30,"time":1775395342590,"pid":17096,"hostname":"DESKTOP-KPAMGTB","module":"binance","symbol":"MATICUSDT","interval":"4h","verdict":"WAIT","score":41,"price":0.3794,"msg":"scanner"}
{"level":30,"time":1775395342646,"pid":17096,"hostname":"DESKTOP-KPAMGTB","module":"binance","symbol":"LTCUSDT","interval":"5m","verdict":"AVOID","score":34,"price":52.76,"msg":"scanner"}
{"level":30,"time":1775395342805,"pid":17096,"hostname":"DESKTOP-KPAMGTB","module":"binance","symbol":"LTCUSDT","interval":"4h","verdict":"WAIT","score":38,"price":52.76,"msg":"scanner"}
{"level":30,"time":1775395343130,"pid":17096,"hostname":"DESKTOP-KPAMGTB","module":"binance","symbol":"SHIBUSDT","interval":"4h","verdict":"WAIT","score":41,"price":0.00000582,"msg":"scanner"}
{"level":30,"time":1775395343331,"pid":17096,"hostname":"DESKTOP-KPAMGTB","module":"binance","symbol":"UNIUSDT","interval":"4h","verdict":"WAIT","score":50,"price":3.078,"msg":"scanner"}
{"level":30,"time":1775395343467,"pid":17096,"hostname":"DESKTOP-KPAMGTB","module":"binance","symbol":"ATOMUSDT","interval":"4h","verdict":"AVOID","score":34,"price":1.679,"msg":"scanner"}
{"level":30,"time":1775395343565,"pid":17096,"hostname":"DESKTOP-KPAMGTB","module":"binance","symbol":"ETCUSDT","interval":"4h","verdict":"WAIT","score":56,"price":8.44,"msg":"scanner"}
{"level":30,"time":1775395343721,"pid":17096,"hostname":"DESKTOP-KPAMGTB","module":"binance","symbol":"XLMUSDT","interval":"4h","verdict":"AVOID","score":34,"price":0.1579,"msg":"scanner"}
{"level":30,"time":1775395343865,"pid":17096,"hostname":"DESKTOP-KPAMGTB","module":"binance","symbol":"APTUSDT","interval":"4h","verdict":"WAIT","score":47,"price":0.833,"msg":"scanner"}
{"level":30,"time":1775395344184,"pid":17096,"hostname":"DESKTOP-KPAMGTB","module":"binance","symbol":"NEARUSDT","interval":"4h","verdict":"WAIT","score":59,"price":1.242,"msg":"scanner"}
{"level":30,"time":1775395370265,"pid":17096,"hostname":"DESKTOP-KPAMGTB","module":"binance","symbol":"BTCUSDT","interval":"1h","verdict":"AVOID","score":31,"price":66829.02,"msg":"scanner"}
{"level":30,"time":1775395370530,"pid":17096,"hostname":"DESKTOP-KPAMGTB","module":"binance","symbol":"ETHUSDT","interval":"1h","verdict":"AVOID","score":34,"price":2031.98,"msg":"scanner"}
{"level":30,"time":1775395370572,"pid":17096,"hostname":"DESKTOP-KPAMGTB","module":"binance","symbol":"BNBUSDT","interval":"1h","verdict":"AVOID","score":34,"price":588.99,"msg":"scanner"}
{"level":30,"time":1775395370646,"pid":17096,"hostname":"DESKTOP-KPAMGTB","module":"binance","symbol":"SOLUSDT","interval":"1h","verdict":"WAIT","score":41,"price":78.93,"msg":"scanner"}
{"level":30,"time":1775395370862,"pid":17096,"hostname":"DESKTOP-KPAMGTB","module":"binance","symbol":"XRPUSDT","interval":"1h","verdict":"WAIT","score":38,"price":1.2859,"msg":"scanner"}
{"level":30,"time":1775395371016,"pid":17096,"hostname":"DESKTOP-KPAMGTB","module":"binance","symbol":"DOGEUSDT","interval":"1h","verdict":"WAIT","score":44,"price":0.09002,"msg":"scanner"}
{"level":30,"time":1775395371076,"pid":17096,"hostname":"DESKTOP-KPAMGTB","module":"binance","symbol":"ADAUSDT","interval":"1h","verdict":"WAIT","score":47,"price":0.2415,"msg":"scanner"}
{"level":30,"time":1775395371218,"pid":17096,"hostname":"DESKTOP-KPAMGTB","module":"binance","symbol":"AVAXUSDT","interval":"5m","verdict":"AVOID","score":31,"price":8.79,"msg":"scanner"}
{"level":30,"time":1775395371450,"pid":17096,"hostname":"DESKTOP-KPAMGTB","module":"binance","symbol":"TRXUSDT","interval":"5m","verdict":"BUY","score":69,"price":0.3192,"msg":"scanner"}
{"level":30,"time":1775395371644,"pid":17096,"hostname":"DESKTOP-KPAMGTB","module":"binance","symbol":"DOTUSDT","interval":"5m","verdict":"WAIT","score":41,"price":1.218,"msg":"scanner"}
{"level":30,"time":1775395372299,"pid":17096,"hostname":"DESKTOP-KPAMGTB","module":"binance","symbol":"SHIBUSDT","interval":"5m","verdict":"WAIT","score":44,"price":0.00000582,"msg":"scanner"}
{"level":30,"time":1775395372430,"pid":17096,"hostname":"DESKTOP-KPAMGTB","module":"binance","symbol":"UNIUSDT","interval":"5m","verdict":"WAIT","score":59,"price":3.078,"msg":"scanner"}
{"level":30,"time":1775395372792,"pid":17096,"hostname":"DESKTOP-KPAMGTB","module":"binance","symbol":"ETCUSDT","interval":"5m","verdict":"WAIT","score":41,"price":8.44,"msg":"scanner"}
{"level":30,"time":1775395372859,"pid":17096,"hostname":"DESKTOP-KPAMGTB","module":"binance","symbol":"XLMUSDT","interval":"5m","verdict":"AVOID","score":34,"price":0.1579,"msg":"scanner"}
{"level":30,"time":1775395373099,"pid":17096,"hostname":"DESKTOP-KPAMGTB","module":"binance","symbol":"ATOMUSDT","interval":"5m","verdict":"WAIT","score":47,"price":1.679,"msg":"scanner"}
{"level":30,"time":1775395373133,"pid":17096,"hostname":"DESKTOP-KPAMGTB","module":"binance","symbol":"APTUSDT","interval":"5m","verdict":"AVOID","score":34,"price":0.833,"msg":"scanner"}
{"level":30,"time":1775395373462,"pid":17096,"hostname":"DESKTOP-KPAMGTB","module":"binance","symbol":"NEARUSDT","interval":"5m","verdict":"WAIT","score":41,"price":1.243,"msg":"scanner"}
{"level":30,"time":1775395400460,"pid":17096,"hostname":"DESKTOP-KPAMGTB","module":"binance","symbol":"ETHUSDT","interval":"5m","verdict":"WAIT","score":44,"price":2032.51,"msg":"scanner"}
{"level":30,"time":1775395400471,"pid":17096,"hostname":"DESKTOP-KPAMGTB","module":"binance","symbol":"BTCUSDT","interval":"5m","verdict":"WAIT","score":44,"price":66850,"msg":"scanner"}
{"level":30,"time":1775395400667,"pid":17096,"hostname":"DESKTOP-KPAMGTB","module":"binance","symbol":"BNBUSDT","interval":"5m","verdict":"WAIT","score":50,"price":589.17,"msg":"scanner"}
{"level":30,"time":1775395400837,"pid":17096,"hostname":"DESKTOP-KPAMGTB","module":"binance","symbol":"SOLUSDT","interval":"5m","verdict":"WAIT","score":44,"price":78.95,"msg":"scanner"}
{"level":30,"time":1775395400918,"pid":17096,"hostname":"DESKTOP-KPAMGTB","module":"binance","symbol":"XRPUSDT","interval":"5m","verdict":"WAIT","score":50,"price":1.2863,"msg":"scanner"}
{"level":30,"time":1775395401052,"pid":17096,"hostname":"DESKTOP-KPAMGTB","module":"binance","symbol":"DOGEUSDT","interval":"5m","verdict":"WAIT","score":44,"price":0.09005,"msg":"scanner"}
{"level":30,"time":1775395401243,"pid":17096,"hostname":"DESKTOP-KPAMGTB","module":"binance","symbol":"ADAUSDT","interval":"5m","verdict":"WAIT","score":41,"price":0.2415,"msg":"scanner"}
{"level":30,"time":1775395401559,"pid":17096,"hostname":"DESKTOP-KPAMGTB","module":"binance","symbol":"TRXUSDT","interval":"1h","verdict":"WAIT","score":63,"price":0.3191,"msg":"scanner"}
{"level":30,"time":1775395401847,"pid":17096,"hostname":"DESKTOP-KPAMGTB","module":"binance","symbol":"LINKUSDT","interval":"5m","verdict":"WAIT","score":50,"price":8.52,"msg":"scanner"}
{"level":30,"time":1775395402039,"pid":17096,"hostname":"DESKTOP-KPAMGTB","module":"binance","symbol":"MATICUSDT","interval":"5m","verdict":"WAIT","score":59,"price":0.3794,"msg":"scanner"}
{"level":30,"time":1775395402075,"pid":17096,"hostname":"DESKTOP-KPAMGTB","module":"binance","symbol":"MATICUSDT","interval":"1h","verdict":"WAIT","score":47,"price":0.3794,"msg":"scanner"}
{"level":30,"time":1775395402369,"pid":17096,"hostname":"DESKTOP-KPAMGTB","module":"binance","symbol":"LTCUSDT","interval":"5m","verdict":"AVOID","score":34,"price":52.77,"msg":"scanner"}
{"level":30,"time":1775395402469,"pid":17096,"hostname":"DESKTOP-KPAMGTB","module":"binance","symbol":"LTCUSDT","interval":"1h","verdict":"WAIT","score":44,"price":52.77,"msg":"scanner"}
{"level":30,"time":1775395402661,"pid":17096,"hostname":"DESKTOP-KPAMGTB","module":"binance","symbol":"SHIBUSDT","interval":"1h","verdict":"WAIT","score":41,"price":0.00000582,"msg":"scanner"}
{"level":30,"time":1775395402742,"pid":17096,"hostname":"DESKTOP-KPAMGTB","module":"binance","symbol":"UNIUSDT","interval":"5m","verdict":"WAIT","score":59,"price":3.078,"msg":"scanner"}
{"level":30,"time":1775395402760,"pid":17096,"hostname":"DESKTOP-KPAMGTB","module":"binance","symbol":"UNIUSDT","interval":"1h","verdict":"WAIT","score":44,"price":3.078,"msg":"scanner"}
{"level":30,"time":1775395403062,"pid":17096,"hostname":"DESKTOP-KPAMGTB","module":"binance","symbol":"ATOMUSDT","interval":"1h","verdict":"AVOID","score":34,"price":1.679,"msg":"scanner"}
{"level":30,"time":1775395403461,"pid":17096,"hostname":"DESKTOP-KPAMGTB","module":"binance","symbol":"ETCUSDT","interval":"1h","verdict":"WAIT","score":56,"price":8.44,"msg":"scanner"}
{"level":30,"time":1775395403472,"pid":17096,"hostname":"DESKTOP-KPAMGTB","module":"binance","symbol":"ETCUSDT","interval":"5m","verdict":"WAIT","score":41,"price":8.44,"msg":"scanner"}
{"level":30,"time":1775395403812,"pid":17096,"hostname":"DESKTOP-KPAMGTB","module":"binance","symbol":"XLMUSDT","interval":"1h","verdict":"WAIT","score":47,"price":0.1579,"msg":"scanner"}
{"level":30,"time":1775395403824,"pid":17096,"hostname":"DESKTOP-KPAMGTB","module":"binance","symbol":"XLMUSDT","interval":"5m","verdict":"AVOID","score":34,"price":0.1579,"msg":"scanner"}
{"level":30,"time":1775395404010,"pid":17096,"hostname":"DESKTOP-KPAMGTB","module":"binance","symbol":"APTUSDT","interval":"5m","verdict":"AVOID","score":34,"price":0.833,"msg":"scanner"}
{"level":30,"time":1775395404043,"pid":17096,"hostname":"DESKTOP-KPAMGTB","module":"binance","symbol":"APTUSDT","interval":"1h","verdict":"WAIT","score":44,"price":0.833,"msg":"scanner"}
{"level":30,"time":1775395404210,"pid":17096,"hostname":"DESKTOP-KPAMGTB","module":"binance","symbol":"NEARUSDT","interval":"5m","verdict":"WAIT","score":41,"price":1.243,"msg":"scanner"}
{"level":30,"time":1775395404330,"pid":17096,"hostname":"DESKTOP-KPAMGTB","module":"binance","symbol":"NEARUSDT","interval":"1h","verdict":"WAIT","score":53,"price":1.243,"msg":"scanner"}
{"level":30,"time":1775395431313,"pid":17096,"hostname":"DESKTOP-KPAMGTB","module":"binance","symbol":"AVAXUSDT","interval":"1h","verdict":"WAIT","score":50,"price":8.78,"msg":"scanner"}
{"level":30,"time":1775395431328,"pid":17096,"hostname":"DESKTOP-KPAMGTB","module":"binance","symbol":"TRXUSDT","interval":"5m","verdict":"BUY","score":69,"price":0.3192,"msg":"scanner"}
{"level":30,"time":1775395431732,"pid":17096,"hostname":"DESKTOP-KPAMGTB","module":"binance","symbol":"DOTUSDT","interval":"5m","verdict":"AVOID","score":34,"price":1.219,"msg":"scanner"}
{"level":30,"time":1775395431746,"pid":17096,"hostname":"DESKTOP-KPAMGTB","module":"binance","symbol":"DOTUSDT","interval":"1h","verdict":"WAIT","score":41,"price":1.219,"msg":"scanner"}
{"level":30,"time":1775395431962,"pid":17096,"hostname":"DESKTOP-KPAMGTB","module":"binance","symbol":"LINKUSDT","interval":"1h","verdict":"WAIT","score":44,"price":8.51,"msg":"scanner"}
{"level":30,"time":1775395432244,"pid":17096,"hostname":"DESKTOP-KPAMGTB","module":"binance","symbol":"AVAXUSDT","interval":"5m","verdict":"AVOID","score":34,"price":8.78,"msg":"scanner"}
{"level":30,"time":1775395432657,"pid":17096,"hostname":"DESKTOP-KPAMGTB","module":"binance","symbol":"SHIBUSDT","interval":"5m","verdict":"AVOID","score":31,"price":0.00000581,"msg":"scanner"}
{"level":30,"time":1775395432769,"pid":17096,"hostname":"DESKTOP-KPAMGTB","module":"binance","symbol":"ATOMUSDT","interval":"5m","verdict":"WAIT","score":47,"price":1.679,"msg":"scanner"}
{"level":30,"time":1775395460445,"pid":17096,"hostname":"DESKTOP-KPAMGTB","module":"binance","symbol":"BTCUSDT","interval":"5m","verdict":"WAIT","score":44,"price":66840,"msg":"scanner"}
{"level":30,"time":1775395460458,"pid":17096,"hostname":"DESKTOP-KPAMGTB","module":"binance","symbol":"ETHUSDT","interval":"5m","verdict":"WAIT","score":47,"price":2031.77,"msg":"scanner"}
{"level":30,"time":1775395460728,"pid":17096,"hostname":"DESKTOP-KPAMGTB","module":"binance","symbol":"BNBUSDT","interval":"5m","verdict":"WAIT","score":50,"price":589.01,"msg":"scanner"}
{"level":30,"time":1775395460804,"pid":17096,"hostname":"DESKTOP-KPAMGTB","module":"binance","symbol":"SOLUSDT","interval":"5m","verdict":"WAIT","score":44,"price":78.95,"msg":"scanner"}
{"level":30,"time":1775395461174,"pid":17096,"hostname":"DESKTOP-KPAMGTB","module":"binance","symbol":"DOGEUSDT","interval":"5m","verdict":"WAIT","score":44,"price":0.09006,"msg":"scanner"}
{"level":30,"time":1775395461354,"pid":17096,"hostname":"DESKTOP-KPAMGTB","module":"binance","symbol":"ADAUSDT","interval":"5m","verdict":"WAIT","score":47,"price":0.2416,"msg":"scanner"}
{"level":30,"time":1775395461362,"pid":17096,"hostname":"DESKTOP-KPAMGTB","module":"binance","symbol":"XRPUSDT","interval":"5m","verdict":"WAIT","score":50,"price":1.287,"msg":"scanner"}
{"level":30,"time":1775395461591,"pid":17096,"hostname":"DESKTOP-KPAMGTB","module":"binance","symbol":"TRXUSDT","interval":"5m","verdict":"BUY","score":66,"price":0.3191,"msg":"scanner"}
{"level":30,"time":1775395461939,"pid":17096,"hostname":"DESKTOP-KPAMGTB","module":"binance","symbol":"LINKUSDT","interval":"5m","verdict":"WAIT","score":50,"price":8.52,"msg":"scanner"}
{"level":30,"time":1775395462116,"pid":17096,"hostname":"DESKTOP-KPAMGTB","module":"binance","symbol":"MATICUSDT","interval":"5m","verdict":"WAIT","score":59,"price":0.3794,"msg":"scanner"}
{"level":30,"time":1775395462298,"pid":17096,"hostname":"DESKTOP-KPAMGTB","module":"binance","symbol":"LTCUSDT","interval":"5m","verdict":"WAIT","score":53,"price":52.78,"msg":"scanner"}
{"level":30,"time":1775395462518,"pid":17096,"hostname":"DESKTOP-KPAMGTB","module":"binance","symbol":"UNIUSDT","interval":"5m","verdict":"WAIT","score":63,"price":3.076,"msg":"scanner"}
{"level":30,"time":1775395462721,"pid":17096,"hostname":"DESKTOP-KPAMGTB","module":"binance","symbol":"ETCUSDT","interval":"5m","verdict":"WAIT","score":41,"price":8.44,"msg":"scanner"}
{"level":30,"time":1775395462873,"pid":17096,"hostname":"DESKTOP-KPAMGTB","module":"binance","symbol":"XLMUSDT","interval":"5m","verdict":"AVOID","score":34,"price":0.1579,"msg":"scanner"}
{"level":30,"time":1775395463295,"pid":17096,"hostname":"DESKTOP-KPAMGTB","module":"binance","symbol":"APTUSDT","interval":"5m","verdict":"AVOID","score":34,"price":0.833,"msg":"scanner"}
{"level":30,"time":1775395463806,"pid":17096,"hostname":"DESKTOP-KPAMGTB","module":"binance","symbol":"NEARUSDT","interval":"5m","verdict":"WAIT","score":41,"price":1.243,"msg":"scanner"}
{"level":30,"time":1775395491189,"pid":17096,"hostname":"DESKTOP-KPAMGTB","module":"binance","symbol":"AVAXUSDT","interval":"5m","verdict":"AVOID","score":34,"price":8.78,"msg":"scanner"}
{"level":30,"time":1775395491492,"pid":17096,"hostname":"DESKTOP-KPAMGTB","module":"binance","symbol":"DOTUSDT","interval":"5m","verdict":"AVOID","score":34,"price":1.219,"msg":"scanner"}
{"level":30,"time":1775395492339,"pid":17096,"hostname":"DESKTOP-KPAMGTB","module":"binance","symbol":"SHIBUSDT","interval":"5m","verdict":"WAIT","score":44,"price":0.00000582,"msg":"scanner"}
{"level":30,"time":1775395492643,"pid":17096,"hostname":"DESKTOP-KPAMGTB","module":"binance","symbol":"ATOMUSDT","interval":"5m","verdict":"WAIT","score":47,"price":1.679,"msg":"scanner"}
{"level":30,"time":1775395520453,"pid":17096,"hostname":"DESKTOP-KPAMGTB","module":"binance","symbol":"BTCUSDT","interval":"5m","verdict":"WAIT","score":44,"price":66828.31,"msg":"scanner"}
{"level":30,"time":1775395520467,"pid":17096,"hostname":"DESKTOP-KPAMGTB","module":"binance","symbol":"ETHUSDT","interval":"5m","verdict":"WAIT","score":47,"price":2031.02,"msg":"scanner"}
{"level":30,"time":1775395520474,"pid":17096,"hostname":"DESKTOP-KPAMGTB","module":"binance","symbol":"BTCUSDT","interval":"1h","verdict":"AVOID","score":31,"price":66828.31,"msg":"scanner"}
{"level":30,"time":1775395520647,"pid":17096,"hostname":"DESKTOP-KPAMGTB","module":"binance","symbol":"ETHUSDT","interval":"1h","verdict":"AVOID","score":34,"price":2031.01,"msg":"scanner"}
{"level":30,"time":1775395520856,"pid":17096,"hostname":"DESKTOP-KPAMGTB","module":"binance","symbol":"BNBUSDT","interval":"5m","verdict":"WAIT","score":50,"price":589.06,"msg":"scanner"}
{"level":30,"time":1775395520865,"pid":17096,"hostname":"DESKTOP-KPAMGTB","module":"binance","symbol":"BNBUSDT","interval":"1h","verdict":"AVOID","score":34,"price":589.06,"msg":"scanner"}
{"level":30,"time":1775395520886,"pid":17096,"hostname":"DESKTOP-KPAMGTB","module":"binance","symbol":"SOLUSDT","interval":"5m","verdict":"WAIT","score":41,"price":78.88,"msg":"scanner"}
{"level":30,"time":1775395521049,"pid":17096,"hostname":"DESKTOP-KPAMGTB","module":"binance","symbol":"SOLUSDT","interval":"1h","verdict":"WAIT","score":41,"price":78.88,"msg":"scanner"}
{"level":30,"time":1775395521172,"pid":17096,"hostname":"DESKTOP-KPAMGTB","module":"binance","symbol":"XRPUSDT","interval":"5m","verdict":"WAIT","score":50,"price":1.2865,"msg":"scanner"}
{"level":30,"time":1775395521225,"pid":17096,"hostname":"DESKTOP-KPAMGTB","module":"binance","symbol":"XRPUSDT","interval":"1h","verdict":"WAIT","score":41,"price":1.2865,"msg":"scanner"}
{"level":30,"time":1775395521250,"pid":17096,"hostname":"DESKTOP-KPAMGTB","module":"binance","symbol":"DOGEUSDT","interval":"5m","verdict":"WAIT","score":44,"price":0.09004,"msg":"scanner"}
{"level":30,"time":1775395521626,"pid":17096,"hostname":"DESKTOP-KPAMGTB","module":"binance","symbol":"DOGEUSDT","interval":"1h","verdict":"WAIT","score":44,"price":0.09004,"msg":"scanner"}
{"level":30,"time":1775395521792,"pid":17096,"hostname":"DESKTOP-KPAMGTB","module":"binance","symbol":"ADAUSDT","interval":"5m","verdict":"WAIT","score":53,"price":0.2415,"msg":"scanner"}
{"level":30,"time":1775395521999,"pid":17096,"hostname":"DESKTOP-KPAMGTB","module":"binance","symbol":"ADAUSDT","interval":"1h","verdict":"WAIT","score":47,"price":0.2415,"msg":"scanner"}
{"level":30,"time":1775395522482,"pid":17096,"hostname":"DESKTOP-KPAMGTB","module":"binance","symbol":"AVAXUSDT","interval":"5m","verdict":"AVOID","score":28,"price":8.77,"msg":"scanner"}
{"level":30,"time":1775395522549,"pid":17096,"hostname":"DESKTOP-KPAMGTB","module":"binance","symbol":"TRXUSDT","interval":"5m","verdict":"WAIT","score":59,"price":0.3191,"msg":"scanner"}
{"level":30,"time":1775395522571,"pid":17096,"hostname":"DESKTOP-KPAMGTB","module":"binance","symbol":"TRXUSDT","interval":"1h","verdict":"WAIT","score":63,"price":0.3191,"msg":"scanner"}
{"level":30,"time":1775395522725,"pid":17096,"hostname":"DESKTOP-KPAMGTB","module":"binance","symbol":"DOTUSDT","interval":"5m","verdict":"WAIT","score":41,"price":1.219,"msg":"scanner"}
{"level":30,"time":1775395523121,"pid":17096,"hostname":"DESKTOP-KPAMGTB","module":"binance","symbol":"LINKUSDT","interval":"5m","verdict":"WAIT","score":50,"price":8.52,"msg":"scanner"}
{"level":30,"time":1775395523297,"pid":17096,"hostname":"DESKTOP-KPAMGTB","module":"binance","symbol":"MATICUSDT","interval":"5m","verdict":"WAIT","score":59,"price":0.3794,"msg":"scanner"}
{"level":30,"time":1775395523334,"pid":17096,"hostname":"DESKTOP-KPAMGTB","module":"binance","symbol":"MATICUSDT","interval":"1h","verdict":"WAIT","score":47,"price":0.3794,"msg":"scanner"}
{"level":30,"time":1775395523615,"pid":17096,"hostname":"DESKTOP-KPAMGTB","module":"binance","symbol":"LTCUSDT","interval":"5m","verdict":"WAIT","score":50,"price":52.78,"msg":"scanner"}
{"level":30,"time":1775395523687,"pid":17096,"hostname":"DESKTOP-KPAMGTB","module":"binance","symbol":"SHIBUSDT","interval":"5m","verdict":"WAIT","score":38,"price":0.00000581,"msg":"scanner"}
{"level":30,"time":1775395523722,"pid":17096,"hostname":"DESKTOP-KPAMGTB","module":"binance","symbol":"SHIBUSDT","interval":"1h","verdict":"WAIT","score":44,"price":0.00000581,"msg":"scanner"}
{"level":30,"time":1775395523817,"pid":17096,"hostname":"DESKTOP-KPAMGTB","module":"binance","symbol":"LTCUSDT","interval":"1h","verdict":"WAIT","score":44,"price":52.78,"msg":"scanner"}
{"level":30,"time":1775395524001,"pid":17096,"hostname":"DESKTOP-KPAMGTB","module":"binance","symbol":"UNIUSDT","interval":"5m","verdict":"WAIT","score":63,"price":3.077,"msg":"scanner"}
{"level":30,"time":1775395524014,"pid":17096,"hostname":"DESKTOP-KPAMGTB","module":"binance","symbol":"UNIUSDT","interval":"1h","verdict":"WAIT","score":47,"price":3.077,"msg":"scanner"}
{"level":30,"time":1775395524194,"pid":17096,"hostname":"DESKTOP-KPAMGTB","module":"binance","symbol":"ATOMUSDT","interval":"5m","verdict":"WAIT","score":44,"price":1.679,"msg":"scanner"}
{"level":30,"time":1775395524250,"pid":17096,"hostname":"DESKTOP-KPAMGTB","module":"binance","symbol":"ATOMUSDT","interval":"1h","verdict":"AVOID","score":34,"price":1.679,"msg":"scanner"}
{"level":30,"time":1775395524347,"pid":17096,"hostname":"DESKTOP-KPAMGTB","module":"binance","symbol":"ETCUSDT","interval":"5m","verdict":"WAIT","score":47,"price":8.44,"msg":"scanner"}
{"level":30,"time":1775395524482,"pid":17096,"hostname":"DESKTOP-KPAMGTB","module":"binance","symbol":"ETCUSDT","interval":"1h","verdict":"WAIT","score":56,"price":8.44,"msg":"scanner"}
{"level":30,"time":1775395524603,"pid":17096,"hostname":"DESKTOP-KPAMGTB","module":"binance","symbol":"XLMUSDT","interval":"5m","verdict":"WAIT","score":38,"price":0.158,"msg":"scanner"}
{"level":30,"time":1775395524636,"pid":17096,"hostname":"DESKTOP-KPAMGTB","module":"binance","symbol":"XLMUSDT","interval":"1h","verdict":"WAIT","score":47,"price":0.158,"msg":"scanner"}
{"level":30,"time":1775395524815,"pid":17096,"hostname":"DESKTOP-KPAMGTB","module":"binance","symbol":"APTUSDT","interval":"5m","verdict":"WAIT","score":38,"price":0.832,"msg":"scanner"}
{"level":30,"time":1775395524844,"pid":17096,"hostname":"DESKTOP-KPAMGTB","module":"binance","symbol":"APTUSDT","interval":"1h","verdict":"WAIT","score":44,"price":0.832,"msg":"scanner"}
{"level":30,"time":1775395524947,"pid":17096,"hostname":"DESKTOP-KPAMGTB","module":"binance","symbol":"NEARUSDT","interval":"5m","verdict":"AVOID","score":34,"price":1.242,"msg":"scanner"}
{"level":30,"time":1775395524986,"pid":17096,"hostname":"DESKTOP-KPAMGTB","module":"binance","symbol":"NEARUSDT","interval":"1h","verdict":"WAIT","score":56,"price":1.242,"msg":"scanner"}
{"level":30,"time":1775395580755,"pid":17096,"hostname":"DESKTOP-KPAMGTB","module":"binance","symbol":"BTCUSDT","interval":"5m","verdict":"WAIT","score":47,"price":66811.75,"msg":"scanner"}
{"level":30,"time":1775395580804,"pid":17096,"hostname":"DESKTOP-KPAMGTB","module":"binance","symbol":"ETHUSDT","interval":"5m","verdict":"WAIT","score":47,"price":2030.03,"msg":"scanner"}
{"level":30,"time":1775395581068,"pid":17096,"hostname":"DESKTOP-KPAMGTB","module":"binance","symbol":"BNBUSDT","interval":"5m","verdict":"WAIT","score":50,"price":588.98,"msg":"scanner"}
{"level":30,"time":1775395581151,"pid":17096,"hostname":"DESKTOP-KPAMGTB","module":"binance","symbol":"SOLUSDT","interval":"5m","verdict":"WAIT","score":41,"price":78.86,"msg":"scanner"}
{"level":30,"time":1775395581223,"pid":17096,"hostname":"DESKTOP-KPAMGTB","module":"binance","symbol":"XRPUSDT","interval":"5m","verdict":"WAIT","score":50,"price":1.2865,"msg":"scanner"}
{"level":30,"time":1775395581300,"pid":17096,"hostname":"DESKTOP-KPAMGTB","module":"binance","symbol":"DOGEUSDT","interval":"5m","verdict":"WAIT","score":47,"price":0.09,"msg":"scanner"}
{"level":30,"time":1775395581613,"pid":17096,"hostname":"DESKTOP-KPAMGTB","module":"binance","symbol":"ADAUSDT","interval":"5m","verdict":"WAIT","score":53,"price":0.2415,"msg":"scanner"}
{"level":30,"time":1775395581657,"pid":17096,"hostname":"DESKTOP-KPAMGTB","module":"binance","symbol":"AVAXUSDT","interval":"5m","verdict":"AVOID","score":28,"price":8.77,"msg":"scanner"}
{"level":30,"time":1775395581742,"pid":17096,"hostname":"DESKTOP-KPAMGTB","module":"binance","symbol":"AVAXUSDT","interval":"1h","verdict":"WAIT","score":44,"price":8.77,"msg":"scanner"}
{"level":30,"time":1775395582061,"pid":17096,"hostname":"DESKTOP-KPAMGTB","module":"binance","symbol":"TRXUSDT","interval":"5m","verdict":"WAIT","score":59,"price":0.3191,"msg":"scanner"}
{"level":30,"time":1775395582092,"pid":17096,"hostname":"DESKTOP-KPAMGTB","module":"binance","symbol":"DOTUSDT","interval":"5m","verdict":"WAIT","score":38,"price":1.218,"msg":"scanner"}
{"level":30,"time":1775395582249,"pid":17096,"hostname":"DESKTOP-KPAMGTB","module":"binance","symbol":"DOTUSDT","interval":"1h","verdict":"AVOID","score":34,"price":1.218,"msg":"scanner"}
{"level":30,"time":1775395582708,"pid":17096,"hostname":"DESKTOP-KPAMGTB","module":"binance","symbol":"LINKUSDT","interval":"5m","verdict":"WAIT","score":44,"price":8.51,"msg":"scanner"}
{"level":30,"time":1775395582934,"pid":17096,"hostname":"DESKTOP-KPAMGTB","module":"binance","symbol":"LINKUSDT","interval":"1h","verdict":"WAIT","score":44,"price":8.51,"msg":"scanner"}
{"level":30,"time":1775395583123,"pid":17096,"hostname":"DESKTOP-KPAMGTB","module":"binance","symbol":"MATICUSDT","interval":"5m","verdict":"WAIT","score":59,"price":0.3794,"msg":"scanner"}
{"level":30,"time":1775395583163,"pid":17096,"hostname":"DESKTOP-KPAMGTB","module":"binance","symbol":"LTCUSDT","interval":"5m","verdict":"WAIT","score":53,"price":52.8,"msg":"scanner"}
{"level":30,"time":1775395583291,"pid":17096,"hostname":"DESKTOP-KPAMGTB","module":"binance","symbol":"SHIBUSDT","interval":"5m","verdict":"WAIT","score":38,"price":0.00000581,"msg":"scanner"}
{"level":30,"time":1775395583547,"pid":17096,"hostname":"DESKTOP-KPAMGTB","module":"binance","symbol":"UNIUSDT","interval":"5m","verdict":"WAIT","score":53,"price":3.075,"msg":"scanner"}
{"level":30,"time":1775395583659,"pid":17096,"hostname":"DESKTOP-KPAMGTB","module":"binance","symbol":"ATOMUSDT","interval":"5m","verdict":"WAIT","score":44,"price":1.679,"msg":"scanner"}
{"level":30,"time":1775395583959,"pid":17096,"hostname":"DESKTOP-KPAMGTB","module":"binance","symbol":"ETCUSDT","interval":"5m","verdict":"WAIT","score":47,"price":8.44,"msg":"scanner"}
{"level":30,"time":1775395584038,"pid":17096,"hostname":"DESKTOP-KPAMGTB","module":"binance","symbol":"XLMUSDT","interval":"5m","verdict":"WAIT","score":38,"price":0.158,"msg":"scanner"}
{"level":30,"time":1775395584342,"pid":17096,"hostname":"DESKTOP-KPAMGTB","module":"binance","symbol":"APTUSDT","interval":"5m","verdict":"AVOID","score":34,"price":0.833,"msg":"scanner"}
{"level":30,"time":1775395584432,"pid":17096,"hostname":"DESKTOP-KPAMGTB","module":"binance","symbol":"NEARUSDT","interval":"5m","verdict":"WAIT","score":38,"price":1.241,"msg":"scanner"}
{"level":30,"time":1775395610566,"pid":17096,"hostname":"DESKTOP-KPAMGTB","module":"binance","symbol":"BTCUSDT","interval":"4h","verdict":"WAIT","score":38,"price":66805.38,"msg":"scanner"}
{"level":30,"time":1775395610890,"pid":17096,"hostname":"DESKTOP-KPAMGTB","module":"binance","symbol":"BNBUSDT","interval":"4h","verdict":"WAIT","score":41,"price":588.94,"msg":"scanner"}
{"level":30,"time":1775395611073,"pid":17096,"hostname":"DESKTOP-KPAMGTB","module":"binance","symbol":"ETHUSDT","interval":"4h","verdict":"WAIT","score":41,"price":2029.9,"msg":"scanner"}
{"level":30,"time":1775395640631,"pid":17096,"hostname":"DESKTOP-KPAMGTB","module":"binance","symbol":"BTCUSDT","interval":"5m","verdict":"WAIT","score":47,"price":66805.37,"msg":"scanner"}
{"level":30,"time":1775395640649,"pid":17096,"hostname":"DESKTOP-KPAMGTB","module":"binance","symbol":"ETHUSDT","interval":"5m","verdict":"WAIT","score":47,"price":2029.99,"msg":"scanner"}
{"level":30,"time":1775395640876,"pid":17096,"hostname":"DESKTOP-KPAMGTB","module":"binance","symbol":"BNBUSDT","interval":"5m","verdict":"WAIT","score":50,"price":589,"msg":"scanner"}
{"level":30,"time":1775395641013,"pid":17096,"hostname":"DESKTOP-KPAMGTB","module":"binance","symbol":"SOLUSDT","interval":"5m","verdict":"WAIT","score":44,"price":78.81,"msg":"scanner"}
{"level":30,"time":1775395641041,"pid":17096,"hostname":"DESKTOP-KPAMGTB","module":"binance","symbol":"SOLUSDT","interval":"4h","verdict":"AVOID","score":34,"price":78.81,"msg":"scanner"}
{"level":30,"time":1775395641110,"pid":17096,"hostname":"DESKTOP-KPAMGTB","module":"binance","symbol":"XRPUSDT","interval":"5m","verdict":"WAIT","score":50,"price":1.2866,"msg":"scanner"}
{"level":30,"time":1775395641245,"pid":17096,"hostname":"DESKTOP-KPAMGTB","module":"binance","symbol":"XRPUSDT","interval":"4h","verdict":"WAIT","score":38,"price":1.2866,"msg":"scanner"}
{"level":30,"time":1775395641371,"pid":17096,"hostname":"DESKTOP-KPAMGTB","module":"binance","symbol":"DOGEUSDT","interval":"5m","verdict":"WAIT","score":47,"price":0.08997,"msg":"scanner"}
{"level":30,"time":1775395641609,"pid":17096,"hostname":"DESKTOP-KPAMGTB","module":"binance","symbol":"ADAUSDT","interval":"5m","verdict":"WAIT","score":53,"price":0.2415,"msg":"scanner"}
{"level":30,"time":1775395641748,"pid":17096,"hostname":"DESKTOP-KPAMGTB","module":"binance","symbol":"ADAUSDT","interval":"4h","verdict":"AVOID","score":31,"price":0.2415,"msg":"scanner"}
{"level":30,"time":1775395641852,"pid":17096,"hostname":"DESKTOP-KPAMGTB","module":"binance","symbol":"AVAXUSDT","interval":"5m","verdict":"AVOID","score":28,"price":8.77,"msg":"scanner"}
{"level":30,"time":1775395642038,"pid":17096,"hostname":"DESKTOP-KPAMGTB","module":"binance","symbol":"AVAXUSDT","interval":"4h","verdict":"AVOID","score":31,"price":8.77,"msg":"scanner"}
{"level":30,"time":1775395642099,"pid":17096,"hostname":"DESKTOP-KPAMGTB","module":"binance","symbol":"TRXUSDT","interval":"5m","verdict":"BUY","score":69,"price":0.3192,"msg":"scanner"}
{"level":30,"time":1775395642275,"pid":17096,"hostname":"DESKTOP-KPAMGTB","module":"binance","symbol":"TRXUSDT","interval":"4h","verdict":"WAIT","score":63,"price":0.3192,"msg":"scanner"}
{"level":30,"time":1775395642306,"pid":17096,"hostname":"DESKTOP-KPAMGTB","module":"binance","symbol":"DOTUSDT","interval":"5m","verdict":"WAIT","score":41,"price":1.219,"msg":"scanner"}
{"level":30,"time":1775395642495,"pid":17096,"hostname":"DESKTOP-KPAMGTB","module":"binance","symbol":"DOTUSDT","interval":"4h","verdict":"AVOID","score":34,"price":1.219,"msg":"scanner"}
{"level":30,"time":1775395642581,"pid":17096,"hostname":"DESKTOP-KPAMGTB","module":"binance","symbol":"LINKUSDT","interval":"5m","verdict":"WAIT","score":41,"price":8.5,"msg":"scanner"}
{"level":30,"time":1775395642790,"pid":17096,"hostname":"DESKTOP-KPAMGTB","module":"binance","symbol":"LINKUSDT","interval":"4h","verdict":"AVOID","score":34,"price":8.5,"msg":"scanner"}
{"level":30,"time":1775395642922,"pid":17096,"hostname":"DESKTOP-KPAMGTB","module":"binance","symbol":"MATICUSDT","interval":"5m","verdict":"WAIT","score":59,"price":0.3794,"msg":"scanner"}
{"level":30,"time":1775395642999,"pid":17096,"hostname":"DESKTOP-KPAMGTB","module":"binance","symbol":"MATICUSDT","interval":"4h","verdict":"WAIT","score":41,"price":0.3794,"msg":"scanner"}
{"level":30,"time":1775395643009,"pid":17096,"hostname":"DESKTOP-KPAMGTB","module":"binance","symbol":"LTCUSDT","interval":"5m","verdict":"WAIT","score":53,"price":52.79,"msg":"scanner"}
{"level":30,"time":1775395643184,"pid":17096,"hostname":"DESKTOP-KPAMGTB","module":"binance","symbol":"LTCUSDT","interval":"4h","verdict":"WAIT","score":38,"price":52.79,"msg":"scanner"}
{"level":30,"time":1775395643281,"pid":17096,"hostname":"DESKTOP-KPAMGTB","module":"binance","symbol":"SHIBUSDT","interval":"5m","verdict":"WAIT","score":38,"price":0.00000581,"msg":"scanner"}
{"level":30,"time":1775395643632,"pid":17096,"hostname":"DESKTOP-KPAMGTB","module":"binance","symbol":"UNIUSDT","interval":"5m","verdict":"BUY","score":66,"price":3.076,"msg":"scanner"}
{"level":30,"time":1775395644206,"pid":17096,"hostname":"DESKTOP-KPAMGTB","module":"binance","symbol":"UNIUSDT","interval":"4h","verdict":"WAIT","score":50,"price":3.076,"msg":"scanner"}
{"level":30,"time":1775395644218,"pid":17096,"hostname":"DESKTOP-KPAMGTB","module":"binance","symbol":"ATOMUSDT","interval":"5m","verdict":"WAIT","score":44,"price":1.679,"msg":"scanner"}
{"level":30,"time":1775395644261,"pid":17096,"hostname":"DESKTOP-KPAMGTB","module":"binance","symbol":"ATOMUSDT","interval":"4h","verdict":"AVOID","score":34,"price":1.679,"msg":"scanner"}
{"level":30,"time":1775395644348,"pid":17096,"hostname":"DESKTOP-KPAMGTB","module":"binance","symbol":"ETCUSDT","interval":"5m","verdict":"WAIT","score":38,"price":8.43,"msg":"scanner"}
{"level":30,"time":1775395644624,"pid":17096,"hostname":"DESKTOP-KPAMGTB","module":"binance","symbol":"ETCUSDT","interval":"4h","verdict":"WAIT","score":56,"price":8.43,"msg":"scanner"}
{"level":30,"time":1775395644662,"pid":17096,"hostname":"DESKTOP-KPAMGTB","module":"binance","symbol":"XLMUSDT","interval":"5m","verdict":"AVOID","score":34,"price":0.1578,"msg":"scanner"}
{"level":30,"time":1775395644736,"pid":17096,"hostname":"DESKTOP-KPAMGTB","module":"binance","symbol":"XLMUSDT","interval":"4h","verdict":"AVOID","score":34,"price":0.1578,"msg":"scanner"}
{"level":30,"time":1775395644750,"pid":17096,"hostname":"DESKTOP-KPAMGTB","module":"binance","symbol":"APTUSDT","interval":"5m","verdict":"WAIT","score":38,"price":0.832,"msg":"scanner"}
{"level":30,"time":1775395644958,"pid":17096,"hostname":"DESKTOP-KPAMGTB","module":"binance","symbol":"APTUSDT","interval":"4h","verdict":"WAIT","score":47,"price":0.832,"msg":"scanner"}
{"level":30,"time":1775395644968,"pid":17096,"hostname":"DESKTOP-KPAMGTB","module":"binance","symbol":"NEARUSDT","interval":"5m","verdict":"WAIT","score":38,"price":1.241,"msg":"scanner"}
{"level":30,"time":1775395645070,"pid":17096,"hostname":"DESKTOP-KPAMGTB","module":"binance","symbol":"NEARUSDT","interval":"4h","verdict":"WAIT","score":59,"price":1.241,"msg":"scanner"}
{"level":30,"time":1775395670793,"pid":17096,"hostname":"DESKTOP-KPAMGTB","module":"binance","symbol":"BTCUSDT","interval":"1h","verdict":"AVOID","score":31,"price":66800,"msg":"scanner"}
{"level":30,"time":1775395671079,"pid":17096,"hostname":"DESKTOP-KPAMGTB","module":"binance","symbol":"BNBUSDT","interval":"1h","verdict":"AVOID","score":34,"price":588.76,"msg":"scanner"}
{"level":30,"time":1775395671093,"pid":17096,"hostname":"DESKTOP-KPAMGTB","module":"binance","symbol":"ETHUSDT","interval":"1h","verdict":"AVOID","score":34,"price":2029.8,"msg":"scanner"}
{"level":30,"time":1775395671225,"pid":17096,"hostname":"DESKTOP-KPAMGTB","module":"binance","symbol":"SOLUSDT","interval":"1h","verdict":"WAIT","score":41,"price":78.8,"msg":"scanner"}
{"level":30,"time":1775395671364,"pid":17096,"hostname":"DESKTOP-KPAMGTB","module":"binance","symbol":"XRPUSDT","interval":"1h","verdict":"WAIT","score":41,"price":1.2865,"msg":"scanner"}
{"level":30,"time":1775395671556,"pid":17096,"hostname":"DESKTOP-KPAMGTB","module":"binance","symbol":"DOGEUSDT","interval":"1h","verdict":"WAIT","score":44,"price":0.08997,"msg":"scanner"}
{"level":30,"time":1775395671655,"pid":17096,"hostname":"DESKTOP-KPAMGTB","module":"binance","symbol":"DOGEUSDT","interval":"4h","verdict":"AVOID","score":34,"price":0.08997,"msg":"scanner"}
{"level":30,"time":1775395671797,"pid":17096,"hostname":"DESKTOP-KPAMGTB","module":"binance","symbol":"ADAUSDT","interval":"1h","verdict":"WAIT","score":47,"price":0.2414,"msg":"scanner"}
{"level":30,"time":1775395672110,"pid":17096,"hostname":"DESKTOP-KPAMGTB","module":"binance","symbol":"TRXUSDT","interval":"1h","verdict":"WAIT","score":63,"price":0.3191,"msg":"scanner"}
{"level":30,"time":1775395672592,"pid":17096,"hostname":"DESKTOP-KPAMGTB","module":"binance","symbol":"MATICUSDT","interval":"1h","verdict":"WAIT","score":47,"price":0.3794,"msg":"scanner"}
{"level":30,"time":1775395672784,"pid":17096,"hostname":"DESKTOP-KPAMGTB","module":"binance","symbol":"LTCUSDT","interval":"1h","verdict":"WAIT","score":41,"price":52.79,"msg":"scanner"}
{"level":30,"time":1775395673038,"pid":17096,"hostname":"DESKTOP-KPAMGTB","module":"binance","symbol":"SHIBUSDT","interval":"1h","verdict":"WAIT","score":44,"price":0.00000581,"msg":"scanner"}
{"level":30,"time":1775395673124,"pid":17096,"hostname":"DESKTOP-KPAMGTB","module":"binance","symbol":"SHIBUSDT","interval":"4h","verdict":"WAIT","score":38,"price":0.00000581,"msg":"scanner"}
{"level":30,"time":1775395673499,"pid":17096,"hostname":"DESKTOP-KPAMGTB","module":"binance","symbol":"UNIUSDT","interval":"1h","verdict":"WAIT","score":47,"price":3.076,"msg":"scanner"}
{"level":30,"time":1775395673846,"pid":17096,"hostname":"DESKTOP-KPAMGTB","module":"binance","symbol":"ATOMUSDT","interval":"1h","verdict":"AVOID","score":34,"price":1.679,"msg":"scanner"}
{"level":30,"time":1775395673910,"pid":17096,"hostname":"DESKTOP-KPAMGTB","module":"binance","symbol":"ETCUSDT","interval":"1h","verdict":"WAIT","score":56,"price":8.43,"msg":"scanner"}
{"level":30,"time":1775395674182,"pid":17096,"hostname":"DESKTOP-KPAMGTB","module":"binance","symbol":"XLMUSDT","interval":"1h","verdict":"WAIT","score":47,"price":0.1579,"msg":"scanner"}
{"level":30,"time":1775395674334,"pid":17096,"hostname":"DESKTOP-KPAMGTB","module":"binance","symbol":"APTUSDT","interval":"1h","verdict":"WAIT","score":44,"price":0.833,"msg":"scanner"}
{"level":30,"time":1775395674420,"pid":17096,"hostname":"DESKTOP-KPAMGTB","module":"binance","symbol":"NEARUSDT","interval":"1h","verdict":"WAIT","score":56,"price":1.241,"msg":"scanner"}
{"level":30,"time":1775395700772,"pid":17096,"hostname":"DESKTOP-KPAMGTB","module":"binance","symbol":"BTCUSDT","interval":"5m","verdict":"WAIT","score":41,"price":66766.19,"msg":"scanner"}
{"level":30,"time":1775395700811,"pid":17096,"hostname":"DESKTOP-KPAMGTB","module":"binance","symbol":"ETHUSDT","interval":"5m","verdict":"WAIT","score":47,"price":2028.56,"msg":"scanner"}
{"level":30,"time":1775395701036,"pid":17096,"hostname":"DESKTOP-KPAMGTB","module":"binance","symbol":"BNBUSDT","interval":"5m","verdict":"WAIT","score":53,"price":588.47,"msg":"scanner"}
{"level":30,"time":1775395701126,"pid":17096,"hostname":"DESKTOP-KPAMGTB","module":"binance","symbol":"SOLUSDT","interval":"5m","verdict":"WAIT","score":38,"price":78.71,"msg":"scanner"}
{"level":30,"time":1775395701207,"pid":17096,"hostname":"DESKTOP-KPAMGTB","module":"binance","symbol":"XRPUSDT","interval":"5m","verdict":"WAIT","score":50,"price":1.2854,"msg":"scanner"}
{"level":30,"time":1775395701506,"pid":17096,"hostname":"DESKTOP-KPAMGTB","module":"binance","symbol":"DOGEUSDT","interval":"5m","verdict":"AVOID","score":34,"price":0.08991,"msg":"scanner"}
{"level":30,"time":1775395701584,"pid":17096,"hostname":"DESKTOP-KPAMGTB","module":"binance","symbol":"ADAUSDT","interval":"5m","verdict":"WAIT","score":41,"price":0.2412,"msg":"scanner"}
{"level":30,"time":1775395701728,"pid":17096,"hostname":"DESKTOP-KPAMGTB","module":"binance","symbol":"AVAXUSDT","interval":"5m","verdict":"AVOID","score":28,"price":8.77,"msg":"scanner"}
{"level":30,"time":1775395701893,"pid":17096,"hostname":"DESKTOP-KPAMGTB","module":"binance","symbol":"TRXUSDT","interval":"5m","verdict":"BUY","score":69,"price":0.3192,"msg":"scanner"}
{"level":30,"time":1775395702099,"pid":17096,"hostname":"DESKTOP-KPAMGTB","module":"binance","symbol":"DOTUSDT","interval":"5m","verdict":"WAIT","score":38,"price":1.218,"msg":"scanner"}
{"level":30,"time":1775395702337,"pid":17096,"hostname":"DESKTOP-KPAMGTB","module":"binance","symbol":"LINKUSDT","interval":"5m","verdict":"WAIT","score":41,"price":8.5,"msg":"scanner"}
{"level":30,"time":1775395702622,"pid":17096,"hostname":"DESKTOP-KPAMGTB","module":"binance","symbol":"MATICUSDT","interval":"5m","verdict":"WAIT","score":59,"price":0.3794,"msg":"scanner"}
{"level":30,"time":1775395702997,"pid":17096,"hostname":"DESKTOP-KPAMGTB","module":"binance","symbol":"LTCUSDT","interval":"5m","verdict":"WAIT","score":38,"price":52.75,"msg":"scanner"}
{"level":30,"time":1775395703151,"pid":17096,"hostname":"DESKTOP-KPAMGTB","module":"binance","symbol":"SHIBUSDT","interval":"5m","verdict":"WAIT","score":38,"price":0.00000581,"msg":"scanner"}
{"level":30,"time":1775395703747,"pid":17096,"hostname":"DESKTOP-KPAMGTB","module":"binance","symbol":"UNIUSDT","interval":"5m","verdict":"WAIT","score":53,"price":3.074,"msg":"scanner"}
{"level":30,"time":1775395703809,"pid":17096,"hostname":"DESKTOP-KPAMGTB","module":"binance","symbol":"ATOMUSDT","interval":"5m","verdict":"WAIT","score":44,"price":1.68,"msg":"scanner"}
{"level":30,"time":1775395703994,"pid":17096,"hostname":"DESKTOP-KPAMGTB","module":"binance","symbol":"ETCUSDT","interval":"5m","verdict":"WAIT","score":38,"price":8.42,"msg":"scanner"}
{"level":30,"time":1775395704091,"pid":17096,"hostname":"DESKTOP-KPAMGTB","module":"binance","symbol":"XLMUSDT","interval":"5m","verdict":"AVOID","score":34,"price":0.1579,"msg":"scanner"}
{"level":30,"time":1775395704292,"pid":17096,"hostname":"DESKTOP-KPAMGTB","module":"binance","symbol":"APTUSDT","interval":"5m","verdict":"AVOID","score":34,"price":0.833,"msg":"scanner"}
{"level":30,"time":1775395704534,"pid":17096,"hostname":"DESKTOP-KPAMGTB","module":"binance","symbol":"NEARUSDT","interval":"5m","verdict":"AVOID","score":31,"price":1.24,"msg":"scanner"}
{"level":30,"time":1775395731694,"pid":17096,"hostname":"DESKTOP-KPAMGTB","module":"binance","symbol":"AVAXUSDT","interval":"1h","verdict":"WAIT","score":38,"price":8.76,"msg":"scanner"}
{"level":30,"time":1775395731900,"pid":17096,"hostname":"DESKTOP-KPAMGTB","module":"binance","symbol":"DOTUSDT","interval":"1h","verdict":"AVOID","score":34,"price":1.216,"msg":"scanner"}
{"level":30,"time":1775395732082,"pid":17096,"hostname":"DESKTOP-KPAMGTB","module":"binance","symbol":"LINKUSDT","interval":"1h","verdict":"WAIT","score":44,"price":8.5,"msg":"scanner"}
{"level":30,"time":1775395760914,"pid":17096,"hostname":"DESKTOP-KPAMGTB","module":"binance","symbol":"ETHUSDT","interval":"5m","verdict":"AVOID","score":34,"price":2026.58,"msg":"scanner"}
{"level":30,"time":1775395760921,"pid":17096,"hostname":"DESKTOP-KPAMGTB","module":"binance","symbol":"BTCUSDT","interval":"5m","verdict":"AVOID","score":34,"price":66710.36,"msg":"scanner"}
{"level":30,"time":1775395761293,"pid":17096,"hostname":"DESKTOP-KPAMGTB","module":"binance","symbol":"SOLUSDT","interval":"5m","verdict":"AVOID","score":34,"price":78.63,"msg":"scanner"}
{"level":30,"time":1775395761398,"pid":17096,"hostname":"DESKTOP-KPAMGTB","module":"binance","symbol":"XRPUSDT","interval":"5m","verdict":"WAIT","score":50,"price":1.2838,"msg":"scanner"}
{"level":30,"time":1775395761498,"pid":17096,"hostname":"DESKTOP-KPAMGTB","module":"binance","symbol":"BNBUSDT","interval":"5m","verdict":"WAIT","score":44,"price":587.69,"msg":"scanner"}
{"level":30,"time":1775395761520,"pid":17096,"hostname":"DESKTOP-KPAMGTB","module":"binance","symbol":"DOGEUSDT","interval":"5m","verdict":"AVOID","score":34,"price":0.08974,"msg":"scanner"}
{"level":30,"time":1775395761740,"pid":17096,"hostname":"DESKTOP-KPAMGTB","module":"binance","symbol":"ADAUSDT","interval":"5m","verdict":"AVOID","score":31,"price":0.2409,"msg":"scanner"}
{"level":30,"time":1775395761908,"pid":17096,"hostname":"DESKTOP-KPAMGTB","module":"binance","symbol":"AVAXUSDT","interval":"5m","verdict":"AVOID","score":28,"price":8.76,"msg":"scanner"}
{"level":30,"time":1775395762117,"pid":17096,"hostname":"DESKTOP-KPAMGTB","module":"binance","symbol":"TRXUSDT","interval":"5m","verdict":"WAIT","score":59,"price":0.3191,"msg":"scanner"}
{"level":30,"time":1775395762399,"pid":17096,"hostname":"DESKTOP-KPAMGTB","module":"binance","symbol":"DOTUSDT","interval":"5m","verdict":"WAIT","score":41,"price":1.217,"msg":"scanner"}
{"level":30,"time":1775395762546,"pid":17096,"hostname":"DESKTOP-KPAMGTB","module":"binance","symbol":"LINKUSDT","interval":"5m","verdict":"AVOID","score":34,"price":8.48,"msg":"scanner"}
{"level":30,"time":1775395762655,"pid":17096,"hostname":"DESKTOP-KPAMGTB","module":"binance","symbol":"MATICUSDT","interval":"5m","verdict":"WAIT","score":59,"price":0.3794,"msg":"scanner"}
{"level":30,"time":1775395763200,"pid":17096,"hostname":"DESKTOP-KPAMGTB","module":"binance","symbol":"LTCUSDT","interval":"5m","verdict":"AVOID","score":34,"price":52.68,"msg":"scanner"}
{"level":30,"time":1775395763510,"pid":17096,"hostname":"DESKTOP-KPAMGTB","module":"binance","symbol":"SHIBUSDT","interval":"5m","verdict":"WAIT","score":38,"price":0.0000058,"msg":"scanner"}
{"level":30,"time":1775395763610,"pid":17096,"hostname":"DESKTOP-KPAMGTB","module":"binance","symbol":"UNIUSDT","interval":"5m","verdict":"WAIT","score":41,"price":3.068,"msg":"scanner"}
{"level":30,"time":1775395763968,"pid":17096,"hostname":"DESKTOP-KPAMGTB","module":"binance","symbol":"ATOMUSDT","interval":"5m","verdict":"WAIT","score":50,"price":1.678,"msg":"scanner"}
{"level":30,"time":1775395764137,"pid":17096,"hostname":"DESKTOP-KPAMGTB","module":"binance","symbol":"ETCUSDT","interval":"5m","verdict":"WAIT","score":38,"price":8.41,"msg":"scanner"}
{"level":30,"time":1775395764254,"pid":17096,"hostname":"DESKTOP-KPAMGTB","module":"binance","symbol":"XLMUSDT","interval":"5m","verdict":"AVOID","score":34,"price":0.1578,"msg":"scanner"}
{"level":30,"time":1775395764458,"pid":17096,"hostname":"DESKTOP-KPAMGTB","module":"binance","symbol":"APTUSDT","interval":"5m","verdict":"AVOID","score":31,"price":0.831,"msg":"scanner"}
{"level":30,"time":1775395764555,"pid":17096,"hostname":"DESKTOP-KPAMGTB","module":"binance","symbol":"NEARUSDT","interval":"5m","verdict":"AVOID","score":34,"price":1.238,"msg":"scanner"}
{"level":30,"time":1775395791160,"pid":17096,"hostname":"DESKTOP-KPAMGTB","module":"binance","symbol":"BTCUSDT","interval":"1h","verdict":"AVOID","score":34,"price":66703.67,"msg":"scanner"}
{"level":30,"time":1775395791207,"pid":17096,"hostname":"DESKTOP-KPAMGTB","module":"binance","symbol":"ETHUSDT","interval":"5m","verdict":"AVOID","score":34,"price":2026.19,"msg":"scanner"}
{"level":30,"time":1775395791423,"pid":17096,"hostname":"DESKTOP-KPAMGTB","module":"binance","symbol":"ETHUSDT","interval":"1h","verdict":"WAIT","score":38,"price":2026.19,"msg":"scanner"}
{"level":30,"time":1775395791500,"pid":17096,"hostname":"DESKTOP-KPAMGTB","module":"binance","symbol":"BNBUSDT","interval":"1h","verdict":"AVOID","score":34,"price":587.5,"msg":"scanner"}
{"level":30,"time":1775395791609,"pid":17096,"hostname":"DESKTOP-KPAMGTB","module":"binance","symbol":"SOLUSDT","interval":"1h","verdict":"WAIT","score":38,"price":78.6,"msg":"scanner"}
{"level":30,"time":1775395791717,"pid":17096,"hostname":"DESKTOP-KPAMGTB","module":"binance","symbol":"XRPUSDT","interval":"1h","verdict":"WAIT","score":41,"price":1.2836,"msg":"scanner"}
{"level":30,"time":1775395791898,"pid":17096,"hostname":"DESKTOP-KPAMGTB","module":"binance","symbol":"DOGEUSDT","interval":"5m","verdict":"AVOID","score":34,"price":0.08975,"msg":"scanner"}
{"level":30,"time":1775395791995,"pid":17096,"hostname":"DESKTOP-KPAMGTB","module":"binance","symbol":"DOGEUSDT","interval":"1h","verdict":"WAIT","score":38,"price":0.08975,"msg":"scanner"}
{"level":30,"time":1775395792054,"pid":17096,"hostname":"DESKTOP-KPAMGTB","module":"binance","symbol":"ADAUSDT","interval":"5m","verdict":"WAIT","score":38,"price":0.2407,"msg":"scanner"}
{"level":30,"time":1775395792126,"pid":17096,"hostname":"DESKTOP-KPAMGTB","module":"binance","symbol":"ADAUSDT","interval":"1h","verdict":"WAIT","score":50,"price":0.2407,"msg":"scanner"}
{"level":30,"time":1775395792315,"pid":17096,"hostname":"DESKTOP-KPAMGTB","module":"binance","symbol":"AVAXUSDT","interval":"5m","verdict":"AVOID","score":28,"price":8.76,"msg":"scanner"}
{"level":30,"time":1775395792515,"pid":17096,"hostname":"DESKTOP-KPAMGTB","module":"binance","symbol":"TRXUSDT","interval":"5m","verdict":"WAIT","score":59,"price":0.3191,"msg":"scanner"}
{"level":30,"time":1775395792561,"pid":17096,"hostname":"DESKTOP-KPAMGTB","module":"binance","symbol":"TRXUSDT","interval":"1h","verdict":"WAIT","score":63,"price":0.3191,"msg":"scanner"}
{"level":30,"time":1775395792742,"pid":17096,"hostname":"DESKTOP-KPAMGTB","module":"binance","symbol":"DOTUSDT","interval":"5m","verdict":"WAIT","score":41,"price":1.217,"msg":"scanner"}
{"level":30,"time":1775395792998,"pid":17096,"hostname":"DESKTOP-KPAMGTB","module":"binance","symbol":"LINKUSDT","interval":"5m","verdict":"AVOID","score":34,"price":8.48,"msg":"scanner"}
{"level":30,"time":1775395793073,"pid":17096,"hostname":"DESKTOP-KPAMGTB","module":"binance","symbol":"MATICUSDT","interval":"5m","verdict":"WAIT","score":59,"price":0.3794,"msg":"scanner"}
{"level":30,"time":1775395793152,"pid":17096,"hostname":"DESKTOP-KPAMGTB","module":"binance","symbol":"MATICUSDT","interval":"1h","verdict":"WAIT","score":47,"price":0.3794,"msg":"scanner"}
{"level":30,"time":1775395793312,"pid":17096,"hostname":"DESKTOP-KPAMGTB","module":"binance","symbol":"LTCUSDT","interval":"1h","verdict":"WAIT","score":44,"price":52.68,"msg":"scanner"}
{"level":30,"time":1775395793488,"pid":17096,"hostname":"DESKTOP-KPAMGTB","module":"binance","symbol":"SHIBUSDT","interval":"1h","verdict":"WAIT","score":44,"price":0.0000058,"msg":"scanner"}
{"level":30,"time":1775395794174,"pid":17096,"hostname":"DESKTOP-KPAMGTB","module":"binance","symbol":"ETCUSDT","interval":"1h","verdict":"WAIT","score":44,"price":8.41,"msg":"scanner"}
{"level":30,"time":1775395821344,"pid":17096,"hostname":"DESKTOP-KPAMGTB","module":"binance","symbol":"BTCUSDT","interval":"5m","verdict":"AVOID","score":34,"price":66706.88,"msg":"scanner"}
{"level":30,"time":1775395821482,"pid":17096,"hostname":"DESKTOP-KPAMGTB","module":"binance","symbol":"BNBUSDT","interval":"5m","verdict":"WAIT","score":47,"price":587.41,"msg":"scanner"}
{"level":30,"time":1775395821640,"pid":17096,"hostname":"DESKTOP-KPAMGTB","module":"binance","symbol":"SOLUSDT","interval":"5m","verdict":"WAIT","score":38,"price":78.57,"msg":"scanner"}
{"level":30,"time":1775395821691,"pid":17096,"hostname":"DESKTOP-KPAMGTB","module":"binance","symbol":"XRPUSDT","interval":"5m","verdict":"WAIT","score":50,"price":1.2836,"msg":"scanner"}
{"level":30,"time":1775395822705,"pid":17096,"hostname":"DESKTOP-KPAMGTB","module":"binance","symbol":"LTCUSDT","interval":"5m","verdict":"AVOID","score":28,"price":52.68,"msg":"scanner"}
{"level":30,"time":1775395822779,"pid":17096,"hostname":"DESKTOP-KPAMGTB","module":"binance","symbol":"SHIBUSDT","interval":"5m","verdict":"AVOID","score":34,"price":0.00000579,"msg":"scanner"}
{"level":30,"time":1775395823119,"pid":17096,"hostname":"DESKTOP-KPAMGTB","module":"binance","symbol":"UNIUSDT","interval":"5m","verdict":"AVOID","score":28,"price":3.068,"msg":"scanner"}
{"level":30,"time":1775395823150,"pid":17096,"hostname":"DESKTOP-KPAMGTB","module":"binance","symbol":"UNIUSDT","interval":"1h","verdict":"WAIT","score":44,"price":3.068,"msg":"scanner"}
{"level":30,"time":1775395823225,"pid":17096,"hostname":"DESKTOP-KPAMGTB","module":"binance","symbol":"ATOMUSDT","interval":"5m","verdict":"WAIT","score":41,"price":1.675,"msg":"scanner"}
{"level":30,"time":1775395823517,"pid":17096,"hostname":"DESKTOP-KPAMGTB","module":"binance","symbol":"ATOMUSDT","interval":"1h","verdict":"AVOID","score":34,"price":1.675,"msg":"scanner"}
{"level":30,"time":1775395823859,"pid":17096,"hostname":"DESKTOP-KPAMGTB","module":"binance","symbol":"ETCUSDT","interval":"5m","verdict":"WAIT","score":44,"price":8.42,"msg":"scanner"}
{"level":30,"time":1775395824052,"pid":17096,"hostname":"DESKTOP-KPAMGTB","module":"binance","symbol":"XLMUSDT","interval":"1h","verdict":"WAIT","score":47,"price":0.1578,"msg":"scanner"}
{"level":30,"time":1775395824089,"pid":17096,"hostname":"DESKTOP-KPAMGTB","module":"binance","symbol":"XLMUSDT","interval":"5m","verdict":"AVOID","score":34,"price":0.1578,"msg":"scanner"}
{"level":30,"time":1775395824143,"pid":17096,"hostname":"DESKTOP-KPAMGTB","module":"binance","symbol":"APTUSDT","interval":"5m","verdict":"AVOID","score":31,"price":0.831,"msg":"scanner"}
{"level":30,"time":1775395824249,"pid":17096,"hostname":"DESKTOP-KPAMGTB","module":"binance","symbol":"APTUSDT","interval":"1h","verdict":"WAIT","score":41,"price":0.831,"msg":"scanner"}
{"level":30,"time":1775395824489,"pid":17096,"hostname":"DESKTOP-KPAMGTB","module":"binance","symbol":"NEARUSDT","interval":"5m","verdict":"AVOID","score":34,"price":1.238,"msg":"scanner"}
{"level":30,"time":1775395824500,"pid":17096,"hostname":"DESKTOP-KPAMGTB","module":"binance","symbol":"NEARUSDT","interval":"1h","verdict":"WAIT","score":47,"price":1.238,"msg":"scanner"}
{"level":30,"time":1775395851242,"pid":17096,"hostname":"DESKTOP-KPAMGTB","module":"binance","symbol":"ETHUSDT","interval":"5m","verdict":"AVOID","score":34,"price":2026.85,"msg":"scanner"}
{"level":30,"time":1775395851718,"pid":17096,"hostname":"DESKTOP-KPAMGTB","module":"binance","symbol":"DOGEUSDT","interval":"5m","verdict":"AVOID","score":34,"price":0.08978,"msg":"scanner"}
{"level":30,"time":1775395851794,"pid":17096,"hostname":"DESKTOP-KPAMGTB","module":"binance","symbol":"ADAUSDT","interval":"5m","verdict":"AVOID","score":34,"price":0.2408,"msg":"scanner"}
{"level":30,"time":1775395851955,"pid":17096,"hostname":"DESKTOP-KPAMGTB","module":"binance","symbol":"AVAXUSDT","interval":"5m","verdict":"AVOID","score":34,"price":8.75,"msg":"scanner"}
{"level":30,"time":1775395852067,"pid":17096,"hostname":"DESKTOP-KPAMGTB","module":"binance","symbol":"AVAXUSDT","interval":"1h","verdict":"WAIT","score":38,"price":8.75,"msg":"scanner"}
{"level":30,"time":1775395852153,"pid":17096,"hostname":"DESKTOP-KPAMGTB","module":"binance","symbol":"TRXUSDT","interval":"5m","verdict":"WAIT","score":59,"price":0.3192,"msg":"scanner"}
{"level":30,"time":1775395852287,"pid":17096,"hostname":"DESKTOP-KPAMGTB","module":"binance","symbol":"DOTUSDT","interval":"5m","verdict":"WAIT","score":38,"price":1.216,"msg":"scanner"}
{"level":30,"time":1775395852341,"pid":17096,"hostname":"DESKTOP-KPAMGTB","module":"binance","symbol":"DOTUSDT","interval":"1h","verdict":"AVOID","score":34,"price":1.216,"msg":"scanner"}
{"level":30,"time":1775395852417,"pid":17096,"hostname":"DESKTOP-KPAMGTB","module":"binance","symbol":"LINKUSDT","interval":"5m","verdict":"AVOID","score":34,"price":8.48,"msg":"scanner"}
{"level":30,"time":1775395852543,"pid":17096,"hostname":"DESKTOP-KPAMGTB","module":"binance","symbol":"LINKUSDT","interval":"1h","verdict":"WAIT","score":38,"price":8.48,"msg":"scanner"}
{"level":30,"time":1775395852681,"pid":17096,"hostname":"DESKTOP-KPAMGTB","module":"binance","symbol":"MATICUSDT","interval":"5m","verdict":"WAIT","score":59,"price":0.3794,"msg":"scanner"}
{"level":30,"time":1775395881403,"pid":17096,"hostname":"DESKTOP-KPAMGTB","module":"binance","symbol":"BTCUSDT","interval":"5m","verdict":"AVOID","score":34,"price":66719.51,"msg":"scanner"}
{"level":30,"time":1775395881711,"pid":17096,"hostname":"DESKTOP-KPAMGTB","module":"binance","symbol":"BNBUSDT","interval":"5m","verdict":"WAIT","score":41,"price":587.22,"msg":"scanner"}
{"level":30,"time":1775395881801,"pid":17096,"hostname":"DESKTOP-KPAMGTB","module":"binance","symbol":"SOLUSDT","interval":"5m","verdict":"WAIT","score":41,"price":78.58,"msg":"scanner"}
{"level":30,"time":1775395881860,"pid":17096,"hostname":"DESKTOP-KPAMGTB","module":"binance","symbol":"XRPUSDT","interval":"5m","verdict":"WAIT","score":50,"price":1.284,"msg":"scanner"}
{"level":30,"time":1775395882089,"pid":17096,"hostname":"DESKTOP-KPAMGTB","module":"binance","symbol":"DOGEUSDT","interval":"5m","verdict":"AVOID","score":34,"price":0.0898,"msg":"scanner"}
{"level":30,"time":1775395882217,"pid":17096,"hostname":"DESKTOP-KPAMGTB","module":"binance","symbol":"ADAUSDT","interval":"5m","verdict":"WAIT","score":38,"price":0.2407,"msg":"scanner"}
{"level":30,"time":1775395882462,"pid":17096,"hostname":"DESKTOP-KPAMGTB","module":"binance","symbol":"AVAXUSDT","interval":"5m","verdict":"AVOID","score":28,"price":8.76,"msg":"scanner"}
{"level":30,"time":1775395882674,"pid":17096,"hostname":"DESKTOP-KPAMGTB","module":"binance","symbol":"TRXUSDT","interval":"5m","verdict":"WAIT","score":59,"price":0.3191,"msg":"scanner"}
{"level":30,"time":1775395882811,"pid":17096,"hostname":"DESKTOP-KPAMGTB","module":"binance","symbol":"DOTUSDT","interval":"5m","verdict":"WAIT","score":41,"price":1.217,"msg":"scanner"}
{"level":30,"time":1775395882904,"pid":17096,"hostname":"DESKTOP-KPAMGTB","module":"binance","symbol":"LINKUSDT","interval":"5m","verdict":"AVOID","score":34,"price":8.48,"msg":"scanner"}
{"level":30,"time":1775395883017,"pid":17096,"hostname":"DESKTOP-KPAMGTB","module":"binance","symbol":"MATICUSDT","interval":"5m","verdict":"WAIT","score":59,"price":0.3794,"msg":"scanner"}
{"level":30,"time":1775395883316,"pid":17096,"hostname":"DESKTOP-KPAMGTB","module":"binance","symbol":"LTCUSDT","interval":"5m","verdict":"AVOID","score":28,"price":52.69,"msg":"scanner"}
{"level":30,"time":1775395883398,"pid":17096,"hostname":"DESKTOP-KPAMGTB","module":"binance","symbol":"SHIBUSDT","interval":"5m","verdict":"WAIT","score":38,"price":0.0000058,"msg":"scanner"}
{"level":30,"time":1775395883677,"pid":17096,"hostname":"DESKTOP-KPAMGTB","module":"binance","symbol":"UNIUSDT","interval":"5m","verdict":"AVOID","score":34,"price":3.069,"msg":"scanner"}
{"level":30,"time":1775395883744,"pid":17096,"hostname":"DESKTOP-KPAMGTB","module":"binance","symbol":"ATOMUSDT","interval":"5m","verdict":"WAIT","score":41,"price":1.675,"msg":"scanner"}
{"level":30,"time":1775395883900,"pid":17096,"hostname":"DESKTOP-KPAMGTB","module":"binance","symbol":"ETCUSDT","interval":"5m","verdict":"WAIT","score":44,"price":8.42,"msg":"scanner"}
{"level":30,"time":1775395884093,"pid":17096,"hostname":"DESKTOP-KPAMGTB","module":"binance","symbol":"XLMUSDT","interval":"5m","verdict":"AVOID","score":34,"price":0.1578,"msg":"scanner"}
{"level":30,"time":1775395884882,"pid":17096,"hostname":"DESKTOP-KPAMGTB","module":"binance","symbol":"APTUSDT","interval":"5m","verdict":"AVOID","score":31,"price":0.831,"msg":"scanner"}
{"level":30,"time":1775395885026,"pid":17096,"hostname":"DESKTOP-KPAMGTB","module":"binance","symbol":"NEARUSDT","interval":"5m","verdict":"AVOID","score":31,"price":1.239,"msg":"scanner"}
{"level":30,"time":1775395911214,"pid":17096,"hostname":"DESKTOP-KPAMGTB","module":"binance","symbol":"BTCUSDT","interval":"4h","verdict":"AVOID","score":31,"price":66727.48,"msg":"scanner"}
{"level":30,"time":1775395911222,"pid":17096,"hostname":"DESKTOP-KPAMGTB","module":"binance","symbol":"ETHUSDT","interval":"5m","verdict":"AVOID","score":34,"price":2026.67,"msg":"scanner"}
{"level":30,"time":1775395911428,"pid":17096,"hostname":"DESKTOP-KPAMGTB","module":"binance","symbol":"ETHUSDT","interval":"4h","verdict":"WAIT","score":41,"price":2026.67,"msg":"scanner"}
{"level":30,"time":1775395911567,"pid":17096,"hostname":"DESKTOP-KPAMGTB","module":"binance","symbol":"BNBUSDT","interval":"4h","verdict":"AVOID","score":34,"price":587.26,"msg":"scanner"}
{"level":30,"time":1775395941277,"pid":17096,"hostname":"DESKTOP-KPAMGTB","module":"binance","symbol":"BTCUSDT","interval":"5m","verdict":"AVOID","score":34,"price":66751.1,"msg":"scanner"}
{"level":30,"time":1775395941296,"pid":17096,"hostname":"DESKTOP-KPAMGTB","module":"binance","symbol":"BTCUSDT","interval":"1h","verdict":"AVOID","score":34,"price":66751.1,"msg":"scanner"}
{"level":30,"time":1775395941437,"pid":17096,"hostname":"DESKTOP-KPAMGTB","module":"binance","symbol":"ETHUSDT","interval":"1h","verdict":"AVOID","score":34,"price":2027.82,"msg":"scanner"}
{"level":30,"time":1775395941493,"pid":17096,"hostname":"DESKTOP-KPAMGTB","module":"binance","symbol":"BNBUSDT","interval":"5m","verdict":"WAIT","score":47,"price":587.53,"msg":"scanner"}
{"level":30,"time":1775395941618,"pid":17096,"hostname":"DESKTOP-KPAMGTB","module":"binance","symbol":"BNBUSDT","interval":"1h","verdict":"AVOID","score":34,"price":587.53,"msg":"scanner"}
{"level":30,"time":1775395941632,"pid":17096,"hostname":"DESKTOP-KPAMGTB","module":"binance","symbol":"SOLUSDT","interval":"5m","verdict":"WAIT","score":47,"price":78.66,"msg":"scanner"}
{"level":30,"time":1775395941717,"pid":17096,"hostname":"DESKTOP-KPAMGTB","module":"binance","symbol":"SOLUSDT","interval":"1h","verdict":"WAIT","score":38,"price":78.66,"msg":"scanner"}
{"level":30,"time":1775395941903,"pid":17096,"hostname":"DESKTOP-KPAMGTB","module":"binance","symbol":"XRPUSDT","interval":"5m","verdict":"WAIT","score":50,"price":1.2847,"msg":"scanner"}
{"level":30,"time":1775395941933,"pid":17096,"hostname":"DESKTOP-KPAMGTB","module":"binance","symbol":"XRPUSDT","interval":"1h","verdict":"WAIT","score":41,"price":1.2847,"msg":"scanner"}
{"level":30,"time":1775395941998,"pid":17096,"hostname":"DESKTOP-KPAMGTB","module":"binance","symbol":"SOLUSDT","interval":"4h","verdict":"AVOID","score":34,"price":78.66,"msg":"scanner"}
{"level":30,"time":1775395942029,"pid":17096,"hostname":"DESKTOP-KPAMGTB","module":"binance","symbol":"XRPUSDT","interval":"4h","verdict":"WAIT","score":38,"price":1.2847,"msg":"scanner"}
{"level":30,"time":1775395942196,"pid":17096,"hostname":"DESKTOP-KPAMGTB","module":"binance","symbol":"DOGEUSDT","interval":"5m","verdict":"AVOID","score":34,"price":0.0899,"msg":"scanner"}
{"level":30,"time":1775395942287,"pid":17096,"hostname":"DESKTOP-KPAMGTB","module":"binance","symbol":"DOGEUSDT","interval":"1h","verdict":"WAIT","score":44,"price":0.0899,"msg":"scanner"}
{"level":30,"time":1775395942427,"pid":17096,"hostname":"DESKTOP-KPAMGTB","module":"binance","symbol":"ADAUSDT","interval":"5m","verdict":"AVOID","score":34,"price":0.2411,"msg":"scanner"}
{"level":30,"time":1775395942535,"pid":17096,"hostname":"DESKTOP-KPAMGTB","module":"binance","symbol":"ADAUSDT","interval":"4h","verdict":"AVOID","score":34,"price":0.2411,"msg":"scanner"}
{"level":30,"time":1775395942563,"pid":17096,"hostname":"DESKTOP-KPAMGTB","module":"binance","symbol":"ADAUSDT","interval":"1h","verdict":"WAIT","score":50,"price":0.2411,"msg":"scanner"}
{"level":30,"time":1775395942611,"pid":17096,"hostname":"DESKTOP-KPAMGTB","module":"binance","symbol":"AVAXUSDT","interval":"5m","verdict":"AVOID","score":34,"price":8.77,"msg":"scanner"}
{"level":30,"time":1775395942784,"pid":17096,"hostname":"DESKTOP-KPAMGTB","module":"binance","symbol":"AVAXUSDT","interval":"4h","verdict":"AVOID","score":31,"price":8.77,"msg":"scanner"}
{"level":30,"time":1775395942921,"pid":17096,"hostname":"DESKTOP-KPAMGTB","module":"binance","symbol":"TRXUSDT","interval":"5m","verdict":"WAIT","score":59,"price":0.3191,"msg":"scanner"}
{"level":30,"time":1775395942938,"pid":17096,"hostname":"DESKTOP-KPAMGTB","module":"binance","symbol":"TRXUSDT","interval":"1h","verdict":"WAIT","score":63,"price":0.3191,"msg":"scanner"}
{"level":30,"time":1775395942947,"pid":17096,"hostname":"DESKTOP-KPAMGTB","module":"binance","symbol":"TRXUSDT","interval":"4h","verdict":"WAIT","score":56,"price":0.3191,"msg":"scanner"}
{"level":30,"time":1775395943093,"pid":17096,"hostname":"DESKTOP-KPAMGTB","module":"binance","symbol":"DOTUSDT","interval":"5m","verdict":"WAIT","score":41,"price":1.217,"msg":"scanner"}
{"level":30,"time":1775395943291,"pid":17096,"hostname":"DESKTOP-KPAMGTB","module":"binance","symbol":"DOTUSDT","interval":"4h","verdict":"AVOID","score":34,"price":1.217,"msg":"scanner"}
{"level":30,"time":1775395943492,"pid":17096,"hostname":"DESKTOP-KPAMGTB","module":"binance","symbol":"MATICUSDT","interval":"5m","verdict":"WAIT","score":59,"price":0.3794,"msg":"scanner"}
{"level":30,"time":1775395943504,"pid":17096,"hostname":"DESKTOP-KPAMGTB","module":"binance","symbol":"LINKUSDT","interval":"4h","verdict":"WAIT","score":38,"price":8.49,"msg":"scanner"}
{"level":30,"time":1775395943562,"pid":17096,"hostname":"DESKTOP-KPAMGTB","module":"binance","symbol":"LINKUSDT","interval":"5m","verdict":"AVOID","score":28,"price":8.49,"msg":"scanner"}
{"level":30,"time":1775395943748,"pid":17096,"hostname":"DESKTOP-KPAMGTB","module":"binance","symbol":"MATICUSDT","interval":"1h","verdict":"WAIT","score":47,"price":0.3794,"msg":"scanner"}
{"level":30,"time":1775395943842,"pid":17096,"hostname":"DESKTOP-KPAMGTB","module":"binance","symbol":"LTCUSDT","interval":"5m","verdict":"AVOID","score":34,"price":52.73,"msg":"scanner"}
{"level":30,"time":1775395943849,"pid":17096,"hostname":"DESKTOP-KPAMGTB","module":"binance","symbol":"MATICUSDT","interval":"4h","verdict":"WAIT","score":41,"price":0.3794,"msg":"scanner"}
{"level":30,"time":1775395943872,"pid":17096,"hostname":"DESKTOP-KPAMGTB","module":"binance","symbol":"LTCUSDT","interval":"1h","verdict":"WAIT","score":44,"price":52.73,"msg":"scanner"}
{"level":30,"time":1775395944082,"pid":17096,"hostname":"DESKTOP-KPAMGTB","module":"binance","symbol":"LTCUSDT","interval":"4h","verdict":"WAIT","score":38,"price":52.73,"msg":"scanner"}
{"level":30,"time":1775395944149,"pid":17096,"hostname":"DESKTOP-KPAMGTB","module":"binance","symbol":"SHIBUSDT","interval":"5m","verdict":"WAIT","score":38,"price":0.00000581,"msg":"scanner"}
{"level":30,"time":1775395944188,"pid":17096,"hostname":"DESKTOP-KPAMGTB","module":"binance","symbol":"SHIBUSDT","interval":"1h","verdict":"WAIT","score":44,"price":0.00000581,"msg":"scanner"}
{"level":30,"time":1775395944267,"pid":17096,"hostname":"DESKTOP-KPAMGTB","module":"binance","symbol":"UNIUSDT","interval":"5m","verdict":"WAIT","score":53,"price":3.074,"msg":"scanner"}
{"level":30,"time":1775395944469,"pid":17096,"hostname":"DESKTOP-KPAMGTB","module":"binance","symbol":"UNIUSDT","interval":"1h","verdict":"WAIT","score":47,"price":3.074,"msg":"scanner"}
{"level":30,"time":1775395944505,"pid":17096,"hostname":"DESKTOP-KPAMGTB","module":"binance","symbol":"UNIUSDT","interval":"4h","verdict":"WAIT","score":44,"price":3.074,"msg":"scanner"}
{"level":30,"time":1775395944578,"pid":17096,"hostname":"DESKTOP-KPAMGTB","module":"binance","symbol":"ATOMUSDT","interval":"5m","verdict":"WAIT","score":44,"price":1.678,"msg":"scanner"}
{"level":30,"time":1775395944699,"pid":17096,"hostname":"DESKTOP-KPAMGTB","module":"binance","symbol":"ATOMUSDT","interval":"1h","verdict":"AVOID","score":34,"price":1.678,"msg":"scanner"}
{"level":30,"time":1775395944818,"pid":17096,"hostname":"DESKTOP-KPAMGTB","module":"binance","symbol":"ATOMUSDT","interval":"4h","verdict":"WAIT","score":38,"price":1.678,"msg":"scanner"}
{"level":30,"time":1775395944886,"pid":17096,"hostname":"DESKTOP-KPAMGTB","module":"binance","symbol":"ETCUSDT","interval":"1h","verdict":"WAIT","score":44,"price":8.42,"msg":"scanner"}
{"level":30,"time":1775395945084,"pid":17096,"hostname":"DESKTOP-KPAMGTB","module":"binance","symbol":"ETCUSDT","interval":"4h","verdict":"WAIT","score":56,"price":8.42,"msg":"scanner"}
{"level":30,"time":1775395945259,"pid":17096,"hostname":"DESKTOP-KPAMGTB","module":"binance","symbol":"ETCUSDT","interval":"5m","verdict":"WAIT","score":44,"price":8.42,"msg":"scanner"}
{"level":30,"time":1775395945504,"pid":17096,"hostname":"DESKTOP-KPAMGTB","module":"binance","symbol":"XLMUSDT","interval":"5m","verdict":"AVOID","score":31,"price":0.1579,"msg":"scanner"}
{"level":30,"time":1775395945527,"pid":17096,"hostname":"DESKTOP-KPAMGTB","module":"binance","symbol":"XLMUSDT","interval":"1h","verdict":"WAIT","score":47,"price":0.1579,"msg":"scanner"}
{"level":30,"time":1775395945809,"pid":17096,"hostname":"DESKTOP-KPAMGTB","module":"binance","symbol":"XLMUSDT","interval":"4h","verdict":"AVOID","score":34,"price":0.1579,"msg":"scanner"}
{"level":30,"time":1775395945852,"pid":17096,"hostname":"DESKTOP-KPAMGTB","module":"binance","symbol":"APTUSDT","interval":"5m","verdict":"AVOID","score":31,"price":0.831,"msg":"scanner"}
{"level":30,"time":1775395945861,"pid":17096,"hostname":"DESKTOP-KPAMGTB","module":"binance","symbol":"APTUSDT","interval":"1h","verdict":"WAIT","score":41,"price":0.831,"msg":"scanner"}
{"level":30,"time":1775395945932,"pid":17096,"hostname":"DESKTOP-KPAMGTB","module":"binance","symbol":"APTUSDT","interval":"4h","verdict":"WAIT","score":47,"price":0.831,"msg":"scanner"}
{"level":30,"time":1775395946143,"pid":17096,"hostname":"DESKTOP-KPAMGTB","module":"binance","symbol":"NEARUSDT","interval":"5m","verdict":"AVOID","score":31,"price":1.24,"msg":"scanner"}
{"level":30,"time":1775395946240,"pid":17096,"hostname":"DESKTOP-KPAMGTB","module":"binance","symbol":"NEARUSDT","interval":"1h","verdict":"WAIT","score":56,"price":1.24,"msg":"scanner"}
{"level":30,"time":1775395946254,"pid":17096,"hostname":"DESKTOP-KPAMGTB","module":"binance","symbol":"NEARUSDT","interval":"4h","verdict":"WAIT","score":59,"price":1.24,"msg":"scanner"}
{"level":30,"time":1775395971493,"pid":17096,"hostname":"DESKTOP-KPAMGTB","module":"binance","symbol":"ETHUSDT","interval":"5m","verdict":"WAIT","score":50,"price":2030.13,"msg":"scanner"}
{"level":30,"time":1775395972078,"pid":17096,"hostname":"DESKTOP-KPAMGTB","module":"binance","symbol":"DOGEUSDT","interval":"4h","verdict":"AVOID","score":34,"price":0.08998,"msg":"scanner"}
{"level":30,"time":1775396001880,"pid":17096,"hostname":"DESKTOP-KPAMGTB","module":"binance","symbol":"BTCUSDT","interval":"5m","verdict":"WAIT","score":44,"price":66819.37,"msg":"scanner"}
{"level":30,"time":1775396001915,"pid":17096,"hostname":"DESKTOP-KPAMGTB","module":"binance","symbol":"ETHUSDT","interval":"5m","verdict":"WAIT","score":47,"price":2030.69,"msg":"scanner"}
{"level":30,"time":1775396002154,"pid":17096,"hostname":"DESKTOP-KPAMGTB","module":"binance","symbol":"BNBUSDT","interval":"5m","verdict":"WAIT","score":56,"price":587.99,"msg":"scanner"}
{"level":30,"time":1775396002274,"pid":17096,"hostname":"DESKTOP-KPAMGTB","module":"binance","symbol":"SOLUSDT","interval":"5m","verdict":"WAIT","score":47,"price":78.81,"msg":"scanner"}
{"level":30,"time":1775396002338,"pid":17096,"hostname":"DESKTOP-KPAMGTB","module":"binance","symbol":"XRPUSDT","interval":"5m","verdict":"WAIT","score":50,"price":1.2862,"msg":"scanner"}
{"level":30,"time":1775396002485,"pid":17096,"hostname":"DESKTOP-KPAMGTB","module":"binance","symbol":"DOGEUSDT","interval":"5m","verdict":"AVOID","score":31,"price":0.08998,"msg":"scanner"}
{"level":30,"time":1775396002656,"pid":17096,"hostname":"DESKTOP-KPAMGTB","module":"binance","symbol":"ADAUSDT","interval":"5m","verdict":"WAIT","score":53,"price":0.2414,"msg":"scanner"}
{"level":30,"time":1775396002986,"pid":17096,"hostname":"DESKTOP-KPAMGTB","module":"binance","symbol":"AVAXUSDT","interval":"5m","verdict":"WAIT","score":44,"price":8.79,"msg":"scanner"}
{"level":30,"time":1775396003036,"pid":17096,"hostname":"DESKTOP-KPAMGTB","module":"binance","symbol":"AVAXUSDT","interval":"1h","verdict":"WAIT","score":50,"price":8.79,"msg":"scanner"}
{"level":30,"time":1775396003103,"pid":17096,"hostname":"DESKTOP-KPAMGTB","module":"binance","symbol":"TRXUSDT","interval":"5m","verdict":"WAIT","score":59,"price":0.3191,"msg":"scanner"}
{"level":30,"time":1775396003399,"pid":17096,"hostname":"DESKTOP-KPAMGTB","module":"binance","symbol":"DOTUSDT","interval":"5m","verdict":"WAIT","score":44,"price":1.219,"msg":"scanner"}
{"level":30,"time":1775396003409,"pid":17096,"hostname":"DESKTOP-KPAMGTB","module":"binance","symbol":"DOTUSDT","interval":"1h","verdict":"WAIT","score":41,"price":1.219,"msg":"scanner"}
{"level":30,"time":1775396003442,"pid":17096,"hostname":"DESKTOP-KPAMGTB","module":"binance","symbol":"LINKUSDT","interval":"5m","verdict":"WAIT","score":47,"price":8.51,"msg":"scanner"}
{"level":30,"time":1775396003663,"pid":17096,"hostname":"DESKTOP-KPAMGTB","module":"binance","symbol":"LINKUSDT","interval":"1h","verdict":"WAIT","score":44,"price":8.51,"msg":"scanner"}
{"level":30,"time":1775396003783,"pid":17096,"hostname":"DESKTOP-KPAMGTB","module":"binance","symbol":"MATICUSDT","interval":"5m","verdict":"WAIT","score":59,"price":0.3794,"msg":"scanner"}
{"level":30,"time":1775396003983,"pid":17096,"hostname":"DESKTOP-KPAMGTB","module":"binance","symbol":"LTCUSDT","interval":"5m","verdict":"WAIT","score":50,"price":52.79,"msg":"scanner"}
{"level":30,"time":1775396004223,"pid":17096,"hostname":"DESKTOP-KPAMGTB","module":"binance","symbol":"SHIBUSDT","interval":"5m","verdict":"WAIT","score":38,"price":0.00000581,"msg":"scanner"}
{"level":30,"time":1775396004294,"pid":17096,"hostname":"DESKTOP-KPAMGTB","module":"binance","symbol":"SHIBUSDT","interval":"4h","verdict":"WAIT","score":38,"price":0.00000581,"msg":"scanner"}
{"level":30,"time":1775396004432,"pid":17096,"hostname":"DESKTOP-KPAMGTB","module":"binance","symbol":"UNIUSDT","interval":"5m","verdict":"WAIT","score":59,"price":3.078,"msg":"scanner"}
{"level":30,"time":1775396004667,"pid":17096,"hostname":"DESKTOP-KPAMGTB","module":"binance","symbol":"ATOMUSDT","interval":"5m","verdict":"WAIT","score":47,"price":1.68,"msg":"scanner"}
{"level":30,"time":1775396004832,"pid":17096,"hostname":"DESKTOP-KPAMGTB","module":"binance","symbol":"ETCUSDT","interval":"5m","verdict":"WAIT","score":44,"price":8.43,"msg":"scanner"}
{"level":30,"time":1775396005352,"pid":17096,"hostname":"DESKTOP-KPAMGTB","module":"binance","symbol":"XLMUSDT","interval":"5m","verdict":"WAIT","score":44,"price":0.158,"msg":"scanner"}
{"level":30,"time":1775396005656,"pid":17096,"hostname":"DESKTOP-KPAMGTB","module":"binance","symbol":"APTUSDT","interval":"5m","verdict":"WAIT","score":41,"price":0.833,"msg":"scanner"}
{"level":30,"time":1775396005733,"pid":17096,"hostname":"DESKTOP-KPAMGTB","module":"binance","symbol":"NEARUSDT","interval":"5m","verdict":"AVOID","score":34,"price":1.241,"msg":"scanner"}
{"level":30,"time":1775396062943,"pid":17096,"hostname":"DESKTOP-KPAMGTB","module":"binance","symbol":"BTCUSDT","interval":"5m","verdict":"WAIT","score":47,"price":66825.92,"msg":"scanner"}
{"level":30,"time":1775396062954,"pid":17096,"hostname":"DESKTOP-KPAMGTB","module":"binance","symbol":"ETHUSDT","interval":"5m","verdict":"WAIT","score":47,"price":2030.68,"msg":"scanner"}
{"level":30,"time":1775396063177,"pid":17096,"hostname":"DESKTOP-KPAMGTB","module":"binance","symbol":"BTCUSDT","interval":"1h","verdict":"AVOID","score":31,"price":66825.92,"msg":"scanner"}
{"level":30,"time":1775396063188,"pid":17096,"hostname":"DESKTOP-KPAMGTB","module":"binance","symbol":"ETHUSDT","interval":"1h","verdict":"AVOID","score":34,"price":2030.68,"msg":"scanner"}
{"level":30,"time":1775396063280,"pid":17096,"hostname":"DESKTOP-KPAMGTB","module":"binance","symbol":"BNBUSDT","interval":"5m","verdict":"WAIT","score":56,"price":587.97,"msg":"scanner"}
{"level":30,"time":1775396063323,"pid":17096,"hostname":"DESKTOP-KPAMGTB","module":"binance","symbol":"BNBUSDT","interval":"1h","verdict":"AVOID","score":34,"price":587.97,"msg":"scanner"}
{"level":30,"time":1775396063515,"pid":17096,"hostname":"DESKTOP-KPAMGTB","module":"binance","symbol":"SOLUSDT","interval":"5m","verdict":"WAIT","score":50,"price":78.85,"msg":"scanner"}
{"level":30,"time":1775396063547,"pid":17096,"hostname":"DESKTOP-KPAMGTB","module":"binance","symbol":"SOLUSDT","interval":"1h","verdict":"WAIT","score":38,"price":78.85,"msg":"scanner"}
{"level":30,"time":1775396063618,"pid":17096,"hostname":"DESKTOP-KPAMGTB","module":"binance","symbol":"XRPUSDT","interval":"5m","verdict":"WAIT","score":50,"price":1.2862,"msg":"scanner"}
{"level":30,"time":1775396063658,"pid":17096,"hostname":"DESKTOP-KPAMGTB","module":"binance","symbol":"XRPUSDT","interval":"1h","verdict":"WAIT","score":41,"price":1.2862,"msg":"scanner"}
{"level":30,"time":1775396063859,"pid":17096,"hostname":"DESKTOP-KPAMGTB","module":"binance","symbol":"DOGEUSDT","interval":"5m","verdict":"AVOID","score":31,"price":0.09,"msg":"scanner"}
{"level":30,"time":1775396063901,"pid":17096,"hostname":"DESKTOP-KPAMGTB","module":"binance","symbol":"DOGEUSDT","interval":"1h","verdict":"WAIT","score":44,"price":0.09,"msg":"scanner"}
{"level":30,"time":1775396064030,"pid":17096,"hostname":"DESKTOP-KPAMGTB","module":"binance","symbol":"ADAUSDT","interval":"5m","verdict":"WAIT","score":53,"price":0.2414,"msg":"scanner"}
{"level":30,"time":1775396064071,"pid":17096,"hostname":"DESKTOP-KPAMGTB","module":"binance","symbol":"ADAUSDT","interval":"1h","verdict":"WAIT","score":47,"price":0.2414,"msg":"scanner"}
{"level":30,"time":1775396064219,"pid":17096,"hostname":"DESKTOP-KPAMGTB","module":"binance","symbol":"AVAXUSDT","interval":"5m","verdict":"WAIT","score":38,"price":8.78,"msg":"scanner"}
{"level":30,"time":1775396064370,"pid":17096,"hostname":"DESKTOP-KPAMGTB","module":"binance","symbol":"TRXUSDT","interval":"5m","verdict":"WAIT","score":56,"price":0.319,"msg":"scanner"}
{"level":30,"time":1775396064607,"pid":17096,"hostname":"DESKTOP-KPAMGTB","module":"binance","symbol":"DOTUSDT","interval":"5m","verdict":"WAIT","score":44,"price":1.22,"msg":"scanner"}
{"level":30,"time":1775396064636,"pid":17096,"hostname":"DESKTOP-KPAMGTB","module":"binance","symbol":"TRXUSDT","interval":"1h","verdict":"WAIT","score":63,"price":0.319,"msg":"scanner"}
{"level":30,"time":1775396064822,"pid":17096,"hostname":"DESKTOP-KPAMGTB","module":"binance","symbol":"LINKUSDT","interval":"5m","verdict":"AVOID","score":34,"price":8.5,"msg":"scanner"}
{"level":30,"time":1775396065147,"pid":17096,"hostname":"DESKTOP-KPAMGTB","module":"binance","symbol":"MATICUSDT","interval":"5m","verdict":"WAIT","score":59,"price":0.3794,"msg":"scanner"}
{"level":30,"time":1775396065234,"pid":17096,"hostname":"DESKTOP-KPAMGTB","module":"binance","symbol":"LTCUSDT","interval":"5m","verdict":"WAIT","score":50,"price":52.8,"msg":"scanner"}
{"level":30,"time":1775396065244,"pid":17096,"hostname":"DESKTOP-KPAMGTB","module":"binance","symbol":"MATICUSDT","interval":"1h","verdict":"WAIT","score":47,"price":0.3794,"msg":"scanner"}
{"level":30,"time":1775396065438,"pid":17096,"hostname":"DESKTOP-KPAMGTB","module":"binance","symbol":"LTCUSDT","interval":"1h","verdict":"WAIT","score":41,"price":52.79,"msg":"scanner"}
{"level":30,"time":1775396065709,"pid":17096,"hostname":"DESKTOP-KPAMGTB","module":"binance","symbol":"SHIBUSDT","interval":"5m","verdict":"WAIT","score":38,"price":0.00000581,"msg":"scanner"}
{"level":30,"time":1775396065726,"pid":17096,"hostname":"DESKTOP-KPAMGTB","module":"binance","symbol":"SHIBUSDT","interval":"1h","verdict":"WAIT","score":44,"price":0.00000581,"msg":"scanner"}
{"level":30,"time":1775396065883,"pid":17096,"hostname":"DESKTOP-KPAMGTB","module":"binance","symbol":"UNIUSDT","interval":"1h","verdict":"WAIT","score":44,"price":3.079,"msg":"scanner"}
{"level":30,"time":1775396065934,"pid":17096,"hostname":"DESKTOP-KPAMGTB","module":"binance","symbol":"UNIUSDT","interval":"5m","verdict":"BUY","score":66,"price":3.079,"msg":"scanner"}
{"level":30,"time":1775396066302,"pid":17096,"hostname":"DESKTOP-KPAMGTB","module":"binance","symbol":"ATOMUSDT","interval":"5m","verdict":"WAIT","score":44,"price":1.681,"msg":"scanner"}
{"level":30,"time":1775396066525,"pid":17096,"hostname":"DESKTOP-KPAMGTB","module":"binance","symbol":"ATOMUSDT","interval":"1h","verdict":"WAIT","score":50,"price":1.681,"msg":"scanner"}
{"level":30,"time":1775396066845,"pid":17096,"hostname":"DESKTOP-KPAMGTB","module":"binance","symbol":"ETCUSDT","interval":"5m","verdict":"WAIT","score":44,"price":8.44,"msg":"scanner"}
{"level":30,"time":1775396066868,"pid":17096,"hostname":"DESKTOP-KPAMGTB","module":"binance","symbol":"ETCUSDT","interval":"1h","verdict":"WAIT","score":50,"price":8.44,"msg":"scanner"}
{"level":30,"time":1775396066892,"pid":17096,"hostname":"DESKTOP-KPAMGTB","module":"binance","symbol":"XLMUSDT","interval":"5m","verdict":"WAIT","score":44,"price":0.158,"msg":"scanner"}
{"level":30,"time":1775396066936,"pid":17096,"hostname":"DESKTOP-KPAMGTB","module":"binance","symbol":"XLMUSDT","interval":"1h","verdict":"WAIT","score":47,"price":0.158,"msg":"scanner"}
{"level":30,"time":1775396067244,"pid":17096,"hostname":"DESKTOP-KPAMGTB","module":"binance","symbol":"APTUSDT","interval":"5m","verdict":"WAIT","score":41,"price":0.833,"msg":"scanner"}
{"level":30,"time":1775396067251,"pid":17096,"hostname":"DESKTOP-KPAMGTB","module":"binance","symbol":"APTUSDT","interval":"1h","verdict":"WAIT","score":44,"price":0.833,"msg":"scanner"}
{"level":30,"time":1775396067294,"pid":17096,"hostname":"DESKTOP-KPAMGTB","module":"binance","symbol":"NEARUSDT","interval":"5m","verdict":"AVOID","score":34,"price":1.241,"msg":"scanner"}
{"level":30,"time":1775396067365,"pid":17096,"hostname":"DESKTOP-KPAMGTB","module":"binance","symbol":"NEARUSDT","interval":"1h","verdict":"WAIT","score":56,"price":1.241,"msg":"scanner"}
{"level":30,"time":1775396122257,"pid":17096,"hostname":"DESKTOP-KPAMGTB","module":"binance","symbol":"ETHUSDT","interval":"5m","verdict":"WAIT","score":47,"price":2030.24,"msg":"scanner"}
{"level":30,"time":1775396122271,"pid":17096,"hostname":"DESKTOP-KPAMGTB","module":"binance","symbol":"BTCUSDT","interval":"5m","verdict":"WAIT","score":44,"price":66812.54,"msg":"scanner"}
{"level":30,"time":1775396122490,"pid":17096,"hostname":"DESKTOP-KPAMGTB","module":"binance","symbol":"BNBUSDT","interval":"5m","verdict":"WAIT","score":50,"price":587.83,"msg":"scanner"}
{"level":30,"time":1775396122654,"pid":17096,"hostname":"DESKTOP-KPAMGTB","module":"binance","symbol":"SOLUSDT","interval":"5m","verdict":"WAIT","score":47,"price":78.82,"msg":"scanner"}
{"level":30,"time":1775396122874,"pid":17096,"hostname":"DESKTOP-KPAMGTB","module":"binance","symbol":"XRPUSDT","interval":"5m","verdict":"WAIT","score":53,"price":1.2863,"msg":"scanner"}
{"level":30,"time":1775396122957,"pid":17096,"hostname":"DESKTOP-KPAMGTB","module":"binance","symbol":"DOGEUSDT","interval":"5m","verdict":"WAIT","score":47,"price":0.09002,"msg":"scanner"}
{"level":30,"time":1775396123098,"pid":17096,"hostname":"DESKTOP-KPAMGTB","module":"binance","symbol":"ADAUSDT","interval":"5m","verdict":"WAIT","score":41,"price":0.2413,"msg":"scanner"}
{"level":30,"time":1775396123402,"pid":17096,"hostname":"DESKTOP-KPAMGTB","module":"binance","symbol":"AVAXUSDT","interval":"5m","verdict":"WAIT","score":44,"price":8.78,"msg":"scanner"}
{"level":30,"time":1775396123440,"pid":17096,"hostname":"DESKTOP-KPAMGTB","module":"binance","symbol":"AVAXUSDT","interval":"1h","verdict":"WAIT","score":50,"price":8.78,"msg":"scanner"}
{"level":30,"time":1775396123483,"pid":17096,"hostname":"DESKTOP-KPAMGTB","module":"binance","symbol":"TRXUSDT","interval":"5m","verdict":"WAIT","score":56,"price":0.319,"msg":"scanner"}
{"level":30,"time":1775396123932,"pid":17096,"hostname":"DESKTOP-KPAMGTB","module":"binance","symbol":"DOTUSDT","interval":"5m","verdict":"WAIT","score":44,"price":1.22,"msg":"scanner"}
{"level":30,"time":1775396123948,"pid":17096,"hostname":"DESKTOP-KPAMGTB","module":"binance","symbol":"DOTUSDT","interval":"1h","verdict":"WAIT","score":47,"price":1.22,"msg":"scanner"}
{"level":30,"time":1775396123976,"pid":17096,"hostname":"DESKTOP-KPAMGTB","module":"binance","symbol":"LINKUSDT","interval":"5m","verdict":"WAIT","score":44,"price":8.51,"msg":"scanner"}
{"level":30,"time":1775396124108,"pid":17096,"hostname":"DESKTOP-KPAMGTB","module":"binance","symbol":"LINKUSDT","interval":"1h","verdict":"WAIT","score":44,"price":8.51,"msg":"scanner"}
{"level":30,"time":1775396124336,"pid":17096,"hostname":"DESKTOP-KPAMGTB","module":"binance","symbol":"MATICUSDT","interval":"5m","verdict":"WAIT","score":59,"price":0.3794,"msg":"scanner"}
{"level":30,"time":1775396124749,"pid":17096,"hostname":"DESKTOP-KPAMGTB","module":"binance","symbol":"LTCUSDT","interval":"5m","verdict":"WAIT","score":53,"price":52.8,"msg":"scanner"}
{"level":30,"time":1775396125142,"pid":17096,"hostname":"DESKTOP-KPAMGTB","module":"binance","symbol":"SHIBUSDT","interval":"5m","verdict":"WAIT","score":50,"price":0.00000582,"msg":"scanner"}
{"level":30,"time":1775396125334,"pid":17096,"hostname":"DESKTOP-KPAMGTB","module":"binance","symbol":"UNIUSDT","interval":"5m","verdict":"BUY","score":66,"price":3.077,"msg":"scanner"}
{"level":30,"time":1775396125556,"pid":17096,"hostname":"DESKTOP-KPAMGTB","module":"binance","symbol":"ATOMUSDT","interval":"5m","verdict":"WAIT","score":50,"price":1.679,"msg":"scanner"}
{"level":30,"time":1775396125742,"pid":17096,"hostname":"DESKTOP-KPAMGTB","module":"binance","symbol":"ETCUSDT","interval":"5m","verdict":"WAIT","score":41,"price":8.44,"msg":"scanner"}
{"level":30,"time":1775396125858,"pid":17096,"hostname":"DESKTOP-KPAMGTB","module":"binance","symbol":"XLMUSDT","interval":"5m","verdict":"WAIT","score":38,"price":0.158,"msg":"scanner"}
{"level":30,"time":1775396125970,"pid":17096,"hostname":"DESKTOP-KPAMGTB","module":"binance","symbol":"APTUSDT","interval":"5m","verdict":"WAIT","score":47,"price":0.833,"msg":"scanner"}
{"level":30,"time":1775396126559,"pid":17096,"hostname":"DESKTOP-KPAMGTB","module":"binance","symbol":"NEARUSDT","interval":"5m","verdict":"AVOID","score":34,"price":1.241,"msg":"scanner"}
{"level":40,"time":1775396144537,"pid":17096,"hostname":"DESKTOP-KPAMGTB","module":"order-monitor","msg":"checkFills overlapped — cycle skipped"}
{"level":30,"time":1775396182142,"pid":17096,"hostname":"DESKTOP-KPAMGTB","module":"binance","symbol":"BTCUSDT","interval":"5m","verdict":"WAIT","score":47,"price":66815.62,"msg":"scanner"}
{"level":30,"time":1775396182160,"pid":17096,"hostname":"DESKTOP-KPAMGTB","module":"binance","symbol":"ETHUSDT","interval":"5m","verdict":"WAIT","score":47,"price":2030.18,"msg":"scanner"}
{"level":30,"time":1775396182604,"pid":17096,"hostname":"DESKTOP-KPAMGTB","module":"binance","symbol":"BNBUSDT","interval":"5m","verdict":"WAIT","score":47,"price":587.72,"msg":"scanner"}
{"level":30,"time":1775396182679,"pid":17096,"hostname":"DESKTOP-KPAMGTB","module":"binance","symbol":"SOLUSDT","interval":"5m","verdict":"WAIT","score":47,"price":78.81,"msg":"scanner"}
{"level":30,"time":1775396182759,"pid":17096,"hostname":"DESKTOP-KPAMGTB","module":"binance","symbol":"XRPUSDT","interval":"5m","verdict":"WAIT","score":53,"price":1.2863,"msg":"scanner"}
{"level":30,"time":1775396182999,"pid":17096,"hostname":"DESKTOP-KPAMGTB","module":"binance","symbol":"DOGEUSDT","interval":"5m","verdict":"WAIT","score":47,"price":0.09002,"msg":"scanner"}
{"level":30,"time":1775396183224,"pid":17096,"hostname":"DESKTOP-KPAMGTB","module":"binance","symbol":"ADAUSDT","interval":"5m","verdict":"WAIT","score":53,"price":0.2414,"msg":"scanner"}
{"level":30,"time":1775396183376,"pid":17096,"hostname":"DESKTOP-KPAMGTB","module":"binance","symbol":"AVAXUSDT","interval":"5m","verdict":"WAIT","score":44,"price":8.78,"msg":"scanner"}
{"level":30,"time":1775396183502,"pid":17096,"hostname":"DESKTOP-KPAMGTB","module":"binance","symbol":"TRXUSDT","interval":"5m","verdict":"WAIT","score":53,"price":0.3191,"msg":"scanner"}
{"level":30,"time":1775396183597,"pid":17096,"hostname":"DESKTOP-KPAMGTB","module":"binance","symbol":"DOTUSDT","interval":"5m","verdict":"WAIT","score":44,"price":1.22,"msg":"scanner"}
{"level":30,"time":1775396183911,"pid":17096,"hostname":"DESKTOP-KPAMGTB","module":"binance","symbol":"LINKUSDT","interval":"5m","verdict":"WAIT","score":38,"price":8.5,"msg":"scanner"}
{"level":30,"time":1775396184243,"pid":17096,"hostname":"DESKTOP-KPAMGTB","module":"binance","symbol":"MATICUSDT","interval":"5m","verdict":"WAIT","score":59,"price":0.3794,"msg":"scanner"}
{"level":30,"time":1775396184327,"pid":17096,"hostname":"DESKTOP-KPAMGTB","module":"binance","symbol":"LTCUSDT","interval":"5m","verdict":"WAIT","score":53,"price":52.82,"msg":"scanner"}
{"level":30,"time":1775396184688,"pid":17096,"hostname":"DESKTOP-KPAMGTB","module":"binance","symbol":"SHIBUSDT","interval":"5m","verdict":"WAIT","score":50,"price":0.00000582,"msg":"scanner"}
{"level":30,"time":1775396185265,"pid":17096,"hostname":"DESKTOP-KPAMGTB","module":"binance","symbol":"UNIUSDT","interval":"5m","verdict":"BUY","score":66,"price":3.077,"msg":"scanner"}
{"level":30,"time":1775396185322,"pid":17096,"hostname":"DESKTOP-KPAMGTB","module":"binance","symbol":"ATOMUSDT","interval":"5m","verdict":"WAIT","score":50,"price":1.679,"msg":"scanner"}
{"level":30,"time":1775396185525,"pid":17096,"hostname":"DESKTOP-KPAMGTB","module":"binance","symbol":"ETCUSDT","interval":"5m","verdict":"WAIT","score":41,"price":8.43,"msg":"scanner"}
{"level":30,"time":1775396185680,"pid":17096,"hostname":"DESKTOP-KPAMGTB","module":"binance","symbol":"XLMUSDT","interval":"5m","verdict":"WAIT","score":50,"price":0.1581,"msg":"scanner"}
{"level":30,"time":1775396185855,"pid":17096,"hostname":"DESKTOP-KPAMGTB","module":"binance","symbol":"APTUSDT","interval":"5m","verdict":"WAIT","score":47,"price":0.833,"msg":"scanner"}
{"level":30,"time":1775396186034,"pid":17096,"hostname":"DESKTOP-KPAMGTB","module":"binance","symbol":"NEARUSDT","interval":"5m","verdict":"AVOID","score":34,"price":1.241,"msg":"scanner"}
{"level":30,"time":1775396213052,"pid":17096,"hostname":"DESKTOP-KPAMGTB","module":"binance","symbol":"BTCUSDT","interval":"5m","verdict":"WAIT","score":47,"price":66814.94,"msg":"scanner"}
{"level":30,"time":1775396213173,"pid":17096,"hostname":"DESKTOP-KPAMGTB","module":"binance","symbol":"BTCUSDT","interval":"1h","verdict":"AVOID","score":31,"price":66814.94,"msg":"scanner"}
{"level":30,"time":1775396213188,"pid":17096,"hostname":"DESKTOP-KPAMGTB","module":"binance","symbol":"ETHUSDT","interval":"5m","verdict":"WAIT","score":47,"price":2030.01,"msg":"scanner"}
{"level":30,"time":1775396213204,"pid":17096,"hostname":"DESKTOP-KPAMGTB","module":"binance","symbol":"BTCUSDT","interval":"4h","verdict":"AVOID","score":34,"price":66814.94,"msg":"scanner"}
{"level":30,"time":1775396213401,"pid":17096,"hostname":"DESKTOP-KPAMGTB","module":"binance","symbol":"ETHUSDT","interval":"1h","verdict":"AVOID","score":34,"price":2030.01,"msg":"scanner"}
{"level":30,"time":1775396213610,"pid":17096,"hostname":"DESKTOP-KPAMGTB","module":"binance","symbol":"BNBUSDT","interval":"5m","verdict":"WAIT","score":50,"price":587.78,"msg":"scanner"}
{"level":30,"time":1775396213619,"pid":17096,"hostname":"DESKTOP-KPAMGTB","module":"binance","symbol":"ETHUSDT","interval":"4h","verdict":"WAIT","score":41,"price":2030.01,"msg":"scanner"}
{"level":30,"time":1775396213628,"pid":17096,"hostname":"DESKTOP-KPAMGTB","module":"binance","symbol":"BNBUSDT","interval":"1h","verdict":"AVOID","score":31,"price":587.78,"msg":"scanner"}
{"level":30,"time":1775396213695,"pid":17096,"hostname":"DESKTOP-KPAMGTB","module":"binance","symbol":"BNBUSDT","interval":"4h","verdict":"AVOID","score":34,"price":587.78,"msg":"scanner"}
{"level":30,"time":1775396213919,"pid":17096,"hostname":"DESKTOP-KPAMGTB","module":"binance","symbol":"SOLUSDT","interval":"5m","verdict":"WAIT","score":47,"price":78.83,"msg":"scanner"}
{"level":30,"time":1775396213931,"pid":17096,"hostname":"DESKTOP-KPAMGTB","module":"binance","symbol":"SOLUSDT","interval":"1h","verdict":"WAIT","score":38,"price":78.83,"msg":"scanner"}
{"level":30,"time":1775396214030,"pid":17096,"hostname":"DESKTOP-KPAMGTB","module":"binance","symbol":"XRPUSDT","interval":"5m","verdict":"WAIT","score":53,"price":1.2863,"msg":"scanner"}
{"level":30,"time":1775396214049,"pid":17096,"hostname":"DESKTOP-KPAMGTB","module":"binance","symbol":"XRPUSDT","interval":"1h","verdict":"WAIT","score":41,"price":1.2863,"msg":"scanner"}
{"level":30,"time":1775396214239,"pid":17096,"hostname":"DESKTOP-KPAMGTB","module":"binance","symbol":"DOGEUSDT","interval":"5m","verdict":"WAIT","score":44,"price":0.09001,"msg":"scanner"}
{"level":30,"time":1775396214307,"pid":17096,"hostname":"DESKTOP-KPAMGTB","module":"binance","symbol":"DOGEUSDT","interval":"1h","verdict":"WAIT","score":44,"price":0.09001,"msg":"scanner"}
{"level":30,"time":1775396214550,"pid":17096,"hostname":"DESKTOP-KPAMGTB","module":"binance","symbol":"ADAUSDT","interval":"5m","verdict":"WAIT","score":41,"price":0.2413,"msg":"scanner"}
{"level":30,"time":1775396214558,"pid":17096,"hostname":"DESKTOP-KPAMGTB","module":"binance","symbol":"ADAUSDT","interval":"1h","verdict":"WAIT","score":50,"price":0.2413,"msg":"scanner"}
{"level":30,"time":1775396214632,"pid":17096,"hostname":"DESKTOP-KPAMGTB","module":"binance","symbol":"AVAXUSDT","interval":"5m","verdict":"WAIT","score":44,"price":8.78,"msg":"scanner"}
{"level":30,"time":1775396214874,"pid":17096,"hostname":"DESKTOP-KPAMGTB","module":"binance","symbol":"TRXUSDT","interval":"5m","verdict":"WAIT","score":63,"price":0.3192,"msg":"scanner"}
{"level":30,"time":1775396214954,"pid":17096,"hostname":"DESKTOP-KPAMGTB","module":"binance","symbol":"TRXUSDT","interval":"1h","verdict":"WAIT","score":63,"price":0.3192,"msg":"scanner"}
{"level":30,"time":1775396215050,"pid":17096,"hostname":"DESKTOP-KPAMGTB","module":"binance","symbol":"DOTUSDT","interval":"5m","verdict":"WAIT","score":44,"price":1.219,"msg":"scanner"}
{"level":30,"time":1775396215299,"pid":17096,"hostname":"DESKTOP-KPAMGTB","module":"binance","symbol":"LINKUSDT","interval":"5m","verdict":"WAIT","score":44,"price":8.51,"msg":"scanner"}
{"level":30,"time":1775396215520,"pid":17096,"hostname":"DESKTOP-KPAMGTB","module":"binance","symbol":"MATICUSDT","interval":"5m","verdict":"WAIT","score":59,"price":0.3794,"msg":"scanner"}
{"level":30,"time":1775396215643,"pid":17096,"hostname":"DESKTOP-KPAMGTB","module":"binance","symbol":"MATICUSDT","interval":"1h","verdict":"WAIT","score":47,"price":0.3794,"msg":"scanner"}
{"level":30,"time":1775396215798,"pid":17096,"hostname":"DESKTOP-KPAMGTB","module":"binance","symbol":"LTCUSDT","interval":"5m","verdict":"WAIT","score":53,"price":52.82,"msg":"scanner"}
{"level":30,"time":1775396215821,"pid":17096,"hostname":"DESKTOP-KPAMGTB","module":"binance","symbol":"LTCUSDT","interval":"1h","verdict":"WAIT","score":38,"price":52.82,"msg":"scanner"}
{"level":30,"time":1775396216055,"pid":17096,"hostname":"DESKTOP-KPAMGTB","module":"binance","symbol":"SHIBUSDT","interval":"5m","verdict":"WAIT","score":50,"price":0.00000582,"msg":"scanner"}
{"level":30,"time":1775396216101,"pid":17096,"hostname":"DESKTOP-KPAMGTB","module":"binance","symbol":"SHIBUSDT","interval":"1h","verdict":"WAIT","score":47,"price":0.00000582,"msg":"scanner"}
{"level":30,"time":1775396216266,"pid":17096,"hostname":"DESKTOP-KPAMGTB","module":"binance","symbol":"UNIUSDT","interval":"5m","verdict":"BUY","score":66,"price":3.077,"msg":"scanner"}
{"level":30,"time":1775396216336,"pid":17096,"hostname":"DESKTOP-KPAMGTB","module":"binance","symbol":"UNIUSDT","interval":"1h","verdict":"WAIT","score":47,"price":3.077,"msg":"scanner"}
{"level":30,"time":1775396216447,"pid":17096,"hostname":"DESKTOP-KPAMGTB","module":"binance","symbol":"ATOMUSDT","interval":"5m","verdict":"WAIT","score":50,"price":1.679,"msg":"scanner"}
{"level":30,"time":1775396216534,"pid":17096,"hostname":"DESKTOP-KPAMGTB","module":"binance","symbol":"ATOMUSDT","interval":"1h","verdict":"AVOID","score":34,"price":1.679,"msg":"scanner"}
{"level":30,"time":1775396216645,"pid":17096,"hostname":"DESKTOP-KPAMGTB","module":"binance","symbol":"ETCUSDT","interval":"5m","verdict":"WAIT","score":41,"price":8.43,"msg":"scanner"}
{"level":30,"time":1775396216782,"pid":17096,"hostname":"DESKTOP-KPAMGTB","module":"binance","symbol":"XLMUSDT","interval":"5m","verdict":"WAIT","score":50,"price":0.1581,"msg":"scanner"}
{"level":30,"time":1775396216878,"pid":17096,"hostname":"DESKTOP-KPAMGTB","module":"binance","symbol":"ETCUSDT","interval":"1h","verdict":"WAIT","score":50,"price":8.43,"msg":"scanner"}
{"level":30,"time":1775396216938,"pid":17096,"hostname":"DESKTOP-KPAMGTB","module":"binance","symbol":"XLMUSDT","interval":"1h","verdict":"WAIT","score":47,"price":0.1581,"msg":"scanner"}
{"level":30,"time":1775396217104,"pid":17096,"hostname":"DESKTOP-KPAMGTB","module":"binance","symbol":"APTUSDT","interval":"1h","verdict":"WAIT","score":44,"price":0.833,"msg":"scanner"}
{"level":30,"time":1775396217119,"pid":17096,"hostname":"DESKTOP-KPAMGTB","module":"binance","symbol":"APTUSDT","interval":"5m","verdict":"WAIT","score":47,"price":0.833,"msg":"scanner"}
{"level":30,"time":1775396217373,"pid":17096,"hostname":"DESKTOP-KPAMGTB","module":"binance","symbol":"NEARUSDT","interval":"5m","verdict":"AVOID","score":34,"price":1.241,"msg":"scanner"}
{"level":30,"time":1775396217428,"pid":17096,"hostname":"DESKTOP-KPAMGTB","module":"binance","symbol":"NEARUSDT","interval":"1h","verdict":"WAIT","score":56,"price":1.241,"msg":"scanner"}
{"level":30,"time":1775396242693,"pid":17096,"hostname":"DESKTOP-KPAMGTB","module":"binance","symbol":"SOLUSDT","interval":"4h","verdict":"AVOID","score":34,"price":78.81,"msg":"scanner"}
{"level":30,"time":1775396242718,"pid":17096,"hostname":"DESKTOP-KPAMGTB","module":"binance","symbol":"XRPUSDT","interval":"4h","verdict":"WAIT","score":38,"price":1.2861,"msg":"scanner"}
{"level":30,"time":1775396243772,"pid":17096,"hostname":"DESKTOP-KPAMGTB","module":"binance","symbol":"ADAUSDT","interval":"4h","verdict":"AVOID","score":34,"price":0.2412,"msg":"scanner"}
{"level":30,"time":1775396244019,"pid":17096,"hostname":"DESKTOP-KPAMGTB","module":"binance","symbol":"AVAXUSDT","interval":"1h","verdict":"WAIT","score":50,"price":8.78,"msg":"scanner"}
{"level":30,"time":1775396244082,"pid":17096,"hostname":"DESKTOP-KPAMGTB","module":"binance","symbol":"AVAXUSDT","interval":"4h","verdict":"AVOID","score":31,"price":8.78,"msg":"scanner"}
{"level":30,"time":1775396244296,"pid":17096,"hostname":"DESKTOP-KPAMGTB","module":"binance","symbol":"TRXUSDT","interval":"4h","verdict":"WAIT","score":63,"price":0.3192,"msg":"scanner"}
{"level":30,"time":1775396244401,"pid":17096,"hostname":"DESKTOP-KPAMGTB","module":"binance","symbol":"DOTUSDT","interval":"1h","verdict":"WAIT","score":41,"price":1.219,"msg":"scanner"}
{"level":30,"time":1775396244470,"pid":17096,"hostname":"DESKTOP-KPAMGTB","module":"binance","symbol":"DOTUSDT","interval":"4h","verdict":"AVOID","score":34,"price":1.219,"msg":"scanner"}
{"level":30,"time":1775396244565,"pid":17096,"hostname":"DESKTOP-KPAMGTB","module":"binance","symbol":"LINKUSDT","interval":"1h","verdict":"WAIT","score":44,"price":8.51,"msg":"scanner"}
{"level":30,"time":1775396244683,"pid":17096,"hostname":"DESKTOP-KPAMGTB","module":"binance","symbol":"LINKUSDT","interval":"4h","verdict":"AVOID","score":34,"price":8.51,"msg":"scanner"}
{"level":30,"time":1775396244977,"pid":17096,"hostname":"DESKTOP-KPAMGTB","module":"binance","symbol":"MATICUSDT","interval":"4h","verdict":"WAIT","score":41,"price":0.3794,"msg":"scanner"}
{"level":30,"time":1775396245059,"pid":17096,"hostname":"DESKTOP-KPAMGTB","module":"binance","symbol":"LTCUSDT","interval":"4h","verdict":"WAIT","score":38,"price":52.81,"msg":"scanner"}
{"level":30,"time":1775396245441,"pid":17096,"hostname":"DESKTOP-KPAMGTB","module":"binance","symbol":"UNIUSDT","interval":"4h","verdict":"WAIT","score":50,"price":3.078,"msg":"scanner"}
{"level":30,"time":1775396245529,"pid":17096,"hostname":"DESKTOP-KPAMGTB","module":"binance","symbol":"ATOMUSDT","interval":"4h","verdict":"AVOID","score":34,"price":1.679,"msg":"scanner"}
{"level":30,"time":1775396245666,"pid":17096,"hostname":"DESKTOP-KPAMGTB","module":"binance","symbol":"ETCUSDT","interval":"4h","verdict":"WAIT","score":56,"price":8.43,"msg":"scanner"}
{"level":30,"time":1775396272156,"pid":17096,"hostname":"DESKTOP-KPAMGTB","module":"binance","symbol":"BTCUSDT","interval":"5m","verdict":"WAIT","score":44,"price":66805.99,"msg":"scanner"}
{"level":30,"time":1775396272288,"pid":17096,"hostname":"DESKTOP-KPAMGTB","module":"binance","symbol":"ETHUSDT","interval":"5m","verdict":"WAIT","score":47,"price":2029.42,"msg":"scanner"}
{"level":30,"time":1775396272614,"pid":17096,"hostname":"DESKTOP-KPAMGTB","module":"binance","symbol":"BNBUSDT","interval":"5m","verdict":"WAIT","score":50,"price":587.8,"msg":"scanner"}
{"level":30,"time":1775396273042,"pid":17096,"hostname":"DESKTOP-KPAMGTB","module":"binance","symbol":"SOLUSDT","interval":"5m","verdict":"WAIT","score":47,"price":78.82,"msg":"scanner"}
{"level":30,"time":1775396273162,"pid":17096,"hostname":"DESKTOP-KPAMGTB","module":"binance","symbol":"XRPUSDT","interval":"5m","verdict":"WAIT","score":53,"price":1.2865,"msg":"scanner"}
{"level":30,"time":1775396273243,"pid":17096,"hostname":"DESKTOP-KPAMGTB","module":"binance","symbol":"DOGEUSDT","interval":"5m","verdict":"WAIT","score":47,"price":0.09002,"msg":"scanner"}
{"level":30,"time":1775396273536,"pid":17096,"hostname":"DESKTOP-KPAMGTB","module":"binance","symbol":"DOGEUSDT","interval":"4h","verdict":"AVOID","score":34,"price":0.09002,"msg":"scanner"}
{"level":30,"time":1775396273573,"pid":17096,"hostname":"DESKTOP-KPAMGTB","module":"binance","symbol":"ADAUSDT","interval":"5m","verdict":"WAIT","score":53,"price":0.2414,"msg":"scanner"}
{"level":30,"time":1775396274057,"pid":17096,"hostname":"DESKTOP-KPAMGTB","module":"binance","symbol":"TRXUSDT","interval":"5m","verdict":"WAIT","score":53,"price":0.3191,"msg":"scanner"}
{"level":30,"time":1775396274319,"pid":17096,"hostname":"DESKTOP-KPAMGTB","module":"binance","symbol":"DOTUSDT","interval":"5m","verdict":"WAIT","score":47,"price":1.218,"msg":"scanner"}
{"level":30,"time":1775396274641,"pid":17096,"hostname":"DESKTOP-KPAMGTB","module":"binance","symbol":"LINKUSDT","interval":"5m","verdict":"WAIT","score":44,"price":8.51,"msg":"scanner"}
{"level":30,"time":1775396274835,"pid":17096,"hostname":"DESKTOP-KPAMGTB","module":"binance","symbol":"MATICUSDT","interval":"5m","verdict":"WAIT","score":59,"price":0.3794,"msg":"scanner"}
{"level":30,"time":1775396274940,"pid":17096,"hostname":"DESKTOP-KPAMGTB","module":"binance","symbol":"AVAXUSDT","interval":"5m","verdict":"WAIT","score":50,"price":8.79,"msg":"scanner"}
{"level":30,"time":1775396275160,"pid":17096,"hostname":"DESKTOP-KPAMGTB","module":"binance","symbol":"LTCUSDT","interval":"5m","verdict":"WAIT","score":53,"price":52.81,"msg":"scanner"}
{"level":30,"time":1775396275446,"pid":17096,"hostname":"DESKTOP-KPAMGTB","module":"binance","symbol":"SHIBUSDT","interval":"5m","verdict":"WAIT","score":38,"price":0.00000581,"msg":"scanner"}
{"level":30,"time":1775396275527,"pid":17096,"hostname":"DESKTOP-KPAMGTB","module":"binance","symbol":"UNIUSDT","interval":"5m","verdict":"BUY","score":66,"price":3.079,"msg":"scanner"}
{"level":30,"time":1775396275691,"pid":17096,"hostname":"DESKTOP-KPAMGTB","module":"binance","symbol":"ATOMUSDT","interval":"5m","verdict":"WAIT","score":50,"price":1.679,"msg":"scanner"}
{"level":30,"time":1775396275985,"pid":17096,"hostname":"DESKTOP-KPAMGTB","module":"binance","symbol":"ETCUSDT","interval":"5m","verdict":"WAIT","score":41,"price":8.43,"msg":"scanner"}
{"level":30,"time":1775396276216,"pid":17096,"hostname":"DESKTOP-KPAMGTB","module":"binance","symbol":"XLMUSDT","interval":"5m","verdict":"WAIT","score":38,"price":0.158,"msg":"scanner"}
{"level":30,"time":1775396276305,"pid":17096,"hostname":"DESKTOP-KPAMGTB","module":"binance","symbol":"APTUSDT","interval":"5m","verdict":"WAIT","score":47,"price":0.833,"msg":"scanner"}
{"level":30,"time":1775396276343,"pid":17096,"hostname":"DESKTOP-KPAMGTB","module":"binance","symbol":"APTUSDT","interval":"4h","verdict":"WAIT","score":47,"price":0.833,"msg":"scanner"}
{"level":30,"time":1775396276499,"pid":17096,"hostname":"DESKTOP-KPAMGTB","module":"binance","symbol":"NEARUSDT","interval":"5m","verdict":"AVOID","score":34,"price":1.241,"msg":"scanner"}
{"level":30,"time":1775396276563,"pid":17096,"hostname":"DESKTOP-KPAMGTB","module":"binance","symbol":"XLMUSDT","interval":"4h","verdict":"AVOID","score":34,"price":0.158,"msg":"scanner"}
{"level":30,"time":1775396276665,"pid":17096,"hostname":"DESKTOP-KPAMGTB","module":"binance","symbol":"NEARUSDT","interval":"4h","verdict":"WAIT","score":59,"price":1.241,"msg":"scanner"}
{"level":30,"time":1775396302462,"pid":17096,"hostname":"DESKTOP-KPAMGTB","module":"binance","symbol":"BTCUSDT","interval":"5m","verdict":"WAIT","score":44,"price":66794.17,"msg":"scanner"}
{"level":30,"time":1775396304707,"pid":17096,"hostname":"DESKTOP-KPAMGTB","module":"binance","symbol":"SHIBUSDT","interval":"4h","verdict":"WAIT","score":38,"price":0.00000581,"msg":"scanner"}
{"level":30,"time":1775396332184,"pid":17096,"hostname":"DESKTOP-KPAMGTB","module":"binance","symbol":"ETHUSDT","interval":"5m","verdict":"WAIT","score":47,"price":2029.63,"msg":"scanner"}
{"level":30,"time":1775396332503,"pid":17096,"hostname":"DESKTOP-KPAMGTB","module":"binance","symbol":"BNBUSDT","interval":"5m","verdict":"WAIT","score":50,"price":587.8,"msg":"scanner"}
{"level":30,"time":1775396332517,"pid":17096,"hostname":"DESKTOP-KPAMGTB","module":"binance","symbol":"SOLUSDT","interval":"5m","verdict":"WAIT","score":47,"price":78.83,"msg":"scanner"}
{"level":30,"time":1775396332718,"pid":17096,"hostname":"DESKTOP-KPAMGTB","module":"binance","symbol":"XRPUSDT","interval":"5m","verdict":"WAIT","score":53,"price":1.2869,"msg":"scanner"}
{"level":30,"time":1775396332974,"pid":17096,"hostname":"DESKTOP-KPAMGTB","module":"binance","symbol":"DOGEUSDT","interval":"5m","verdict":"WAIT","score":47,"price":0.09002,"msg":"scanner"}
{"level":30,"time":1775396333118,"pid":17096,"hostname":"DESKTOP-KPAMGTB","module":"binance","symbol":"ADAUSDT","interval":"5m","verdict":"WAIT","score":41,"price":0.2413,"msg":"scanner"}
{"level":30,"time":1775396333257,"pid":17096,"hostname":"DESKTOP-KPAMGTB","module":"binance","symbol":"AVAXUSDT","interval":"5m","verdict":"WAIT","score":44,"price":8.78,"msg":"scanner"}
{"level":30,"time":1775396333367,"pid":17096,"hostname":"DESKTOP-KPAMGTB","module":"binance","symbol":"TRXUSDT","interval":"5m","verdict":"WAIT","score":63,"price":0.3192,"msg":"scanner"}
{"level":30,"time":1775396333690,"pid":17096,"hostname":"DESKTOP-KPAMGTB","module":"binance","symbol":"DOTUSDT","interval":"5m","verdict":"WAIT","score":44,"price":1.219,"msg":"scanner"}
{"level":30,"time":1775396333822,"pid":17096,"hostname":"DESKTOP-KPAMGTB","module":"binance","symbol":"LINKUSDT","interval":"5m","verdict":"WAIT","score":44,"price":8.51,"msg":"scanner"}
{"level":30,"time":1775396334026,"pid":17096,"hostname":"DESKTOP-KPAMGTB","module":"binance","symbol":"MATICUSDT","interval":"5m","verdict":"WAIT","score":59,"price":0.3794,"msg":"scanner"}
{"level":30,"time":1775396334236,"pid":17096,"hostname":"DESKTOP-KPAMGTB","module":"binance","symbol":"LTCUSDT","interval":"5m","verdict":"WAIT","score":53,"price":52.82,"msg":"scanner"}
{"level":30,"time":1775396334452,"pid":17096,"hostname":"DESKTOP-KPAMGTB","module":"binance","symbol":"SHIBUSDT","interval":"5m","verdict":"WAIT","score":50,"price":0.00000582,"msg":"scanner"}
{"level":30,"time":1775396334548,"pid":17096,"hostname":"DESKTOP-KPAMGTB","module":"binance","symbol":"UNIUSDT","interval":"5m","verdict":"BUY","score":69,"price":3.078,"msg":"scanner"}
{"level":30,"time":1775396334782,"pid":17096,"hostname":"DESKTOP-KPAMGTB","module":"binance","symbol":"ATOMUSDT","interval":"5m","verdict":"WAIT","score":50,"price":1.679,"msg":"scanner"}
{"level":30,"time":1775396334959,"pid":17096,"hostname":"DESKTOP-KPAMGTB","module":"binance","symbol":"ETCUSDT","interval":"5m","verdict":"WAIT","score":41,"price":8.43,"msg":"scanner"}
{"level":30,"time":1775396335090,"pid":17096,"hostname":"DESKTOP-KPAMGTB","module":"binance","symbol":"XLMUSDT","interval":"5m","verdict":"WAIT","score":38,"price":0.158,"msg":"scanner"}
{"level":30,"time":1775396335284,"pid":17096,"hostname":"DESKTOP-KPAMGTB","module":"binance","symbol":"APTUSDT","interval":"5m","verdict":"WAIT","score":47,"price":0.833,"msg":"scanner"}
{"level":30,"time":1775396335359,"pid":17096,"hostname":"DESKTOP-KPAMGTB","module":"binance","symbol":"NEARUSDT","interval":"5m","verdict":"AVOID","score":34,"price":1.241,"msg":"scanner"}
{"level":30,"time":1775396362308,"pid":17096,"hostname":"DESKTOP-KPAMGTB","module":"binance","symbol":"BTCUSDT","interval":"5m","verdict":"WAIT","score":53,"price":66820.53,"msg":"scanner"}
{"level":30,"time":1775396362321,"pid":17096,"hostname":"DESKTOP-KPAMGTB","module":"binance","symbol":"BTCUSDT","interval":"1h","verdict":"AVOID","score":31,"price":66820.53,"msg":"scanner"}
{"level":30,"time":1775396362519,"pid":17096,"hostname":"DESKTOP-KPAMGTB","module":"binance","symbol":"ETHUSDT","interval":"1h","verdict":"AVOID","score":34,"price":2029.91,"msg":"scanner"}
{"level":30,"time":1775396362632,"pid":17096,"hostname":"DESKTOP-KPAMGTB","module":"binance","symbol":"BNBUSDT","interval":"1h","verdict":"AVOID","score":31,"price":587.85,"msg":"scanner"}
{"level":30,"time":1775396362705,"pid":17096,"hostname":"DESKTOP-KPAMGTB","module":"binance","symbol":"SOLUSDT","interval":"1h","verdict":"WAIT","score":38,"price":78.85,"msg":"scanner"}
{"level":30,"time":1775396362810,"pid":17096,"hostname":"DESKTOP-KPAMGTB","module":"binance","symbol":"XRPUSDT","interval":"1h","verdict":"WAIT","score":47,"price":1.2869,"msg":"scanner"}
{"level":30,"time":1775396363016,"pid":17096,"hostname":"DESKTOP-KPAMGTB","module":"binance","symbol":"DOGEUSDT","interval":"1h","verdict":"WAIT","score":44,"price":0.09005,"msg":"scanner"}
{"level":30,"time":1775396363188,"pid":17096,"hostname":"DESKTOP-KPAMGTB","module":"binance","symbol":"ADAUSDT","interval":"1h","verdict":"WAIT","score":47,"price":0.2415,"msg":"scanner"}
{"level":30,"time":1775396363725,"pid":17096,"hostname":"DESKTOP-KPAMGTB","module":"binance","symbol":"TRXUSDT","interval":"1h","verdict":"BUY","score":66,"price":0.3192,"msg":"scanner"}
{"level":30,"time":1775396364160,"pid":17096,"hostname":"DESKTOP-KPAMGTB","module":"binance","symbol":"LINKUSDT","interval":"5m","verdict":"WAIT","score":44,"price":8.51,"msg":"scanner"}
{"level":30,"time":1775396364440,"pid":17096,"hostname":"DESKTOP-KPAMGTB","module":"binance","symbol":"MATICUSDT","interval":"1h","verdict":"WAIT","score":47,"price":0.3794,"msg":"scanner"}
{"level":30,"time":1775396364551,"pid":17096,"hostname":"DESKTOP-KPAMGTB","module":"binance","symbol":"LTCUSDT","interval":"5m","verdict":"WAIT","score":53,"price":52.83,"msg":"scanner"}
{"level":30,"time":1775396364613,"pid":17096,"hostname":"DESKTOP-KPAMGTB","module":"binance","symbol":"LTCUSDT","interval":"1h","verdict":"WAIT","score":41,"price":52.83,"msg":"scanner"}
{"level":30,"time":1775396364758,"pid":17096,"hostname":"DESKTOP-KPAMGTB","module":"binance","symbol":"SHIBUSDT","interval":"5m","verdict":"WAIT","score":47,"price":0.00000583,"msg":"scanner"}
{"level":30,"time":1775396364777,"pid":17096,"hostname":"DESKTOP-KPAMGTB","module":"binance","symbol":"SHIBUSDT","interval":"1h","verdict":"WAIT","score":50,"price":0.00000583,"msg":"scanner"}
{"level":30,"time":1775396364893,"pid":17096,"hostname":"DESKTOP-KPAMGTB","module":"binance","symbol":"UNIUSDT","interval":"5m","verdict":"BUY","score":66,"price":3.079,"msg":"scanner"}
{"level":30,"time":1775396365104,"pid":17096,"hostname":"DESKTOP-KPAMGTB","module":"binance","symbol":"UNIUSDT","interval":"1h","verdict":"WAIT","score":44,"price":3.079,"msg":"scanner"}
{"level":30,"time":1775396365305,"pid":17096,"hostname":"DESKTOP-KPAMGTB","module":"binance","symbol":"ATOMUSDT","interval":"5m","verdict":"WAIT","score":50,"price":1.679,"msg":"scanner"}
{"level":30,"time":1775396365631,"pid":17096,"hostname":"DESKTOP-KPAMGTB","module":"binance","symbol":"ATOMUSDT","interval":"1h","verdict":"AVOID","score":34,"price":1.679,"msg":"scanner"}
{"level":30,"time":1775396365912,"pid":17096,"hostname":"DESKTOP-KPAMGTB","module":"binance","symbol":"ETCUSDT","interval":"5m","verdict":"WAIT","score":41,"price":8.43,"msg":"scanner"}
{"level":30,"time":1775396365965,"pid":17096,"hostname":"DESKTOP-KPAMGTB","module":"binance","symbol":"XLMUSDT","interval":"5m","verdict":"WAIT","score":38,"price":0.158,"msg":"scanner"}
{"level":30,"time":1775396365980,"pid":17096,"hostname":"DESKTOP-KPAMGTB","module":"binance","symbol":"ETCUSDT","interval":"1h","verdict":"WAIT","score":50,"price":8.43,"msg":"scanner"}
{"level":30,"time":1775396366012,"pid":17096,"hostname":"DESKTOP-KPAMGTB","module":"binance","symbol":"XLMUSDT","interval":"1h","verdict":"WAIT","score":47,"price":0.158,"msg":"scanner"}
{"level":30,"time":1775396366292,"pid":17096,"hostname":"DESKTOP-KPAMGTB","module":"binance","symbol":"APTUSDT","interval":"1h","verdict":"WAIT","score":44,"price":0.833,"msg":"scanner"}
{"level":30,"time":1775396366300,"pid":17096,"hostname":"DESKTOP-KPAMGTB","module":"binance","symbol":"APTUSDT","interval":"5m","verdict":"WAIT","score":47,"price":0.833,"msg":"scanner"}
{"level":30,"time":1775396366408,"pid":17096,"hostname":"DESKTOP-KPAMGTB","module":"binance","symbol":"NEARUSDT","interval":"5m","verdict":"AVOID","score":31,"price":1.24,"msg":"scanner"}
{"level":30,"time":1775396366454,"pid":17096,"hostname":"DESKTOP-KPAMGTB","module":"binance","symbol":"NEARUSDT","interval":"1h","verdict":"WAIT","score":53,"price":1.24,"msg":"scanner"}
{"level":30,"time":1775396392408,"pid":17096,"hostname":"DESKTOP-KPAMGTB","module":"binance","symbol":"ETHUSDT","interval":"5m","verdict":"WAIT","score":47,"price":2030.13,"msg":"scanner"}
{"level":30,"time":1775396392709,"pid":17096,"hostname":"DESKTOP-KPAMGTB","module":"binance","symbol":"SOLUSDT","interval":"5m","verdict":"WAIT","score":47,"price":78.86,"msg":"scanner"}
{"level":30,"time":1775396392754,"pid":17096,"hostname":"DESKTOP-KPAMGTB","module":"binance","symbol":"BNBUSDT","interval":"5m","verdict":"WAIT","score":50,"price":588,"msg":"scanner"}
{"level":30,"time":1775396392805,"pid":17096,"hostname":"DESKTOP-KPAMGTB","module":"binance","symbol":"XRPUSDT","interval":"5m","verdict":"WAIT","score":53,"price":1.2871,"msg":"scanner"}
{"level":30,"time":1775396393054,"pid":17096,"hostname":"DESKTOP-KPAMGTB","module":"binance","symbol":"DOGEUSDT","interval":"5m","verdict":"WAIT","score":53,"price":0.0901,"msg":"scanner"}
{"level":30,"time":1775396393209,"pid":17096,"hostname":"DESKTOP-KPAMGTB","module":"binance","symbol":"ADAUSDT","interval":"5m","verdict":"WAIT","score":56,"price":0.2415,"msg":"scanner"}
{"level":30,"time":1775396393281,"pid":17096,"hostname":"DESKTOP-KPAMGTB","module":"binance","symbol":"AVAXUSDT","interval":"5m","verdict":"WAIT","score":44,"price":8.78,"msg":"scanner"}
{"level":30,"time":1775396393292,"pid":17096,"hostname":"DESKTOP-KPAMGTB","module":"binance","symbol":"AVAXUSDT","interval":"1h","verdict":"WAIT","score":50,"price":8.78,"msg":"scanner"}
{"level":30,"time":1775396393457,"pid":17096,"hostname":"DESKTOP-KPAMGTB","module":"binance","symbol":"TRXUSDT","interval":"5m","verdict":"BUY","score":66,"price":0.3193,"msg":"scanner"}
{"level":30,"time":1775396393700,"pid":17096,"hostname":"DESKTOP-KPAMGTB","module":"binance","symbol":"DOTUSDT","interval":"5m","verdict":"WAIT","score":44,"price":1.221,"msg":"scanner"}
{"level":30,"time":1775396393764,"pid":17096,"hostname":"DESKTOP-KPAMGTB","module":"binance","symbol":"DOTUSDT","interval":"1h","verdict":"WAIT","score":47,"price":1.221,"msg":"scanner"}
{"level":30,"time":1775396394028,"pid":17096,"hostname":"DESKTOP-KPAMGTB","module":"binance","symbol":"LINKUSDT","interval":"1h","verdict":"WAIT","score":50,"price":8.52,"msg":"scanner"}
{"level":30,"time":1775396394109,"pid":17096,"hostname":"DESKTOP-KPAMGTB","module":"binance","symbol":"MATICUSDT","interval":"5m","verdict":"WAIT","score":59,"price":0.3794,"msg":"scanner"}
{"level":30,"time":1775396422453,"pid":17096,"hostname":"DESKTOP-KPAMGTB","module":"binance","symbol":"BTCUSDT","interval":"5m","verdict":"WAIT","score":50,"price":66840.61,"msg":"scanner"}
{"level":30,"time":1775396423490,"pid":17096,"hostname":"DESKTOP-KPAMGTB","module":"binance","symbol":"LINKUSDT","interval":"5m","verdict":"WAIT","score":47,"price":8.52,"msg":"scanner"}
{"level":30,"time":1775396423959,"pid":17096,"hostname":"DESKTOP-KPAMGTB","module":"binance","symbol":"LTCUSDT","interval":"5m","verdict":"WAIT","score":53,"price":52.86,"msg":"scanner"}
{"level":30,"time":1775396424241,"pid":17096,"hostname":"DESKTOP-KPAMGTB","module":"binance","symbol":"UNIUSDT","interval":"5m","verdict":"WAIT","score":56,"price":3.081,"msg":"scanner"}
{"level":30,"time":1775396424471,"pid":17096,"hostname":"DESKTOP-KPAMGTB","module":"binance","symbol":"ATOMUSDT","interval":"5m","verdict":"WAIT","score":56,"price":1.683,"msg":"scanner"}
{"level":30,"time":1775396424659,"pid":17096,"hostname":"DESKTOP-KPAMGTB","module":"binance","symbol":"ETCUSDT","interval":"5m","verdict":"WAIT","score":41,"price":8.43,"msg":"scanner"}
{"level":30,"time":1775396424964,"pid":17096,"hostname":"DESKTOP-KPAMGTB","module":"binance","symbol":"SHIBUSDT","interval":"5m","verdict":"WAIT","score":44,"price":0.00000583,"msg":"scanner"}
{"level":30,"time":1775396424978,"pid":17096,"hostname":"DESKTOP-KPAMGTB","module":"binance","symbol":"XLMUSDT","interval":"5m","verdict":"WAIT","score":50,"price":0.1581,"msg":"scanner"}
{"level":30,"time":1775396425157,"pid":17096,"hostname":"DESKTOP-KPAMGTB","module":"binance","symbol":"APTUSDT","interval":"5m","verdict":"WAIT","score":59,"price":0.834,"msg":"scanner"}
{"level":30,"time":1775396425402,"pid":17096,"hostname":"DESKTOP-KPAMGTB","module":"binance","symbol":"NEARUSDT","interval":"5m","verdict":"WAIT","score":41,"price":1.241,"msg":"scanner"}
{"level":30,"time":1775396452454,"pid":17096,"hostname":"DESKTOP-KPAMGTB","module":"binance","symbol":"ETHUSDT","interval":"5m","verdict":"WAIT","score":47,"price":2029.55,"msg":"scanner"}
{"level":30,"time":1775396452656,"pid":17096,"hostname":"DESKTOP-KPAMGTB","module":"binance","symbol":"BNBUSDT","interval":"5m","verdict":"WAIT","score":53,"price":588.12,"msg":"scanner"}
{"level":30,"time":1775396452719,"pid":17096,"hostname":"DESKTOP-KPAMGTB","module":"binance","symbol":"SOLUSDT","interval":"5m","verdict":"WAIT","score":44,"price":78.87,"msg":"scanner"}
{"level":30,"time":1775396452792,"pid":17096,"hostname":"DESKTOP-KPAMGTB","module":"binance","symbol":"XRPUSDT","interval":"5m","verdict":"WAIT","score":56,"price":1.2876,"msg":"scanner"}
{"level":30,"time":1775396453008,"pid":17096,"hostname":"DESKTOP-KPAMGTB","module":"binance","symbol":"DOGEUSDT","interval":"5m","verdict":"WAIT","score":53,"price":0.09011,"msg":"scanner"}
{"level":30,"time":1775396453131,"pid":17096,"hostname":"DESKTOP-KPAMGTB","module":"binance","symbol":"ADAUSDT","interval":"5m","verdict":"WAIT","score":56,"price":0.2417,"msg":"scanner"}
{"level":30,"time":1775396453401,"pid":17096,"hostname":"DESKTOP-KPAMGTB","module":"binance","symbol":"AVAXUSDT","interval":"5m","verdict":"WAIT","score":47,"price":8.79,"msg":"scanner"}
{"level":30,"time":1775396453547,"pid":17096,"hostname":"DESKTOP-KPAMGTB","module":"binance","symbol":"TRXUSDT","interval":"5m","verdict":"BUY","score":66,"price":0.3193,"msg":"scanner"}
{"level":30,"time":1775396453778,"pid":17096,"hostname":"DESKTOP-KPAMGTB","module":"binance","symbol":"DOTUSDT","interval":"5m","verdict":"WAIT","score":44,"price":1.221,"msg":"scanner"}
{"level":30,"time":1775396454059,"pid":17096,"hostname":"DESKTOP-KPAMGTB","module":"binance","symbol":"LINKUSDT","interval":"5m","verdict":"WAIT","score":44,"price":8.51,"msg":"scanner"}
{"level":30,"time":1775396454156,"pid":17096,"hostname":"DESKTOP-KPAMGTB","module":"binance","symbol":"MATICUSDT","interval":"5m","verdict":"WAIT","score":59,"price":0.3794,"msg":"scanner"}
{"level":30,"time":1775396454249,"pid":17096,"hostname":"DESKTOP-KPAMGTB","module":"binance","symbol":"LTCUSDT","interval":"5m","verdict":"WAIT","score":50,"price":52.85,"msg":"scanner"}
{"level":30,"time":1775396483313,"pid":17096,"hostname":"DESKTOP-KPAMGTB","module":"binance","symbol":"BTCUSDT","interval":"5m","verdict":"WAIT","score":50,"price":66825.67,"msg":"scanner"}
{"level":30,"time":1775396483333,"pid":17096,"hostname":"DESKTOP-KPAMGTB","module":"binance","symbol":"BTCUSDT","interval":"1h","verdict":"AVOID","score":31,"price":66825.67,"msg":"scanner"}
{"level":30,"time":1775396483345,"pid":17096,"hostname":"DESKTOP-KPAMGTB","module":"binance","symbol":"ETHUSDT","interval":"5m","verdict":"WAIT","score":47,"price":2029.04,"msg":"scanner"}
{"level":30,"time":1775396483562,"pid":17096,"hostname":"DESKTOP-KPAMGTB","module":"binance","symbol":"ETHUSDT","interval":"1h","verdict":"AVOID","score":34,"price":2029.04,"msg":"scanner"}
{"level":30,"time":1775396483722,"pid":17096,"hostname":"DESKTOP-KPAMGTB","module":"binance","symbol":"BNBUSDT","interval":"5m","verdict":"WAIT","score":53,"price":588.1,"msg":"scanner"}
{"level":30,"time":1775396483794,"pid":17096,"hostname":"DESKTOP-KPAMGTB","module":"binance","symbol":"BNBUSDT","interval":"1h","verdict":"AVOID","score":31,"price":588.1,"msg":"scanner"}
{"level":30,"time":1775396484042,"pid":17096,"hostname":"DESKTOP-KPAMGTB","module":"binance","symbol":"SOLUSDT","interval":"5m","verdict":"WAIT","score":44,"price":78.84,"msg":"scanner"}
{"level":30,"time":1775396484187,"pid":17096,"hostname":"DESKTOP-KPAMGTB","module":"binance","symbol":"SOLUSDT","interval":"1h","verdict":"WAIT","score":38,"price":78.84,"msg":"scanner"}
{"level":30,"time":1775396484534,"pid":17096,"hostname":"DESKTOP-KPAMGTB","module":"binance","symbol":"XRPUSDT","interval":"5m","verdict":"WAIT","score":53,"price":1.2873,"msg":"scanner"}
{"level":30,"time":1775396484558,"pid":17096,"hostname":"DESKTOP-KPAMGTB","module":"binance","symbol":"XRPUSDT","interval":"1h","verdict":"WAIT","score":47,"price":1.2873,"msg":"scanner"}
{"level":30,"time":1775396484576,"pid":17096,"hostname":"DESKTOP-KPAMGTB","module":"binance","symbol":"DOGEUSDT","interval":"5m","verdict":"WAIT","score":50,"price":0.09003,"msg":"scanner"}
{"level":30,"time":1775396484615,"pid":17096,"hostname":"DESKTOP-KPAMGTB","module":"binance","symbol":"DOGEUSDT","interval":"1h","verdict":"WAIT","score":44,"price":0.09003,"msg":"scanner"}
{"level":30,"time":1775396484967,"pid":17096,"hostname":"DESKTOP-KPAMGTB","module":"binance","symbol":"ADAUSDT","interval":"1h","verdict":"WAIT","score":47,"price":0.2414,"msg":"scanner"}
{"level":30,"time":1775396484984,"pid":17096,"hostname":"DESKTOP-KPAMGTB","module":"binance","symbol":"ADAUSDT","interval":"5m","verdict":"WAIT","score":53,"price":0.2414,"msg":"scanner"}
{"level":30,"time":1775396485092,"pid":17096,"hostname":"DESKTOP-KPAMGTB","module":"binance","symbol":"AVAXUSDT","interval":"5m","verdict":"WAIT","score":47,"price":8.79,"msg":"scanner"}
{"level":30,"time":1775396485341,"pid":17096,"hostname":"DESKTOP-KPAMGTB","module":"binance","symbol":"TRXUSDT","interval":"5m","verdict":"BUY","score":66,"price":0.3193,"msg":"scanner"}
{"level":30,"time":1775396485400,"pid":17096,"hostname":"DESKTOP-KPAMGTB","module":"binance","symbol":"TRXUSDT","interval":"1h","verdict":"BUY","score":66,"price":0.3193,"msg":"scanner"}
{"level":30,"time":1775396485493,"pid":17096,"hostname":"DESKTOP-KPAMGTB","module":"binance","symbol":"DOTUSDT","interval":"5m","verdict":"WAIT","score":44,"price":1.22,"msg":"scanner"}
{"level":30,"time":1775396485742,"pid":17096,"hostname":"DESKTOP-KPAMGTB","module":"binance","symbol":"LINKUSDT","interval":"5m","verdict":"WAIT","score":38,"price":8.5,"msg":"scanner"}
{"level":30,"time":1775396485934,"pid":17096,"hostname":"DESKTOP-KPAMGTB","module":"binance","symbol":"MATICUSDT","interval":"5m","verdict":"WAIT","score":59,"price":0.3794,"msg":"scanner"}
{"level":30,"time":1775396486018,"pid":17096,"hostname":"DESKTOP-KPAMGTB","module":"binance","symbol":"MATICUSDT","interval":"1h","verdict":"WAIT","score":47,"price":0.3794,"msg":"scanner"}
{"level":30,"time":1775396486354,"pid":17096,"hostname":"DESKTOP-KPAMGTB","module":"binance","symbol":"LTCUSDT","interval":"1h","verdict":"WAIT","score":41,"price":52.84,"msg":"scanner"}
{"level":30,"time":1775396486364,"pid":17096,"hostname":"DESKTOP-KPAMGTB","module":"binance","symbol":"LTCUSDT","interval":"5m","verdict":"WAIT","score":53,"price":52.84,"msg":"scanner"}
{"level":30,"time":1775396486609,"pid":17096,"hostname":"DESKTOP-KPAMGTB","module":"binance","symbol":"SHIBUSDT","interval":"5m","verdict":"WAIT","score":44,"price":0.00000583,"msg":"scanner"}
{"level":30,"time":1775396486628,"pid":17096,"hostname":"DESKTOP-KPAMGTB","module":"binance","symbol":"SHIBUSDT","interval":"1h","verdict":"WAIT","score":50,"price":0.00000583,"msg":"scanner"}
{"level":30,"time":1775396486687,"pid":17096,"hostname":"DESKTOP-KPAMGTB","module":"binance","symbol":"UNIUSDT","interval":"5m","verdict":"WAIT","score":59,"price":3.08,"msg":"scanner"}
{"level":30,"time":1775396486734,"pid":17096,"hostname":"DESKTOP-KPAMGTB","module":"binance","symbol":"UNIUSDT","interval":"1h","verdict":"WAIT","score":44,"price":3.08,"msg":"scanner"}
{"level":30,"time":1775396487014,"pid":17096,"hostname":"DESKTOP-KPAMGTB","module":"binance","symbol":"ATOMUSDT","interval":"5m","verdict":"WAIT","score":56,"price":1.683,"msg":"scanner"}
{"level":30,"time":1775396487028,"pid":17096,"hostname":"DESKTOP-KPAMGTB","module":"binance","symbol":"ATOMUSDT","interval":"1h","verdict":"WAIT","score":50,"price":1.683,"msg":"scanner"}
{"level":30,"time":1775396487092,"pid":17096,"hostname":"DESKTOP-KPAMGTB","module":"binance","symbol":"ETCUSDT","interval":"5m","verdict":"WAIT","score":41,"price":8.43,"msg":"scanner"}
{"level":30,"time":1775396487220,"pid":17096,"hostname":"DESKTOP-KPAMGTB","module":"binance","symbol":"ETCUSDT","interval":"1h","verdict":"WAIT","score":50,"price":8.43,"msg":"scanner"}
{"level":30,"time":1775396487411,"pid":17096,"hostname":"DESKTOP-KPAMGTB","module":"binance","symbol":"XLMUSDT","interval":"1h","verdict":"WAIT","score":47,"price":0.158,"msg":"scanner"}
{"level":30,"time":1775396487418,"pid":17096,"hostname":"DESKTOP-KPAMGTB","module":"binance","symbol":"XLMUSDT","interval":"5m","verdict":"WAIT","score":44,"price":0.158,"msg":"scanner"}
{"level":30,"time":1775396487601,"pid":17096,"hostname":"DESKTOP-KPAMGTB","module":"binance","symbol":"APTUSDT","interval":"5m","verdict":"WAIT","score":59,"price":0.834,"msg":"scanner"}
{"level":30,"time":1775396487617,"pid":17096,"hostname":"DESKTOP-KPAMGTB","module":"binance","symbol":"APTUSDT","interval":"1h","verdict":"WAIT","score":44,"price":0.834,"msg":"scanner"}
{"level":30,"time":1775396487746,"pid":17096,"hostname":"DESKTOP-KPAMGTB","module":"binance","symbol":"NEARUSDT","interval":"1h","verdict":"WAIT","score":53,"price":1.24,"msg":"scanner"}
{"level":30,"time":1775396487758,"pid":17096,"hostname":"DESKTOP-KPAMGTB","module":"binance","symbol":"NEARUSDT","interval":"5m","verdict":"WAIT","score":38,"price":1.24,"msg":"scanner"}
{"level":30,"time":1775396542703,"pid":17096,"hostname":"DESKTOP-KPAMGTB","module":"binance","symbol":"BTCUSDT","interval":"5m","verdict":"WAIT","score":50,"price":66822,"msg":"scanner"}
{"level":30,"time":1775396542737,"pid":17096,"hostname":"DESKTOP-KPAMGTB","module":"binance","symbol":"ETHUSDT","interval":"5m","verdict":"WAIT","score":47,"price":2029,"msg":"scanner"}
{"level":30,"time":1775396542747,"pid":17096,"hostname":"DESKTOP-KPAMGTB","module":"binance","symbol":"BTCUSDT","interval":"4h","verdict":"AVOID","score":34,"price":66822,"msg":"scanner"}
{"level":30,"time":1775396542942,"pid":17096,"hostname":"DESKTOP-KPAMGTB","module":"binance","symbol":"ETHUSDT","interval":"4h","verdict":"WAIT","score":41,"price":2029,"msg":"scanner"}
{"level":30,"time":1775396543026,"pid":17096,"hostname":"DESKTOP-KPAMGTB","module":"binance","symbol":"BNBUSDT","interval":"5m","verdict":"WAIT","score":53,"price":588.21,"msg":"scanner"}
{"level":30,"time":1775396543073,"pid":17096,"hostname":"DESKTOP-KPAMGTB","module":"binance","symbol":"BNBUSDT","interval":"4h","verdict":"WAIT","score":41,"price":588.21,"msg":"scanner"}
{"level":30,"time":1775396543119,"pid":17096,"hostname":"DESKTOP-KPAMGTB","module":"binance","symbol":"SOLUSDT","interval":"5m","verdict":"WAIT","score":44,"price":78.81,"msg":"scanner"}
{"level":30,"time":1775396543279,"pid":17096,"hostname":"DESKTOP-KPAMGTB","module":"binance","symbol":"SOLUSDT","interval":"4h","verdict":"AVOID","score":34,"price":78.81,"msg":"scanner"}
{"level":30,"time":1775396543308,"pid":17096,"hostname":"DESKTOP-KPAMGTB","module":"binance","symbol":"XRPUSDT","interval":"5m","verdict":"WAIT","score":56,"price":1.2875,"msg":"scanner"}
{"level":30,"time":1775396543404,"pid":17096,"hostname":"DESKTOP-KPAMGTB","module":"binance","symbol":"XRPUSDT","interval":"4h","verdict":"WAIT","score":38,"price":1.2875,"msg":"scanner"}
{"level":30,"time":1775396543419,"pid":17096,"hostname":"DESKTOP-KPAMGTB","module":"binance","symbol":"DOGEUSDT","interval":"5m","verdict":"WAIT","score":50,"price":0.09007,"msg":"scanner"}
{"level":30,"time":1775396543760,"pid":17096,"hostname":"DESKTOP-KPAMGTB","module":"binance","symbol":"ADAUSDT","interval":"5m","verdict":"WAIT","score":53,"price":0.2414,"msg":"scanner"}
{"level":30,"time":1775396544030,"pid":17096,"hostname":"DESKTOP-KPAMGTB","module":"binance","symbol":"AVAXUSDT","interval":"5m","verdict":"WAIT","score":50,"price":8.8,"msg":"scanner"}
{"level":30,"time":1775396544093,"pid":17096,"hostname":"DESKTOP-KPAMGTB","module":"binance","symbol":"AVAXUSDT","interval":"1h","verdict":"WAIT","score":50,"price":8.8,"msg":"scanner"}
{"level":30,"time":1775396544270,"pid":17096,"hostname":"DESKTOP-KPAMGTB","module":"binance","symbol":"TRXUSDT","interval":"5m","verdict":"BUY","score":66,"price":0.3193,"msg":"scanner"}
{"level":30,"time":1775396544557,"pid":17096,"hostname":"DESKTOP-KPAMGTB","module":"binance","symbol":"TRXUSDT","interval":"4h","verdict":"WAIT","score":63,"price":0.3193,"msg":"scanner"}
{"level":30,"time":1775396544588,"pid":17096,"hostname":"DESKTOP-KPAMGTB","module":"binance","symbol":"DOTUSDT","interval":"5m","verdict":"WAIT","score":44,"price":1.22,"msg":"scanner"}
{"level":30,"time":1775396544660,"pid":17096,"hostname":"DESKTOP-KPAMGTB","module":"binance","symbol":"DOTUSDT","interval":"1h","verdict":"WAIT","score":47,"price":1.22,"msg":"scanner"}
{"level":30,"time":1775396544770,"pid":17096,"hostname":"DESKTOP-KPAMGTB","module":"binance","symbol":"DOTUSDT","interval":"4h","verdict":"AVOID","score":34,"price":1.22,"msg":"scanner"}
{"level":30,"time":1775396544973,"pid":17096,"hostname":"DESKTOP-KPAMGTB","module":"binance","symbol":"LINKUSDT","interval":"5m","verdict":"WAIT","score":44,"price":8.51,"msg":"scanner"}
{"level":30,"time":1775396545434,"pid":17096,"hostname":"DESKTOP-KPAMGTB","module":"binance","symbol":"LINKUSDT","interval":"1h","verdict":"WAIT","score":44,"price":8.51,"msg":"scanner"}
{"level":30,"time":1775396545451,"pid":17096,"hostname":"DESKTOP-KPAMGTB","module":"binance","symbol":"LINKUSDT","interval":"4h","verdict":"AVOID","score":34,"price":8.51,"msg":"scanner"}
{"level":30,"time":1775396545500,"pid":17096,"hostname":"DESKTOP-KPAMGTB","module":"binance","symbol":"MATICUSDT","interval":"5m","verdict":"WAIT","score":59,"price":0.3794,"msg":"scanner"}
{"level":30,"time":1775396545830,"pid":17096,"hostname":"DESKTOP-KPAMGTB","module":"binance","symbol":"MATICUSDT","interval":"4h","verdict":"WAIT","score":41,"price":0.3794,"msg":"scanner"}
{"level":30,"time":1775396545838,"pid":17096,"hostname":"DESKTOP-KPAMGTB","module":"binance","symbol":"LTCUSDT","interval":"5m","verdict":"WAIT","score":53,"price":52.86,"msg":"scanner"}
{"level":30,"time":1775396545860,"pid":17096,"hostname":"DESKTOP-KPAMGTB","module":"binance","symbol":"LTCUSDT","interval":"4h","verdict":"WAIT","score":38,"price":52.86,"msg":"scanner"}
{"level":30,"time":1775396545886,"pid":17096,"hostname":"DESKTOP-KPAMGTB","module":"binance","symbol":"SHIBUSDT","interval":"5m","verdict":"WAIT","score":50,"price":0.00000582,"msg":"scanner"}
{"level":30,"time":1775396546243,"pid":17096,"hostname":"DESKTOP-KPAMGTB","module":"binance","symbol":"UNIUSDT","interval":"5m","verdict":"WAIT","score":59,"price":3.079,"msg":"scanner"}
{"level":30,"time":1775396546286,"pid":17096,"hostname":"DESKTOP-KPAMGTB","module":"binance","symbol":"UNIUSDT","interval":"4h","verdict":"WAIT","score":53,"price":3.079,"msg":"scanner"}
{"level":30,"time":1775396546322,"pid":17096,"hostname":"DESKTOP-KPAMGTB","module":"binance","symbol":"ATOMUSDT","interval":"5m","verdict":"WAIT","score":53,"price":1.682,"msg":"scanner"}
{"level":30,"time":1775396546398,"pid":17096,"hostname":"DESKTOP-KPAMGTB","module":"binance","symbol":"ATOMUSDT","interval":"4h","verdict":"AVOID","score":34,"price":1.682,"msg":"scanner"}
{"level":30,"time":1775396546544,"pid":17096,"hostname":"DESKTOP-KPAMGTB","module":"binance","symbol":"ETCUSDT","interval":"5m","verdict":"WAIT","score":41,"price":8.43,"msg":"scanner"}
{"level":30,"time":1775396546709,"pid":17096,"hostname":"DESKTOP-KPAMGTB","module":"binance","symbol":"ETCUSDT","interval":"4h","verdict":"WAIT","score":56,"price":8.43,"msg":"scanner"}
{"level":30,"time":1775396546801,"pid":17096,"hostname":"DESKTOP-KPAMGTB","module":"binance","symbol":"XLMUSDT","interval":"5m","verdict":"WAIT","score":44,"price":0.1582,"msg":"scanner"}
{"level":30,"time":1775396546892,"pid":17096,"hostname":"DESKTOP-KPAMGTB","module":"binance","symbol":"APTUSDT","interval":"5m","verdict":"WAIT","score":63,"price":0.835,"msg":"scanner"}
{"level":30,"time":1775396547045,"pid":17096,"hostname":"DESKTOP-KPAMGTB","module":"binance","symbol":"NEARUSDT","interval":"5m","verdict":"WAIT","score":38,"price":1.24,"msg":"scanner"}
{"level":30,"time":1775396573569,"pid":17096,"hostname":"DESKTOP-KPAMGTB","module":"binance","symbol":"ADAUSDT","interval":"4h","verdict":"AVOID","score":31,"price":0.2414,"msg":"scanner"}
{"level":30,"time":1775396573622,"pid":17096,"hostname":"DESKTOP-KPAMGTB","module":"binance","symbol":"AVAXUSDT","interval":"4h","verdict":"AVOID","score":31,"price":8.8,"msg":"scanner"}
{"level":30,"time":1775396602942,"pid":17096,"hostname":"DESKTOP-KPAMGTB","module":"binance","symbol":"BTCUSDT","interval":"5m","verdict":"WAIT","score":50,"price":66829.03,"msg":"scanner"}
{"level":30,"time":1775396602961,"pid":17096,"hostname":"DESKTOP-KPAMGTB","module":"binance","symbol":"ETHUSDT","interval":"5m","verdict":"WAIT","score":47,"price":2029.67,"msg":"scanner"}
{"level":30,"time":1775396603177,"pid":17096,"hostname":"DESKTOP-KPAMGTB","module":"binance","symbol":"BNBUSDT","interval":"5m","verdict":"WAIT","score":53,"price":588.33,"msg":"scanner"}
{"level":30,"time":1775396603320,"pid":17096,"hostname":"DESKTOP-KPAMGTB","module":"binance","symbol":"SOLUSDT","interval":"5m","verdict":"WAIT","score":44,"price":78.86,"msg":"scanner"}
{"level":30,"time":1775396603467,"pid":17096,"hostname":"DESKTOP-KPAMGTB","module":"binance","symbol":"XRPUSDT","interval":"5m","verdict":"WAIT","score":56,"price":1.2878,"msg":"scanner"}
{"level":30,"time":1775396603626,"pid":17096,"hostname":"DESKTOP-KPAMGTB","module":"binance","symbol":"DOGEUSDT","interval":"5m","verdict":"WAIT","score":50,"price":0.0901,"msg":"scanner"}
{"level":30,"time":1775396603779,"pid":17096,"hostname":"DESKTOP-KPAMGTB","module":"binance","symbol":"DOGEUSDT","interval":"4h","verdict":"AVOID","score":34,"price":0.0901,"msg":"scanner"}
{"level":30,"time":1775396603830,"pid":17096,"hostname":"DESKTOP-KPAMGTB","module":"binance","symbol":"ADAUSDT","interval":"5m","verdict":"WAIT","score":53,"price":0.2416,"msg":"scanner"}
{"level":30,"time":1775396604153,"pid":17096,"hostname":"DESKTOP-KPAMGTB","module":"binance","symbol":"AVAXUSDT","interval":"5m","verdict":"WAIT","score":50,"price":8.8,"msg":"scanner"}
{"level":30,"time":1775396604267,"pid":17096,"hostname":"DESKTOP-KPAMGTB","module":"binance","symbol":"TRXUSDT","interval":"5m","verdict":"WAIT","score":53,"price":0.3191,"msg":"scanner"}
{"level":30,"time":1775396604482,"pid":17096,"hostname":"DESKTOP-KPAMGTB","module":"binance","symbol":"DOTUSDT","interval":"5m","verdict":"WAIT","score":41,"price":1.222,"msg":"scanner"}
{"level":30,"time":1775396604700,"pid":17096,"hostname":"DESKTOP-KPAMGTB","module":"binance","symbol":"LINKUSDT","interval":"5m","verdict":"WAIT","score":44,"price":8.51,"msg":"scanner"}
{"level":30,"time":1775396604908,"pid":17096,"hostname":"DESKTOP-KPAMGTB","module":"binance","symbol":"MATICUSDT","interval":"5m","verdict":"WAIT","score":59,"price":0.3794,"msg":"scanner"}
{"level":30,"time":1775396605020,"pid":17096,"hostname":"DESKTOP-KPAMGTB","module":"binance","symbol":"LTCUSDT","interval":"5m","verdict":"WAIT","score":63,"price":52.88,"msg":"scanner"}
{"level":30,"time":1775396605536,"pid":17096,"hostname":"DESKTOP-KPAMGTB","module":"binance","symbol":"SHIBUSDT","interval":"5m","verdict":"WAIT","score":44,"price":0.00000583,"msg":"scanner"}
{"level":30,"time":1775396605629,"pid":17096,"hostname":"DESKTOP-KPAMGTB","module":"binance","symbol":"SHIBUSDT","interval":"4h","verdict":"WAIT","score":41,"price":0.00000583,"msg":"scanner"}
{"level":30,"time":1775396605674,"pid":17096,"hostname":"DESKTOP-KPAMGTB","module":"binance","symbol":"UNIUSDT","interval":"5m","verdict":"WAIT","score":59,"price":3.08,"msg":"scanner"}
{"level":30,"time":1775396605941,"pid":17096,"hostname":"DESKTOP-KPAMGTB","module":"binance","symbol":"ATOMUSDT","interval":"5m","verdict":"WAIT","score":53,"price":1.682,"msg":"scanner"}
{"level":30,"time":1775396606076,"pid":17096,"hostname":"DESKTOP-KPAMGTB","module":"binance","symbol":"ETCUSDT","interval":"5m","verdict":"WAIT","score":41,"price":8.43,"msg":"scanner"}
{"level":30,"time":1775396606278,"pid":17096,"hostname":"DESKTOP-KPAMGTB","module":"binance","symbol":"XLMUSDT","interval":"5m","verdict":"WAIT","score":44,"price":0.1582,"msg":"scanner"}
{"level":30,"time":1775396606325,"pid":17096,"hostname":"DESKTOP-KPAMGTB","module":"binance","symbol":"XLMUSDT","interval":"4h","verdict":"AVOID","score":34,"price":0.1582,"msg":"scanner"}
{"level":30,"time":1775396606394,"pid":17096,"hostname":"DESKTOP-KPAMGTB","module":"binance","symbol":"APTUSDT","interval":"5m","verdict":"WAIT","score":63,"price":0.835,"msg":"scanner"}
{"level":30,"time":1775396606525,"pid":17096,"hostname":"DESKTOP-KPAMGTB","module":"binance","symbol":"APTUSDT","interval":"4h","verdict":"WAIT","score":47,"price":0.835,"msg":"scanner"}
{"level":30,"time":1775396606556,"pid":17096,"hostname":"DESKTOP-KPAMGTB","module":"binance","symbol":"NEARUSDT","interval":"5m","verdict":"WAIT","score":41,"price":1.241,"msg":"scanner"}
{"level":30,"time":1775396606665,"pid":17096,"hostname":"DESKTOP-KPAMGTB","module":"binance","symbol":"NEARUSDT","interval":"4h","verdict":"WAIT","score":59,"price":1.241,"msg":"scanner"}
{"level":30,"time":1775396633275,"pid":17096,"hostname":"DESKTOP-KPAMGTB","module":"binance","symbol":"BTCUSDT","interval":"1h","verdict":"AVOID","score":31,"price":66831,"msg":"scanner"}
{"level":30,"time":1775396633291,"pid":17096,"hostname":"DESKTOP-KPAMGTB","module":"binance","symbol":"BTCUSDT","interval":"5m","verdict":"WAIT","score":50,"price":66831,"msg":"scanner"}
{"level":30,"time":1775396633300,"pid":17096,"hostname":"DESKTOP-KPAMGTB","module":"binance","symbol":"ETHUSDT","interval":"5m","verdict":"WAIT","score":47,"price":2029.82,"msg":"scanner"}
{"level":30,"time":1775396633467,"pid":17096,"hostname":"DESKTOP-KPAMGTB","module":"binance","symbol":"ETHUSDT","interval":"1h","verdict":"AVOID","score":34,"price":2029.82,"msg":"scanner"}
{"level":30,"time":1775396633632,"pid":17096,"hostname":"DESKTOP-KPAMGTB","module":"binance","symbol":"BNBUSDT","interval":"5m","verdict":"WAIT","score":53,"price":588.37,"msg":"scanner"}
{"level":30,"time":1775396633640,"pid":17096,"hostname":"DESKTOP-KPAMGTB","module":"binance","symbol":"BNBUSDT","interval":"1h","verdict":"AVOID","score":31,"price":588.37,"msg":"scanner"}
{"level":30,"time":1775396633770,"pid":17096,"hostname":"DESKTOP-KPAMGTB","module":"binance","symbol":"SOLUSDT","interval":"5m","verdict":"WAIT","score":44,"price":78.87,"msg":"scanner"}
{"level":30,"time":1775396633787,"pid":17096,"hostname":"DESKTOP-KPAMGTB","module":"binance","symbol":"SOLUSDT","interval":"1h","verdict":"WAIT","score":38,"price":78.87,"msg":"scanner"}
{"level":30,"time":1775396633967,"pid":17096,"hostname":"DESKTOP-KPAMGTB","module":"binance","symbol":"XRPUSDT","interval":"5m","verdict":"WAIT","score":56,"price":1.2877,"msg":"scanner"}
{"level":30,"time":1775396634018,"pid":17096,"hostname":"DESKTOP-KPAMGTB","module":"binance","symbol":"XRPUSDT","interval":"1h","verdict":"WAIT","score":44,"price":1.2877,"msg":"scanner"}
{"level":30,"time":1775396634115,"pid":17096,"hostname":"DESKTOP-KPAMGTB","module":"binance","symbol":"DOGEUSDT","interval":"5m","verdict":"WAIT","score":53,"price":0.09012,"msg":"scanner"}
{"level":30,"time":1775396634155,"pid":17096,"hostname":"DESKTOP-KPAMGTB","module":"binance","symbol":"DOGEUSDT","interval":"1h","verdict":"WAIT","score":44,"price":0.09012,"msg":"scanner"}
{"level":30,"time":1775396634358,"pid":17096,"hostname":"DESKTOP-KPAMGTB","module":"binance","symbol":"ADAUSDT","interval":"5m","verdict":"WAIT","score":53,"price":0.2416,"msg":"scanner"}
{"level":30,"time":1775396634393,"pid":17096,"hostname":"DESKTOP-KPAMGTB","module":"binance","symbol":"ADAUSDT","interval":"1h","verdict":"WAIT","score":47,"price":0.2416,"msg":"scanner"}
{"level":30,"time":1775396634550,"pid":17096,"hostname":"DESKTOP-KPAMGTB","module":"binance","symbol":"AVAXUSDT","interval":"5m","verdict":"WAIT","score":50,"price":8.8,"msg":"scanner"}
{"level":30,"time":1775396634954,"pid":17096,"hostname":"DESKTOP-KPAMGTB","module":"binance","symbol":"TRXUSDT","interval":"5m","verdict":"WAIT","score":56,"price":0.319,"msg":"scanner"}
{"level":30,"time":1775396634972,"pid":17096,"hostname":"DESKTOP-KPAMGTB","module":"binance","symbol":"TRXUSDT","interval":"1h","verdict":"BUY","score":66,"price":0.319,"msg":"scanner"}
{"level":30,"time":1775396635169,"pid":17096,"hostname":"DESKTOP-KPAMGTB","module":"binance","symbol":"DOTUSDT","interval":"5m","verdict":"WAIT","score":41,"price":1.222,"msg":"scanner"}
{"level":30,"time":1775396635320,"pid":17096,"hostname":"DESKTOP-KPAMGTB","module":"binance","symbol":"LINKUSDT","interval":"5m","verdict":"WAIT","score":44,"price":8.51,"msg":"scanner"}
{"level":30,"time":1775396635391,"pid":17096,"hostname":"DESKTOP-KPAMGTB","module":"binance","symbol":"MATICUSDT","interval":"5m","verdict":"WAIT","score":59,"price":0.3794,"msg":"scanner"}
{"level":30,"time":1775396635507,"pid":17096,"hostname":"DESKTOP-KPAMGTB","module":"binance","symbol":"MATICUSDT","interval":"1h","verdict":"WAIT","score":47,"price":0.3794,"msg":"scanner"}
{"level":30,"time":1775396635687,"pid":17096,"hostname":"DESKTOP-KPAMGTB","module":"binance","symbol":"LTCUSDT","interval":"5m","verdict":"WAIT","score":63,"price":52.88,"msg":"scanner"}
{"level":30,"time":1775396635697,"pid":17096,"hostname":"DESKTOP-KPAMGTB","module":"binance","symbol":"LTCUSDT","interval":"1h","verdict":"WAIT","score":44,"price":52.88,"msg":"scanner"}
{"level":30,"time":1775396635807,"pid":17096,"hostname":"DESKTOP-KPAMGTB","module":"binance","symbol":"SHIBUSDT","interval":"5m","verdict":"WAIT","score":44,"price":0.00000583,"msg":"scanner"}
{"level":30,"time":1775396635820,"pid":17096,"hostname":"DESKTOP-KPAMGTB","module":"binance","symbol":"SHIBUSDT","interval":"1h","verdict":"WAIT","score":50,"price":0.00000583,"msg":"scanner"}
{"level":30,"time":1775396636033,"pid":17096,"hostname":"DESKTOP-KPAMGTB","module":"binance","symbol":"UNIUSDT","interval":"5m","verdict":"WAIT","score":59,"price":3.08,"msg":"scanner"}
{"level":30,"time":1775396636054,"pid":17096,"hostname":"DESKTOP-KPAMGTB","module":"binance","symbol":"UNIUSDT","interval":"1h","verdict":"WAIT","score":44,"price":3.08,"msg":"scanner"}
{"level":30,"time":1775396636253,"pid":17096,"hostname":"DESKTOP-KPAMGTB","module":"binance","symbol":"ATOMUSDT","interval":"1h","verdict":"WAIT","score":50,"price":1.683,"msg":"scanner"}
{"level":30,"time":1775396636410,"pid":17096,"hostname":"DESKTOP-KPAMGTB","module":"binance","symbol":"ETCUSDT","interval":"5m","verdict":"WAIT","score":41,"price":8.43,"msg":"scanner"}
{"level":30,"time":1775396636500,"pid":17096,"hostname":"DESKTOP-KPAMGTB","module":"binance","symbol":"ETCUSDT","interval":"1h","verdict":"WAIT","score":50,"price":8.43,"msg":"scanner"}
{"level":30,"time":1775396636588,"pid":17096,"hostname":"DESKTOP-KPAMGTB","module":"binance","symbol":"XLMUSDT","interval":"5m","verdict":"WAIT","score":44,"price":0.1582,"msg":"scanner"}
{"level":30,"time":1775396636645,"pid":17096,"hostname":"DESKTOP-KPAMGTB","module":"binance","symbol":"XLMUSDT","interval":"1h","verdict":"WAIT","score":47,"price":0.1582,"msg":"scanner"}
{"level":30,"time":1775396636716,"pid":17096,"hostname":"DESKTOP-KPAMGTB","module":"binance","symbol":"APTUSDT","interval":"5m","verdict":"WAIT","score":59,"price":0.834,"msg":"scanner"}
{"level":30,"time":1775396636836,"pid":17096,"hostname":"DESKTOP-KPAMGTB","module":"binance","symbol":"APTUSDT","interval":"1h","verdict":"WAIT","score":44,"price":0.834,"msg":"scanner"}
{"level":30,"time":1775396636936,"pid":17096,"hostname":"DESKTOP-KPAMGTB","module":"binance","symbol":"NEARUSDT","interval":"5m","verdict":"WAIT","score":38,"price":1.24,"msg":"scanner"}
{"level":30,"time":1775396636960,"pid":17096,"hostname":"DESKTOP-KPAMGTB","module":"binance","symbol":"NEARUSDT","interval":"1h","verdict":"WAIT","score":53,"price":1.24,"msg":"scanner"}
{"level":30,"time":1775396665277,"pid":17096,"hostname":"DESKTOP-KPAMGTB","module":"binance","symbol":"ATOMUSDT","interval":"5m","verdict":"WAIT","score":56,"price":1.683,"msg":"scanner"}
{"level":30,"time":1775396693549,"pid":17096,"hostname":"DESKTOP-KPAMGTB","module":"binance","symbol":"ETHUSDT","interval":"5m","verdict":"WAIT","score":47,"price":2029.93,"msg":"scanner"}
{"level":30,"time":1775396693563,"pid":17096,"hostname":"DESKTOP-KPAMGTB","module":"binance","symbol":"BTCUSDT","interval":"5m","verdict":"WAIT","score":50,"price":66831,"msg":"scanner"}
{"level":30,"time":1775396693757,"pid":17096,"hostname":"DESKTOP-KPAMGTB","module":"binance","symbol":"BNBUSDT","interval":"5m","verdict":"WAIT","score":53,"price":588.28,"msg":"scanner"}
{"level":30,"time":1775396693969,"pid":17096,"hostname":"DESKTOP-KPAMGTB","module":"binance","symbol":"SOLUSDT","interval":"5m","verdict":"WAIT","score":44,"price":78.88,"msg":"scanner"}
{"level":30,"time":1775396694042,"pid":17096,"hostname":"DESKTOP-KPAMGTB","module":"binance","symbol":"XRPUSDT","interval":"5m","verdict":"WAIT","score":56,"price":1.2879,"msg":"scanner"}
{"level":30,"time":1775396694179,"pid":17096,"hostname":"DESKTOP-KPAMGTB","module":"binance","symbol":"DOGEUSDT","interval":"5m","verdict":"WAIT","score":53,"price":0.09012,"msg":"scanner"}
{"level":30,"time":1775396694396,"pid":17096,"hostname":"DESKTOP-KPAMGTB","module":"binance","symbol":"ADAUSDT","interval":"5m","verdict":"WAIT","score":53,"price":0.2415,"msg":"scanner"}
{"level":30,"time":1775396694511,"pid":17096,"hostname":"DESKTOP-KPAMGTB","module":"binance","symbol":"AVAXUSDT","interval":"5m","verdict":"WAIT","score":50,"price":8.8,"msg":"scanner"}
{"level":30,"time":1775396694524,"pid":17096,"hostname":"DESKTOP-KPAMGTB","module":"binance","symbol":"AVAXUSDT","interval":"1h","verdict":"WAIT","score":50,"price":8.8,"msg":"scanner"}
{"level":30,"time":1775396694793,"pid":17096,"hostname":"DESKTOP-KPAMGTB","module":"binance","symbol":"TRXUSDT","interval":"5m","verdict":"WAIT","score":53,"price":0.3191,"msg":"scanner"}
{"level":30,"time":1775396694977,"pid":17096,"hostname":"DESKTOP-KPAMGTB","module":"binance","symbol":"DOTUSDT","interval":"5m","verdict":"WAIT","score":41,"price":1.222,"msg":"scanner"}
{"level":30,"time":1775396695069,"pid":17096,"hostname":"DESKTOP-KPAMGTB","module":"binance","symbol":"DOTUSDT","interval":"1h","verdict":"WAIT","score":47,"price":1.222,"msg":"scanner"}
{"level":30,"time":1775396695137,"pid":17096,"hostname":"DESKTOP-KPAMGTB","module":"binance","symbol":"LINKUSDT","interval":"5m","verdict":"WAIT","score":47,"price":8.52,"msg":"scanner"}
{"level":30,"time":1775396695306,"pid":17096,"hostname":"DESKTOP-KPAMGTB","module":"binance","symbol":"LINKUSDT","interval":"1h","verdict":"WAIT","score":50,"price":8.52,"msg":"scanner"}
{"level":30,"time":1775396695456,"pid":17096,"hostname":"DESKTOP-KPAMGTB","module":"binance","symbol":"MATICUSDT","interval":"5m","verdict":"WAIT","score":59,"price":0.3794,"msg":"scanner"}
{"level":30,"time":1775396695612,"pid":17096,"hostname":"DESKTOP-KPAMGTB","module":"binance","symbol":"LTCUSDT","interval":"5m","verdict":"WAIT","score":63,"price":52.9,"msg":"scanner"}
{"level":30,"time":1775396695788,"pid":17096,"hostname":"DESKTOP-KPAMGTB","module":"binance","symbol":"SHIBUSDT","interval":"5m","verdict":"WAIT","score":50,"price":0.00000582,"msg":"scanner"}
{"level":30,"time":1775396695918,"pid":17096,"hostname":"DESKTOP-KPAMGTB","module":"binance","symbol":"UNIUSDT","interval":"5m","verdict":"WAIT","score":53,"price":3.082,"msg":"scanner"}
{"level":30,"time":1775396696018,"pid":17096,"hostname":"DESKTOP-KPAMGTB","module":"binance","symbol":"ATOMUSDT","interval":"5m","verdict":"WAIT","score":56,"price":1.683,"msg":"scanner"}
{"level":30,"time":1775396696160,"pid":17096,"hostname":"DESKTOP-KPAMGTB","module":"binance","symbol":"ETCUSDT","interval":"5m","verdict":"WAIT","score":41,"price":8.43,"msg":"scanner"}
{"level":30,"time":1775396696265,"pid":17096,"hostname":"DESKTOP-KPAMGTB","module":"binance","symbol":"XLMUSDT","interval":"5m","verdict":"WAIT","score":50,"price":0.1583,"msg":"scanner"}
{"level":30,"time":1775396696465,"pid":17096,"hostname":"DESKTOP-KPAMGTB","module":"binance","symbol":"APTUSDT","interval":"5m","verdict":"WAIT","score":41,"price":0.833,"msg":"scanner"}
{"level":30,"time":1775396696632,"pid":17096,"hostname":"DESKTOP-KPAMGTB","module":"binance","symbol":"NEARUSDT","interval":"5m","verdict":"WAIT","score":38,"price":1.239,"msg":"scanner"}
{"level":30,"time":1775396753357,"pid":17096,"hostname":"DESKTOP-KPAMGTB","module":"binance","symbol":"BTCUSDT","interval":"5m","verdict":"WAIT","score":47,"price":66830.99,"msg":"scanner"}
{"level":30,"time":1775396753407,"pid":17096,"hostname":"DESKTOP-KPAMGTB","module":"binance","symbol":"ETHUSDT","interval":"5m","verdict":"WAIT","score":47,"price":2030.02,"msg":"scanner"}
{"level":30,"time":1775396753693,"pid":17096,"hostname":"DESKTOP-KPAMGTB","module":"binance","symbol":"BNBUSDT","interval":"5m","verdict":"WAIT","score":47,"price":588.45,"msg":"scanner"}
{"level":30,"time":1775396753761,"pid":17096,"hostname":"DESKTOP-KPAMGTB","module":"binance","symbol":"SOLUSDT","interval":"5m","verdict":"WAIT","score":50,"price":78.89,"msg":"scanner"}
{"level":30,"time":1775396753816,"pid":17096,"hostname":"DESKTOP-KPAMGTB","module":"binance","symbol":"XRPUSDT","interval":"5m","verdict":"WAIT","score":53,"price":1.2884,"msg":"scanner"}
{"level":30,"time":1775396754086,"pid":17096,"hostname":"DESKTOP-KPAMGTB","module":"binance","symbol":"DOGEUSDT","interval":"5m","verdict":"WAIT","score":47,"price":0.09012,"msg":"scanner"}
{"level":30,"time":1775396754124,"pid":17096,"hostname":"DESKTOP-KPAMGTB","module":"binance","symbol":"ADAUSDT","interval":"5m","verdict":"WAIT","score":53,"price":0.2414,"msg":"scanner"}
{"level":30,"time":1775396754535,"pid":17096,"hostname":"DESKTOP-KPAMGTB","module":"binance","symbol":"AVAXUSDT","interval":"5m","verdict":"WAIT","score":47,"price":8.8,"msg":"scanner"}
{"level":30,"time":1775396754646,"pid":17096,"hostname":"DESKTOP-KPAMGTB","module":"binance","symbol":"TRXUSDT","interval":"5m","verdict":"WAIT","score":56,"price":0.319,"msg":"scanner"}
{"level":30,"time":1775396754908,"pid":17096,"hostname":"DESKTOP-KPAMGTB","module":"binance","symbol":"DOTUSDT","interval":"5m","verdict":"WAIT","score":50,"price":1.221,"msg":"scanner"}
{"level":30,"time":1775396755141,"pid":17096,"hostname":"DESKTOP-KPAMGTB","module":"binance","symbol":"LINKUSDT","interval":"5m","verdict":"WAIT","score":47,"price":8.52,"msg":"scanner"}
{"level":30,"time":1775396755397,"pid":17096,"hostname":"DESKTOP-KPAMGTB","module":"binance","symbol":"MATICUSDT","interval":"5m","verdict":"WAIT","score":59,"price":0.3794,"msg":"scanner"}
{"level":30,"time":1775396755662,"pid":17096,"hostname":"DESKTOP-KPAMGTB","module":"binance","symbol":"LTCUSDT","interval":"5m","verdict":"WAIT","score":59,"price":52.9,"msg":"scanner"}
{"level":30,"time":1775396755905,"pid":17096,"hostname":"DESKTOP-KPAMGTB","module":"binance","symbol":"SHIBUSDT","interval":"5m","verdict":"WAIT","score":50,"price":0.00000583,"msg":"scanner"}
{"level":30,"time":1775396756426,"pid":17096,"hostname":"DESKTOP-KPAMGTB","module":"binance","symbol":"UNIUSDT","interval":"5m","verdict":"WAIT","score":53,"price":3.079,"msg":"scanner"}
{"level":30,"time":1775396756638,"pid":17096,"hostname":"DESKTOP-KPAMGTB","module":"binance","symbol":"ATOMUSDT","interval":"5m","verdict":"WAIT","score":50,"price":1.683,"msg":"scanner"}
{"level":30,"time":1775396756653,"pid":17096,"hostname":"DESKTOP-KPAMGTB","module":"binance","symbol":"ATOMUSDT","interval":"1h","verdict":"WAIT","score":50,"price":1.683,"msg":"scanner"}
{"level":30,"time":1775396756845,"pid":17096,"hostname":"DESKTOP-KPAMGTB","module":"binance","symbol":"ETCUSDT","interval":"5m","verdict":"WAIT","score":41,"price":8.43,"msg":"scanner"}
{"level":30,"time":1775396756860,"pid":17096,"hostname":"DESKTOP-KPAMGTB","module":"binance","symbol":"ETCUSDT","interval":"1h","verdict":"WAIT","score":50,"price":8.43,"msg":"scanner"}
{"level":30,"time":1775396756977,"pid":17096,"hostname":"DESKTOP-KPAMGTB","module":"binance","symbol":"XLMUSDT","interval":"5m","verdict":"WAIT","score":50,"price":0.1583,"msg":"scanner"}
{"level":30,"time":1775396756988,"pid":17096,"hostname":"DESKTOP-KPAMGTB","module":"binance","symbol":"XLMUSDT","interval":"1h","verdict":"WAIT","score":50,"price":0.1583,"msg":"scanner"}
{"level":30,"time":1775396757199,"pid":17096,"hostname":"DESKTOP-KPAMGTB","module":"binance","symbol":"APTUSDT","interval":"5m","verdict":"WAIT","score":59,"price":0.834,"msg":"scanner"}
{"level":30,"time":1775396757223,"pid":17096,"hostname":"DESKTOP-KPAMGTB","module":"binance","symbol":"APTUSDT","interval":"1h","verdict":"WAIT","score":44,"price":0.834,"msg":"scanner"}
{"level":30,"time":1775396757342,"pid":17096,"hostname":"DESKTOP-KPAMGTB","module":"binance","symbol":"NEARUSDT","interval":"5m","verdict":"AVOID","score":31,"price":1.239,"msg":"scanner"}
{"level":30,"time":1775396757387,"pid":17096,"hostname":"DESKTOP-KPAMGTB","module":"binance","symbol":"NEARUSDT","interval":"1h","verdict":"WAIT","score":44,"price":1.239,"msg":"scanner"}
{"level":30,"time":1775396783242,"pid":17096,"hostname":"DESKTOP-KPAMGTB","module":"binance","symbol":"BTCUSDT","interval":"1h","verdict":"AVOID","score":31,"price":66831.99,"msg":"scanner"}
{"level":30,"time":1775396783553,"pid":17096,"hostname":"DESKTOP-KPAMGTB","module":"binance","symbol":"BNBUSDT","interval":"1h","verdict":"AVOID","score":31,"price":588.45,"msg":"scanner"}
{"level":30,"time":1775396783563,"pid":17096,"hostname":"DESKTOP-KPAMGTB","module":"binance","symbol":"ETHUSDT","interval":"1h","verdict":"AVOID","score":34,"price":2030.19,"msg":"scanner"}
{"level":30,"time":1775396783656,"pid":17096,"hostname":"DESKTOP-KPAMGTB","module":"binance","symbol":"SOLUSDT","interval":"1h","verdict":"WAIT","score":38,"price":78.88,"msg":"scanner"}
{"level":30,"time":1775396783746,"pid":17096,"hostname":"DESKTOP-KPAMGTB","module":"binance","symbol":"XRPUSDT","interval":"1h","verdict":"WAIT","score":50,"price":1.2885,"msg":"scanner"}
{"level":30,"time":1775396783965,"pid":17096,"hostname":"DESKTOP-KPAMGTB","module":"binance","symbol":"DOGEUSDT","interval":"1h","verdict":"WAIT","score":44,"price":0.09011,"msg":"scanner"}
{"level":30,"time":1775396784202,"pid":17096,"hostname":"DESKTOP-KPAMGTB","module":"binance","symbol":"ADAUSDT","interval":"1h","verdict":"WAIT","score":47,"price":0.2415,"msg":"scanner"}
{"level":30,"time":1775396784675,"pid":17096,"hostname":"DESKTOP-KPAMGTB","module":"binance","symbol":"TRXUSDT","interval":"1h","verdict":"BUY","score":66,"price":0.3191,"msg":"scanner"}
{"level":30,"time":1775396784984,"pid":17096,"hostname":"DESKTOP-KPAMGTB","module":"binance","symbol":"MATICUSDT","interval":"1h","verdict":"WAIT","score":47,"price":0.3794,"msg":"scanner"}
{"level":30,"time":1775396785156,"pid":17096,"hostname":"DESKTOP-KPAMGTB","module":"binance","symbol":"LTCUSDT","interval":"1h","verdict":"WAIT","score":44,"price":52.88,"msg":"scanner"}
{"level":30,"time":1775396785386,"pid":17096,"hostname":"DESKTOP-KPAMGTB","module":"binance","symbol":"SHIBUSDT","interval":"1h","verdict":"WAIT","score":50,"price":0.00000583,"msg":"scanner"}
{"level":30,"time":1775396785605,"pid":17096,"hostname":"DESKTOP-KPAMGTB","module":"binance","symbol":"UNIUSDT","interval":"1h","verdict":"WAIT","score":44,"price":3.079,"msg":"scanner"}
{"level":30,"time":1775396813495,"pid":17096,"hostname":"DESKTOP-KPAMGTB","module":"binance","symbol":"BTCUSDT","interval":"5m","verdict":"WAIT","score":47,"price":66869,"msg":"scanner"}
{"level":30,"time":1775396813663,"pid":17096,"hostname":"DESKTOP-KPAMGTB","module":"binance","symbol":"ETHUSDT","interval":"5m","verdict":"WAIT","score":50,"price":2032,"msg":"scanner"}
{"level":30,"time":1775396813734,"pid":17096,"hostname":"DESKTOP-KPAMGTB","module":"binance","symbol":"BNBUSDT","interval":"5m","verdict":"WAIT","score":47,"price":588.69,"msg":"scanner"}
{"level":30,"time":1775396813860,"pid":17096,"hostname":"DESKTOP-KPAMGTB","module":"binance","symbol":"SOLUSDT","interval":"5m","verdict":"WAIT","score":50,"price":78.96,"msg":"scanner"}
{"level":30,"time":1775396814017,"pid":17096,"hostname":"DESKTOP-KPAMGTB","module":"binance","symbol":"XRPUSDT","interval":"5m","verdict":"WAIT","score":53,"price":1.2893,"msg":"scanner"}
{"level":30,"time":1775396814099,"pid":17096,"hostname":"DESKTOP-KPAMGTB","module":"binance","symbol":"DOGEUSDT","interval":"5m","verdict":"WAIT","score":47,"price":0.09017,"msg":"scanner"}
{"level":30,"time":1775396814245,"pid":17096,"hostname":"DESKTOP-KPAMGTB","module":"binance","symbol":"ADAUSDT","interval":"5m","verdict":"WAIT","score":56,"price":0.2418,"msg":"scanner"}
{"level":30,"time":1775396814452,"pid":17096,"hostname":"DESKTOP-KPAMGTB","module":"binance","symbol":"AVAXUSDT","interval":"5m","verdict":"WAIT","score":47,"price":8.8,"msg":"scanner"}
{"level":30,"time":1775396814596,"pid":17096,"hostname":"DESKTOP-KPAMGTB","module":"binance","symbol":"TRXUSDT","interval":"5m","verdict":"WAIT","score":56,"price":0.3191,"msg":"scanner"}
{"level":30,"time":1775396814913,"pid":17096,"hostname":"DESKTOP-KPAMGTB","module":"binance","symbol":"DOTUSDT","interval":"5m","verdict":"WAIT","score":50,"price":1.222,"msg":"scanner"}
{"level":30,"time":1775396815152,"pid":17096,"hostname":"DESKTOP-KPAMGTB","module":"binance","symbol":"LINKUSDT","interval":"5m","verdict":"WAIT","score":47,"price":8.52,"msg":"scanner"}
{"level":30,"time":1775396815294,"pid":17096,"hostname":"DESKTOP-KPAMGTB","module":"binance","symbol":"MATICUSDT","interval":"5m","verdict":"WAIT","score":59,"price":0.3794,"msg":"scanner"}
{"level":30,"time":1775396815321,"pid":17096,"hostname":"DESKTOP-KPAMGTB","module":"binance","symbol":"LTCUSDT","interval":"5m","verdict":"WAIT","score":59,"price":52.9,"msg":"scanner"}
{"level":30,"time":1775396815500,"pid":17096,"hostname":"DESKTOP-KPAMGTB","module":"binance","symbol":"SHIBUSDT","interval":"5m","verdict":"WAIT","score":50,"price":0.00000583,"msg":"scanner"}
{"level":30,"time":1775396815711,"pid":17096,"hostname":"DESKTOP-KPAMGTB","module":"binance","symbol":"UNIUSDT","interval":"5m","verdict":"WAIT","score":53,"price":3.081,"msg":"scanner"}
{"level":30,"time":1775396815958,"pid":17096,"hostname":"DESKTOP-KPAMGTB","module":"binance","symbol":"ATOMUSDT","interval":"5m","verdict":"WAIT","score":50,"price":1.683,"msg":"scanner"}
{"level":30,"time":1775396816064,"pid":17096,"hostname":"DESKTOP-KPAMGTB","module":"binance","symbol":"ETCUSDT","interval":"5m","verdict":"WAIT","score":38,"price":8.44,"msg":"scanner"}
{"level":30,"time":1775396816352,"pid":17096,"hostname":"DESKTOP-KPAMGTB","module":"binance","symbol":"XLMUSDT","interval":"5m","verdict":"WAIT","score":56,"price":0.1583,"msg":"scanner"}
{"level":30,"time":1775396816422,"pid":17096,"hostname":"DESKTOP-KPAMGTB","module":"binance","symbol":"APTUSDT","interval":"5m","verdict":"WAIT","score":59,"price":0.835,"msg":"scanner"}
{"level":30,"time":1775396816769,"pid":17096,"hostname":"DESKTOP-KPAMGTB","module":"binance","symbol":"NEARUSDT","interval":"5m","verdict":"WAIT","score":41,"price":1.241,"msg":"scanner"}
{"level":30,"time":1775396843317,"pid":17096,"hostname":"DESKTOP-KPAMGTB","module":"binance","symbol":"BTCUSDT","interval":"4h","verdict":"AVOID","score":34,"price":66864.35,"msg":"scanner"}
{"level":30,"time":1775396843572,"pid":17096,"hostname":"DESKTOP-KPAMGTB","module":"binance","symbol":"ETHUSDT","interval":"4h","verdict":"WAIT","score":38,"price":2031.99,"msg":"scanner"}
{"level":30,"time":1775396843614,"pid":17096,"hostname":"DESKTOP-KPAMGTB","module":"binance","symbol":"BNBUSDT","interval":"4h","verdict":"WAIT","score":41,"price":588.69,"msg":"scanner"}
{"level":30,"time":1775396843768,"pid":17096,"hostname":"DESKTOP-KPAMGTB","module":"binance","symbol":"SOLUSDT","interval":"4h","verdict":"AVOID","score":34,"price":78.94,"msg":"scanner"}
{"level":30,"time":1775396843853,"pid":17096,"hostname":"DESKTOP-KPAMGTB","module":"binance","symbol":"XRPUSDT","interval":"4h","verdict":"WAIT","score":38,"price":1.2896,"msg":"scanner"}
{"level":30,"time":1775396844330,"pid":17096,"hostname":"DESKTOP-KPAMGTB","module":"binance","symbol":"AVAXUSDT","interval":"1h","verdict":"WAIT","score":50,"price":8.8,"msg":"scanner"}
{"level":30,"time":1775396844717,"pid":17096,"hostname":"DESKTOP-KPAMGTB","module":"binance","symbol":"DOTUSDT","interval":"1h","verdict":"WAIT","score":47,"price":1.222,"msg":"scanner"}
{"level":30,"time":1775396844851,"pid":17096,"hostname":"DESKTOP-KPAMGTB","module":"binance","symbol":"LINKUSDT","interval":"1h","verdict":"WAIT","score":50,"price":8.53,"msg":"scanner"}
{"level":30,"time":1775396873472,"pid":17096,"hostname":"DESKTOP-KPAMGTB","module":"binance","symbol":"ETHUSDT","interval":"5m","verdict":"WAIT","score":50,"price":2032,"msg":"scanner"}
{"level":30,"time":1775396873521,"pid":17096,"hostname":"DESKTOP-KPAMGTB","module":"binance","symbol":"BTCUSDT","interval":"5m","verdict":"WAIT","score":47,"price":66864.34,"msg":"scanner"}
{"level":30,"time":1775396874437,"pid":17096,"hostname":"DESKTOP-KPAMGTB","module":"binance","symbol":"SOLUSDT","interval":"5m","verdict":"WAIT","score":50,"price":78.95,"msg":"scanner"}
{"level":30,"time":1775396874446,"pid":17096,"hostname":"DESKTOP-KPAMGTB","module":"binance","symbol":"BNBUSDT","interval":"5m","verdict":"WAIT","score":47,"price":588.51,"msg":"scanner"}
{"level":30,"time":1775396874741,"pid":17096,"hostname":"DESKTOP-KPAMGTB","module":"binance","symbol":"XRPUSDT","interval":"5m","verdict":"WAIT","score":53,"price":1.2897,"msg":"scanner"}
{"level":30,"time":1775396874809,"pid":17096,"hostname":"DESKTOP-KPAMGTB","module":"binance","symbol":"DOGEUSDT","interval":"5m","verdict":"WAIT","score":44,"price":0.09021,"msg":"scanner"}
{"level":30,"time":1775396874984,"pid":17096,"hostname":"DESKTOP-KPAMGTB","module":"binance","symbol":"ADAUSDT","interval":"5m","verdict":"WAIT","score":53,"price":0.2419,"msg":"scanner"}
{"level":30,"time":1775396875041,"pid":17096,"hostname":"DESKTOP-KPAMGTB","module":"binance","symbol":"ADAUSDT","interval":"4h","verdict":"AVOID","score":31,"price":0.2419,"msg":"scanner"}
{"level":30,"time":1775396875058,"pid":17096,"hostname":"DESKTOP-KPAMGTB","module":"binance","symbol":"AVAXUSDT","interval":"5m","verdict":"WAIT","score":47,"price":8.8,"msg":"scanner"}
{"level":30,"time":1775396875416,"pid":17096,"hostname":"DESKTOP-KPAMGTB","module":"binance","symbol":"TRXUSDT","interval":"5m","verdict":"WAIT","score":56,"price":0.3191,"msg":"scanner"}
{"level":30,"time":1775396875437,"pid":17096,"hostname":"DESKTOP-KPAMGTB","module":"binance","symbol":"AVAXUSDT","interval":"4h","verdict":"AVOID","score":31,"price":8.8,"msg":"scanner"}
{"level":30,"time":1775396875457,"pid":17096,"hostname":"DESKTOP-KPAMGTB","module":"binance","symbol":"TRXUSDT","interval":"4h","verdict":"WAIT","score":56,"price":0.3191,"msg":"scanner"}
{"level":30,"time":1775396875554,"pid":17096,"hostname":"DESKTOP-KPAMGTB","module":"binance","symbol":"DOTUSDT","interval":"5m","verdict":"WAIT","score":50,"price":1.222,"msg":"scanner"}
{"level":30,"time":1775396875825,"pid":17096,"hostname":"DESKTOP-KPAMGTB","module":"binance","symbol":"LINKUSDT","interval":"5m","verdict":"WAIT","score":41,"price":8.51,"msg":"scanner"}
{"level":30,"time":1775396875846,"pid":17096,"hostname":"DESKTOP-KPAMGTB","module":"binance","symbol":"DOTUSDT","interval":"4h","verdict":"AVOID","score":34,"price":1.222,"msg":"scanner"}
{"level":30,"time":1775396875928,"pid":17096,"hostname":"DESKTOP-KPAMGTB","module":"binance","symbol":"LINKUSDT","interval":"4h","verdict":"AVOID","score":34,"price":8.51,"msg":"scanner"}
{"level":30,"time":1775396875955,"pid":17096,"hostname":"DESKTOP-KPAMGTB","module":"binance","symbol":"MATICUSDT","interval":"5m","verdict":"WAIT","score":59,"price":0.3794,"msg":"scanner"}
{"level":30,"time":1775396876149,"pid":17096,"hostname":"DESKTOP-KPAMGTB","module":"binance","symbol":"MATICUSDT","interval":"4h","verdict":"WAIT","score":41,"price":0.3794,"msg":"scanner"}
{"level":30,"time":1775396876162,"pid":17096,"hostname":"DESKTOP-KPAMGTB","module":"binance","symbol":"LTCUSDT","interval":"5m","verdict":"WAIT","score":59,"price":52.9,"msg":"scanner"}
{"level":30,"time":1775396876358,"pid":17096,"hostname":"DESKTOP-KPAMGTB","module":"binance","symbol":"LTCUSDT","interval":"4h","verdict":"WAIT","score":44,"price":52.9,"msg":"scanner"}
{"level":30,"time":1775396876365,"pid":17096,"hostname":"DESKTOP-KPAMGTB","module":"binance","symbol":"SHIBUSDT","interval":"5m","verdict":"WAIT","score":59,"price":0.00000583,"msg":"scanner"}
{"level":30,"time":1775396876532,"pid":17096,"hostname":"DESKTOP-KPAMGTB","module":"binance","symbol":"UNIUSDT","interval":"5m","verdict":"WAIT","score":53,"price":3.082,"msg":"scanner"}
{"level":30,"time":1775396876744,"pid":17096,"hostname":"DESKTOP-KPAMGTB","module":"binance","symbol":"UNIUSDT","interval":"4h","verdict":"WAIT","score":59,"price":3.082,"msg":"scanner"}
{"level":30,"time":1775396876759,"pid":17096,"hostname":"DESKTOP-KPAMGTB","module":"binance","symbol":"ATOMUSDT","interval":"5m","verdict":"WAIT","score":50,"price":1.684,"msg":"scanner"}
{"level":30,"time":1775396876896,"pid":17096,"hostname":"DESKTOP-KPAMGTB","module":"binance","symbol":"ATOMUSDT","interval":"4h","verdict":"WAIT","score":41,"price":1.684,"msg":"scanner"}
{"level":30,"time":1775396876941,"pid":17096,"hostname":"DESKTOP-KPAMGTB","module":"binance","symbol":"ETCUSDT","interval":"5m","verdict":"WAIT","score":38,"price":8.44,"msg":"scanner"}
{"level":30,"time":1775396877111,"pid":17096,"hostname":"DESKTOP-KPAMGTB","module":"binance","symbol":"ETCUSDT","interval":"4h","verdict":"WAIT","score":56,"price":8.44,"msg":"scanner"}
{"level":30,"time":1775396877128,"pid":17096,"hostname":"DESKTOP-KPAMGTB","module":"binance","symbol":"XLMUSDT","interval":"5m","verdict":"WAIT","score":56,"price":0.1583,"msg":"scanner"}
{"level":30,"time":1775396877262,"pid":17096,"hostname":"DESKTOP-KPAMGTB","module":"binance","symbol":"APTUSDT","interval":"5m","verdict":"WAIT","score":59,"price":0.835,"msg":"scanner"}
{"level":30,"time":1775396877449,"pid":17096,"hostname":"DESKTOP-KPAMGTB","module":"binance","symbol":"NEARUSDT","interval":"5m","verdict":"WAIT","score":47,"price":1.242,"msg":"scanner"}
{"level":30,"time":1775396903610,"pid":17096,"hostname":"DESKTOP-KPAMGTB","module":"binance","symbol":"BTCUSDT","interval":"1h","verdict":"WAIT","score":38,"price":66858.56,"msg":"scanner"}
{"level":30,"time":1775396903859,"pid":17096,"hostname":"DESKTOP-KPAMGTB","module":"binance","symbol":"BNBUSDT","interval":"1h","verdict":"AVOID","score":31,"price":588.45,"msg":"scanner"}
{"level":30,"time":1775396904025,"pid":17096,"hostname":"DESKTOP-KPAMGTB","module":"binance","symbol":"SOLUSDT","interval":"1h","verdict":"WAIT","score":38,"price":78.89,"msg":"scanner"}
{"level":30,"time":1775396904076,"pid":17096,"hostname":"DESKTOP-KPAMGTB","module":"binance","symbol":"XRPUSDT","interval":"1h","verdict":"WAIT","score":50,"price":1.2901,"msg":"scanner"}
{"level":30,"time":1775396904225,"pid":17096,"hostname":"DESKTOP-KPAMGTB","module":"binance","symbol":"DOGEUSDT","interval":"4h","verdict":"AVOID","score":34,"price":0.09019,"msg":"scanner"}
{"level":30,"time":1775396905607,"pid":17096,"hostname":"DESKTOP-KPAMGTB","module":"binance","symbol":"ATOMUSDT","interval":"1h","verdict":"WAIT","score":50,"price":1.683,"msg":"scanner"}
{"level":30,"time":1775396905679,"pid":17096,"hostname":"DESKTOP-KPAMGTB","module":"binance","symbol":"ETCUSDT","interval":"1h","verdict":"WAIT","score":50,"price":8.44,"msg":"scanner"}
{"level":30,"time":1775396905969,"pid":17096,"hostname":"DESKTOP-KPAMGTB","module":"binance","symbol":"XLMUSDT","interval":"1h","verdict":"WAIT","score":47,"price":0.1584,"msg":"scanner"}
{"level":30,"time":1775396905985,"pid":17096,"hostname":"DESKTOP-KPAMGTB","module":"binance","symbol":"APTUSDT","interval":"1h","verdict":"WAIT","score":41,"price":0.835,"msg":"scanner"}
{"level":30,"time":1775396906168,"pid":17096,"hostname":"DESKTOP-KPAMGTB","module":"binance","symbol":"NEARUSDT","interval":"1h","verdict":"WAIT","score":56,"price":1.244,"msg":"scanner"}
{"level":30,"time":1775396933563,"pid":17096,"hostname":"DESKTOP-KPAMGTB","module":"binance","symbol":"BTCUSDT","interval":"5m","verdict":"WAIT","score":47,"price":66869.03,"msg":"scanner"}
{"level":30,"time":1775396933613,"pid":17096,"hostname":"DESKTOP-KPAMGTB","module":"binance","symbol":"ETHUSDT","interval":"5m","verdict":"WAIT","score":50,"price":2032.37,"msg":"scanner"}
{"level":30,"time":1775396933787,"pid":17096,"hostname":"DESKTOP-KPAMGTB","module":"binance","symbol":"ETHUSDT","interval":"1h","verdict":"WAIT","score":41,"price":2032.37,"msg":"scanner"}
{"level":30,"time":1775396933906,"pid":17096,"hostname":"DESKTOP-KPAMGTB","module":"binance","symbol":"BNBUSDT","interval":"5m","verdict":"WAIT","score":47,"price":588.45,"msg":"scanner"}
{"level":30,"time":1775396933988,"pid":17096,"hostname":"DESKTOP-KPAMGTB","module":"binance","symbol":"SOLUSDT","interval":"5m","verdict":"WAIT","score":50,"price":78.9,"msg":"scanner"}
{"level":30,"time":1775396934123,"pid":17096,"hostname":"DESKTOP-KPAMGTB","module":"binance","symbol":"XRPUSDT","interval":"5m","verdict":"WAIT","score":53,"price":1.29,"msg":"scanner"}
{"level":30,"time":1775396934327,"pid":17096,"hostname":"DESKTOP-KPAMGTB","module":"binance","symbol":"DOGEUSDT","interval":"5m","verdict":"WAIT","score":44,"price":0.09019,"msg":"scanner"}
{"level":30,"time":1775396934348,"pid":17096,"hostname":"DESKTOP-KPAMGTB","module":"binance","symbol":"DOGEUSDT","interval":"1h","verdict":"WAIT","score":47,"price":0.09019,"msg":"scanner"}
{"level":30,"time":1775396934719,"pid":17096,"hostname":"DESKTOP-KPAMGTB","module":"binance","symbol":"AVAXUSDT","interval":"5m","verdict":"WAIT","score":53,"price":8.81,"msg":"scanner"}
{"level":30,"time":1775396934840,"pid":17096,"hostname":"DESKTOP-KPAMGTB","module":"binance","symbol":"ADAUSDT","interval":"5m","verdict":"WAIT","score":56,"price":0.2418,"msg":"scanner"}
{"level":30,"time":1775396934850,"pid":17096,"hostname":"DESKTOP-KPAMGTB","module":"binance","symbol":"ADAUSDT","interval":"1h","verdict":"WAIT","score":47,"price":0.2418,"msg":"scanner"}
{"level":30,"time":1775396934951,"pid":17096,"hostname":"DESKTOP-KPAMGTB","module":"binance","symbol":"TRXUSDT","interval":"5m","verdict":"WAIT","score":59,"price":0.3193,"msg":"scanner"}
{"level":30,"time":1775396935099,"pid":17096,"hostname":"DESKTOP-KPAMGTB","module":"binance","symbol":"TRXUSDT","interval":"1h","verdict":"BUY","score":66,"price":0.3193,"msg":"scanner"}
{"level":30,"time":1775396935234,"pid":17096,"hostname":"DESKTOP-KPAMGTB","module":"binance","symbol":"DOTUSDT","interval":"5m","verdict":"WAIT","score":50,"price":1.222,"msg":"scanner"}
{"level":30,"time":1775396935454,"pid":17096,"hostname":"DESKTOP-KPAMGTB","module":"binance","symbol":"LINKUSDT","interval":"5m","verdict":"WAIT","score":47,"price":8.52,"msg":"scanner"}
{"level":30,"time":1775396935779,"pid":17096,"hostname":"DESKTOP-KPAMGTB","module":"binance","symbol":"MATICUSDT","interval":"1h","verdict":"WAIT","score":47,"price":0.3794,"msg":"scanner"}
{"level":30,"time":1775396935805,"pid":17096,"hostname":"DESKTOP-KPAMGTB","module":"binance","symbol":"MATICUSDT","interval":"5m","verdict":"WAIT","score":59,"price":0.3794,"msg":"scanner"}
{"level":30,"time":1775396935841,"pid":17096,"hostname":"DESKTOP-KPAMGTB","module":"binance","symbol":"LTCUSDT","interval":"5m","verdict":"WAIT","score":63,"price":52.93,"msg":"scanner"}
{"level":30,"time":1775396935879,"pid":17096,"hostname":"DESKTOP-KPAMGTB","module":"binance","symbol":"LTCUSDT","interval":"1h","verdict":"WAIT","score":44,"price":52.93,"msg":"scanner"}
{"level":30,"time":1775396936148,"pid":17096,"hostname":"DESKTOP-KPAMGTB","module":"binance","symbol":"SHIBUSDT","interval":"5m","verdict":"WAIT","score":59,"price":0.00000583,"msg":"scanner"}
{"level":30,"time":1775396936177,"pid":17096,"hostname":"DESKTOP-KPAMGTB","module":"binance","symbol":"SHIBUSDT","interval":"1h","verdict":"WAIT","score":50,"price":0.00000583,"msg":"scanner"}
{"level":30,"time":1775396936197,"pid":17096,"hostname":"DESKTOP-KPAMGTB","module":"binance","symbol":"SHIBUSDT","interval":"4h","verdict":"WAIT","score":41,"price":0.00000583,"msg":"scanner"}
{"level":30,"time":1775396936321,"pid":17096,"hostname":"DESKTOP-KPAMGTB","module":"binance","symbol":"UNIUSDT","interval":"5m","verdict":"WAIT","score":53,"price":3.082,"msg":"scanner"}
{"level":30,"time":1775396936881,"pid":17096,"hostname":"DESKTOP-KPAMGTB","module":"binance","symbol":"UNIUSDT","interval":"1h","verdict":"WAIT","score":44,"price":3.082,"msg":"scanner"}
{"level":30,"time":1775396937242,"pid":17096,"hostname":"DESKTOP-KPAMGTB","module":"binance","symbol":"ATOMUSDT","interval":"5m","verdict":"WAIT","score":44,"price":1.678,"msg":"scanner"}
{"level":30,"time":1775396937689,"pid":17096,"hostname":"DESKTOP-KPAMGTB","module":"binance","symbol":"ETCUSDT","interval":"5m","verdict":"WAIT","score":38,"price":8.45,"msg":"scanner"}
{"level":30,"time":1775396937768,"pid":17096,"hostname":"DESKTOP-KPAMGTB","module":"binance","symbol":"XLMUSDT","interval":"5m","verdict":"WAIT","score":59,"price":0.1584,"msg":"scanner"}
{"level":30,"time":1775396937865,"pid":17096,"hostname":"DESKTOP-KPAMGTB","module":"binance","symbol":"XLMUSDT","interval":"4h","verdict":"AVOID","score":34,"price":0.1584,"msg":"scanner"}
{"level":30,"time":1775396937971,"pid":17096,"hostname":"DESKTOP-KPAMGTB","module":"binance","symbol":"APTUSDT","interval":"5m","verdict":"WAIT","score":59,"price":0.835,"msg":"scanner"}
{"level":30,"time":1775396938090,"pid":17096,"hostname":"DESKTOP-KPAMGTB","module":"binance","symbol":"APTUSDT","interval":"4h","verdict":"WAIT","score":47,"price":0.835,"msg":"scanner"}
{"level":30,"time":1775396938111,"pid":17096,"hostname":"DESKTOP-KPAMGTB","module":"binance","symbol":"NEARUSDT","interval":"5m","verdict":"WAIT","score":47,"price":1.242,"msg":"scanner"}
{"level":30,"time":1775396938198,"pid":17096,"hostname":"DESKTOP-KPAMGTB","module":"binance","symbol":"NEARUSDT","interval":"4h","verdict":"WAIT","score":59,"price":1.242,"msg":"scanner"}
{"level":30,"time":1775396993556,"pid":17096,"hostname":"DESKTOP-KPAMGTB","module":"binance","symbol":"BTCUSDT","interval":"5m","verdict":"WAIT","score":47,"price":66854.99,"msg":"scanner"}
{"level":30,"time":1775396993636,"pid":17096,"hostname":"DESKTOP-KPAMGTB","module":"binance","symbol":"ETHUSDT","interval":"5m","verdict":"WAIT","score":50,"price":2032.23,"msg":"scanner"}
{"level":30,"time":1775396994285,"pid":17096,"hostname":"DESKTOP-KPAMGTB","module":"binance","symbol":"BNBUSDT","interval":"5m","verdict":"WAIT","score":47,"price":588.44,"msg":"scanner"}
{"level":30,"time":1775396994486,"pid":17096,"hostname":"DESKTOP-KPAMGTB","module":"binance","symbol":"SOLUSDT","interval":"5m","verdict":"WAIT","score":50,"price":78.93,"msg":"scanner"}
{"level":30,"time":1775396994644,"pid":17096,"hostname":"DESKTOP-KPAMGTB","module":"binance","symbol":"XRPUSDT","interval":"5m","verdict":"WAIT","score":53,"price":1.2904,"msg":"scanner"}
{"level":30,"time":1775396994798,"pid":17096,"hostname":"DESKTOP-KPAMGTB","module":"binance","symbol":"DOGEUSDT","interval":"5m","verdict":"WAIT","score":44,"price":0.0902,"msg":"scanner"}
{"level":30,"time":1775396995055,"pid":17096,"hostname":"DESKTOP-KPAMGTB","module":"binance","symbol":"ADAUSDT","interval":"5m","verdict":"WAIT","score":56,"price":0.2418,"msg":"scanner"}
{"level":30,"time":1775396995189,"pid":17096,"hostname":"DESKTOP-KPAMGTB","module":"binance","symbol":"AVAXUSDT","interval":"5m","verdict":"WAIT","score":53,"price":8.81,"msg":"scanner"}
{"level":30,"time":1775396995239,"pid":17096,"hostname":"DESKTOP-KPAMGTB","module":"binance","symbol":"AVAXUSDT","interval":"1h","verdict":"WAIT","score":47,"price":8.81,"msg":"scanner"}
{"level":30,"time":1775396995538,"pid":17096,"hostname":"DESKTOP-KPAMGTB","module":"binance","symbol":"DOTUSDT","interval":"5m","verdict":"WAIT","score":56,"price":1.223,"msg":"scanner"}
{"level":30,"time":1775396995641,"pid":17096,"hostname":"DESKTOP-KPAMGTB","module":"binance","symbol":"DOTUSDT","interval":"1h","verdict":"WAIT","score":47,"price":1.223,"msg":"scanner"}
{"level":30,"time":1775396995649,"pid":17096,"hostname":"DESKTOP-KPAMGTB","module":"binance","symbol":"TRXUSDT","interval":"5m","verdict":"WAIT","score":59,"price":0.3193,"msg":"scanner"}
{"level":30,"time":1775396995874,"pid":17096,"hostname":"DESKTOP-KPAMGTB","module":"binance","symbol":"LINKUSDT","interval":"5m","verdict":"WAIT","score":47,"price":8.52,"msg":"scanner"}
{"level":30,"time":1775396995980,"pid":17096,"hostname":"DESKTOP-KPAMGTB","module":"binance","symbol":"LINKUSDT","interval":"1h","verdict":"WAIT","score":50,"price":8.52,"msg":"scanner"}
{"level":30,"time":1775396996077,"pid":17096,"hostname":"DESKTOP-KPAMGTB","module":"binance","symbol":"MATICUSDT","interval":"5m","verdict":"WAIT","score":59,"price":0.3794,"msg":"scanner"}
{"level":30,"time":1775396996125,"pid":17096,"hostname":"DESKTOP-KPAMGTB","module":"binance","symbol":"LTCUSDT","interval":"5m","verdict":"WAIT","score":56,"price":52.9,"msg":"scanner"}
{"level":30,"time":1775396996298,"pid":17096,"hostname":"DESKTOP-KPAMGTB","module":"binance","symbol":"SHIBUSDT","interval":"5m","verdict":"WAIT","score":56,"price":0.00000584,"msg":"scanner"}
{"level":30,"time":1775396996498,"pid":17096,"hostname":"DESKTOP-KPAMGTB","module":"binance","symbol":"UNIUSDT","interval":"5m","verdict":"WAIT","score":53,"price":3.082,"msg":"scanner"}
{"level":30,"time":1775396996641,"pid":17096,"hostname":"DESKTOP-KPAMGTB","module":"binance","symbol":"ATOMUSDT","interval":"5m","verdict":"WAIT","score":44,"price":1.678,"msg":"scanner"}
{"level":30,"time":1775396996957,"pid":17096,"hostname":"DESKTOP-KPAMGTB","module":"binance","symbol":"ETCUSDT","interval":"5m","verdict":"WAIT","score":38,"price":8.44,"msg":"scanner"}
{"level":30,"time":1775396997047,"pid":17096,"hostname":"DESKTOP-KPAMGTB","module":"binance","symbol":"XLMUSDT","interval":"5m","verdict":"WAIT","score":59,"price":0.1584,"msg":"scanner"}
{"level":30,"time":1775396997233,"pid":17096,"hostname":"DESKTOP-KPAMGTB","module":"binance","symbol":"APTUSDT","interval":"5m","verdict":"WAIT","score":59,"price":0.834,"msg":"scanner"}
{"level":30,"time":1775396997356,"pid":17096,"hostname":"DESKTOP-KPAMGTB","module":"binance","symbol":"NEARUSDT","interval":"5m","verdict":"WAIT","score":47,"price":1.242,"msg":"scanner"}
{"level":30,"time":1775397053472,"pid":17096,"hostname":"DESKTOP-KPAMGTB","module":"binance","symbol":"BTCUSDT","interval":"5m","verdict":"WAIT","score":41,"price":66918.03,"msg":"scanner"}
{"level":30,"time":1775397053482,"pid":17096,"hostname":"DESKTOP-KPAMGTB","module":"binance","symbol":"BTCUSDT","interval":"1h","verdict":"AVOID","score":34,"price":66918.03,"msg":"scanner"}
{"level":30,"time":1775397053493,"pid":17096,"hostname":"DESKTOP-KPAMGTB","module":"binance","symbol":"ETHUSDT","interval":"5m","verdict":"WAIT","score":53,"price":2035.58,"msg":"scanner"}
{"level":30,"time":1775397053843,"pid":17096,"hostname":"DESKTOP-KPAMGTB","module":"binance","symbol":"BNBUSDT","interval":"5m","verdict":"WAIT","score":53,"price":589.1,"msg":"scanner"}
{"level":30,"time":1775397054069,"pid":17096,"hostname":"DESKTOP-KPAMGTB","module":"binance","symbol":"SOLUSDT","interval":"5m","verdict":"WAIT","score":53,"price":79.03,"msg":"scanner"}
{"level":30,"time":1775397054315,"pid":17096,"hostname":"DESKTOP-KPAMGTB","module":"binance","symbol":"SOLUSDT","interval":"1h","verdict":"WAIT","score":41,"price":79.03,"msg":"scanner"}
{"level":30,"time":1775397054340,"pid":17096,"hostname":"DESKTOP-KPAMGTB","module":"binance","symbol":"BNBUSDT","interval":"1h","verdict":"AVOID","score":28,"price":589.09,"msg":"scanner"}
{"level":30,"time":1775397054637,"pid":17096,"hostname":"DESKTOP-KPAMGTB","module":"binance","symbol":"XRPUSDT","interval":"5m","verdict":"WAIT","score":47,"price":1.2915,"msg":"scanner"}
{"level":30,"time":1775397054655,"pid":17096,"hostname":"DESKTOP-KPAMGTB","module":"binance","symbol":"XRPUSDT","interval":"1h","verdict":"WAIT","score":50,"price":1.2915,"msg":"scanner"}
{"level":30,"time":1775397054739,"pid":17096,"hostname":"DESKTOP-KPAMGTB","module":"binance","symbol":"DOGEUSDT","interval":"5m","verdict":"WAIT","score":53,"price":0.09025,"msg":"scanner"}
{"level":30,"time":1775397054779,"pid":17096,"hostname":"DESKTOP-KPAMGTB","module":"binance","symbol":"DOGEUSDT","interval":"1h","verdict":"WAIT","score":47,"price":0.09026,"msg":"scanner"}
{"level":30,"time":1775397054986,"pid":17096,"hostname":"DESKTOP-KPAMGTB","module":"binance","symbol":"ADAUSDT","interval":"5m","verdict":"WAIT","score":56,"price":0.242,"msg":"scanner"}
{"level":30,"time":1775397055084,"pid":17096,"hostname":"DESKTOP-KPAMGTB","module":"binance","symbol":"AVAXUSDT","interval":"5m","verdict":"WAIT","score":53,"price":8.81,"msg":"scanner"}
{"level":30,"time":1775397055188,"pid":17096,"hostname":"DESKTOP-KPAMGTB","module":"binance","symbol":"TRXUSDT","interval":"5m","verdict":"WAIT","score":59,"price":0.3193,"msg":"scanner"}
{"level":30,"time":1775397055385,"pid":17096,"hostname":"DESKTOP-KPAMGTB","module":"binance","symbol":"DOTUSDT","interval":"5m","verdict":"WAIT","score":56,"price":1.223,"msg":"scanner"}
{"level":30,"time":1775397055626,"pid":17096,"hostname":"DESKTOP-KPAMGTB","module":"binance","symbol":"LINKUSDT","interval":"5m","verdict":"WAIT","score":44,"price":8.53,"msg":"scanner"}
{"level":30,"time":1775397055749,"pid":17096,"hostname":"DESKTOP-KPAMGTB","module":"binance","symbol":"MATICUSDT","interval":"5m","verdict":"WAIT","score":59,"price":0.3794,"msg":"scanner"}
{"level":30,"time":1775397055851,"pid":17096,"hostname":"DESKTOP-KPAMGTB","module":"binance","symbol":"LTCUSDT","interval":"5m","verdict":"WAIT","score":53,"price":52.9,"msg":"scanner"}
{"level":30,"time":1775397056071,"pid":17096,"hostname":"DESKTOP-KPAMGTB","module":"binance","symbol":"SHIBUSDT","interval":"5m","verdict":"WAIT","score":56,"price":0.00000585,"msg":"scanner"}
{"level":30,"time":1775397056132,"pid":17096,"hostname":"DESKTOP-KPAMGTB","module":"binance","symbol":"UNIUSDT","interval":"5m","verdict":"WAIT","score":56,"price":3.084,"msg":"scanner"}
{"level":30,"time":1775397056278,"pid":17096,"hostname":"DESKTOP-KPAMGTB","module":"binance","symbol":"ATOMUSDT","interval":"5m","verdict":"WAIT","score":56,"price":1.682,"msg":"scanner"}
{"level":30,"time":1775397056365,"pid":17096,"hostname":"DESKTOP-KPAMGTB","module":"binance","symbol":"ATOMUSDT","interval":"1h","verdict":"WAIT","score":50,"price":1.682,"msg":"scanner"}
{"level":30,"time":1775397056540,"pid":17096,"hostname":"DESKTOP-KPAMGTB","module":"binance","symbol":"ETCUSDT","interval":"5m","verdict":"WAIT","score":50,"price":8.46,"msg":"scanner"}
{"level":30,"time":1775397056602,"pid":17096,"hostname":"DESKTOP-KPAMGTB","module":"binance","symbol":"ETCUSDT","interval":"1h","verdict":"WAIT","score":56,"price":8.46,"msg":"scanner"}
{"level":30,"time":1775397056715,"pid":17096,"hostname":"DESKTOP-KPAMGTB","module":"binance","symbol":"XLMUSDT","interval":"5m","verdict":"WAIT","score":59,"price":0.1586,"msg":"scanner"}
{"level":30,"time":1775397056753,"pid":17096,"hostname":"DESKTOP-KPAMGTB","module":"binance","symbol":"XLMUSDT","interval":"1h","verdict":"WAIT","score":47,"price":0.1586,"msg":"scanner"}
{"level":30,"time":1775397056981,"pid":17096,"hostname":"DESKTOP-KPAMGTB","module":"binance","symbol":"APTUSDT","interval":"5m","verdict":"WAIT","score":59,"price":0.835,"msg":"scanner"}
{"level":30,"time":1775397057171,"pid":17096,"hostname":"DESKTOP-KPAMGTB","module":"binance","symbol":"NEARUSDT","interval":"5m","verdict":"WAIT","score":59,"price":1.244,"msg":"scanner"}
{"level":30,"time":1775397057179,"pid":17096,"hostname":"DESKTOP-KPAMGTB","module":"binance","symbol":"NEARUSDT","interval":"1h","verdict":"WAIT","score":56,"price":1.244,"msg":"scanner"}
{"level":30,"time":1775397057432,"pid":17096,"hostname":"DESKTOP-KPAMGTB","module":"binance","symbol":"APTUSDT","interval":"1h","verdict":"WAIT","score":41,"price":0.835,"msg":"scanner"}
{"level":30,"time":1775397083998,"pid":17096,"hostname":"DESKTOP-KPAMGTB","module":"binance","symbol":"ETHUSDT","interval":"1h","verdict":"WAIT","score":38,"price":2034.72,"msg":"scanner"}
{"level":30,"time":1775397084192,"pid":17096,"hostname":"DESKTOP-KPAMGTB","module":"binance","symbol":"ADAUSDT","interval":"1h","verdict":"WAIT","score":44,"price":0.2419,"msg":"scanner"}
{"level":30,"time":1775397084480,"pid":17096,"hostname":"DESKTOP-KPAMGTB","module":"binance","symbol":"TRXUSDT","interval":"1h","verdict":"BUY","score":66,"price":0.3193,"msg":"scanner"}
{"level":30,"time":1775397085296,"pid":17096,"hostname":"DESKTOP-KPAMGTB","module":"binance","symbol":"MATICUSDT","interval":"1h","verdict":"WAIT","score":47,"price":0.3794,"msg":"scanner"}
{"level":30,"time":1775397085946,"pid":17096,"hostname":"DESKTOP-KPAMGTB","module":"binance","symbol":"LTCUSDT","interval":"1h","verdict":"WAIT","score":44,"price":52.89,"msg":"scanner"}
{"level":30,"time":1775397086033,"pid":17096,"hostname":"DESKTOP-KPAMGTB","module":"binance","symbol":"SHIBUSDT","interval":"1h","verdict":"WAIT","score":47,"price":0.00000585,"msg":"scanner"}
{"level":30,"time":1775397086282,"pid":17096,"hostname":"DESKTOP-KPAMGTB","module":"binance","symbol":"UNIUSDT","interval":"1h","verdict":"WAIT","score":44,"price":3.084,"msg":"scanner"}
{"level":30,"time":1775397113866,"pid":17096,"hostname":"DESKTOP-KPAMGTB","module":"binance","symbol":"BTCUSDT","interval":"5m","verdict":"WAIT","score":44,"price":66894.67,"msg":"scanner"}
{"level":30,"time":1775397113892,"pid":17096,"hostname":"DESKTOP-KPAMGTB","module":"binance","symbol":"ETHUSDT","interval":"5m","verdict":"WAIT","score":53,"price":2034.63,"msg":"scanner"}
{"level":30,"time":1775397114237,"pid":17096,"hostname":"DESKTOP-KPAMGTB","module":"binance","symbol":"BNBUSDT","interval":"5m","verdict":"WAIT","score":53,"price":589.05,"msg":"scanner"}
{"level":30,"time":1775397114330,"pid":17096,"hostname":"DESKTOP-KPAMGTB","module":"binance","symbol":"SOLUSDT","interval":"5m","verdict":"WAIT","score":53,"price":78.98,"msg":"scanner"}
{"level":30,"time":1775397114417,"pid":17096,"hostname":"DESKTOP-KPAMGTB","module":"binance","symbol":"XRPUSDT","interval":"5m","verdict":"WAIT","score":47,"price":1.2916,"msg":"scanner"}
{"level":30,"time":1775397114576,"pid":17096,"hostname":"DESKTOP-KPAMGTB","module":"binance","symbol":"DOGEUSDT","interval":"5m","verdict":"WAIT","score":53,"price":0.09024,"msg":"scanner"}
{"level":30,"time":1775397114728,"pid":17096,"hostname":"DESKTOP-KPAMGTB","module":"binance","symbol":"ADAUSDT","interval":"5m","verdict":"WAIT","score":59,"price":0.2419,"msg":"scanner"}
{"level":30,"time":1775397114978,"pid":17096,"hostname":"DESKTOP-KPAMGTB","module":"binance","symbol":"AVAXUSDT","interval":"5m","verdict":"WAIT","score":63,"price":8.82,"msg":"scanner"}
{"level":30,"time":1775397115030,"pid":17096,"hostname":"DESKTOP-KPAMGTB","module":"binance","symbol":"TRXUSDT","interval":"5m","verdict":"WAIT","score":59,"price":0.3193,"msg":"scanner"}
{"level":30,"time":1775397115228,"pid":17096,"hostname":"DESKTOP-KPAMGTB","module":"binance","symbol":"DOTUSDT","interval":"5m","verdict":"WAIT","score":56,"price":1.223,"msg":"scanner"}
{"level":30,"time":1775397115395,"pid":17096,"hostname":"DESKTOP-KPAMGTB","module":"binance","symbol":"LINKUSDT","interval":"5m","verdict":"WAIT","score":44,"price":8.53,"msg":"scanner"}
{"level":30,"time":1775397115476,"pid":17096,"hostname":"DESKTOP-KPAMGTB","module":"binance","symbol":"MATICUSDT","interval":"5m","verdict":"WAIT","score":59,"price":0.3794,"msg":"scanner"}
{"level":30,"time":1775397115649,"pid":17096,"hostname":"DESKTOP-KPAMGTB","module":"binance","symbol":"LTCUSDT","interval":"5m","verdict":"WAIT","score":53,"price":52.89,"msg":"scanner"}
{"level":30,"time":1775397115789,"pid":17096,"hostname":"DESKTOP-KPAMGTB","module":"binance","symbol":"SHIBUSDT","interval":"5m","verdict":"WAIT","score":59,"price":0.00000585,"msg":"scanner"}
{"level":30,"time":1775397116050,"pid":17096,"hostname":"DESKTOP-KPAMGTB","module":"binance","symbol":"UNIUSDT","interval":"5m","verdict":"WAIT","score":56,"price":3.084,"msg":"scanner"}
{"level":30,"time":1775397116177,"pid":17096,"hostname":"DESKTOP-KPAMGTB","module":"binance","symbol":"ATOMUSDT","interval":"5m","verdict":"WAIT","score":38,"price":1.679,"msg":"scanner"}
{"level":30,"time":1775397116294,"pid":17096,"hostname":"DESKTOP-KPAMGTB","module":"binance","symbol":"ETCUSDT","interval":"5m","verdict":"WAIT","score":50,"price":8.46,"msg":"scanner"}
{"level":30,"time":1775397116512,"pid":17096,"hostname":"DESKTOP-KPAMGTB","module":"binance","symbol":"XLMUSDT","interval":"5m","verdict":"WAIT","score":59,"price":0.1587,"msg":"scanner"}
{"level":30,"time":1775397116699,"pid":17096,"hostname":"DESKTOP-KPAMGTB","module":"binance","symbol":"APTUSDT","interval":"5m","verdict":"WAIT","score":59,"price":0.835,"msg":"scanner"}
{"level":30,"time":1775397116888,"pid":17096,"hostname":"DESKTOP-KPAMGTB","module":"binance","symbol":"NEARUSDT","interval":"5m","verdict":"WAIT","score":53,"price":1.245,"msg":"scanner"}
{"level":30,"time":1775397143836,"pid":17096,"hostname":"DESKTOP-KPAMGTB","module":"binance","symbol":"BTCUSDT","interval":"4h","verdict":"AVOID","score":34,"price":66900.75,"msg":"scanner"}
{"level":30,"time":1775397144118,"pid":17096,"hostname":"DESKTOP-KPAMGTB","module":"binance","symbol":"ETHUSDT","interval":"4h","verdict":"AVOID","score":34,"price":2034.67,"msg":"scanner"}
{"level":30,"time":1775397144139,"pid":17096,"hostname":"DESKTOP-KPAMGTB","module":"binance","symbol":"BNBUSDT","interval":"4h","verdict":"WAIT","score":41,"price":589.22,"msg":"scanner"}
{"level":30,"time":1775397144270,"pid":17096,"hostname":"DESKTOP-KPAMGTB","module":"binance","symbol":"SOLUSDT","interval":"4h","verdict":"AVOID","score":31,"price":79.02,"msg":"scanner"}
{"level":30,"time":1775397144462,"pid":17096,"hostname":"DESKTOP-KPAMGTB","module":"binance","symbol":"XRPUSDT","interval":"4h","verdict":"AVOID","score":34,"price":1.2923,"msg":"scanner"}
{"level":30,"time":1775397145394,"pid":17096,"hostname":"DESKTOP-KPAMGTB","module":"binance","symbol":"AVAXUSDT","interval":"1h","verdict":"WAIT","score":47,"price":8.81,"msg":"scanner"}
{"level":30,"time":1775397145407,"pid":17096,"hostname":"DESKTOP-KPAMGTB","module":"binance","symbol":"AVAXUSDT","interval":"5m","verdict":"WAIT","score":56,"price":8.81,"msg":"scanner"}
{"level":30,"time":1775397145707,"pid":17096,"hostname":"DESKTOP-KPAMGTB","module":"binance","symbol":"TRXUSDT","interval":"5m","verdict":"WAIT","score":59,"price":0.3193,"msg":"scanner"}
{"level":30,"time":1775397145868,"pid":17096,"hostname":"DESKTOP-KPAMGTB","module":"binance","symbol":"DOTUSDT","interval":"5m","verdict":"WAIT","score":56,"price":1.223,"msg":"scanner"}
{"level":30,"time":1775397145875,"pid":17096,"hostname":"DESKTOP-KPAMGTB","module":"binance","symbol":"DOTUSDT","interval":"1h","verdict":"WAIT","score":47,"price":1.223,"msg":"scanner"}
{"level":30,"time":1775397146112,"pid":17096,"hostname":"DESKTOP-KPAMGTB","module":"binance","symbol":"LINKUSDT","interval":"5m","verdict":"WAIT","score":38,"price":8.52,"msg":"scanner"}
{"level":30,"time":1775397146172,"pid":17096,"hostname":"DESKTOP-KPAMGTB","module":"binance","symbol":"LINKUSDT","interval":"1h","verdict":"WAIT","score":50,"price":8.52,"msg":"scanner"}
{"level":30,"time":1775397146189,"pid":17096,"hostname":"DESKTOP-KPAMGTB","module":"binance","symbol":"MATICUSDT","interval":"5m","verdict":"WAIT","score":59,"price":0.3794,"msg":"scanner"}
{"level":30,"time":1775397146471,"pid":17096,"hostname":"DESKTOP-KPAMGTB","module":"binance","symbol":"LTCUSDT","interval":"5m","verdict":"WAIT","score":50,"price":52.87,"msg":"scanner"}
{"level":30,"time":1775397146626,"pid":17096,"hostname":"DESKTOP-KPAMGTB","module":"binance","symbol":"SHIBUSDT","interval":"5m","verdict":"WAIT","score":59,"price":0.00000585,"msg":"scanner"}
{"level":30,"time":1775397146673,"pid":17096,"hostname":"DESKTOP-KPAMGTB","module":"binance","symbol":"UNIUSDT","interval":"5m","verdict":"WAIT","score":47,"price":3.082,"msg":"scanner"}
{"level":30,"time":1775397146823,"pid":17096,"hostname":"DESKTOP-KPAMGTB","module":"binance","symbol":"ATOMUSDT","interval":"5m","verdict":"WAIT","score":38,"price":1.678,"msg":"scanner"}
{"level":30,"time":1775397147082,"pid":17096,"hostname":"DESKTOP-KPAMGTB","module":"binance","symbol":"ETCUSDT","interval":"5m","verdict":"WAIT","score":50,"price":8.46,"msg":"scanner"}
{"level":30,"time":1775397147204,"pid":17096,"hostname":"DESKTOP-KPAMGTB","module":"binance","symbol":"XLMUSDT","interval":"5m","verdict":"WAIT","score":59,"price":0.1588,"msg":"scanner"}
{"level":30,"time":1775397147399,"pid":17096,"hostname":"DESKTOP-KPAMGTB","module":"binance","symbol":"APTUSDT","interval":"5m","verdict":"WAIT","score":59,"price":0.835,"msg":"scanner"}
{"level":30,"time":1775397147578,"pid":17096,"hostname":"DESKTOP-KPAMGTB","module":"binance","symbol":"NEARUSDT","interval":"5m","verdict":"WAIT","score":53,"price":1.245,"msg":"scanner"}
{"level":30,"time":1775397174286,"pid":17096,"hostname":"DESKTOP-KPAMGTB","module":"binance","symbol":"BTCUSDT","interval":"5m","verdict":"WAIT","score":44,"price":66889.99,"msg":"scanner"}
{"level":30,"time":1775397174369,"pid":17096,"hostname":"DESKTOP-KPAMGTB","module":"binance","symbol":"ETHUSDT","interval":"5m","verdict":"WAIT","score":53,"price":2034.45,"msg":"scanner"}
{"level":30,"time":1775397174467,"pid":17096,"hostname":"DESKTOP-KPAMGTB","module":"binance","symbol":"BTCUSDT","interval":"1h","verdict":"AVOID","score":34,"price":66889.99,"msg":"scanner"}
{"level":30,"time":1775397174588,"pid":17096,"hostname":"DESKTOP-KPAMGTB","module":"binance","symbol":"BNBUSDT","interval":"5m","verdict":"WAIT","score":53,"price":588.99,"msg":"scanner"}
{"level":30,"time":1775397174626,"pid":17096,"hostname":"DESKTOP-KPAMGTB","module":"binance","symbol":"BNBUSDT","interval":"1h","verdict":"AVOID","score":31,"price":588.99,"msg":"scanner"}
{"level":30,"time":1775397174724,"pid":17096,"hostname":"DESKTOP-KPAMGTB","module":"binance","symbol":"SOLUSDT","interval":"5m","verdict":"WAIT","score":53,"price":78.98,"msg":"scanner"}
{"level":30,"time":1775397174747,"pid":17096,"hostname":"DESKTOP-KPAMGTB","module":"binance","symbol":"SOLUSDT","interval":"1h","verdict":"WAIT","score":38,"price":78.98,"msg":"scanner"}
{"level":30,"time":1775397174919,"pid":17096,"hostname":"DESKTOP-KPAMGTB","module":"binance","symbol":"XRPUSDT","interval":"5m","verdict":"WAIT","score":53,"price":1.2888,"msg":"scanner"}
{"level":30,"time":1775397174935,"pid":17096,"hostname":"DESKTOP-KPAMGTB","module":"binance","symbol":"XRPUSDT","interval":"1h","verdict":"WAIT","score":50,"price":1.2888,"msg":"scanner"}
{"level":30,"time":1775397175066,"pid":17096,"hostname":"DESKTOP-KPAMGTB","module":"binance","symbol":"DOGEUSDT","interval":"5m","verdict":"WAIT","score":56,"price":0.09021,"msg":"scanner"}
{"level":30,"time":1775397175082,"pid":17096,"hostname":"DESKTOP-KPAMGTB","module":"binance","symbol":"DOGEUSDT","interval":"1h","verdict":"WAIT","score":47,"price":0.09021,"msg":"scanner"}
{"level":30,"time":1775397175266,"pid":17096,"hostname":"DESKTOP-KPAMGTB","module":"binance","symbol":"ADAUSDT","interval":"5m","verdict":"WAIT","score":59,"price":0.2417,"msg":"scanner"}
{"level":30,"time":1775397175452,"pid":17096,"hostname":"DESKTOP-KPAMGTB","module":"binance","symbol":"ADAUSDT","interval":"4h","verdict":"AVOID","score":31,"price":0.2417,"msg":"scanner"}
{"level":30,"time":1775397175854,"pid":17096,"hostname":"DESKTOP-KPAMGTB","module":"binance","symbol":"AVAXUSDT","interval":"4h","verdict":"AVOID","score":31,"price":8.81,"msg":"scanner"}
{"level":30,"time":1775397175950,"pid":17096,"hostname":"DESKTOP-KPAMGTB","module":"binance","symbol":"TRXUSDT","interval":"4h","verdict":"WAIT","score":63,"price":0.3193,"msg":"scanner"}
{"level":30,"time":1775397176176,"pid":17096,"hostname":"DESKTOP-KPAMGTB","module":"binance","symbol":"DOTUSDT","interval":"4h","verdict":"AVOID","score":34,"price":1.223,"msg":"scanner"}
{"level":30,"time":1775397176522,"pid":17096,"hostname":"DESKTOP-KPAMGTB","module":"binance","symbol":"LINKUSDT","interval":"4h","verdict":"AVOID","score":34,"price":8.52,"msg":"scanner"}
{"level":30,"time":1775397176629,"pid":17096,"hostname":"DESKTOP-KPAMGTB","module":"binance","symbol":"MATICUSDT","interval":"5m","verdict":"WAIT","score":59,"price":0.3794,"msg":"scanner"}
{"level":30,"time":1775397177364,"pid":17096,"hostname":"DESKTOP-KPAMGTB","module":"binance","symbol":"MATICUSDT","interval":"4h","verdict":"WAIT","score":41,"price":0.3794,"msg":"scanner"}
{"level":30,"time":1775397177379,"pid":17096,"hostname":"DESKTOP-KPAMGTB","module":"binance","symbol":"LTCUSDT","interval":"5m","verdict":"WAIT","score":53,"price":52.86,"msg":"scanner"}
{"level":30,"time":1775397177602,"pid":17096,"hostname":"DESKTOP-KPAMGTB","module":"binance","symbol":"LTCUSDT","interval":"4h","verdict":"WAIT","score":38,"price":52.86,"msg":"scanner"}
{"level":30,"time":1775397177725,"pid":17096,"hostname":"DESKTOP-KPAMGTB","module":"binance","symbol":"SHIBUSDT","interval":"5m","verdict":"WAIT","score":59,"price":0.00000585,"msg":"scanner"}
{"level":30,"time":1775397177767,"pid":17096,"hostname":"DESKTOP-KPAMGTB","module":"binance","symbol":"UNIUSDT","interval":"5m","verdict":"WAIT","score":44,"price":3.081,"msg":"scanner"}
{"level":30,"time":1775397177837,"pid":17096,"hostname":"DESKTOP-KPAMGTB","module":"binance","symbol":"UNIUSDT","interval":"4h","verdict":"WAIT","score":53,"price":3.081,"msg":"scanner"}
{"level":30,"time":1775397177931,"pid":17096,"hostname":"DESKTOP-KPAMGTB","module":"binance","symbol":"ATOMUSDT","interval":"5m","verdict":"WAIT","score":41,"price":1.677,"msg":"scanner"}
{"level":30,"time":1775397178042,"pid":17096,"hostname":"DESKTOP-KPAMGTB","module":"binance","symbol":"ATOMUSDT","interval":"1h","verdict":"AVOID","score":34,"price":1.677,"msg":"scanner"}
{"level":30,"time":1775397178124,"pid":17096,"hostname":"DESKTOP-KPAMGTB","module":"binance","symbol":"ATOMUSDT","interval":"4h","verdict":"WAIT","score":41,"price":1.677,"msg":"scanner"}
{"level":30,"time":1775397178280,"pid":17096,"hostname":"DESKTOP-KPAMGTB","module":"binance","symbol":"ETCUSDT","interval":"1h","verdict":"WAIT","score":50,"price":8.45,"msg":"scanner"}
{"level":30,"time":1775397178342,"pid":17096,"hostname":"DESKTOP-KPAMGTB","module":"binance","symbol":"ETCUSDT","interval":"4h","verdict":"WAIT","score":56,"price":8.45,"msg":"scanner"}
{"level":30,"time":1775397178354,"pid":17096,"hostname":"DESKTOP-KPAMGTB","module":"binance","symbol":"ETCUSDT","interval":"5m","verdict":"WAIT","score":38,"price":8.45,"msg":"scanner"}
{"level":30,"time":1775397178408,"pid":17096,"hostname":"DESKTOP-KPAMGTB","module":"binance","symbol":"XLMUSDT","interval":"5m","verdict":"WAIT","score":63,"price":0.1588,"msg":"scanner"}
{"level":30,"time":1775397178568,"pid":17096,"hostname":"DESKTOP-KPAMGTB","module":"binance","symbol":"XLMUSDT","interval":"1h","verdict":"WAIT","score":44,"price":0.1588,"msg":"scanner"}
{"level":30,"time":1775397178713,"pid":17096,"hostname":"DESKTOP-KPAMGTB","module":"binance","symbol":"APTUSDT","interval":"1h","verdict":"WAIT","score":41,"price":0.835,"msg":"scanner"}
{"level":30,"time":1775397178768,"pid":17096,"hostname":"DESKTOP-KPAMGTB","module":"binance","symbol":"APTUSDT","interval":"5m","verdict":"WAIT","score":59,"price":0.835,"msg":"scanner"}
{"level":30,"time":1775397178780,"pid":17096,"hostname":"DESKTOP-KPAMGTB","module":"binance","symbol":"NEARUSDT","interval":"5m","verdict":"WAIT","score":53,"price":1.245,"msg":"scanner"}
{"level":30,"time":1775397178857,"pid":17096,"hostname":"DESKTOP-KPAMGTB","module":"binance","symbol":"NEARUSDT","interval":"1h","verdict":"WAIT","score":53,"price":1.245,"msg":"scanner"}
{"level":30,"time":1775397204852,"pid":17096,"hostname":"DESKTOP-KPAMGTB","module":"binance","symbol":"BTCUSDT","interval":"5m","verdict":"WAIT","score":50,"price":66871.33,"msg":"scanner"}
{"level":30,"time":1775397205393,"pid":17096,"hostname":"DESKTOP-KPAMGTB","module":"binance","symbol":"ETHUSDT","interval":"1h","verdict":"WAIT","score":41,"price":2033.41,"msg":"scanner"}
{"level":30,"time":1775397205477,"pid":17096,"hostname":"DESKTOP-KPAMGTB","module":"binance","symbol":"BNBUSDT","interval":"5m","verdict":"WAIT","score":53,"price":588.94,"msg":"scanner"}
{"level":30,"time":1775397205549,"pid":17096,"hostname":"DESKTOP-KPAMGTB","module":"binance","symbol":"SOLUSDT","interval":"5m","verdict":"WAIT","score":53,"price":78.95,"msg":"scanner"}
{"level":30,"time":1775397205903,"pid":17096,"hostname":"DESKTOP-KPAMGTB","module":"binance","symbol":"XRPUSDT","interval":"5m","verdict":"WAIT","score":47,"price":1.2879,"msg":"scanner"}
{"level":30,"time":1775397205911,"pid":17096,"hostname":"DESKTOP-KPAMGTB","module":"binance","symbol":"ETHUSDT","interval":"5m","verdict":"WAIT","score":53,"price":2033.41,"msg":"scanner"}
{"level":30,"time":1775397205943,"pid":17096,"hostname":"DESKTOP-KPAMGTB","module":"binance","symbol":"DOGEUSDT","interval":"5m","verdict":"WAIT","score":50,"price":0.09017,"msg":"scanner"}
{"level":30,"time":1775397206275,"pid":17096,"hostname":"DESKTOP-KPAMGTB","module":"binance","symbol":"DOGEUSDT","interval":"4h","verdict":"AVOID","score":34,"price":0.09017,"msg":"scanner"}
{"level":30,"time":1775397206334,"pid":17096,"hostname":"DESKTOP-KPAMGTB","module":"binance","symbol":"ADAUSDT","interval":"5m","verdict":"WAIT","score":47,"price":0.2415,"msg":"scanner"}
{"level":30,"time":1775397206351,"pid":17096,"hostname":"DESKTOP-KPAMGTB","module":"binance","symbol":"ADAUSDT","interval":"1h","verdict":"WAIT","score":47,"price":0.2415,"msg":"scanner"}
{"level":30,"time":1775397206687,"pid":17096,"hostname":"DESKTOP-KPAMGTB","module":"binance","symbol":"AVAXUSDT","interval":"5m","verdict":"WAIT","score":56,"price":8.81,"msg":"scanner"}
{"level":30,"time":1775397206815,"pid":17096,"hostname":"DESKTOP-KPAMGTB","module":"binance","symbol":"TRXUSDT","interval":"5m","verdict":"WAIT","score":59,"price":0.3193,"msg":"scanner"}
{"level":30,"time":1775397207032,"pid":17096,"hostname":"DESKTOP-KPAMGTB","module":"binance","symbol":"TRXUSDT","interval":"1h","verdict":"BUY","score":66,"price":0.3193,"msg":"scanner"}
{"level":30,"time":1775397207124,"pid":17096,"hostname":"DESKTOP-KPAMGTB","module":"binance","symbol":"DOTUSDT","interval":"5m","verdict":"WAIT","score":50,"price":1.222,"msg":"scanner"}
{"level":30,"time":1775397207298,"pid":17096,"hostname":"DESKTOP-KPAMGTB","module":"binance","symbol":"LINKUSDT","interval":"5m","verdict":"AVOID","score":34,"price":8.51,"msg":"scanner"}
{"level":30,"time":1775397207504,"pid":17096,"hostname":"DESKTOP-KPAMGTB","module":"binance","symbol":"MATICUSDT","interval":"1h","verdict":"WAIT","score":47,"price":0.3794,"msg":"scanner"}
{"level":30,"time":1775397207518,"pid":17096,"hostname":"DESKTOP-KPAMGTB","module":"binance","symbol":"MATICUSDT","interval":"5m","verdict":"WAIT","score":59,"price":0.3794,"msg":"scanner"}
{"level":30,"time":1775397207726,"pid":17096,"hostname":"DESKTOP-KPAMGTB","module":"binance","symbol":"LTCUSDT","interval":"5m","verdict":"WAIT","score":56,"price":52.85,"msg":"scanner"}
{"level":30,"time":1775397207735,"pid":17096,"hostname":"DESKTOP-KPAMGTB","module":"binance","symbol":"LTCUSDT","interval":"1h","verdict":"WAIT","score":38,"price":52.85,"msg":"scanner"}
{"level":30,"time":1775397207960,"pid":17096,"hostname":"DESKTOP-KPAMGTB","module":"binance","symbol":"SHIBUSDT","interval":"1h","verdict":"WAIT","score":50,"price":0.00000584,"msg":"scanner"}
{"level":30,"time":1775397208076,"pid":17096,"hostname":"DESKTOP-KPAMGTB","module":"binance","symbol":"UNIUSDT","interval":"5m","verdict":"WAIT","score":47,"price":3.082,"msg":"scanner"}
{"level":30,"time":1775397208087,"pid":17096,"hostname":"DESKTOP-KPAMGTB","module":"binance","symbol":"UNIUSDT","interval":"1h","verdict":"WAIT","score":44,"price":3.082,"msg":"scanner"}
{"level":30,"time":1775397209227,"pid":17096,"hostname":"DESKTOP-KPAMGTB","module":"binance","symbol":"NEARUSDT","interval":"5m","verdict":"WAIT","score":53,"price":1.245,"msg":"scanner"}
{"level":30,"time":1775397236109,"pid":17096,"hostname":"DESKTOP-KPAMGTB","module":"binance","symbol":"SHIBUSDT","interval":"5m","verdict":"WAIT","score":59,"price":0.00000585,"msg":"scanner"}
{"level":30,"time":1775397236487,"pid":17096,"hostname":"DESKTOP-KPAMGTB","module":"binance","symbol":"ATOMUSDT","interval":"5m","verdict":"WAIT","score":38,"price":1.676,"msg":"scanner"}
{"level":30,"time":1775397236715,"pid":17096,"hostname":"DESKTOP-KPAMGTB","module":"binance","symbol":"ETCUSDT","interval":"5m","verdict":"WAIT","score":38,"price":8.45,"msg":"scanner"}
{"level":30,"time":1775397236941,"pid":17096,"hostname":"DESKTOP-KPAMGTB","module":"binance","symbol":"XLMUSDT","interval":"5m","verdict":"WAIT","score":63,"price":0.1585,"msg":"scanner"}
{"level":30,"time":1775397237049,"pid":17096,"hostname":"DESKTOP-KPAMGTB","module":"binance","symbol":"APTUSDT","interval":"5m","verdict":"WAIT","score":59,"price":0.835,"msg":"scanner"}
{"level":30,"time":1775397264691,"pid":17096,"hostname":"DESKTOP-KPAMGTB","module":"binance","symbol":"BTCUSDT","interval":"5m","verdict":"WAIT","score":50,"price":66879.25,"msg":"scanner"}
{"level":30,"time":1775397265035,"pid":17096,"hostname":"DESKTOP-KPAMGTB","module":"binance","symbol":"BNBUSDT","interval":"5m","verdict":"WAIT","score":53,"price":589.08,"msg":"scanner"}
{"level":30,"time":1775397265158,"pid":17096,"hostname":"DESKTOP-KPAMGTB","module":"binance","symbol":"SOLUSDT","interval":"5m","verdict":"WAIT","score":50,"price":78.91,"msg":"scanner"}
{"level":30,"time":1775397265246,"pid":17096,"hostname":"DESKTOP-KPAMGTB","module":"binance","symbol":"XRPUSDT","interval":"5m","verdict":"WAIT","score":47,"price":1.2877,"msg":"scanner"}
{"level":30,"time":1775397265451,"pid":17096,"hostname":"DESKTOP-KPAMGTB","module":"binance","symbol":"DOGEUSDT","interval":"5m","verdict":"WAIT","score":50,"price":0.09017,"msg":"scanner"}
{"level":30,"time":1775397265680,"pid":17096,"hostname":"DESKTOP-KPAMGTB","module":"binance","symbol":"ETHUSDT","interval":"5m","verdict":"WAIT","score":53,"price":2034.19,"msg":"scanner"}
{"level":30,"time":1775397265727,"pid":17096,"hostname":"DESKTOP-KPAMGTB","module":"binance","symbol":"ADAUSDT","interval":"5m","verdict":"WAIT","score":47,"price":0.2415,"msg":"scanner"}
{"level":30,"time":1775397265980,"pid":17096,"hostname":"DESKTOP-KPAMGTB","module":"binance","symbol":"AVAXUSDT","interval":"5m","verdict":"WAIT","score":53,"price":8.8,"msg":"scanner"}
{"level":30,"time":1775397266012,"pid":17096,"hostname":"DESKTOP-KPAMGTB","module":"binance","symbol":"AVAXUSDT","interval":"1h","verdict":"WAIT","score":50,"price":8.8,"msg":"scanner"}
{"level":30,"time":1775397266192,"pid":17096,"hostname":"DESKTOP-KPAMGTB","module":"binance","symbol":"TRXUSDT","interval":"5m","verdict":"WAIT","score":59,"price":0.3193,"msg":"scanner"}
{"level":30,"time":1775397266397,"pid":17096,"hostname":"DESKTOP-KPAMGTB","module":"binance","symbol":"DOTUSDT","interval":"5m","verdict":"WAIT","score":50,"price":1.222,"msg":"scanner"}
{"level":30,"time":1775397266515,"pid":17096,"hostname":"DESKTOP-KPAMGTB","module":"binance","symbol":"DOTUSDT","interval":"1h","verdict":"WAIT","score":47,"price":1.222,"msg":"scanner"}
{"level":30,"time":1775397266607,"pid":17096,"hostname":"DESKTOP-KPAMGTB","module":"binance","symbol":"LINKUSDT","interval":"5m","verdict":"WAIT","score":38,"price":8.52,"msg":"scanner"}
{"level":30,"time":1775397266722,"pid":17096,"hostname":"DESKTOP-KPAMGTB","module":"binance","symbol":"LINKUSDT","interval":"1h","verdict":"WAIT","score":50,"price":8.52,"msg":"scanner"}
{"level":30,"time":1775397266828,"pid":17096,"hostname":"DESKTOP-KPAMGTB","module":"binance","symbol":"MATICUSDT","interval":"5m","verdict":"WAIT","score":59,"price":0.3794,"msg":"scanner"}
{"level":30,"time":1775397266958,"pid":17096,"hostname":"DESKTOP-KPAMGTB","module":"binance","symbol":"LTCUSDT","interval":"5m","verdict":"WAIT","score":53,"price":52.84,"msg":"scanner"}
{"level":30,"time":1775397267109,"pid":17096,"hostname":"DESKTOP-KPAMGTB","module":"binance","symbol":"SHIBUSDT","interval":"5m","verdict":"WAIT","score":53,"price":0.00000584,"msg":"scanner"}
{"level":30,"time":1775397267268,"pid":17096,"hostname":"DESKTOP-KPAMGTB","module":"binance","symbol":"SHIBUSDT","interval":"4h","verdict":"AVOID","score":34,"price":0.00000584,"msg":"scanner"}
{"level":30,"time":1775397267308,"pid":17096,"hostname":"DESKTOP-KPAMGTB","module":"binance","symbol":"UNIUSDT","interval":"5m","verdict":"WAIT","score":47,"price":3.08,"msg":"scanner"}
{"level":30,"time":1775397267410,"pid":17096,"hostname":"DESKTOP-KPAMGTB","module":"binance","symbol":"ATOMUSDT","interval":"5m","verdict":"AVOID","score":31,"price":1.675,"msg":"scanner"}
{"level":30,"time":1775397267677,"pid":17096,"hostname":"DESKTOP-KPAMGTB","module":"binance","symbol":"ETCUSDT","interval":"5m","verdict":"WAIT","score":38,"price":8.45,"msg":"scanner"}
{"level":30,"time":1775397267848,"pid":17096,"hostname":"DESKTOP-KPAMGTB","module":"binance","symbol":"XLMUSDT","interval":"5m","verdict":"WAIT","score":63,"price":0.1586,"msg":"scanner"}
{"level":30,"time":1775397268004,"pid":17096,"hostname":"DESKTOP-KPAMGTB","module":"binance","symbol":"APTUSDT","interval":"5m","verdict":"WAIT","score":59,"price":0.835,"msg":"scanner"}
{"level":30,"time":1775397268031,"pid":17096,"hostname":"DESKTOP-KPAMGTB","module":"binance","symbol":"XLMUSDT","interval":"4h","verdict":"AVOID","score":34,"price":0.1586,"msg":"scanner"}
{"level":30,"time":1775397268175,"pid":17096,"hostname":"DESKTOP-KPAMGTB","module":"binance","symbol":"APTUSDT","interval":"4h","verdict":"WAIT","score":47,"price":0.835,"msg":"scanner"}
{"level":30,"time":1775397268249,"pid":17096,"hostname":"DESKTOP-KPAMGTB","module":"binance","symbol":"NEARUSDT","interval":"5m","verdict":"WAIT","score":56,"price":1.245,"msg":"scanner"}
{"level":30,"time":1775397268417,"pid":17096,"hostname":"DESKTOP-KPAMGTB","module":"binance","symbol":"NEARUSDT","interval":"4h","verdict":"WAIT","score":59,"price":1.245,"msg":"scanner"}
{"level":30,"time":1775397324548,"pid":17096,"hostname":"DESKTOP-KPAMGTB","module":"binance","symbol":"BTCUSDT","interval":"5m","verdict":"WAIT","score":41,"price":66870.29,"msg":"scanner"}
{"level":30,"time":1775397324669,"pid":17096,"hostname":"DESKTOP-KPAMGTB","module":"binance","symbol":"ETHUSDT","interval":"5m","verdict":"WAIT","score":53,"price":2033.64,"msg":"scanner"}
{"level":30,"time":1775397324679,"pid":17096,"hostname":"DESKTOP-KPAMGTB","module":"binance","symbol":"BTCUSDT","interval":"1h","verdict":"AVOID","score":34,"price":66870.29,"msg":"scanner"}
{"level":30,"time":1775397324892,"pid":17096,"hostname":"DESKTOP-KPAMGTB","module":"binance","symbol":"BNBUSDT","interval":"5m","verdict":"WAIT","score":53,"price":589.02,"msg":"scanner"}
{"level":30,"time":1775397324954,"pid":17096,"hostname":"DESKTOP-KPAMGTB","module":"binance","symbol":"BNBUSDT","interval":"1h","verdict":"AVOID","score":31,"price":589.02,"msg":"scanner"}
{"level":30,"time":1775397324998,"pid":17096,"hostname":"DESKTOP-KPAMGTB","module":"binance","symbol":"SOLUSDT","interval":"5m","verdict":"WAIT","score":50,"price":78.97,"msg":"scanner"}
{"level":30,"time":1775397325053,"pid":17096,"hostname":"DESKTOP-KPAMGTB","module":"binance","symbol":"SOLUSDT","interval":"1h","verdict":"WAIT","score":38,"price":78.97,"msg":"scanner"}
{"level":30,"time":1775397325238,"pid":17096,"hostname":"DESKTOP-KPAMGTB","module":"binance","symbol":"XRPUSDT","interval":"5m","verdict":"WAIT","score":41,"price":1.2878,"msg":"scanner"}
{"level":30,"time":1775397325613,"pid":17096,"hostname":"DESKTOP-KPAMGTB","module":"binance","symbol":"XRPUSDT","interval":"1h","verdict":"WAIT","score":44,"price":1.2878,"msg":"scanner"}
{"level":30,"time":1775397325811,"pid":17096,"hostname":"DESKTOP-KPAMGTB","module":"binance","symbol":"DOGEUSDT","interval":"1h","verdict":"WAIT","score":47,"price":0.09018,"msg":"scanner"}
{"level":30,"time":1775397325907,"pid":17096,"hostname":"DESKTOP-KPAMGTB","module":"binance","symbol":"DOGEUSDT","interval":"5m","verdict":"WAIT","score":44,"price":0.09018,"msg":"scanner"}
{"level":30,"time":1775397326309,"pid":17096,"hostname":"DESKTOP-KPAMGTB","module":"binance","symbol":"ADAUSDT","interval":"5m","verdict":"WAIT","score":41,"price":0.2415,"msg":"scanner"}
{"level":30,"time":1775397326462,"pid":17096,"hostname":"DESKTOP-KPAMGTB","module":"binance","symbol":"AVAXUSDT","interval":"5m","verdict":"WAIT","score":53,"price":8.81,"msg":"scanner"}
{"level":30,"time":1775397326632,"pid":17096,"hostname":"DESKTOP-KPAMGTB","module":"binance","symbol":"TRXUSDT","interval":"5m","verdict":"WAIT","score":53,"price":0.3193,"msg":"scanner"}
{"level":30,"time":1775397326839,"pid":17096,"hostname":"DESKTOP-KPAMGTB","module":"binance","symbol":"DOTUSDT","interval":"5m","verdict":"WAIT","score":53,"price":1.222,"msg":"scanner"}
{"level":30,"time":1775397326972,"pid":17096,"hostname":"DESKTOP-KPAMGTB","module":"binance","symbol":"LINKUSDT","interval":"5m","verdict":"AVOID","score":34,"price":8.51,"msg":"scanner"}
{"level":30,"time":1775397327242,"pid":17096,"hostname":"DESKTOP-KPAMGTB","module":"binance","symbol":"MATICUSDT","interval":"5m","verdict":"WAIT","score":59,"price":0.3794,"msg":"scanner"}
{"level":30,"time":1775397327427,"pid":17096,"hostname":"DESKTOP-KPAMGTB","module":"binance","symbol":"LTCUSDT","interval":"5m","verdict":"WAIT","score":53,"price":52.86,"msg":"scanner"}
{"level":30,"time":1775397327605,"pid":17096,"hostname":"DESKTOP-KPAMGTB","module":"binance","symbol":"SHIBUSDT","interval":"5m","verdict":"WAIT","score":56,"price":0.00000584,"msg":"scanner"}
{"level":30,"time":1775397327745,"pid":17096,"hostname":"DESKTOP-KPAMGTB","module":"binance","symbol":"UNIUSDT","interval":"5m","verdict":"WAIT","score":47,"price":3.082,"msg":"scanner"}
{"level":30,"time":1775397327925,"pid":17096,"hostname":"DESKTOP-KPAMGTB","module":"binance","symbol":"ATOMUSDT","interval":"5m","verdict":"WAIT","score":38,"price":1.676,"msg":"scanner"}
{"level":30,"time":1775397327949,"pid":17096,"hostname":"DESKTOP-KPAMGTB","module":"binance","symbol":"ATOMUSDT","interval":"1h","verdict":"AVOID","score":34,"price":1.676,"msg":"scanner"}
{"level":30,"time":1775397328024,"pid":17096,"hostname":"DESKTOP-KPAMGTB","module":"binance","symbol":"ETCUSDT","interval":"5m","verdict":"WAIT","score":44,"price":8.45,"msg":"scanner"}
{"level":30,"time":1775397328058,"pid":17096,"hostname":"DESKTOP-KPAMGTB","module":"binance","symbol":"ETCUSDT","interval":"1h","verdict":"WAIT","score":50,"price":8.45,"msg":"scanner"}
{"level":30,"time":1775397328273,"pid":17096,"hostname":"DESKTOP-KPAMGTB","module":"binance","symbol":"XLMUSDT","interval":"5m","verdict":"WAIT","score":53,"price":0.1587,"msg":"scanner"}
{"level":30,"time":1775397328311,"pid":17096,"hostname":"DESKTOP-KPAMGTB","module":"binance","symbol":"XLMUSDT","interval":"1h","verdict":"WAIT","score":44,"price":0.1587,"msg":"scanner"}
{"level":30,"time":1775397328433,"pid":17096,"hostname":"DESKTOP-KPAMGTB","module":"binance","symbol":"APTUSDT","interval":"5m","verdict":"WAIT","score":56,"price":0.835,"msg":"scanner"}
{"level":30,"time":1775397328488,"pid":17096,"hostname":"DESKTOP-KPAMGTB","module":"binance","symbol":"APTUSDT","interval":"1h","verdict":"WAIT","score":41,"price":0.835,"msg":"scanner"}
{"level":30,"time":1775397328745,"pid":17096,"hostname":"DESKTOP-KPAMGTB","module":"binance","symbol":"NEARUSDT","interval":"5m","verdict":"WAIT","score":53,"price":1.245,"msg":"scanner"}
{"level":30,"time":1775397328781,"pid":17096,"hostname":"DESKTOP-KPAMGTB","module":"binance","symbol":"NEARUSDT","interval":"1h","verdict":"WAIT","score":53,"price":1.245,"msg":"scanner"}
{"level":30,"time":1775397354923,"pid":17096,"hostname":"DESKTOP-KPAMGTB","module":"binance","symbol":"ETHUSDT","interval":"1h","verdict":"WAIT","score":41,"price":2033.41,"msg":"scanner"}
{"level":30,"time":1775397355289,"pid":17096,"hostname":"DESKTOP-KPAMGTB","module":"binance","symbol":"ADAUSDT","interval":"1h","verdict":"WAIT","score":47,"price":0.2415,"msg":"scanner"}
{"level":30,"time":1775397355907,"pid":17096,"hostname":"DESKTOP-KPAMGTB","module":"binance","symbol":"TRXUSDT","interval":"1h","verdict":"BUY","score":66,"price":0.3192,"msg":"scanner"}
{"level":30,"time":1775397356635,"pid":17096,"hostname":"DESKTOP-KPAMGTB","module":"binance","symbol":"MATICUSDT","interval":"1h","verdict":"WAIT","score":47,"price":0.3794,"msg":"scanner"}
{"level":30,"time":1775397356759,"pid":17096,"hostname":"DESKTOP-KPAMGTB","module":"binance","symbol":"LTCUSDT","interval":"1h","verdict":"WAIT","score":38,"price":52.85,"msg":"scanner"}
{"level":30,"time":1775397356852,"pid":17096,"hostname":"DESKTOP-KPAMGTB","module":"binance","symbol":"SHIBUSDT","interval":"1h","verdict":"WAIT","score":50,"price":0.00000584,"msg":"scanner"}
{"level":30,"time":1775397357047,"pid":17096,"hostname":"DESKTOP-KPAMGTB","module":"binance","symbol":"UNIUSDT","interval":"1h","verdict":"WAIT","score":44,"price":3.082,"msg":"scanner"}
{"level":30,"time":1775397384791,"pid":17096,"hostname":"DESKTOP-KPAMGTB","module":"binance","symbol":"BTCUSDT","interval":"5m","verdict":"WAIT","score":44,"price":66895.91,"msg":"scanner"}
{"level":30,"time":1775397384882,"pid":17096,"hostname":"DESKTOP-KPAMGTB","module":"binance","symbol":"ETHUSDT","interval":"5m","verdict":"WAIT","score":50,"price":2035.61,"msg":"scanner"}
{"level":30,"time":1775397385068,"pid":17096,"hostname":"DESKTOP-KPAMGTB","module":"binance","symbol":"BNBUSDT","interval":"5m","verdict":"WAIT","score":53,"price":589.16,"msg":"scanner"}
{"level":30,"time":1775397385205,"pid":17096,"hostname":"DESKTOP-KPAMGTB","module":"binance","symbol":"SOLUSDT","interval":"5m","verdict":"WAIT","score":53,"price":79.07,"msg":"scanner"}
{"level":30,"time":1775397385288,"pid":17096,"hostname":"DESKTOP-KPAMGTB","module":"binance","symbol":"XRPUSDT","interval":"5m","verdict":"WAIT","score":47,"price":1.2884,"msg":"scanner"}
{"level":30,"time":1775397385446,"pid":17096,"hostname":"DESKTOP-KPAMGTB","module":"binance","symbol":"DOGEUSDT","interval":"5m","verdict":"WAIT","score":47,"price":0.09026,"msg":"scanner"}
{"level":30,"time":1775397385574,"pid":17096,"hostname":"DESKTOP-KPAMGTB","module":"binance","symbol":"ADAUSDT","interval":"5m","verdict":"WAIT","score":63,"price":0.2418,"msg":"scanner"}
{"level":30,"time":1775397385719,"pid":17096,"hostname":"DESKTOP-KPAMGTB","module":"binance","symbol":"AVAXUSDT","interval":"5m","verdict":"WAIT","score":53,"price":8.81,"msg":"scanner"}
{"level":30,"time":1775397385892,"pid":17096,"hostname":"DESKTOP-KPAMGTB","module":"binance","symbol":"TRXUSDT","interval":"5m","verdict":"WAIT","score":56,"price":0.3192,"msg":"scanner"}
{"level":30,"time":1775397386197,"pid":17096,"hostname":"DESKTOP-KPAMGTB","module":"binance","symbol":"DOTUSDT","interval":"5m","verdict":"WAIT","score":53,"price":1.222,"msg":"scanner"}
{"level":30,"time":1775397386301,"pid":17096,"hostname":"DESKTOP-KPAMGTB","module":"binance","symbol":"LINKUSDT","interval":"5m","verdict":"WAIT","score":38,"price":8.52,"msg":"scanner"}
{"level":30,"time":1775397386495,"pid":17096,"hostname":"DESKTOP-KPAMGTB","module":"binance","symbol":"MATICUSDT","interval":"5m","verdict":"WAIT","score":59,"price":0.3794,"msg":"scanner"}
{"level":30,"time":1775397386752,"pid":17096,"hostname":"DESKTOP-KPAMGTB","module":"binance","symbol":"LTCUSDT","interval":"5m","verdict":"WAIT","score":50,"price":52.89,"msg":"scanner"}
{"level":30,"time":1775397387030,"pid":17096,"hostname":"DESKTOP-KPAMGTB","module":"binance","symbol":"SHIBUSDT","interval":"5m","verdict":"WAIT","score":56,"price":0.00000584,"msg":"scanner"}
{"level":30,"time":1775397387122,"pid":17096,"hostname":"DESKTOP-KPAMGTB","module":"binance","symbol":"UNIUSDT","interval":"5m","verdict":"WAIT","score":53,"price":3.083,"msg":"scanner"}
{"level":30,"time":1775397387336,"pid":17096,"hostname":"DESKTOP-KPAMGTB","module":"binance","symbol":"ATOMUSDT","interval":"5m","verdict":"AVOID","score":34,"price":1.678,"msg":"scanner"}
{"level":30,"time":1775397387420,"pid":17096,"hostname":"DESKTOP-KPAMGTB","module":"binance","symbol":"ETCUSDT","interval":"5m","verdict":"WAIT","score":44,"price":8.45,"msg":"scanner"}
{"level":30,"time":1775397387522,"pid":17096,"hostname":"DESKTOP-KPAMGTB","module":"binance","symbol":"XLMUSDT","interval":"5m","verdict":"WAIT","score":53,"price":0.1587,"msg":"scanner"}
{"level":30,"time":1775397387711,"pid":17096,"hostname":"DESKTOP-KPAMGTB","module":"binance","symbol":"APTUSDT","interval":"5m","verdict":"WAIT","score":56,"price":0.835,"msg":"scanner"}
{"level":30,"time":1775397387854,"pid":17096,"hostname":"DESKTOP-KPAMGTB","module":"binance","symbol":"NEARUSDT","interval":"5m","verdict":"WAIT","score":59,"price":1.244,"msg":"scanner"}
{"level":30,"time":1775397415435,"pid":17096,"hostname":"DESKTOP-KPAMGTB","module":"binance","symbol":"AVAXUSDT","interval":"1h","verdict":"WAIT","score":47,"price":8.81,"msg":"scanner"}
{"level":30,"time":1775397416128,"pid":17096,"hostname":"DESKTOP-KPAMGTB","module":"binance","symbol":"LINKUSDT","interval":"1h","verdict":"WAIT","score":50,"price":8.53,"msg":"scanner"}
{"level":30,"time":1775397416910,"pid":17096,"hostname":"DESKTOP-KPAMGTB","module":"binance","symbol":"DOTUSDT","interval":"1h","verdict":"WAIT","score":47,"price":1.222,"msg":"scanner"}
{"level":30,"time":1775397417235,"pid":17096,"hostname":"DESKTOP-KPAMGTB","module":"binance","symbol":"LTCUSDT","interval":"5m","verdict":"WAIT","score":50,"price":52.89,"msg":"scanner"}
{"level":30,"time":1775397417448,"pid":17096,"hostname":"DESKTOP-KPAMGTB","module":"binance","symbol":"UNIUSDT","interval":"5m","verdict":"WAIT","score":53,"price":3.083,"msg":"scanner"}
{"level":30,"time":1775397417830,"pid":17096,"hostname":"DESKTOP-KPAMGTB","module":"binance","symbol":"XLMUSDT","interval":"5m","verdict":"WAIT","score":53,"price":0.1587,"msg":"scanner"}
{"level":30,"time":1775397418135,"pid":17096,"hostname":"DESKTOP-KPAMGTB","module":"binance","symbol":"NEARUSDT","interval":"5m","verdict":"WAIT","score":59,"price":1.244,"msg":"scanner"}
{"level":30,"time":1775397444649,"pid":17096,"hostname":"DESKTOP-KPAMGTB","module":"binance","symbol":"BTCUSDT","interval":"5m","verdict":"WAIT","score":44,"price":66887.51,"msg":"scanner"}
{"level":30,"time":1775397444714,"pid":17096,"hostname":"DESKTOP-KPAMGTB","module":"binance","symbol":"ETHUSDT","interval":"5m","verdict":"WAIT","score":50,"price":2035.5,"msg":"scanner"}
{"level":30,"time":1775397444727,"pid":17096,"hostname":"DESKTOP-KPAMGTB","module":"binance","symbol":"BTCUSDT","interval":"4h","verdict":"AVOID","score":34,"price":66885.4,"msg":"scanner"}
{"level":30,"time":1775397444911,"pid":17096,"hostname":"DESKTOP-KPAMGTB","module":"binance","symbol":"ETHUSDT","interval":"4h","verdict":"AVOID","score":34,"price":2035.5,"msg":"scanner"}
{"level":30,"time":1775397444975,"pid":17096,"hostname":"DESKTOP-KPAMGTB","module":"binance","symbol":"BNBUSDT","interval":"5m","verdict":"WAIT","score":53,"price":589.16,"msg":"scanner"}
{"level":30,"time":1775397445063,"pid":17096,"hostname":"DESKTOP-KPAMGTB","module":"binance","symbol":"BNBUSDT","interval":"4h","verdict":"WAIT","score":41,"price":589.16,"msg":"scanner"}
{"level":30,"time":1775397445083,"pid":17096,"hostname":"DESKTOP-KPAMGTB","module":"binance","symbol":"SOLUSDT","interval":"5m","verdict":"WAIT","score":53,"price":79.07,"msg":"scanner"}
{"level":30,"time":1775397445268,"pid":17096,"hostname":"DESKTOP-KPAMGTB","module":"binance","symbol":"SOLUSDT","interval":"4h","verdict":"AVOID","score":31,"price":79.07,"msg":"scanner"}
{"level":30,"time":1775397445282,"pid":17096,"hostname":"DESKTOP-KPAMGTB","module":"binance","symbol":"XRPUSDT","interval":"5m","verdict":"WAIT","score":41,"price":1.2879,"msg":"scanner"}
{"level":30,"time":1775397445404,"pid":17096,"hostname":"DESKTOP-KPAMGTB","module":"binance","symbol":"XRPUSDT","interval":"4h","verdict":"WAIT","score":38,"price":1.2879,"msg":"scanner"}
{"level":30,"time":1775397445412,"pid":17096,"hostname":"DESKTOP-KPAMGTB","module":"binance","symbol":"DOGEUSDT","interval":"5m","verdict":"WAIT","score":47,"price":0.09022,"msg":"scanner"}
{"level":30,"time":1775397445719,"pid":17096,"hostname":"DESKTOP-KPAMGTB","module":"binance","symbol":"ADAUSDT","interval":"5m","verdict":"WAIT","score":53,"price":0.2416,"msg":"scanner"}
{"level":30,"time":1775397445776,"pid":17096,"hostname":"DESKTOP-KPAMGTB","module":"binance","symbol":"AVAXUSDT","interval":"5m","verdict":"WAIT","score":53,"price":8.81,"msg":"scanner"}
{"level":30,"time":1775397446034,"pid":17096,"hostname":"DESKTOP-KPAMGTB","module":"binance","symbol":"TRXUSDT","interval":"5m","verdict":"WAIT","score":53,"price":0.3193,"msg":"scanner"}
{"level":30,"time":1775397446184,"pid":17096,"hostname":"DESKTOP-KPAMGTB","module":"binance","symbol":"DOTUSDT","interval":"5m","verdict":"WAIT","score":53,"price":1.222,"msg":"scanner"}
{"level":30,"time":1775397446448,"pid":17096,"hostname":"DESKTOP-KPAMGTB","module":"binance","symbol":"LINKUSDT","interval":"5m","verdict":"WAIT","score":44,"price":8.53,"msg":"scanner"}
{"level":30,"time":1775397446757,"pid":17096,"hostname":"DESKTOP-KPAMGTB","module":"binance","symbol":"MATICUSDT","interval":"5m","verdict":"WAIT","score":59,"price":0.3794,"msg":"scanner"}
{"level":30,"time":1775397447074,"pid":17096,"hostname":"DESKTOP-KPAMGTB","module":"binance","symbol":"SHIBUSDT","interval":"5m","verdict":"WAIT","score":56,"price":0.00000585,"msg":"scanner"}
{"level":30,"time":1775397447230,"pid":17096,"hostname":"DESKTOP-KPAMGTB","module":"binance","symbol":"ATOMUSDT","interval":"5m","verdict":"AVOID","score":34,"price":1.678,"msg":"scanner"}
{"level":30,"time":1775397447434,"pid":17096,"hostname":"DESKTOP-KPAMGTB","module":"binance","symbol":"ETCUSDT","interval":"5m","verdict":"WAIT","score":44,"price":8.45,"msg":"scanner"}
{"level":30,"time":1775397447754,"pid":17096,"hostname":"DESKTOP-KPAMGTB","module":"binance","symbol":"APTUSDT","interval":"5m","verdict":"WAIT","score":56,"price":0.835,"msg":"scanner"}
{"level":30,"time":1775397474695,"pid":17096,"hostname":"DESKTOP-KPAMGTB","module":"binance","symbol":"BTCUSDT","interval":"1h","verdict":"AVOID","score":34,"price":66885.28,"msg":"scanner"}
{"level":30,"time":1775397475035,"pid":17096,"hostname":"DESKTOP-KPAMGTB","module":"binance","symbol":"BNBUSDT","interval":"1h","verdict":"AVOID","score":28,"price":589.26,"msg":"scanner"}
{"level":30,"time":1775397475075,"pid":17096,"hostname":"DESKTOP-KPAMGTB","module":"binance","symbol":"SOLUSDT","interval":"1h","verdict":"WAIT","score":38,"price":79.09,"msg":"scanner"}
{"level":30,"time":1775397475191,"pid":17096,"hostname":"DESKTOP-KPAMGTB","module":"binance","symbol":"XRPUSDT","interval":"1h","verdict":"WAIT","score":50,"price":1.2885,"msg":"scanner"}
{"level":30,"time":1775397475336,"pid":17096,"hostname":"DESKTOP-KPAMGTB","module":"binance","symbol":"DOGEUSDT","interval":"1h","verdict":"WAIT","score":47,"price":0.09023,"msg":"scanner"}
{"level":30,"time":1775397475533,"pid":17096,"hostname":"DESKTOP-KPAMGTB","module":"binance","symbol":"ADAUSDT","interval":"1h","verdict":"WAIT","score":47,"price":0.2417,"msg":"scanner"}
{"level":30,"time":1775397476757,"pid":17096,"hostname":"DESKTOP-KPAMGTB","module":"binance","symbol":"LTCUSDT","interval":"5m","verdict":"WAIT","score":50,"price":52.89,"msg":"scanner"}
{"level":30,"time":1775397477247,"pid":17096,"hostname":"DESKTOP-KPAMGTB","module":"binance","symbol":"UNIUSDT","interval":"5m","verdict":"WAIT","score":53,"price":3.083,"msg":"scanner"}
{"level":30,"time":1775397477267,"pid":17096,"hostname":"DESKTOP-KPAMGTB","module":"binance","symbol":"SHIBUSDT","interval":"1h","verdict":"WAIT","score":50,"price":0.00000584,"msg":"scanner"}
{"level":30,"time":1775397477576,"pid":17096,"hostname":"DESKTOP-KPAMGTB","module":"binance","symbol":"ATOMUSDT","interval":"1h","verdict":"AVOID","score":34,"price":1.675,"msg":"scanner"}
{"level":30,"time":1775397477865,"pid":17096,"hostname":"DESKTOP-KPAMGTB","module":"binance","symbol":"ETCUSDT","interval":"5m","verdict":"WAIT","score":44,"price":8.45,"msg":"scanner"}
{"level":30,"time":1775397477887,"pid":17096,"hostname":"DESKTOP-KPAMGTB","module":"binance","symbol":"ETCUSDT","interval":"1h","verdict":"WAIT","score":50,"price":8.45,"msg":"scanner"}
{"level":30,"time":1775397477959,"pid":17096,"hostname":"DESKTOP-KPAMGTB","module":"binance","symbol":"XLMUSDT","interval":"5m","verdict":"WAIT","score":53,"price":0.1587,"msg":"scanner"}
{"level":30,"time":1775397478013,"pid":17096,"hostname":"DESKTOP-KPAMGTB","module":"binance","symbol":"XLMUSDT","interval":"1h","verdict":"WAIT","score":44,"price":0.1587,"msg":"scanner"}
{"level":30,"time":1775397478283,"pid":17096,"hostname":"DESKTOP-KPAMGTB","module":"binance","symbol":"APTUSDT","interval":"5m","verdict":"WAIT","score":56,"price":0.835,"msg":"scanner"}
{"level":30,"time":1775397478293,"pid":17096,"hostname":"DESKTOP-KPAMGTB","module":"binance","symbol":"APTUSDT","interval":"1h","verdict":"WAIT","score":41,"price":0.835,"msg":"scanner"}
{"level":30,"time":1775397478420,"pid":17096,"hostname":"DESKTOP-KPAMGTB","module":"binance","symbol":"NEARUSDT","interval":"5m","verdict":"WAIT","score":53,"price":1.245,"msg":"scanner"}
{"level":30,"time":1775397478489,"pid":17096,"hostname":"DESKTOP-KPAMGTB","module":"binance","symbol":"NEARUSDT","interval":"1h","verdict":"WAIT","score":53,"price":1.245,"msg":"scanner"}
{"level":30,"time":1775397504692,"pid":17096,"hostname":"DESKTOP-KPAMGTB","module":"binance","symbol":"BTCUSDT","interval":"5m","verdict":"WAIT","score":44,"price":66907.84,"msg":"scanner"}
{"level":30,"time":1775397504710,"pid":17096,"hostname":"DESKTOP-KPAMGTB","module":"binance","symbol":"ETHUSDT","interval":"5m","verdict":"WAIT","score":44,"price":2036.86,"msg":"scanner"}
{"level":30,"time":1775397505008,"pid":17096,"hostname":"DESKTOP-KPAMGTB","module":"binance","symbol":"BNBUSDT","interval":"5m","verdict":"WAIT","score":53,"price":589.44,"msg":"scanner"}
{"level":30,"time":1775397505025,"pid":17096,"hostname":"DESKTOP-KPAMGTB","module":"binance","symbol":"ETHUSDT","interval":"1h","verdict":"WAIT","score":41,"price":2036.86,"msg":"scanner"}
{"level":30,"time":1775397505086,"pid":17096,"hostname":"DESKTOP-KPAMGTB","module":"binance","symbol":"SOLUSDT","interval":"5m","verdict":"WAIT","score":56,"price":79.22,"msg":"scanner"}
{"level":30,"time":1775397505204,"pid":17096,"hostname":"DESKTOP-KPAMGTB","module":"binance","symbol":"XRPUSDT","interval":"5m","verdict":"WAIT","score":44,"price":1.2895,"msg":"scanner"}
{"level":30,"time":1775397505432,"pid":17096,"hostname":"DESKTOP-KPAMGTB","module":"binance","symbol":"DOGEUSDT","interval":"5m","verdict":"WAIT","score":47,"price":0.09028,"msg":"scanner"}
{"level":30,"time":1775397505514,"pid":17096,"hostname":"DESKTOP-KPAMGTB","module":"binance","symbol":"ADAUSDT","interval":"5m","verdict":"WAIT","score":59,"price":0.2419,"msg":"scanner"}
{"level":30,"time":1775397505610,"pid":17096,"hostname":"DESKTOP-KPAMGTB","module":"binance","symbol":"AVAXUSDT","interval":"5m","verdict":"WAIT","score":53,"price":8.82,"msg":"scanner"}
{"level":30,"time":1775397505619,"pid":17096,"hostname":"DESKTOP-KPAMGTB","module":"binance","symbol":"ADAUSDT","interval":"4h","verdict":"AVOID","score":31,"price":0.2419,"msg":"scanner"}
{"level":30,"time":1775397505825,"pid":17096,"hostname":"DESKTOP-KPAMGTB","module":"binance","symbol":"AVAXUSDT","interval":"4h","verdict":"AVOID","score":34,"price":8.82,"msg":"scanner"}
{"level":30,"time":1775397505840,"pid":17096,"hostname":"DESKTOP-KPAMGTB","module":"binance","symbol":"TRXUSDT","interval":"5m","verdict":"WAIT","score":53,"price":0.3193,"msg":"scanner"}
{"level":30,"time":1775397506003,"pid":17096,"hostname":"DESKTOP-KPAMGTB","module":"binance","symbol":"TRXUSDT","interval":"1h","verdict":"BUY","score":66,"price":0.3193,"msg":"scanner"}
{"level":30,"time":1775397506162,"pid":17096,"hostname":"DESKTOP-KPAMGTB","module":"binance","symbol":"DOTUSDT","interval":"5m","verdict":"WAIT","score":56,"price":1.224,"msg":"scanner"}
{"level":30,"time":1775397506214,"pid":17096,"hostname":"DESKTOP-KPAMGTB","module":"binance","symbol":"DOTUSDT","interval":"4h","verdict":"AVOID","score":34,"price":1.224,"msg":"scanner"}
{"level":30,"time":1775397506314,"pid":17096,"hostname":"DESKTOP-KPAMGTB","module":"binance","symbol":"LINKUSDT","interval":"5m","verdict":"WAIT","score":44,"price":8.53,"msg":"scanner"}
{"level":30,"time":1775397506330,"pid":17096,"hostname":"DESKTOP-KPAMGTB","module":"binance","symbol":"TRXUSDT","interval":"4h","verdict":"WAIT","score":63,"price":0.3193,"msg":"scanner"}
{"level":30,"time":1775397506546,"pid":17096,"hostname":"DESKTOP-KPAMGTB","module":"binance","symbol":"MATICUSDT","interval":"5m","verdict":"WAIT","score":59,"price":0.3794,"msg":"scanner"}
{"level":30,"time":1775397506577,"pid":17096,"hostname":"DESKTOP-KPAMGTB","module":"binance","symbol":"LINKUSDT","interval":"4h","verdict":"AVOID","score":34,"price":8.53,"msg":"scanner"}
{"level":30,"time":1775397506640,"pid":17096,"hostname":"DESKTOP-KPAMGTB","module":"binance","symbol":"MATICUSDT","interval":"1h","verdict":"WAIT","score":47,"price":0.3794,"msg":"scanner"}
{"level":30,"time":1775397506660,"pid":17096,"hostname":"DESKTOP-KPAMGTB","module":"binance","symbol":"MATICUSDT","interval":"4h","verdict":"WAIT","score":41,"price":0.3794,"msg":"scanner"}
{"level":30,"time":1775397506932,"pid":17096,"hostname":"DESKTOP-KPAMGTB","module":"binance","symbol":"LTCUSDT","interval":"1h","verdict":"WAIT","score":44,"price":52.93,"msg":"scanner"}
{"level":30,"time":1775397506965,"pid":17096,"hostname":"DESKTOP-KPAMGTB","module":"binance","symbol":"LTCUSDT","interval":"4h","verdict":"WAIT","score":44,"price":52.93,"msg":"scanner"}
{"level":30,"time":1775397506983,"pid":17096,"hostname":"DESKTOP-KPAMGTB","module":"binance","symbol":"SHIBUSDT","interval":"5m","verdict":"WAIT","score":56,"price":0.00000585,"msg":"scanner"}
{"level":30,"time":1775397507125,"pid":17096,"hostname":"DESKTOP-KPAMGTB","module":"binance","symbol":"UNIUSDT","interval":"1h","verdict":"WAIT","score":44,"price":3.085,"msg":"scanner"}
{"level":30,"time":1775397507251,"pid":17096,"hostname":"DESKTOP-KPAMGTB","module":"binance","symbol":"UNIUSDT","interval":"4h","verdict":"WAIT","score":59,"price":3.085,"msg":"scanner"}
{"level":30,"time":1775397507269,"pid":17096,"hostname":"DESKTOP-KPAMGTB","module":"binance","symbol":"ATOMUSDT","interval":"5m","verdict":"WAIT","score":38,"price":1.674,"msg":"scanner"}
{"level":30,"time":1775397507382,"pid":17096,"hostname":"DESKTOP-KPAMGTB","module":"binance","symbol":"ATOMUSDT","interval":"4h","verdict":"WAIT","score":41,"price":1.674,"msg":"scanner"}
{"level":30,"time":1775397508086,"pid":17096,"hostname":"DESKTOP-KPAMGTB","module":"binance","symbol":"ETCUSDT","interval":"4h","verdict":"WAIT","score":56,"price":8.46,"msg":"scanner"}
{"level":30,"time":1775397573599,"pid":18332,"hostname":"DESKTOP-KPAMGTB","module":"order-monitor","msg":"monitor iniciat"}
{"level":30,"time":1775397573705,"pid":18332,"hostname":"DESKTOP-KPAMGTB","module":"telegram","nextHourIn":0,"nextDailyIn":930,"msg":"scheduler iniciat"}
{"level":30,"time":1775397573745,"pid":18332,"hostname":"DESKTOP-KPAMGTB","module":"orders","symbol":"BTCUSDT","thresholds":[{"windowMin":5,"pct":5},{"windowMin":15,"pct":8},{"windowMin":60,"pct":12}],"pollMs":60000,"msg":"Crash monitor iniciat"}
{"level":30,"time":1775397573759,"pid":18332,"hostname":"DESKTOP-KPAMGTB","module":"auto-trader","msg":"auto-trader multi-bot iniciat (poll 60s)"}
{"level":30,"time":1775397575223,"pid":18332,"hostname":"DESKTOP-KPAMGTB","module":"binance","assets":23,"msg":"balance"}
{"level":30,"time":1775397575679,"pid":18332,"hostname":"DESKTOP-KPAMGTB","module":"order-monitor","count":4,"msg":"inicialitzat"}
{"level":30,"time":1775397590270,"pid":18332,"hostname":"DESKTOP-KPAMGTB","module":"binance","assets":23,"msg":"balance"}
{"level":30,"time":1775397603478,"pid":18332,"hostname":"DESKTOP-KPAMGTB","module":"telegram","msg":"informe horari enviat"}
{"level":30,"time":1775398135904,"pid":18332,"hostname":"DESKTOP-KPAMGTB","module":"binance","symbol":"ETHUSDT","interval":"1h","verdict":"WAIT","score":41,"price":2040.52,"msg":"scanner"}
{"level":30,"time":1775398135936,"pid":18332,"hostname":"DESKTOP-KPAMGTB","module":"binance","symbol":"SOLUSDT","interval":"1h","verdict":"WAIT","score":47,"price":79.38,"msg":"scanner"}
{"level":30,"time":1775398135945,"pid":18332,"hostname":"DESKTOP-KPAMGTB","module":"binance","symbol":"BNBUSDT","interval":"1h","verdict":"AVOID","score":31,"price":589.86,"msg":"scanner"}
{"level":30,"time":1775398135958,"pid":18332,"hostname":"DESKTOP-KPAMGTB","module":"binance","symbol":"XRPUSDT","interval":"1h","verdict":"WAIT","score":44,"price":1.2887,"msg":"scanner"}
{"level":30,"time":1775398135982,"pid":18332,"hostname":"DESKTOP-KPAMGTB","module":"binance","symbol":"BTCUSDT","interval":"1h","verdict":"WAIT","score":38,"price":66934.5,"msg":"scanner"}
{"level":30,"time":1775398135995,"pid":18332,"hostname":"DESKTOP-KPAMGTB","module":"binance","symbol":"BTCUSDT","interval":"4h","verdict":"AVOID","score":34,"price":66934.5,"msg":"scanner"}
{"level":30,"time":1775398136006,"pid":18332,"hostname":"DESKTOP-KPAMGTB","module":"binance","symbol":"BTCUSDT","interval":"5m","verdict":"WAIT","score":59,"price":66934.5,"msg":"scanner"}
{"level":30,"time":1775398138381,"pid":18332,"hostname":"DESKTOP-KPAMGTB","module":"binance","symbol":"ETHUSDT","interval":"5m","verdict":"WAIT","score":59,"price":2040.52,"msg":"scanner"}
{"level":30,"time":1775398138410,"pid":18332,"hostname":"DESKTOP-KPAMGTB","module":"binance","symbol":"ETHUSDT","interval":"5m","verdict":"WAIT","score":59,"price":2040.52,"msg":"scanner"}
{"level":30,"time":1775398138493,"pid":18332,"hostname":"DESKTOP-KPAMGTB","module":"binance","symbol":"BNBUSDT","interval":"5m","verdict":"WAIT","score":53,"price":589.85,"msg":"scanner"}
{"level":30,"time":1775398138509,"pid":18332,"hostname":"DESKTOP-KPAMGTB","module":"binance","symbol":"ETHUSDT","interval":"4h","verdict":"AVOID","score":34,"price":2040.52,"msg":"scanner"}
{"level":30,"time":1775398138537,"pid":18332,"hostname":"DESKTOP-KPAMGTB","module":"binance","symbol":"ETHUSDT","interval":"4h","verdict":"AVOID","score":34,"price":2040.52,"msg":"scanner"}
{"level":30,"time":1775398138660,"pid":18332,"hostname":"DESKTOP-KPAMGTB","module":"binance","symbol":"BNBUSDT","interval":"5m","verdict":"WAIT","score":53,"price":589.85,"msg":"scanner"}
{"level":30,"time":1775398138870,"pid":18332,"hostname":"DESKTOP-KPAMGTB","module":"binance","symbol":"BNBUSDT","interval":"4h","verdict":"WAIT","score":41,"price":589.85,"msg":"scanner"}
{"level":30,"time":1775398138894,"pid":18332,"hostname":"DESKTOP-KPAMGTB","module":"binance","symbol":"BNBUSDT","interval":"4h","verdict":"WAIT","score":41,"price":589.85,"msg":"scanner"}
{"level":30,"time":1775398139001,"pid":18332,"hostname":"DESKTOP-KPAMGTB","module":"binance","symbol":"SOLUSDT","interval":"5m","verdict":"WAIT","score":44,"price":79.38,"msg":"scanner"}
{"level":30,"time":1775398139066,"pid":18332,"hostname":"DESKTOP-KPAMGTB","module":"binance","symbol":"SOLUSDT","interval":"5m","verdict":"WAIT","score":44,"price":79.38,"msg":"scanner"}
{"level":30,"time":1775398139093,"pid":18332,"hostname":"DESKTOP-KPAMGTB","module":"binance","symbol":"SOLUSDT","interval":"4h","verdict":"AVOID","score":31,"price":79.38,"msg":"scanner"}
{"level":30,"time":1775398139379,"pid":18332,"hostname":"DESKTOP-KPAMGTB","module":"binance","symbol":"XRPUSDT","interval":"5m","verdict":"WAIT","score":44,"price":1.2888,"msg":"scanner"}
{"level":30,"time":1775398139404,"pid":18332,"hostname":"DESKTOP-KPAMGTB","module":"binance","symbol":"SOLUSDT","interval":"4h","verdict":"AVOID","score":31,"price":79.38,"msg":"scanner"}
{"level":30,"time":1775398139557,"pid":18332,"hostname":"DESKTOP-KPAMGTB","module":"binance","symbol":"XRPUSDT","interval":"5m","verdict":"WAIT","score":44,"price":1.2888,"msg":"scanner"}
{"level":30,"time":1775398139614,"pid":18332,"hostname":"DESKTOP-KPAMGTB","module":"binance","symbol":"XRPUSDT","interval":"4h","verdict":"WAIT","score":38,"price":1.2888,"msg":"scanner"}
{"level":30,"time":1775398139689,"pid":18332,"hostname":"DESKTOP-KPAMGTB","module":"binance","symbol":"XRPUSDT","interval":"4h","verdict":"WAIT","score":38,"price":1.2888,"msg":"scanner"}
{"level":30,"time":1775398139715,"pid":18332,"hostname":"DESKTOP-KPAMGTB","module":"binance","symbol":"DOGEUSDT","interval":"5m","verdict":"WAIT","score":56,"price":0.09043,"msg":"scanner"}
{"level":30,"time":1775398139863,"pid":18332,"hostname":"DESKTOP-KPAMGTB","module":"binance","symbol":"DOGEUSDT","interval":"5m","verdict":"WAIT","score":56,"price":0.09043,"msg":"scanner"}
{"level":30,"time":1775398139911,"pid":18332,"hostname":"DESKTOP-KPAMGTB","module":"binance","symbol":"DOGEUSDT","interval":"1h","verdict":"WAIT","score":41,"price":0.09043,"msg":"scanner"}
{"level":30,"time":1775398140005,"pid":18332,"hostname":"DESKTOP-KPAMGTB","module":"binance","symbol":"DOGEUSDT","interval":"4h","verdict":"WAIT","score":38,"price":0.09043,"msg":"scanner"}
{"level":30,"time":1775398140035,"pid":18332,"hostname":"DESKTOP-KPAMGTB","module":"binance","symbol":"DOGEUSDT","interval":"1h","verdict":"WAIT","score":41,"price":0.09043,"msg":"scanner"}
{"level":30,"time":1775398140156,"pid":18332,"hostname":"DESKTOP-KPAMGTB","module":"binance","symbol":"DOGEUSDT","interval":"4h","verdict":"WAIT","score":38,"price":0.09043,"msg":"scanner"}
{"level":30,"time":1775398140217,"pid":18332,"hostname":"DESKTOP-KPAMGTB","module":"binance","symbol":"ADAUSDT","interval":"5m","verdict":"WAIT","score":53,"price":0.2423,"msg":"scanner"}
{"level":30,"time":1775398140411,"pid":18332,"hostname":"DESKTOP-KPAMGTB","module":"binance","symbol":"ADAUSDT","interval":"1h","verdict":"WAIT","score":41,"price":0.2423,"msg":"scanner"}
{"level":30,"time":1775398140443,"pid":18332,"hostname":"DESKTOP-KPAMGTB","module":"binance","symbol":"ADAUSDT","interval":"5m","verdict":"WAIT","score":53,"price":0.2423,"msg":"scanner"}
{"level":30,"time":1775398140534,"pid":18332,"hostname":"DESKTOP-KPAMGTB","module":"binance","symbol":"ADAUSDT","interval":"1h","verdict":"WAIT","score":41,"price":0.2423,"msg":"scanner"}
{"level":30,"time":1775398140543,"pid":18332,"hostname":"DESKTOP-KPAMGTB","module":"binance","symbol":"ADAUSDT","interval":"4h","verdict":"AVOID","score":31,"price":0.2423,"msg":"scanner"}
{"level":30,"time":1775398140721,"pid":18332,"hostname":"DESKTOP-KPAMGTB","module":"binance","symbol":"AVAXUSDT","interval":"5m","verdict":"WAIT","score":56,"price":8.84,"msg":"scanner"}
{"level":30,"time":1775398140765,"pid":18332,"hostname":"DESKTOP-KPAMGTB","module":"binance","symbol":"ADAUSDT","interval":"4h","verdict":"AVOID","score":31,"price":0.2423,"msg":"scanner"}
{"level":30,"time":1775398140788,"pid":18332,"hostname":"DESKTOP-KPAMGTB","module":"binance","symbol":"AVAXUSDT","interval":"5m","verdict":"WAIT","score":56,"price":8.84,"msg":"scanner"}
{"level":30,"time":1775398141470,"pid":18332,"hostname":"DESKTOP-KPAMGTB","module":"binance","symbol":"AVAXUSDT","interval":"1h","verdict":"WAIT","score":41,"price":8.84,"msg":"scanner"}
{"level":30,"time":1775398141492,"pid":18332,"hostname":"DESKTOP-KPAMGTB","module":"binance","symbol":"AVAXUSDT","interval":"1h","verdict":"WAIT","score":41,"price":8.84,"msg":"scanner"}
{"level":30,"time":1775398141530,"pid":18332,"hostname":"DESKTOP-KPAMGTB","module":"binance","symbol":"AVAXUSDT","interval":"4h","verdict":"AVOID","score":31,"price":8.84,"msg":"scanner"}
{"level":30,"time":1775398141542,"pid":18332,"hostname":"DESKTOP-KPAMGTB","module":"binance","symbol":"TRXUSDT","interval":"5m","verdict":"WAIT","score":53,"price":0.3194,"msg":"scanner"}
{"level":30,"time":1775398141571,"pid":18332,"hostname":"DESKTOP-KPAMGTB","module":"binance","symbol":"AVAXUSDT","interval":"4h","verdict":"AVOID","score":31,"price":8.84,"msg":"scanner"}
{"level":30,"time":1775398141769,"pid":18332,"hostname":"DESKTOP-KPAMGTB","module":"binance","symbol":"TRXUSDT","interval":"5m","verdict":"WAIT","score":53,"price":0.3194,"msg":"scanner"}
{"level":30,"time":1775398141832,"pid":18332,"hostname":"DESKTOP-KPAMGTB","module":"binance","symbol":"TRXUSDT","interval":"1h","verdict":"WAIT","score":63,"price":0.3194,"msg":"scanner"}
{"level":30,"time":1775398141858,"pid":18332,"hostname":"DESKTOP-KPAMGTB","module":"binance","symbol":"TRXUSDT","interval":"1h","verdict":"WAIT","score":63,"price":0.3194,"msg":"scanner"}
{"level":30,"time":1775398141891,"pid":18332,"hostname":"DESKTOP-KPAMGTB","module":"binance","symbol":"TRXUSDT","interval":"4h","verdict":"WAIT","score":63,"price":0.3194,"msg":"scanner"}
{"level":30,"time":1775398141903,"pid":18332,"hostname":"DESKTOP-KPAMGTB","module":"binance","symbol":"TRXUSDT","interval":"4h","verdict":"WAIT","score":63,"price":0.3194,"msg":"scanner"}
{"level":30,"time":1775398142052,"pid":18332,"hostname":"DESKTOP-KPAMGTB","module":"binance","symbol":"DOTUSDT","interval":"5m","verdict":"WAIT","score":53,"price":1.227,"msg":"scanner"}
{"level":30,"time":1775398142123,"pid":18332,"hostname":"DESKTOP-KPAMGTB","module":"binance","symbol":"DOTUSDT","interval":"1h","verdict":"WAIT","score":41,"price":1.227,"msg":"scanner"}
{"level":30,"time":1775398142209,"pid":18332,"hostname":"DESKTOP-KPAMGTB","module":"binance","symbol":"DOTUSDT","interval":"5m","verdict":"WAIT","score":53,"price":1.227,"msg":"scanner"}
{"level":30,"time":1775398142271,"pid":18332,"hostname":"DESKTOP-KPAMGTB","module":"binance","symbol":"DOTUSDT","interval":"1h","verdict":"WAIT","score":41,"price":1.227,"msg":"scanner"}
{"level":30,"time":1775398142292,"pid":18332,"hostname":"DESKTOP-KPAMGTB","module":"binance","symbol":"DOTUSDT","interval":"4h","verdict":"AVOID","score":31,"price":1.227,"msg":"scanner"}
{"level":30,"time":1775398142335,"pid":18332,"hostname":"DESKTOP-KPAMGTB","module":"binance","symbol":"DOTUSDT","interval":"4h","verdict":"AVOID","score":31,"price":1.227,"msg":"scanner"}
{"level":30,"time":1775398142403,"pid":18332,"hostname":"DESKTOP-KPAMGTB","module":"binance","symbol":"LINKUSDT","interval":"5m","verdict":"WAIT","score":56,"price":8.55,"msg":"scanner"}
{"level":30,"time":1775398142478,"pid":18332,"hostname":"DESKTOP-KPAMGTB","module":"binance","symbol":"LINKUSDT","interval":"5m","verdict":"WAIT","score":56,"price":8.55,"msg":"scanner"}
{"level":30,"time":1775398142562,"pid":18332,"hostname":"DESKTOP-KPAMGTB","module":"binance","symbol":"LINKUSDT","interval":"1h","verdict":"WAIT","score":41,"price":8.55,"msg":"scanner"}
{"level":30,"time":1775398142587,"pid":18332,"hostname":"DESKTOP-KPAMGTB","module":"binance","symbol":"LINKUSDT","interval":"4h","verdict":"WAIT","score":38,"price":8.55,"msg":"scanner"}
{"level":30,"time":1775398142613,"pid":18332,"hostname":"DESKTOP-KPAMGTB","module":"binance","symbol":"LINKUSDT","interval":"1h","verdict":"WAIT","score":41,"price":8.55,"msg":"scanner"}
{"level":30,"time":1775398142675,"pid":18332,"hostname":"DESKTOP-KPAMGTB","module":"binance","symbol":"LINKUSDT","interval":"4h","verdict":"WAIT","score":38,"price":8.55,"msg":"scanner"}
{"level":30,"time":1775398142769,"pid":18332,"hostname":"DESKTOP-KPAMGTB","module":"binance","symbol":"MATICUSDT","interval":"5m","verdict":"WAIT","score":59,"price":0.3794,"msg":"scanner"}
{"level":30,"time":1775398142853,"pid":18332,"hostname":"DESKTOP-KPAMGTB","module":"binance","symbol":"MATICUSDT","interval":"5m","verdict":"WAIT","score":59,"price":0.3794,"msg":"scanner"}
{"level":30,"time":1775398142885,"pid":18332,"hostname":"DESKTOP-KPAMGTB","module":"binance","symbol":"MATICUSDT","interval":"1h","verdict":"WAIT","score":47,"price":0.3794,"msg":"scanner"}
{"level":30,"time":1775398142906,"pid":18332,"hostname":"DESKTOP-KPAMGTB","module":"binance","symbol":"MATICUSDT","interval":"1h","verdict":"WAIT","score":47,"price":0.3794,"msg":"scanner"}
{"level":30,"time":1775398142963,"pid":18332,"hostname":"DESKTOP-KPAMGTB","module":"binance","symbol":"MATICUSDT","interval":"4h","verdict":"WAIT","score":41,"price":0.3794,"msg":"scanner"}
{"level":30,"time":1775398143068,"pid":18332,"hostname":"DESKTOP-KPAMGTB","module":"binance","symbol":"LTCUSDT","interval":"5m","verdict":"WAIT","score":53,"price":52.96,"msg":"scanner"}
{"level":30,"time":1775398143188,"pid":18332,"hostname":"DESKTOP-KPAMGTB","module":"binance","symbol":"MATICUSDT","interval":"4h","verdict":"WAIT","score":41,"price":0.3794,"msg":"scanner"}
{"level":30,"time":1775398143209,"pid":18332,"hostname":"DESKTOP-KPAMGTB","module":"binance","symbol":"LTCUSDT","interval":"5m","verdict":"WAIT","score":53,"price":52.96,"msg":"scanner"}
{"level":30,"time":1775398143221,"pid":18332,"hostname":"DESKTOP-KPAMGTB","module":"binance","symbol":"LTCUSDT","interval":"1h","verdict":"WAIT","score":41,"price":52.96,"msg":"scanner"}
{"level":30,"time":1775398143273,"pid":18332,"hostname":"DESKTOP-KPAMGTB","module":"binance","symbol":"LTCUSDT","interval":"1h","verdict":"WAIT","score":41,"price":52.96,"msg":"scanner"}
{"level":30,"time":1775398143371,"pid":18332,"hostname":"DESKTOP-KPAMGTB","module":"binance","symbol":"LTCUSDT","interval":"4h","verdict":"WAIT","score":41,"price":52.96,"msg":"scanner"}
{"level":30,"time":1775398143519,"pid":18332,"hostname":"DESKTOP-KPAMGTB","module":"binance","symbol":"LTCUSDT","interval":"4h","verdict":"WAIT","score":41,"price":52.96,"msg":"scanner"}
{"level":30,"time":1775398143558,"pid":18332,"hostname":"DESKTOP-KPAMGTB","module":"binance","symbol":"SHIBUSDT","interval":"5m","verdict":"WAIT","score":53,"price":0.00000586,"msg":"scanner"}
{"level":30,"time":1775398143569,"pid":18332,"hostname":"DESKTOP-KPAMGTB","module":"binance","symbol":"SHIBUSDT","interval":"1h","verdict":"WAIT","score":41,"price":0.00000586,"msg":"scanner"}
{"level":30,"time":1775398143595,"pid":18332,"hostname":"DESKTOP-KPAMGTB","module":"binance","symbol":"SHIBUSDT","interval":"5m","verdict":"WAIT","score":53,"price":0.00000586,"msg":"scanner"}
{"level":30,"time":1775398143669,"pid":18332,"hostname":"DESKTOP-KPAMGTB","module":"binance","symbol":"SHIBUSDT","interval":"1h","verdict":"WAIT","score":41,"price":0.00000586,"msg":"scanner"}
{"level":30,"time":1775398143789,"pid":18332,"hostname":"DESKTOP-KPAMGTB","module":"binance","symbol":"SHIBUSDT","interval":"4h","verdict":"WAIT","score":38,"price":0.00000586,"msg":"scanner"}
{"level":30,"time":1775398143873,"pid":18332,"hostname":"DESKTOP-KPAMGTB","module":"binance","symbol":"SHIBUSDT","interval":"4h","verdict":"WAIT","score":38,"price":0.00000586,"msg":"scanner"}
{"level":30,"time":1775398143904,"pid":18332,"hostname":"DESKTOP-KPAMGTB","module":"binance","symbol":"UNIUSDT","interval":"5m","verdict":"WAIT","score":41,"price":3.088,"msg":"scanner"}
{"level":30,"time":1775398144010,"pid":18332,"hostname":"DESKTOP-KPAMGTB","module":"binance","symbol":"UNIUSDT","interval":"1h","verdict":"WAIT","score":50,"price":3.088,"msg":"scanner"}
{"level":30,"time":1775398144027,"pid":18332,"hostname":"DESKTOP-KPAMGTB","module":"binance","symbol":"UNIUSDT","interval":"5m","verdict":"WAIT","score":41,"price":3.088,"msg":"scanner"}
{"level":30,"time":1775398144074,"pid":18332,"hostname":"DESKTOP-KPAMGTB","module":"binance","symbol":"UNIUSDT","interval":"4h","verdict":"WAIT","score":56,"price":3.088,"msg":"scanner"}
{"level":30,"time":1775398144216,"pid":18332,"hostname":"DESKTOP-KPAMGTB","module":"binance","symbol":"UNIUSDT","interval":"1h","verdict":"WAIT","score":50,"price":3.088,"msg":"scanner"}
{"level":30,"time":1775398144233,"pid":18332,"hostname":"DESKTOP-KPAMGTB","module":"binance","symbol":"UNIUSDT","interval":"4h","verdict":"WAIT","score":56,"price":3.088,"msg":"scanner"}
{"level":30,"time":1775398144373,"pid":18332,"hostname":"DESKTOP-KPAMGTB","module":"binance","symbol":"ATOMUSDT","interval":"1h","verdict":"WAIT","score":44,"price":1.678,"msg":"scanner"}
{"level":30,"time":1775398144383,"pid":18332,"hostname":"DESKTOP-KPAMGTB","module":"binance","symbol":"ATOMUSDT","interval":"5m","verdict":"WAIT","score":38,"price":1.678,"msg":"scanner"}
{"level":30,"time":1775398144401,"pid":18332,"hostname":"DESKTOP-KPAMGTB","module":"binance","symbol":"ATOMUSDT","interval":"5m","verdict":"WAIT","score":38,"price":1.678,"msg":"scanner"}
{"level":30,"time":1775398144583,"pid":18332,"hostname":"DESKTOP-KPAMGTB","module":"binance","symbol":"ATOMUSDT","interval":"4h","verdict":"WAIT","score":38,"price":1.678,"msg":"scanner"}
{"level":30,"time":1775398144618,"pid":18332,"hostname":"DESKTOP-KPAMGTB","module":"binance","symbol":"ATOMUSDT","interval":"1h","verdict":"WAIT","score":44,"price":1.678,"msg":"scanner"}
{"level":30,"time":1775398144712,"pid":18332,"hostname":"DESKTOP-KPAMGTB","module":"binance","symbol":"ETCUSDT","interval":"5m","verdict":"WAIT","score":53,"price":8.47,"msg":"scanner"}
{"level":30,"time":1775398144738,"pid":18332,"hostname":"DESKTOP-KPAMGTB","module":"binance","symbol":"ATOMUSDT","interval":"4h","verdict":"WAIT","score":38,"price":1.678,"msg":"scanner"}
{"level":30,"time":1775398144751,"pid":18332,"hostname":"DESKTOP-KPAMGTB","module":"binance","symbol":"ETCUSDT","interval":"5m","verdict":"WAIT","score":53,"price":8.47,"msg":"scanner"}
{"level":30,"time":1775398144844,"pid":18332,"hostname":"DESKTOP-KPAMGTB","module":"binance","symbol":"ETCUSDT","interval":"1h","verdict":"WAIT","score":53,"price":8.47,"msg":"scanner"}
{"level":30,"time":1775398144915,"pid":18332,"hostname":"DESKTOP-KPAMGTB","module":"binance","symbol":"ETCUSDT","interval":"1h","verdict":"WAIT","score":53,"price":8.47,"msg":"scanner"}
{"level":30,"time":1775398145020,"pid":18332,"hostname":"DESKTOP-KPAMGTB","module":"binance","symbol":"ETCUSDT","interval":"4h","verdict":"WAIT","score":56,"price":8.47,"msg":"scanner"}
{"level":30,"time":1775398145040,"pid":18332,"hostname":"DESKTOP-KPAMGTB","module":"binance","symbol":"XLMUSDT","interval":"5m","verdict":"WAIT","score":56,"price":0.1583,"msg":"scanner"}
{"level":30,"time":1775398145068,"pid":18332,"hostname":"DESKTOP-KPAMGTB","module":"binance","symbol":"ETCUSDT","interval":"4h","verdict":"WAIT","score":56,"price":8.47,"msg":"scanner"}
{"level":30,"time":1775398145114,"pid":18332,"hostname":"DESKTOP-KPAMGTB","module":"binance","symbol":"XLMUSDT","interval":"1h","verdict":"WAIT","score":47,"price":0.1583,"msg":"scanner"}
{"level":30,"time":1775398145189,"pid":18332,"hostname":"DESKTOP-KPAMGTB","module":"binance","symbol":"XLMUSDT","interval":"5m","verdict":"WAIT","score":56,"price":0.1583,"msg":"scanner"}
{"level":30,"time":1775398145311,"pid":18332,"hostname":"DESKTOP-KPAMGTB","module":"binance","symbol":"XLMUSDT","interval":"1h","verdict":"WAIT","score":47,"price":0.1583,"msg":"scanner"}
{"level":30,"time":1775398145343,"pid":18332,"hostname":"DESKTOP-KPAMGTB","module":"binance","symbol":"XLMUSDT","interval":"4h","verdict":"WAIT","score":38,"price":0.1583,"msg":"scanner"}
{"level":30,"time":1775398145393,"pid":18332,"hostname":"DESKTOP-KPAMGTB","module":"binance","symbol":"XLMUSDT","interval":"4h","verdict":"WAIT","score":38,"price":0.1583,"msg":"scanner"}
{"level":30,"time":1775398145465,"pid":18332,"hostname":"DESKTOP-KPAMGTB","module":"binance","symbol":"APTUSDT","interval":"5m","verdict":"WAIT","score":56,"price":0.839,"msg":"scanner"}
{"level":30,"time":1775398145687,"pid":18332,"hostname":"DESKTOP-KPAMGTB","module":"binance","symbol":"APTUSDT","interval":"1h","verdict":"WAIT","score":38,"price":0.839,"msg":"scanner"}
{"level":30,"time":1775398145703,"pid":18332,"hostname":"DESKTOP-KPAMGTB","module":"binance","symbol":"APTUSDT","interval":"5m","verdict":"WAIT","score":56,"price":0.839,"msg":"scanner"}
{"level":30,"time":1775398145724,"pid":18332,"hostname":"DESKTOP-KPAMGTB","module":"binance","symbol":"APTUSDT","interval":"4h","verdict":"WAIT","score":53,"price":0.839,"msg":"scanner"}
{"level":30,"time":1775398145849,"pid":18332,"hostname":"DESKTOP-KPAMGTB","module":"binance","symbol":"APTUSDT","interval":"1h","verdict":"WAIT","score":38,"price":0.839,"msg":"scanner"}
{"level":30,"time":1775398145911,"pid":18332,"hostname":"DESKTOP-KPAMGTB","module":"binance","symbol":"APTUSDT","interval":"4h","verdict":"WAIT","score":53,"price":0.839,"msg":"scanner"}
{"level":30,"time":1775398146053,"pid":18332,"hostname":"DESKTOP-KPAMGTB","module":"binance","symbol":"NEARUSDT","interval":"5m","verdict":"WAIT","score":53,"price":1.247,"msg":"scanner"}
{"level":30,"time":1775398146223,"pid":18332,"hostname":"DESKTOP-KPAMGTB","module":"binance","symbol":"NEARUSDT","interval":"1h","verdict":"WAIT","score":56,"price":1.247,"msg":"scanner"}
{"level":30,"time":1775398146242,"pid":18332,"hostname":"DESKTOP-KPAMGTB","module":"binance","symbol":"NEARUSDT","interval":"4h","verdict":"WAIT","score":59,"price":1.247,"msg":"scanner"}
{"level":30,"time":1775398146473,"pid":18332,"hostname":"DESKTOP-KPAMGTB","module":"binance","symbol":"NEARUSDT","interval":"4h","verdict":"WAIT","score":59,"price":1.247,"msg":"scanner"}
{"level":30,"time":1775398146489,"pid":18332,"hostname":"DESKTOP-KPAMGTB","module":"binance","symbol":"NEARUSDT","interval":"1h","verdict":"WAIT","score":56,"price":1.247,"msg":"scanner"}
{"level":30,"time":1775398146766,"pid":18332,"hostname":"DESKTOP-KPAMGTB","module":"binance","symbol":"NEARUSDT","interval":"5m","verdict":"WAIT","score":53,"price":1.247,"msg":"scanner"}
{"level":50,"time":1775398475974,"pid":18332,"hostname":"DESKTOP-KPAMGTB","module":"api","source":"orders","code":"NETWORK","err":"fetch failed","msg":"error de ruta"}
{"level":30,"time":1775401203117,"pid":18332,"hostname":"DESKTOP-KPAMGTB","module":"telegram","msg":"informe horari enviat"}
{"level":30,"time":1775404802960,"pid":18332,"hostname":"DESKTOP-KPAMGTB","module":"telegram","msg":"informe horari enviat"}
{"level":30,"time":1775408402279,"pid":18332,"hostname":"DESKTOP-KPAMGTB","module":"telegram","msg":"informe horari enviat"}
{"level":30,"time":1775412003185,"pid":18332,"hostname":"DESKTOP-KPAMGTB","module":"telegram","msg":"informe horari enviat"}
{"level":30,"time":1775415602908,"pid":18332,"hostname":"DESKTOP-KPAMGTB","module":"telegram","msg":"informe horari enviat"}
{"level":30,"time":1775419202483,"pid":18332,"hostname":"DESKTOP-KPAMGTB","module":"telegram","msg":"informe horari enviat"}
{"level":30,"time":1775422808717,"pid":18332,"hostname":"DESKTOP-KPAMGTB","module":"telegram","msg":"informe horari enviat"}
{"level":50,"time":1775423203450,"pid":18332,"hostname":"DESKTOP-KPAMGTB","module":"api","source":"orders","code":"NETWORK","err":"fetch failed","msg":"error de ruta"}
{"level":40,"time":1775423218850,"pid":18332,"hostname":"DESKTOP-KPAMGTB","module":"auto-trader","err":"fetch failed","msg":"checkOrphanPositions: error obtenint dades"}
{"level":50,"time":1775423218861,"pid":18332,"hostname":"DESKTOP-KPAMGTB","module":"api","source":"orders","code":"NETWORK","err":"fetch failed","msg":"error de ruta"}
{"level":50,"time":1775423230423,"pid":18332,"hostname":"DESKTOP-KPAMGTB","module":"api","source":"orders","code":"NETWORK","err":"fetch failed","msg":"error de ruta"}
{"level":50,"time":1775423245669,"pid":18332,"hostname":"DESKTOP-KPAMGTB","module":"api","source":"orders","code":"NETWORK","err":"fetch failed","msg":"error de ruta"}
{"level":50,"time":1775423261065,"pid":18332,"hostname":"DESKTOP-KPAMGTB","module":"api","source":"orders","code":"NETWORK","err":"fetch failed","msg":"error de ruta"}
{"level":50,"time":1775423277744,"pid":18332,"hostname":"DESKTOP-KPAMGTB","module":"api","source":"orders","code":"NETWORK","err":"fetch failed","msg":"error de ruta"}
{"level":40,"time":1775423283033,"pid":18332,"hostname":"DESKTOP-KPAMGTB","module":"auto-trader","err":"fetch failed","msg":"checkOrphanPositions: error obtenint dades"}
{"level":50,"time":1775423301343,"pid":18332,"hostname":"DESKTOP-KPAMGTB","module":"api","source":"orders","code":"NETWORK","err":"fetch failed","msg":"error de ruta"}
{"level":50,"time":1775423317164,"pid":18332,"hostname":"DESKTOP-KPAMGTB","module":"api","source":"orders","code":"NETWORK","err":"fetch failed","msg":"error de ruta"}
{"level":50,"time":1775423333823,"pid":18332,"hostname":"DESKTOP-KPAMGTB","module":"api","source":"orders","code":"NETWORK","err":"fetch failed","msg":"error de ruta"}
{"level":50,"time":1775423344880,"pid":18332,"hostname":"DESKTOP-KPAMGTB","module":"api","source":"orders","code":"NETWORK","err":"fetch failed","msg":"error de ruta"}
{"level":40,"time":1775423358278,"pid":18332,"hostname":"DESKTOP-KPAMGTB","module":"auto-trader","err":"fetch failed","msg":"checkOrphanPositions: error obtenint dades"}
{"level":50,"time":1775423848725,"pid":18332,"hostname":"DESKTOP-KPAMGTB","module":"api","source":"orders","code":"NETWORK","err":"fetch failed","msg":"error de ruta"}
{"level":30,"time":1775423909631,"pid":18332,"hostname":"DESKTOP-KPAMGTB","module":"binance","assets":23,"msg":"balance"}
{"level":30,"time":1775423910510,"pid":18332,"hostname":"DESKTOP-KPAMGTB","module":"binance","assets":23,"msg":"balance"}
{"level":30,"time":1775424009714,"pid":18332,"hostname":"DESKTOP-KPAMGTB","module":"trailing-engine","msg":"motor iniciat"}
{"level":30,"time":1775424186932,"pid":18332,"hostname":"DESKTOP-KPAMGTB","module":"binance","count":50,"msg":"order history"}
{"level":30,"time":1775424186947,"pid":18332,"hostname":"DESKTOP-KPAMGTB","module":"binance","count":86,"msg":"trades"}
{"level":30,"time":1775424187235,"pid":18332,"hostname":"DESKTOP-KPAMGTB","module":"binance","count":86,"msg":"trades"}
{"level":30,"time":1775424192139,"pid":18332,"hostname":"DESKTOP-KPAMGTB","module":"binance","symbol":"BNBUSDT","interval":"1h","verdict":"WAIT","score":41,"price":591.3,"msg":"scanner"}
{"level":30,"time":1775424192165,"pid":18332,"hostname":"DESKTOP-KPAMGTB","module":"binance","symbol":"ETHUSDT","interval":"1h","verdict":"WAIT","score":56,"price":2060.19,"msg":"scanner"}
{"level":30,"time":1775424192178,"pid":18332,"hostname":"DESKTOP-KPAMGTB","module":"binance","symbol":"BTCUSDT","interval":"4h","verdict":"BUY","score":66,"price":67488.32,"msg":"scanner"}
{"level":30,"time":1775424192191,"pid":18332,"hostname":"DESKTOP-KPAMGTB","module":"binance","symbol":"XRPUSDT","interval":"1h","verdict":"WAIT","score":47,"price":1.3002,"msg":"scanner"}
{"level":30,"time":1775424192203,"pid":18332,"hostname":"DESKTOP-KPAMGTB","module":"binance","symbol":"BTCUSDT","interval":"5m","verdict":"WAIT","score":47,"price":67488.32,"msg":"scanner"}
{"level":30,"time":1775424192224,"pid":18332,"hostname":"DESKTOP-KPAMGTB","module":"binance","symbol":"SOLUSDT","interval":"1h","verdict":"WAIT","score":41,"price":79.8,"msg":"scanner"}
{"level":30,"time":1775424192235,"pid":18332,"hostname":"DESKTOP-KPAMGTB","module":"binance","symbol":"BTCUSDT","interval":"1h","verdict":"WAIT","score":63,"price":67488.32,"msg":"scanner"}
{"level":30,"time":1775424232091,"pid":18332,"hostname":"DESKTOP-KPAMGTB","module":"binance","symbol":"BTCUSDT","interval":"5m","verdict":"WAIT","score":47,"price":67488.32,"msg":"scanner"}
{"level":30,"time":1775424232224,"pid":18332,"hostname":"DESKTOP-KPAMGTB","module":"binance","symbol":"BTCUSDT","interval":"5m","verdict":"WAIT","score":47,"price":67488.32,"msg":"scanner"}
{"level":30,"time":1775424232254,"pid":18332,"hostname":"DESKTOP-KPAMGTB","module":"binance","symbol":"ETHUSDT","interval":"5m","verdict":"WAIT","score":38,"price":2060.76,"msg":"scanner"}
{"level":30,"time":1775424232351,"pid":18332,"hostname":"DESKTOP-KPAMGTB","module":"binance","symbol":"ETHUSDT","interval":"4h","verdict":"WAIT","score":59,"price":2060.76,"msg":"scanner"}
{"level":30,"time":1775424232401,"pid":18332,"hostname":"DESKTOP-KPAMGTB","module":"binance","symbol":"BNBUSDT","interval":"5m","verdict":"WAIT","score":38,"price":591.2,"msg":"scanner"}
{"level":30,"time":1775424232788,"pid":18332,"hostname":"DESKTOP-KPAMGTB","module":"binance","symbol":"SOLUSDT","interval":"5m","verdict":"AVOID","score":28,"price":79.81,"msg":"scanner"}
{"level":30,"time":1775424232819,"pid":18332,"hostname":"DESKTOP-KPAMGTB","module":"binance","symbol":"BNBUSDT","interval":"4h","verdict":"WAIT","score":38,"price":591.2,"msg":"scanner"}
{"level":30,"time":1775424232978,"pid":18332,"hostname":"DESKTOP-KPAMGTB","module":"binance","symbol":"SOLUSDT","interval":"4h","verdict":"WAIT","score":41,"price":79.81,"msg":"scanner"}
{"level":30,"time":1775424233162,"pid":18332,"hostname":"DESKTOP-KPAMGTB","module":"binance","symbol":"XRPUSDT","interval":"5m","verdict":"AVOID","score":34,"price":1.3004,"msg":"scanner"}
{"level":30,"time":1775424233329,"pid":18332,"hostname":"DESKTOP-KPAMGTB","module":"binance","symbol":"DOGEUSDT","interval":"5m","verdict":"WAIT","score":38,"price":0.0904,"msg":"scanner"}
{"level":30,"time":1775424233372,"pid":18332,"hostname":"DESKTOP-KPAMGTB","module":"binance","symbol":"XRPUSDT","interval":"4h","verdict":"WAIT","score":44,"price":1.3004,"msg":"scanner"}
{"level":30,"time":1775424233456,"pid":18332,"hostname":"DESKTOP-KPAMGTB","module":"binance","symbol":"DOGEUSDT","interval":"1h","verdict":"WAIT","score":38,"price":0.0904,"msg":"scanner"}
{"level":30,"time":1775424233569,"pid":18332,"hostname":"DESKTOP-KPAMGTB","module":"binance","symbol":"DOGEUSDT","interval":"4h","verdict":"WAIT","score":38,"price":0.0904,"msg":"scanner"}
{"level":30,"time":1775424233748,"pid":18332,"hostname":"DESKTOP-KPAMGTB","module":"binance","symbol":"ADAUSDT","interval":"5m","verdict":"WAIT","score":38,"price":0.243,"msg":"scanner"}
{"level":30,"time":1775424233765,"pid":18332,"hostname":"DESKTOP-KPAMGTB","module":"binance","symbol":"ADAUSDT","interval":"1h","verdict":"WAIT","score":38,"price":0.243,"msg":"scanner"}
{"level":30,"time":1775424233841,"pid":18332,"hostname":"DESKTOP-KPAMGTB","module":"binance","symbol":"ADAUSDT","interval":"4h","verdict":"AVOID","score":34,"price":0.243,"msg":"scanner"}
{"level":30,"time":1775424233930,"pid":18332,"hostname":"DESKTOP-KPAMGTB","module":"binance","symbol":"AVAXUSDT","interval":"5m","verdict":"WAIT","score":44,"price":8.86,"msg":"scanner"}
{"level":30,"time":1775424234312,"pid":18332,"hostname":"DESKTOP-KPAMGTB","module":"binance","symbol":"AVAXUSDT","interval":"1h","verdict":"WAIT","score":47,"price":8.86,"msg":"scanner"}
{"level":30,"time":1775424234395,"pid":18332,"hostname":"DESKTOP-KPAMGTB","module":"binance","symbol":"AVAXUSDT","interval":"4h","verdict":"WAIT","score":41,"price":8.86,"msg":"scanner"}
{"level":30,"time":1775424234429,"pid":18332,"hostname":"DESKTOP-KPAMGTB","module":"binance","symbol":"TRXUSDT","interval":"1h","verdict":"WAIT","score":53,"price":0.3188,"msg":"scanner"}
{"level":30,"time":1775424234444,"pid":18332,"hostname":"DESKTOP-KPAMGTB","module":"binance","symbol":"TRXUSDT","interval":"5m","verdict":"WAIT","score":50,"price":0.3188,"msg":"scanner"}
{"level":30,"time":1775424234673,"pid":18332,"hostname":"DESKTOP-KPAMGTB","module":"binance","symbol":"TRXUSDT","interval":"4h","verdict":"WAIT","score":47,"price":0.3188,"msg":"scanner"}
{"level":30,"time":1775424234872,"pid":18332,"hostname":"DESKTOP-KPAMGTB","module":"binance","symbol":"DOTUSDT","interval":"5m","verdict":"AVOID","score":31,"price":1.224,"msg":"scanner"}
{"level":30,"time":1775424234937,"pid":18332,"hostname":"DESKTOP-KPAMGTB","module":"binance","symbol":"DOTUSDT","interval":"1h","verdict":"WAIT","score":47,"price":1.224,"msg":"scanner"}
{"level":30,"time":1775424234972,"pid":18332,"hostname":"DESKTOP-KPAMGTB","module":"binance","symbol":"DOTUSDT","interval":"4h","verdict":"WAIT","score":41,"price":1.224,"msg":"scanner"}
{"level":30,"time":1775424235017,"pid":18332,"hostname":"DESKTOP-KPAMGTB","module":"binance","symbol":"LINKUSDT","interval":"5m","verdict":"WAIT","score":38,"price":8.61,"msg":"scanner"}
{"level":30,"time":1775424235179,"pid":18332,"hostname":"DESKTOP-KPAMGTB","module":"binance","symbol":"LINKUSDT","interval":"1h","verdict":"WAIT","score":56,"price":8.61,"msg":"scanner"}
{"level":30,"time":1775424235285,"pid":18332,"hostname":"DESKTOP-KPAMGTB","module":"binance","symbol":"LINKUSDT","interval":"4h","verdict":"WAIT","score":41,"price":8.61,"msg":"scanner"}
{"level":30,"time":1775424235337,"pid":18332,"hostname":"DESKTOP-KPAMGTB","module":"binance","symbol":"MATICUSDT","interval":"5m","verdict":"WAIT","score":59,"price":0.3794,"msg":"scanner"}
{"level":30,"time":1775424235366,"pid":18332,"hostname":"DESKTOP-KPAMGTB","module":"binance","symbol":"MATICUSDT","interval":"1h","verdict":"WAIT","score":47,"price":0.3794,"msg":"scanner"}
{"level":30,"time":1775424235584,"pid":18332,"hostname":"DESKTOP-KPAMGTB","module":"binance","symbol":"MATICUSDT","interval":"4h","verdict":"WAIT","score":41,"price":0.3794,"msg":"scanner"}
{"level":30,"time":1775424235800,"pid":18332,"hostname":"DESKTOP-KPAMGTB","module":"binance","symbol":"LTCUSDT","interval":"5m","verdict":"WAIT","score":56,"price":53.58,"msg":"scanner"}
{"level":30,"time":1775424235884,"pid":18332,"hostname":"DESKTOP-KPAMGTB","module":"binance","symbol":"LTCUSDT","interval":"1h","verdict":"BUY","score":66,"price":53.58,"msg":"scanner"}
{"level":30,"time":1775424235954,"pid":18332,"hostname":"DESKTOP-KPAMGTB","module":"binance","symbol":"LTCUSDT","interval":"4h","verdict":"WAIT","score":63,"price":53.58,"msg":"scanner"}
{"level":30,"time":1775424236055,"pid":18332,"hostname":"DESKTOP-KPAMGTB","module":"binance","symbol":"SHIBUSDT","interval":"5m","verdict":"WAIT","score":44,"price":0.00000583,"msg":"scanner"}
{"level":30,"time":1775424236266,"pid":18332,"hostname":"DESKTOP-KPAMGTB","module":"binance","symbol":"SHIBUSDT","interval":"4h","verdict":"WAIT","score":50,"price":0.00000583,"msg":"scanner"}
{"level":30,"time":1775424236327,"pid":18332,"hostname":"DESKTOP-KPAMGTB","module":"binance","symbol":"UNIUSDT","interval":"5m","verdict":"WAIT","score":38,"price":3.086,"msg":"scanner"}
{"level":30,"time":1775424236372,"pid":18332,"hostname":"DESKTOP-KPAMGTB","module":"binance","symbol":"UNIUSDT","interval":"1h","verdict":"AVOID","score":34,"price":3.086,"msg":"scanner"}
{"level":30,"time":1775424236559,"pid":18332,"hostname":"DESKTOP-KPAMGTB","module":"binance","symbol":"SHIBUSDT","interval":"1h","verdict":"WAIT","score":50,"price":0.00000583,"msg":"scanner"}
{"level":30,"time":1775424236585,"pid":18332,"hostname":"DESKTOP-KPAMGTB","module":"binance","symbol":"UNIUSDT","interval":"4h","verdict":"WAIT","score":53,"price":3.086,"msg":"scanner"}
{"level":30,"time":1775424236748,"pid":18332,"hostname":"DESKTOP-KPAMGTB","module":"binance","symbol":"ATOMUSDT","interval":"1h","verdict":"WAIT","score":50,"price":1.669,"msg":"scanner"}
{"level":30,"time":1775424236788,"pid":18332,"hostname":"DESKTOP-KPAMGTB","module":"binance","symbol":"ATOMUSDT","interval":"5m","verdict":"AVOID","score":34,"price":1.669,"msg":"scanner"}
{"level":30,"time":1775424236924,"pid":18332,"hostname":"DESKTOP-KPAMGTB","module":"binance","symbol":"ATOMUSDT","interval":"4h","verdict":"AVOID","score":34,"price":1.669,"msg":"scanner"}
{"level":30,"time":1775424236948,"pid":18332,"hostname":"DESKTOP-KPAMGTB","module":"binance","symbol":"ETCUSDT","interval":"5m","verdict":"WAIT","score":50,"price":8.61,"msg":"scanner"}
{"level":30,"time":1775424237258,"pid":18332,"hostname":"DESKTOP-KPAMGTB","module":"binance","symbol":"ETCUSDT","interval":"1h","verdict":"WAIT","score":63,"price":8.61,"msg":"scanner"}
{"level":30,"time":1775424237275,"pid":18332,"hostname":"DESKTOP-KPAMGTB","module":"binance","symbol":"ETCUSDT","interval":"4h","verdict":"BUY","score":69,"price":8.61,"msg":"scanner"}
{"level":30,"time":1775424237452,"pid":18332,"hostname":"DESKTOP-KPAMGTB","module":"binance","symbol":"XLMUSDT","interval":"5m","verdict":"WAIT","score":53,"price":0.1588,"msg":"scanner"}
{"level":30,"time":1775424237827,"pid":18332,"hostname":"DESKTOP-KPAMGTB","module":"binance","symbol":"APTUSDT","interval":"1h","verdict":"WAIT","score":41,"price":0.833,"msg":"scanner"}
{"level":30,"time":1775424237881,"pid":18332,"hostname":"DESKTOP-KPAMGTB","module":"binance","symbol":"XLMUSDT","interval":"1h","verdict":"WAIT","score":50,"price":0.1588,"msg":"scanner"}
{"level":30,"time":1775424238052,"pid":18332,"hostname":"DESKTOP-KPAMGTB","module":"binance","symbol":"XLMUSDT","interval":"4h","verdict":"WAIT","score":50,"price":0.1588,"msg":"scanner"}
{"level":30,"time":1775424238084,"pid":18332,"hostname":"DESKTOP-KPAMGTB","module":"binance","symbol":"APTUSDT","interval":"5m","verdict":"WAIT","score":41,"price":0.833,"msg":"scanner"}
{"level":30,"time":1775424238215,"pid":18332,"hostname":"DESKTOP-KPAMGTB","module":"binance","symbol":"NEARUSDT","interval":"5m","verdict":"WAIT","score":38,"price":1.229,"msg":"scanner"}
{"level":30,"time":1775424238453,"pid":18332,"hostname":"DESKTOP-KPAMGTB","module":"binance","symbol":"NEARUSDT","interval":"4h","verdict":"WAIT","score":50,"price":1.229,"msg":"scanner"}
{"level":30,"time":1775424238493,"pid":18332,"hostname":"DESKTOP-KPAMGTB","module":"binance","symbol":"NEARUSDT","interval":"1h","verdict":"WAIT","score":44,"price":1.229,"msg":"scanner"}
{"level":30,"time":1775424238570,"pid":18332,"hostname":"DESKTOP-KPAMGTB","module":"binance","symbol":"APTUSDT","interval":"4h","verdict":"WAIT","score":50,"price":0.833,"msg":"scanner"}
{"level":30,"time":1775424275943,"pid":18332,"hostname":"DESKTOP-KPAMGTB","module":"binance","symbol":"BTCUSDT","interval":"5m","verdict":"WAIT","score":41,"price":67474.01,"msg":"scanner"}
{"level":30,"time":1775424276957,"pid":18332,"hostname":"DESKTOP-KPAMGTB","module":"binance","symbol":"ETHUSDT","interval":"5m","verdict":"WAIT","score":38,"price":2060.43,"msg":"scanner"}
{"level":30,"time":1775424277025,"pid":18332,"hostname":"DESKTOP-KPAMGTB","module":"binance","symbol":"ETHUSDT","interval":"5m","verdict":"WAIT","score":38,"price":2060.43,"msg":"scanner"}
{"level":30,"time":1775424277081,"pid":18332,"hostname":"DESKTOP-KPAMGTB","module":"binance","symbol":"BNBUSDT","interval":"5m","verdict":"WAIT","score":38,"price":591.11,"msg":"scanner"}
{"level":30,"time":1775424277258,"pid":18332,"hostname":"DESKTOP-KPAMGTB","module":"binance","symbol":"SOLUSDT","interval":"5m","verdict":"AVOID","score":31,"price":79.76,"msg":"scanner"}
{"level":30,"time":1775424277293,"pid":18332,"hostname":"DESKTOP-KPAMGTB","module":"binance","symbol":"SOLUSDT","interval":"5m","verdict":"AVOID","score":31,"price":79.76,"msg":"scanner"}
{"level":30,"time":1775424277391,"pid":18332,"hostname":"DESKTOP-KPAMGTB","module":"binance","symbol":"BNBUSDT","interval":"5m","verdict":"WAIT","score":38,"price":591.11,"msg":"scanner"}
{"level":30,"time":1775424277510,"pid":18332,"hostname":"DESKTOP-KPAMGTB","module":"binance","symbol":"XRPUSDT","interval":"5m","verdict":"AVOID","score":34,"price":1.3,"msg":"scanner"}
{"level":30,"time":1775424277536,"pid":18332,"hostname":"DESKTOP-KPAMGTB","module":"binance","symbol":"XRPUSDT","interval":"5m","verdict":"AVOID","score":34,"price":1.3,"msg":"scanner"}
{"level":30,"time":1775424277768,"pid":18332,"hostname":"DESKTOP-KPAMGTB","module":"binance","symbol":"DOGEUSDT","interval":"5m","verdict":"AVOID","score":34,"price":0.09037,"msg":"scanner"}
{"level":30,"time":1775424277923,"pid":18332,"hostname":"DESKTOP-KPAMGTB","module":"binance","symbol":"DOGEUSDT","interval":"5m","verdict":"AVOID","score":34,"price":0.09037,"msg":"scanner"}
{"level":30,"time":1775424278055,"pid":18332,"hostname":"DESKTOP-KPAMGTB","module":"binance","symbol":"ADAUSDT","interval":"5m","verdict":"WAIT","score":38,"price":0.2429,"msg":"scanner"}
{"level":30,"time":1775424278063,"pid":18332,"hostname":"DESKTOP-KPAMGTB","module":"binance","symbol":"ADAUSDT","interval":"5m","verdict":"WAIT","score":38,"price":0.2429,"msg":"scanner"}
{"level":30,"time":1775424278213,"pid":18332,"hostname":"DESKTOP-KPAMGTB","module":"binance","symbol":"AVAXUSDT","interval":"5m","verdict":"WAIT","score":38,"price":8.85,"msg":"scanner"}
{"level":30,"time":1775424278308,"pid":18332,"hostname":"DESKTOP-KPAMGTB","module":"binance","symbol":"AVAXUSDT","interval":"5m","verdict":"WAIT","score":38,"price":8.85,"msg":"scanner"}
{"level":30,"time":1775424278499,"pid":18332,"hostname":"DESKTOP-KPAMGTB","module":"binance","symbol":"TRXUSDT","interval":"5m","verdict":"WAIT","score":53,"price":0.3187,"msg":"scanner"}
{"level":30,"time":1775424278512,"pid":18332,"hostname":"DESKTOP-KPAMGTB","module":"binance","symbol":"TRXUSDT","interval":"5m","verdict":"WAIT","score":53,"price":0.3187,"msg":"scanner"}
{"level":30,"time":1775424278612,"pid":18332,"hostname":"DESKTOP-KPAMGTB","module":"binance","symbol":"DOTUSDT","interval":"5m","verdict":"AVOID","score":34,"price":1.222,"msg":"scanner"}
{"level":30,"time":1775424278715,"pid":18332,"hostname":"DESKTOP-KPAMGTB","module":"binance","symbol":"DOTUSDT","interval":"5m","verdict":"AVOID","score":34,"price":1.222,"msg":"scanner"}
{"level":30,"time":1775424278845,"pid":18332,"hostname":"DESKTOP-KPAMGTB","module":"binance","symbol":"LINKUSDT","interval":"5m","verdict":"WAIT","score":38,"price":8.61,"msg":"scanner"}
{"level":30,"time":1775424278951,"pid":18332,"hostname":"DESKTOP-KPAMGTB","module":"binance","symbol":"LINKUSDT","interval":"5m","verdict":"WAIT","score":38,"price":8.61,"msg":"scanner"}
{"level":30,"time":1775424279101,"pid":18332,"hostname":"DESKTOP-KPAMGTB","module":"binance","symbol":"MATICUSDT","interval":"5m","verdict":"WAIT","score":59,"price":0.3794,"msg":"scanner"}
{"level":30,"time":1775424279117,"pid":18332,"hostname":"DESKTOP-KPAMGTB","module":"binance","symbol":"MATICUSDT","interval":"5m","verdict":"WAIT","score":59,"price":0.3794,"msg":"scanner"}
{"level":30,"time":1775424279252,"pid":18332,"hostname":"DESKTOP-KPAMGTB","module":"binance","symbol":"LTCUSDT","interval":"5m","verdict":"WAIT","score":50,"price":53.56,"msg":"scanner"}
{"level":30,"time":1775424279444,"pid":18332,"hostname":"DESKTOP-KPAMGTB","module":"binance","symbol":"SHIBUSDT","interval":"5m","verdict":"WAIT","score":44,"price":0.00000583,"msg":"scanner"}
{"level":30,"time":1775424279508,"pid":18332,"hostname":"DESKTOP-KPAMGTB","module":"binance","symbol":"SHIBUSDT","interval":"5m","verdict":"WAIT","score":44,"price":0.00000583,"msg":"scanner"}
{"level":30,"time":1775424279644,"pid":18332,"hostname":"DESKTOP-KPAMGTB","module":"binance","symbol":"UNIUSDT","interval":"5m","verdict":"WAIT","score":38,"price":3.085,"msg":"scanner"}
{"level":30,"time":1775424279820,"pid":18332,"hostname":"DESKTOP-KPAMGTB","module":"binance","symbol":"UNIUSDT","interval":"5m","verdict":"WAIT","score":38,"price":3.085,"msg":"scanner"}
{"level":30,"time":1775424279840,"pid":18332,"hostname":"DESKTOP-KPAMGTB","module":"binance","symbol":"LTCUSDT","interval":"5m","verdict":"WAIT","score":50,"price":53.56,"msg":"scanner"}
{"level":30,"time":1775424279922,"pid":18332,"hostname":"DESKTOP-KPAMGTB","module":"binance","symbol":"ATOMUSDT","interval":"5m","verdict":"AVOID","score":34,"price":1.669,"msg":"scanner"}
{"level":30,"time":1775424279994,"pid":18332,"hostname":"DESKTOP-KPAMGTB","module":"binance","symbol":"ATOMUSDT","interval":"5m","verdict":"AVOID","score":34,"price":1.669,"msg":"scanner"}
{"level":30,"time":1775424280250,"pid":18332,"hostname":"DESKTOP-KPAMGTB","module":"binance","symbol":"ETCUSDT","interval":"5m","verdict":"WAIT","score":50,"price":8.61,"msg":"scanner"}
{"level":30,"time":1775424280463,"pid":18332,"hostname":"DESKTOP-KPAMGTB","module":"binance","symbol":"ETCUSDT","interval":"5m","verdict":"WAIT","score":50,"price":8.61,"msg":"scanner"}
{"level":30,"time":1775424280556,"pid":18332,"hostname":"DESKTOP-KPAMGTB","module":"binance","symbol":"XLMUSDT","interval":"5m","verdict":"WAIT","score":53,"price":0.1588,"msg":"scanner"}
{"level":30,"time":1775424280607,"pid":18332,"hostname":"DESKTOP-KPAMGTB","module":"binance","symbol":"XLMUSDT","interval":"5m","verdict":"WAIT","score":53,"price":0.1588,"msg":"scanner"}
{"level":30,"time":1775424280677,"pid":18332,"hostname":"DESKTOP-KPAMGTB","module":"binance","symbol":"APTUSDT","interval":"5m","verdict":"AVOID","score":34,"price":0.832,"msg":"scanner"}
{"level":30,"time":1775424281130,"pid":18332,"hostname":"DESKTOP-KPAMGTB","module":"binance","symbol":"NEARUSDT","interval":"5m","verdict":"WAIT","score":38,"price":1.229,"msg":"scanner"}
{"level":30,"time":1775424281239,"pid":18332,"hostname":"DESKTOP-KPAMGTB","module":"binance","symbol":"NEARUSDT","interval":"5m","verdict":"WAIT","score":38,"price":1.229,"msg":"scanner"}
{"level":30,"time":1775424337578,"pid":18332,"hostname":"DESKTOP-KPAMGTB","module":"binance","symbol":"ETHUSDT","interval":"1h","verdict":"WAIT","score":56,"price":2060.06,"msg":"scanner"}
{"level":30,"time":1775424337618,"pid":18332,"hostname":"DESKTOP-KPAMGTB","module":"binance","symbol":"XRPUSDT","interval":"1h","verdict":"WAIT","score":47,"price":1.3001,"msg":"scanner"}
{"level":30,"time":1775424337632,"pid":18332,"hostname":"DESKTOP-KPAMGTB","module":"binance","symbol":"BTCUSDT","interval":"5m","verdict":"WAIT","score":41,"price":67469.62,"msg":"scanner"}
{"level":30,"time":1775424337641,"pid":18332,"hostname":"DESKTOP-KPAMGTB","module":"binance","symbol":"BTCUSDT","interval":"1h","verdict":"WAIT","score":63,"price":67469.62,"msg":"scanner"}
{"level":30,"time":1775424337653,"pid":18332,"hostname":"DESKTOP-KPAMGTB","module":"binance","symbol":"BNBUSDT","interval":"1h","verdict":"AVOID","score":34,"price":591.18,"msg":"scanner"}
{"level":30,"time":1775424337664,"pid":18332,"hostname":"DESKTOP-KPAMGTB","module":"binance","symbol":"SOLUSDT","interval":"1h","verdict":"WAIT","score":41,"price":79.74,"msg":"scanner"}
{"level":30,"time":1775424353593,"pid":18332,"hostname":"DESKTOP-KPAMGTB","module":"binance","assets":23,"msg":"balance"}
{"level":30,"time":1775424354057,"pid":18332,"hostname":"DESKTOP-KPAMGTB","module":"binance","assets":23,"msg":"balance"}
{"level":30,"time":1775424460199,"pid":18332,"hostname":"DESKTOP-KPAMGTB","module":"binance","assets":23,"msg":"balance"}
{"level":30,"time":1775424460365,"pid":18332,"hostname":"DESKTOP-KPAMGTB","module":"binance","assets":23,"msg":"balance"}
{"level":30,"time":1775424617379,"pid":18332,"hostname":"DESKTOP-KPAMGTB","module":"binance","count":86,"msg":"trades"}
{"level":30,"time":1775424617668,"pid":18332,"hostname":"DESKTOP-KPAMGTB","module":"binance","count":86,"msg":"trades"}
{"level":30,"time":1775424620597,"pid":18332,"hostname":"DESKTOP-KPAMGTB","module":"binance","symbol":"ETHUSDT","interval":"1h","verdict":"WAIT","score":56,"price":2060.55,"msg":"scanner"}
{"level":30,"time":1775424620613,"pid":18332,"hostname":"DESKTOP-KPAMGTB","module":"binance","symbol":"BNBUSDT","interval":"1h","verdict":"AVOID","score":34,"price":590.93,"msg":"scanner"}
{"level":30,"time":1775424620632,"pid":18332,"hostname":"DESKTOP-KPAMGTB","module":"binance","symbol":"BTCUSDT","interval":"5m","verdict":"WAIT","score":41,"price":67476.36,"msg":"scanner"}
{"level":30,"time":1775424620644,"pid":18332,"hostname":"DESKTOP-KPAMGTB","module":"binance","symbol":"BTCUSDT","interval":"1h","verdict":"WAIT","score":63,"price":67476.36,"msg":"scanner"}
{"level":30,"time":1775424620655,"pid":18332,"hostname":"DESKTOP-KPAMGTB","module":"binance","symbol":"XRPUSDT","interval":"1h","verdict":"WAIT","score":47,"price":1.3001,"msg":"scanner"}
{"level":30,"time":1775424620690,"pid":18332,"hostname":"DESKTOP-KPAMGTB","module":"binance","symbol":"SOLUSDT","interval":"1h","verdict":"AVOID","score":34,"price":79.63,"msg":"scanner"}
{"level":30,"time":1775424620706,"pid":18332,"hostname":"DESKTOP-KPAMGTB","module":"binance","symbol":"BTCUSDT","interval":"4h","verdict":"BUY","score":66,"price":67476.36,"msg":"scanner"}
{"level":30,"time":1775424630116,"pid":18332,"hostname":"DESKTOP-KPAMGTB","module":"binance","symbol":"SOLUSDT","interval":"4h","verdict":"WAIT","score":41,"price":79.63,"msg":"scanner"}
{"level":30,"time":1775424630126,"pid":18332,"hostname":"DESKTOP-KPAMGTB","module":"binance","symbol":"BNBUSDT","interval":"4h","verdict":"WAIT","score":38,"price":590.93,"msg":"scanner"}
{"level":30,"time":1775424630139,"pid":18332,"hostname":"DESKTOP-KPAMGTB","module":"binance","symbol":"XRPUSDT","interval":"4h","verdict":"WAIT","score":44,"price":1.3,"msg":"scanner"}
{"level":30,"time":1775424630160,"pid":18332,"hostname":"DESKTOP-KPAMGTB","module":"binance","symbol":"ETHUSDT","interval":"4h","verdict":"WAIT","score":59,"price":2060.45,"msg":"scanner"}
{"level":30,"time":1775424638383,"pid":18332,"hostname":"DESKTOP-KPAMGTB","module":"binance","symbol":"BNBUSDT","interval":"5m","verdict":"AVOID","score":34,"price":590.93,"msg":"scanner"}
{"level":30,"time":1775424638394,"pid":18332,"hostname":"DESKTOP-KPAMGTB","module":"binance","symbol":"ETHUSDT","interval":"5m","verdict":"WAIT","score":47,"price":2060.36,"msg":"scanner"}
{"level":30,"time":1775424638444,"pid":18332,"hostname":"DESKTOP-KPAMGTB","module":"binance","symbol":"XRPUSDT","interval":"5m","verdict":"AVOID","score":31,"price":1.3,"msg":"scanner"}
{"level":30,"time":1775424638459,"pid":18332,"hostname":"DESKTOP-KPAMGTB","module":"binance","symbol":"SOLUSDT","interval":"5m","verdict":"AVOID","score":34,"price":79.63,"msg":"scanner"}
{"level":30,"time":1775426406204,"pid":18332,"hostname":"DESKTOP-KPAMGTB","module":"telegram","msg":"informe horari enviat"}
{"level":30,"time":1775429172235,"pid":18332,"hostname":"DESKTOP-KPAMGTB","module":"trailing-engine","symbol":"ETHUSDT","price":2076.82,"activateAt":2076.76,"msg":"trailing activat"}
{"level":30,"time":1775429174290,"pid":18332,"hostname":"DESKTOP-KPAMGTB","module":"trailing-engine","symbol":"ETHUSDT","mode":"ATR","oldSl":1950.7200000000003,"newSl":"1951.73000000","peak":2077.83,"msg":"SL pujat"}
{"level":30,"time":1775429533053,"pid":18332,"hostname":"DESKTOP-KPAMGTB","module":"trailing-engine","symbol":"ETHUSDT","mode":"ATR","oldSl":1951.73,"newSl":"1952.64000000","peak":2078.74,"msg":"SL pujat"}
{"level":30,"time":1775429653577,"pid":18332,"hostname":"DESKTOP-KPAMGTB","module":"trailing-engine","symbol":"ETHUSDT","mode":"ATR","oldSl":1952.64,"newSl":"1954.04000000","peak":2080.14,"msg":"SL pujat"}
{"level":30,"time":1775429833271,"pid":18332,"hostname":"DESKTOP-KPAMGTB","module":"trailing-engine","symbol":"ETHUSDT","mode":"ATR","oldSl":1954.04,"newSl":"1956.64000000","peak":2082.74,"msg":"SL pujat"}
{"level":30,"time":1775429863349,"pid":18332,"hostname":"DESKTOP-KPAMGTB","module":"trailing-engine","symbol":"ETHUSDT","mode":"ATR","oldSl":1956.64,"newSl":"1957.31000000","peak":2083.41,"msg":"SL pujat"}
{"level":30,"time":1775429893230,"pid":18332,"hostname":"DESKTOP-KPAMGTB","module":"trailing-engine","symbol":"ETHUSDT","mode":"ATR","oldSl":1957.31,"newSl":"1958.02000000","peak":2084.12,"msg":"SL pujat"}
{"level":30,"time":1775429923236,"pid":18332,"hostname":"DESKTOP-KPAMGTB","module":"trailing-engine","symbol":"ETHUSDT","mode":"ATR","oldSl":1958.02,"newSl":"1958.70000000","peak":2084.8,"msg":"SL pujat"}
{"level":30,"time":1775429953240,"pid":18332,"hostname":"DESKTOP-KPAMGTB","module":"trailing-engine","symbol":"ETHUSDT","mode":"ATR","oldSl":1958.7,"newSl":"1960.24000000","peak":2086.34,"msg":"SL pujat"}
{"level":30,"time":1775430007111,"pid":18332,"hostname":"DESKTOP-KPAMGTB","module":"telegram","msg":"informe horari enviat"}
{"level":30,"time":1775430013670,"pid":18332,"hostname":"DESKTOP-KPAMGTB","module":"trailing-engine","symbol":"ETHUSDT","mode":"ATR","oldSl":1960.24,"newSl":"1962.35000000","peak":2088.45,"msg":"SL pujat"}
{"level":30,"time":1775430103249,"pid":18332,"hostname":"DESKTOP-KPAMGTB","module":"trailing-engine","symbol":"ETHUSDT","mode":"ATR","oldSl":1962.35,"newSl":"1962.86000000","peak":2088.96,"msg":"SL pujat"}
{"level":30,"time":1775430373281,"pid":18332,"hostname":"DESKTOP-KPAMGTB","module":"trailing-engine","symbol":"ETHUSDT","mode":"ATR","oldSl":1962.86,"newSl":"1963.50000000","peak":2089.6,"msg":"SL pujat"}
{"level":30,"time":1775430523396,"pid":18332,"hostname":"DESKTOP-KPAMGTB","module":"trailing-engine","symbol":"ETHUSDT","mode":"ATR","oldSl":1963.5,"newSl":"1967.77000000","peak":2093.87,"msg":"SL pujat"}
{"level":30,"time":1775430884099,"pid":18332,"hostname":"DESKTOP-KPAMGTB","module":"trailing-engine","symbol":"ETHUSDT","mode":"ATR","oldSl":1967.77,"newSl":"1969.01000000","peak":2095.11,"msg":"SL pujat"}
{"level":30,"time":1775430913999,"pid":18332,"hostname":"DESKTOP-KPAMGTB","module":"trailing-engine","symbol":"ETHUSDT","mode":"ATR","oldSl":1969.01,"newSl":"1986.22000000","peak":2112.32,"msg":"SL pujat"}
{"level":30,"time":1775430974454,"pid":18332,"hostname":"DESKTOP-KPAMGTB","module":"trailing-engine","symbol":"ETHUSDT","mode":"ATR","oldSl":1986.22,"newSl":"1989.38000000","peak":2115.48,"msg":"SL pujat"}
{"level":30,"time":1775431934384,"pid":18332,"hostname":"DESKTOP-KPAMGTB","module":"trailing-engine","symbol":"ETHUSDT","mode":"ATR","oldSl":1989.38,"newSl":"1994.77000000","peak":2120.87,"msg":"SL pujat"}
{"level":30,"time":1775431965269,"pid":18332,"hostname":"DESKTOP-KPAMGTB","module":"trailing-engine","symbol":"ETHUSDT","mode":"ATR","oldSl":1994.77,"newSl":"1995.05000000","peak":2121.15,"msg":"SL pujat"}
{"level":30,"time":1775433606275,"pid":18332,"hostname":"DESKTOP-KPAMGTB","module":"telegram","msg":"informe horari enviat"}
{"level":30,"time":1775433674155,"pid":18332,"hostname":"DESKTOP-KPAMGTB","module":"trailing-engine","symbol":"ETHUSDT","mode":"ATR","oldSl":1995.05,"newSl":"1996.39000000","peak":2122.49,"msg":"SL pujat"}
{"level":30,"time":1775433704056,"pid":18332,"hostname":"DESKTOP-KPAMGTB","module":"trailing-engine","symbol":"ETHUSDT","mode":"ATR","oldSl":1996.39,"newSl":"2001.55000000","peak":2127.65,"msg":"SL pujat"}
{"level":30,"time":1775435445287,"pid":18332,"hostname":"DESKTOP-KPAMGTB","module":"trailing-engine","symbol":"ETHUSDT","mode":"ATR","oldSl":2001.55,"newSl":"2001.67000000","peak":2127.77,"msg":"SL pujat"}
{"level":30,"time":1775436225572,"pid":18332,"hostname":"DESKTOP-KPAMGTB","module":"trailing-engine","symbol":"ETHUSDT","mode":"ATR","oldSl":2001.67,"newSl":"2002.87000000","peak":2128.97,"msg":"SL pujat"}
{"level":30,"time":1775436314702,"pid":18332,"hostname":"DESKTOP-KPAMGTB","module":"trailing-engine","symbol":"ETHUSDT","mode":"ATR","oldSl":2002.87,"newSl":"2002.89000000","peak":2128.99,"msg":"SL pujat"}
{"level":30,"time":1775437206224,"pid":18332,"hostname":"DESKTOP-KPAMGTB","module":"telegram","msg":"informe horari enviat"}
{"level":30,"time":1775440806689,"pid":18332,"hostname":"DESKTOP-KPAMGTB","module":"telegram","msg":"informe horari enviat"}
{"level":30,"time":1775441476613,"pid":18332,"hostname":"DESKTOP-KPAMGTB","module":"trailing-engine","symbol":"ETHUSDT","mode":"ATR","oldSl":2002.89,"newSl":"2007.83000000","peak":2133.93,"msg":"SL pujat"}
{"level":30,"time":1775441506759,"pid":18332,"hostname":"DESKTOP-KPAMGTB","module":"trailing-engine","symbol":"ETHUSDT","mode":"ATR","oldSl":2007.83,"newSl":"2011.84000000","peak":2137.94,"msg":"SL pujat"}
{"level":30,"time":1775441987002,"pid":18332,"hostname":"DESKTOP-KPAMGTB","module":"trailing-engine","symbol":"ETHUSDT","mode":"ATR","oldSl":2011.84,"newSl":"2012.77000000","peak":2138.87,"msg":"SL pujat"}
{"level":30,"time":1775442616369,"pid":18332,"hostname":"DESKTOP-KPAMGTB","module":"trailing-engine","symbol":"ETHUSDT","mode":"ATR","oldSl":2012.77,"newSl":"2012.98000000","peak":2139.08,"msg":"SL pujat"}
{"level":30,"time":1775442766384,"pid":18332,"hostname":"DESKTOP-KPAMGTB","module":"trailing-engine","symbol":"ETHUSDT","mode":"ATR","oldSl":2012.98,"newSl":"2013.86000000","peak":2139.96,"msg":"SL pujat"}
{"level":30,"time":1775444406215,"pid":18332,"hostname":"DESKTOP-KPAMGTB","module":"telegram","msg":"informe horari enviat"}
{"level":30,"time":1775448006374,"pid":18332,"hostname":"DESKTOP-KPAMGTB","module":"telegram","msg":"informe horari enviat"}
{"level":30,"time":1775451606941,"pid":18332,"hostname":"DESKTOP-KPAMGTB","module":"telegram","msg":"informe horari enviat"}
{"level":50,"time":1775452781392,"pid":18332,"hostname":"DESKTOP-KPAMGTB","module":"api","source":"orders","code":"NETWORK","err":"fetch failed","msg":"error de ruta"}
{"level":30,"time":1775453401039,"pid":18332,"hostname":"DESKTOP-KPAMGTB","module":"telegram","msg":"informe diari enviat"}
{"level":30,"time":1775455207114,"pid":18332,"hostname":"DESKTOP-KPAMGTB","module":"telegram","msg":"informe horari enviat"}
{"level":30,"time":1775458806686,"pid":18332,"hostname":"DESKTOP-KPAMGTB","module":"telegram","msg":"informe horari enviat"}
{"level":30,"time":1775462406645,"pid":18332,"hostname":"DESKTOP-KPAMGTB","module":"telegram","msg":"informe horari enviat"}
{"level":30,"time":1775464583684,"pid":18332,"hostname":"DESKTOP-KPAMGTB","module":"trailing-engine","symbol":"ETHUSDT","mode":"ATR","oldSl":2013.86,"newSl":"2017.06000000","peak":2143.16,"msg":"SL pujat"}
{"level":30,"time":1775464613050,"pid":18332,"hostname":"DESKTOP-KPAMGTB","module":"trailing-engine","symbol":"ETHUSDT","mode":"ATR","oldSl":2017.06,"newSl":"2017.84000000","peak":2143.94,"msg":"SL pujat"}
{"level":30,"time":1775464672555,"pid":18332,"hostname":"DESKTOP-KPAMGTB","module":"trailing-engine","symbol":"ETHUSDT","mode":"ATR","oldSl":2017.84,"newSl":"2019.14000000","peak":2145.24,"msg":"SL pujat"}
{"level":40,"time":1775465470577,"pid":18332,"hostname":"DESKTOP-KPAMGTB","module":"auto-trader","err":"fetch failed","msg":"checkOrphanPositions: error obtenint dades"}
{"level":30,"time":1775466006508,"pid":18332,"hostname":"DESKTOP-KPAMGTB","module":"telegram","msg":"informe horari enviat"}
{"level":30,"time":1775466623163,"pid":18332,"hostname":"DESKTOP-KPAMGTB","module":"trailing-engine","symbol":"ETHUSDT","mode":"ATR","oldSl":2019.14,"newSl":"2019.74000000","peak":2145.84,"msg":"SL pujat"}
{"level":30,"time":1775466713037,"pid":18332,"hostname":"DESKTOP-KPAMGTB","module":"trailing-engine","symbol":"ETHUSDT","mode":"ATR","oldSl":2019.74,"newSl":"2020.09000000","peak":2146.19,"msg":"SL pujat"}
{"level":30,"time":1775466743321,"pid":18332,"hostname":"DESKTOP-KPAMGTB","module":"trailing-engine","symbol":"ETHUSDT","mode":"ATR","oldSl":2020.09,"newSl":"2020.90000000","peak":2147,"msg":"SL pujat"}
{"level":30,"time":1775466772601,"pid":18332,"hostname":"DESKTOP-KPAMGTB","module":"trailing-engine","symbol":"ETHUSDT","mode":"ATR","oldSl":2020.9,"newSl":"2022.22000000","peak":2148.32,"msg":"SL pujat"}
{"level":30,"time":1775466833980,"pid":18332,"hostname":"DESKTOP-KPAMGTB","module":"trailing-engine","symbol":"ETHUSDT","mode":"ATR","oldSl":2022.22,"newSl":"2022.46000000","peak":2148.56,"msg":"SL pujat"}
{"level":30,"time":1775466862842,"pid":18332,"hostname":"DESKTOP-KPAMGTB","module":"trailing-engine","symbol":"ETHUSDT","mode":"ATR","oldSl":2022.46,"newSl":"2023.62000000","peak":2149.72,"msg":"SL pujat"}
{"level":30,"time":1775466922795,"pid":18332,"hostname":"DESKTOP-KPAMGTB","module":"trailing-engine","symbol":"ETHUSDT","mode":"ATR","oldSl":2023.62,"newSl":"2025.58000000","peak":2151.68,"msg":"SL pujat"}
{"level":30,"time":1775466982909,"pid":18332,"hostname":"DESKTOP-KPAMGTB","module":"trailing-engine","symbol":"ETHUSDT","mode":"ATR","oldSl":2025.58,"newSl":"2027.69000000","peak":2153.79,"msg":"SL pujat"}
{"level":30,"time":1775467072726,"pid":18332,"hostname":"DESKTOP-KPAMGTB","module":"trailing-engine","symbol":"ETHUSDT","mode":"ATR","oldSl":2027.69,"newSl":"2028.77000000","peak":2154.87,"msg":"SL pujat"}
{"level":30,"time":1775467132725,"pid":18332,"hostname":"DESKTOP-KPAMGTB","module":"trailing-engine","symbol":"ETHUSDT","mode":"ATR","oldSl":2028.77,"newSl":"2031.85000000","peak":2157.95,"msg":"SL pujat"}
{"level":30,"time":1775467162877,"pid":18332,"hostname":"DESKTOP-KPAMGTB","module":"trailing-engine","symbol":"ETHUSDT","mode":"ATR","oldSl":2031.85,"newSl":"2033.99000000","peak":2160.09,"msg":"SL pujat"}
{"level":30,"time":1775467193678,"pid":18332,"hostname":"DESKTOP-KPAMGTB","module":"trailing-engine","symbol":"ETHUSDT","mode":"ATR","oldSl":2033.99,"newSl":"2035.00000000","peak":2161.1,"msg":"SL pujat"}
{"level":30,"time":1775467312807,"pid":18332,"hostname":"DESKTOP-KPAMGTB","module":"trailing-engine","symbol":"ETHUSDT","mode":"ATR","oldSl":2035,"newSl":"2038.17000000","peak":2164.27,"msg":"SL pujat"}
{"level":30,"time":1775467342759,"pid":18332,"hostname":"DESKTOP-KPAMGTB","module":"trailing-engine","symbol":"ETHUSDT","mode":"ATR","oldSl":2038.17,"newSl":"2042.98000000","peak":2169.08,"msg":"SL pujat"}
{"level":30,"time":1775469606409,"pid":18332,"hostname":"DESKTOP-KPAMGTB","module":"telegram","msg":"informe horari enviat"}
{"level":30,"time":1775473206485,"pid":18332,"hostname":"DESKTOP-KPAMGTB","module":"telegram","msg":"informe horari enviat"}
{"level":30,"time":1775476806545,"pid":18332,"hostname":"DESKTOP-KPAMGTB","module":"telegram","msg":"informe horari enviat"}
{"level":30,"time":1775480406400,"pid":18332,"hostname":"DESKTOP-KPAMGTB","module":"telegram","msg":"informe horari enviat"}
{"level":50,"time":1775481785811,"pid":18332,"hostname":"DESKTOP-KPAMGTB","module":"trailing-engine","symbol":"ETHUSDT","count":1,"max":3,"err":"fetch failed","msg":"error al cicle"}
{"level":30,"time":1775484006444,"pid":18332,"hostname":"DESKTOP-KPAMGTB","module":"telegram","msg":"informe horari enviat"}
{"level":30,"time":1775487607236,"pid":18332,"hostname":"DESKTOP-KPAMGTB","module":"telegram","msg":"informe horari enviat"}
{"level":30,"time":1775487612489,"pid":18332,"hostname":"DESKTOP-KPAMGTB","module":"binance","assets":23,"msg":"balance"}
{"level":30,"time":1775487641670,"pid":18332,"hostname":"DESKTOP-KPAMGTB","module":"binance","assets":23,"msg":"balance"}
{"level":30,"time":1775487726671,"pid":18332,"hostname":"DESKTOP-KPAMGTB","module":"binance","assets":23,"msg":"balance"}
{"level":30,"time":1775490108426,"pid":18332,"hostname":"DESKTOP-KPAMGTB","module":"binance","assets":23,"msg":"balance"}
{"level":30,"time":1775490108583,"pid":18332,"hostname":"DESKTOP-KPAMGTB","module":"binance","assets":23,"msg":"balance"}
{"level":30,"time":1775490281196,"pid":18332,"hostname":"DESKTOP-KPAMGTB","module":"binance","assets":23,"msg":"balance"}
{"level":30,"time":1775490385649,"pid":18332,"hostname":"DESKTOP-KPAMGTB","module":"binance","count":86,"msg":"trades"}
{"level":30,"time":1775490385941,"pid":18332,"hostname":"DESKTOP-KPAMGTB","module":"binance","count":86,"msg":"trades"}
{"level":30,"time":1775490439878,"pid":18332,"hostname":"DESKTOP-KPAMGTB","module":"binance","count":86,"msg":"trades"}
{"level":30,"time":1775490440191,"pid":18332,"hostname":"DESKTOP-KPAMGTB","module":"binance","count":86,"msg":"trades"}
{"level":30,"time":1775490571619,"pid":18332,"hostname":"DESKTOP-KPAMGTB","module":"binance","symbol":"SOLUSDT","interval":"1h","verdict":"WAIT","score":53,"price":82.31,"msg":"scanner"}
{"level":30,"time":1775490571633,"pid":18332,"hostname":"DESKTOP-KPAMGTB","module":"binance","symbol":"BTCUSDT","interval":"4h","verdict":"WAIT","score":63,"price":69823.44,"msg":"scanner"}
{"level":30,"time":1775490571700,"pid":18332,"hostname":"DESKTOP-KPAMGTB","module":"binance","symbol":"BNBUSDT","interval":"1h","verdict":"BUY","score":69,"price":608.36,"msg":"scanner"}
{"level":30,"time":1775490571722,"pid":18332,"hostname":"DESKTOP-KPAMGTB","module":"binance","symbol":"XRPUSDT","interval":"1h","verdict":"WAIT","score":59,"price":1.3495,"msg":"scanner"}
{"level":30,"time":1775490571730,"pid":18332,"hostname":"DESKTOP-KPAMGTB","module":"binance","symbol":"BTCUSDT","interval":"1h","verdict":"BUY","score":69,"price":69823.44,"msg":"scanner"}
{"level":30,"time":1775490571736,"pid":18332,"hostname":"DESKTOP-KPAMGTB","module":"binance","symbol":"ETHUSDT","interval":"1h","verdict":"BUY","score":69,"price":2163.65,"msg":"scanner"}
{"level":30,"time":1775490571746,"pid":18332,"hostname":"DESKTOP-KPAMGTB","module":"binance","symbol":"BTCUSDT","interval":"5m","verdict":"WAIT","score":56,"price":69823.44,"msg":"scanner"}
{"level":30,"time":1775490572918,"pid":18332,"hostname":"DESKTOP-KPAMGTB","module":"binance","symbol":"XRPUSDT","interval":"1h","verdict":"WAIT","score":59,"price":1.3495,"msg":"scanner"}
{"level":30,"time":1775490572927,"pid":18332,"hostname":"DESKTOP-KPAMGTB","module":"binance","symbol":"SOLUSDT","interval":"1h","verdict":"WAIT","score":53,"price":82.31,"msg":"scanner"}
{"level":30,"time":1775490572955,"pid":18332,"hostname":"DESKTOP-KPAMGTB","module":"binance","symbol":"ETHUSDT","interval":"1h","verdict":"BUY","score":69,"price":2163.65,"msg":"scanner"}
{"level":30,"time":1775490572995,"pid":18332,"hostname":"DESKTOP-KPAMGTB","module":"binance","symbol":"BTCUSDT","interval":"4h","verdict":"WAIT","score":63,"price":69823.44,"msg":"scanner"}
{"level":30,"time":1775490573015,"pid":18332,"hostname":"DESKTOP-KPAMGTB","module":"binance","symbol":"BTCUSDT","interval":"1h","verdict":"BUY","score":69,"price":69823.44,"msg":"scanner"}
{"level":30,"time":1775490573023,"pid":18332,"hostname":"DESKTOP-KPAMGTB","module":"binance","symbol":"BNBUSDT","interval":"1h","verdict":"BUY","score":69,"price":608.36,"msg":"scanner"}
{"level":30,"time":1775490573036,"pid":18332,"hostname":"DESKTOP-KPAMGTB","module":"binance","symbol":"BTCUSDT","interval":"5m","verdict":"WAIT","score":56,"price":69823.44,"msg":"scanner"}
{"level":30,"time":1775490621181,"pid":18332,"hostname":"DESKTOP-KPAMGTB","module":"binance","symbol":"ETHUSDT","interval":"5m","verdict":"BUY","score":66,"price":2163.63,"msg":"scanner"}
{"level":30,"time":1775490621214,"pid":18332,"hostname":"DESKTOP-KPAMGTB","module":"binance","symbol":"ETHUSDT","interval":"4h","verdict":"BUY","score":69,"price":2163.63,"msg":"scanner"}
{"level":30,"time":1775490625055,"pid":18332,"hostname":"DESKTOP-KPAMGTB","module":"binance","symbol":"BTCUSDT","interval":"5m","verdict":"WAIT","score":59,"price":69833.61,"msg":"scanner"}
{"level":30,"time":1775490643059,"pid":18332,"hostname":"DESKTOP-KPAMGTB","module":"binance","symbol":"SOLUSDT","interval":"4h","verdict":"WAIT","score":50,"price":82.34,"msg":"scanner"}
{"level":30,"time":1775490643073,"pid":18332,"hostname":"DESKTOP-KPAMGTB","module":"binance","symbol":"BNBUSDT","interval":"4h","verdict":"WAIT","score":63,"price":608.53,"msg":"scanner"}
{"level":30,"time":1775490643086,"pid":18332,"hostname":"DESKTOP-KPAMGTB","module":"binance","symbol":"XRPUSDT","interval":"4h","verdict":"WAIT","score":56,"price":1.3499,"msg":"scanner"}
{"level":30,"time":1775490796190,"pid":18332,"hostname":"DESKTOP-KPAMGTB","module":"binance","symbol":"BTCUSDT","interval":"1h","verdict":"BUY","score":69,"price":69929.99,"msg":"scanner"}
{"level":30,"time":1775490796318,"pid":18332,"hostname":"DESKTOP-KPAMGTB","module":"binance","assets":23,"msg":"balance"}
{"level":30,"time":1775490796387,"pid":18332,"hostname":"DESKTOP-KPAMGTB","module":"binance","symbol":"BTCUSDT","interval":"1h","verdict":"BUY","score":69,"price":69929.99,"msg":"scanner"}
{"level":30,"time":1775490796475,"pid":18332,"hostname":"DESKTOP-KPAMGTB","module":"binance","assets":23,"msg":"balance"}
{"level":30,"time":1775490816360,"pid":18332,"hostname":"DESKTOP-KPAMGTB","module":"binance","symbol":"BTCUSDT","interval":"5m","verdict":"BUY","score":66,"price":69905.09,"msg":"scanner"}
{"level":30,"time":1775490874466,"pid":18332,"hostname":"DESKTOP-KPAMGTB","module":"binance","symbol":"BTCUSDT","interval":"5m","verdict":"BUY","score":66,"price":69919.3,"msg":"scanner"}
{"level":30,"time":1775490874476,"pid":18332,"hostname":"DESKTOP-KPAMGTB","module":"binance","symbol":"BTCUSDT","interval":"4h","verdict":"WAIT","score":63,"price":69919.3,"msg":"scanner"}
{"level":30,"time":1775490874515,"pid":18332,"hostname":"DESKTOP-KPAMGTB","module":"binance","symbol":"ETHUSDT","interval":"5m","verdict":"WAIT","score":59,"price":2165.41,"msg":"scanner"}
{"level":30,"time":1775490874576,"pid":18332,"hostname":"DESKTOP-KPAMGTB","module":"binance","symbol":"BTCUSDT","interval":"5m","verdict":"BUY","score":66,"price":69919.3,"msg":"scanner"}
{"level":30,"time":1775490874605,"pid":18332,"hostname":"DESKTOP-KPAMGTB","module":"binance","symbol":"ETHUSDT","interval":"5m","verdict":"WAIT","score":59,"price":2165.41,"msg":"scanner"}
{"level":30,"time":1775490874616,"pid":18332,"hostname":"DESKTOP-KPAMGTB","module":"binance","symbol":"BTCUSDT","interval":"4h","verdict":"WAIT","score":63,"price":69919.3,"msg":"scanner"}
{"level":30,"time":1775490874784,"pid":18332,"hostname":"DESKTOP-KPAMGTB","module":"binance","symbol":"ETHUSDT","interval":"1h","verdict":"BUY","score":72,"price":2165.41,"msg":"scanner"}
{"level":30,"time":1775490874903,"pid":18332,"hostname":"DESKTOP-KPAMGTB","module":"binance","symbol":"ETHUSDT","interval":"1h","verdict":"BUY","score":72,"price":2165.41,"msg":"scanner"}
{"level":30,"time":1775490875093,"pid":18332,"hostname":"DESKTOP-KPAMGTB","module":"binance","symbol":"BNBUSDT","interval":"5m","verdict":"WAIT","score":56,"price":608.47,"msg":"scanner"}
{"level":30,"time":1775490875110,"pid":18332,"hostname":"DESKTOP-KPAMGTB","module":"binance","symbol":"BNBUSDT","interval":"1h","verdict":"BUY","score":69,"price":608.47,"msg":"scanner"}
{"level":30,"time":1775490875258,"pid":18332,"hostname":"DESKTOP-KPAMGTB","module":"binance","symbol":"BNBUSDT","interval":"1h","verdict":"BUY","score":69,"price":608.47,"msg":"scanner"}
{"level":30,"time":1775490875408,"pid":18332,"hostname":"DESKTOP-KPAMGTB","module":"binance","symbol":"SOLUSDT","interval":"5m","verdict":"BUY","score":66,"price":82.39,"msg":"scanner"}
{"level":30,"time":1775490875504,"pid":18332,"hostname":"DESKTOP-KPAMGTB","module":"binance","symbol":"SOLUSDT","interval":"1h","verdict":"WAIT","score":50,"price":82.39,"msg":"scanner"}
{"level":30,"time":1775490875563,"pid":18332,"hostname":"DESKTOP-KPAMGTB","module":"binance","symbol":"XRPUSDT","interval":"5m","verdict":"WAIT","score":63,"price":1.3507,"msg":"scanner"}
{"level":30,"time":1775490875676,"pid":18332,"hostname":"DESKTOP-KPAMGTB","module":"binance","symbol":"SOLUSDT","interval":"1h","verdict":"WAIT","score":50,"price":82.39,"msg":"scanner"}
{"level":30,"time":1775490875736,"pid":18332,"hostname":"DESKTOP-KPAMGTB","module":"binance","symbol":"XRPUSDT","interval":"1h","verdict":"WAIT","score":59,"price":1.3507,"msg":"scanner"}
{"level":30,"time":1775490875977,"pid":18332,"hostname":"DESKTOP-KPAMGTB","module":"binance","symbol":"XRPUSDT","interval":"1h","verdict":"WAIT","score":59,"price":1.3507,"msg":"scanner"}
{"level":30,"time":1775490875988,"pid":18332,"hostname":"DESKTOP-KPAMGTB","module":"binance","symbol":"DOGEUSDT","interval":"5m","verdict":"BUY","score":72,"price":0.09286,"msg":"scanner"}
{"level":30,"time":1775490876050,"pid":18332,"hostname":"DESKTOP-KPAMGTB","module":"binance","symbol":"DOGEUSDT","interval":"1h","verdict":"WAIT","score":59,"price":0.09286,"msg":"scanner"}
{"level":30,"time":1775490876083,"pid":18332,"hostname":"DESKTOP-KPAMGTB","module":"binance","symbol":"DOGEUSDT","interval":"4h","verdict":"WAIT","score":56,"price":0.09286,"msg":"scanner"}
{"level":30,"time":1775490876134,"pid":18332,"hostname":"DESKTOP-KPAMGTB","module":"binance","symbol":"ADAUSDT","interval":"5m","verdict":"WAIT","score":47,"price":0.2545,"msg":"scanner"}
{"level":30,"time":1775490876376,"pid":18332,"hostname":"DESKTOP-KPAMGTB","module":"binance","symbol":"ADAUSDT","interval":"1h","verdict":"WAIT","score":53,"price":0.2545,"msg":"scanner"}
{"level":30,"time":1775490876440,"pid":18332,"hostname":"DESKTOP-KPAMGTB","module":"binance","symbol":"ADAUSDT","interval":"4h","verdict":"WAIT","score":50,"price":0.2545,"msg":"scanner"}
{"level":30,"time":1775490876559,"pid":18332,"hostname":"DESKTOP-KPAMGTB","module":"binance","symbol":"AVAXUSDT","interval":"5m","verdict":"BUY","score":66,"price":9.39,"msg":"scanner"}
{"level":30,"time":1775490876571,"pid":18332,"hostname":"DESKTOP-KPAMGTB","module":"binance","symbol":"AVAXUSDT","interval":"1h","verdict":"WAIT","score":56,"price":9.39,"msg":"scanner"}
{"level":30,"time":1775490876752,"pid":18332,"hostname":"DESKTOP-KPAMGTB","module":"binance","symbol":"AVAXUSDT","interval":"4h","verdict":"WAIT","score":56,"price":9.39,"msg":"scanner"}
{"level":30,"time":1775490876803,"pid":18332,"hostname":"DESKTOP-KPAMGTB","module":"binance","symbol":"TRXUSDT","interval":"5m","verdict":"WAIT","score":50,"price":0.3179,"msg":"scanner"}
{"level":30,"time":1775490877178,"pid":18332,"hostname":"DESKTOP-KPAMGTB","module":"binance","symbol":"TRXUSDT","interval":"1h","verdict":"WAIT","score":38,"price":0.3179,"msg":"scanner"}
{"level":30,"time":1775490877490,"pid":18332,"hostname":"DESKTOP-KPAMGTB","module":"binance","symbol":"DOTUSDT","interval":"5m","verdict":"WAIT","score":59,"price":1.283,"msg":"scanner"}
{"level":30,"time":1775490877544,"pid":18332,"hostname":"DESKTOP-KPAMGTB","module":"binance","symbol":"DOTUSDT","interval":"1h","verdict":"WAIT","score":63,"price":1.283,"msg":"scanner"}
{"level":30,"time":1775490877705,"pid":18332,"hostname":"DESKTOP-KPAMGTB","module":"binance","symbol":"TRXUSDT","interval":"4h","verdict":"WAIT","score":56,"price":0.3179,"msg":"scanner"}
{"level":30,"time":1775490877739,"pid":18332,"hostname":"DESKTOP-KPAMGTB","module":"binance","symbol":"DOTUSDT","interval":"4h","verdict":"WAIT","score":59,"price":1.283,"msg":"scanner"}
{"level":30,"time":1775490878110,"pid":18332,"hostname":"DESKTOP-KPAMGTB","module":"binance","symbol":"LINKUSDT","interval":"5m","verdict":"WAIT","score":63,"price":9.09,"msg":"scanner"}
{"level":30,"time":1775490878354,"pid":18332,"hostname":"DESKTOP-KPAMGTB","module":"binance","symbol":"LINKUSDT","interval":"1h","verdict":"WAIT","score":59,"price":9.09,"msg":"scanner"}
{"level":30,"time":1775490878371,"pid":18332,"hostname":"DESKTOP-KPAMGTB","module":"binance","symbol":"LINKUSDT","interval":"4h","verdict":"BUY","score":69,"price":9.09,"msg":"scanner"}
{"level":30,"time":1775490878393,"pid":18332,"hostname":"DESKTOP-KPAMGTB","module":"binance","symbol":"MATICUSDT","interval":"5m","verdict":"WAIT","score":59,"price":0.3794,"msg":"scanner"}
{"level":30,"time":1775490878492,"pid":18332,"hostname":"DESKTOP-KPAMGTB","module":"binance","symbol":"MATICUSDT","interval":"1h","verdict":"WAIT","score":47,"price":0.3794,"msg":"scanner"}
{"level":30,"time":1775490878974,"pid":18332,"hostname":"DESKTOP-KPAMGTB","module":"binance","symbol":"MATICUSDT","interval":"4h","verdict":"WAIT","score":41,"price":0.3794,"msg":"scanner"}
{"level":30,"time":1775490879059,"pid":18332,"hostname":"DESKTOP-KPAMGTB","module":"binance","symbol":"LTCUSDT","interval":"5m","verdict":"BUY","score":66,"price":54.32,"msg":"scanner"}
{"level":30,"time":1775490879072,"pid":18332,"hostname":"DESKTOP-KPAMGTB","module":"binance","symbol":"LTCUSDT","interval":"1h","verdict":"WAIT","score":53,"price":54.32,"msg":"scanner"}
{"level":30,"time":1775490879091,"pid":18332,"hostname":"DESKTOP-KPAMGTB","module":"binance","symbol":"LTCUSDT","interval":"4h","verdict":"WAIT","score":38,"price":54.32,"msg":"scanner"}
{"level":30,"time":1775490879594,"pid":18332,"hostname":"DESKTOP-KPAMGTB","module":"binance","symbol":"SHIBUSDT","interval":"5m","verdict":"BUY","score":66,"price":0.00000601,"msg":"scanner"}
{"level":30,"time":1775490879608,"pid":18332,"hostname":"DESKTOP-KPAMGTB","module":"binance","symbol":"SHIBUSDT","interval":"1h","verdict":"WAIT","score":53,"price":0.00000601,"msg":"scanner"}
{"level":30,"time":1775490879673,"pid":18332,"hostname":"DESKTOP-KPAMGTB","module":"binance","symbol":"SHIBUSDT","interval":"4h","verdict":"WAIT","score":63,"price":0.00000601,"msg":"scanner"}
{"level":30,"time":1775490879688,"pid":18332,"hostname":"DESKTOP-KPAMGTB","module":"binance","symbol":"UNIUSDT","interval":"5m","verdict":"BUY","score":66,"price":3.195,"msg":"scanner"}
{"level":30,"time":1775490880167,"pid":18332,"hostname":"DESKTOP-KPAMGTB","module":"binance","symbol":"UNIUSDT","interval":"1h","verdict":"WAIT","score":50,"price":3.195,"msg":"scanner"}
{"level":30,"time":1775490880209,"pid":18332,"hostname":"DESKTOP-KPAMGTB","module":"binance","symbol":"UNIUSDT","interval":"4h","verdict":"WAIT","score":47,"price":3.195,"msg":"scanner"}
{"level":30,"time":1775490880270,"pid":18332,"hostname":"DESKTOP-KPAMGTB","module":"binance","symbol":"ATOMUSDT","interval":"5m","verdict":"WAIT","score":56,"price":1.726,"msg":"scanner"}
{"level":30,"time":1775490880288,"pid":18332,"hostname":"DESKTOP-KPAMGTB","module":"binance","symbol":"ATOMUSDT","interval":"1h","verdict":"WAIT","score":59,"price":1.726,"msg":"scanner"}
{"level":30,"time":1775490881252,"pid":18332,"hostname":"DESKTOP-KPAMGTB","module":"binance","symbol":"ATOMUSDT","interval":"4h","verdict":"WAIT","score":63,"price":1.726,"msg":"scanner"}
{"level":30,"time":1775490881274,"pid":18332,"hostname":"DESKTOP-KPAMGTB","module":"binance","symbol":"ETCUSDT","interval":"5m","verdict":"WAIT","score":50,"price":8.61,"msg":"scanner"}
{"level":30,"time":1775490881336,"pid":18332,"hostname":"DESKTOP-KPAMGTB","module":"binance","symbol":"ETCUSDT","interval":"1h","verdict":"WAIT","score":56,"price":8.61,"msg":"scanner"}
{"level":30,"time":1775490881474,"pid":18332,"hostname":"DESKTOP-KPAMGTB","module":"binance","symbol":"ETCUSDT","interval":"4h","verdict":"WAIT","score":63,"price":8.61,"msg":"scanner"}
{"level":30,"time":1775490881789,"pid":18332,"hostname":"DESKTOP-KPAMGTB","module":"binance","symbol":"XLMUSDT","interval":"5m","verdict":"WAIT","score":47,"price":0.161,"msg":"scanner"}
{"level":30,"time":1775490881868,"pid":18332,"hostname":"DESKTOP-KPAMGTB","module":"binance","symbol":"XLMUSDT","interval":"1h","verdict":"WAIT","score":38,"price":0.161,"msg":"scanner"}
{"level":30,"time":1775490881965,"pid":18332,"hostname":"DESKTOP-KPAMGTB","module":"binance","symbol":"XLMUSDT","interval":"4h","verdict":"AVOID","score":34,"price":0.161,"msg":"scanner"}
{"level":30,"time":1775490882051,"pid":18332,"hostname":"DESKTOP-KPAMGTB","module":"binance","symbol":"APTUSDT","interval":"5m","verdict":"WAIT","score":47,"price":0.865,"msg":"scanner"}
{"level":30,"time":1775490882303,"pid":18332,"hostname":"DESKTOP-KPAMGTB","module":"binance","symbol":"APTUSDT","interval":"1h","verdict":"WAIT","score":50,"price":0.865,"msg":"scanner"}
{"level":30,"time":1775490882395,"pid":18332,"hostname":"DESKTOP-KPAMGTB","module":"binance","symbol":"APTUSDT","interval":"4h","verdict":"WAIT","score":47,"price":0.865,"msg":"scanner"}
{"level":30,"time":1775490882486,"pid":18332,"hostname":"DESKTOP-KPAMGTB","module":"binance","symbol":"NEARUSDT","interval":"5m","verdict":"WAIT","score":63,"price":1.281,"msg":"scanner"}
{"level":30,"time":1775490882543,"pid":18332,"hostname":"DESKTOP-KPAMGTB","module":"binance","symbol":"NEARUSDT","interval":"1h","verdict":"WAIT","score":56,"price":1.281,"msg":"scanner"}
{"level":30,"time":1775490882737,"pid":18332,"hostname":"DESKTOP-KPAMGTB","module":"binance","symbol":"NEARUSDT","interval":"4h","verdict":"WAIT","score":59,"price":1.281,"msg":"scanner"}
{"level":30,"time":1775490908578,"pid":18332,"hostname":"DESKTOP-KPAMGTB","module":"binance","symbol":"BTCUSDT","interval":"5m","verdict":"BUY","score":66,"price":69938.29,"msg":"scanner"}
{"level":30,"time":1775490908657,"pid":18332,"hostname":"DESKTOP-KPAMGTB","module":"binance","symbol":"ETHUSDT","interval":"5m","verdict":"BUY","score":69,"price":2164.82,"msg":"scanner"}
{"level":30,"time":1775490908907,"pid":18332,"hostname":"DESKTOP-KPAMGTB","module":"binance","symbol":"BNBUSDT","interval":"5m","verdict":"WAIT","score":50,"price":608.42,"msg":"scanner"}
{"level":30,"time":1775490909017,"pid":18332,"hostname":"DESKTOP-KPAMGTB","module":"binance","symbol":"SOLUSDT","interval":"5m","verdict":"WAIT","score":59,"price":82.29,"msg":"scanner"}
{"level":30,"time":1775490909208,"pid":18332,"hostname":"DESKTOP-KPAMGTB","module":"binance","symbol":"XRPUSDT","interval":"5m","verdict":"BUY","score":66,"price":1.3502,"msg":"scanner"}
{"level":30,"time":1775490909389,"pid":18332,"hostname":"DESKTOP-KPAMGTB","module":"binance","symbol":"DOGEUSDT","interval":"5m","verdict":"WAIT","score":63,"price":0.09284,"msg":"scanner"}
{"level":30,"time":1775490909536,"pid":18332,"hostname":"DESKTOP-KPAMGTB","module":"binance","symbol":"ADAUSDT","interval":"5m","verdict":"WAIT","score":44,"price":0.2544,"msg":"scanner"}
{"level":30,"time":1775490909669,"pid":18332,"hostname":"DESKTOP-KPAMGTB","module":"binance","symbol":"AVAXUSDT","interval":"5m","verdict":"WAIT","score":63,"price":9.38,"msg":"scanner"}
{"level":30,"time":1775490909752,"pid":18332,"hostname":"DESKTOP-KPAMGTB","module":"binance","symbol":"TRXUSDT","interval":"5m","verdict":"WAIT","score":53,"price":0.3178,"msg":"scanner"}
{"level":30,"time":1775490909861,"pid":18332,"hostname":"DESKTOP-KPAMGTB","module":"binance","symbol":"DOTUSDT","interval":"5m","verdict":"WAIT","score":56,"price":1.283,"msg":"scanner"}
{"level":30,"time":1775490910001,"pid":18332,"hostname":"DESKTOP-KPAMGTB","module":"binance","symbol":"LINKUSDT","interval":"5m","verdict":"WAIT","score":63,"price":9.09,"msg":"scanner"}
{"level":30,"time":1775490910095,"pid":18332,"hostname":"DESKTOP-KPAMGTB","module":"binance","symbol":"MATICUSDT","interval":"5m","verdict":"WAIT","score":59,"price":0.3794,"msg":"scanner"}
{"level":30,"time":1775490910206,"pid":18332,"hostname":"DESKTOP-KPAMGTB","module":"binance","symbol":"LTCUSDT","interval":"5m","verdict":"WAIT","score":63,"price":54.31,"msg":"scanner"}
{"level":30,"time":1775490910383,"pid":18332,"hostname":"DESKTOP-KPAMGTB","module":"binance","symbol":"SHIBUSDT","interval":"5m","verdict":"WAIT","score":59,"price":0.00000601,"msg":"scanner"}
{"level":30,"time":1775490910609,"pid":18332,"hostname":"DESKTOP-KPAMGTB","module":"binance","symbol":"UNIUSDT","interval":"5m","verdict":"BUY","score":66,"price":3.195,"msg":"scanner"}
{"level":30,"time":1775490910720,"pid":18332,"hostname":"DESKTOP-KPAMGTB","module":"binance","symbol":"ATOMUSDT","interval":"5m","verdict":"WAIT","score":53,"price":1.725,"msg":"scanner"}
{"level":30,"time":1775490938875,"pid":18332,"hostname":"DESKTOP-KPAMGTB","module":"binance","symbol":"BTCUSDT","interval":"1h","verdict":"BUY","score":69,"price":69907.74,"msg":"scanner"}
{"level":30,"time":1775490939263,"pid":18332,"hostname":"DESKTOP-KPAMGTB","module":"binance","symbol":"ETHUSDT","interval":"4h","verdict":"BUY","score":69,"price":2164.03,"msg":"scanner"}
{"level":30,"time":1775490939289,"pid":18332,"hostname":"DESKTOP-KPAMGTB","module":"binance","symbol":"BNBUSDT","interval":"5m","verdict":"WAIT","score":53,"price":608.26,"msg":"scanner"}
{"level":30,"time":1775490939442,"pid":18332,"hostname":"DESKTOP-KPAMGTB","module":"binance","symbol":"SOLUSDT","interval":"5m","verdict":"WAIT","score":56,"price":82.24,"msg":"scanner"}
{"level":30,"time":1775490939563,"pid":18332,"hostname":"DESKTOP-KPAMGTB","module":"binance","symbol":"XRPUSDT","interval":"5m","verdict":"BUY","score":69,"price":1.3498,"msg":"scanner"}
{"level":30,"time":1775490939716,"pid":18332,"hostname":"DESKTOP-KPAMGTB","module":"binance","symbol":"DOGEUSDT","interval":"5m","verdict":"BUY","score":66,"price":0.09281,"msg":"scanner"}
{"level":30,"time":1775490940008,"pid":18332,"hostname":"DESKTOP-KPAMGTB","module":"binance","symbol":"TRXUSDT","interval":"5m","verdict":"WAIT","score":53,"price":0.3178,"msg":"scanner"}
{"level":30,"time":1775490940118,"pid":18332,"hostname":"DESKTOP-KPAMGTB","module":"binance","symbol":"DOTUSDT","interval":"5m","verdict":"WAIT","score":56,"price":1.283,"msg":"scanner"}
{"level":30,"time":1775490940340,"pid":18332,"hostname":"DESKTOP-KPAMGTB","module":"binance","symbol":"LINKUSDT","interval":"5m","verdict":"WAIT","score":56,"price":9.08,"msg":"scanner"}
{"level":30,"time":1775490940631,"pid":18332,"hostname":"DESKTOP-KPAMGTB","module":"binance","symbol":"MATICUSDT","interval":"5m","verdict":"WAIT","score":59,"price":0.3794,"msg":"scanner"}
{"level":30,"time":1775490940823,"pid":18332,"hostname":"DESKTOP-KPAMGTB","module":"binance","symbol":"LTCUSDT","interval":"5m","verdict":"BUY","score":69,"price":54.29,"msg":"scanner"}
{"level":30,"time":1775490940952,"pid":18332,"hostname":"DESKTOP-KPAMGTB","module":"binance","symbol":"SHIBUSDT","interval":"5m","verdict":"WAIT","score":59,"price":0.00000601,"msg":"scanner"}
{"level":30,"time":1775490941153,"pid":18332,"hostname":"DESKTOP-KPAMGTB","module":"binance","symbol":"UNIUSDT","interval":"5m","verdict":"WAIT","score":56,"price":3.19,"msg":"scanner"}
{"level":30,"time":1775490941241,"pid":18332,"hostname":"DESKTOP-KPAMGTB","module":"binance","symbol":"ATOMUSDT","interval":"5m","verdict":"WAIT","score":53,"price":1.725,"msg":"scanner"}
{"level":30,"time":1775490941320,"pid":18332,"hostname":"DESKTOP-KPAMGTB","module":"binance","symbol":"ETCUSDT","interval":"5m","verdict":"WAIT","score":47,"price":8.61,"msg":"scanner"}
{"level":30,"time":1775490941448,"pid":18332,"hostname":"DESKTOP-KPAMGTB","module":"binance","symbol":"XLMUSDT","interval":"5m","verdict":"WAIT","score":47,"price":0.1609,"msg":"scanner"}
{"level":30,"time":1775490941575,"pid":18332,"hostname":"DESKTOP-KPAMGTB","module":"binance","symbol":"APTUSDT","interval":"5m","verdict":"WAIT","score":50,"price":0.865,"msg":"scanner"}
{"level":30,"time":1775490941684,"pid":18332,"hostname":"DESKTOP-KPAMGTB","module":"binance","symbol":"NEARUSDT","interval":"5m","verdict":"WAIT","score":56,"price":1.28,"msg":"scanner"}
{"level":30,"time":1775490968623,"pid":18332,"hostname":"DESKTOP-KPAMGTB","module":"binance","symbol":"BTCUSDT","interval":"5m","verdict":"BUY","score":66,"price":69935.3,"msg":"scanner"}
{"level":30,"time":1775490968722,"pid":18332,"hostname":"DESKTOP-KPAMGTB","module":"binance","symbol":"ETHUSDT","interval":"5m","verdict":"WAIT","score":59,"price":2164.46,"msg":"scanner"}
{"level":30,"time":1775490969035,"pid":18332,"hostname":"DESKTOP-KPAMGTB","module":"binance","symbol":"BNBUSDT","interval":"4h","verdict":"WAIT","score":63,"price":608.33,"msg":"scanner"}
{"level":30,"time":1775490969109,"pid":18332,"hostname":"DESKTOP-KPAMGTB","module":"binance","symbol":"SOLUSDT","interval":"4h","verdict":"WAIT","score":44,"price":82.27,"msg":"scanner"}
{"level":30,"time":1775490969225,"pid":18332,"hostname":"DESKTOP-KPAMGTB","module":"binance","symbol":"XRPUSDT","interval":"4h","verdict":"WAIT","score":56,"price":1.3499,"msg":"scanner"}
{"level":30,"time":1775490969352,"pid":18332,"hostname":"DESKTOP-KPAMGTB","module":"binance","symbol":"ADAUSDT","interval":"5m","verdict":"WAIT","score":47,"price":0.2543,"msg":"scanner"}
{"level":30,"time":1775490969518,"pid":18332,"hostname":"DESKTOP-KPAMGTB","module":"binance","symbol":"AVAXUSDT","interval":"5m","verdict":"WAIT","score":63,"price":9.38,"msg":"scanner"}
{"level":30,"time":1775491206819,"pid":18332,"hostname":"DESKTOP-KPAMGTB","module":"telegram","msg":"informe horari enviat"}
{"level":50,"time":1775491377795,"pid":18332,"hostname":"DESKTOP-KPAMGTB","module":"trailing-engine","symbol":"XLMUSDT","count":1,"max":3,"err":"fetch failed","msg":"error al cicle"}
{"level":50,"time":1775491382820,"pid":18332,"hostname":"DESKTOP-KPAMGTB","module":"api","source":"orders","code":"NETWORK","err":"fetch failed","msg":"error de ruta"}
{"level":50,"time":1775491401409,"pid":18332,"hostname":"DESKTOP-KPAMGTB","module":"trailing-engine","symbol":"ETHUSDT","count":1,"max":3,"err":"fetch failed","msg":"error al cicle"}
{"level":40,"time":1775491412297,"pid":18332,"hostname":"DESKTOP-KPAMGTB","module":"auto-trader","err":"fetch failed","msg":"checkOrphanPositions: error obtenint dades"}
{"level":50,"time":1775491412309,"pid":18332,"hostname":"DESKTOP-KPAMGTB","module":"api","source":"orders","code":"NETWORK","err":"fetch failed","msg":"error de ruta"}
{"level":50,"time":1775491412315,"pid":18332,"hostname":"DESKTOP-KPAMGTB","module":"api","source":"orders","code":"NETWORK","err":"fetch failed","msg":"error de ruta"}
{"level":50,"time":1775491417679,"pid":18332,"hostname":"DESKTOP-KPAMGTB","module":"trailing-engine","symbol":"XLMUSDT","count":2,"max":3,"err":"fetch failed","msg":"error al cicle"}
{"level":50,"time":1775491417688,"pid":18332,"hostname":"DESKTOP-KPAMGTB","module":"api","source":"orders","code":"NETWORK","err":"fetch failed","msg":"error de ruta"}
{"level":50,"time":1775491428870,"pid":18332,"hostname":"DESKTOP-KPAMGTB","module":"api","source":"orders","code":"NETWORK","err":"fetch failed","msg":"error de ruta"}
{"level":50,"time":1775491439854,"pid":18332,"hostname":"DESKTOP-KPAMGTB","module":"trailing-engine","symbol":"ETHUSDT","count":2,"max":3,"err":"fetch failed","msg":"error al cicle"}
{"level":50,"time":1775491445473,"pid":18332,"hostname":"DESKTOP-KPAMGTB","module":"api","source":"orders","code":"NETWORK","err":"fetch failed","msg":"error de ruta"}
{"level":50,"time":1775491450558,"pid":18332,"hostname":"DESKTOP-KPAMGTB","module":"trailing-engine","symbol":"XLMUSDT","count":3,"max":3,"err":"fetch failed","msg":"error al cicle"}
{"level":40,"time":1775491450559,"pid":18332,"hostname":"DESKTOP-KPAMGTB","module":"trailing-engine","symbol":"XLMUSDT","count":3,"pauseSecs":60,"msg":"pausat per errors consecutius"}
{"level":50,"time":1775491461245,"pid":18332,"hostname":"DESKTOP-KPAMGTB","module":"api","source":"orders","code":"NETWORK","err":"fetch failed","msg":"error de ruta"}
{"level":40,"time":1775491473413,"pid":18332,"hostname":"DESKTOP-KPAMGTB","module":"auto-trader","err":"fetch failed","msg":"checkOrphanPositions: error obtenint dades"}
{"level":50,"time":1775491473417,"pid":18332,"hostname":"DESKTOP-KPAMGTB","module":"trailing-engine","symbol":"ETHUSDT","count":3,"max":3,"err":"fetch failed","msg":"error al cicle"}
{"level":40,"time":1775491473417,"pid":18332,"hostname":"DESKTOP-KPAMGTB","module":"trailing-engine","symbol":"ETHUSDT","count":3,"pauseSecs":60,"msg":"pausat per errors consecutius"}
{"level":50,"time":1775491479325,"pid":18332,"hostname":"DESKTOP-KPAMGTB","module":"api","source":"orders","code":"NETWORK","err":"fetch failed","msg":"error de ruta"}
{"level":50,"time":1775491494589,"pid":18332,"hostname":"DESKTOP-KPAMGTB","module":"api","source":"orders","code":"NETWORK","err":"fetch failed","msg":"error de ruta"}
{"level":50,"time":1775491494601,"pid":18332,"hostname":"DESKTOP-KPAMGTB","module":"trailing-engine","symbol":"ETHUSDT","count":4,"max":3,"err":"fetch failed","msg":"error al cicle"}
{"level":40,"time":1775491494601,"pid":18332,"hostname":"DESKTOP-KPAMGTB","module":"trailing-engine","symbol":"ETHUSDT","count":4,"pauseSecs":120,"msg":"pausat per errors consecutius"}
{"level":50,"time":1775491505140,"pid":18332,"hostname":"DESKTOP-KPAMGTB","module":"api","source":"orders","code":"NETWORK","err":"fetch failed","msg":"error de ruta"}
{"level":30,"time":1775492114222,"pid":18332,"hostname":"DESKTOP-KPAMGTB","module":"binance","assets":23,"msg":"balance"}
{"level":30,"time":1775492144564,"pid":18332,"hostname":"DESKTOP-KPAMGTB","module":"binance","assets":23,"msg":"balance"}
{"level":30,"time":1775492232799,"pid":18332,"hostname":"DESKTOP-KPAMGTB","module":"binance","assets":23,"msg":"balance"}
{"level":30,"time":1775492473585,"pid":18332,"hostname":"DESKTOP-KPAMGTB","module":"binance","assets":23,"msg":"balance"}
{"level":30,"time":1775492473653,"pid":18332,"hostname":"DESKTOP-KPAMGTB","module":"binance","assets":23,"msg":"balance"}
{"level":30,"time":1775494808629,"pid":18332,"hostname":"DESKTOP-KPAMGTB","module":"telegram","msg":"informe horari enviat"}
{"level":30,"time":1775498407365,"pid":18332,"hostname":"DESKTOP-KPAMGTB","module":"telegram","msg":"informe horari enviat"}
{"level":30,"time":1775502007088,"pid":18332,"hostname":"DESKTOP-KPAMGTB","module":"telegram","msg":"informe horari enviat"}
{"level":30,"time":1775505606938,"pid":18332,"hostname":"DESKTOP-KPAMGTB","module":"telegram","msg":"informe horari enviat"}
{"level":30,"time":1775509207137,"pid":18332,"hostname":"DESKTOP-KPAMGTB","module":"telegram","msg":"informe horari enviat"}
{"level":30,"time":1775512806984,"pid":18332,"hostname":"DESKTOP-KPAMGTB","module":"telegram","msg":"informe horari enviat"}
{"level":30,"time":1775516407006,"pid":18332,"hostname":"DESKTOP-KPAMGTB","module":"telegram","msg":"informe horari enviat"}
{"level":50,"time":1775517603907,"pid":18332,"hostname":"DESKTOP-KPAMGTB","module":"trailing-engine","symbol":"ETHUSDT","count":1,"max":3,"err":"fetch failed","msg":"error al cicle"}
{"level":30,"time":1775520007261,"pid":18332,"hostname":"DESKTOP-KPAMGTB","module":"telegram","msg":"informe horari enviat"}
{"level":30,"time":1775523607008,"pid":18332,"hostname":"DESKTOP-KPAMGTB","module":"telegram","msg":"informe horari enviat"}
{"level":30,"time":1775527207385,"pid":18332,"hostname":"DESKTOP-KPAMGTB","module":"telegram","msg":"informe horari enviat"}
{"level":30,"time":1775530807204,"pid":18332,"hostname":"DESKTOP-KPAMGTB","module":"telegram","msg":"informe horari enviat"}
{"level":50,"time":1775534168817,"pid":18332,"hostname":"DESKTOP-KPAMGTB","module":"trailing-engine","symbol":"ETHUSDT","count":1,"max":3,"err":"fetch failed","msg":"error al cicle"}
{"level":30,"time":1775534407981,"pid":18332,"hostname":"DESKTOP-KPAMGTB","module":"telegram","msg":"informe horari enviat"}
{"level":30,"time":1775538007311,"pid":18332,"hostname":"DESKTOP-KPAMGTB","module":"telegram","msg":"informe horari enviat"}
{"level":30,"time":1775539802150,"pid":18332,"hostname":"DESKTOP-KPAMGTB","module":"telegram","msg":"informe diari enviat"}
{"level":30,"time":1775541606687,"pid":18332,"hostname":"DESKTOP-KPAMGTB","module":"telegram","msg":"informe horari enviat"}
{"level":30,"time":1775545206623,"pid":18332,"hostname":"DESKTOP-KPAMGTB","module":"telegram","msg":"informe horari enviat"}
{"level":30,"time":1775548807283,"pid":18332,"hostname":"DESKTOP-KPAMGTB","module":"telegram","msg":"informe horari enviat"}
{"level":30,"time":1775552406916,"pid":18332,"hostname":"DESKTOP-KPAMGTB","module":"telegram","msg":"informe horari enviat"}
{"level":30,"time":1775556007152,"pid":18332,"hostname":"DESKTOP-KPAMGTB","module":"telegram","msg":"informe horari enviat"}
{"level":40,"time":1775559156869,"pid":18332,"hostname":"DESKTOP-KPAMGTB","module":"auto-trader","err":"fetch failed","msg":"checkOrphanPositions: error obtenint dades"}
{"level":30,"time":1775559607079,"pid":18332,"hostname":"DESKTOP-KPAMGTB","module":"telegram","msg":"informe horari enviat"}
{"level":30,"time":1775563207465,"pid":18332,"hostname":"DESKTOP-KPAMGTB","module":"telegram","msg":"informe horari enviat"}
{"level":30,"time":1775566807605,"pid":18332,"hostname":"DESKTOP-KPAMGTB","module":"telegram","msg":"informe horari enviat"}
{"level":30,"time":1775570407782,"pid":18332,"hostname":"DESKTOP-KPAMGTB","module":"telegram","msg":"informe horari enviat"}
{"level":30,"time":1775574007810,"pid":18332,"hostname":"DESKTOP-KPAMGTB","module":"telegram","msg":"informe horari enviat"}
{"level":30,"time":1775577608065,"pid":18332,"hostname":"DESKTOP-KPAMGTB","module":"telegram","msg":"informe horari enviat"}
{"level":30,"time":1775581207631,"pid":18332,"hostname":"DESKTOP-KPAMGTB","module":"telegram","msg":"informe horari enviat"}
{"level":30,"time":1775584808029,"pid":18332,"hostname":"DESKTOP-KPAMGTB","module":"telegram","msg":"informe horari enviat"}
{"level":40,"time":1775586461033,"pid":18332,"hostname":"DESKTOP-KPAMGTB","module":"auto-trader","err":"fetch failed","msg":"checkOrphanPositions: error obtenint dades"}
{"level":30,"time":1775588413786,"pid":18332,"hostname":"DESKTOP-KPAMGTB","module":"telegram","msg":"informe horari enviat"}
{"level":50,"time":1775588487924,"pid":18332,"hostname":"DESKTOP-KPAMGTB","module":"trailing-engine","symbol":"ETHUSDT","count":1,"max":3,"err":"fetch failed","msg":"error al cicle"}
{"level":30,"time":1775592007253,"pid":18332,"hostname":"DESKTOP-KPAMGTB","module":"telegram","msg":"informe horari enviat"}
{"level":30,"time":1775595607568,"pid":18332,"hostname":"DESKTOP-KPAMGTB","module":"telegram","msg":"informe horari enviat"}
{"level":30,"time":1775599207477,"pid":18332,"hostname":"DESKTOP-KPAMGTB","module":"telegram","msg":"informe horari enviat"}
{"level":30,"time":1775601172376,"pid":18332,"hostname":"DESKTOP-KPAMGTB","module":"trailing-engine","symbol":"ETHUSDT","mode":"ATR","oldSl":2042.98,"newSl":"2048.73000000","peak":2174.83,"msg":"SL pujat"}
{"level":30,"time":1775601202466,"pid":18332,"hostname":"DESKTOP-KPAMGTB","module":"trailing-engine","symbol":"ETHUSDT","mode":"ATR","oldSl":2048.73,"newSl":"2054.14000000","peak":2180.24,"msg":"SL pujat"}
{"level":30,"time":1775601323400,"pid":18332,"hostname":"DESKTOP-KPAMGTB","module":"trailing-engine","symbol":"ETHUSDT","mode":"ATR","oldSl":2054.14,"newSl":"2054.55000000","peak":2180.65,"msg":"SL pujat"}
{"level":30,"time":1775601353313,"pid":18332,"hostname":"DESKTOP-KPAMGTB","module":"trailing-engine","symbol":"ETHUSDT","mode":"ATR","oldSl":2054.55,"newSl":"2056.29000000","peak":2182.39,"msg":"SL pujat"}
{"level":30,"time":1775601382459,"pid":18332,"hostname":"DESKTOP-KPAMGTB","module":"trailing-engine","symbol":"ETHUSDT","mode":"ATR","oldSl":2056.29,"newSl":"2059.83000000","peak":2185.93,"msg":"SL pujat"}
{"level":30,"time":1775601412463,"pid":18332,"hostname":"DESKTOP-KPAMGTB","module":"trailing-engine","symbol":"ETHUSDT","mode":"ATR","oldSl":2059.83,"newSl":"2060.06000000","peak":2186.16,"msg":"SL pujat"}
{"level":30,"time":1775601442086,"pid":18332,"hostname":"DESKTOP-KPAMGTB","module":"trailing-engine","symbol":"ETHUSDT","mode":"ATR","oldSl":2060.06,"newSl":"2061.71000000","peak":2187.81,"msg":"SL pujat"}
{"level":30,"time":1775601472622,"pid":18332,"hostname":"DESKTOP-KPAMGTB","module":"trailing-engine","symbol":"ETHUSDT","mode":"ATR","oldSl":2061.71,"newSl":"2062.79000000","peak":2188.89,"msg":"SL pujat"}
{"level":30,"time":1775602312962,"pid":18332,"hostname":"DESKTOP-KPAMGTB","module":"trailing-engine","symbol":"ETHUSDT","mode":"ATR","oldSl":2062.79,"newSl":"2064.40000000","peak":2190.5,"msg":"SL pujat"}
{"level":30,"time":1775602342847,"pid":18332,"hostname":"DESKTOP-KPAMGTB","module":"trailing-engine","symbol":"ETHUSDT","mode":"ATR","oldSl":2064.4,"newSl":"2067.44000000","peak":2193.54,"msg":"SL pujat"}
{"level":30,"time":1775602373200,"pid":18332,"hostname":"DESKTOP-KPAMGTB","module":"trailing-engine","symbol":"ETHUSDT","mode":"ATR","oldSl":2067.44,"newSl":"2069.87000000","peak":2195.97,"msg":"SL pujat"}
{"level":30,"time":1775602523067,"pid":18332,"hostname":"DESKTOP-KPAMGTB","module":"trailing-engine","symbol":"ETHUSDT","mode":"ATR","oldSl":2069.87,"newSl":"2071.55000000","peak":2197.65,"msg":"SL pujat"}
{"level":30,"time":1775602553283,"pid":18332,"hostname":"DESKTOP-KPAMGTB","module":"trailing-engine","symbol":"ETHUSDT","mode":"ATR","oldSl":2071.55,"newSl":"2072.03000000","peak":2198.13,"msg":"SL pujat"}
{"level":30,"time":1775602702448,"pid":18332,"hostname":"DESKTOP-KPAMGTB","module":"trailing-engine","symbol":"ETHUSDT","mode":"ATR","oldSl":2072.03,"newSl":"2072.56000000","peak":2198.66,"msg":"SL pujat"}
{"level":30,"time":1775602732945,"pid":18332,"hostname":"DESKTOP-KPAMGTB","module":"trailing-engine","symbol":"ETHUSDT","mode":"ATR","oldSl":2072.56,"newSl":"2081.80000000","peak":2207.9,"msg":"SL pujat"}
{"level":30,"time":1775602764184,"pid":18332,"hostname":"DESKTOP-KPAMGTB","module":"trailing-engine","symbol":"ETHUSDT","mode":"ATR","oldSl":2081.8,"newSl":"2088.76000000","peak":2214.86,"msg":"SL pujat"}
{"level":30,"time":1775602792637,"pid":18332,"hostname":"DESKTOP-KPAMGTB","module":"trailing-engine","symbol":"ETHUSDT","mode":"ATR","oldSl":2088.76,"newSl":"2090.18000000","peak":2216.28,"msg":"SL pujat"}
{"level":30,"time":1775602807686,"pid":18332,"hostname":"DESKTOP-KPAMGTB","module":"telegram","msg":"informe horari enviat"}
{"level":30,"time":1775602823428,"pid":18332,"hostname":"DESKTOP-KPAMGTB","module":"trailing-engine","symbol":"ETHUSDT","mode":"ATR","oldSl":2090.18,"newSl":"2103.30000000","peak":2229.4,"msg":"SL pujat"}
{"level":30,"time":1775603393130,"pid":18332,"hostname":"DESKTOP-KPAMGTB","module":"trailing-engine","symbol":"ETHUSDT","mode":"ATR","oldSl":2103.3,"newSl":"2105.77000000","peak":2231.87,"msg":"SL pujat"}
{"level":30,"time":1775603423471,"pid":18332,"hostname":"DESKTOP-KPAMGTB","module":"trailing-engine","symbol":"ETHUSDT","mode":"ATR","oldSl":2105.77,"newSl":"2106.29000000","peak":2232.39,"msg":"SL pujat"}
{"level":30,"time":1775603454821,"pid":18332,"hostname":"DESKTOP-KPAMGTB","module":"trailing-engine","symbol":"ETHUSDT","mode":"ATR","oldSl":2106.29,"newSl":"2106.59000000","peak":2232.69,"msg":"SL pujat"}
{"level":30,"time":1775603492399,"pid":18332,"hostname":"DESKTOP-KPAMGTB","module":"trailing-engine","symbol":"ETHUSDT","mode":"ATR","oldSl":2106.59,"newSl":"2107.35000000","peak":2233.45,"msg":"SL pujat"}
{"level":30,"time":1775603513289,"pid":18332,"hostname":"DESKTOP-KPAMGTB","module":"trailing-engine","symbol":"ETHUSDT","mode":"ATR","oldSl":2107.35,"newSl":"2108.34000000","peak":2234.44,"msg":"SL pujat"}
{"level":30,"time":1775604023407,"pid":18332,"hostname":"DESKTOP-KPAMGTB","module":"trailing-engine","symbol":"ETHUSDT","mode":"ATR","oldSl":2108.34,"newSl":"2115.59000000","peak":2241.69,"msg":"SL pujat"}
{"level":30,"time":1775604053724,"pid":18332,"hostname":"DESKTOP-KPAMGTB","module":"trailing-engine","symbol":"ETHUSDT","mode":"ATR","oldSl":2115.59,"newSl":"2121.18000000","peak":2247.28,"msg":"SL pujat"}
{"level":30,"time":1775604083686,"pid":18332,"hostname":"DESKTOP-KPAMGTB","module":"trailing-engine","symbol":"ETHUSDT","mode":"ATR","oldSl":2121.18,"newSl":"2124.23000000","peak":2250.33,"msg":"SL pujat"}
{"level":30,"time":1775604263371,"pid":18332,"hostname":"DESKTOP-KPAMGTB","module":"trailing-engine","symbol":"ETHUSDT","mode":"ATR","oldSl":2124.23,"newSl":"2130.22000000","peak":2256.32,"msg":"SL pujat"}
{"level":30,"time":1775604413419,"pid":18332,"hostname":"DESKTOP-KPAMGTB","module":"trailing-engine","symbol":"ETHUSDT","mode":"ATR","oldSl":2130.22,"newSl":"2131.06000000","peak":2257.16,"msg":"SL pujat"}
{"level":30,"time":1775604503493,"pid":18332,"hostname":"DESKTOP-KPAMGTB","module":"trailing-engine","symbol":"ETHUSDT","mode":"ATR","oldSl":2131.06,"newSl":"2131.33000000","peak":2257.43,"msg":"SL pujat"}
{"level":30,"time":1775604534025,"pid":18332,"hostname":"DESKTOP-KPAMGTB","module":"trailing-engine","symbol":"ETHUSDT","mode":"ATR","oldSl":2131.33,"newSl":"2132.91000000","peak":2259.01,"msg":"SL pujat"}
{"level":30,"time":1775604563566,"pid":18332,"hostname":"DESKTOP-KPAMGTB","module":"trailing-engine","symbol":"ETHUSDT","mode":"ATR","oldSl":2132.91,"newSl":"2134.73000000","peak":2260.83,"msg":"SL pujat"}
{"level":30,"time":1775604593127,"pid":18332,"hostname":"DESKTOP-KPAMGTB","module":"trailing-engine","symbol":"ETHUSDT","mode":"ATR","oldSl":2134.73,"newSl":"2138.57000000","peak":2264.67,"msg":"SL pujat"}
{"level":30,"time":1775604623853,"pid":18332,"hostname":"DESKTOP-KPAMGTB","module":"trailing-engine","symbol":"ETHUSDT","mode":"ATR","oldSl":2138.57,"newSl":"2145.31000000","peak":2271.41,"msg":"SL pujat"}
{"level":30,"time":1775604728938,"pid":18332,"hostname":"DESKTOP-KPAMGTB","module":"binance","assets":23,"msg":"balance"}
{"level":30,"time":1775604729413,"pid":18332,"hostname":"DESKTOP-KPAMGTB","module":"binance","assets":23,"msg":"balance"}
{"level":30,"time":1775604801920,"pid":18332,"hostname":"DESKTOP-KPAMGTB","module":"binance","symbol":"ETHUSDT","interval":"5m","verdict":"WAIT","score":59,"price":2261.73,"msg":"scanner"}
{"level":30,"time":1775604801952,"pid":18332,"hostname":"DESKTOP-KPAMGTB","module":"binance","symbol":"BTCUSDT","interval":"4h","verdict":"BUY","score":69,"price":72431.24,"msg":"scanner"}
{"level":30,"time":1775604801975,"pid":18332,"hostname":"DESKTOP-KPAMGTB","module":"binance","symbol":"BTCUSDT","interval":"1h","verdict":"BUY","score":69,"price":72431.24,"msg":"scanner"}
{"level":30,"time":1775604801991,"pid":18332,"hostname":"DESKTOP-KPAMGTB","module":"binance","symbol":"BTCUSDT","interval":"5m","verdict":"WAIT","score":56,"price":72431.24,"msg":"scanner"}
{"level":30,"time":1775604802567,"pid":18332,"hostname":"DESKTOP-KPAMGTB","module":"binance","symbol":"ETHUSDT","interval":"4h","verdict":"BUY","score":69,"price":2261.83,"msg":"scanner"}
{"level":30,"time":1775604802596,"pid":18332,"hostname":"DESKTOP-KPAMGTB","module":"binance","symbol":"ETHUSDT","interval":"1h","verdict":"BUY","score":69,"price":2261.83,"msg":"scanner"}
{"level":30,"time":1775604802635,"pid":18332,"hostname":"DESKTOP-KPAMGTB","module":"binance","symbol":"BNBUSDT","interval":"5m","verdict":"BUY","score":66,"price":623.73,"msg":"scanner"}
{"level":30,"time":1775604802695,"pid":18332,"hostname":"DESKTOP-KPAMGTB","module":"binance","symbol":"BNBUSDT","interval":"1h","verdict":"BUY","score":69,"price":623.73,"msg":"scanner"}
{"level":30,"time":1775604803087,"pid":18332,"hostname":"DESKTOP-KPAMGTB","module":"binance","symbol":"BNBUSDT","interval":"4h","verdict":"BUY","score":72,"price":623.74,"msg":"scanner"}
{"level":30,"time":1775604803159,"pid":18332,"hostname":"DESKTOP-KPAMGTB","module":"binance","symbol":"SOLUSDT","interval":"5m","verdict":"WAIT","score":59,"price":86.46,"msg":"scanner"}
{"level":30,"time":1775604803253,"pid":18332,"hostname":"DESKTOP-KPAMGTB","module":"binance","symbol":"SOLUSDT","interval":"1h","verdict":"BUY","score":69,"price":86.46,"msg":"scanner"}
{"level":30,"time":1775604803281,"pid":18332,"hostname":"DESKTOP-KPAMGTB","module":"binance","symbol":"SOLUSDT","interval":"4h","verdict":"BUY","score":66,"price":86.46,"msg":"scanner"}
{"level":30,"time":1775604804159,"pid":18332,"hostname":"DESKTOP-KPAMGTB","module":"binance","symbol":"XRPUSDT","interval":"5m","verdict":"BUY","score":66,"price":1.3933,"msg":"scanner"}
{"level":30,"time":1775604804234,"pid":18332,"hostname":"DESKTOP-KPAMGTB","module":"binance","symbol":"XRPUSDT","interval":"1h","verdict":"BUY","score":69,"price":1.3933,"msg":"scanner"}
{"level":30,"time":1775604804307,"pid":18332,"hostname":"DESKTOP-KPAMGTB","module":"binance","symbol":"XRPUSDT","interval":"4h","verdict":"BUY","score":66,"price":1.3937,"msg":"scanner"}
{"level":30,"time":1775604804591,"pid":18332,"hostname":"DESKTOP-KPAMGTB","module":"binance","symbol":"DOGEUSDT","interval":"5m","verdict":"WAIT","score":59,"price":0.09582,"msg":"scanner"}
{"level":30,"time":1775604804695,"pid":18332,"hostname":"DESKTOP-KPAMGTB","module":"binance","symbol":"DOGEUSDT","interval":"1h","verdict":"BUY","score":69,"price":0.09583,"msg":"scanner"}
{"level":30,"time":1775604804740,"pid":18332,"hostname":"DESKTOP-KPAMGTB","module":"binance","symbol":"DOGEUSDT","interval":"4h","verdict":"BUY","score":66,"price":0.09583,"msg":"scanner"}
{"level":30,"time":1775604804770,"pid":18332,"hostname":"DESKTOP-KPAMGTB","module":"binance","symbol":"ADAUSDT","interval":"5m","verdict":"WAIT","score":59,"price":0.2651,"msg":"scanner"}
{"level":30,"time":1775604804981,"pid":18332,"hostname":"DESKTOP-KPAMGTB","module":"binance","symbol":"ADAUSDT","interval":"1h","verdict":"BUY","score":69,"price":0.2651,"msg":"scanner"}
{"level":30,"time":1775604805169,"pid":18332,"hostname":"DESKTOP-KPAMGTB","module":"binance","symbol":"ADAUSDT","interval":"4h","verdict":"BUY","score":66,"price":0.2651,"msg":"scanner"}
{"level":30,"time":1775604805178,"pid":18332,"hostname":"DESKTOP-KPAMGTB","module":"binance","symbol":"AVAXUSDT","interval":"5m","verdict":"WAIT","score":59,"price":9.57,"msg":"scanner"}
{"level":30,"time":1775604805262,"pid":18332,"hostname":"DESKTOP-KPAMGTB","module":"binance","symbol":"AVAXUSDT","interval":"1h","verdict":"BUY","score":69,"price":9.57,"msg":"scanner"}
{"level":30,"time":1775604805457,"pid":18332,"hostname":"DESKTOP-KPAMGTB","module":"binance","symbol":"AVAXUSDT","interval":"4h","verdict":"WAIT","score":63,"price":9.57,"msg":"scanner"}
{"level":30,"time":1775604805620,"pid":18332,"hostname":"DESKTOP-KPAMGTB","module":"binance","symbol":"TRXUSDT","interval":"5m","verdict":"WAIT","score":56,"price":0.3155,"msg":"scanner"}
{"level":30,"time":1775604805630,"pid":18332,"hostname":"DESKTOP-KPAMGTB","module":"binance","symbol":"TRXUSDT","interval":"1h","verdict":"WAIT","score":53,"price":0.3155,"msg":"scanner"}
{"level":30,"time":1775604805826,"pid":18332,"hostname":"DESKTOP-KPAMGTB","module":"binance","symbol":"TRXUSDT","interval":"4h","verdict":"WAIT","score":50,"price":0.3155,"msg":"scanner"}
{"level":30,"time":1775604806054,"pid":18332,"hostname":"DESKTOP-KPAMGTB","module":"binance","symbol":"DOTUSDT","interval":"5m","verdict":"BUY","score":72,"price":1.324,"msg":"scanner"}
{"level":30,"time":1775604806147,"pid":18332,"hostname":"DESKTOP-KPAMGTB","module":"binance","symbol":"DOTUSDT","interval":"1h","verdict":"BUY","score":69,"price":1.324,"msg":"scanner"}
{"level":30,"time":1775604806274,"pid":18332,"hostname":"DESKTOP-KPAMGTB","module":"binance","symbol":"LINKUSDT","interval":"5m","verdict":"WAIT","score":59,"price":9.38,"msg":"scanner"}
{"level":30,"time":1775604806317,"pid":18332,"hostname":"DESKTOP-KPAMGTB","module":"binance","symbol":"DOTUSDT","interval":"4h","verdict":"WAIT","score":63,"price":1.324,"msg":"scanner"}
{"level":30,"time":1775604806364,"pid":18332,"hostname":"DESKTOP-KPAMGTB","module":"binance","symbol":"LINKUSDT","interval":"1h","verdict":"BUY","score":69,"price":9.38,"msg":"scanner"}
{"level":30,"time":1775604806583,"pid":18332,"hostname":"DESKTOP-KPAMGTB","module":"binance","symbol":"LINKUSDT","interval":"4h","verdict":"BUY","score":69,"price":9.38,"msg":"scanner"}
{"level":30,"time":1775604806744,"pid":18332,"hostname":"DESKTOP-KPAMGTB","module":"binance","symbol":"MATICUSDT","interval":"1h","verdict":"WAIT","score":47,"price":0.3794,"msg":"scanner"}
{"level":30,"time":1775604806758,"pid":18332,"hostname":"DESKTOP-KPAMGTB","module":"binance","symbol":"MATICUSDT","interval":"5m","verdict":"WAIT","score":59,"price":0.3794,"msg":"scanner"}
{"level":30,"time":1775604806936,"pid":18332,"hostname":"DESKTOP-KPAMGTB","module":"binance","symbol":"MATICUSDT","interval":"4h","verdict":"WAIT","score":41,"price":0.3794,"msg":"scanner"}
{"level":30,"time":1775604807043,"pid":18332,"hostname":"DESKTOP-KPAMGTB","module":"binance","symbol":"LTCUSDT","interval":"5m","verdict":"WAIT","score":59,"price":55.46,"msg":"scanner"}
{"level":30,"time":1775604807184,"pid":18332,"hostname":"DESKTOP-KPAMGTB","module":"binance","symbol":"LTCUSDT","interval":"1h","verdict":"BUY","score":69,"price":55.46,"msg":"scanner"}
{"level":30,"time":1775604807227,"pid":18332,"hostname":"DESKTOP-KPAMGTB","module":"binance","symbol":"LTCUSDT","interval":"4h","verdict":"BUY","score":66,"price":55.46,"msg":"scanner"}
{"level":30,"time":1775604807378,"pid":18332,"hostname":"DESKTOP-KPAMGTB","module":"binance","symbol":"SHIBUSDT","interval":"5m","verdict":"WAIT","score":63,"price":0.00000615,"msg":"scanner"}
{"level":30,"time":1775604807487,"pid":18332,"hostname":"DESKTOP-KPAMGTB","module":"binance","symbol":"SHIBUSDT","interval":"1h","verdict":"BUY","score":66,"price":0.00000615,"msg":"scanner"}
{"level":30,"time":1775604807646,"pid":18332,"hostname":"DESKTOP-KPAMGTB","module":"binance","symbol":"SHIBUSDT","interval":"4h","verdict":"BUY","score":66,"price":0.00000615,"msg":"scanner"}
{"level":30,"time":1775604807813,"pid":18332,"hostname":"DESKTOP-KPAMGTB","module":"binance","symbol":"UNIUSDT","interval":"5m","verdict":"WAIT","score":53,"price":3.305,"msg":"scanner"}
{"level":30,"time":1775604807909,"pid":18332,"hostname":"DESKTOP-KPAMGTB","module":"binance","symbol":"UNIUSDT","interval":"1h","verdict":"BUY","score":69,"price":3.305,"msg":"scanner"}
{"level":30,"time":1775604807983,"pid":18332,"hostname":"DESKTOP-KPAMGTB","module":"binance","symbol":"UNIUSDT","interval":"4h","verdict":"WAIT","score":56,"price":3.305,"msg":"scanner"}
{"level":30,"time":1775604808167,"pid":18332,"hostname":"DESKTOP-KPAMGTB","module":"binance","symbol":"ATOMUSDT","interval":"5m","verdict":"BUY","score":69,"price":1.791,"msg":"scanner"}
{"level":30,"time":1775604808232,"pid":18332,"hostname":"DESKTOP-KPAMGTB","module":"binance","symbol":"ATOMUSDT","interval":"1h","verdict":"BUY","score":69,"price":1.791,"msg":"scanner"}
{"level":30,"time":1775604808407,"pid":18332,"hostname":"DESKTOP-KPAMGTB","module":"binance","symbol":"ATOMUSDT","interval":"4h","verdict":"BUY","score":66,"price":1.791,"msg":"scanner"}
{"level":30,"time":1775604808603,"pid":18332,"hostname":"DESKTOP-KPAMGTB","module":"binance","symbol":"ETCUSDT","interval":"5m","verdict":"WAIT","score":50,"price":8.89,"msg":"scanner"}
{"level":30,"time":1775604808621,"pid":18332,"hostname":"DESKTOP-KPAMGTB","module":"binance","symbol":"ETCUSDT","interval":"1h","verdict":"BUY","score":66,"price":8.89,"msg":"scanner"}
{"level":30,"time":1775604808818,"pid":18332,"hostname":"DESKTOP-KPAMGTB","module":"binance","symbol":"ETCUSDT","interval":"4h","verdict":"WAIT","score":63,"price":8.89,"msg":"scanner"}
{"level":30,"time":1775604808945,"pid":18332,"hostname":"DESKTOP-KPAMGTB","module":"binance","symbol":"XLMUSDT","interval":"5m","verdict":"WAIT","score":59,"price":0.1644,"msg":"scanner"}
{"level":30,"time":1775604809056,"pid":18332,"hostname":"DESKTOP-KPAMGTB","module":"binance","symbol":"XLMUSDT","interval":"1h","verdict":"BUY","score":69,"price":0.1644,"msg":"scanner"}
{"level":30,"time":1775604809087,"pid":18332,"hostname":"DESKTOP-KPAMGTB","module":"binance","symbol":"XLMUSDT","interval":"4h","verdict":"WAIT","score":63,"price":0.1644,"msg":"scanner"}
{"level":30,"time":1775604809186,"pid":18332,"hostname":"DESKTOP-KPAMGTB","module":"binance","symbol":"APTUSDT","interval":"5m","verdict":"WAIT","score":59,"price":0.878,"msg":"scanner"}
{"level":30,"time":1775604809294,"pid":18332,"hostname":"DESKTOP-KPAMGTB","module":"binance","symbol":"APTUSDT","interval":"1h","verdict":"BUY","score":69,"price":0.878,"msg":"scanner"}
{"level":30,"time":1775604809411,"pid":18332,"hostname":"DESKTOP-KPAMGTB","module":"binance","symbol":"APTUSDT","interval":"4h","verdict":"WAIT","score":56,"price":0.878,"msg":"scanner"}
{"level":30,"time":1775604809538,"pid":18332,"hostname":"DESKTOP-KPAMGTB","module":"binance","symbol":"NEARUSDT","interval":"5m","verdict":"WAIT","score":53,"price":1.328,"msg":"scanner"}
{"level":30,"time":1775604809595,"pid":18332,"hostname":"DESKTOP-KPAMGTB","module":"binance","symbol":"NEARUSDT","interval":"1h","verdict":"WAIT","score":63,"price":1.328,"msg":"scanner"}
{"level":30,"time":1775604809648,"pid":18332,"hostname":"DESKTOP-KPAMGTB","module":"binance","symbol":"NEARUSDT","interval":"4h","verdict":"BUY","score":69,"price":1.328,"msg":"scanner"}
{"level":30,"time":1775605205474,"pid":18332,"hostname":"DESKTOP-KPAMGTB","module":"binance","symbol":"BTCUSDT","interval":"5m","verdict":"WAIT","score":63,"price":72088.38,"msg":"scanner"}
{"level":30,"time":1775605205495,"pid":18332,"hostname":"DESKTOP-KPAMGTB","module":"binance","symbol":"ETHUSDT","interval":"5m","verdict":"WAIT","score":63,"price":2245.16,"msg":"scanner"}
{"level":30,"time":1775605205510,"pid":18332,"hostname":"DESKTOP-KPAMGTB","module":"binance","symbol":"BTCUSDT","interval":"4h","verdict":"BUY","score":69,"price":72088.38,"msg":"scanner"}
{"level":30,"time":1775605205524,"pid":18332,"hostname":"DESKTOP-KPAMGTB","module":"binance","symbol":"BTCUSDT","interval":"1h","verdict":"BUY","score":69,"price":72088.38,"msg":"scanner"}
{"level":30,"time":1775605206539,"pid":18332,"hostname":"DESKTOP-KPAMGTB","module":"binance","symbol":"BNBUSDT","interval":"1h","verdict":"BUY","score":69,"price":621.79,"msg":"scanner"}
{"level":30,"time":1775605206552,"pid":18332,"hostname":"DESKTOP-KPAMGTB","module":"binance","symbol":"ETHUSDT","interval":"1h","verdict":"BUY","score":69,"price":2245.47,"msg":"scanner"}
{"level":30,"time":1775605206569,"pid":18332,"hostname":"DESKTOP-KPAMGTB","module":"binance","symbol":"SOLUSDT","interval":"1h","verdict":"BUY","score":69,"price":85.92,"msg":"scanner"}
{"level":30,"time":1775605206600,"pid":18332,"hostname":"DESKTOP-KPAMGTB","module":"binance","symbol":"XRPUSDT","interval":"1h","verdict":"BUY","score":69,"price":1.3868,"msg":"scanner"}
{"level":30,"time":1775605206743,"pid":18332,"hostname":"DESKTOP-KPAMGTB","module":"binance","symbol":"ETHUSDT","interval":"1h","verdict":"BUY","score":69,"price":2245.48,"msg":"scanner"}
{"level":30,"time":1775605206769,"pid":18332,"hostname":"DESKTOP-KPAMGTB","module":"binance","symbol":"BNBUSDT","interval":"1h","verdict":"BUY","score":69,"price":621.79,"msg":"scanner"}
{"level":30,"time":1775605206868,"pid":18332,"hostname":"DESKTOP-KPAMGTB","module":"binance","symbol":"SOLUSDT","interval":"1h","verdict":"BUY","score":69,"price":85.93,"msg":"scanner"}
{"level":30,"time":1775605206881,"pid":18332,"hostname":"DESKTOP-KPAMGTB","module":"binance","symbol":"XRPUSDT","interval":"1h","verdict":"BUY","score":69,"price":1.3868,"msg":"scanner"}
{"level":30,"time":1775605207082,"pid":18332,"hostname":"DESKTOP-KPAMGTB","module":"binance","symbol":"BNBUSDT","interval":"5m","verdict":"WAIT","score":63,"price":621.79,"msg":"scanner"}
{"level":30,"time":1775605207171,"pid":18332,"hostname":"DESKTOP-KPAMGTB","module":"binance","symbol":"ETHUSDT","interval":"4h","verdict":"BUY","score":69,"price":2245.48,"msg":"scanner"}
{"level":30,"time":1775605207798,"pid":18332,"hostname":"DESKTOP-KPAMGTB","module":"binance","symbol":"SOLUSDT","interval":"5m","verdict":"WAIT","score":63,"price":85.92,"msg":"scanner"}
{"level":30,"time":1775605207839,"pid":18332,"hostname":"DESKTOP-KPAMGTB","module":"binance","symbol":"BNBUSDT","interval":"4h","verdict":"BUY","score":66,"price":621.79,"msg":"scanner"}
{"level":30,"time":1775605207892,"pid":18332,"hostname":"DESKTOP-KPAMGTB","module":"binance","symbol":"SOLUSDT","interval":"4h","verdict":"BUY","score":66,"price":85.92,"msg":"scanner"}
{"level":30,"time":1775605207980,"pid":18332,"hostname":"DESKTOP-KPAMGTB","module":"binance","symbol":"XRPUSDT","interval":"5m","verdict":"WAIT","score":56,"price":1.3868,"msg":"scanner"}
{"level":30,"time":1775605208453,"pid":18332,"hostname":"DESKTOP-KPAMGTB","module":"binance","symbol":"XRPUSDT","interval":"4h","verdict":"BUY","score":66,"price":1.3868,"msg":"scanner"}
{"level":30,"time":1775605208476,"pid":18332,"hostname":"DESKTOP-KPAMGTB","module":"binance","symbol":"DOGEUSDT","interval":"5m","verdict":"WAIT","score":56,"price":0.09556,"msg":"scanner"}
{"level":30,"time":1775605208500,"pid":18332,"hostname":"DESKTOP-KPAMGTB","module":"binance","symbol":"DOGEUSDT","interval":"1h","verdict":"BUY","score":69,"price":0.09556,"msg":"scanner"}
{"level":30,"time":1775605208687,"pid":18332,"hostname":"DESKTOP-KPAMGTB","module":"binance","symbol":"DOGEUSDT","interval":"4h","verdict":"BUY","score":66,"price":0.09556,"msg":"scanner"}
{"level":30,"time":1775605209214,"pid":18332,"hostname":"DESKTOP-KPAMGTB","module":"binance","symbol":"ADAUSDT","interval":"5m","verdict":"WAIT","score":59,"price":0.2656,"msg":"scanner"}
{"level":30,"time":1775605209231,"pid":18332,"hostname":"DESKTOP-KPAMGTB","module":"binance","symbol":"ADAUSDT","interval":"4h","verdict":"BUY","score":66,"price":0.2656,"msg":"scanner"}
{"level":30,"time":1775605209244,"pid":18332,"hostname":"DESKTOP-KPAMGTB","module":"binance","symbol":"ADAUSDT","interval":"1h","verdict":"BUY","score":69,"price":0.2656,"msg":"scanner"}
{"level":30,"time":1775605209286,"pid":18332,"hostname":"DESKTOP-KPAMGTB","module":"binance","symbol":"AVAXUSDT","interval":"5m","verdict":"WAIT","score":63,"price":9.5,"msg":"scanner"}
{"level":30,"time":1775605209764,"pid":18332,"hostname":"DESKTOP-KPAMGTB","module":"binance","symbol":"AVAXUSDT","interval":"4h","verdict":"WAIT","score":56,"price":9.5,"msg":"scanner"}
{"level":30,"time":1775605209784,"pid":18332,"hostname":"DESKTOP-KPAMGTB","module":"binance","symbol":"AVAXUSDT","interval":"1h","verdict":"BUY","score":69,"price":9.5,"msg":"scanner"}
{"level":30,"time":1775605209797,"pid":18332,"hostname":"DESKTOP-KPAMGTB","module":"binance","symbol":"TRXUSDT","interval":"1h","verdict":"WAIT","score":53,"price":0.3155,"msg":"scanner"}
{"level":30,"time":1775605209814,"pid":18332,"hostname":"DESKTOP-KPAMGTB","module":"binance","symbol":"TRXUSDT","interval":"5m","verdict":"WAIT","score":53,"price":0.3155,"msg":"scanner"}
{"level":30,"time":1775605210310,"pid":18332,"hostname":"DESKTOP-KPAMGTB","module":"binance","symbol":"DOTUSDT","interval":"4h","verdict":"WAIT","score":63,"price":1.32,"msg":"scanner"}
{"level":30,"time":1775605210337,"pid":18332,"hostname":"DESKTOP-KPAMGTB","module":"binance","symbol":"DOTUSDT","interval":"1h","verdict":"WAIT","score":59,"price":1.32,"msg":"scanner"}
{"level":30,"time":1775605210349,"pid":18332,"hostname":"DESKTOP-KPAMGTB","module":"binance","symbol":"TRXUSDT","interval":"4h","verdict":"WAIT","score":50,"price":0.3156,"msg":"scanner"}
{"level":30,"time":1775605210367,"pid":18332,"hostname":"DESKTOP-KPAMGTB","module":"binance","symbol":"DOTUSDT","interval":"5m","verdict":"WAIT","score":53,"price":1.32,"msg":"scanner"}
{"level":30,"time":1775605210774,"pid":18332,"hostname":"DESKTOP-KPAMGTB","module":"binance","symbol":"LINKUSDT","interval":"5m","verdict":"WAIT","score":56,"price":9.33,"msg":"scanner"}
{"level":30,"time":1775605210868,"pid":18332,"hostname":"DESKTOP-KPAMGTB","module":"binance","symbol":"LINKUSDT","interval":"4h","verdict":"BUY","score":69,"price":9.33,"msg":"scanner"}
{"level":30,"time":1775605210898,"pid":18332,"hostname":"DESKTOP-KPAMGTB","module":"binance","symbol":"MATICUSDT","interval":"5m","verdict":"WAIT","score":59,"price":0.3794,"msg":"scanner"}
{"level":30,"time":1775605210971,"pid":18332,"hostname":"DESKTOP-KPAMGTB","module":"binance","symbol":"LINKUSDT","interval":"1h","verdict":"BUY","score":69,"price":9.33,"msg":"scanner"}
{"level":30,"time":1775605211117,"pid":18332,"hostname":"DESKTOP-KPAMGTB","module":"binance","symbol":"MATICUSDT","interval":"1h","verdict":"WAIT","score":47,"price":0.3794,"msg":"scanner"}
{"level":30,"time":1775605211212,"pid":18332,"hostname":"DESKTOP-KPAMGTB","module":"binance","symbol":"MATICUSDT","interval":"4h","verdict":"WAIT","score":41,"price":0.3794,"msg":"scanner"}
{"level":30,"time":1775605211334,"pid":18332,"hostname":"DESKTOP-KPAMGTB","module":"binance","symbol":"LTCUSDT","interval":"5m","verdict":"WAIT","score":53,"price":55.43,"msg":"scanner"}
{"level":30,"time":1775605211397,"pid":18332,"hostname":"DESKTOP-KPAMGTB","module":"binance","symbol":"LTCUSDT","interval":"1h","verdict":"BUY","score":69,"price":55.43,"msg":"scanner"}
{"level":30,"time":1775605211447,"pid":18332,"hostname":"DESKTOP-KPAMGTB","module":"binance","symbol":"LTCUSDT","interval":"4h","verdict":"BUY","score":66,"price":55.43,"msg":"scanner"}
{"level":30,"time":1775605211571,"pid":18332,"hostname":"DESKTOP-KPAMGTB","module":"binance","symbol":"SHIBUSDT","interval":"5m","verdict":"WAIT","score":53,"price":0.00000615,"msg":"scanner"}
{"level":30,"time":1775605211647,"pid":18332,"hostname":"DESKTOP-KPAMGTB","module":"binance","symbol":"SHIBUSDT","interval":"1h","verdict":"BUY","score":66,"price":0.00000615,"msg":"scanner"}
{"level":30,"time":1775605211762,"pid":18332,"hostname":"DESKTOP-KPAMGTB","module":"binance","symbol":"SHIBUSDT","interval":"4h","verdict":"BUY","score":66,"price":0.00000615,"msg":"scanner"}
{"level":30,"time":1775605211926,"pid":18332,"hostname":"DESKTOP-KPAMGTB","module":"binance","symbol":"UNIUSDT","interval":"5m","verdict":"WAIT","score":63,"price":3.292,"msg":"scanner"}
{"level":30,"time":1775605211942,"pid":18332,"hostname":"DESKTOP-KPAMGTB","module":"binance","symbol":"UNIUSDT","interval":"1h","verdict":"BUY","score":69,"price":3.292,"msg":"scanner"}
{"level":30,"time":1775605212218,"pid":18332,"hostname":"DESKTOP-KPAMGTB","module":"binance","symbol":"UNIUSDT","interval":"4h","verdict":"WAIT","score":56,"price":3.292,"msg":"scanner"}
{"level":30,"time":1775605212568,"pid":18332,"hostname":"DESKTOP-KPAMGTB","module":"binance","symbol":"ATOMUSDT","interval":"5m","verdict":"WAIT","score":59,"price":1.792,"msg":"scanner"}
{"level":30,"time":1775605212590,"pid":18332,"hostname":"DESKTOP-KPAMGTB","module":"binance","symbol":"ATOMUSDT","interval":"1h","verdict":"BUY","score":69,"price":1.792,"msg":"scanner"}
{"level":30,"time":1775605212819,"pid":18332,"hostname":"DESKTOP-KPAMGTB","module":"binance","symbol":"ATOMUSDT","interval":"4h","verdict":"BUY","score":66,"price":1.792,"msg":"scanner"}
{"level":30,"time":1775605212921,"pid":18332,"hostname":"DESKTOP-KPAMGTB","module":"binance","symbol":"ETCUSDT","interval":"5m","verdict":"WAIT","score":59,"price":8.88,"msg":"scanner"}
{"level":30,"time":1775605212981,"pid":18332,"hostname":"DESKTOP-KPAMGTB","module":"binance","symbol":"ETCUSDT","interval":"1h","verdict":"BUY","score":66,"price":8.88,"msg":"scanner"}
{"level":30,"time":1775605213021,"pid":18332,"hostname":"DESKTOP-KPAMGTB","module":"binance","symbol":"ETCUSDT","interval":"4h","verdict":"WAIT","score":63,"price":8.88,"msg":"scanner"}
{"level":30,"time":1775605213136,"pid":18332,"hostname":"DESKTOP-KPAMGTB","module":"binance","symbol":"XLMUSDT","interval":"5m","verdict":"WAIT","score":56,"price":0.1638,"msg":"scanner"}
{"level":30,"time":1775605213227,"pid":18332,"hostname":"DESKTOP-KPAMGTB","module":"binance","symbol":"XLMUSDT","interval":"1h","verdict":"BUY","score":69,"price":0.1638,"msg":"scanner"}
{"level":30,"time":1775605213331,"pid":18332,"hostname":"DESKTOP-KPAMGTB","module":"binance","symbol":"XLMUSDT","interval":"4h","verdict":"WAIT","score":63,"price":0.1638,"msg":"scanner"}
{"level":30,"time":1775605213403,"pid":18332,"hostname":"DESKTOP-KPAMGTB","module":"binance","symbol":"APTUSDT","interval":"5m","verdict":"WAIT","score":56,"price":0.875,"msg":"scanner"}
{"level":30,"time":1775605213453,"pid":18332,"hostname":"DESKTOP-KPAMGTB","module":"binance","symbol":"APTUSDT","interval":"1h","verdict":"WAIT","score":59,"price":0.875,"msg":"scanner"}
{"level":30,"time":1775605213567,"pid":18332,"hostname":"DESKTOP-KPAMGTB","module":"binance","symbol":"APTUSDT","interval":"4h","verdict":"WAIT","score":56,"price":0.875,"msg":"scanner"}
{"level":30,"time":1775605213629,"pid":18332,"hostname":"DESKTOP-KPAMGTB","module":"binance","symbol":"NEARUSDT","interval":"5m","verdict":"WAIT","score":56,"price":1.321,"msg":"scanner"}
{"level":30,"time":1775605213766,"pid":18332,"hostname":"DESKTOP-KPAMGTB","module":"binance","symbol":"NEARUSDT","interval":"1h","verdict":"WAIT","score":56,"price":1.321,"msg":"scanner"}
{"level":30,"time":1775605213849,"pid":18332,"hostname":"DESKTOP-KPAMGTB","module":"binance","symbol":"NEARUSDT","interval":"4h","verdict":"BUY","score":69,"price":1.321,"msg":"scanner"}
{"level":30,"time":1775605247502,"pid":18332,"hostname":"DESKTOP-KPAMGTB","module":"binance","symbol":"SOLUSDT","interval":"5m","verdict":"WAIT","score":63,"price":85.88,"msg":"scanner"}
{"level":30,"time":1775605253121,"pid":18332,"hostname":"DESKTOP-KPAMGTB","module":"binance","assets":23,"msg":"balance"}
{"level":30,"time":1775605253400,"pid":18332,"hostname":"DESKTOP-KPAMGTB","module":"binance","assets":23,"msg":"balance"}
{"level":30,"time":1775605283344,"pid":18332,"hostname":"DESKTOP-KPAMGTB","module":"orders","symbol":"SOLUSDT","side":"SELL","fillPrice":85.9,"quantity":"4.65100000","commissionInBase":0.004656,"tpPrice":"91.15000000","slStopPrice":"84.16000000","buyOrderId":1416026497,"ocoOrderListId":2334688,"msg":"compra de mercat + OCO"}
{"level":30,"time":1775606407467,"pid":18332,"hostname":"DESKTOP-KPAMGTB","module":"telegram","msg":"informe horari enviat"}
{"level":30,"time":1775610007194,"pid":18332,"hostname":"DESKTOP-KPAMGTB","module":"telegram","msg":"informe horari enviat"}
{"level":30,"time":1775613607225,"pid":18332,"hostname":"DESKTOP-KPAMGTB","module":"telegram","msg":"informe horari enviat"}
{"level":30,"time":1775617207171,"pid":18332,"hostname":"DESKTOP-KPAMGTB","module":"telegram","msg":"informe horari enviat"}
{"level":30,"time":1775620807178,"pid":18332,"hostname":"DESKTOP-KPAMGTB","module":"telegram","msg":"informe horari enviat"}
{"level":30,"time":1775624407270,"pid":18332,"hostname":"DESKTOP-KPAMGTB","module":"telegram","msg":"informe horari enviat"}
{"level":30,"time":1775626201580,"pid":18332,"hostname":"DESKTOP-KPAMGTB","module":"telegram","msg":"informe diari enviat"}
{"level":30,"time":1775628007877,"pid":18332,"hostname":"DESKTOP-KPAMGTB","module":"telegram","msg":"informe horari enviat"}
{"level":30,"time":1775628029131,"pid":18332,"hostname":"DESKTOP-KPAMGTB","module":"trailing-engine","symbol":"SOLUSDT","orderListId":2334688,"msg":"eliminant trailing pendent — OCO ja no existeix a Binance"}
{"level":30,"time":1775628043546,"pid":18332,"hostname":"DESKTOP-KPAMGTB","module":"orders","symbol":"SOLUSDT","side":"SELL","type":"STOP_LOSS_LIMIT","execPrice":84.07,"execValue":391.42816,"orderId":1416026498,"msg":"ordre executada (fill)"}
{"level":30,"time":1775631606850,"pid":18332,"hostname":"DESKTOP-KPAMGTB","module":"telegram","msg":"informe horari enviat"}
{"level":30,"time":1775635207778,"pid":18332,"hostname":"DESKTOP-KPAMGTB","module":"telegram","msg":"informe horari enviat"}
{"level":30,"time":1775638806875,"pid":18332,"hostname":"DESKTOP-KPAMGTB","module":"telegram","msg":"informe horari enviat"}
{"level":50,"time":1775639121445,"pid":18332,"hostname":"DESKTOP-KPAMGTB","module":"trailing-engine","symbol":"XLMUSDT","count":1,"max":3,"err":"fetch failed","msg":"error al cicle"}
{"level":50,"time":1775639131464,"pid":18332,"hostname":"DESKTOP-KPAMGTB","module":"trailing-engine","symbol":"ETHUSDT","count":1,"max":3,"err":"fetch failed","msg":"error al cicle"}
{"level":50,"time":1775639185133,"pid":18332,"hostname":"DESKTOP-KPAMGTB","module":"trailing-engine","symbol":"ETHUSDT","count":1,"max":3,"err":"fetch failed","msg":"error al cicle"}
{"level":50,"time":1775639288108,"pid":18332,"hostname":"DESKTOP-KPAMGTB","module":"api","source":"orders","code":"NETWORK","err":"fetch failed","msg":"error de ruta"}
{"level":50,"time":1775639669795,"pid":18332,"hostname":"DESKTOP-KPAMGTB","module":"api","source":"orders","code":"NETWORK","err":"fetch failed","msg":"error de ruta"}
{"level":30,"time":1775640688419,"pid":18332,"hostname":"DESKTOP-KPAMGTB","module":"binance","assets":23,"msg":"balance"}
{"level":40,"time":1775640957919,"pid":18332,"hostname":"DESKTOP-KPAMGTB","module":"auto-trader","err":"fetch failed","msg":"checkOrphanPositions: error obtenint dades"}
{"level":50,"time":1775640957927,"pid":18332,"hostname":"DESKTOP-KPAMGTB","module":"trailing-engine","symbol":"XLMUSDT","count":1,"max":3,"err":"fetch failed","msg":"error al cicle"}
{"level":50,"time":1775640957938,"pid":18332,"hostname":"DESKTOP-KPAMGTB","module":"api","source":"orders","code":"NETWORK","err":"fetch failed","msg":"error de ruta"}
{"level":50,"time":1775640971063,"pid":18332,"hostname":"DESKTOP-KPAMGTB","module":"trailing-engine","symbol":"ETHUSDT","count":1,"max":3,"err":"fetch failed","msg":"error al cicle"}
{"level":50,"time":1775640981551,"pid":18332,"hostname":"DESKTOP-KPAMGTB","module":"api","source":"orders","code":"NETWORK","err":"fetch failed","msg":"error de ruta"}
{"level":50,"time":1775640993838,"pid":18332,"hostname":"DESKTOP-KPAMGTB","module":"trailing-engine","symbol":"XLMUSDT","count":2,"max":3,"err":"fetch failed","msg":"error al cicle"}
{"level":50,"time":1775640993864,"pid":18332,"hostname":"DESKTOP-KPAMGTB","module":"api","source":"orders","code":"NETWORK","err":"fetch failed","msg":"error de ruta"}
{"level":50,"time":1775641018124,"pid":18332,"hostname":"DESKTOP-KPAMGTB","module":"api","source":"orders","code":"NETWORK","err":"fetch failed","msg":"error de ruta"}
{"level":50,"time":1775641029841,"pid":18332,"hostname":"DESKTOP-KPAMGTB","module":"api","source":"orders","code":"NETWORK","err":"fetch failed","msg":"error de ruta"}
{"level":50,"time":1775641029859,"pid":18332,"hostname":"DESKTOP-KPAMGTB","module":"trailing-engine","symbol":"ETHUSDT","count":2,"max":3,"err":"fetch failed","msg":"error al cicle"}
{"level":40,"time":1775641029862,"pid":18332,"hostname":"DESKTOP-KPAMGTB","module":"auto-trader","err":"fetch failed","msg":"checkOrphanPositions: error obtenint dades"}
{"level":50,"time":1775641029867,"pid":18332,"hostname":"DESKTOP-KPAMGTB","module":"api","source":"orders","code":"NETWORK","err":"fetch failed","msg":"error de ruta"}
{"level":50,"time":1775641041756,"pid":18332,"hostname":"DESKTOP-KPAMGTB","module":"trailing-engine","symbol":"XLMUSDT","count":3,"max":3,"err":"fetch failed","msg":"error al cicle"}
{"level":40,"time":1775641041757,"pid":18332,"hostname":"DESKTOP-KPAMGTB","module":"trailing-engine","symbol":"XLMUSDT","count":3,"pauseSecs":60,"msg":"pausat per errors consecutius"}
{"level":50,"time":1775641051990,"pid":18332,"hostname":"DESKTOP-KPAMGTB","module":"trailing-engine","symbol":"ETHUSDT","count":3,"max":3,"err":"fetch failed","msg":"error al cicle"}
{"level":40,"time":1775641051991,"pid":18332,"hostname":"DESKTOP-KPAMGTB","module":"trailing-engine","symbol":"ETHUSDT","count":3,"pauseSecs":60,"msg":"pausat per errors consecutius"}
{"level":50,"time":1775641051995,"pid":18332,"hostname":"DESKTOP-KPAMGTB","module":"api","source":"orders","code":"NETWORK","err":"fetch failed","msg":"error de ruta"}
{"level":50,"time":1775641062803,"pid":18332,"hostname":"DESKTOP-KPAMGTB","module":"api","source":"orders","code":"NETWORK","err":"fetch failed","msg":"error de ruta"}
{"level":50,"time":1775641073738,"pid":18332,"hostname":"DESKTOP-KPAMGTB","module":"trailing-engine","symbol":"ETHUSDT","count":4,"max":3,"err":"fetch failed","msg":"error al cicle"}
{"level":40,"time":1775641073743,"pid":18332,"hostname":"DESKTOP-KPAMGTB","module":"trailing-engine","symbol":"ETHUSDT","count":4,"pauseSecs":120,"msg":"pausat per errors consecutius"}
{"level":40,"time":1775641083763,"pid":18332,"hostname":"DESKTOP-KPAMGTB","module":"auto-trader","err":"fetch failed","msg":"checkOrphanPositions: error obtenint dades"}
{"level":50,"time":1775641095359,"pid":18332,"hostname":"DESKTOP-KPAMGTB","module":"api","source":"orders","code":"NETWORK","err":"fetch failed","msg":"error de ruta"}
{"level":50,"time":1775641106117,"pid":18332,"hostname":"DESKTOP-KPAMGTB","module":"api","source":"orders","code":"NETWORK","err":"fetch failed","msg":"error de ruta"}
{"level":50,"time":1775641128034,"pid":18332,"hostname":"DESKTOP-KPAMGTB","module":"trailing-engine","symbol":"XLMUSDT","count":1,"max":3,"err":"fetch failed","msg":"error al cicle"}
{"level":50,"time":1775641139263,"pid":18332,"hostname":"DESKTOP-KPAMGTB","module":"api","source":"orders","code":"NETWORK","err":"fetch failed","msg":"error de ruta"}
{"level":40,"time":1775641171350,"pid":18332,"hostname":"DESKTOP-KPAMGTB","module":"auto-trader","err":"fetch failed","msg":"checkOrphanPositions: error obtenint dades"}
{"level":50,"time":1775641182117,"pid":18332,"hostname":"DESKTOP-KPAMGTB","module":"trailing-engine","symbol":"XLMUSDT","count":2,"max":3,"err":"fetch failed","msg":"error al cicle"}
{"level":50,"time":1775641182122,"pid":18332,"hostname":"DESKTOP-KPAMGTB","module":"api","source":"orders","code":"NETWORK","err":"fetch failed","msg":"error de ruta"}
{"level":50,"time":1775641234430,"pid":18332,"hostname":"DESKTOP-KPAMGTB","module":"api","source":"orders","code":"NETWORK","err":"fetch failed","msg":"error de ruta"}
{"level":50,"time":1775641234440,"pid":18332,"hostname":"DESKTOP-KPAMGTB","module":"trailing-engine","symbol":"ETHUSDT","count":1,"max":3,"err":"fetch failed","msg":"error al cicle"}
{"level":50,"time":1775641234444,"pid":18332,"hostname":"DESKTOP-KPAMGTB","module":"trailing-engine","symbol":"ETHUSDT","count":2,"max":3,"err":"fetch failed","msg":"error al cicle"}
{"level":40,"time":1775641462806,"pid":18332,"hostname":"DESKTOP-KPAMGTB","module":"auto-trader","err":"fetch failed","msg":"checkOrphanPositions: error obtenint dades"}
{"level":50,"time":1775641462827,"pid":18332,"hostname":"DESKTOP-KPAMGTB","module":"api","source":"orders","code":"NETWORK","err":"fetch failed","msg":"error de ruta"}
{"level":50,"time":1775641484138,"pid":18332,"hostname":"DESKTOP-KPAMGTB","module":"trailing-engine","symbol":"XLMUSDT","count":1,"max":3,"err":"fetch failed","msg":"error al cicle"}
{"level":50,"time":1775641494892,"pid":18332,"hostname":"DESKTOP-KPAMGTB","module":"api","source":"orders","code":"NETWORK","err":"fetch failed","msg":"error de ruta"}
{"level":50,"time":1775641494906,"pid":18332,"hostname":"DESKTOP-KPAMGTB","module":"trailing-engine","symbol":"ETHUSDT","count":1,"max":3,"err":"fetch failed","msg":"error al cicle"}
{"level":40,"time":1775641506001,"pid":18332,"hostname":"DESKTOP-KPAMGTB","module":"telegram","err":"fetch failed","msg":"error en prendre snapshot"}
{"level":50,"time":1775641516819,"pid":18332,"hostname":"DESKTOP-KPAMGTB","module":"trailing-engine","symbol":"XLMUSDT","count":2,"max":3,"err":"fetch failed","msg":"error al cicle"}
{"level":40,"time":1775641527556,"pid":18332,"hostname":"DESKTOP-KPAMGTB","module":"auto-trader","err":"fetch failed","msg":"checkOrphanPositions: error obtenint dades"}
{"level":50,"time":1775641527566,"pid":18332,"hostname":"DESKTOP-KPAMGTB","module":"trailing-engine","symbol":"ETHUSDT","count":2,"max":3,"err":"fetch failed","msg":"error al cicle"}
{"level":50,"time":1775641527569,"pid":18332,"hostname":"DESKTOP-KPAMGTB","module":"api","source":"orders","code":"NETWORK","err":"fetch failed","msg":"error de ruta"}
{"level":50,"time":1775641537916,"pid":18332,"hostname":"DESKTOP-KPAMGTB","module":"api","source":"orders","code":"NETWORK","err":"fetch failed","msg":"error de ruta"}
{"level":50,"time":1775641549301,"pid":18332,"hostname":"DESKTOP-KPAMGTB","module":"trailing-engine","symbol":"XLMUSDT","count":3,"max":3,"err":"fetch failed","msg":"error al cicle"}
{"level":40,"time":1775641549302,"pid":18332,"hostname":"DESKTOP-KPAMGTB","module":"trailing-engine","symbol":"XLMUSDT","count":3,"pauseSecs":60,"msg":"pausat per errors consecutius"}
{"level":50,"time":1775641560210,"pid":18332,"hostname":"DESKTOP-KPAMGTB","module":"api","source":"orders","code":"NETWORK","err":"fetch failed","msg":"error de ruta"}
{"level":50,"time":1775641578876,"pid":18332,"hostname":"DESKTOP-KPAMGTB","module":"api","source":"orders","code":"NETWORK","err":"fetch failed","msg":"error de ruta"}
{"level":50,"time":1775641578901,"pid":18332,"hostname":"DESKTOP-KPAMGTB","module":"trailing-engine","symbol":"ETHUSDT","count":3,"max":3,"err":"fetch failed","msg":"error al cicle"}
{"level":40,"time":1775641578901,"pid":18332,"hostname":"DESKTOP-KPAMGTB","module":"trailing-engine","symbol":"ETHUSDT","count":3,"pauseSecs":60,"msg":"pausat per errors consecutius"}
{"level":40,"time":1775641589923,"pid":18332,"hostname":"DESKTOP-KPAMGTB","module":"auto-trader","err":"fetch failed","msg":"checkOrphanPositions: error obtenint dades"}
{"level":50,"time":1775641600761,"pid":18332,"hostname":"DESKTOP-KPAMGTB","module":"api","source":"orders","code":"NETWORK","err":"fetch failed","msg":"error de ruta"}
{"level":50,"time":1775641622476,"pid":18332,"hostname":"DESKTOP-KPAMGTB","module":"api","source":"orders","code":"NETWORK","err":"fetch failed","msg":"error de ruta"}
{"level":50,"time":1775641633543,"pid":18332,"hostname":"DESKTOP-KPAMGTB","module":"api","source":"orders","code":"NETWORK","err":"fetch failed","msg":"error de ruta"}
{"level":40,"time":1775641655317,"pid":18332,"hostname":"DESKTOP-KPAMGTB","module":"auto-trader","err":"fetch failed","msg":"checkOrphanPositions: error obtenint dades"}
{"level":50,"time":1775641655323,"pid":18332,"hostname":"DESKTOP-KPAMGTB","module":"api","source":"orders","code":"NETWORK","err":"fetch failed","msg":"error de ruta"}
{"level":40,"time":1775641722798,"pid":18332,"hostname":"DESKTOP-KPAMGTB","module":"auto-trader","err":"fetch failed","msg":"checkOrphanPositions: error obtenint dades"}
{"level":50,"time":1775641733404,"pid":18332,"hostname":"DESKTOP-KPAMGTB","module":"trailing-engine","symbol":"ETHUSDT","count":1,"max":3,"err":"fetch failed","msg":"error al cicle"}
{"level":30,"time":1775642407348,"pid":18332,"hostname":"DESKTOP-KPAMGTB","module":"telegram","msg":"informe horari enviat"}
{"level":30,"time":1775642943412,"pid":18332,"hostname":"DESKTOP-KPAMGTB","module":"binance","assets":23,"msg":"balance"}
{"level":30,"time":1775646007321,"pid":18332,"hostname":"DESKTOP-KPAMGTB","module":"telegram","msg":"informe horari enviat"}
{"level":50,"time":1775647784712,"pid":18332,"hostname":"DESKTOP-KPAMGTB","module":"api","source":"orders","code":"NETWORK","err":"fetch failed","msg":"error de ruta"}
{"level":30,"time":1775648034674,"pid":18332,"hostname":"DESKTOP-KPAMGTB","module":"binance","assets":23,"msg":"balance"}
{"level":30,"time":1775649456436,"pid":18332,"hostname":"DESKTOP-KPAMGTB","module":"binance","assets":23,"msg":"balance"}
{"level":30,"time":1775649457824,"pid":18332,"hostname":"DESKTOP-KPAMGTB","module":"binance","assets":23,"msg":"balance"}
{"level":30,"time":1775649608482,"pid":18332,"hostname":"DESKTOP-KPAMGTB","module":"telegram","msg":"informe horari enviat"}
{"level":30,"time":1775653207253,"pid":18332,"hostname":"DESKTOP-KPAMGTB","module":"telegram","msg":"informe horari enviat"}
{"level":30,"time":1775656057063,"pid":18332,"hostname":"DESKTOP-KPAMGTB","module":"binance","assets":23,"msg":"balance"}
{"level":30,"time":1775656808609,"pid":18332,"hostname":"DESKTOP-KPAMGTB","module":"telegram","msg":"informe horari enviat"}
{"level":30,"time":1775656874227,"pid":18332,"hostname":"DESKTOP-KPAMGTB","module":"binance","assets":23,"msg":"balance"}
{"level":30,"time":1775657476341,"pid":18332,"hostname":"DESKTOP-KPAMGTB","module":"binance","assets":23,"msg":"balance"}
{"level":30,"time":1775660406959,"pid":18332,"hostname":"DESKTOP-KPAMGTB","module":"telegram","msg":"informe horari enviat"}
{"level":30,"time":1775664006791,"pid":18332,"hostname":"DESKTOP-KPAMGTB","module":"telegram","msg":"informe horari enviat"}
{"level":30,"time":1775664704217,"pid":18332,"hostname":"DESKTOP-KPAMGTB","module":"binance","assets":23,"msg":"balance"}
{"level":30,"time":1775667607862,"pid":18332,"hostname":"DESKTOP-KPAMGTB","module":"telegram","msg":"informe horari enviat"}
{"level":30,"time":1775671207403,"pid":18332,"hostname":"DESKTOP-KPAMGTB","module":"telegram","msg":"informe horari enviat"}
{"level":30,"time":1775672088917,"pid":18332,"hostname":"DESKTOP-KPAMGTB","module":"binance","assets":23,"msg":"balance"}
{"level":30,"time":1775674807812,"pid":18332,"hostname":"DESKTOP-KPAMGTB","module":"telegram","msg":"informe horari enviat"}
{"level":30,"time":1775676468784,"pid":18332,"hostname":"DESKTOP-KPAMGTB","module":"binance","assets":23,"msg":"balance"}
