{"level":30,"time":1773392598404,"pid":45948,"hostname":"DESKTOP-KPAMGTB","module":"binance","assets":21,"msg":"balance"}
{"level":30,"time":1773392599057,"pid":45948,"hostname":"DESKTOP-KPAMGTB","module":"binance","assets":21,"msg":"balance"}
{"level":30,"time":1773392772640,"pid":45948,"hostname":"DESKTOP-KPAMGTB","module":"binance","assets":21,"msg":"balance"}
{"level":30,"time":1773392772868,"pid":45948,"hostname":"DESKTOP-KPAMGTB","module":"binance","assets":21,"msg":"balance"}
{"level":30,"time":1773392917422,"pid":45948,"hostname":"DESKTOP-KPAMGTB","module":"orders","symbol":"LINKUSDT","orderId":168977170,"msg":"ordre cancel·lada"}
{"level":30,"time":1773392917666,"pid":45948,"hostname":"DESKTOP-KPAMGTB","module":"orders","symbol":"LINKUSDT","execQty":10,"execValue":92.3,"msg":"market sell after cancel OK"}
{"level":30,"time":1773393090570,"pid":45948,"hostname":"DESKTOP-KPAMGTB","module":"binance","assets":21,"msg":"balance"}
{"level":30,"time":1773393091426,"pid":45948,"hostname":"DESKTOP-KPAMGTB","module":"binance","assets":21,"msg":"balance"}
{"level":30,"time":1773393142646,"pid":45948,"hostname":"DESKTOP-KPAMGTB","module":"orders","symbol":"UNIUSDT","orderId":215721188,"msg":"ordre cancel·lada"}
{"level":30,"time":1773393142885,"pid":45948,"hostname":"DESKTOP-KPAMGTB","module":"orders","symbol":"UNIUSDT","execQty":25,"execValue":100.375,"msg":"market sell after cancel OK"}
{"level":30,"time":1773393145111,"pid":45948,"hostname":"DESKTOP-KPAMGTB","module":"orders","symbol":"ADAUSDT","orderId":369499918,"msg":"ordre cancel·lada"}
{"level":30,"time":1773393145345,"pid":45948,"hostname":"DESKTOP-KPAMGTB","module":"orders","symbol":"ADAUSDT","execQty":379,"execValue":103.2775,"msg":"market sell after cancel OK"}
{"level":30,"time":1773396164888,"pid":45948,"hostname":"DESKTOP-KPAMGTB","module":"binance","assets":21,"msg":"balance"}
{"level":30,"time":1773396199018,"pid":45948,"hostname":"DESKTOP-KPAMGTB","module":"binance","assets":21,"msg":"balance"}
{"level":30,"time":1773396199030,"pid":45948,"hostname":"DESKTOP-KPAMGTB","module":"binance","assets":21,"msg":"balance"}
{"level":30,"time":1773396600359,"pid":45948,"hostname":"DESKTOP-KPAMGTB","module":"binance","assets":21,"msg":"balance"}
{"level":30,"time":1773396673514,"pid":45948,"hostname":"DESKTOP-KPAMGTB","module":"binance","assets":21,"msg":"balance"}
{"level":30,"time":1773396806114,"pid":45948,"hostname":"DESKTOP-KPAMGTB","module":"binance","assets":21,"msg":"balance"}
{"level":30,"time":1773396812150,"pid":45948,"hostname":"DESKTOP-KPAMGTB","module":"binance","assets":21,"msg":"balance"}
{"level":30,"time":1773396849177,"pid":45948,"hostname":"DESKTOP-KPAMGTB","module":"binance","assets":21,"msg":"balance"}
{"level":30,"time":1773396849467,"pid":45948,"hostname":"DESKTOP-KPAMGTB","module":"binance","assets":21,"msg":"balance"}
{"level":30,"time":1773397330147,"pid":45948,"hostname":"DESKTOP-KPAMGTB","module":"binance","assets":21,"msg":"balance"}
{"level":30,"time":1773397492336,"pid":45948,"hostname":"DESKTOP-KPAMGTB","module":"binance","assets":21,"msg":"balance"}
{"level":30,"time":1773397492565,"pid":45948,"hostname":"DESKTOP-KPAMGTB","module":"binance","assets":21,"msg":"balance"}
{"level":30,"time":1773397506435,"pid":45948,"hostname":"DESKTOP-KPAMGTB","module":"binance","assets":21,"msg":"balance"}
{"level":30,"time":1773401077428,"pid":45948,"hostname":"DESKTOP-KPAMGTB","module":"binance","assets":21,"msg":"balance"}
{"level":30,"time":1773403253370,"pid":3668,"hostname":"DESKTOP-KPAMGTB","module":"order-monitor","msg":"monitor iniciat"}
{"level":30,"time":1773403253396,"pid":3668,"hostname":"DESKTOP-KPAMGTB","module":"telegram","nextHourIn":59,"nextDailyIn":1109,"msg":"scheduler iniciat"}
{"level":30,"time":1773403253399,"pid":3668,"hostname":"DESKTOP-KPAMGTB","module":"orders","symbol":"BTCUSDT","thresholds":[{"windowMin":5,"pct":5},{"windowMin":15,"pct":8},{"windowMin":60,"pct":12}],"pollMs":60000,"msg":"Crash monitor iniciat"}
{"level":30,"time":1773403254101,"pid":3668,"hostname":"DESKTOP-KPAMGTB","module":"binance","assets":21,"msg":"balance"}
{"level":30,"time":1773403254495,"pid":3668,"hostname":"DESKTOP-KPAMGTB","module":"order-monitor","count":7,"msg":"inicialitzat"}
{"level":30,"time":1773403268269,"pid":3668,"hostname":"DESKTOP-KPAMGTB","module":"trailing-engine","msg":"motor iniciat"}
{"level":30,"time":1773403301830,"pid":3668,"hostname":"DESKTOP-KPAMGTB","module":"trailing-engine","symbol":"SOLUSDT","mode":"ATR","oldSl":87.37,"newSl":"87.38","peak":90.35,"msg":"SL pujat"}
{"level":30,"time":1773403329819,"pid":3668,"hostname":"DESKTOP-KPAMGTB","module":"trailing-engine","symbol":"SOLUSDT","mode":"ATR","oldSl":87.38,"newSl":"87.48","peak":90.45,"msg":"SL pujat"}
{"level":30,"time":1773403332932,"pid":3668,"hostname":"DESKTOP-KPAMGTB","module":"trailing-engine","symbol":"SOLUSDT","mode":"ATR","oldSl":87.38,"newSl":"87.50","peak":90.47,"msg":"SL pujat"}
{"level":30,"time":1773403359923,"pid":3668,"hostname":"DESKTOP-KPAMGTB","module":"trailing-engine","symbol":"SOLUSDT","mode":"ATR","oldSl":87.48,"newSl":"87.55","peak":90.52,"msg":"SL pujat"}
{"level":30,"time":1773403362813,"pid":3668,"hostname":"DESKTOP-KPAMGTB","module":"trailing-engine","symbol":"SOLUSDT","mode":"ATR","oldSl":87.5,"newSl":"87.55","peak":90.52,"msg":"SL pujat"}
{"level":30,"time":1773403389225,"pid":3668,"hostname":"DESKTOP-KPAMGTB","module":"trailing-engine","symbol":"SOLUSDT","mode":"ATR","oldSl":87.55,"newSl":"87.57","peak":90.54,"msg":"SL pujat"}
{"level":30,"time":1773403391594,"pid":3668,"hostname":"DESKTOP-KPAMGTB","module":"trailing-engine","symbol":"SOLUSDT","mode":"ATR","oldSl":87.55,"newSl":"87.58","peak":90.55,"msg":"SL pujat"}
{"level":30,"time":1773403419777,"pid":3668,"hostname":"DESKTOP-KPAMGTB","module":"trailing-engine","symbol":"SOLUSDT","mode":"ATR","oldSl":87.57,"newSl":"87.60","peak":90.57,"msg":"SL pujat"}
{"level":30,"time":1773403422234,"pid":3668,"hostname":"DESKTOP-KPAMGTB","module":"trailing-engine","symbol":"SOLUSDT","mode":"ATR","oldSl":87.58,"newSl":"87.59","peak":90.56,"msg":"SL pujat"}
{"level":30,"time":1773403481531,"pid":3668,"hostname":"DESKTOP-KPAMGTB","module":"trailing-engine","symbol":"SOLUSDT","mode":"ATR","oldSl":87.59,"newSl":"87.61","peak":90.58,"msg":"SL pujat"}
{"level":30,"time":1773403599909,"pid":3668,"hostname":"DESKTOP-KPAMGTB","module":"trailing-engine","symbol":"SOLUSDT","mode":"ATR","oldSl":87.6,"newSl":"87.66","peak":90.63,"msg":"SL pujat"}
{"level":30,"time":1773403603940,"pid":3668,"hostname":"DESKTOP-KPAMGTB","module":"trailing-engine","symbol":"SOLUSDT","mode":"ATR","oldSl":87.61,"newSl":"87.65","peak":90.62,"msg":"SL pujat"}
{"level":30,"time":1773403645367,"pid":3668,"hostname":"DESKTOP-KPAMGTB","module":"binance","assets":21,"msg":"balance"}
{"level":30,"time":1773403649007,"pid":3668,"hostname":"DESKTOP-KPAMGTB","module":"binance","assets":21,"msg":"balance"}
{"level":30,"time":1773403809928,"pid":3668,"hostname":"DESKTOP-KPAMGTB","module":"trailing-engine","symbol":"SOLUSDT","mode":"ATR","oldSl":87.66,"newSl":"87.68","peak":90.65,"msg":"SL pujat"}
{"level":30,"time":1773403812339,"pid":3668,"hostname":"DESKTOP-KPAMGTB","module":"trailing-engine","symbol":"SOLUSDT","mode":"ATR","oldSl":87.65,"newSl":"87.66","peak":90.63,"msg":"SL pujat"}
{"level":30,"time":1773404410354,"pid":3668,"hostname":"DESKTOP-KPAMGTB","module":"binance","assets":21,"msg":"balance"}
{"level":30,"time":1773404647379,"pid":3668,"hostname":"DESKTOP-KPAMGTB","module":"binance","assets":21,"msg":"balance"}
{"level":30,"time":1773404647659,"pid":3668,"hostname":"DESKTOP-KPAMGTB","module":"binance","assets":21,"msg":"balance"}
{"level":30,"time":1773405221441,"pid":3668,"hostname":"DESKTOP-KPAMGTB","module":"binance","assets":21,"msg":"balance"}
{"level":30,"time":1773405221540,"pid":3668,"hostname":"DESKTOP-KPAMGTB","module":"binance","assets":21,"msg":"balance"}
{"level":30,"time":1773405337889,"pid":3668,"hostname":"DESKTOP-KPAMGTB","module":"binance","assets":21,"msg":"balance"}
{"level":30,"time":1773405413667,"pid":3668,"hostname":"DESKTOP-KPAMGTB","module":"trailing-engine","symbol":"UNIUSDT","mode":"ATR","oldSl":3.99,"newSl":"3.99","peak":4.114,"msg":"SL pujat"}
{"level":30,"time":1773405466603,"pid":3668,"hostname":"DESKTOP-KPAMGTB","module":"binance","symbol":"BTCUSDT","interval":"4h","verdict":"BUY","score":66,"price":72406.73,"msg":"scanner"}
{"level":30,"time":1773405466638,"pid":3668,"hostname":"DESKTOP-KPAMGTB","module":"binance","symbol":"BTCUSDT","interval":"5m","verdict":"WAIT","score":59,"price":72406.73,"msg":"scanner"}
{"level":30,"time":1773405466679,"pid":3668,"hostname":"DESKTOP-KPAMGTB","module":"binance","symbol":"BTCUSDT","interval":"1h","verdict":"WAIT","score":53,"price":72406.73,"msg":"scanner"}
{"level":30,"time":1773405466759,"pid":3668,"hostname":"DESKTOP-KPAMGTB","module":"binance","symbol":"ETHUSDT","interval":"5m","verdict":"WAIT","score":63,"price":2131.52,"msg":"scanner"}
{"level":30,"time":1773405467235,"pid":3668,"hostname":"DESKTOP-KPAMGTB","module":"binance","symbol":"ETHUSDT","interval":"1h","verdict":"BUY","score":72,"price":2131.44,"msg":"scanner"}
{"level":30,"time":1773405467322,"pid":3668,"hostname":"DESKTOP-KPAMGTB","module":"binance","symbol":"ETHUSDT","interval":"4h","verdict":"BUY","score":69,"price":2131.45,"msg":"scanner"}
{"level":30,"time":1773405467405,"pid":3668,"hostname":"DESKTOP-KPAMGTB","module":"binance","symbol":"BNBUSDT","interval":"5m","verdict":"WAIT","score":59,"price":669.41,"msg":"scanner"}
{"level":30,"time":1773405467608,"pid":3668,"hostname":"DESKTOP-KPAMGTB","module":"binance","symbol":"BNBUSDT","interval":"1h","verdict":"WAIT","score":63,"price":669.41,"msg":"scanner"}
{"level":30,"time":1773405467770,"pid":3668,"hostname":"DESKTOP-KPAMGTB","module":"binance","symbol":"BNBUSDT","interval":"4h","verdict":"BUY","score":66,"price":669.41,"msg":"scanner"}
{"level":30,"time":1773405467979,"pid":3668,"hostname":"DESKTOP-KPAMGTB","module":"binance","symbol":"SOLUSDT","interval":"5m","verdict":"WAIT","score":63,"price":90.49,"msg":"scanner"}
{"level":30,"time":1773405468086,"pid":3668,"hostname":"DESKTOP-KPAMGTB","module":"binance","symbol":"SOLUSDT","interval":"1h","verdict":"BUY","score":66,"price":90.49,"msg":"scanner"}
{"level":30,"time":1773405468156,"pid":3668,"hostname":"DESKTOP-KPAMGTB","module":"binance","symbol":"SOLUSDT","interval":"4h","verdict":"BUY","score":66,"price":90.49,"msg":"scanner"}
{"level":30,"time":1773405468245,"pid":3668,"hostname":"DESKTOP-KPAMGTB","module":"binance","symbol":"XRPUSDT","interval":"5m","verdict":"WAIT","score":63,"price":1.4305,"msg":"scanner"}
{"level":30,"time":1773405468509,"pid":3668,"hostname":"DESKTOP-KPAMGTB","module":"binance","symbol":"XRPUSDT","interval":"1h","verdict":"WAIT","score":53,"price":1.4305,"msg":"scanner"}
{"level":30,"time":1773405468647,"pid":3668,"hostname":"DESKTOP-KPAMGTB","module":"binance","symbol":"XRPUSDT","interval":"4h","verdict":"BUY","score":66,"price":1.4305,"msg":"scanner"}
{"level":30,"time":1773405468734,"pid":3668,"hostname":"DESKTOP-KPAMGTB","module":"binance","symbol":"DOGEUSDT","interval":"5m","verdict":"BUY","score":72,"price":0.10122,"msg":"scanner"}
{"level":30,"time":1773405468829,"pid":3668,"hostname":"DESKTOP-KPAMGTB","module":"binance","symbol":"DOGEUSDT","interval":"1h","verdict":"BUY","score":69,"price":0.10122,"msg":"scanner"}
{"level":30,"time":1773405469291,"pid":3668,"hostname":"DESKTOP-KPAMGTB","module":"binance","symbol":"DOGEUSDT","interval":"4h","verdict":"BUY","score":66,"price":0.10122,"msg":"scanner"}
{"level":30,"time":1773405469463,"pid":3668,"hostname":"DESKTOP-KPAMGTB","module":"binance","symbol":"ADAUSDT","interval":"5m","verdict":"WAIT","score":59,"price":0.2773,"msg":"scanner"}
{"level":30,"time":1773405469658,"pid":3668,"hostname":"DESKTOP-KPAMGTB","module":"binance","symbol":"ADAUSDT","interval":"1h","verdict":"BUY","score":72,"price":0.2773,"msg":"scanner"}
{"level":30,"time":1773405469774,"pid":3668,"hostname":"DESKTOP-KPAMGTB","module":"binance","symbol":"ADAUSDT","interval":"4h","verdict":"BUY","score":66,"price":0.2773,"msg":"scanner"}
{"level":30,"time":1773405470136,"pid":3668,"hostname":"DESKTOP-KPAMGTB","module":"binance","symbol":"AVAXUSDT","interval":"5m","verdict":"BUY","score":66,"price":10.12,"msg":"scanner"}
{"level":30,"time":1773405470480,"pid":3668,"hostname":"DESKTOP-KPAMGTB","module":"binance","symbol":"AVAXUSDT","interval":"4h","verdict":"BUY","score":69,"price":10.12,"msg":"scanner"}
{"level":30,"time":1773405470513,"pid":3668,"hostname":"DESKTOP-KPAMGTB","module":"binance","symbol":"AVAXUSDT","interval":"1h","verdict":"BUY","score":66,"price":10.12,"msg":"scanner"}
{"level":30,"time":1773405470840,"pid":3668,"hostname":"DESKTOP-KPAMGTB","module":"binance","symbol":"TRXUSDT","interval":"5m","verdict":"WAIT","score":50,"price":0.2887,"msg":"scanner"}
{"level":30,"time":1773405471108,"pid":3668,"hostname":"DESKTOP-KPAMGTB","module":"binance","symbol":"TRXUSDT","interval":"1h","verdict":"WAIT","score":50,"price":0.2887,"msg":"scanner"}
{"level":30,"time":1773405471226,"pid":3668,"hostname":"DESKTOP-KPAMGTB","module":"binance","symbol":"DOTUSDT","interval":"5m","verdict":"WAIT","score":63,"price":1.522,"msg":"scanner"}
{"level":30,"time":1773405471365,"pid":3668,"hostname":"DESKTOP-KPAMGTB","module":"binance","symbol":"TRXUSDT","interval":"4h","verdict":"WAIT","score":56,"price":0.2887,"msg":"scanner"}
{"level":30,"time":1773405471574,"pid":3668,"hostname":"DESKTOP-KPAMGTB","module":"binance","symbol":"DOTUSDT","interval":"1h","verdict":"BUY","score":69,"price":1.522,"msg":"scanner"}
{"level":30,"time":1773405471927,"pid":3668,"hostname":"DESKTOP-KPAMGTB","module":"binance","symbol":"DOTUSDT","interval":"4h","verdict":"BUY","score":69,"price":1.522,"msg":"scanner"}
{"level":30,"time":1773405472239,"pid":3668,"hostname":"DESKTOP-KPAMGTB","module":"binance","symbol":"LINKUSDT","interval":"5m","verdict":"BUY","score":66,"price":9.34,"msg":"scanner"}
{"level":30,"time":1773405472327,"pid":3668,"hostname":"DESKTOP-KPAMGTB","module":"binance","symbol":"LINKUSDT","interval":"1h","verdict":"BUY","score":69,"price":9.34,"msg":"scanner"}
{"level":30,"time":1773405472352,"pid":3668,"hostname":"DESKTOP-KPAMGTB","module":"binance","symbol":"LINKUSDT","interval":"4h","verdict":"BUY","score":66,"price":9.34,"msg":"scanner"}
{"level":30,"time":1773405472442,"pid":3668,"hostname":"DESKTOP-KPAMGTB","module":"binance","symbol":"MATICUSDT","interval":"5m","verdict":"WAIT","score":59,"price":0.3794,"msg":"scanner"}
{"level":30,"time":1773405473154,"pid":3668,"hostname":"DESKTOP-KPAMGTB","module":"binance","symbol":"MATICUSDT","interval":"1h","verdict":"WAIT","score":47,"price":0.3794,"msg":"scanner"}
{"level":30,"time":1773405473396,"pid":3668,"hostname":"DESKTOP-KPAMGTB","module":"binance","symbol":"MATICUSDT","interval":"4h","verdict":"WAIT","score":41,"price":0.3794,"msg":"scanner"}
{"level":30,"time":1773405473430,"pid":3668,"hostname":"DESKTOP-KPAMGTB","module":"binance","symbol":"LTCUSDT","interval":"5m","verdict":"BUY","score":66,"price":56.17,"msg":"scanner"}
{"level":30,"time":1773405473545,"pid":3668,"hostname":"DESKTOP-KPAMGTB","module":"binance","symbol":"LTCUSDT","interval":"1h","verdict":"BUY","score":66,"price":56.17,"msg":"scanner"}
{"level":30,"time":1773405473694,"pid":3668,"hostname":"DESKTOP-KPAMGTB","module":"binance","symbol":"LTCUSDT","interval":"4h","verdict":"BUY","score":66,"price":56.17,"msg":"scanner"}
{"level":30,"time":1773405473910,"pid":3668,"hostname":"DESKTOP-KPAMGTB","module":"binance","symbol":"SHIBUSDT","interval":"5m","verdict":"BUY","score":75,"price":0.00000621,"msg":"scanner"}
{"level":30,"time":1773405473941,"pid":3668,"hostname":"DESKTOP-KPAMGTB","module":"binance","symbol":"SHIBUSDT","interval":"1h","verdict":"BUY","score":72,"price":0.00000621,"msg":"scanner"}
{"level":30,"time":1773405474295,"pid":3668,"hostname":"DESKTOP-KPAMGTB","module":"binance","symbol":"UNIUSDT","interval":"5m","verdict":"BUY","score":66,"price":4.109,"msg":"scanner"}
{"level":30,"time":1773405474445,"pid":3668,"hostname":"DESKTOP-KPAMGTB","module":"binance","symbol":"SHIBUSDT","interval":"4h","verdict":"BUY","score":69,"price":0.00000621,"msg":"scanner"}
{"level":30,"time":1773405474656,"pid":3668,"hostname":"DESKTOP-KPAMGTB","module":"binance","symbol":"UNIUSDT","interval":"1h","verdict":"BUY","score":66,"price":4.109,"msg":"scanner"}
{"level":30,"time":1773405474783,"pid":3668,"hostname":"DESKTOP-KPAMGTB","module":"binance","symbol":"UNIUSDT","interval":"4h","verdict":"BUY","score":66,"price":4.109,"msg":"scanner"}
{"level":30,"time":1773405474847,"pid":3668,"hostname":"DESKTOP-KPAMGTB","module":"binance","symbol":"ATOMUSDT","interval":"5m","verdict":"WAIT","score":53,"price":1.858,"msg":"scanner"}
{"level":30,"time":1773405475137,"pid":3668,"hostname":"DESKTOP-KPAMGTB","module":"binance","symbol":"ATOMUSDT","interval":"1h","verdict":"BUY","score":66,"price":1.858,"msg":"scanner"}
{"level":30,"time":1773405475514,"pid":3668,"hostname":"DESKTOP-KPAMGTB","module":"binance","symbol":"ATOMUSDT","interval":"4h","verdict":"WAIT","score":53,"price":1.858,"msg":"scanner"}
{"level":30,"time":1773405475728,"pid":3668,"hostname":"DESKTOP-KPAMGTB","module":"binance","symbol":"ETCUSDT","interval":"1h","verdict":"BUY","score":69,"price":8.62,"msg":"scanner"}
{"level":30,"time":1773405475774,"pid":3668,"hostname":"DESKTOP-KPAMGTB","module":"binance","symbol":"ETCUSDT","interval":"5m","verdict":"BUY","score":69,"price":8.62,"msg":"scanner"}
{"level":30,"time":1773405475864,"pid":3668,"hostname":"DESKTOP-KPAMGTB","module":"binance","symbol":"ETCUSDT","interval":"4h","verdict":"BUY","score":66,"price":8.62,"msg":"scanner"}
{"level":30,"time":1773405476048,"pid":3668,"hostname":"DESKTOP-KPAMGTB","module":"binance","symbol":"XLMUSDT","interval":"5m","verdict":"WAIT","score":63,"price":0.1658,"msg":"scanner"}
{"level":30,"time":1773405476433,"pid":3668,"hostname":"DESKTOP-KPAMGTB","module":"binance","symbol":"XLMUSDT","interval":"4h","verdict":"WAIT","score":63,"price":0.1658,"msg":"scanner"}
{"level":30,"time":1773405476470,"pid":3668,"hostname":"DESKTOP-KPAMGTB","module":"binance","symbol":"APTUSDT","interval":"5m","verdict":"BUY","score":66,"price":0.943,"msg":"scanner"}
{"level":30,"time":1773405476870,"pid":3668,"hostname":"DESKTOP-KPAMGTB","module":"binance","symbol":"APTUSDT","interval":"1h","verdict":"WAIT","score":63,"price":0.943,"msg":"scanner"}
{"level":30,"time":1773405476946,"pid":3668,"hostname":"DESKTOP-KPAMGTB","module":"binance","symbol":"XLMUSDT","interval":"1h","verdict":"BUY","score":66,"price":0.1658,"msg":"scanner"}
{"level":30,"time":1773405477103,"pid":3668,"hostname":"DESKTOP-KPAMGTB","module":"binance","symbol":"APTUSDT","interval":"4h","verdict":"WAIT","score":56,"price":0.943,"msg":"scanner"}
{"level":30,"time":1773405477152,"pid":3668,"hostname":"DESKTOP-KPAMGTB","module":"binance","symbol":"NEARUSDT","interval":"5m","verdict":"WAIT","score":59,"price":1.354,"msg":"scanner"}
{"level":30,"time":1773405477418,"pid":3668,"hostname":"DESKTOP-KPAMGTB","module":"binance","symbol":"NEARUSDT","interval":"1h","verdict":"BUY","score":66,"price":1.354,"msg":"scanner"}
{"level":30,"time":1773405477666,"pid":3668,"hostname":"DESKTOP-KPAMGTB","module":"binance","symbol":"NEARUSDT","interval":"4h","verdict":"WAIT","score":59,"price":1.354,"msg":"scanner"}
{"level":30,"time":1773405479581,"pid":3668,"hostname":"DESKTOP-KPAMGTB","module":"orders","symbol":"LTCUSDT","side":"SELL","fillPrice":56.16,"quantity":"1","commissionInBase":0,"tpPrice":"58.11","slStopPrice":"55.00","buyOrderId":284668339,"ocoOrderListId":2066926,"msg":"compra de mercat + OCO"}
{"level":30,"time":1773405479605,"pid":3668,"hostname":"DESKTOP-KPAMGTB","module":"orders","symbol":"DOGEUSDT","side":"SELL","fillPrice":0.10110999999999999,"quantity":"989","commissionInBase":0,"tpPrice":"0.13","slStopPrice":"0.08","buyOrderId":826724140,"ocoOrderListId":2066927,"msg":"compra de mercat + OCO"}
{"level":30,"time":1773405479619,"pid":3668,"hostname":"DESKTOP-KPAMGTB","module":"orders","symbol":"AVAXUSDT","side":"SELL","fillPrice":10.11,"quantity":"9","commissionInBase":0,"tpPrice":"10.84","slStopPrice":"9.71","buyOrderId":154430991,"ocoOrderListId":2066928,"msg":"compra de mercat + OCO"}
{"level":50,"time":1773405479885,"pid":3668,"hostname":"DESKTOP-KPAMGTB","module":"api","source":"orders/buy-and-exit","code":"INTERNAL","err":"roundPrice(floor): valors invàlids price=-0.01999378 tickSize=0.01","msg":"error de ruta"}
{"level":30,"time":1773405481121,"pid":3668,"hostname":"DESKTOP-KPAMGTB","module":"orders","symbol":"LINKUSDT","side":"SELL","fillPrice":9.340000000000002,"quantity":"10","commissionInBase":0,"tpPrice":"9.59","slStopPrice":"9.19","buyOrderId":169131615,"ocoOrderListId":2066931,"msg":"compra de mercat + OCO"}
{"level":30,"time":1773405494776,"pid":3668,"hostname":"DESKTOP-KPAMGTB","module":"binance","assets":21,"msg":"balance"}
{"level":30,"time":1773405495696,"pid":3668,"hostname":"DESKTOP-KPAMGTB","module":"binance","assets":21,"msg":"balance"}
{"level":30,"time":1773405618063,"pid":3668,"hostname":"DESKTOP-KPAMGTB","module":"trailing-engine","symbol":"LINKUSDT","price":9.34,"activateAt":9.34,"msg":"trailing activat"}
{"level":30,"time":1773405706611,"pid":3668,"hostname":"DESKTOP-KPAMGTB","module":"trailing-engine","symbol":"AVAXUSDT","price":10.12,"activateAt":10.12,"msg":"trailing activat"}
{"level":30,"time":1773405803286,"pid":3668,"hostname":"DESKTOP-KPAMGTB","module":"trailing-engine","symbol":"AVAXUSDT","mode":"ATR","oldSl":9.81437524103032,"newSl":"9.82","peak":10.13,"msg":"SL pujat"}
{"level":30,"time":1773405921070,"pid":3668,"hostname":"DESKTOP-KPAMGTB","module":"trailing-engine","symbol":"LINKUSDT","mode":"ATR","oldSl":9.193919289094195,"newSl":"9.20","peak":9.35,"msg":"SL pujat"}
{"level":30,"time":1773405975900,"pid":3668,"hostname":"DESKTOP-KPAMGTB","module":"trailing-engine","symbol":"LTCUSDT","price":56.19,"activateAt":56.17,"msg":"trailing activat"}
{"level":30,"time":1773405978344,"pid":3668,"hostname":"DESKTOP-KPAMGTB","module":"trailing-engine","symbol":"DOGEUSDT","price":0.10133,"activateAt":0.10122,"msg":"trailing activat"}
{"level":30,"time":1773405981659,"pid":3668,"hostname":"DESKTOP-KPAMGTB","module":"trailing-engine","symbol":"SOLUSDT","mode":"ATR","oldSl":87.68,"newSl":"87.73","peak":90.7,"msg":"SL pujat"}
{"level":30,"time":1773405984933,"pid":3668,"hostname":"DESKTOP-KPAMGTB","module":"trailing-engine","symbol":"SOLUSDT","mode":"ATR","oldSl":87.66,"newSl":"87.77","peak":90.74,"msg":"SL pujat"}
{"level":30,"time":1773405987049,"pid":3668,"hostname":"DESKTOP-KPAMGTB","module":"trailing-engine","symbol":"UNIUSDT","mode":"ATR","oldSl":3.99,"newSl":"4.00","peak":4.122,"msg":"SL pujat"}
{"level":30,"time":1773405988039,"pid":3668,"hostname":"DESKTOP-KPAMGTB","module":"trailing-engine","symbol":"LINKUSDT","mode":"ATR","oldSl":9.2,"newSl":"9.23","peak":9.38,"msg":"SL pujat"}
{"level":30,"time":1773405989030,"pid":3668,"hostname":"DESKTOP-KPAMGTB","module":"trailing-engine","symbol":"AVAXUSDT","mode":"ATR","oldSl":9.82,"newSl":"9.83","peak":10.14,"msg":"SL pujat"}
{"level":30,"time":1773405989953,"pid":3668,"hostname":"DESKTOP-KPAMGTB","module":"trailing-engine","symbol":"LTCUSDT","mode":"ATR","oldSl":55.02830695681712,"newSl":"55.15","peak":56.31,"msg":"SL pujat"}
{"level":30,"time":1773405990878,"pid":3668,"hostname":"DESKTOP-KPAMGTB","module":"trailing-engine","symbol":"DOGEUSDT","mode":"ATR","oldSl":0.09785745093454623,"newSl":"0.10","peak":0.10154,"msg":"SL pujat"}
{"level":30,"time":1773406007083,"pid":3668,"hostname":"DESKTOP-KPAMGTB","module":"trailing-engine","symbol":"SOLUSDT","mode":"ATR","oldSl":87.73,"newSl":"87.85","peak":90.82,"msg":"SL pujat"}
{"level":30,"time":1773406009013,"pid":3668,"hostname":"DESKTOP-KPAMGTB","module":"trailing-engine","symbol":"ADAUSDT","mode":"ATR","oldSl":0.27,"newSl":"0.27","peak":0.2787,"msg":"SL pujat"}
{"level":30,"time":1773406010000,"pid":3668,"hostname":"DESKTOP-KPAMGTB","module":"trailing-engine","symbol":"ADAUSDT","mode":"ATR","oldSl":0.27,"newSl":"0.27","peak":0.2789,"msg":"SL pujat"}
{"level":30,"time":1773406011059,"pid":3668,"hostname":"DESKTOP-KPAMGTB","module":"trailing-engine","symbol":"SOLUSDT","mode":"ATR","oldSl":87.77,"newSl":"87.85","peak":90.82,"msg":"SL pujat"}
{"level":30,"time":1773406012143,"pid":3668,"hostname":"DESKTOP-KPAMGTB","module":"trailing-engine","symbol":"UNIUSDT","mode":"ATR","oldSl":4,"newSl":"4.00","peak":4.123,"msg":"SL pujat"}
{"level":30,"time":1773406014210,"pid":3668,"hostname":"DESKTOP-KPAMGTB","module":"trailing-engine","symbol":"LTCUSDT","mode":"ATR","oldSl":55.15,"newSl":"55.17","peak":56.33,"msg":"SL pujat"}
{"level":30,"time":1773406037879,"pid":3668,"hostname":"DESKTOP-KPAMGTB","module":"trailing-engine","symbol":"SOLUSDT","mode":"ATR","oldSl":87.85,"newSl":"87.87","peak":90.84,"msg":"SL pujat"}
{"level":30,"time":1773406039670,"pid":3668,"hostname":"DESKTOP-KPAMGTB","module":"trailing-engine","symbol":"ADAUSDT","mode":"ATR","oldSl":0.27,"newSl":"0.27","peak":0.2792,"msg":"SL pujat"}
{"level":30,"time":1773406040916,"pid":3668,"hostname":"DESKTOP-KPAMGTB","module":"trailing-engine","symbol":"ADAUSDT","mode":"ATR","oldSl":0.27,"newSl":"0.27","peak":0.279,"msg":"SL pujat"}
{"level":30,"time":1773406042618,"pid":3668,"hostname":"DESKTOP-KPAMGTB","module":"trailing-engine","symbol":"UNIUSDT","mode":"ATR","oldSl":4,"newSl":"4.00","peak":4.125,"msg":"SL pujat"}
{"level":30,"time":1773406098601,"pid":3668,"hostname":"DESKTOP-KPAMGTB","module":"trailing-engine","symbol":"SOLUSDT","mode":"ATR","oldSl":87.87,"newSl":"87.94","peak":90.91,"msg":"SL pujat"}
{"level":30,"time":1773406101424,"pid":3668,"hostname":"DESKTOP-KPAMGTB","module":"trailing-engine","symbol":"SOLUSDT","mode":"ATR","oldSl":87.85,"newSl":"87.96","peak":90.93,"msg":"SL pujat"}
{"level":30,"time":1773406102867,"pid":3668,"hostname":"DESKTOP-KPAMGTB","module":"trailing-engine","symbol":"UNIUSDT","mode":"ATR","oldSl":4,"newSl":"4.01","peak":4.129,"msg":"SL pujat"}
{"level":30,"time":1773406103885,"pid":3668,"hostname":"DESKTOP-KPAMGTB","module":"trailing-engine","symbol":"LINKUSDT","mode":"ATR","oldSl":9.23,"newSl":"9.24","peak":9.39,"msg":"SL pujat"}
{"level":30,"time":1773406107168,"pid":3668,"hostname":"DESKTOP-KPAMGTB","module":"trailing-engine","symbol":"LTCUSDT","mode":"ATR","oldSl":55.17,"newSl":"55.20","peak":56.36,"msg":"SL pujat"}
{"level":30,"time":1773406141065,"pid":3668,"hostname":"DESKTOP-KPAMGTB","module":"trailing-engine","symbol":"SOLUSDT","mode":"ATR","oldSl":87.94,"newSl":"88.33","peak":91.3,"msg":"SL pujat"}
{"level":30,"time":1773406142297,"pid":3668,"hostname":"DESKTOP-KPAMGTB","module":"trailing-engine","symbol":"XRPUSDT","mode":"ATR","oldSl":1.4027,"newSl":"1.40310000","peak":1.4389,"msg":"SL pujat"}
{"level":30,"time":1773406143465,"pid":3668,"hostname":"DESKTOP-KPAMGTB","module":"trailing-engine","symbol":"ADAUSDT","mode":"ATR","oldSl":0.27,"newSl":"0.27","peak":0.2804,"msg":"SL pujat"}
{"level":30,"time":1773406144549,"pid":3668,"hostname":"DESKTOP-KPAMGTB","module":"trailing-engine","symbol":"ADAUSDT","mode":"ATR","oldSl":0.27,"newSl":"0.27","peak":0.2802,"msg":"SL pujat"}
{"level":30,"time":1773406146173,"pid":3668,"hostname":"DESKTOP-KPAMGTB","module":"trailing-engine","symbol":"SOLUSDT","mode":"ATR","oldSl":87.96,"newSl":"88.39","peak":91.36,"msg":"SL pujat"}
{"level":30,"time":1773406147157,"pid":3668,"hostname":"DESKTOP-KPAMGTB","module":"trailing-engine","symbol":"UNIUSDT","mode":"ATR","oldSl":4.01,"newSl":"4.02","peak":4.139,"msg":"SL pujat"}
{"level":30,"time":1773406148093,"pid":3668,"hostname":"DESKTOP-KPAMGTB","module":"trailing-engine","symbol":"LINKUSDT","mode":"ATR","oldSl":9.24,"newSl":"9.27","peak":9.42,"msg":"SL pujat"}
{"level":30,"time":1773406149264,"pid":3668,"hostname":"DESKTOP-KPAMGTB","module":"trailing-engine","symbol":"AVAXUSDT","mode":"ATR","oldSl":9.83,"newSl":"9.86","peak":10.17,"msg":"SL pujat"}
{"level":30,"time":1773406151645,"pid":3668,"hostname":"DESKTOP-KPAMGTB","module":"trailing-engine","symbol":"LTCUSDT","mode":"ATR","oldSl":55.2,"newSl":"55.27","peak":56.43,"msg":"SL pujat"}
{"level":30,"time":1773406803650,"pid":3668,"hostname":"DESKTOP-KPAMGTB","module":"telegram","msg":"informe horari enviat"}
{"level":30,"time":1773407135852,"pid":3668,"hostname":"DESKTOP-KPAMGTB","module":"trailing-engine","symbol":"UNIUSDT","mode":"ATR","oldSl":4.02,"newSl":"4.02","peak":4.143,"msg":"SL pujat"}
{"level":30,"time":1773407404271,"pid":3668,"hostname":"DESKTOP-KPAMGTB","module":"trailing-engine","symbol":"UNIUSDT","mode":"ATR","oldSl":4.02,"newSl":"4.03","peak":4.147,"msg":"SL pujat"}
{"level":30,"time":1773407434972,"pid":3668,"hostname":"DESKTOP-KPAMGTB","module":"trailing-engine","symbol":"UNIUSDT","mode":"ATR","oldSl":4.03,"newSl":"4.03","peak":4.153,"msg":"SL pujat"}
{"level":30,"time":1773407551390,"pid":3668,"hostname":"DESKTOP-KPAMGTB","module":"trailing-engine","symbol":"SOLUSDT","mode":"ATR","oldSl":88.33,"newSl":"88.44","peak":91.41,"msg":"SL pujat"}
{"level":30,"time":1773407553774,"pid":3668,"hostname":"DESKTOP-KPAMGTB","module":"trailing-engine","symbol":"SOLUSDT","mode":"ATR","oldSl":88.39,"newSl":"88.49","peak":91.46,"msg":"SL pujat"}
{"level":30,"time":1773407554740,"pid":3668,"hostname":"DESKTOP-KPAMGTB","module":"trailing-engine","symbol":"UNIUSDT","mode":"ATR","oldSl":4.03,"newSl":"4.04","peak":4.157,"msg":"SL pujat"}
{"level":30,"time":1773407555724,"pid":3668,"hostname":"DESKTOP-KPAMGTB","module":"trailing-engine","symbol":"LINKUSDT","mode":"ATR","oldSl":9.27,"newSl":"9.28","peak":9.43,"msg":"SL pujat"}
{"level":30,"time":1773407581688,"pid":3668,"hostname":"DESKTOP-KPAMGTB","module":"trailing-engine","symbol":"SOLUSDT","mode":"ATR","oldSl":88.44,"newSl":"88.48","peak":91.45,"msg":"SL pujat"}
{"level":30,"time":1773407610861,"pid":3668,"hostname":"DESKTOP-KPAMGTB","module":"trailing-engine","symbol":"SOLUSDT","mode":"ATR","oldSl":88.48,"newSl":"88.49","peak":91.46,"msg":"SL pujat"}
{"level":30,"time":1773407642258,"pid":3668,"hostname":"DESKTOP-KPAMGTB","module":"trailing-engine","symbol":"SOLUSDT","mode":"ATR","oldSl":88.49,"newSl":"88.50","peak":91.47,"msg":"SL pujat"}
{"level":30,"time":1773407676935,"pid":3668,"hostname":"DESKTOP-KPAMGTB","module":"trailing-engine","symbol":"DOGEUSDT","stopPrice":0.1,"msg":"SL executat — tancat"}
{"level":30,"time":1773407679925,"pid":3668,"hostname":"DESKTOP-KPAMGTB","module":"orders","symbol":"DOGEUSDT","side":"SELL","type":"STOP_LOSS_LIMIT","execPrice":0.1,"execValue":98.9,"orderId":826763195,"msg":"ordre executada (fill)"}
{"level":30,"time":1773407855225,"pid":3668,"hostname":"DESKTOP-KPAMGTB","module":"trailing-engine","symbol":"LINKUSDT","mode":"ATR","oldSl":9.28,"newSl":"9.29","peak":9.44,"msg":"SL pujat"}
{"level":30,"time":1773407881359,"pid":3668,"hostname":"DESKTOP-KPAMGTB","module":"trailing-engine","symbol":"SOLUSDT","mode":"ATR","oldSl":88.5,"newSl":"88.83","peak":91.8,"msg":"SL pujat"}
{"level":30,"time":1773407882358,"pid":3668,"hostname":"DESKTOP-KPAMGTB","module":"trailing-engine","symbol":"XRPUSDT","mode":"ATR","oldSl":1.4031,"newSl":"1.40440000","peak":1.4402,"msg":"SL pujat"}
{"level":30,"time":1773407884677,"pid":3668,"hostname":"DESKTOP-KPAMGTB","module":"trailing-engine","symbol":"SOLUSDT","mode":"ATR","oldSl":88.49,"newSl":"88.77","peak":91.74,"msg":"SL pujat"}
{"level":30,"time":1773407885581,"pid":3668,"hostname":"DESKTOP-KPAMGTB","module":"trailing-engine","symbol":"UNIUSDT","mode":"ATR","oldSl":4.04,"newSl":"4.05","peak":4.173,"msg":"SL pujat"}
{"level":30,"time":1773407886485,"pid":3668,"hostname":"DESKTOP-KPAMGTB","module":"trailing-engine","symbol":"LINKUSDT","mode":"ATR","oldSl":9.29,"newSl":"9.32","peak":9.47,"msg":"SL pujat"}
{"level":30,"time":1773407889254,"pid":3668,"hostname":"DESKTOP-KPAMGTB","module":"trailing-engine","symbol":"LTCUSDT","mode":"ATR","oldSl":55.27,"newSl":"55.29","peak":56.45,"msg":"SL pujat"}
{"level":30,"time":1773407911774,"pid":3668,"hostname":"DESKTOP-KPAMGTB","module":"trailing-engine","symbol":"SOLUSDT","mode":"ATR","oldSl":88.83,"newSl":"88.90","peak":91.87,"msg":"SL pujat"}
{"level":30,"time":1773407912756,"pid":3668,"hostname":"DESKTOP-KPAMGTB","module":"trailing-engine","symbol":"XRPUSDT","mode":"ATR","oldSl":1.4044,"newSl":"1.40450000","peak":1.4403,"msg":"SL pujat"}
{"level":30,"time":1773407914731,"pid":3668,"hostname":"DESKTOP-KPAMGTB","module":"trailing-engine","symbol":"SOLUSDT","mode":"ATR","oldSl":88.77,"newSl":"88.85","peak":91.82,"msg":"SL pujat"}
{"level":30,"time":1773407915771,"pid":3668,"hostname":"DESKTOP-KPAMGTB","module":"trailing-engine","symbol":"UNIUSDT","mode":"ATR","oldSl":4.05,"newSl":"4.05","peak":4.176,"msg":"SL pujat"}
{"level":30,"time":1773407917748,"pid":3668,"hostname":"DESKTOP-KPAMGTB","module":"trailing-engine","symbol":"AVAXUSDT","mode":"ATR","oldSl":9.86,"newSl":"9.88","peak":10.19,"msg":"SL pujat"}
{"level":30,"time":1773407918769,"pid":3668,"hostname":"DESKTOP-KPAMGTB","module":"trailing-engine","symbol":"LTCUSDT","mode":"ATR","oldSl":55.29,"newSl":"55.32","peak":56.48,"msg":"SL pujat"}
{"level":30,"time":1773407942277,"pid":3668,"hostname":"DESKTOP-KPAMGTB","module":"trailing-engine","symbol":"XRPUSDT","mode":"ATR","oldSl":1.4045,"newSl":"1.40580000","peak":1.4416,"msg":"SL pujat"}
{"level":30,"time":1773407944443,"pid":3668,"hostname":"DESKTOP-KPAMGTB","module":"trailing-engine","symbol":"SOLUSDT","mode":"ATR","oldSl":88.85,"newSl":"88.92","peak":91.89,"msg":"SL pujat"}
{"level":30,"time":1773407945401,"pid":3668,"hostname":"DESKTOP-KPAMGTB","module":"trailing-engine","symbol":"UNIUSDT","mode":"ATR","oldSl":4.05,"newSl":"4.06","peak":4.18,"msg":"SL pujat"}
{"level":30,"time":1773407946361,"pid":3668,"hostname":"DESKTOP-KPAMGTB","module":"trailing-engine","symbol":"LINKUSDT","mode":"ATR","oldSl":9.32,"newSl":"9.36","peak":9.51,"msg":"SL pujat"}
{"level":30,"time":1773407947767,"pid":3668,"hostname":"DESKTOP-KPAMGTB","module":"trailing-engine","symbol":"AVAXUSDT","mode":"ATR","oldSl":9.88,"newSl":"9.89","peak":10.2,"msg":"SL pujat"}
{"level":30,"time":1773407948771,"pid":3668,"hostname":"DESKTOP-KPAMGTB","module":"trailing-engine","symbol":"LTCUSDT","mode":"ATR","oldSl":55.32,"newSl":"55.34","peak":56.5,"msg":"SL pujat"}
{"level":30,"time":1773407971974,"pid":3668,"hostname":"DESKTOP-KPAMGTB","module":"trailing-engine","symbol":"SOLUSDT","mode":"ATR","oldSl":88.9,"newSl":"88.94","peak":91.91,"msg":"SL pujat"}
{"level":30,"time":1773407973494,"pid":3668,"hostname":"DESKTOP-KPAMGTB","module":"trailing-engine","symbol":"XRPUSDT","mode":"ATR","oldSl":1.4058,"newSl":"1.40710000","peak":1.4429,"msg":"SL pujat"}
{"level":30,"time":1773407975039,"pid":3668,"hostname":"DESKTOP-KPAMGTB","module":"trailing-engine","symbol":"ADAUSDT","mode":"ATR","oldSl":0.27,"newSl":"0.27","peak":0.2806,"msg":"SL pujat"}
{"level":30,"time":1773407976497,"pid":3668,"hostname":"DESKTOP-KPAMGTB","module":"trailing-engine","symbol":"ADAUSDT","mode":"ATR","oldSl":0.27,"newSl":"0.27","peak":0.2808,"msg":"SL pujat"}
{"level":30,"time":1773407977403,"pid":3668,"hostname":"DESKTOP-KPAMGTB","module":"trailing-engine","symbol":"SOLUSDT","mode":"ATR","oldSl":88.92,"newSl":"88.99","peak":91.96,"msg":"SL pujat"}
{"level":30,"time":1773407978391,"pid":3668,"hostname":"DESKTOP-KPAMGTB","module":"trailing-engine","symbol":"UNIUSDT","mode":"ATR","oldSl":4.06,"newSl":"4.07","peak":4.193,"msg":"SL pujat"}
{"level":30,"time":1773407979299,"pid":3668,"hostname":"DESKTOP-KPAMGTB","module":"trailing-engine","symbol":"LINKUSDT","mode":"ATR","oldSl":9.36,"newSl":"9.42","peak":9.57,"msg":"SL pujat"}
{"level":30,"time":1773407980200,"pid":3668,"hostname":"DESKTOP-KPAMGTB","module":"trailing-engine","symbol":"AVAXUSDT","mode":"ATR","oldSl":9.89,"newSl":"9.91","peak":10.22,"msg":"SL pujat"}
{"level":30,"time":1773407981616,"pid":3668,"hostname":"DESKTOP-KPAMGTB","module":"trailing-engine","symbol":"LTCUSDT","mode":"ATR","oldSl":55.34,"newSl":"55.41","peak":56.57,"msg":"SL pujat"}
{"level":30,"time":1773408001177,"pid":3668,"hostname":"DESKTOP-KPAMGTB","module":"trailing-engine","symbol":"SOLUSDT","mode":"ATR","oldSl":88.94,"newSl":"89.09","peak":92.06,"msg":"SL pujat"}
{"level":30,"time":1773408002715,"pid":3668,"hostname":"DESKTOP-KPAMGTB","module":"trailing-engine","symbol":"XRPUSDT","mode":"ATR","oldSl":1.4071,"newSl":"1.40910000","peak":1.4449,"msg":"SL pujat"}
{"level":30,"time":1773408003764,"pid":3668,"hostname":"DESKTOP-KPAMGTB","module":"trailing-engine","symbol":"ADAUSDT","mode":"ATR","oldSl":0.27,"newSl":"0.27","peak":0.2812,"msg":"SL pujat"}
{"level":30,"time":1773408004798,"pid":3668,"hostname":"DESKTOP-KPAMGTB","module":"trailing-engine","symbol":"ADAUSDT","mode":"ATR","oldSl":0.27,"newSl":"0.27","peak":0.2811,"msg":"SL pujat"}
{"level":30,"time":1773408006365,"pid":3668,"hostname":"DESKTOP-KPAMGTB","module":"trailing-engine","symbol":"SOLUSDT","mode":"ATR","oldSl":88.99,"newSl":"89.00","peak":91.97,"msg":"SL pujat"}
{"level":30,"time":1773408009952,"pid":3668,"hostname":"DESKTOP-KPAMGTB","module":"trailing-engine","symbol":"LTCUSDT","mode":"ATR","oldSl":55.41,"newSl":"55.44","peak":56.6,"msg":"SL pujat"}
{"level":30,"time":1773409137506,"pid":3668,"hostname":"DESKTOP-KPAMGTB","module":"binance","symbol":"XRPUSDT","interval":"1h","verdict":"BUY","score":69,"price":1.4449,"msg":"scanner"}
{"level":30,"time":1773409137521,"pid":3668,"hostname":"DESKTOP-KPAMGTB","module":"binance","symbol":"SOLUSDT","interval":"1h","verdict":"BUY","score":69,"price":91.49,"msg":"scanner"}
{"level":30,"time":1773409137529,"pid":3668,"hostname":"DESKTOP-KPAMGTB","module":"binance","symbol":"BTCUSDT","interval":"1h","verdict":"WAIT","score":63,"price":72931.07,"msg":"scanner"}
{"level":30,"time":1773409137556,"pid":3668,"hostname":"DESKTOP-KPAMGTB","module":"binance","symbol":"BNBUSDT","interval":"1h","verdict":"WAIT","score":59,"price":674.16,"msg":"scanner"}
{"level":30,"time":1773409137591,"pid":3668,"hostname":"DESKTOP-KPAMGTB","module":"binance","symbol":"ETHUSDT","interval":"1h","verdict":"BUY","score":72,"price":2181.91,"msg":"scanner"}
{"level":30,"time":1773409137804,"pid":3668,"hostname":"DESKTOP-KPAMGTB","module":"binance","symbol":"ETHUSDT","interval":"1h","verdict":"BUY","score":72,"price":2181.86,"msg":"scanner"}
{"level":30,"time":1773409137822,"pid":3668,"hostname":"DESKTOP-KPAMGTB","module":"binance","symbol":"BNBUSDT","interval":"1h","verdict":"WAIT","score":59,"price":674.16,"msg":"scanner"}
{"level":30,"time":1773409137875,"pid":3668,"hostname":"DESKTOP-KPAMGTB","module":"binance","symbol":"BTCUSDT","interval":"5m","verdict":"WAIT","score":59,"price":72931.07,"msg":"scanner"}
{"level":30,"time":1773409137895,"pid":3668,"hostname":"DESKTOP-KPAMGTB","module":"binance","symbol":"SOLUSDT","interval":"1h","verdict":"BUY","score":69,"price":91.5,"msg":"scanner"}
{"level":30,"time":1773409137907,"pid":3668,"hostname":"DESKTOP-KPAMGTB","module":"binance","symbol":"XRPUSDT","interval":"1h","verdict":"BUY","score":69,"price":1.4449,"msg":"scanner"}
{"level":30,"time":1773409138212,"pid":3668,"hostname":"DESKTOP-KPAMGTB","module":"binance","symbol":"BTCUSDT","interval":"4h","verdict":"BUY","score":66,"price":72931.07,"msg":"scanner"}
{"level":30,"time":1773409171726,"pid":3668,"hostname":"DESKTOP-KPAMGTB","module":"trailing-engine","symbol":"XRPUSDT","mode":"ATR","oldSl":1.4091,"newSl":"1.40990000","peak":1.4457,"msg":"SL pujat"}
{"level":30,"time":1773409202548,"pid":3668,"hostname":"DESKTOP-KPAMGTB","module":"trailing-engine","symbol":"XRPUSDT","mode":"ATR","oldSl":1.4099,"newSl":"1.41000000","peak":1.4458,"msg":"SL pujat"}
{"level":30,"time":1773409301119,"pid":3668,"hostname":"DESKTOP-KPAMGTB","module":"trailing-engine","symbol":"AVAXUSDT","mode":"ATR","oldSl":9.91,"newSl":"9.92","peak":10.23,"msg":"SL pujat"}
{"level":30,"time":1773409384827,"pid":3668,"hostname":"DESKTOP-KPAMGTB","module":"trailing-engine","symbol":"AVAXUSDT","mode":"ATR","oldSl":9.92,"newSl":"9.93","peak":10.24,"msg":"SL pujat"}
{"level":30,"time":1773409444480,"pid":3668,"hostname":"DESKTOP-KPAMGTB","module":"trailing-engine","symbol":"UNIUSDT","mode":"ATR","oldSl":4.07,"newSl":"4.07","peak":4.195,"msg":"SL pujat"}
{"level":30,"time":1773409446384,"pid":3668,"hostname":"DESKTOP-KPAMGTB","module":"trailing-engine","symbol":"AVAXUSDT","mode":"ATR","oldSl":9.93,"newSl":"9.94","peak":10.25,"msg":"SL pujat"}
{"level":30,"time":1773409478205,"pid":3668,"hostname":"DESKTOP-KPAMGTB","module":"trailing-engine","symbol":"XRPUSDT","mode":"ATR","oldSl":1.41,"newSl":"1.41120000","peak":1.447,"msg":"SL pujat"}
{"level":30,"time":1773409481614,"pid":3668,"hostname":"DESKTOP-KPAMGTB","module":"trailing-engine","symbol":"SOLUSDT","mode":"ATR","oldSl":89,"newSl":"89.09","peak":92.06,"msg":"SL pujat"}
{"level":30,"time":1773409483137,"pid":3668,"hostname":"DESKTOP-KPAMGTB","module":"trailing-engine","symbol":"UNIUSDT","mode":"ATR","oldSl":4.07,"newSl":"4.08","peak":4.199,"msg":"SL pujat"}
{"level":30,"time":1773409485983,"pid":3668,"hostname":"DESKTOP-KPAMGTB","module":"trailing-engine","symbol":"AVAXUSDT","mode":"ATR","oldSl":9.94,"newSl":"9.96","peak":10.27,"msg":"SL pujat"}
{"level":30,"time":1773409531402,"pid":3668,"hostname":"DESKTOP-KPAMGTB","module":"trailing-engine","symbol":"SOLUSDT","mode":"ATR","oldSl":89.09,"newSl":"89.12","peak":92.09,"msg":"SL pujat"}
{"level":30,"time":1773409533806,"pid":3668,"hostname":"DESKTOP-KPAMGTB","module":"trailing-engine","symbol":"SOLUSDT","mode":"ATR","oldSl":89.09,"newSl":"89.12","peak":92.09,"msg":"SL pujat"}
{"level":30,"time":1773409561400,"pid":3668,"hostname":"DESKTOP-KPAMGTB","module":"trailing-engine","symbol":"SOLUSDT","mode":"ATR","oldSl":89.12,"newSl":"89.31","peak":92.28,"msg":"SL pujat"}
{"level":30,"time":1773409562316,"pid":3668,"hostname":"DESKTOP-KPAMGTB","module":"trailing-engine","symbol":"XRPUSDT","mode":"ATR","oldSl":1.4112,"newSl":"1.41250000","peak":1.4483,"msg":"SL pujat"}
{"level":30,"time":1773409563227,"pid":3668,"hostname":"DESKTOP-KPAMGTB","module":"trailing-engine","symbol":"ADAUSDT","mode":"ATR","oldSl":0.27,"newSl":"0.27","peak":0.2813,"msg":"SL pujat"}
{"level":30,"time":1773409564138,"pid":3668,"hostname":"DESKTOP-KPAMGTB","module":"trailing-engine","symbol":"ADAUSDT","mode":"ATR","oldSl":0.27,"newSl":"0.27","peak":0.2814,"msg":"SL pujat"}
{"level":30,"time":1773409565052,"pid":3668,"hostname":"DESKTOP-KPAMGTB","module":"trailing-engine","symbol":"SOLUSDT","mode":"ATR","oldSl":89.12,"newSl":"89.28","peak":92.25,"msg":"SL pujat"}
{"level":30,"time":1773409566000,"pid":3668,"hostname":"DESKTOP-KPAMGTB","module":"trailing-engine","symbol":"UNIUSDT","mode":"ATR","oldSl":4.08,"newSl":"4.08","peak":4.206,"msg":"SL pujat"}
{"level":30,"time":1773409567371,"pid":3668,"hostname":"DESKTOP-KPAMGTB","module":"trailing-engine","symbol":"AVAXUSDT","mode":"ATR","oldSl":9.96,"newSl":"9.98","peak":10.29,"msg":"SL pujat"}
{"level":30,"time":1773409568278,"pid":3668,"hostname":"DESKTOP-KPAMGTB","module":"trailing-engine","symbol":"LTCUSDT","mode":"ATR","oldSl":55.44,"newSl":"55.46","peak":56.62,"msg":"SL pujat"}
{"level":30,"time":1773409713664,"pid":3668,"hostname":"DESKTOP-KPAMGTB","module":"trailing-engine","symbol":"UNIUSDT","mode":"ATR","oldSl":4.08,"newSl":"4.09","peak":4.207,"msg":"SL pujat"}
{"level":30,"time":1773409720909,"pid":3668,"hostname":"DESKTOP-KPAMGTB","module":"binance","assets":21,"msg":"balance"}
{"level":30,"time":1773409720965,"pid":3668,"hostname":"DESKTOP-KPAMGTB","module":"binance","assets":21,"msg":"balance"}
{"level":30,"time":1773409762303,"pid":3668,"hostname":"DESKTOP-KPAMGTB","module":"orders","symbol":"DOGEUSDT","qty":"2052","fillPrice":0.10051,"orderId":827068008,"msg":"market sell → USDT"}
{"level":30,"time":1773409764127,"pid":3668,"hostname":"DESKTOP-KPAMGTB","module":"binance","assets":21,"msg":"balance"}
{"level":30,"time":1773409783892,"pid":3668,"hostname":"DESKTOP-KPAMGTB","module":"binance","symbol":"BTCUSDT","interval":"1h","verdict":"BUY","score":69,"price":73310.15,"msg":"scanner"}
{"level":30,"time":1773409783959,"pid":3668,"hostname":"DESKTOP-KPAMGTB","module":"binance","symbol":"BTCUSDT","interval":"4h","verdict":"BUY","score":66,"price":73310.15,"msg":"scanner"}
{"level":30,"time":1773409783989,"pid":3668,"hostname":"DESKTOP-KPAMGTB","module":"binance","symbol":"BTCUSDT","interval":"5m","verdict":"BUY","score":69,"price":73310.15,"msg":"scanner"}
{"level":30,"time":1773409784028,"pid":3668,"hostname":"DESKTOP-KPAMGTB","module":"binance","symbol":"ETHUSDT","interval":"5m","verdict":"WAIT","score":59,"price":2188.67,"msg":"scanner"}
{"level":30,"time":1773409784468,"pid":3668,"hostname":"DESKTOP-KPAMGTB","module":"binance","symbol":"ETHUSDT","interval":"1h","verdict":"BUY","score":72,"price":2189.01,"msg":"scanner"}
{"level":30,"time":1773409784660,"pid":3668,"hostname":"DESKTOP-KPAMGTB","module":"binance","symbol":"BNBUSDT","interval":"5m","verdict":"BUY","score":66,"price":675.53,"msg":"scanner"}
{"level":30,"time":1773409784759,"pid":3668,"hostname":"DESKTOP-KPAMGTB","module":"binance","symbol":"BNBUSDT","interval":"1h","verdict":"WAIT","score":59,"price":675.53,"msg":"scanner"}
{"level":30,"time":1773409784910,"pid":3668,"hostname":"DESKTOP-KPAMGTB","module":"binance","symbol":"ETHUSDT","interval":"4h","verdict":"BUY","score":72,"price":2188.82,"msg":"scanner"}
{"level":30,"time":1773409785040,"pid":3668,"hostname":"DESKTOP-KPAMGTB","module":"binance","symbol":"BNBUSDT","interval":"4h","verdict":"BUY","score":69,"price":675.53,"msg":"scanner"}
{"level":30,"time":1773409785253,"pid":3668,"hostname":"DESKTOP-KPAMGTB","module":"binance","symbol":"SOLUSDT","interval":"5m","verdict":"BUY","score":72,"price":92.08,"msg":"scanner"}
{"level":30,"time":1773409785498,"pid":3668,"hostname":"DESKTOP-KPAMGTB","module":"binance","symbol":"SOLUSDT","interval":"1h","verdict":"BUY","score":69,"price":92.08,"msg":"scanner"}
{"level":30,"time":1773409785591,"pid":3668,"hostname":"DESKTOP-KPAMGTB","module":"binance","symbol":"SOLUSDT","interval":"4h","verdict":"BUY","score":66,"price":92.08,"msg":"scanner"}
{"level":30,"time":1773409785737,"pid":3668,"hostname":"DESKTOP-KPAMGTB","module":"binance","symbol":"XRPUSDT","interval":"5m","verdict":"WAIT","score":59,"price":1.4454,"msg":"scanner"}
{"level":30,"time":1773409785952,"pid":3668,"hostname":"DESKTOP-KPAMGTB","module":"binance","symbol":"XRPUSDT","interval":"1h","verdict":"BUY","score":69,"price":1.4453,"msg":"scanner"}
{"level":30,"time":1773409786111,"pid":3668,"hostname":"DESKTOP-KPAMGTB","module":"binance","symbol":"XRPUSDT","interval":"4h","verdict":"BUY","score":66,"price":1.4453,"msg":"scanner"}
{"level":30,"time":1773409786251,"pid":3668,"hostname":"DESKTOP-KPAMGTB","module":"binance","symbol":"DOGEUSDT","interval":"5m","verdict":"WAIT","score":59,"price":0.10046,"msg":"scanner"}
{"level":30,"time":1773409786454,"pid":3668,"hostname":"DESKTOP-KPAMGTB","module":"binance","symbol":"DOGEUSDT","interval":"1h","verdict":"WAIT","score":50,"price":0.1005,"msg":"scanner"}
{"level":30,"time":1773409786559,"pid":3668,"hostname":"DESKTOP-KPAMGTB","module":"binance","symbol":"DOGEUSDT","interval":"4h","verdict":"BUY","score":69,"price":0.1005,"msg":"scanner"}
{"level":30,"time":1773409786691,"pid":3668,"hostname":"DESKTOP-KPAMGTB","module":"binance","symbol":"ADAUSDT","interval":"5m","verdict":"WAIT","score":59,"price":0.2794,"msg":"scanner"}
{"level":30,"time":1773409786888,"pid":3668,"hostname":"DESKTOP-KPAMGTB","module":"binance","symbol":"ADAUSDT","interval":"1h","verdict":"BUY","score":66,"price":0.2795,"msg":"scanner"}
{"level":30,"time":1773409787073,"pid":3668,"hostname":"DESKTOP-KPAMGTB","module":"binance","symbol":"ADAUSDT","interval":"4h","verdict":"BUY","score":69,"price":0.2795,"msg":"scanner"}
{"level":30,"time":1773409787216,"pid":3668,"hostname":"DESKTOP-KPAMGTB","module":"binance","symbol":"AVAXUSDT","interval":"5m","verdict":"WAIT","score":59,"price":10.21,"msg":"scanner"}
{"level":30,"time":1773409787302,"pid":3668,"hostname":"DESKTOP-KPAMGTB","module":"binance","symbol":"AVAXUSDT","interval":"1h","verdict":"BUY","score":66,"price":10.21,"msg":"scanner"}
{"level":30,"time":1773409787424,"pid":3668,"hostname":"DESKTOP-KPAMGTB","module":"binance","symbol":"AVAXUSDT","interval":"4h","verdict":"BUY","score":72,"price":10.21,"msg":"scanner"}
{"level":30,"time":1773409787581,"pid":3668,"hostname":"DESKTOP-KPAMGTB","module":"binance","symbol":"TRXUSDT","interval":"5m","verdict":"WAIT","score":56,"price":0.2891,"msg":"scanner"}
{"level":30,"time":1773409787758,"pid":3668,"hostname":"DESKTOP-KPAMGTB","module":"binance","symbol":"TRXUSDT","interval":"1h","verdict":"WAIT","score":50,"price":0.2891,"msg":"scanner"}
{"level":30,"time":1773409787949,"pid":3668,"hostname":"DESKTOP-KPAMGTB","module":"binance","symbol":"TRXUSDT","interval":"4h","verdict":"WAIT","score":56,"price":0.2891,"msg":"scanner"}
{"level":30,"time":1773409788096,"pid":3668,"hostname":"DESKTOP-KPAMGTB","module":"binance","symbol":"DOTUSDT","interval":"5m","verdict":"BUY","score":66,"price":1.54,"msg":"scanner"}
{"level":30,"time":1773409788457,"pid":3668,"hostname":"DESKTOP-KPAMGTB","module":"binance","symbol":"DOTUSDT","interval":"1h","verdict":"BUY","score":69,"price":1.54,"msg":"scanner"}
{"level":30,"time":1773409788534,"pid":3668,"hostname":"DESKTOP-KPAMGTB","module":"binance","symbol":"DOTUSDT","interval":"4h","verdict":"BUY","score":66,"price":1.54,"msg":"scanner"}
{"level":30,"time":1773409788558,"pid":3668,"hostname":"DESKTOP-KPAMGTB","module":"binance","symbol":"LINKUSDT","interval":"5m","verdict":"WAIT","score":59,"price":9.53,"msg":"scanner"}
{"level":30,"time":1773409788626,"pid":3668,"hostname":"DESKTOP-KPAMGTB","module":"binance","symbol":"LINKUSDT","interval":"1h","verdict":"BUY","score":69,"price":9.53,"msg":"scanner"}
{"level":30,"time":1773409789044,"pid":3668,"hostname":"DESKTOP-KPAMGTB","module":"binance","symbol":"LINKUSDT","interval":"4h","verdict":"BUY","score":69,"price":9.53,"msg":"scanner"}
{"level":30,"time":1773409789260,"pid":3668,"hostname":"DESKTOP-KPAMGTB","module":"binance","symbol":"MATICUSDT","interval":"1h","verdict":"WAIT","score":47,"price":0.3794,"msg":"scanner"}
{"level":30,"time":1773409789291,"pid":3668,"hostname":"DESKTOP-KPAMGTB","module":"binance","symbol":"MATICUSDT","interval":"4h","verdict":"WAIT","score":41,"price":0.3794,"msg":"scanner"}
{"level":30,"time":1773409789499,"pid":3668,"hostname":"DESKTOP-KPAMGTB","module":"binance","symbol":"LTCUSDT","interval":"5m","verdict":"BUY","score":69,"price":56.48,"msg":"scanner"}
{"level":30,"time":1773409789705,"pid":3668,"hostname":"DESKTOP-KPAMGTB","module":"binance","symbol":"MATICUSDT","interval":"5m","verdict":"WAIT","score":59,"price":0.3794,"msg":"scanner"}
{"level":30,"time":1773409789797,"pid":3668,"hostname":"DESKTOP-KPAMGTB","module":"binance","symbol":"LTCUSDT","interval":"1h","verdict":"WAIT","score":63,"price":56.48,"msg":"scanner"}
{"level":30,"time":1773409789857,"pid":3668,"hostname":"DESKTOP-KPAMGTB","module":"binance","symbol":"LTCUSDT","interval":"4h","verdict":"BUY","score":66,"price":56.48,"msg":"scanner"}
{"level":30,"time":1773409790401,"pid":3668,"hostname":"DESKTOP-KPAMGTB","module":"binance","symbol":"SHIBUSDT","interval":"5m","verdict":"BUY","score":72,"price":0.00000621,"msg":"scanner"}
{"level":30,"time":1773409790597,"pid":3668,"hostname":"DESKTOP-KPAMGTB","module":"binance","symbol":"SHIBUSDT","interval":"1h","verdict":"WAIT","score":59,"price":0.00000621,"msg":"scanner"}
{"level":30,"time":1773409790840,"pid":3668,"hostname":"DESKTOP-KPAMGTB","module":"binance","symbol":"SHIBUSDT","interval":"4h","verdict":"BUY","score":69,"price":0.00000621,"msg":"scanner"}
{"level":30,"time":1773409790859,"pid":3668,"hostname":"DESKTOP-KPAMGTB","module":"binance","symbol":"UNIUSDT","interval":"5m","verdict":"WAIT","score":59,"price":4.197,"msg":"scanner"}
{"level":30,"time":1773409791215,"pid":3668,"hostname":"DESKTOP-KPAMGTB","module":"binance","symbol":"UNIUSDT","interval":"4h","verdict":"BUY","score":66,"price":4.197,"msg":"scanner"}
{"level":30,"time":1773409791244,"pid":3668,"hostname":"DESKTOP-KPAMGTB","module":"binance","symbol":"UNIUSDT","interval":"1h","verdict":"BUY","score":69,"price":4.197,"msg":"scanner"}
{"level":30,"time":1773409791424,"pid":3668,"hostname":"DESKTOP-KPAMGTB","module":"binance","symbol":"ATOMUSDT","interval":"5m","verdict":"WAIT","score":56,"price":1.876,"msg":"scanner"}
{"level":30,"time":1773409791448,"pid":3668,"hostname":"DESKTOP-KPAMGTB","module":"binance","symbol":"ATOMUSDT","interval":"1h","verdict":"BUY","score":66,"price":1.876,"msg":"scanner"}
{"level":30,"time":1773409791648,"pid":3668,"hostname":"DESKTOP-KPAMGTB","module":"binance","symbol":"ATOMUSDT","interval":"4h","verdict":"WAIT","score":59,"price":1.876,"msg":"scanner"}
{"level":30,"time":1773409791749,"pid":3668,"hostname":"DESKTOP-KPAMGTB","module":"binance","symbol":"ETCUSDT","interval":"5m","verdict":"WAIT","score":63,"price":8.81,"msg":"scanner"}
{"level":30,"time":1773409791976,"pid":3668,"hostname":"DESKTOP-KPAMGTB","module":"binance","symbol":"ETCUSDT","interval":"1h","verdict":"BUY","score":72,"price":8.81,"msg":"scanner"}
{"level":30,"time":1773409792109,"pid":3668,"hostname":"DESKTOP-KPAMGTB","module":"binance","symbol":"ETCUSDT","interval":"4h","verdict":"BUY","score":69,"price":8.81,"msg":"scanner"}
{"level":30,"time":1773409792338,"pid":3668,"hostname":"DESKTOP-KPAMGTB","module":"binance","symbol":"XLMUSDT","interval":"1h","verdict":"BUY","score":69,"price":0.1676,"msg":"scanner"}
{"level":30,"time":1773409792458,"pid":3668,"hostname":"DESKTOP-KPAMGTB","module":"binance","symbol":"XLMUSDT","interval":"4h","verdict":"WAIT","score":63,"price":0.1676,"msg":"scanner"}
{"level":30,"time":1773409792536,"pid":3668,"hostname":"DESKTOP-KPAMGTB","module":"binance","symbol":"APTUSDT","interval":"5m","verdict":"WAIT","score":53,"price":0.964,"msg":"scanner"}
{"level":30,"time":1773409792578,"pid":3668,"hostname":"DESKTOP-KPAMGTB","module":"binance","symbol":"XLMUSDT","interval":"5m","verdict":"WAIT","score":59,"price":0.1676,"msg":"scanner"}
{"level":30,"time":1773409792656,"pid":3668,"hostname":"DESKTOP-KPAMGTB","module":"binance","symbol":"APTUSDT","interval":"1h","verdict":"BUY","score":72,"price":0.964,"msg":"scanner"}
{"level":30,"time":1773409792969,"pid":3668,"hostname":"DESKTOP-KPAMGTB","module":"binance","symbol":"APTUSDT","interval":"4h","verdict":"WAIT","score":63,"price":0.964,"msg":"scanner"}
{"level":30,"time":1773409793134,"pid":3668,"hostname":"DESKTOP-KPAMGTB","module":"binance","symbol":"NEARUSDT","interval":"5m","verdict":"WAIT","score":63,"price":1.361,"msg":"scanner"}
{"level":30,"time":1773409793156,"pid":3668,"hostname":"DESKTOP-KPAMGTB","module":"binance","symbol":"NEARUSDT","interval":"1h","verdict":"BUY","score":69,"price":1.361,"msg":"scanner"}
{"level":30,"time":1773409793199,"pid":3668,"hostname":"DESKTOP-KPAMGTB","module":"binance","symbol":"NEARUSDT","interval":"4h","verdict":"WAIT","score":59,"price":1.361,"msg":"scanner"}
{"level":30,"time":1773409795147,"pid":3668,"hostname":"DESKTOP-KPAMGTB","module":"orders","symbol":"BTCUSDT","side":"SELL","fillPrice":73301.84,"quantity":"0.00136000","commissionInBase":0,"tpPrice":"74755.40000000","slStopPrice":"72443.00000000","buyOrderId":21185381630,"ocoOrderListId":2067400,"msg":"compra de mercat + OCO"}
{"level":30,"time":1773409795199,"pid":3668,"hostname":"DESKTOP-KPAMGTB","module":"orders","symbol":"AVAXUSDT","side":"SELL","fillPrice":10.22,"quantity":"9","commissionInBase":0,"tpPrice":"10.97","slStopPrice":"9.78","buyOrderId":154492744,"ocoOrderListId":2067401,"msg":"compra de mercat + OCO"}
{"level":30,"time":1773409795225,"pid":3668,"hostname":"DESKTOP-KPAMGTB","module":"orders","symbol":"DOTUSDT","side":"SELL","fillPrice":1.5399999999999998,"quantity":"64","commissionInBase":0,"tpPrice":"1.58","slStopPrice":"1.51","buyOrderId":192115364,"ocoOrderListId":2067402,"msg":"compra de mercat + OCO"}
{"level":30,"time":1773409795603,"pid":3668,"hostname":"DESKTOP-KPAMGTB","module":"orders","symbol":"SOLUSDT","side":"SELL","fillPrice":92.05,"quantity":"1","commissionInBase":0,"tpPrice":"96.39","slStopPrice":"90.46","buyOrderId":1149962323,"ocoOrderListId":2067403,"msg":"compra de mercat + OCO"}
{"level":30,"time":1773409795771,"pid":3668,"hostname":"DESKTOP-KPAMGTB","module":"orders","symbol":"ETHUSDT","side":"SELL","fillPrice":2188.2,"quantity":"0.04560000","commissionInBase":0,"tpPrice":"2371.87000000","slStopPrice":"2120.17000000","buyOrderId":3965061715,"ocoOrderListId":2067404,"msg":"compra de mercat + OCO"}
{"level":30,"time":1773409801150,"pid":3668,"hostname":"DESKTOP-KPAMGTB","module":"trailing-engine","symbol":"BTCUSDT","price":73322.33,"activateAt":73310.15,"msg":"trailing activat"}
{"level":30,"time":1773409802366,"pid":3668,"hostname":"DESKTOP-KPAMGTB","module":"trailing-engine","symbol":"AVAXUSDT","price":10.22,"activateAt":10.21,"msg":"trailing activat"}
{"level":30,"time":1773409831272,"pid":3668,"hostname":"DESKTOP-KPAMGTB","module":"trailing-engine","symbol":"ETHUSDT","price":2189.12,"activateAt":2188.82,"msg":"trailing activat"}
{"level":30,"time":1773409837041,"pid":3668,"hostname":"DESKTOP-KPAMGTB","module":"trailing-engine","symbol":"BTCUSDT","mode":"ATR","oldSl":72455.18052937085,"newSl":"72529.00000000","peak":73396.15,"msg":"SL pujat"}
{"level":30,"time":1773409838494,"pid":3668,"hostname":"DESKTOP-KPAMGTB","module":"trailing-engine","symbol":"ETHUSDT","mode":"ATR","oldSl":2097.5962253397756,"newSl":"2098.69000000","peak":2190.21,"msg":"SL pujat"}
{"level":30,"time":1773409855908,"pid":3668,"hostname":"DESKTOP-KPAMGTB","module":"binance","assets":21,"msg":"balance"}
{"level":30,"time":1773409860346,"pid":3668,"hostname":"DESKTOP-KPAMGTB","module":"trailing-engine","symbol":"DOTUSDT","price":1.54,"activateAt":1.54,"msg":"trailing activat"}
{"level":30,"time":1773409867831,"pid":3668,"hostname":"DESKTOP-KPAMGTB","module":"binance","assets":21,"msg":"balance"}
{"level":30,"time":1773409868163,"pid":3668,"hostname":"DESKTOP-KPAMGTB","module":"binance","assets":21,"msg":"balance"}
{"level":30,"time":1773409939020,"pid":3668,"hostname":"DESKTOP-KPAMGTB","module":"binance","symbol":"BTCUSDT","interval":"1h","verdict":"WAIT","score":63,"price":73279.09,"msg":"scanner"}
{"level":30,"time":1773409940628,"pid":3668,"hostname":"DESKTOP-KPAMGTB","module":"binance","assets":21,"msg":"balance"}
{"level":30,"time":1773409940898,"pid":3668,"hostname":"DESKTOP-KPAMGTB","module":"binance","assets":21,"msg":"balance"}
{"level":30,"time":1773409969032,"pid":3668,"hostname":"DESKTOP-KPAMGTB","module":"binance","assets":21,"msg":"balance"}
{"level":30,"time":1773410050232,"pid":3668,"hostname":"DESKTOP-KPAMGTB","module":"trailing-engine","symbol":"BTCUSDT","mode":"ATR","oldSl":72529,"newSl":"72555.54000000","peak":73422.69,"msg":"SL pujat"}
{"level":30,"time":1773410079915,"pid":3668,"hostname":"DESKTOP-KPAMGTB","module":"trailing-engine","symbol":"BTCUSDT","mode":"ATR","oldSl":72555.54,"newSl":"72567.07000000","peak":73434.22,"msg":"SL pujat"}
{"level":30,"time":1773410081825,"pid":3668,"hostname":"DESKTOP-KPAMGTB","module":"trailing-engine","symbol":"DOTUSDT","mode":"ATR","oldSl":1.5167931478362828,"newSl":"1.52","peak":1.541,"msg":"SL pujat"}
{"level":30,"time":1773410107916,"pid":3668,"hostname":"DESKTOP-KPAMGTB","module":"trailing-engine","symbol":"BTCUSDT","mode":"ATR","oldSl":72567.07,"newSl":"72588.65000000","peak":73455.8,"msg":"SL pujat"}
{"level":30,"time":1773410136669,"pid":3668,"hostname":"DESKTOP-KPAMGTB","module":"trailing-engine","symbol":"BTCUSDT","mode":"ATR","oldSl":72588.65,"newSl":"72656.78000000","peak":73523.93,"msg":"SL pujat"}
{"level":30,"time":1773410138123,"pid":3668,"hostname":"DESKTOP-KPAMGTB","module":"trailing-engine","symbol":"ETHUSDT","mode":"ATR","oldSl":2098.69,"newSl":"2099.92000000","peak":2191.44,"msg":"SL pujat"}
{"level":30,"time":1773410160838,"pid":3668,"hostname":"DESKTOP-KPAMGTB","module":"trailing-engine","symbol":"SOLUSDT","price":92.1,"activateAt":92.08,"msg":"trailing activat"}
{"level":30,"time":1773410167670,"pid":3668,"hostname":"DESKTOP-KPAMGTB","module":"trailing-engine","symbol":"BTCUSDT","mode":"ATR","oldSl":72656.78,"newSl":"72673.99000000","peak":73541.14,"msg":"SL pujat"}
{"level":30,"time":1773410175299,"pid":3668,"hostname":"DESKTOP-KPAMGTB","module":"binance","symbol":"XRPUSDT","interval":"1h","verdict":"BUY","score":69,"price":1.4447,"msg":"scanner"}
{"level":30,"time":1773410175385,"pid":3668,"hostname":"DESKTOP-KPAMGTB","module":"binance","symbol":"BTCUSDT","interval":"1h","verdict":"BUY","score":69,"price":73504.91,"msg":"scanner"}
{"level":30,"time":1773410175493,"pid":3668,"hostname":"DESKTOP-KPAMGTB","module":"binance","symbol":"ETHUSDT","interval":"1h","verdict":"BUY","score":72,"price":2189.21,"msg":"scanner"}
{"level":30,"time":1773410175634,"pid":3668,"hostname":"DESKTOP-KPAMGTB","module":"binance","symbol":"SOLUSDT","interval":"1h","verdict":"BUY","score":69,"price":91.97,"msg":"scanner"}
{"level":30,"time":1773410175983,"pid":3668,"hostname":"DESKTOP-KPAMGTB","module":"binance","symbol":"BTCUSDT","interval":"5m","verdict":"BUY","score":69,"price":73504.92,"msg":"scanner"}
{"level":30,"time":1773410176098,"pid":3668,"hostname":"DESKTOP-KPAMGTB","module":"binance","symbol":"SOLUSDT","interval":"1h","verdict":"BUY","score":69,"price":91.96,"msg":"scanner"}
{"level":30,"time":1773410176265,"pid":3668,"hostname":"DESKTOP-KPAMGTB","module":"binance","symbol":"BTCUSDT","interval":"4h","verdict":"BUY","score":66,"price":73487.54,"msg":"scanner"}
{"level":30,"time":1773410176740,"pid":3668,"hostname":"DESKTOP-KPAMGTB","module":"binance","symbol":"BNBUSDT","interval":"1h","verdict":"WAIT","score":59,"price":675.34,"msg":"scanner"}
{"level":30,"time":1773410178449,"pid":3668,"hostname":"DESKTOP-KPAMGTB","module":"binance","symbol":"BNBUSDT","interval":"1h","verdict":"WAIT","score":59,"price":675.34,"msg":"scanner"}
{"level":30,"time":1773410179855,"pid":3668,"hostname":"DESKTOP-KPAMGTB","module":"binance","symbol":"XRPUSDT","interval":"1h","verdict":"BUY","score":69,"price":1.4447,"msg":"scanner"}
{"level":30,"time":1773410183390,"pid":3668,"hostname":"DESKTOP-KPAMGTB","module":"binance","symbol":"ETHUSDT","interval":"1h","verdict":"BUY","score":72,"price":2190.02,"msg":"scanner"}
{"level":30,"time":1773410257505,"pid":3668,"hostname":"DESKTOP-KPAMGTB","module":"binance","assets":21,"msg":"balance"}
{"level":30,"time":1773410259303,"pid":3668,"hostname":"DESKTOP-KPAMGTB","module":"binance","assets":21,"msg":"balance"}
{"level":30,"time":1773410348570,"pid":3668,"hostname":"DESKTOP-KPAMGTB","module":"binance","assets":21,"msg":"balance"}
{"level":30,"time":1773410401717,"pid":3668,"hostname":"DESKTOP-KPAMGTB","module":"telegram","msg":"informe horari enviat"}
{"level":30,"time":1773410407116,"pid":3668,"hostname":"DESKTOP-KPAMGTB","module":"trailing-engine","symbol":"AVAXUSDT","mode":"ATR","oldSl":9.898303812458892,"newSl":"9.91","peak":10.23,"msg":"SL pujat"}
{"level":30,"time":1773410437510,"pid":3668,"hostname":"DESKTOP-KPAMGTB","module":"trailing-engine","symbol":"AVAXUSDT","mode":"ATR","oldSl":9.91,"newSl":"9.93","peak":10.25,"msg":"SL pujat"}
{"level":30,"time":1773410462094,"pid":3668,"hostname":"DESKTOP-KPAMGTB","module":"trailing-engine","symbol":"SOLUSDT","mode":"ATR","oldSl":89.31,"newSl":"89.46","peak":92.43,"msg":"SL pujat"}
{"level":30,"time":1773410464341,"pid":3668,"hostname":"DESKTOP-KPAMGTB","module":"trailing-engine","symbol":"SOLUSDT","mode":"ATR","oldSl":89.28,"newSl":"89.38","peak":92.35,"msg":"SL pujat"}
{"level":30,"time":1773410469926,"pid":3668,"hostname":"DESKTOP-KPAMGTB","module":"trailing-engine","symbol":"SOLUSDT","mode":"ATR","oldSl":89.9482094049124,"newSl":"90.17","peak":92.32,"msg":"SL pujat"}
{"level":30,"time":1773410527130,"pid":3668,"hostname":"DESKTOP-KPAMGTB","module":"trailing-engine","symbol":"LTCUSDT","mode":"ATR","oldSl":55.46,"newSl":"55.52","peak":56.68,"msg":"SL pujat"}
{"level":30,"time":1773410823488,"pid":3668,"hostname":"DESKTOP-KPAMGTB","module":"trailing-engine","symbol":"XRPUSDT","mode":"ATR","oldSl":1.4125,"newSl":"1.41280000","peak":1.4486,"msg":"SL pujat"}
{"level":30,"time":1773410884404,"pid":3668,"hostname":"DESKTOP-KPAMGTB","module":"trailing-engine","symbol":"SOLUSDT","mode":"ATR","oldSl":89.38,"newSl":"89.39","peak":92.36,"msg":"SL pujat"}
{"level":30,"time":1773410889623,"pid":3668,"hostname":"DESKTOP-KPAMGTB","module":"trailing-engine","symbol":"SOLUSDT","mode":"ATR","oldSl":90.17,"newSl":"90.21","peak":92.36,"msg":"SL pujat"}
{"level":30,"time":1773411035159,"pid":3668,"hostname":"DESKTOP-KPAMGTB","module":"trailing-engine","symbol":"SOLUSDT","mode":"ATR","oldSl":89.39,"newSl":"89.43","peak":92.4,"msg":"SL pujat"}
{"level":30,"time":1773411041694,"pid":3668,"hostname":"DESKTOP-KPAMGTB","module":"trailing-engine","symbol":"SOLUSDT","mode":"ATR","oldSl":90.21,"newSl":"90.24","peak":92.39,"msg":"SL pujat"}
{"level":30,"time":1773411092485,"pid":3668,"hostname":"DESKTOP-KPAMGTB","module":"trailing-engine","symbol":"SOLUSDT","mode":"ATR","oldSl":89.46,"newSl":"89.52","peak":92.49,"msg":"SL pujat"}
{"level":30,"time":1773411095283,"pid":3668,"hostname":"DESKTOP-KPAMGTB","module":"trailing-engine","symbol":"SOLUSDT","mode":"ATR","oldSl":89.43,"newSl":"89.52","peak":92.49,"msg":"SL pujat"}
{"level":30,"time":1773411098947,"pid":3668,"hostname":"DESKTOP-KPAMGTB","module":"trailing-engine","symbol":"ETHUSDT","mode":"ATR","oldSl":2099.92,"newSl":"2100.07000000","peak":2191.59,"msg":"SL pujat"}
{"level":30,"time":1773411100317,"pid":3668,"hostname":"DESKTOP-KPAMGTB","module":"trailing-engine","symbol":"SOLUSDT","mode":"ATR","oldSl":90.24,"newSl":"90.33","peak":92.48,"msg":"SL pujat"}
{"level":30,"time":1773411128785,"pid":3668,"hostname":"DESKTOP-KPAMGTB","module":"trailing-engine","symbol":"ETHUSDT","mode":"ATR","oldSl":2100.07,"newSl":"2100.23000000","peak":2191.75,"msg":"SL pujat"}
{"level":30,"time":1773411130203,"pid":3668,"hostname":"DESKTOP-KPAMGTB","module":"trailing-engine","symbol":"SOLUSDT","mode":"ATR","oldSl":90.33,"newSl":"90.34","peak":92.49,"msg":"SL pujat"}
{"level":30,"time":1773411151886,"pid":3668,"hostname":"DESKTOP-KPAMGTB","module":"trailing-engine","symbol":"SOLUSDT","mode":"ATR","oldSl":89.52,"newSl":"89.60","peak":92.57,"msg":"SL pujat"}
{"level":30,"time":1773411154378,"pid":3668,"hostname":"DESKTOP-KPAMGTB","module":"trailing-engine","symbol":"SOLUSDT","mode":"ATR","oldSl":89.52,"newSl":"89.58","peak":92.55,"msg":"SL pujat"}
{"level":30,"time":1773411158342,"pid":3668,"hostname":"DESKTOP-KPAMGTB","module":"trailing-engine","symbol":"ETHUSDT","mode":"ATR","oldSl":2100.23,"newSl":"2101.55000000","peak":2193.07,"msg":"SL pujat"}
{"level":30,"time":1773411159952,"pid":3668,"hostname":"DESKTOP-KPAMGTB","module":"trailing-engine","symbol":"SOLUSDT","mode":"ATR","oldSl":90.34,"newSl":"90.39","peak":92.54,"msg":"SL pujat"}
{"level":30,"time":1773411181774,"pid":3668,"hostname":"DESKTOP-KPAMGTB","module":"trailing-engine","symbol":"SOLUSDT","mode":"ATR","oldSl":89.6,"newSl":"89.63","peak":92.6,"msg":"SL pujat"}
{"level":30,"time":1773411183142,"pid":3668,"hostname":"DESKTOP-KPAMGTB","module":"trailing-engine","symbol":"XRPUSDT","mode":"ATR","oldSl":1.4128,"newSl":"1.41320000","peak":1.449,"msg":"SL pujat"}
{"level":30,"time":1773411186446,"pid":3668,"hostname":"DESKTOP-KPAMGTB","module":"trailing-engine","symbol":"SOLUSDT","mode":"ATR","oldSl":89.58,"newSl":"89.64","peak":92.61,"msg":"SL pujat"}
{"level":30,"time":1773411190584,"pid":3668,"hostname":"DESKTOP-KPAMGTB","module":"trailing-engine","symbol":"ETHUSDT","mode":"ATR","oldSl":2101.55,"newSl":"2103.06000000","peak":2194.58,"msg":"SL pujat"}
{"level":30,"time":1773411191937,"pid":3668,"hostname":"DESKTOP-KPAMGTB","module":"trailing-engine","symbol":"SOLUSDT","mode":"ATR","oldSl":90.39,"newSl":"90.47","peak":92.62,"msg":"SL pujat"}
{"level":30,"time":1773411212392,"pid":3668,"hostname":"DESKTOP-KPAMGTB","module":"trailing-engine","symbol":"SOLUSDT","mode":"ATR","oldSl":89.63,"newSl":"89.69","peak":92.66,"msg":"SL pujat"}
{"level":30,"time":1773411214073,"pid":3668,"hostname":"DESKTOP-KPAMGTB","module":"trailing-engine","symbol":"XRPUSDT","mode":"ATR","oldSl":1.4132,"newSl":"1.41340000","peak":1.4492,"msg":"SL pujat"}
{"level":30,"time":1773411248006,"pid":3668,"hostname":"DESKTOP-KPAMGTB","module":"trailing-engine","symbol":"BTCUSDT","mode":"ATR","oldSl":72673.99,"newSl":"72689.17000000","peak":73556.32,"msg":"SL pujat"}
{"level":30,"time":1773411248774,"pid":3668,"hostname":"DESKTOP-KPAMGTB","module":"binance","assets":21,"msg":"balance"}
{"level":30,"time":1773411251328,"pid":3668,"hostname":"DESKTOP-KPAMGTB","module":"trailing-engine","symbol":"ETHUSDT","mode":"ATR","oldSl":2103.06,"newSl":"2104.18000000","peak":2195.7,"msg":"SL pujat"}
{"level":30,"time":1773411606925,"pid":3668,"hostname":"DESKTOP-KPAMGTB","module":"trailing-engine","symbol":"BTCUSDT","mode":"ATR","oldSl":72689.17,"newSl":"72707.84000000","peak":73574.99,"msg":"SL pujat"}
{"level":30,"time":1773411609473,"pid":3668,"hostname":"DESKTOP-KPAMGTB","module":"trailing-engine","symbol":"SOLUSDT","mode":"ATR","oldSl":90.47,"newSl":"90.49","peak":92.64,"msg":"SL pujat"}
{"level":30,"time":1773411615187,"pid":3668,"hostname":"DESKTOP-KPAMGTB","module":"binance","assets":21,"msg":"balance"}
{"level":30,"time":1773411631918,"pid":3668,"hostname":"DESKTOP-KPAMGTB","module":"trailing-engine","symbol":"SOLUSDT","mode":"ATR","oldSl":89.69,"newSl":"89.79","peak":92.76,"msg":"SL pujat"}
{"level":30,"time":1773411632831,"pid":3668,"hostname":"DESKTOP-KPAMGTB","module":"trailing-engine","symbol":"XRPUSDT","mode":"ATR","oldSl":1.4134,"newSl":"1.41540000","peak":1.4512,"msg":"SL pujat"}
{"level":30,"time":1773411635018,"pid":3668,"hostname":"DESKTOP-KPAMGTB","module":"trailing-engine","symbol":"SOLUSDT","mode":"ATR","oldSl":89.64,"newSl":"89.77","peak":92.74,"msg":"SL pujat"}
{"level":30,"time":1773411637223,"pid":3668,"hostname":"DESKTOP-KPAMGTB","module":"trailing-engine","symbol":"LINKUSDT","mode":"ATR","oldSl":9.42,"newSl":"9.43","peak":9.58,"msg":"SL pujat"}
{"level":30,"time":1773411639049,"pid":3668,"hostname":"DESKTOP-KPAMGTB","module":"trailing-engine","symbol":"BTCUSDT","mode":"ATR","oldSl":72707.84,"newSl":"72810.94000000","peak":73678.09,"msg":"SL pujat"}
{"level":30,"time":1773411641575,"pid":3668,"hostname":"DESKTOP-KPAMGTB","module":"trailing-engine","symbol":"ETHUSDT","mode":"ATR","oldSl":2104.18,"newSl":"2109.25000000","peak":2200.77,"msg":"SL pujat"}
{"level":30,"time":1773411643028,"pid":3668,"hostname":"DESKTOP-KPAMGTB","module":"trailing-engine","symbol":"SOLUSDT","mode":"ATR","oldSl":90.49,"newSl":"90.52","peak":92.67,"msg":"SL pujat"}
{"level":30,"time":1773411755967,"pid":3668,"hostname":"DESKTOP-KPAMGTB","module":"trailing-engine","symbol":"BTCUSDT","mode":"ATR","oldSl":72810.94,"newSl":"72815.54000000","peak":73682.69,"msg":"SL pujat"}
{"level":30,"time":1773411786456,"pid":3668,"hostname":"DESKTOP-KPAMGTB","module":"trailing-engine","symbol":"BTCUSDT","mode":"ATR","oldSl":72815.54,"newSl":"72895.21000000","peak":73762.36,"msg":"SL pujat"}
{"level":30,"time":1773411812017,"pid":3668,"hostname":"DESKTOP-KPAMGTB","module":"trailing-engine","symbol":"SOLUSDT","mode":"ATR","oldSl":89.79,"newSl":"89.85","peak":92.82,"msg":"SL pujat"}
{"level":30,"time":1773411814413,"pid":3668,"hostname":"DESKTOP-KPAMGTB","module":"trailing-engine","symbol":"SOLUSDT","mode":"ATR","oldSl":89.77,"newSl":"89.87","peak":92.84,"msg":"SL pujat"}
{"level":30,"time":1773411817334,"pid":3668,"hostname":"DESKTOP-KPAMGTB","module":"trailing-engine","symbol":"BTCUSDT","mode":"ATR","oldSl":72895.21,"newSl":"72910.23000000","peak":73777.38,"msg":"SL pujat"}
{"level":30,"time":1773411819748,"pid":3668,"hostname":"DESKTOP-KPAMGTB","module":"trailing-engine","symbol":"SOLUSDT","mode":"ATR","oldSl":90.52,"newSl":"90.63","peak":92.78,"msg":"SL pujat"}
{"level":30,"time":1773411848524,"pid":3668,"hostname":"DESKTOP-KPAMGTB","module":"trailing-engine","symbol":"SOLUSDT","mode":"ATR","oldSl":90.63,"newSl":"90.66","peak":92.81,"msg":"SL pujat"}
{"level":30,"time":1773411875648,"pid":3668,"hostname":"DESKTOP-KPAMGTB","module":"trailing-engine","symbol":"BTCUSDT","mode":"ATR","oldSl":72910.23,"newSl":"72930.03000000","peak":73797.18,"msg":"SL pujat"}
{"level":30,"time":1773411902031,"pid":3668,"hostname":"DESKTOP-KPAMGTB","module":"trailing-engine","symbol":"SOLUSDT","mode":"ATR","oldSl":89.85,"newSl":"89.88","peak":92.85,"msg":"SL pujat"}
{"level":30,"time":1773411907229,"pid":3668,"hostname":"DESKTOP-KPAMGTB","module":"trailing-engine","symbol":"BTCUSDT","mode":"ATR","oldSl":72930.03,"newSl":"72946.27000000","peak":73813.42,"msg":"SL pujat"}
{"level":30,"time":1773411938588,"pid":3668,"hostname":"DESKTOP-KPAMGTB","module":"trailing-engine","symbol":"ETHUSDT","mode":"ATR","oldSl":2109.25,"newSl":"2110.05000000","peak":2201.57,"msg":"SL pujat"}
{"level":30,"time":1773411940604,"pid":3668,"hostname":"DESKTOP-KPAMGTB","module":"trailing-engine","symbol":"SOLUSDT","mode":"ATR","oldSl":90.66,"newSl":"90.67","peak":92.82,"msg":"SL pujat"}
{"level":30,"time":1773411962010,"pid":3668,"hostname":"DESKTOP-KPAMGTB","module":"trailing-engine","symbol":"SOLUSDT","mode":"ATR","oldSl":89.88,"newSl":"89.91","peak":92.88,"msg":"SL pujat"}
{"level":30,"time":1773411964272,"pid":3668,"hostname":"DESKTOP-KPAMGTB","module":"trailing-engine","symbol":"SOLUSDT","mode":"ATR","oldSl":89.87,"newSl":"89.88","peak":92.85,"msg":"SL pujat"}
{"level":30,"time":1773411998833,"pid":3668,"hostname":"DESKTOP-KPAMGTB","module":"trailing-engine","symbol":"SOLUSDT","mode":"ATR","oldSl":90.67,"newSl":"90.71","peak":92.86,"msg":"SL pujat"}
{"level":30,"time":1773412023818,"pid":3668,"hostname":"DESKTOP-KPAMGTB","module":"trailing-engine","symbol":"SOLUSDT","mode":"ATR","oldSl":89.88,"newSl":"89.91","peak":92.88,"msg":"SL pujat"}
{"level":30,"time":1773412027582,"pid":3668,"hostname":"DESKTOP-KPAMGTB","module":"trailing-engine","symbol":"ETHUSDT","mode":"ATR","oldSl":2110.05,"newSl":"2111.33000000","peak":2202.85,"msg":"SL pujat"}
{"level":30,"time":1773412028950,"pid":3668,"hostname":"DESKTOP-KPAMGTB","module":"trailing-engine","symbol":"SOLUSDT","mode":"ATR","oldSl":90.71,"newSl":"90.72","peak":92.87,"msg":"SL pujat"}
{"level":30,"time":1773412052017,"pid":3668,"hostname":"DESKTOP-KPAMGTB","module":"trailing-engine","symbol":"SOLUSDT","mode":"ATR","oldSl":89.91,"newSl":"89.95","peak":92.92,"msg":"SL pujat"}
{"level":30,"time":1773412085942,"pid":3668,"hostname":"DESKTOP-KPAMGTB","module":"binance","assets":21,"msg":"balance"}
{"level":30,"time":1773412096227,"pid":3668,"hostname":"DESKTOP-KPAMGTB","module":"binance","assets":21,"msg":"balance"}
{"level":30,"time":1773412300414,"pid":3668,"hostname":"DESKTOP-KPAMGTB","module":"trailing-engine","symbol":"BTCUSDT","mode":"ATR","oldSl":72946.27,"newSl":"72950.66000000","peak":73817.81,"msg":"SL pujat"}
{"level":30,"time":1773412330341,"pid":3668,"hostname":"DESKTOP-KPAMGTB","module":"trailing-engine","symbol":"BTCUSDT","mode":"ATR","oldSl":72950.66,"newSl":"73011.45000000","peak":73878.6,"msg":"SL pujat"}
{"level":30,"time":1773412360864,"pid":3668,"hostname":"DESKTOP-KPAMGTB","module":"trailing-engine","symbol":"BTCUSDT","mode":"ATR","oldSl":73011.45,"newSl":"73032.46000000","peak":73899.61,"msg":"SL pujat"}
{"level":30,"time":1773412389745,"pid":3668,"hostname":"DESKTOP-KPAMGTB","module":"trailing-engine","symbol":"BTCUSDT","mode":"ATR","oldSl":73032.46,"newSl":"73038.76000000","peak":73905.91,"msg":"SL pujat"}
{"level":30,"time":1773413050223,"pid":3668,"hostname":"DESKTOP-KPAMGTB","module":"trailing-engine","symbol":"BTCUSDT","stopPrice":73038.76,"msg":"SL executat — tancat"}
{"level":30,"time":1773413065064,"pid":3668,"hostname":"DESKTOP-KPAMGTB","module":"orders","symbol":"BTCUSDT","side":"SELL","type":"STOP_LOSS_LIMIT","execPrice":72965.72,"execValue":99.331476,"orderId":21191390528,"msg":"ordre executada (fill)"}
{"level":30,"time":1773413227192,"pid":3668,"hostname":"DESKTOP-KPAMGTB","module":"trailing-engine","symbol":"LINKUSDT","stopPrice":9.43,"msg":"SL executat — tancat"}
{"level":30,"time":1773413239657,"pid":3668,"hostname":"DESKTOP-KPAMGTB","module":"orders","symbol":"LINKUSDT","side":"SELL","type":"STOP_LOSS_LIMIT","execPrice":9.42,"execValue":94.3,"orderId":169222970,"msg":"ordre executada (fill)"}
{"level":30,"time":1773413618626,"pid":3668,"hostname":"DESKTOP-KPAMGTB","module":"trailing-engine","symbol":"AVAXUSDT","stopPrice":9.98,"msg":"SL executat — tancat"}
{"level":30,"time":1773413620408,"pid":3668,"hostname":"DESKTOP-KPAMGTB","module":"trailing-engine","symbol":"DOTUSDT","stopPrice":1.52,"msg":"SL executat — tancat"}
{"level":30,"time":1773413620663,"pid":3668,"hostname":"DESKTOP-KPAMGTB","module":"trailing-engine","symbol":"SOLUSDT","stopPrice":90.72,"msg":"SL executat — tancat"}
{"level":30,"time":1773413624780,"pid":3668,"hostname":"DESKTOP-KPAMGTB","module":"orders","symbol":"SOLUSDT","side":"SELL","type":"STOP_LOSS_LIMIT","execPrice":90.63,"execValue":90.72,"orderId":1150283251,"msg":"ordre executada (fill)"}
{"level":30,"time":1773413625108,"pid":3668,"hostname":"DESKTOP-KPAMGTB","module":"orders","symbol":"DOTUSDT","side":"SELL","type":"STOP_LOSS_LIMIT","execPrice":1.52,"execValue":97.28,"orderId":192120679,"msg":"ordre executada (fill)"}
{"level":30,"time":1773413625428,"pid":3668,"hostname":"DESKTOP-KPAMGTB","module":"orders","symbol":"AVAXUSDT","side":"SELL","type":"STOP_LOSS_LIMIT","execPrice":9.97,"execValue":89.82,"orderId":154489566,"msg":"ordre executada (fill)"}
{"level":30,"time":1773413827515,"pid":3668,"hostname":"DESKTOP-KPAMGTB","module":"trailing-engine","symbol":"UNIUSDT","stopPrice":4.09,"msg":"SL executat — tancat"}
{"level":30,"time":1773413835331,"pid":3668,"hostname":"DESKTOP-KPAMGTB","module":"orders","symbol":"UNIUSDT","side":"SELL","type":"STOP_LOSS_LIMIT","execPrice":4.08,"execValue":98.16,"orderId":216086382,"msg":"ordre executada (fill)"}
{"level":30,"time":1773414001408,"pid":3668,"hostname":"DESKTOP-KPAMGTB","module":"telegram","msg":"informe horari enviat"}
{"level":30,"time":1773416215688,"pid":3668,"hostname":"DESKTOP-KPAMGTB","module":"orders","symbol":"XRPUSDT","side":"SELL","type":"STOP_LOSS_LIMIT","execPrice":1.414,"execValue":98.92947,"orderId":971026382,"msg":"ordre executada (fill)"}
{"level":30,"time":1773416226141,"pid":3668,"hostname":"DESKTOP-KPAMGTB","module":"trailing-engine","symbol":"XRPUSDT","stopPrice":1.4154,"msg":"SL executat — tancat"}
{"level":30,"time":1773416250772,"pid":3668,"hostname":"DESKTOP-KPAMGTB","module":"orders","symbol":"LTCUSDT","side":"SELL","type":"STOP_LOSS_LIMIT","execPrice":55.46,"execValue":55.51,"orderId":284814252,"msg":"ordre executada (fill)"}
{"level":30,"time":1773416251162,"pid":3668,"hostname":"DESKTOP-KPAMGTB","module":"orders","symbol":"AVAXUSDT","side":"SELL","type":"STOP_LOSS_LIMIT","execPrice":9.92,"execValue":89.37,"orderId":154500653,"msg":"ordre executada (fill)"}
{"level":30,"time":1773416257758,"pid":3668,"hostname":"DESKTOP-KPAMGTB","module":"trailing-engine","symbol":"LTCUSDT","stopPrice":55.52,"msg":"SL executat — tancat"}
{"level":30,"time":1773416257988,"pid":3668,"hostname":"DESKTOP-KPAMGTB","module":"trailing-engine","symbol":"AVAXUSDT","stopPrice":9.93,"msg":"SL executat — tancat"}
{"level":30,"time":1773416525744,"pid":3668,"hostname":"DESKTOP-KPAMGTB","module":"trailing-engine","symbol":"SOLUSDT","stopPrice":89.95,"msg":"SL executat — tancat"}
{"level":30,"time":1773416530331,"pid":3668,"hostname":"DESKTOP-KPAMGTB","module":"orders","symbol":"SOLUSDT","side":"SELL","type":"STOP_LOSS_LIMIT","execPrice":89.82,"execValue":89.9,"orderId":1150282554,"msg":"ordre executada (fill)"}
{"level":30,"time":1773416530630,"pid":3668,"hostname":"DESKTOP-KPAMGTB","module":"orders","symbol":"SOLUSDT","side":"SELL","type":"STOP_LOSS_LIMIT","execPrice":89.86,"execValue":89.95,"orderId":1150286561,"msg":"ordre executada (fill)"}
{"level":30,"time":1773416557638,"pid":3668,"hostname":"DESKTOP-KPAMGTB","module":"trailing-engine","symbol":"SOLUSDT","stopPrice":89.91,"msg":"SL executat — tancat"}
{"level":30,"time":1773417601446,"pid":3668,"hostname":"DESKTOP-KPAMGTB","module":"telegram","msg":"informe horari enviat"}
{"level":30,"time":1773421201944,"pid":3668,"hostname":"DESKTOP-KPAMGTB","module":"telegram","msg":"informe horari enviat"}
{"level":30,"time":1773422826876,"pid":3668,"hostname":"DESKTOP-KPAMGTB","module":"trailing-engine","symbol":"ADAUSDT","stopPrice":0.27,"msg":"SL executat — tancat"}
{"level":30,"time":1773422827105,"pid":3668,"hostname":"DESKTOP-KPAMGTB","module":"trailing-engine","symbol":"ADAUSDT","stopPrice":0.27,"msg":"SL executat — tancat"}
{"level":30,"time":1773422831623,"pid":3668,"hostname":"DESKTOP-KPAMGTB","module":"orders","symbol":"ADAUSDT","side":"SELL","type":"STOP_LOSS_LIMIT","execPrice":0.27,"execValue":98.82,"orderId":370215521,"msg":"ordre executada (fill)"}
{"level":30,"time":1773422831954,"pid":3668,"hostname":"DESKTOP-KPAMGTB","module":"orders","symbol":"ADAUSDT","side":"SELL","type":"STOP_LOSS_LIMIT","execPrice":0.27,"execValue":98.82,"orderId":370215565,"msg":"ordre executada (fill)"}
{"level":30,"time":1773423637299,"pid":3668,"hostname":"DESKTOP-KPAMGTB","module":"orders","symbol":"ETHUSDT","side":"SELL","type":"STOP_LOSS_LIMIT","execPrice":2109.21,"execValue":96.261144,"orderId":3966032715,"msg":"ordre executada (fill)"}
{"level":30,"time":1773423637593,"pid":3668,"hostname":"DESKTOP-KPAMGTB","module":"trailing-engine","symbol":"ETHUSDT","stopPrice":2111.33,"msg":"SL executat — tancat"}
{"level":30,"time":1773424801600,"pid":3668,"hostname":"DESKTOP-KPAMGTB","module":"telegram","msg":"informe horari enviat"}
{"level":30,"time":1773428402895,"pid":3668,"hostname":"DESKTOP-KPAMGTB","module":"telegram","msg":"informe horari enviat"}
{"level":30,"time":1773430069270,"pid":3668,"hostname":"DESKTOP-KPAMGTB","module":"binance","assets":21,"msg":"balance"}
{"level":30,"time":1773430069289,"pid":3668,"hostname":"DESKTOP-KPAMGTB","module":"binance","assets":21,"msg":"balance"}
{"level":40,"time":1773430124536,"pid":3668,"hostname":"DESKTOP-KPAMGTB","module":"orders","canceled":1,"sellAll":true,"msg":"⚠️ Cancel·lació massiva d'ordres"}
{"level":50,"time":1773430126590,"pid":3668,"hostname":"DESKTOP-KPAMGTB","module":"orders","symbol":"BTCUSDT","err":"Binance /order 400: {\"code\":-1013,\"msg\":\"Filter failure: NOTIONAL\"}","msg":"cancel-all: error venent posició"}
{"level":40,"time":1773430126833,"pid":3668,"hostname":"DESKTOP-KPAMGTB","module":"orders","symbol":"LTCUSDT","qty":"0.780","quoteQty":"43.18080000","msg":"⚠️ Venda d'emergència executada"}
{"level":40,"time":1773430127086,"pid":3668,"hostname":"DESKTOP-KPAMGTB","module":"orders","symbol":"ETHUSDT","qty":"0.04840000","quoteQty":"101.61918800","msg":"⚠️ Venda d'emergència executada"}
{"level":50,"time":1773430127335,"pid":3668,"hostname":"DESKTOP-KPAMGTB","module":"orders","symbol":"TRXUSDT","err":"Binance /order 400: {\"code\":-1013,\"msg\":\"Filter failure: LOT_SIZE\"}","msg":"cancel-all: error venent posició"}
{"level":40,"time":1773430127587,"pid":3668,"hostname":"DESKTOP-KPAMGTB","module":"orders","symbol":"LINKUSDT","qty":"1.530","quoteQty":"13.93830000","msg":"⚠️ Venda d'emergència executada"}
{"level":50,"time":1773430127839,"pid":3668,"hostname":"DESKTOP-KPAMGTB","module":"orders","symbol":"ARKUSDT","err":"Binance /order 400: {\"code\":-1013,\"msg\":\"Filter failure: LOT_SIZE\"}","msg":"cancel-all: error venent posició"}
{"level":50,"time":1773430128065,"pid":3668,"hostname":"DESKTOP-KPAMGTB","module":"orders","symbol":"XRPUSDT","err":"Binance /order 400: {\"code\":-1013,\"msg\":\"Filter failure: NOTIONAL\"}","msg":"cancel-all: error venent posició"}
{"level":50,"time":1773430128317,"pid":3668,"hostname":"DESKTOP-KPAMGTB","module":"orders","symbol":"ADAUSDT","err":"Binance /order 400: {\"code\":-1013,\"msg\":\"Filter failure: LOT_SIZE\"}","msg":"cancel-all: error venent posició"}
{"level":50,"time":1773430128541,"pid":3668,"hostname":"DESKTOP-KPAMGTB","module":"orders","symbol":"ATOMUSDT","err":"Binance /order 400: {\"code\":-1013,\"msg\":\"Filter failure: LOT_SIZE\"}","msg":"cancel-all: error venent posició"}
{"level":40,"time":1773430128796,"pid":3668,"hostname":"DESKTOP-KPAMGTB","module":"orders","symbol":"DOGEUSDT","qty":"1054.00000000","quoteQty":"100.86780000","msg":"⚠️ Venda d'emergència executada"}
{"level":40,"time":1773430129056,"pid":3668,"hostname":"DESKTOP-KPAMGTB","module":"orders","symbol":"SOLUSDT","qty":"0.328","quoteQty":"29.10672000","msg":"⚠️ Venda d'emergència executada"}
{"level":50,"time":1773430129310,"pid":3668,"hostname":"DESKTOP-KPAMGTB","module":"orders","symbol":"DOTUSDT","err":"Binance /order 400: {\"code\":-1013,\"msg\":\"Filter failure: LOT_SIZE\"}","msg":"cancel-all: error venent posició"}
{"level":50,"time":1773430129546,"pid":3668,"hostname":"DESKTOP-KPAMGTB","module":"orders","symbol":"UNIUSDT","err":"Binance /order 400: {\"code\":-1013,\"msg\":\"Filter failure: LOT_SIZE\"}","msg":"cancel-all: error venent posició"}
{"level":50,"time":1773430129794,"pid":3668,"hostname":"DESKTOP-KPAMGTB","module":"orders","symbol":"AVAXUSDT","err":"Binance /order 400: {\"code\":-1013,\"msg\":\"Filter failure: LOT_SIZE\"}","msg":"cancel-all: error venent posició"}
{"level":50,"time":1773430130024,"pid":3668,"hostname":"DESKTOP-KPAMGTB","module":"orders","symbol":"NEARUSDT","err":"Binance /order 400: {\"code\":-1013,\"msg\":\"Filter failure: NOTIONAL\"}","msg":"cancel-all: error venent posició"}
{"level":50,"time":1773430130277,"pid":3668,"hostname":"DESKTOP-KPAMGTB","module":"orders","symbol":"FILUSDT","err":"Binance /order 400: {\"code\":-1013,\"msg\":\"Filter failure: LOT_SIZE\"}","msg":"cancel-all: error venent posició"}
{"level":50,"time":1773430130502,"pid":3668,"hostname":"DESKTOP-KPAMGTB","module":"orders","symbol":"SHIBUSDT","err":"Binance /order 400: {\"code\":-1111,\"msg\":\"Parameter 'quantity' has too much precision.\"}","msg":"cancel-all: error venent posició"}
{"level":50,"time":1773430130750,"pid":3668,"hostname":"DESKTOP-KPAMGTB","module":"orders","symbol":"AEVOUSDT","err":"Binance /order 400: {\"code\":-1013,\"msg\":\"Filter failure: LOT_SIZE\"}","msg":"cancel-all: error venent posició"}
{"level":30,"time":1773430149677,"pid":3668,"hostname":"DESKTOP-KPAMGTB","module":"binance","assets":21,"msg":"balance"}
{"level":30,"time":1773430160454,"pid":3668,"hostname":"DESKTOP-KPAMGTB","module":"orders","symbol":"SHIBUSDT","qty":"16077170","fillPrice":0.00000594,"orderId":134032421,"msg":"market sell → USDT"}
{"level":30,"time":1773430162345,"pid":3668,"hostname":"DESKTOP-KPAMGTB","module":"binance","assets":21,"msg":"balance"}
{"level":30,"time":1773430165453,"pid":3668,"hostname":"DESKTOP-KPAMGTB","module":"orders","symbol":"BNBUSDT","qty":"0.145","fillPrice":656.6700000000001,"orderId":2044950145,"msg":"market sell → USDT"}
{"level":30,"time":1773430167255,"pid":3668,"hostname":"DESKTOP-KPAMGTB","module":"binance","assets":21,"msg":"balance"}
{"level":30,"time":1773430179201,"pid":3668,"hostname":"DESKTOP-KPAMGTB","module":"orders","symbol":"AVAXUSDT","qty":"1.67","fillPrice":9.75,"orderId":154749674,"msg":"market sell → USDT"}
{"level":30,"time":1773430181142,"pid":3668,"hostname":"DESKTOP-KPAMGTB","module":"binance","assets":21,"msg":"balance"}
{"level":30,"time":1773432001902,"pid":3668,"hostname":"DESKTOP-KPAMGTB","module":"telegram","msg":"informe horari enviat"}
{"level":50,"time":1773432438185,"pid":3668,"hostname":"DESKTOP-KPAMGTB","module":"api","source":"orders","code":"NETWORK","err":"fetch failed","msg":"error de ruta"}
{"level":30,"time":1773435601853,"pid":3668,"hostname":"DESKTOP-KPAMGTB","module":"telegram","msg":"informe horari enviat"}
{"level":30,"time":1773439202284,"pid":3668,"hostname":"DESKTOP-KPAMGTB","module":"telegram","msg":"informe horari enviat"}
{"level":30,"time":1773442801407,"pid":3668,"hostname":"DESKTOP-KPAMGTB","module":"telegram","msg":"informe horari enviat"}
{"level":30,"time":1773446399645,"pid":3668,"hostname":"DESKTOP-KPAMGTB","module":"telegram","msg":"informe horari enviat"}
{"level":30,"time":1773449999996,"pid":3668,"hostname":"DESKTOP-KPAMGTB","module":"telegram","msg":"informe horari enviat"}
{"level":30,"time":1773453599492,"pid":3668,"hostname":"DESKTOP-KPAMGTB","module":"telegram","msg":"informe horari enviat"}
{"level":30,"time":1773457199640,"pid":3668,"hostname":"DESKTOP-KPAMGTB","module":"telegram","msg":"informe horari enviat"}
{"level":30,"time":1773460800602,"pid":3668,"hostname":"DESKTOP-KPAMGTB","module":"telegram","msg":"informe horari enviat"}
{"level":30,"time":1773464401006,"pid":3668,"hostname":"DESKTOP-KPAMGTB","module":"telegram","msg":"informe horari enviat"}
{"level":30,"time":1773467999891,"pid":3668,"hostname":"DESKTOP-KPAMGTB","module":"telegram","msg":"informe horari enviat"}
{"level":30,"time":1773469799915,"pid":3668,"hostname":"DESKTOP-KPAMGTB","module":"telegram","msg":"informe diari enviat"}
{"level":30,"time":1773469849094,"pid":3668,"hostname":"DESKTOP-KPAMGTB","module":"binance","assets":21,"msg":"balance"}
{"level":30,"time":1773469849140,"pid":3668,"hostname":"DESKTOP-KPAMGTB","module":"binance","assets":21,"msg":"balance"}
{"level":30,"time":1773469874183,"pid":3668,"hostname":"DESKTOP-KPAMGTB","module":"binance","assets":21,"msg":"balance"}
{"level":30,"time":1773471600275,"pid":3668,"hostname":"DESKTOP-KPAMGTB","module":"telegram","msg":"informe horari enviat"}
{"level":30,"time":1773472042493,"pid":3668,"hostname":"DESKTOP-KPAMGTB","module":"binance","assets":21,"msg":"balance"}
{"level":30,"time":1773472087931,"pid":3668,"hostname":"DESKTOP-KPAMGTB","module":"binance","symbol":"XRPUSDT","interval":"1h","verdict":"WAIT","score":53,"price":1.3933,"msg":"scanner"}
{"level":30,"time":1773472087962,"pid":3668,"hostname":"DESKTOP-KPAMGTB","module":"binance","symbol":"SOLUSDT","interval":"1h","verdict":"WAIT","score":53,"price":87.32,"msg":"scanner"}
{"level":30,"time":1773472088034,"pid":3668,"hostname":"DESKTOP-KPAMGTB","module":"binance","symbol":"BNBUSDT","interval":"1h","verdict":"WAIT","score":53,"price":653.54,"msg":"scanner"}
{"level":30,"time":1773472088094,"pid":3668,"hostname":"DESKTOP-KPAMGTB","module":"binance","symbol":"BTCUSDT","interval":"1h","verdict":"WAIT","score":53,"price":70625.09,"msg":"scanner"}
{"level":30,"time":1773472088164,"pid":3668,"hostname":"DESKTOP-KPAMGTB","module":"binance","symbol":"ETHUSDT","interval":"1h","verdict":"WAIT","score":47,"price":2077.23,"msg":"scanner"}
{"level":30,"time":1773472088253,"pid":3668,"hostname":"DESKTOP-KPAMGTB","module":"binance","symbol":"BNBUSDT","interval":"1h","verdict":"WAIT","score":53,"price":653.54,"msg":"scanner"}
{"level":30,"time":1773472088270,"pid":3668,"hostname":"DESKTOP-KPAMGTB","module":"binance","symbol":"ETHUSDT","interval":"1h","verdict":"WAIT","score":47,"price":2077.23,"msg":"scanner"}
{"level":30,"time":1773472088297,"pid":3668,"hostname":"DESKTOP-KPAMGTB","module":"binance","symbol":"BTCUSDT","interval":"5m","verdict":"WAIT","score":44,"price":70630.77,"msg":"scanner"}
{"level":30,"time":1773472088314,"pid":3668,"hostname":"DESKTOP-KPAMGTB","module":"binance","symbol":"XRPUSDT","interval":"1h","verdict":"WAIT","score":53,"price":1.3933,"msg":"scanner"}
{"level":30,"time":1773472088333,"pid":3668,"hostname":"DESKTOP-KPAMGTB","module":"binance","symbol":"SOLUSDT","interval":"1h","verdict":"WAIT","score":53,"price":87.32,"msg":"scanner"}
{"level":30,"time":1773472088670,"pid":3668,"hostname":"DESKTOP-KPAMGTB","module":"binance","symbol":"BTCUSDT","interval":"4h","verdict":"WAIT","score":53,"price":70630.77,"msg":"scanner"}
{"level":30,"time":1773472387763,"pid":3668,"hostname":"DESKTOP-KPAMGTB","module":"binance","assets":21,"msg":"balance"}
{"level":30,"time":1773475200826,"pid":3668,"hostname":"DESKTOP-KPAMGTB","module":"telegram","msg":"informe horari enviat"}
{"level":30,"time":1773475515275,"pid":3668,"hostname":"DESKTOP-KPAMGTB","module":"binance","assets":21,"msg":"balance"}
{"level":30,"time":1773476835618,"pid":3668,"hostname":"DESKTOP-KPAMGTB","module":"binance","assets":21,"msg":"balance"}
{"level":30,"time":1773476836570,"pid":3668,"hostname":"DESKTOP-KPAMGTB","module":"binance","assets":21,"msg":"balance"}
{"level":30,"time":1773476883266,"pid":3668,"hostname":"DESKTOP-KPAMGTB","module":"binance","assets":21,"msg":"balance"}
{"level":30,"time":1773476883915,"pid":3668,"hostname":"DESKTOP-KPAMGTB","module":"binance","assets":21,"msg":"balance"}
{"level":30,"time":1773477238995,"pid":3668,"hostname":"DESKTOP-KPAMGTB","module":"binance","assets":21,"msg":"balance"}
{"level":30,"time":1773477239652,"pid":3668,"hostname":"DESKTOP-KPAMGTB","module":"binance","assets":21,"msg":"balance"}
{"level":30,"time":1773477512326,"pid":3668,"hostname":"DESKTOP-KPAMGTB","module":"binance","assets":21,"msg":"balance"}
{"level":30,"time":1773477512877,"pid":3668,"hostname":"DESKTOP-KPAMGTB","module":"binance","assets":21,"msg":"balance"}
{"level":30,"time":1773478800659,"pid":3668,"hostname":"DESKTOP-KPAMGTB","module":"telegram","msg":"informe horari enviat"}
{"level":30,"time":1773482399849,"pid":3668,"hostname":"DESKTOP-KPAMGTB","module":"telegram","msg":"informe horari enviat"}
{"level":30,"time":1773485999102,"pid":3668,"hostname":"DESKTOP-KPAMGTB","module":"telegram","msg":"informe horari enviat"}
{"level":30,"time":1773488600264,"pid":3668,"hostname":"DESKTOP-KPAMGTB","module":"binance","assets":21,"msg":"balance"}
{"level":30,"time":1773488602266,"pid":3668,"hostname":"DESKTOP-KPAMGTB","module":"binance","assets":21,"msg":"balance"}
{"level":30,"time":1773489600151,"pid":3668,"hostname":"DESKTOP-KPAMGTB","module":"telegram","msg":"informe horari enviat"}
{"level":30,"time":1773490966938,"pid":3668,"hostname":"DESKTOP-KPAMGTB","module":"binance","assets":21,"msg":"balance"}
{"level":30,"time":1773490967297,"pid":3668,"hostname":"DESKTOP-KPAMGTB","module":"binance","assets":21,"msg":"balance"}
{"level":30,"time":1773491065060,"pid":3668,"hostname":"DESKTOP-KPAMGTB","module":"binance","assets":21,"msg":"balance"}
{"level":30,"time":1773492280439,"pid":3668,"hostname":"DESKTOP-KPAMGTB","module":"binance","assets":21,"msg":"balance"}
{"level":30,"time":1773492303239,"pid":3668,"hostname":"DESKTOP-KPAMGTB","module":"binance","assets":21,"msg":"balance"}
{"level":30,"time":1773492303255,"pid":3668,"hostname":"DESKTOP-KPAMGTB","module":"binance","assets":21,"msg":"balance"}
{"level":30,"time":1773492627264,"pid":3668,"hostname":"DESKTOP-KPAMGTB","module":"binance","assets":21,"msg":"balance"}
{"level":30,"time":1773492628529,"pid":3668,"hostname":"DESKTOP-KPAMGTB","module":"binance","assets":21,"msg":"balance"}
{"level":30,"time":1773493199941,"pid":3668,"hostname":"DESKTOP-KPAMGTB","module":"telegram","msg":"informe horari enviat"}
{"level":30,"time":1773493207167,"pid":3668,"hostname":"DESKTOP-KPAMGTB","module":"binance","assets":21,"msg":"balance"}
{"level":30,"time":1773493207214,"pid":3668,"hostname":"DESKTOP-KPAMGTB","module":"binance","assets":21,"msg":"balance"}
{"level":30,"time":1773494628386,"pid":3668,"hostname":"DESKTOP-KPAMGTB","module":"binance","assets":21,"msg":"balance"}
{"level":30,"time":1773496800006,"pid":3668,"hostname":"DESKTOP-KPAMGTB","module":"telegram","msg":"informe horari enviat"}
{"level":30,"time":1773500399724,"pid":3668,"hostname":"DESKTOP-KPAMGTB","module":"telegram","msg":"informe horari enviat"}
{"level":30,"time":1773504000257,"pid":3668,"hostname":"DESKTOP-KPAMGTB","module":"telegram","msg":"informe horari enviat"}
{"level":30,"time":1773505710445,"pid":3668,"hostname":"DESKTOP-KPAMGTB","module":"binance","assets":21,"msg":"balance"}
{"level":30,"time":1773506411366,"pid":3668,"hostname":"DESKTOP-KPAMGTB","module":"binance","assets":21,"msg":"balance"}
{"level":30,"time":1773506412179,"pid":3668,"hostname":"DESKTOP-KPAMGTB","module":"binance","assets":21,"msg":"balance"}
{"level":30,"time":1773506495776,"pid":3668,"hostname":"DESKTOP-KPAMGTB","module":"binance","count":50,"msg":"order history"}
{"level":30,"time":1773506495797,"pid":3668,"hostname":"DESKTOP-KPAMGTB","module":"binance","count":70,"msg":"trades"}
{"level":30,"time":1773506496103,"pid":3668,"hostname":"DESKTOP-KPAMGTB","module":"binance","count":70,"msg":"trades"}
{"level":30,"time":1773506574850,"pid":3668,"hostname":"DESKTOP-KPAMGTB","module":"binance","assets":21,"msg":"balance"}
{"level":30,"time":1773506647537,"pid":3668,"hostname":"DESKTOP-KPAMGTB","module":"binance","assets":21,"msg":"balance"}
{"level":30,"time":1773506647585,"pid":3668,"hostname":"DESKTOP-KPAMGTB","module":"binance","assets":21,"msg":"balance"}
{"level":30,"time":1773506689254,"pid":3668,"hostname":"DESKTOP-KPAMGTB","module":"binance","assets":21,"msg":"balance"}
{"level":30,"time":1773506690107,"pid":3668,"hostname":"DESKTOP-KPAMGTB","module":"binance","assets":21,"msg":"balance"}
{"level":30,"time":1773506700930,"pid":3668,"hostname":"DESKTOP-KPAMGTB","module":"binance","count":70,"msg":"trades"}
{"level":30,"time":1773506701225,"pid":3668,"hostname":"DESKTOP-KPAMGTB","module":"binance","count":70,"msg":"trades"}
{"level":30,"time":1773506707011,"pid":3668,"hostname":"DESKTOP-KPAMGTB","module":"binance","symbol":"BNBUSDT","interval":"1h","verdict":"WAIT","score":47,"price":653.86,"msg":"scanner"}
{"level":30,"time":1773506707057,"pid":3668,"hostname":"DESKTOP-KPAMGTB","module":"binance","symbol":"ETHUSDT","interval":"1h","verdict":"WAIT","score":47,"price":2075.87,"msg":"scanner"}
{"level":30,"time":1773506707067,"pid":3668,"hostname":"DESKTOP-KPAMGTB","module":"binance","symbol":"SOLUSDT","interval":"1h","verdict":"WAIT","score":44,"price":86.98,"msg":"scanner"}
{"level":30,"time":1773506707081,"pid":3668,"hostname":"DESKTOP-KPAMGTB","module":"binance","symbol":"BTCUSDT","interval":"5m","verdict":"WAIT","score":38,"price":70647.5,"msg":"scanner"}
{"level":30,"time":1773506707112,"pid":3668,"hostname":"DESKTOP-KPAMGTB","module":"binance","symbol":"XRPUSDT","interval":"1h","verdict":"WAIT","score":44,"price":1.3914,"msg":"scanner"}
{"level":30,"time":1773506707291,"pid":3668,"hostname":"DESKTOP-KPAMGTB","module":"binance","symbol":"BTCUSDT","interval":"4h","verdict":"WAIT","score":50,"price":70647.5,"msg":"scanner"}
{"level":30,"time":1773506707381,"pid":3668,"hostname":"DESKTOP-KPAMGTB","module":"binance","symbol":"BTCUSDT","interval":"1h","verdict":"WAIT","score":44,"price":70647.5,"msg":"scanner"}
{"level":30,"time":1773506761925,"pid":3668,"hostname":"DESKTOP-KPAMGTB","module":"binance","assets":21,"msg":"balance"}
{"level":30,"time":1773506762676,"pid":3668,"hostname":"DESKTOP-KPAMGTB","module":"binance","assets":21,"msg":"balance"}
{"level":30,"time":1773507601549,"pid":3668,"hostname":"DESKTOP-KPAMGTB","module":"telegram","msg":"informe horari enviat"}
{"level":30,"time":1773510115876,"pid":3668,"hostname":"DESKTOP-KPAMGTB","module":"binance","assets":21,"msg":"balance"}
{"level":30,"time":1773510115888,"pid":3668,"hostname":"DESKTOP-KPAMGTB","module":"binance","assets":21,"msg":"balance"}
{"level":30,"time":1773511199819,"pid":3668,"hostname":"DESKTOP-KPAMGTB","module":"telegram","msg":"informe horari enviat"}
{"level":30,"time":1773514800281,"pid":3668,"hostname":"DESKTOP-KPAMGTB","module":"telegram","msg":"informe horari enviat"}
{"level":30,"time":1773516149900,"pid":3668,"hostname":"DESKTOP-KPAMGTB","module":"binance","assets":21,"msg":"balance"}
{"level":30,"time":1773516162662,"pid":3668,"hostname":"DESKTOP-KPAMGTB","module":"binance","symbol":"BTCUSDT","interval":"1h","verdict":"WAIT","score":53,"price":70671.87,"msg":"scanner"}
{"level":30,"time":1773516162935,"pid":3668,"hostname":"DESKTOP-KPAMGTB","module":"binance","assets":21,"msg":"balance"}
{"level":30,"time":1773516163194,"pid":3668,"hostname":"DESKTOP-KPAMGTB","module":"binance","assets":21,"msg":"balance"}
{"level":30,"time":1773518399636,"pid":3668,"hostname":"DESKTOP-KPAMGTB","module":"telegram","msg":"informe horari enviat"}
{"level":30,"time":1773521999693,"pid":3668,"hostname":"DESKTOP-KPAMGTB","module":"telegram","msg":"informe horari enviat"}
{"level":30,"time":1773525600341,"pid":3668,"hostname":"DESKTOP-KPAMGTB","module":"telegram","msg":"informe horari enviat"}
{"level":30,"time":1773526005012,"pid":3668,"hostname":"DESKTOP-KPAMGTB","module":"binance","assets":21,"msg":"balance"}
{"level":30,"time":1773526005664,"pid":3668,"hostname":"DESKTOP-KPAMGTB","module":"binance","assets":21,"msg":"balance"}
{"level":30,"time":1773526059685,"pid":3668,"hostname":"DESKTOP-KPAMGTB","module":"binance","symbol":"BTCUSDT","interval":"1h","verdict":"WAIT","score":59,"price":70787.61,"msg":"scanner"}
{"level":30,"time":1773526059722,"pid":3668,"hostname":"DESKTOP-KPAMGTB","module":"binance","symbol":"BTCUSDT","interval":"4h","verdict":"WAIT","score":63,"price":70787.61,"msg":"scanner"}
{"level":30,"time":1773526059749,"pid":3668,"hostname":"DESKTOP-KPAMGTB","module":"binance","symbol":"BTCUSDT","interval":"5m","verdict":"WAIT","score":63,"price":70787.61,"msg":"scanner"}
{"level":30,"time":1773526059787,"pid":3668,"hostname":"DESKTOP-KPAMGTB","module":"binance","symbol":"ETHUSDT","interval":"5m","verdict":"WAIT","score":59,"price":2086.59,"msg":"scanner"}
{"level":30,"time":1773526060253,"pid":3668,"hostname":"DESKTOP-KPAMGTB","module":"binance","symbol":"ETHUSDT","interval":"1h","verdict":"WAIT","score":59,"price":2086.59,"msg":"scanner"}
{"level":30,"time":1773526060320,"pid":3668,"hostname":"DESKTOP-KPAMGTB","module":"binance","symbol":"ETHUSDT","interval":"4h","verdict":"WAIT","score":63,"price":2086.59,"msg":"scanner"}
{"level":30,"time":1773526060425,"pid":3668,"hostname":"DESKTOP-KPAMGTB","module":"binance","symbol":"BNBUSDT","interval":"5m","verdict":"WAIT","score":63,"price":654.95,"msg":"scanner"}
{"level":30,"time":1773526060541,"pid":3668,"hostname":"DESKTOP-KPAMGTB","module":"binance","symbol":"BNBUSDT","interval":"1h","verdict":"WAIT","score":59,"price":654.95,"msg":"scanner"}
{"level":30,"time":1773526061015,"pid":3668,"hostname":"DESKTOP-KPAMGTB","module":"binance","symbol":"BNBUSDT","interval":"4h","verdict":"WAIT","score":59,"price":654.95,"msg":"scanner"}
{"level":30,"time":1773526061084,"pid":3668,"hostname":"DESKTOP-KPAMGTB","module":"binance","symbol":"SOLUSDT","interval":"5m","verdict":"BUY","score":66,"price":87.43,"msg":"scanner"}
{"level":30,"time":1773526061141,"pid":3668,"hostname":"DESKTOP-KPAMGTB","module":"binance","symbol":"SOLUSDT","interval":"1h","verdict":"WAIT","score":63,"price":87.43,"msg":"scanner"}
{"level":30,"time":1773526061202,"pid":3668,"hostname":"DESKTOP-KPAMGTB","module":"binance","symbol":"SOLUSDT","interval":"4h","verdict":"WAIT","score":56,"price":87.43,"msg":"scanner"}
{"level":30,"time":1773526061396,"pid":3668,"hostname":"DESKTOP-KPAMGTB","module":"binance","symbol":"XRPUSDT","interval":"5m","verdict":"WAIT","score":59,"price":1.3956,"msg":"scanner"}
{"level":30,"time":1773526061621,"pid":3668,"hostname":"DESKTOP-KPAMGTB","module":"binance","symbol":"XRPUSDT","interval":"1h","verdict":"WAIT","score":59,"price":1.3956,"msg":"scanner"}
{"level":30,"time":1773526061655,"pid":3668,"hostname":"DESKTOP-KPAMGTB","module":"binance","symbol":"XRPUSDT","interval":"4h","verdict":"WAIT","score":56,"price":1.3956,"msg":"scanner"}
{"level":30,"time":1773526061806,"pid":3668,"hostname":"DESKTOP-KPAMGTB","module":"binance","symbol":"DOGEUSDT","interval":"5m","verdict":"WAIT","score":53,"price":0.09508,"msg":"scanner"}
{"level":30,"time":1773526061984,"pid":3668,"hostname":"DESKTOP-KPAMGTB","module":"binance","symbol":"DOGEUSDT","interval":"1h","verdict":"WAIT","score":63,"price":0.09508,"msg":"scanner"}
{"level":30,"time":1773526062040,"pid":3668,"hostname":"DESKTOP-KPAMGTB","module":"binance","symbol":"DOGEUSDT","interval":"4h","verdict":"WAIT","score":44,"price":0.09508,"msg":"scanner"}
{"level":30,"time":1773526062277,"pid":3668,"hostname":"DESKTOP-KPAMGTB","module":"binance","symbol":"ADAUSDT","interval":"5m","verdict":"WAIT","score":44,"price":0.2603,"msg":"scanner"}
{"level":30,"time":1773526062327,"pid":3668,"hostname":"DESKTOP-KPAMGTB","module":"binance","symbol":"ADAUSDT","interval":"1h","verdict":"WAIT","score":50,"price":0.2603,"msg":"scanner"}
{"level":30,"time":1773526062491,"pid":3668,"hostname":"DESKTOP-KPAMGTB","module":"binance","symbol":"ADAUSDT","interval":"4h","verdict":"WAIT","score":44,"price":0.2603,"msg":"scanner"}
{"level":30,"time":1773526062580,"pid":3668,"hostname":"DESKTOP-KPAMGTB","module":"binance","symbol":"AVAXUSDT","interval":"5m","verdict":"WAIT","score":63,"price":9.62,"msg":"scanner"}
{"level":30,"time":1773526062692,"pid":3668,"hostname":"DESKTOP-KPAMGTB","module":"binance","symbol":"AVAXUSDT","interval":"1h","verdict":"WAIT","score":56,"price":9.62,"msg":"scanner"}
{"level":30,"time":1773526062749,"pid":3668,"hostname":"DESKTOP-KPAMGTB","module":"binance","symbol":"AVAXUSDT","interval":"4h","verdict":"WAIT","score":63,"price":9.62,"msg":"scanner"}
{"level":30,"time":1773526062951,"pid":3668,"hostname":"DESKTOP-KPAMGTB","module":"binance","symbol":"TRXUSDT","interval":"5m","verdict":"WAIT","score":56,"price":0.2975,"msg":"scanner"}
{"level":30,"time":1773526063084,"pid":3668,"hostname":"DESKTOP-KPAMGTB","module":"binance","symbol":"TRXUSDT","interval":"1h","verdict":"WAIT","score":63,"price":0.2975,"msg":"scanner"}
{"level":30,"time":1773526063186,"pid":3668,"hostname":"DESKTOP-KPAMGTB","module":"binance","symbol":"TRXUSDT","interval":"4h","verdict":"WAIT","score":53,"price":0.2975,"msg":"scanner"}
{"level":30,"time":1773526063201,"pid":3668,"hostname":"DESKTOP-KPAMGTB","module":"binance","symbol":"DOTUSDT","interval":"5m","verdict":"WAIT","score":47,"price":1.413,"msg":"scanner"}
{"level":30,"time":1773526063347,"pid":3668,"hostname":"DESKTOP-KPAMGTB","module":"binance","symbol":"DOTUSDT","interval":"1h","verdict":"WAIT","score":50,"price":1.413,"msg":"scanner"}
{"level":30,"time":1773526063442,"pid":3668,"hostname":"DESKTOP-KPAMGTB","module":"binance","symbol":"DOTUSDT","interval":"4h","verdict":"WAIT","score":44,"price":1.413,"msg":"scanner"}
{"level":30,"time":1773526063644,"pid":3668,"hostname":"DESKTOP-KPAMGTB","module":"binance","symbol":"LINKUSDT","interval":"5m","verdict":"WAIT","score":53,"price":9.09,"msg":"scanner"}
{"level":30,"time":1773526063776,"pid":3668,"hostname":"DESKTOP-KPAMGTB","module":"binance","symbol":"LINKUSDT","interval":"1h","verdict":"WAIT","score":56,"price":9.09,"msg":"scanner"}
{"level":30,"time":1773526063915,"pid":3668,"hostname":"DESKTOP-KPAMGTB","module":"binance","symbol":"LINKUSDT","interval":"4h","verdict":"BUY","score":72,"price":9.09,"msg":"scanner"}
{"level":30,"time":1773526063949,"pid":3668,"hostname":"DESKTOP-KPAMGTB","module":"binance","symbol":"MATICUSDT","interval":"5m","verdict":"WAIT","score":59,"price":0.3794,"msg":"scanner"}
{"level":30,"time":1773526064059,"pid":3668,"hostname":"DESKTOP-KPAMGTB","module":"binance","symbol":"MATICUSDT","interval":"1h","verdict":"WAIT","score":47,"price":0.3794,"msg":"scanner"}
{"level":30,"time":1773526064258,"pid":3668,"hostname":"DESKTOP-KPAMGTB","module":"binance","symbol":"MATICUSDT","interval":"4h","verdict":"WAIT","score":41,"price":0.3794,"msg":"scanner"}
{"level":30,"time":1773526064329,"pid":3668,"hostname":"DESKTOP-KPAMGTB","module":"binance","symbol":"LTCUSDT","interval":"5m","verdict":"WAIT","score":44,"price":54.69,"msg":"scanner"}
{"level":30,"time":1773526064501,"pid":3668,"hostname":"DESKTOP-KPAMGTB","module":"binance","symbol":"LTCUSDT","interval":"1h","verdict":"WAIT","score":53,"price":54.69,"msg":"scanner"}
{"level":30,"time":1773526064715,"pid":3668,"hostname":"DESKTOP-KPAMGTB","module":"binance","symbol":"LTCUSDT","interval":"4h","verdict":"WAIT","score":50,"price":54.69,"msg":"scanner"}
{"level":30,"time":1773526064839,"pid":3668,"hostname":"DESKTOP-KPAMGTB","module":"binance","symbol":"SHIBUSDT","interval":"5m","verdict":"AVOID","score":34,"price":0.00000584,"msg":"scanner"}
{"level":30,"time":1773526064894,"pid":3668,"hostname":"DESKTOP-KPAMGTB","module":"binance","symbol":"SHIBUSDT","interval":"1h","verdict":"WAIT","score":47,"price":0.00000584,"msg":"scanner"}
{"level":30,"time":1773526065048,"pid":3668,"hostname":"DESKTOP-KPAMGTB","module":"binance","symbol":"SHIBUSDT","interval":"4h","verdict":"WAIT","score":50,"price":0.00000584,"msg":"scanner"}
{"level":30,"time":1773526065117,"pid":3668,"hostname":"DESKTOP-KPAMGTB","module":"binance","symbol":"UNIUSDT","interval":"5m","verdict":"BUY","score":66,"price":3.925,"msg":"scanner"}
{"level":30,"time":1773526065250,"pid":3668,"hostname":"DESKTOP-KPAMGTB","module":"binance","symbol":"UNIUSDT","interval":"1h","verdict":"WAIT","score":59,"price":3.925,"msg":"scanner"}
{"level":30,"time":1773526065387,"pid":3668,"hostname":"DESKTOP-KPAMGTB","module":"binance","symbol":"UNIUSDT","interval":"4h","verdict":"WAIT","score":53,"price":3.925,"msg":"scanner"}
{"level":30,"time":1773526065665,"pid":3668,"hostname":"DESKTOP-KPAMGTB","module":"binance","symbol":"ATOMUSDT","interval":"5m","verdict":"BUY","score":66,"price":1.871,"msg":"scanner"}
{"level":30,"time":1773526065863,"pid":3668,"hostname":"DESKTOP-KPAMGTB","module":"binance","symbol":"ATOMUSDT","interval":"1h","verdict":"WAIT","score":56,"price":1.87,"msg":"scanner"}
{"level":30,"time":1773526065994,"pid":3668,"hostname":"DESKTOP-KPAMGTB","module":"binance","symbol":"ATOMUSDT","interval":"4h","verdict":"WAIT","score":63,"price":1.87,"msg":"scanner"}
{"level":30,"time":1773526066107,"pid":3668,"hostname":"DESKTOP-KPAMGTB","module":"binance","symbol":"ETCUSDT","interval":"5m","verdict":"WAIT","score":50,"price":8.22,"msg":"scanner"}
{"level":30,"time":1773526066182,"pid":3668,"hostname":"DESKTOP-KPAMGTB","module":"binance","symbol":"ETCUSDT","interval":"1h","verdict":"WAIT","score":50,"price":8.22,"msg":"scanner"}
{"level":30,"time":1773526066448,"pid":3668,"hostname":"DESKTOP-KPAMGTB","module":"binance","symbol":"ETCUSDT","interval":"4h","verdict":"WAIT","score":38,"price":8.22,"msg":"scanner"}
{"level":30,"time":1773526066472,"pid":3668,"hostname":"DESKTOP-KPAMGTB","module":"binance","symbol":"XLMUSDT","interval":"5m","verdict":"WAIT","score":53,"price":0.1646,"msg":"scanner"}
{"level":30,"time":1773526066698,"pid":3668,"hostname":"DESKTOP-KPAMGTB","module":"binance","symbol":"XLMUSDT","interval":"1h","verdict":"BUY","score":78,"price":0.1646,"msg":"scanner"}
{"level":30,"time":1773526066772,"pid":3668,"hostname":"DESKTOP-KPAMGTB","module":"binance","symbol":"XLMUSDT","interval":"4h","verdict":"WAIT","score":53,"price":0.1646,"msg":"scanner"}
{"level":30,"time":1773526066855,"pid":3668,"hostname":"DESKTOP-KPAMGTB","module":"binance","symbol":"APTUSDT","interval":"5m","verdict":"WAIT","score":50,"price":0.914,"msg":"scanner"}
{"level":30,"time":1773526066913,"pid":3668,"hostname":"DESKTOP-KPAMGTB","module":"binance","symbol":"APTUSDT","interval":"1h","verdict":"WAIT","score":53,"price":0.914,"msg":"scanner"}
{"level":30,"time":1773526067118,"pid":3668,"hostname":"DESKTOP-KPAMGTB","module":"binance","symbol":"APTUSDT","interval":"4h","verdict":"WAIT","score":44,"price":0.914,"msg":"scanner"}
{"level":30,"time":1773526067517,"pid":3668,"hostname":"DESKTOP-KPAMGTB","module":"binance","symbol":"NEARUSDT","interval":"1h","verdict":"WAIT","score":53,"price":1.31,"msg":"scanner"}
{"level":30,"time":1773526067563,"pid":3668,"hostname":"DESKTOP-KPAMGTB","module":"binance","symbol":"NEARUSDT","interval":"5m","verdict":"WAIT","score":56,"price":1.31,"msg":"scanner"}
{"level":30,"time":1773526067606,"pid":3668,"hostname":"DESKTOP-KPAMGTB","module":"binance","symbol":"NEARUSDT","interval":"4h","verdict":"WAIT","score":59,"price":1.31,"msg":"scanner"}
{"level":30,"time":1773526069038,"pid":3668,"hostname":"DESKTOP-KPAMGTB","module":"orders","symbol":"LINKUSDT","side":"SELL","fillPrice":9.09,"quantity":"8","commissionInBase":0,"tpPrice":"9.34","slStopPrice":"8.92","buyOrderId":170511093,"ocoOrderListId":2079762,"msg":"compra de mercat + OCO"}
{"level":30,"time":1773526074344,"pid":3668,"hostname":"DESKTOP-KPAMGTB","module":"trailing-engine","symbol":"LINKUSDT","price":9.09,"activateAt":9.09,"msg":"trailing activat"}
{"level":30,"time":1773526375861,"pid":3668,"hostname":"DESKTOP-KPAMGTB","module":"trailing-engine","symbol":"LINKUSDT","mode":"ATR","oldSl":8.924551410481646,"newSl":"8.93","peak":9.1,"msg":"SL pujat"}
{"level":30,"time":1773526633429,"pid":3668,"hostname":"DESKTOP-KPAMGTB","module":"binance","assets":21,"msg":"balance"}
{"level":30,"time":1773526881468,"pid":3668,"hostname":"DESKTOP-KPAMGTB","module":"binance","symbol":"BTCUSDT","interval":"1h","verdict":"WAIT","score":47,"price":70725.16,"msg":"scanner"}
{"level":30,"time":1773526881516,"pid":3668,"hostname":"DESKTOP-KPAMGTB","module":"binance","symbol":"BTCUSDT","interval":"5m","verdict":"WAIT","score":38,"price":70725.16,"msg":"scanner"}
{"level":30,"time":1773526881536,"pid":3668,"hostname":"DESKTOP-KPAMGTB","module":"binance","symbol":"ETHUSDT","interval":"5m","verdict":"WAIT","score":59,"price":2086.2,"msg":"scanner"}
{"level":30,"time":1773526881645,"pid":3668,"hostname":"DESKTOP-KPAMGTB","module":"binance","symbol":"BTCUSDT","interval":"4h","verdict":"WAIT","score":50,"price":70725.16,"msg":"scanner"}
{"level":30,"time":1773526882275,"pid":3668,"hostname":"DESKTOP-KPAMGTB","module":"binance","symbol":"ETHUSDT","interval":"1h","verdict":"WAIT","score":59,"price":2086.2,"msg":"scanner"}
{"level":30,"time":1773526882330,"pid":3668,"hostname":"DESKTOP-KPAMGTB","module":"binance","symbol":"ETHUSDT","interval":"4h","verdict":"WAIT","score":63,"price":2086.2,"msg":"scanner"}
{"level":30,"time":1773526882383,"pid":3668,"hostname":"DESKTOP-KPAMGTB","module":"binance","symbol":"BNBUSDT","interval":"1h","verdict":"WAIT","score":59,"price":654.54,"msg":"scanner"}
{"level":30,"time":1773526882404,"pid":3668,"hostname":"DESKTOP-KPAMGTB","module":"binance","symbol":"BNBUSDT","interval":"5m","verdict":"WAIT","score":59,"price":654.54,"msg":"scanner"}
{"level":30,"time":1773526882778,"pid":3668,"hostname":"DESKTOP-KPAMGTB","module":"binance","symbol":"BNBUSDT","interval":"4h","verdict":"WAIT","score":63,"price":654.54,"msg":"scanner"}
{"level":30,"time":1773526882896,"pid":3668,"hostname":"DESKTOP-KPAMGTB","module":"binance","symbol":"SOLUSDT","interval":"5m","verdict":"WAIT","score":56,"price":87.32,"msg":"scanner"}
{"level":30,"time":1773526882927,"pid":3668,"hostname":"DESKTOP-KPAMGTB","module":"binance","symbol":"SOLUSDT","interval":"1h","verdict":"WAIT","score":63,"price":87.32,"msg":"scanner"}
{"level":30,"time":1773526882953,"pid":3668,"hostname":"DESKTOP-KPAMGTB","module":"binance","symbol":"SOLUSDT","interval":"4h","verdict":"WAIT","score":56,"price":87.32,"msg":"scanner"}
{"level":30,"time":1773526883152,"pid":3668,"hostname":"DESKTOP-KPAMGTB","module":"binance","symbol":"XRPUSDT","interval":"5m","verdict":"WAIT","score":63,"price":1.3953,"msg":"scanner"}
{"level":30,"time":1773526883374,"pid":3668,"hostname":"DESKTOP-KPAMGTB","module":"binance","symbol":"XRPUSDT","interval":"1h","verdict":"WAIT","score":59,"price":1.3953,"msg":"scanner"}
{"level":30,"time":1773526883430,"pid":3668,"hostname":"DESKTOP-KPAMGTB","module":"binance","symbol":"XRPUSDT","interval":"4h","verdict":"WAIT","score":56,"price":1.3953,"msg":"scanner"}
{"level":30,"time":1773526883464,"pid":3668,"hostname":"DESKTOP-KPAMGTB","module":"binance","symbol":"DOGEUSDT","interval":"5m","verdict":"WAIT","score":59,"price":0.09499,"msg":"scanner"}
{"level":30,"time":1773526883705,"pid":3668,"hostname":"DESKTOP-KPAMGTB","module":"binance","symbol":"DOGEUSDT","interval":"1h","verdict":"WAIT","score":63,"price":0.09499,"msg":"scanner"}
{"level":30,"time":1773526883948,"pid":3668,"hostname":"DESKTOP-KPAMGTB","module":"binance","symbol":"DOGEUSDT","interval":"4h","verdict":"WAIT","score":44,"price":0.09499,"msg":"scanner"}
{"level":30,"time":1773526884137,"pid":3668,"hostname":"DESKTOP-KPAMGTB","module":"binance","symbol":"ADAUSDT","interval":"1h","verdict":"WAIT","score":50,"price":0.2603,"msg":"scanner"}
{"level":30,"time":1773526884155,"pid":3668,"hostname":"DESKTOP-KPAMGTB","module":"binance","symbol":"ADAUSDT","interval":"5m","verdict":"WAIT","score":53,"price":0.2603,"msg":"scanner"}
{"level":30,"time":1773526884168,"pid":3668,"hostname":"DESKTOP-KPAMGTB","module":"binance","symbol":"ADAUSDT","interval":"4h","verdict":"WAIT","score":44,"price":0.2603,"msg":"scanner"}
{"level":30,"time":1773526884504,"pid":3668,"hostname":"DESKTOP-KPAMGTB","module":"binance","symbol":"AVAXUSDT","interval":"5m","verdict":"WAIT","score":59,"price":9.61,"msg":"scanner"}
{"level":30,"time":1773526884581,"pid":3668,"hostname":"DESKTOP-KPAMGTB","module":"binance","symbol":"AVAXUSDT","interval":"1h","verdict":"WAIT","score":59,"price":9.61,"msg":"scanner"}
{"level":30,"time":1773526884701,"pid":3668,"hostname":"DESKTOP-KPAMGTB","module":"binance","symbol":"AVAXUSDT","interval":"4h","verdict":"WAIT","score":63,"price":9.61,"msg":"scanner"}
{"level":30,"time":1773526884766,"pid":3668,"hostname":"DESKTOP-KPAMGTB","module":"binance","symbol":"TRXUSDT","interval":"5m","verdict":"WAIT","score":53,"price":0.2976,"msg":"scanner"}
{"level":30,"time":1773526884953,"pid":3668,"hostname":"DESKTOP-KPAMGTB","module":"binance","symbol":"TRXUSDT","interval":"1h","verdict":"WAIT","score":63,"price":0.2976,"msg":"scanner"}
{"level":30,"time":1773526885073,"pid":3668,"hostname":"DESKTOP-KPAMGTB","module":"binance","symbol":"TRXUSDT","interval":"4h","verdict":"WAIT","score":53,"price":0.2976,"msg":"scanner"}
{"level":30,"time":1773526885135,"pid":3668,"hostname":"DESKTOP-KPAMGTB","module":"binance","symbol":"DOTUSDT","interval":"5m","verdict":"WAIT","score":38,"price":1.41,"msg":"scanner"}
{"level":30,"time":1773526885240,"pid":3668,"hostname":"DESKTOP-KPAMGTB","module":"binance","symbol":"DOTUSDT","interval":"1h","verdict":"WAIT","score":44,"price":1.41,"msg":"scanner"}
{"level":30,"time":1773526885303,"pid":3668,"hostname":"DESKTOP-KPAMGTB","module":"binance","symbol":"DOTUSDT","interval":"4h","verdict":"WAIT","score":38,"price":1.41,"msg":"scanner"}
{"level":30,"time":1773526885449,"pid":3668,"hostname":"DESKTOP-KPAMGTB","module":"binance","symbol":"LINKUSDT","interval":"5m","verdict":"WAIT","score":59,"price":9.09,"msg":"scanner"}
{"level":30,"time":1773526885636,"pid":3668,"hostname":"DESKTOP-KPAMGTB","module":"binance","symbol":"LINKUSDT","interval":"1h","verdict":"WAIT","score":56,"price":9.09,"msg":"scanner"}
{"level":30,"time":1773526885731,"pid":3668,"hostname":"DESKTOP-KPAMGTB","module":"binance","symbol":"LINKUSDT","interval":"4h","verdict":"BUY","score":72,"price":9.09,"msg":"scanner"}
{"level":30,"time":1773526885870,"pid":3668,"hostname":"DESKTOP-KPAMGTB","module":"binance","symbol":"MATICUSDT","interval":"5m","verdict":"WAIT","score":59,"price":0.3794,"msg":"scanner"}
{"level":30,"time":1773526885917,"pid":3668,"hostname":"DESKTOP-KPAMGTB","module":"binance","symbol":"MATICUSDT","interval":"1h","verdict":"WAIT","score":47,"price":0.3794,"msg":"scanner"}
{"level":30,"time":1773526886030,"pid":3668,"hostname":"DESKTOP-KPAMGTB","module":"binance","symbol":"MATICUSDT","interval":"4h","verdict":"WAIT","score":41,"price":0.3794,"msg":"scanner"}
{"level":30,"time":1773526886153,"pid":3668,"hostname":"DESKTOP-KPAMGTB","module":"binance","symbol":"LTCUSDT","interval":"5m","verdict":"WAIT","score":53,"price":54.65,"msg":"scanner"}
{"level":30,"time":1773526886306,"pid":3668,"hostname":"DESKTOP-KPAMGTB","module":"binance","symbol":"LTCUSDT","interval":"1h","verdict":"WAIT","score":53,"price":54.66,"msg":"scanner"}
{"level":30,"time":1773526886418,"pid":3668,"hostname":"DESKTOP-KPAMGTB","module":"binance","symbol":"LTCUSDT","interval":"4h","verdict":"WAIT","score":50,"price":54.66,"msg":"scanner"}
{"level":30,"time":1773526886501,"pid":3668,"hostname":"DESKTOP-KPAMGTB","module":"binance","symbol":"SHIBUSDT","interval":"5m","verdict":"AVOID","score":34,"price":0.00000584,"msg":"scanner"}
{"level":30,"time":1773526886734,"pid":3668,"hostname":"DESKTOP-KPAMGTB","module":"binance","symbol":"SHIBUSDT","interval":"4h","verdict":"WAIT","score":50,"price":0.00000584,"msg":"scanner"}
{"level":30,"time":1773526886876,"pid":3668,"hostname":"DESKTOP-KPAMGTB","module":"binance","symbol":"SHIBUSDT","interval":"1h","verdict":"WAIT","score":47,"price":0.00000584,"msg":"scanner"}
{"level":30,"time":1773526886955,"pid":3668,"hostname":"DESKTOP-KPAMGTB","module":"binance","symbol":"UNIUSDT","interval":"5m","verdict":"WAIT","score":41,"price":3.919,"msg":"scanner"}
{"level":30,"time":1773526887020,"pid":3668,"hostname":"DESKTOP-KPAMGTB","module":"binance","symbol":"UNIUSDT","interval":"1h","verdict":"WAIT","score":56,"price":3.919,"msg":"scanner"}
{"level":30,"time":1773526887192,"pid":3668,"hostname":"DESKTOP-KPAMGTB","module":"binance","symbol":"UNIUSDT","interval":"4h","verdict":"WAIT","score":53,"price":3.919,"msg":"scanner"}
{"level":30,"time":1773526887300,"pid":3668,"hostname":"DESKTOP-KPAMGTB","module":"binance","symbol":"ATOMUSDT","interval":"5m","verdict":"WAIT","score":56,"price":1.868,"msg":"scanner"}
{"level":30,"time":1773526887382,"pid":3668,"hostname":"DESKTOP-KPAMGTB","module":"binance","symbol":"ATOMUSDT","interval":"1h","verdict":"WAIT","score":50,"price":1.868,"msg":"scanner"}
{"level":30,"time":1773526887559,"pid":3668,"hostname":"DESKTOP-KPAMGTB","module":"binance","symbol":"ATOMUSDT","interval":"4h","verdict":"WAIT","score":56,"price":1.868,"msg":"scanner"}
{"level":30,"time":1773526887726,"pid":3668,"hostname":"DESKTOP-KPAMGTB","module":"binance","symbol":"ETCUSDT","interval":"5m","verdict":"WAIT","score":47,"price":8.21,"msg":"scanner"}
{"level":30,"time":1773526887819,"pid":3668,"hostname":"DESKTOP-KPAMGTB","module":"binance","symbol":"ETCUSDT","interval":"1h","verdict":"WAIT","score":44,"price":8.21,"msg":"scanner"}
{"level":30,"time":1773526887907,"pid":3668,"hostname":"DESKTOP-KPAMGTB","module":"binance","symbol":"ETCUSDT","interval":"4h","verdict":"WAIT","score":38,"price":8.21,"msg":"scanner"}
{"level":30,"time":1773526887983,"pid":3668,"hostname":"DESKTOP-KPAMGTB","module":"binance","symbol":"XLMUSDT","interval":"5m","verdict":"WAIT","score":50,"price":0.1647,"msg":"scanner"}
{"level":30,"time":1773526888160,"pid":3668,"hostname":"DESKTOP-KPAMGTB","module":"binance","symbol":"XLMUSDT","interval":"1h","verdict":"BUY","score":78,"price":0.1647,"msg":"scanner"}
{"level":30,"time":1773526888303,"pid":3668,"hostname":"DESKTOP-KPAMGTB","module":"binance","symbol":"XLMUSDT","interval":"4h","verdict":"BUY","score":66,"price":0.1647,"msg":"scanner"}
{"level":30,"time":1773526888350,"pid":3668,"hostname":"DESKTOP-KPAMGTB","module":"binance","symbol":"APTUSDT","interval":"5m","verdict":"WAIT","score":47,"price":0.913,"msg":"scanner"}
{"level":30,"time":1773526888457,"pid":3668,"hostname":"DESKTOP-KPAMGTB","module":"binance","symbol":"APTUSDT","interval":"1h","verdict":"WAIT","score":50,"price":0.913,"msg":"scanner"}
{"level":30,"time":1773526888716,"pid":3668,"hostname":"DESKTOP-KPAMGTB","module":"binance","symbol":"APTUSDT","interval":"4h","verdict":"WAIT","score":44,"price":0.913,"msg":"scanner"}
{"level":30,"time":1773526888865,"pid":3668,"hostname":"DESKTOP-KPAMGTB","module":"binance","symbol":"NEARUSDT","interval":"5m","verdict":"WAIT","score":56,"price":1.308,"msg":"scanner"}
{"level":30,"time":1773526889082,"pid":3668,"hostname":"DESKTOP-KPAMGTB","module":"binance","symbol":"NEARUSDT","interval":"1h","verdict":"WAIT","score":53,"price":1.308,"msg":"scanner"}
{"level":30,"time":1773526889414,"pid":3668,"hostname":"DESKTOP-KPAMGTB","module":"binance","symbol":"NEARUSDT","interval":"4h","verdict":"WAIT","score":53,"price":1.308,"msg":"scanner"}
{"level":30,"time":1773526891633,"pid":3668,"hostname":"DESKTOP-KPAMGTB","module":"orders","symbol":"LINKUSDT","side":"SELL","fillPrice":9.09,"quantity":"8","commissionInBase":0,"tpPrice":"9.34","slStopPrice":"8.92","buyOrderId":170519915,"ocoOrderListId":2079854,"msg":"compra de mercat + OCO"}
{"level":30,"time":1773526914552,"pid":3668,"hostname":"DESKTOP-KPAMGTB","module":"trailing-engine","symbol":"LINKUSDT","price":9.09,"activateAt":9.09,"msg":"trailing activat"}
{"level":30,"time":1773526950756,"pid":3668,"hostname":"DESKTOP-KPAMGTB","module":"binance","symbol":"BTCUSDT","interval":"5m","verdict":"WAIT","score":38,"price":70712.49,"msg":"scanner"}
{"level":30,"time":1773526950774,"pid":3668,"hostname":"DESKTOP-KPAMGTB","module":"binance","symbol":"ETHUSDT","interval":"5m","verdict":"WAIT","score":53,"price":2085.8,"msg":"scanner"}
{"level":30,"time":1773526950978,"pid":3668,"hostname":"DESKTOP-KPAMGTB","module":"binance","symbol":"BNBUSDT","interval":"5m","verdict":"WAIT","score":56,"price":654.38,"msg":"scanner"}
{"level":30,"time":1773526951141,"pid":3668,"hostname":"DESKTOP-KPAMGTB","module":"binance","symbol":"SOLUSDT","interval":"5m","verdict":"WAIT","score":59,"price":87.31,"msg":"scanner"}
{"level":30,"time":1773526951224,"pid":3668,"hostname":"DESKTOP-KPAMGTB","module":"binance","symbol":"XRPUSDT","interval":"5m","verdict":"WAIT","score":63,"price":1.3955,"msg":"scanner"}
{"level":30,"time":1773526951375,"pid":3668,"hostname":"DESKTOP-KPAMGTB","module":"binance","symbol":"DOGEUSDT","interval":"5m","verdict":"WAIT","score":59,"price":0.09499,"msg":"scanner"}
{"level":30,"time":1773526951758,"pid":3668,"hostname":"DESKTOP-KPAMGTB","module":"binance","symbol":"ADAUSDT","interval":"5m","verdict":"WAIT","score":53,"price":0.2603,"msg":"scanner"}
{"level":30,"time":1773526952087,"pid":3668,"hostname":"DESKTOP-KPAMGTB","module":"binance","symbol":"AVAXUSDT","interval":"5m","verdict":"WAIT","score":59,"price":9.61,"msg":"scanner"}
{"level":30,"time":1773526952269,"pid":3668,"hostname":"DESKTOP-KPAMGTB","module":"binance","symbol":"TRXUSDT","interval":"5m","verdict":"WAIT","score":56,"price":0.2975,"msg":"scanner"}
{"level":30,"time":1773526952472,"pid":3668,"hostname":"DESKTOP-KPAMGTB","module":"binance","symbol":"DOTUSDT","interval":"5m","verdict":"WAIT","score":38,"price":1.41,"msg":"scanner"}
{"level":30,"time":1773526952637,"pid":3668,"hostname":"DESKTOP-KPAMGTB","module":"binance","symbol":"LINKUSDT","interval":"5m","verdict":"WAIT","score":59,"price":9.08,"msg":"scanner"}
{"level":30,"time":1773526953122,"pid":3668,"hostname":"DESKTOP-KPAMGTB","module":"binance","symbol":"MATICUSDT","interval":"5m","verdict":"WAIT","score":59,"price":0.3794,"msg":"scanner"}
{"level":30,"time":1773526953324,"pid":3668,"hostname":"DESKTOP-KPAMGTB","module":"binance","symbol":"LTCUSDT","interval":"5m","verdict":"WAIT","score":53,"price":54.66,"msg":"scanner"}
{"level":30,"time":1773526953697,"pid":3668,"hostname":"DESKTOP-KPAMGTB","module":"binance","symbol":"SHIBUSDT","interval":"5m","verdict":"AVOID","score":34,"price":0.00000584,"msg":"scanner"}
{"level":30,"time":1773526953863,"pid":3668,"hostname":"DESKTOP-KPAMGTB","module":"binance","symbol":"UNIUSDT","interval":"5m","verdict":"AVOID","score":28,"price":3.917,"msg":"scanner"}
{"level":30,"time":1773526954153,"pid":3668,"hostname":"DESKTOP-KPAMGTB","module":"binance","symbol":"ATOMUSDT","interval":"5m","verdict":"WAIT","score":56,"price":1.868,"msg":"scanner"}
{"level":30,"time":1773526954375,"pid":3668,"hostname":"DESKTOP-KPAMGTB","module":"binance","symbol":"ETCUSDT","interval":"5m","verdict":"WAIT","score":47,"price":8.21,"msg":"scanner"}
{"level":30,"time":1773526954529,"pid":3668,"hostname":"DESKTOP-KPAMGTB","module":"binance","symbol":"XLMUSDT","interval":"5m","verdict":"WAIT","score":56,"price":0.1648,"msg":"scanner"}
{"level":30,"time":1773526954595,"pid":3668,"hostname":"DESKTOP-KPAMGTB","module":"binance","symbol":"APTUSDT","interval":"5m","verdict":"WAIT","score":47,"price":0.913,"msg":"scanner"}
{"level":30,"time":1773526954743,"pid":3668,"hostname":"DESKTOP-KPAMGTB","module":"binance","symbol":"NEARUSDT","interval":"5m","verdict":"WAIT","score":53,"price":1.309,"msg":"scanner"}
{"level":30,"time":1773527010803,"pid":3668,"hostname":"DESKTOP-KPAMGTB","module":"binance","symbol":"BTCUSDT","interval":"1h","verdict":"WAIT","score":47,"price":70714.23,"msg":"scanner"}
{"level":30,"time":1773527010820,"pid":3668,"hostname":"DESKTOP-KPAMGTB","module":"binance","symbol":"BTCUSDT","interval":"5m","verdict":"WAIT","score":38,"price":70714.23,"msg":"scanner"}
{"level":30,"time":1773527010838,"pid":3668,"hostname":"DESKTOP-KPAMGTB","module":"binance","symbol":"ETHUSDT","interval":"5m","verdict":"WAIT","score":59,"price":2086.23,"msg":"scanner"}
{"level":30,"time":1773527010884,"pid":3668,"hostname":"DESKTOP-KPAMGTB","module":"binance","symbol":"ETHUSDT","interval":"1h","verdict":"WAIT","score":59,"price":2086.23,"msg":"scanner"}
{"level":30,"time":1773527011273,"pid":3668,"hostname":"DESKTOP-KPAMGTB","module":"binance","symbol":"BNBUSDT","interval":"5m","verdict":"WAIT","score":56,"price":654.41,"msg":"scanner"}
{"level":30,"time":1773527011289,"pid":3668,"hostname":"DESKTOP-KPAMGTB","module":"binance","symbol":"BNBUSDT","interval":"1h","verdict":"WAIT","score":59,"price":654.41,"msg":"scanner"}
{"level":30,"time":1773527011582,"pid":3668,"hostname":"DESKTOP-KPAMGTB","module":"binance","symbol":"SOLUSDT","interval":"5m","verdict":"WAIT","score":56,"price":87.32,"msg":"scanner"}
{"level":30,"time":1773527011817,"pid":3668,"hostname":"DESKTOP-KPAMGTB","module":"binance","symbol":"XRPUSDT","interval":"5m","verdict":"BUY","score":72,"price":1.3957,"msg":"scanner"}
{"level":30,"time":1773527011835,"pid":3668,"hostname":"DESKTOP-KPAMGTB","module":"binance","symbol":"SOLUSDT","interval":"1h","verdict":"WAIT","score":63,"price":87.32,"msg":"scanner"}
{"level":30,"time":1773527012039,"pid":3668,"hostname":"DESKTOP-KPAMGTB","module":"binance","symbol":"XRPUSDT","interval":"1h","verdict":"WAIT","score":59,"price":1.3957,"msg":"scanner"}
{"level":30,"time":1773527012549,"pid":3668,"hostname":"DESKTOP-KPAMGTB","module":"binance","symbol":"DOGEUSDT","interval":"5m","verdict":"WAIT","score":59,"price":0.09499,"msg":"scanner"}
{"level":30,"time":1773527012572,"pid":3668,"hostname":"DESKTOP-KPAMGTB","module":"binance","symbol":"DOGEUSDT","interval":"1h","verdict":"WAIT","score":63,"price":0.09499,"msg":"scanner"}
{"level":30,"time":1773527012587,"pid":3668,"hostname":"DESKTOP-KPAMGTB","module":"binance","symbol":"ADAUSDT","interval":"5m","verdict":"WAIT","score":53,"price":0.2603,"msg":"scanner"}
{"level":30,"time":1773527013082,"pid":3668,"hostname":"DESKTOP-KPAMGTB","module":"binance","symbol":"ADAUSDT","interval":"1h","verdict":"WAIT","score":50,"price":0.2603,"msg":"scanner"}
{"level":30,"time":1773527013118,"pid":3668,"hostname":"DESKTOP-KPAMGTB","module":"binance","symbol":"AVAXUSDT","interval":"5m","verdict":"WAIT","score":56,"price":9.62,"msg":"scanner"}
{"level":30,"time":1773527013139,"pid":3668,"hostname":"DESKTOP-KPAMGTB","module":"binance","symbol":"AVAXUSDT","interval":"1h","verdict":"WAIT","score":56,"price":9.62,"msg":"scanner"}
{"level":30,"time":1773527014108,"pid":3668,"hostname":"DESKTOP-KPAMGTB","module":"binance","symbol":"TRXUSDT","interval":"5m","verdict":"WAIT","score":56,"price":0.2975,"msg":"scanner"}
{"level":30,"time":1773527014139,"pid":3668,"hostname":"DESKTOP-KPAMGTB","module":"binance","symbol":"TRXUSDT","interval":"1h","verdict":"WAIT","score":63,"price":0.2975,"msg":"scanner"}
{"level":30,"time":1773527014986,"pid":3668,"hostname":"DESKTOP-KPAMGTB","module":"binance","symbol":"DOTUSDT","interval":"5m","verdict":"AVOID","score":34,"price":1.411,"msg":"scanner"}
{"level":30,"time":1773527015020,"pid":3668,"hostname":"DESKTOP-KPAMGTB","module":"binance","symbol":"DOTUSDT","interval":"1h","verdict":"WAIT","score":44,"price":1.411,"msg":"scanner"}
{"level":30,"time":1773527015050,"pid":3668,"hostname":"DESKTOP-KPAMGTB","module":"binance","symbol":"LINKUSDT","interval":"5m","verdict":"WAIT","score":59,"price":9.08,"msg":"scanner"}
{"level":30,"time":1773527015864,"pid":3668,"hostname":"DESKTOP-KPAMGTB","module":"binance","symbol":"LINKUSDT","interval":"1h","verdict":"WAIT","score":56,"price":9.08,"msg":"scanner"}
{"level":30,"time":1773527015888,"pid":3668,"hostname":"DESKTOP-KPAMGTB","module":"binance","symbol":"MATICUSDT","interval":"5m","verdict":"WAIT","score":59,"price":0.3794,"msg":"scanner"}
{"level":30,"time":1773527015908,"pid":3668,"hostname":"DESKTOP-KPAMGTB","module":"binance","symbol":"MATICUSDT","interval":"1h","verdict":"WAIT","score":47,"price":0.3794,"msg":"scanner"}
{"level":30,"time":1773527016599,"pid":3668,"hostname":"DESKTOP-KPAMGTB","module":"binance","symbol":"LTCUSDT","interval":"5m","verdict":"WAIT","score":53,"price":54.66,"msg":"scanner"}
{"level":30,"time":1773527016641,"pid":3668,"hostname":"DESKTOP-KPAMGTB","module":"binance","symbol":"LTCUSDT","interval":"1h","verdict":"WAIT","score":53,"price":54.66,"msg":"scanner"}
{"level":30,"time":1773527017067,"pid":3668,"hostname":"DESKTOP-KPAMGTB","module":"binance","symbol":"SHIBUSDT","interval":"5m","verdict":"AVOID","score":34,"price":0.00000584,"msg":"scanner"}
{"level":30,"time":1773527017083,"pid":3668,"hostname":"DESKTOP-KPAMGTB","module":"binance","symbol":"SHIBUSDT","interval":"1h","verdict":"WAIT","score":47,"price":0.00000584,"msg":"scanner"}
{"level":30,"time":1773527017113,"pid":3668,"hostname":"DESKTOP-KPAMGTB","module":"binance","symbol":"UNIUSDT","interval":"5m","verdict":"AVOID","score":31,"price":3.918,"msg":"scanner"}
{"level":30,"time":1773527017550,"pid":3668,"hostname":"DESKTOP-KPAMGTB","module":"binance","symbol":"UNIUSDT","interval":"1h","verdict":"WAIT","score":50,"price":3.918,"msg":"scanner"}
{"level":30,"time":1773527017620,"pid":3668,"hostname":"DESKTOP-KPAMGTB","module":"binance","symbol":"ATOMUSDT","interval":"5m","verdict":"WAIT","score":59,"price":1.87,"msg":"scanner"}
{"level":30,"time":1773527017635,"pid":3668,"hostname":"DESKTOP-KPAMGTB","module":"binance","symbol":"ATOMUSDT","interval":"1h","verdict":"WAIT","score":56,"price":1.87,"msg":"scanner"}
{"level":30,"time":1773527018116,"pid":3668,"hostname":"DESKTOP-KPAMGTB","module":"binance","symbol":"ETCUSDT","interval":"5m","verdict":"WAIT","score":47,"price":8.21,"msg":"scanner"}
{"level":30,"time":1773527018135,"pid":3668,"hostname":"DESKTOP-KPAMGTB","module":"binance","symbol":"ETCUSDT","interval":"1h","verdict":"WAIT","score":44,"price":8.21,"msg":"scanner"}
{"level":30,"time":1773527018578,"pid":3668,"hostname":"DESKTOP-KPAMGTB","module":"binance","symbol":"XLMUSDT","interval":"5m","verdict":"WAIT","score":56,"price":0.1648,"msg":"scanner"}
{"level":30,"time":1773527018592,"pid":3668,"hostname":"DESKTOP-KPAMGTB","module":"binance","symbol":"XLMUSDT","interval":"1h","verdict":"BUY","score":75,"price":0.1648,"msg":"scanner"}
{"level":30,"time":1773527018618,"pid":3668,"hostname":"DESKTOP-KPAMGTB","module":"binance","symbol":"APTUSDT","interval":"5m","verdict":"WAIT","score":41,"price":0.912,"msg":"scanner"}
{"level":30,"time":1773527018905,"pid":3668,"hostname":"DESKTOP-KPAMGTB","module":"binance","symbol":"APTUSDT","interval":"1h","verdict":"WAIT","score":44,"price":0.912,"msg":"scanner"}
{"level":30,"time":1773527019188,"pid":3668,"hostname":"DESKTOP-KPAMGTB","module":"binance","symbol":"NEARUSDT","interval":"5m","verdict":"WAIT","score":56,"price":1.308,"msg":"scanner"}
{"level":30,"time":1773527019208,"pid":3668,"hostname":"DESKTOP-KPAMGTB","module":"binance","symbol":"NEARUSDT","interval":"1h","verdict":"WAIT","score":53,"price":1.308,"msg":"scanner"}
{"level":30,"time":1773527046639,"pid":3668,"hostname":"DESKTOP-KPAMGTB","module":"orders","symbol":"LINKUSDT","orderId":170514325,"msg":"ordre cancel·lada"}
{"level":30,"time":1773527046908,"pid":3668,"hostname":"DESKTOP-KPAMGTB","module":"orders","symbol":"LINKUSDT","execQty":8,"execValue":72.64,"msg":"market sell after cancel OK"}
{"level":30,"time":1773527052522,"pid":3668,"hostname":"DESKTOP-KPAMGTB","module":"orders","symbol":"LINKUSDT","orderId":170520154,"msg":"ordre cancel·lada"}
{"level":30,"time":1773527052787,"pid":3668,"hostname":"DESKTOP-KPAMGTB","module":"orders","symbol":"LINKUSDT","execQty":8,"execValue":72.64,"msg":"market sell after cancel OK"}
{"level":40,"time":1773527065048,"pid":3668,"hostname":"DESKTOP-KPAMGTB","module":"trailing-engine","symbol":"LINKUSDT","slOrderId":170514325,"status":"CANCELED","msg":"SL cancel·lat/expirat externament"}
{"level":40,"time":1773527065282,"pid":3668,"hostname":"DESKTOP-KPAMGTB","module":"trailing-engine","symbol":"LINKUSDT","slOrderId":170520154,"status":"CANCELED","msg":"SL cancel·lat/expirat externament"}
{"level":30,"time":1773527464944,"pid":3668,"hostname":"DESKTOP-KPAMGTB","module":"auto-trader","intervals":["5m","1h","4h"],"msg":"auto-trader iniciat"}
{"level":30,"time":1773529199741,"pid":3668,"hostname":"DESKTOP-KPAMGTB","module":"telegram","msg":"informe horari enviat"}
{"level":30,"time":1773532799679,"pid":3668,"hostname":"DESKTOP-KPAMGTB","module":"telegram","msg":"informe horari enviat"}
{"level":30,"time":1773532831705,"pid":3668,"hostname":"DESKTOP-KPAMGTB","module":"auto-trader","interval":"4h","pairs":2,"minScore":60,"msg":"iniciant scan de candle"}
{"level":30,"time":1773532831983,"pid":3668,"hostname":"DESKTOP-KPAMGTB","module":"auto-trader","symbol":"SOLUSDT","interval":"4h","score":69,"msg":"senyal → comprant"}
{"level":50,"time":1773532832718,"pid":3668,"hostname":"DESKTOP-KPAMGTB","module":"auto-trader","symbol":"SOLUSDT","interval":"4h","err":"Binance /orderList/oco 400: {\"code\":-1013,\"msg\":\"Invalid quantity.\"}","msg":"error en execució"}
{"level":30,"time":1773532832977,"pid":3668,"hostname":"DESKTOP-KPAMGTB","module":"auto-trader","symbol":"BTCUSDT","interval":"4h","score":66,"msg":"senyal → comprant"}
{"level":30,"time":1773532833686,"pid":3668,"hostname":"DESKTOP-KPAMGTB","module":"auto-trader","symbol":"BTCUSDT","interval":"4h","score":66,"fillPrice":71200.27,"tpPrice":"73888.34000000","slStopPrice":"70304.24000000","qty":"0.00111000","msg":"auto-compra executada"}
{"level":30,"time":1773536400592,"pid":3668,"hostname":"DESKTOP-KPAMGTB","module":"telegram","msg":"informe horari enviat"}
{"level":30,"time":1773539999731,"pid":3668,"hostname":"DESKTOP-KPAMGTB","module":"telegram","msg":"informe horari enviat"}
{"level":30,"time":1773543600211,"pid":3668,"hostname":"DESKTOP-KPAMGTB","module":"telegram","msg":"informe horari enviat"}
{"level":30,"time":1773547200378,"pid":3668,"hostname":"DESKTOP-KPAMGTB","module":"telegram","msg":"informe horari enviat"}
{"level":30,"time":1773547230681,"pid":3668,"hostname":"DESKTOP-KPAMGTB","module":"auto-trader","interval":"4h","pairs":2,"minScore":60,"msg":"iniciant scan de candle"}
{"level":30,"time":1773547230990,"pid":3668,"hostname":"DESKTOP-KPAMGTB","module":"auto-trader","symbol":"SOLUSDT","interval":"4h","score":69,"msg":"senyal → comprant"}
{"level":50,"time":1773547231683,"pid":3668,"hostname":"DESKTOP-KPAMGTB","module":"auto-trader","symbol":"SOLUSDT","interval":"4h","err":"Binance /orderList/oco 400: {\"code\":-1013,\"msg\":\"Invalid quantity.\"}","msg":"error en execució"}
{"level":30,"time":1773547231942,"pid":3668,"hostname":"DESKTOP-KPAMGTB","module":"auto-trader","symbol":"BTCUSDT","interval":"4h","score":66,"msg":"senyal → comprant"}
{"level":30,"time":1773547232637,"pid":3668,"hostname":"DESKTOP-KPAMGTB","module":"auto-trader","symbol":"BTCUSDT","interval":"4h","score":66,"fillPrice":71343.33000000002,"tpPrice":"73993.52000000","slStopPrice":"70459.93000000","qty":"0.00111000","msg":"auto-compra executada"}
{"level":30,"time":1773550799699,"pid":3668,"hostname":"DESKTOP-KPAMGTB","module":"telegram","msg":"informe horari enviat"}
{"level":30,"time":1773554400177,"pid":3668,"hostname":"DESKTOP-KPAMGTB","module":"telegram","msg":"informe horari enviat"}
{"level":30,"time":1773556199424,"pid":3668,"hostname":"DESKTOP-KPAMGTB","module":"telegram","msg":"informe diari enviat"}
{"level":30,"time":1773557999748,"pid":3668,"hostname":"DESKTOP-KPAMGTB","module":"telegram","msg":"informe horari enviat"}
{"level":30,"time":1773561600324,"pid":3668,"hostname":"DESKTOP-KPAMGTB","module":"telegram","msg":"informe horari enviat"}
{"level":30,"time":1773561630839,"pid":3668,"hostname":"DESKTOP-KPAMGTB","module":"auto-trader","interval":"4h","pairs":2,"minScore":60,"msg":"iniciant scan de candle"}
{"level":30,"time":1773565199947,"pid":3668,"hostname":"DESKTOP-KPAMGTB","module":"telegram","msg":"informe horari enviat"}
{"level":30,"time":1773568799842,"pid":3668,"hostname":"DESKTOP-KPAMGTB","module":"telegram","msg":"informe horari enviat"}
{"level":30,"time":1773569219232,"pid":3668,"hostname":"DESKTOP-KPAMGTB","module":"binance","assets":21,"msg":"balance"}
{"level":30,"time":1773569219997,"pid":3668,"hostname":"DESKTOP-KPAMGTB","module":"binance","assets":21,"msg":"balance"}
{"level":30,"time":1773571219118,"pid":3668,"hostname":"DESKTOP-KPAMGTB","module":"binance","assets":21,"msg":"balance"}
{"level":30,"time":1773571219760,"pid":3668,"hostname":"DESKTOP-KPAMGTB","module":"binance","assets":21,"msg":"balance"}
{"level":30,"time":1773571348913,"pid":3668,"hostname":"DESKTOP-KPAMGTB","module":"binance","assets":21,"msg":"balance"}
{"level":30,"time":1773571348934,"pid":3668,"hostname":"DESKTOP-KPAMGTB","module":"binance","assets":21,"msg":"balance"}
{"level":30,"time":1773572061438,"pid":3668,"hostname":"DESKTOP-KPAMGTB","module":"binance","assets":21,"msg":"balance"}
{"level":30,"time":1773572079364,"pid":3668,"hostname":"DESKTOP-KPAMGTB","module":"binance","assets":21,"msg":"balance"}
{"level":30,"time":1773572086804,"pid":3668,"hostname":"DESKTOP-KPAMGTB","module":"binance","assets":21,"msg":"balance"}
{"level":30,"time":1773572090688,"pid":3668,"hostname":"DESKTOP-KPAMGTB","module":"binance","assets":21,"msg":"balance"}
{"level":30,"time":1773572366649,"pid":3668,"hostname":"DESKTOP-KPAMGTB","module":"binance","assets":21,"msg":"balance"}
{"level":30,"time":1773572382181,"pid":3668,"hostname":"DESKTOP-KPAMGTB","module":"binance","assets":21,"msg":"balance"}
{"level":30,"time":1773572382816,"pid":3668,"hostname":"DESKTOP-KPAMGTB","module":"binance","assets":21,"msg":"balance"}
{"level":30,"time":1773572400063,"pid":3668,"hostname":"DESKTOP-KPAMGTB","module":"telegram","msg":"informe horari enviat"}
{"level":30,"time":1773572703107,"pid":3668,"hostname":"DESKTOP-KPAMGTB","module":"binance","assets":21,"msg":"balance"}
{"level":30,"time":1773572703273,"pid":3668,"hostname":"DESKTOP-KPAMGTB","module":"binance","symbol":"ETHUSDT","interval":"1h","verdict":"WAIT","score":56,"price":2118.88,"msg":"scanner"}
{"level":30,"time":1773572703449,"pid":3668,"hostname":"DESKTOP-KPAMGTB","module":"binance","assets":21,"msg":"balance"}
{"level":30,"time":1773572722082,"pid":3668,"hostname":"DESKTOP-KPAMGTB","module":"binance","count":50,"msg":"order history"}
{"level":30,"time":1773572722095,"pid":3668,"hostname":"DESKTOP-KPAMGTB","module":"binance","count":70,"msg":"trades"}
{"level":30,"time":1773572722424,"pid":3668,"hostname":"DESKTOP-KPAMGTB","module":"binance","count":70,"msg":"trades"}
{"level":30,"time":1773572723145,"pid":3668,"hostname":"DESKTOP-KPAMGTB","module":"binance","assets":21,"msg":"balance"}
{"level":30,"time":1773572723188,"pid":3668,"hostname":"DESKTOP-KPAMGTB","module":"binance","assets":21,"msg":"balance"}
{"level":30,"time":1773572789327,"pid":3668,"hostname":"DESKTOP-KPAMGTB","module":"binance","assets":21,"msg":"balance"}
{"level":30,"time":1773572812571,"pid":3668,"hostname":"DESKTOP-KPAMGTB","module":"binance","assets":21,"msg":"balance"}
{"level":30,"time":1773572813046,"pid":3668,"hostname":"DESKTOP-KPAMGTB","module":"binance","assets":21,"msg":"balance"}
{"level":30,"time":1773572813125,"pid":3668,"hostname":"DESKTOP-KPAMGTB","module":"binance","assets":21,"msg":"balance"}
{"level":30,"time":1773572827893,"pid":3668,"hostname":"DESKTOP-KPAMGTB","module":"binance","assets":21,"msg":"balance"}
{"level":30,"time":1773572948241,"pid":3668,"hostname":"DESKTOP-KPAMGTB","module":"binance","assets":21,"msg":"balance"}
{"level":30,"time":1773572948400,"pid":3668,"hostname":"DESKTOP-KPAMGTB","module":"binance","assets":21,"msg":"balance"}
{"level":30,"time":1773573216535,"pid":3668,"hostname":"DESKTOP-KPAMGTB","module":"binance","assets":21,"msg":"balance"}
{"level":30,"time":1773573803237,"pid":3668,"hostname":"DESKTOP-KPAMGTB","module":"binance","assets":21,"msg":"balance"}
{"level":30,"time":1773574327217,"pid":3668,"hostname":"DESKTOP-KPAMGTB","module":"binance","assets":21,"msg":"balance"}
{"level":30,"time":1773574414099,"pid":3668,"hostname":"DESKTOP-KPAMGTB","module":"binance","assets":21,"msg":"balance"}
{"level":30,"time":1773574426236,"pid":3668,"hostname":"DESKTOP-KPAMGTB","module":"binance","assets":21,"msg":"balance"}
{"level":30,"time":1773575230016,"pid":3668,"hostname":"DESKTOP-KPAMGTB","module":"binance","assets":21,"msg":"balance"}
{"level":30,"time":1773575255432,"pid":3668,"hostname":"DESKTOP-KPAMGTB","module":"binance","assets":21,"msg":"balance"}
{"level":30,"time":1773575999791,"pid":3668,"hostname":"DESKTOP-KPAMGTB","module":"telegram","msg":"informe horari enviat"}
{"level":30,"time":1773576030524,"pid":3668,"hostname":"DESKTOP-KPAMGTB","module":"auto-trader","interval":"4h","pairs":2,"minScore":60,"msg":"iniciant scan de candle"}
{"level":30,"time":1773576030802,"pid":3668,"hostname":"DESKTOP-KPAMGTB","module":"auto-trader","symbol":"SOLUSDT","interval":"4h","score":66,"msg":"senyal → comprant"}
{"level":50,"time":1773576031615,"pid":3668,"hostname":"DESKTOP-KPAMGTB","module":"auto-trader","symbol":"SOLUSDT","interval":"4h","err":"Binance /orderList/oco 400: {\"code\":-1013,\"msg\":\"Invalid quantity.\"}","msg":"error en execució"}
{"level":30,"time":1773576031867,"pid":3668,"hostname":"DESKTOP-KPAMGTB","module":"auto-trader","symbol":"BTCUSDT","interval":"4h","score":72,"msg":"senyal → comprant"}
{"level":30,"time":1773576032971,"pid":3668,"hostname":"DESKTOP-KPAMGTB","module":"auto-trader","symbol":"BTCUSDT","interval":"4h","score":72,"fillPrice":71823.52,"tpPrice":"74292.05000000","slStopPrice":"71000.67000000","qty":"0.00110000","msg":"auto-compra executada"}
{"level":50,"time":1773576048413,"pid":3668,"hostname":"DESKTOP-KPAMGTB","module":"trailing-engine","symbol":"BTCUSDT","count":1,"max":3,"err":"fetch failed","msg":"error al cicle"}
{"level":30,"time":1773576153785,"pid":3668,"hostname":"DESKTOP-KPAMGTB","module":"binance","assets":21,"msg":"balance"}
{"level":30,"time":1773577053823,"pid":3668,"hostname":"DESKTOP-KPAMGTB","module":"binance","assets":21,"msg":"balance"}
{"level":30,"time":1773577953311,"pid":3668,"hostname":"DESKTOP-KPAMGTB","module":"binance","assets":21,"msg":"balance"}
{"level":30,"time":1773578587477,"pid":3668,"hostname":"DESKTOP-KPAMGTB","module":"binance","assets":21,"msg":"balance"}
{"level":30,"time":1773578592670,"pid":3668,"hostname":"DESKTOP-KPAMGTB","module":"binance","assets":21,"msg":"balance"}
{"level":30,"time":1773578602583,"pid":3668,"hostname":"DESKTOP-KPAMGTB","module":"binance","assets":21,"msg":"balance"}
{"level":30,"time":1773578603378,"pid":3668,"hostname":"DESKTOP-KPAMGTB","module":"binance","assets":21,"msg":"balance"}
{"level":30,"time":1773578612409,"pid":3668,"hostname":"DESKTOP-KPAMGTB","module":"binance","assets":21,"msg":"balance"}
{"level":30,"time":1773578753393,"pid":3668,"hostname":"DESKTOP-KPAMGTB","module":"binance","assets":21,"msg":"balance"}
{"level":30,"time":1773579600040,"pid":3668,"hostname":"DESKTOP-KPAMGTB","module":"telegram","msg":"informe horari enviat"}
{"level":30,"time":1773579653804,"pid":3668,"hostname":"DESKTOP-KPAMGTB","module":"binance","assets":21,"msg":"balance"}
{"level":30,"time":1773580553789,"pid":3668,"hostname":"DESKTOP-KPAMGTB","module":"binance","assets":21,"msg":"balance"}
{"level":30,"time":1773581453577,"pid":3668,"hostname":"DESKTOP-KPAMGTB","module":"binance","assets":21,"msg":"balance"}
{"level":30,"time":1773582876020,"pid":3668,"hostname":"DESKTOP-KPAMGTB","module":"binance","symbol":"BTCUSDT","interval":"5m","verdict":"WAIT","score":56,"price":71547.19,"msg":"scanner"}
{"level":30,"time":1773582876047,"pid":3668,"hostname":"DESKTOP-KPAMGTB","module":"binance","symbol":"BTCUSDT","interval":"4h","verdict":"BUY","score":69,"price":71547.19,"msg":"scanner"}
{"level":30,"time":1773582876063,"pid":3668,"hostname":"DESKTOP-KPAMGTB","module":"binance","symbol":"BTCUSDT","interval":"1h","verdict":"WAIT","score":56,"price":71547.19,"msg":"scanner"}
{"level":30,"time":1773582876084,"pid":3668,"hostname":"DESKTOP-KPAMGTB","module":"binance","symbol":"ETHUSDT","interval":"5m","verdict":"WAIT","score":41,"price":2095.37,"msg":"scanner"}
{"level":30,"time":1773582876997,"pid":3668,"hostname":"DESKTOP-KPAMGTB","module":"binance","symbol":"ETHUSDT","interval":"1h","verdict":"WAIT","score":41,"price":2095.56,"msg":"scanner"}
{"level":30,"time":1773582877124,"pid":3668,"hostname":"DESKTOP-KPAMGTB","module":"binance","symbol":"ETHUSDT","interval":"4h","verdict":"WAIT","score":63,"price":2095.56,"msg":"scanner"}
{"level":30,"time":1773582877137,"pid":3668,"hostname":"DESKTOP-KPAMGTB","module":"binance","symbol":"BNBUSDT","interval":"5m","verdict":"WAIT","score":44,"price":659.22,"msg":"scanner"}
{"level":30,"time":1773582877195,"pid":3668,"hostname":"DESKTOP-KPAMGTB","module":"binance","symbol":"BNBUSDT","interval":"1h","verdict":"WAIT","score":56,"price":659.22,"msg":"scanner"}
{"level":30,"time":1773582877470,"pid":3668,"hostname":"DESKTOP-KPAMGTB","module":"binance","symbol":"BNBUSDT","interval":"4h","verdict":"WAIT","score":63,"price":659.22,"msg":"scanner"}
{"level":30,"time":1773582877749,"pid":3668,"hostname":"DESKTOP-KPAMGTB","module":"binance","symbol":"SOLUSDT","interval":"5m","verdict":"WAIT","score":41,"price":87.75,"msg":"scanner"}
{"level":30,"time":1773582877789,"pid":3668,"hostname":"DESKTOP-KPAMGTB","module":"binance","symbol":"SOLUSDT","interval":"1h","verdict":"WAIT","score":41,"price":87.75,"msg":"scanner"}
{"level":30,"time":1773582877967,"pid":3668,"hostname":"DESKTOP-KPAMGTB","module":"binance","symbol":"XRPUSDT","interval":"5m","verdict":"BUY","score":66,"price":1.4233,"msg":"scanner"}
{"level":30,"time":1773582878103,"pid":3668,"hostname":"DESKTOP-KPAMGTB","module":"binance","symbol":"SOLUSDT","interval":"4h","verdict":"WAIT","score":50,"price":87.75,"msg":"scanner"}
{"level":30,"time":1773582878200,"pid":3668,"hostname":"DESKTOP-KPAMGTB","module":"binance","symbol":"XRPUSDT","interval":"1h","verdict":"WAIT","score":50,"price":1.4233,"msg":"scanner"}
{"level":30,"time":1773582878312,"pid":3668,"hostname":"DESKTOP-KPAMGTB","module":"binance","symbol":"XRPUSDT","interval":"4h","verdict":"BUY","score":72,"price":1.4233,"msg":"scanner"}
{"level":30,"time":1773582878501,"pid":3668,"hostname":"DESKTOP-KPAMGTB","module":"binance","symbol":"DOGEUSDT","interval":"5m","verdict":"WAIT","score":47,"price":0.09508,"msg":"scanner"}
{"level":30,"time":1773582878614,"pid":3668,"hostname":"DESKTOP-KPAMGTB","module":"binance","symbol":"DOGEUSDT","interval":"1h","verdict":"WAIT","score":44,"price":0.09508,"msg":"scanner"}
{"level":30,"time":1773582878848,"pid":3668,"hostname":"DESKTOP-KPAMGTB","module":"binance","symbol":"DOGEUSDT","interval":"4h","verdict":"WAIT","score":44,"price":0.09508,"msg":"scanner"}
{"level":30,"time":1773582878874,"pid":3668,"hostname":"DESKTOP-KPAMGTB","module":"binance","symbol":"ADAUSDT","interval":"5m","verdict":"WAIT","score":47,"price":0.2638,"msg":"scanner"}
{"level":30,"time":1773582879217,"pid":3668,"hostname":"DESKTOP-KPAMGTB","module":"binance","symbol":"ADAUSDT","interval":"1h","verdict":"WAIT","score":47,"price":0.2638,"msg":"scanner"}
{"level":30,"time":1773582879309,"pid":3668,"hostname":"DESKTOP-KPAMGTB","module":"binance","symbol":"ADAUSDT","interval":"4h","verdict":"WAIT","score":50,"price":0.2638,"msg":"scanner"}
{"level":30,"time":1773582879447,"pid":3668,"hostname":"DESKTOP-KPAMGTB","module":"binance","symbol":"AVAXUSDT","interval":"5m","verdict":"WAIT","score":47,"price":9.75,"msg":"scanner"}
{"level":30,"time":1773582879465,"pid":3668,"hostname":"DESKTOP-KPAMGTB","module":"binance","symbol":"AVAXUSDT","interval":"1h","verdict":"WAIT","score":63,"price":9.75,"msg":"scanner"}
{"level":30,"time":1773582879639,"pid":3668,"hostname":"DESKTOP-KPAMGTB","module":"binance","symbol":"AVAXUSDT","interval":"4h","verdict":"BUY","score":69,"price":9.75,"msg":"scanner"}
{"level":30,"time":1773582879779,"pid":3668,"hostname":"DESKTOP-KPAMGTB","module":"binance","symbol":"TRXUSDT","interval":"5m","verdict":"BUY","score":66,"price":0.2979,"msg":"scanner"}
{"level":30,"time":1773582880022,"pid":3668,"hostname":"DESKTOP-KPAMGTB","module":"binance","symbol":"TRXUSDT","interval":"1h","verdict":"BUY","score":66,"price":0.2979,"msg":"scanner"}
{"level":30,"time":1773582880065,"pid":3668,"hostname":"DESKTOP-KPAMGTB","module":"binance","symbol":"TRXUSDT","interval":"4h","verdict":"WAIT","score":59,"price":0.2979,"msg":"scanner"}
{"level":30,"time":1773582880175,"pid":3668,"hostname":"DESKTOP-KPAMGTB","module":"binance","symbol":"DOTUSDT","interval":"5m","verdict":"WAIT","score":47,"price":1.423,"msg":"scanner"}
{"level":30,"time":1773582880389,"pid":3668,"hostname":"DESKTOP-KPAMGTB","module":"binance","symbol":"DOTUSDT","interval":"1h","verdict":"WAIT","score":38,"price":1.423,"msg":"scanner"}
{"level":30,"time":1773582880652,"pid":3668,"hostname":"DESKTOP-KPAMGTB","module":"binance","symbol":"DOTUSDT","interval":"4h","verdict":"WAIT","score":47,"price":1.423,"msg":"scanner"}
{"level":30,"time":1773582880696,"pid":3668,"hostname":"DESKTOP-KPAMGTB","module":"binance","symbol":"LINKUSDT","interval":"5m","verdict":"WAIT","score":50,"price":9.19,"msg":"scanner"}
{"level":30,"time":1773582880947,"pid":3668,"hostname":"DESKTOP-KPAMGTB","module":"binance","symbol":"LINKUSDT","interval":"1h","verdict":"WAIT","score":59,"price":9.19,"msg":"scanner"}
{"level":30,"time":1773582881109,"pid":3668,"hostname":"DESKTOP-KPAMGTB","module":"binance","symbol":"LINKUSDT","interval":"4h","verdict":"BUY","score":69,"price":9.19,"msg":"scanner"}
{"level":30,"time":1773582881306,"pid":3668,"hostname":"DESKTOP-KPAMGTB","module":"binance","symbol":"MATICUSDT","interval":"5m","verdict":"WAIT","score":59,"price":0.3794,"msg":"scanner"}
{"level":30,"time":1773582881357,"pid":3668,"hostname":"DESKTOP-KPAMGTB","module":"binance","symbol":"MATICUSDT","interval":"1h","verdict":"WAIT","score":47,"price":0.3794,"msg":"scanner"}
{"level":30,"time":1773582881499,"pid":3668,"hostname":"DESKTOP-KPAMGTB","module":"binance","symbol":"MATICUSDT","interval":"4h","verdict":"WAIT","score":41,"price":0.3794,"msg":"scanner"}
{"level":30,"time":1773582881728,"pid":3668,"hostname":"DESKTOP-KPAMGTB","module":"binance","symbol":"LTCUSDT","interval":"5m","verdict":"WAIT","score":44,"price":55.26,"msg":"scanner"}
{"level":30,"time":1773582882520,"pid":3668,"hostname":"DESKTOP-KPAMGTB","module":"binance","symbol":"LTCUSDT","interval":"1h","verdict":"WAIT","score":63,"price":55.26,"msg":"scanner"}
{"level":30,"time":1773582882551,"pid":3668,"hostname":"DESKTOP-KPAMGTB","module":"binance","symbol":"LTCUSDT","interval":"4h","verdict":"WAIT","score":63,"price":55.26,"msg":"scanner"}
{"level":30,"time":1773582882964,"pid":3668,"hostname":"DESKTOP-KPAMGTB","module":"binance","symbol":"SHIBUSDT","interval":"5m","verdict":"WAIT","score":44,"price":0.00000584,"msg":"scanner"}
{"level":30,"time":1773582882995,"pid":3668,"hostname":"DESKTOP-KPAMGTB","module":"binance","symbol":"SHIBUSDT","interval":"1h","verdict":"WAIT","score":41,"price":0.00000584,"msg":"scanner"}
{"level":30,"time":1773582883077,"pid":3668,"hostname":"DESKTOP-KPAMGTB","module":"binance","symbol":"SHIBUSDT","interval":"4h","verdict":"WAIT","score":59,"price":0.00000584,"msg":"scanner"}
{"level":30,"time":1773582883121,"pid":3668,"hostname":"DESKTOP-KPAMGTB","module":"binance","symbol":"UNIUSDT","interval":"5m","verdict":"WAIT","score":41,"price":3.952,"msg":"scanner"}
{"level":30,"time":1773582883629,"pid":3668,"hostname":"DESKTOP-KPAMGTB","module":"binance","symbol":"UNIUSDT","interval":"4h","verdict":"WAIT","score":53,"price":3.952,"msg":"scanner"}
{"level":30,"time":1773582883673,"pid":3668,"hostname":"DESKTOP-KPAMGTB","module":"binance","symbol":"ATOMUSDT","interval":"5m","verdict":"WAIT","score":56,"price":1.862,"msg":"scanner"}
{"level":30,"time":1773582883790,"pid":3668,"hostname":"DESKTOP-KPAMGTB","module":"binance","symbol":"ATOMUSDT","interval":"1h","verdict":"WAIT","score":56,"price":1.862,"msg":"scanner"}
{"level":30,"time":1773582884043,"pid":3668,"hostname":"DESKTOP-KPAMGTB","module":"binance","symbol":"ATOMUSDT","interval":"4h","verdict":"WAIT","score":50,"price":1.862,"msg":"scanner"}
{"level":30,"time":1773582884090,"pid":3668,"hostname":"DESKTOP-KPAMGTB","module":"binance","symbol":"UNIUSDT","interval":"1h","verdict":"WAIT","score":53,"price":3.952,"msg":"scanner"}
{"level":30,"time":1773582884186,"pid":3668,"hostname":"DESKTOP-KPAMGTB","module":"binance","symbol":"ETCUSDT","interval":"5m","verdict":"WAIT","score":50,"price":8.31,"msg":"scanner"}
{"level":30,"time":1773582884253,"pid":3668,"hostname":"DESKTOP-KPAMGTB","module":"binance","symbol":"ETCUSDT","interval":"1h","verdict":"WAIT","score":50,"price":8.31,"msg":"scanner"}
{"level":30,"time":1773582884691,"pid":3668,"hostname":"DESKTOP-KPAMGTB","module":"binance","symbol":"ETCUSDT","interval":"4h","verdict":"WAIT","score":50,"price":8.31,"msg":"scanner"}
{"level":30,"time":1773582884781,"pid":3668,"hostname":"DESKTOP-KPAMGTB","module":"binance","symbol":"XLMUSDT","interval":"5m","verdict":"WAIT","score":63,"price":0.1678,"msg":"scanner"}
{"level":30,"time":1773582884798,"pid":3668,"hostname":"DESKTOP-KPAMGTB","module":"binance","symbol":"XLMUSDT","interval":"1h","verdict":"WAIT","score":56,"price":0.1678,"msg":"scanner"}
{"level":30,"time":1773582884838,"pid":3668,"hostname":"DESKTOP-KPAMGTB","module":"binance","symbol":"XLMUSDT","interval":"4h","verdict":"BUY","score":66,"price":0.1678,"msg":"scanner"}
{"level":30,"time":1773582885202,"pid":3668,"hostname":"DESKTOP-KPAMGTB","module":"binance","symbol":"APTUSDT","interval":"5m","verdict":"WAIT","score":44,"price":0.921,"msg":"scanner"}
{"level":30,"time":1773582885380,"pid":3668,"hostname":"DESKTOP-KPAMGTB","module":"binance","symbol":"APTUSDT","interval":"1h","verdict":"WAIT","score":41,"price":0.921,"msg":"scanner"}
{"level":30,"time":1773582885455,"pid":3668,"hostname":"DESKTOP-KPAMGTB","module":"binance","symbol":"APTUSDT","interval":"4h","verdict":"AVOID","score":34,"price":0.921,"msg":"scanner"}
{"level":30,"time":1773582885469,"pid":3668,"hostname":"DESKTOP-KPAMGTB","module":"binance","symbol":"NEARUSDT","interval":"5m","verdict":"WAIT","score":47,"price":1.348,"msg":"scanner"}
{"level":30,"time":1773582885683,"pid":3668,"hostname":"DESKTOP-KPAMGTB","module":"binance","symbol":"NEARUSDT","interval":"1h","verdict":"WAIT","score":63,"price":1.348,"msg":"scanner"}
{"level":30,"time":1773582885888,"pid":3668,"hostname":"DESKTOP-KPAMGTB","module":"binance","symbol":"NEARUSDT","interval":"4h","verdict":"BUY","score":66,"price":1.348,"msg":"scanner"}
{"level":30,"time":1773582887898,"pid":3668,"hostname":"DESKTOP-KPAMGTB","module":"orders","symbol":"XLMUSDT","side":"SELL","fillPrice":0.1678,"quantity":"475","commissionInBase":0.476,"tpPrice":"0.19","slStopPrice":"0.14","buyOrderId":121073367,"ocoOrderListId":2085806,"msg":"compra de mercat + OCO"}
{"level":30,"time":1773582888293,"pid":3668,"hostname":"DESKTOP-KPAMGTB","module":"orders","symbol":"BTCUSDT","side":"SELL","fillPrice":71530.87999999999,"quantity":"0.00110000","commissionInBase":0.00000111,"tpPrice":"73702.31000000","slStopPrice":"70254.11000000","buyOrderId":21554328129,"ocoOrderListId":2085807,"msg":"compra de mercat + OCO"}
{"level":30,"time":1773582888434,"pid":3668,"hostname":"DESKTOP-KPAMGTB","module":"orders","symbol":"XRPUSDT","side":"SELL","fillPrice":1.4229999999999998,"quantity":"56","commissionInBase":0.0562,"tpPrice":"1.48","slStopPrice":"1.39","buyOrderId":983576750,"ocoOrderListId":2085808,"msg":"compra de mercat + OCO"}
{"level":30,"time":1773582888659,"pid":3668,"hostname":"DESKTOP-KPAMGTB","module":"orders","symbol":"AVAXUSDT","side":"SELL","fillPrice":9.750000000000002,"quantity":"8","commissionInBase":0.0082,"tpPrice":"10.36","slStopPrice":"9.40","buyOrderId":156329389,"ocoOrderListId":2085809,"msg":"compra de mercat + OCO"}
{"level":30,"time":1773583001974,"pid":3668,"hostname":"DESKTOP-KPAMGTB","module":"trailing-engine","symbol":"AVAXUSDT","price":9.75,"activateAt":9.75,"msg":"trailing activat"}
{"level":40,"time":1773583016605,"pid":3668,"hostname":"DESKTOP-KPAMGTB","module":"orders","symbol":"AVAXUSDT","orderListId":2085809,"msg":"OCO ja no existia en cancel·lar — ignorat"}
{"level":30,"time":1773583019349,"pid":3668,"hostname":"DESKTOP-KPAMGTB","module":"orders","symbol":"XRPUSDT","orderListId":2085808,"msg":"OCO cancel·lada"}
{"level":30,"time":1773583019610,"pid":3668,"hostname":"DESKTOP-KPAMGTB","module":"orders","symbol":"XRPUSDT","execQty":56,"execValue":79.6712,"msg":"market sell after cancel OK"}
{"level":30,"time":1773583030974,"pid":3668,"hostname":"DESKTOP-KPAMGTB","module":"trailing-engine","symbol":"XLMUSDT","price":0.1679,"activateAt":0.1678,"msg":"trailing activat"}
{"level":30,"time":1773583043493,"pid":3668,"hostname":"DESKTOP-KPAMGTB","module":"orders","symbol":"XLMUSDT","orderId":121074408,"msg":"ordre cancel·lada"}
{"level":30,"time":1773583043737,"pid":3668,"hostname":"DESKTOP-KPAMGTB","module":"orders","symbol":"XLMUSDT","execQty":475,"execValue":79.7525,"msg":"market sell after cancel OK"}
{"level":30,"time":1773583046561,"pid":3668,"hostname":"DESKTOP-KPAMGTB","module":"orders","symbol":"AVAXUSDT","orderId":156330672,"msg":"ordre cancel·lada"}
{"level":30,"time":1773583047317,"pid":3668,"hostname":"DESKTOP-KPAMGTB","module":"orders","symbol":"AVAXUSDT","execQty":8,"execValue":77.92,"msg":"market sell after cancel OK"}
{"level":40,"time":1773583062221,"pid":3668,"hostname":"DESKTOP-KPAMGTB","module":"trailing-engine","symbol":"AVAXUSDT","slOrderId":156330672,"status":"CANCELED","msg":"SL cancel·lat/expirat externament"}
{"level":40,"time":1773583062453,"pid":3668,"hostname":"DESKTOP-KPAMGTB","module":"trailing-engine","symbol":"XLMUSDT","slOrderId":121074408,"status":"CANCELED","msg":"SL cancel·lat/expirat externament"}
{"level":30,"time":1773583071139,"pid":3668,"hostname":"DESKTOP-KPAMGTB","module":"orders","symbol":"BTCUSDT","orderListId":2085807,"msg":"OCO cancel·lada"}
{"level":30,"time":1773583071384,"pid":3668,"hostname":"DESKTOP-KPAMGTB","module":"orders","symbol":"BTCUSDT","execQty":0.0011,"execValue":78.681108,"msg":"market sell after cancel OK"}
{"level":30,"time":1773583099884,"pid":3668,"hostname":"DESKTOP-KPAMGTB","module":"binance","symbol":"BTCUSDT","interval":"5m","verdict":"WAIT","score":59,"price":71545.69,"msg":"scanner"}
{"level":30,"time":1773583099938,"pid":3668,"hostname":"DESKTOP-KPAMGTB","module":"binance","symbol":"BTCUSDT","interval":"1h","verdict":"WAIT","score":56,"price":71545.69,"msg":"scanner"}
{"level":30,"time":1773583099954,"pid":3668,"hostname":"DESKTOP-KPAMGTB","module":"binance","symbol":"ETHUSDT","interval":"5m","verdict":"WAIT","score":38,"price":2095.19,"msg":"scanner"}
{"level":30,"time":1773583100062,"pid":3668,"hostname":"DESKTOP-KPAMGTB","module":"binance","symbol":"ETHUSDT","interval":"1h","verdict":"WAIT","score":41,"price":2095.36,"msg":"scanner"}
{"level":30,"time":1773583100520,"pid":3668,"hostname":"DESKTOP-KPAMGTB","module":"binance","symbol":"BNBUSDT","interval":"5m","verdict":"WAIT","score":53,"price":659.63,"msg":"scanner"}
{"level":30,"time":1773583100579,"pid":3668,"hostname":"DESKTOP-KPAMGTB","module":"binance","symbol":"BNBUSDT","interval":"1h","verdict":"WAIT","score":56,"price":659.63,"msg":"scanner"}
{"level":30,"time":1773583100757,"pid":3668,"hostname":"DESKTOP-KPAMGTB","module":"binance","symbol":"SOLUSDT","interval":"5m","verdict":"WAIT","score":41,"price":87.78,"msg":"scanner"}
{"level":30,"time":1773583101015,"pid":3668,"hostname":"DESKTOP-KPAMGTB","module":"binance","symbol":"SOLUSDT","interval":"1h","verdict":"WAIT","score":41,"price":87.79,"msg":"scanner"}
{"level":30,"time":1773583101202,"pid":3668,"hostname":"DESKTOP-KPAMGTB","module":"binance","symbol":"XRPUSDT","interval":"5m","verdict":"BUY","score":69,"price":1.423,"msg":"scanner"}
{"level":30,"time":1773583101319,"pid":3668,"hostname":"DESKTOP-KPAMGTB","module":"binance","symbol":"XRPUSDT","interval":"1h","verdict":"WAIT","score":50,"price":1.423,"msg":"scanner"}
{"level":30,"time":1773583101649,"pid":3668,"hostname":"DESKTOP-KPAMGTB","module":"binance","symbol":"DOGEUSDT","interval":"5m","verdict":"WAIT","score":41,"price":0.09518,"msg":"scanner"}
{"level":30,"time":1773583101670,"pid":3668,"hostname":"DESKTOP-KPAMGTB","module":"binance","symbol":"DOGEUSDT","interval":"1h","verdict":"WAIT","score":44,"price":0.09518,"msg":"scanner"}
{"level":30,"time":1773583102367,"pid":3668,"hostname":"DESKTOP-KPAMGTB","module":"binance","symbol":"ADAUSDT","interval":"5m","verdict":"WAIT","score":47,"price":0.264,"msg":"scanner"}
{"level":30,"time":1773583102693,"pid":3668,"hostname":"DESKTOP-KPAMGTB","module":"binance","symbol":"ADAUSDT","interval":"1h","verdict":"WAIT","score":47,"price":0.264,"msg":"scanner"}
{"level":30,"time":1773583103149,"pid":3668,"hostname":"DESKTOP-KPAMGTB","module":"binance","symbol":"AVAXUSDT","interval":"5m","verdict":"WAIT","score":47,"price":9.74,"msg":"scanner"}
{"level":30,"time":1773583103245,"pid":3668,"hostname":"DESKTOP-KPAMGTB","module":"binance","symbol":"AVAXUSDT","interval":"1h","verdict":"WAIT","score":63,"price":9.74,"msg":"scanner"}
{"level":30,"time":1773583103785,"pid":3668,"hostname":"DESKTOP-KPAMGTB","module":"binance","symbol":"TRXUSDT","interval":"5m","verdict":"BUY","score":66,"price":0.2979,"msg":"scanner"}
{"level":30,"time":1773583104161,"pid":3668,"hostname":"DESKTOP-KPAMGTB","module":"binance","symbol":"TRXUSDT","interval":"1h","verdict":"BUY","score":66,"price":0.2979,"msg":"scanner"}
{"level":30,"time":1773583104573,"pid":3668,"hostname":"DESKTOP-KPAMGTB","module":"binance","symbol":"DOTUSDT","interval":"1h","verdict":"WAIT","score":41,"price":1.421,"msg":"scanner"}
{"level":30,"time":1773583104791,"pid":3668,"hostname":"DESKTOP-KPAMGTB","module":"binance","symbol":"DOTUSDT","interval":"5m","verdict":"WAIT","score":44,"price":1.421,"msg":"scanner"}
{"level":30,"time":1773583105281,"pid":3668,"hostname":"DESKTOP-KPAMGTB","module":"binance","symbol":"LINKUSDT","interval":"5m","verdict":"WAIT","score":47,"price":9.19,"msg":"scanner"}
{"level":30,"time":1773583105910,"pid":3668,"hostname":"DESKTOP-KPAMGTB","module":"binance","symbol":"LINKUSDT","interval":"1h","verdict":"WAIT","score":59,"price":9.19,"msg":"scanner"}
{"level":30,"time":1773583106141,"pid":3668,"hostname":"DESKTOP-KPAMGTB","module":"binance","symbol":"MATICUSDT","interval":"5m","verdict":"WAIT","score":59,"price":0.3794,"msg":"scanner"}
{"level":30,"time":1773583106394,"pid":3668,"hostname":"DESKTOP-KPAMGTB","module":"binance","symbol":"MATICUSDT","interval":"1h","verdict":"WAIT","score":47,"price":0.3794,"msg":"scanner"}
{"level":30,"time":1773583106863,"pid":3668,"hostname":"DESKTOP-KPAMGTB","module":"binance","symbol":"LTCUSDT","interval":"5m","verdict":"WAIT","score":41,"price":55.27,"msg":"scanner"}
{"level":30,"time":1773583107036,"pid":3668,"hostname":"DESKTOP-KPAMGTB","module":"binance","symbol":"LTCUSDT","interval":"1h","verdict":"WAIT","score":63,"price":55.26,"msg":"scanner"}
{"level":30,"time":1773583107726,"pid":3668,"hostname":"DESKTOP-KPAMGTB","module":"binance","symbol":"SHIBUSDT","interval":"5m","verdict":"WAIT","score":41,"price":0.00000584,"msg":"scanner"}
{"level":30,"time":1773583108470,"pid":3668,"hostname":"DESKTOP-KPAMGTB","module":"binance","symbol":"SHIBUSDT","interval":"1h","verdict":"WAIT","score":41,"price":0.00000584,"msg":"scanner"}
{"level":30,"time":1773583108672,"pid":3668,"hostname":"DESKTOP-KPAMGTB","module":"binance","symbol":"UNIUSDT","interval":"5m","verdict":"WAIT","score":47,"price":3.954,"msg":"scanner"}
{"level":30,"time":1773583108845,"pid":3668,"hostname":"DESKTOP-KPAMGTB","module":"binance","symbol":"UNIUSDT","interval":"1h","verdict":"WAIT","score":53,"price":3.954,"msg":"scanner"}
{"level":30,"time":1773583109578,"pid":3668,"hostname":"DESKTOP-KPAMGTB","module":"binance","symbol":"ATOMUSDT","interval":"5m","verdict":"WAIT","score":63,"price":1.863,"msg":"scanner"}
{"level":30,"time":1773583109877,"pid":3668,"hostname":"DESKTOP-KPAMGTB","module":"binance","symbol":"ATOMUSDT","interval":"1h","verdict":"WAIT","score":56,"price":1.863,"msg":"scanner"}
{"level":30,"time":1773583110050,"pid":3668,"hostname":"DESKTOP-KPAMGTB","module":"binance","symbol":"ETCUSDT","interval":"5m","verdict":"WAIT","score":47,"price":8.31,"msg":"scanner"}
{"level":30,"time":1773583110511,"pid":3668,"hostname":"DESKTOP-KPAMGTB","module":"binance","symbol":"ETCUSDT","interval":"1h","verdict":"WAIT","score":50,"price":8.31,"msg":"scanner"}
{"level":30,"time":1773583110769,"pid":3668,"hostname":"DESKTOP-KPAMGTB","module":"binance","symbol":"XLMUSDT","interval":"5m","verdict":"BUY","score":72,"price":0.168,"msg":"scanner"}
{"level":30,"time":1773583110955,"pid":3668,"hostname":"DESKTOP-KPAMGTB","module":"binance","symbol":"XLMUSDT","interval":"1h","verdict":"WAIT","score":53,"price":0.168,"msg":"scanner"}
{"level":30,"time":1773583111423,"pid":3668,"hostname":"DESKTOP-KPAMGTB","module":"binance","symbol":"APTUSDT","interval":"5m","verdict":"WAIT","score":41,"price":0.921,"msg":"scanner"}
{"level":30,"time":1773583111608,"pid":3668,"hostname":"DESKTOP-KPAMGTB","module":"binance","symbol":"APTUSDT","interval":"1h","verdict":"WAIT","score":41,"price":0.921,"msg":"scanner"}
{"level":30,"time":1773583111947,"pid":3668,"hostname":"DESKTOP-KPAMGTB","module":"binance","symbol":"NEARUSDT","interval":"5m","verdict":"WAIT","score":47,"price":1.346,"msg":"scanner"}
{"level":30,"time":1773583112293,"pid":3668,"hostname":"DESKTOP-KPAMGTB","module":"binance","symbol":"NEARUSDT","interval":"1h","verdict":"WAIT","score":63,"price":1.346,"msg":"scanner"}
{"level":30,"time":1773583120256,"pid":3668,"hostname":"DESKTOP-KPAMGTB","module":"binance","assets":22,"msg":"balance"}
{"level":30,"time":1773583120276,"pid":3668,"hostname":"DESKTOP-KPAMGTB","module":"binance","assets":22,"msg":"balance"}
{"level":30,"time":1773583134121,"pid":3668,"hostname":"DESKTOP-KPAMGTB","module":"orders","symbol":"LINKUSDT","qty":"1.60","fillPrice":9.18,"orderId":171165788,"msg":"market sell → USDT"}
{"level":30,"time":1773583135960,"pid":3668,"hostname":"DESKTOP-KPAMGTB","module":"binance","assets":22,"msg":"balance"}
{"level":30,"time":1773583142306,"pid":3668,"hostname":"DESKTOP-KPAMGTB","module":"orders","symbol":"SOLUSDT","qty":"2.719","fillPrice":87.74,"orderId":1170935469,"msg":"market sell → USDT"}
{"level":30,"time":1773583144114,"pid":3668,"hostname":"DESKTOP-KPAMGTB","module":"binance","assets":22,"msg":"balance"}
{"level":30,"time":1773583151395,"pid":3668,"hostname":"DESKTOP-KPAMGTB","module":"trailing-engine","symbol":"BTCUSDT","price":71567.09,"activateAt":71547.19,"msg":"trailing activat"}
{"level":40,"time":1773583151852,"pid":3668,"hostname":"DESKTOP-KPAMGTB","module":"trailing-engine","symbol":"BTCUSDT","orderListId":2085807,"msg":"OCO ja no existeix en activar trailing — eliminant suggeriment"}
{"level":30,"time":1773583200036,"pid":3668,"hostname":"DESKTOP-KPAMGTB","module":"telegram","msg":"informe horari enviat"}
{"level":30,"time":1773583211361,"pid":3668,"hostname":"DESKTOP-KPAMGTB","module":"trailing-engine","symbol":"XRPUSDT","price":1.4234,"activateAt":1.4233,"msg":"trailing activat"}
{"level":40,"time":1773583211586,"pid":3668,"hostname":"DESKTOP-KPAMGTB","module":"trailing-engine","symbol":"XRPUSDT","orderListId":2085808,"msg":"OCO ja no existeix en activar trailing — eliminant suggeriment"}
{"level":50,"time":1773583239612,"pid":3668,"hostname":"DESKTOP-KPAMGTB","module":"trailing-engine","symbol":"BTCUSDT","count":1,"max":3,"err":"fetch failed","msg":"error al cicle"}
{"level":50,"time":1773583239625,"pid":3668,"hostname":"DESKTOP-KPAMGTB","module":"trailing-engine","symbol":"BTCUSDT","count":1,"max":3,"err":"fetch failed","msg":"error al cicle"}
{"level":50,"time":1773583239635,"pid":3668,"hostname":"DESKTOP-KPAMGTB","module":"trailing-engine","symbol":"BTCUSDT","count":1,"max":3,"err":"fetch failed","msg":"error al cicle"}
{"level":50,"time":1773583241914,"pid":3668,"hostname":"DESKTOP-KPAMGTB","module":"api","source":"orders","code":"NETWORK","err":"fetch failed","msg":"error de ruta"}
{"level":50,"time":1773583257518,"pid":3668,"hostname":"DESKTOP-KPAMGTB","module":"api","source":"orders","code":"NETWORK","err":"fetch failed","msg":"error de ruta"}
{"level":50,"time":1773583269622,"pid":3668,"hostname":"DESKTOP-KPAMGTB","module":"trailing-engine","symbol":"BTCUSDT","count":2,"max":3,"err":"fetch failed","msg":"error al cicle"}
{"level":50,"time":1773583269629,"pid":3668,"hostname":"DESKTOP-KPAMGTB","module":"trailing-engine","symbol":"BTCUSDT","count":2,"max":3,"err":"fetch failed","msg":"error al cicle"}
{"level":50,"time":1773583269640,"pid":3668,"hostname":"DESKTOP-KPAMGTB","module":"trailing-engine","symbol":"BTCUSDT","count":2,"max":3,"err":"fetch failed","msg":"error al cicle"}
{"level":50,"time":1773583271952,"pid":3668,"hostname":"DESKTOP-KPAMGTB","module":"api","source":"orders","code":"NETWORK","err":"fetch failed","msg":"error de ruta"}
{"level":50,"time":1773583288895,"pid":3668,"hostname":"DESKTOP-KPAMGTB","module":"api","source":"orders","code":"NETWORK","err":"fetch failed","msg":"error de ruta"}
{"level":50,"time":1773583302948,"pid":3668,"hostname":"DESKTOP-KPAMGTB","module":"api","source":"orders","code":"NETWORK","err":"fetch failed","msg":"error de ruta"}
{"level":50,"time":1773583309652,"pid":3668,"hostname":"DESKTOP-KPAMGTB","module":"trailing-engine","symbol":"BTCUSDT","count":3,"max":3,"err":"fetch failed","msg":"error al cicle"}
{"level":40,"time":1773583309654,"pid":3668,"hostname":"DESKTOP-KPAMGTB","module":"trailing-engine","symbol":"BTCUSDT","count":3,"pauseSecs":60,"msg":"pausat per errors consecutius"}
{"level":50,"time":1773583309661,"pid":3668,"hostname":"DESKTOP-KPAMGTB","module":"trailing-engine","symbol":"BTCUSDT","count":3,"max":3,"err":"fetch failed","msg":"error al cicle"}
{"level":40,"time":1773583309662,"pid":3668,"hostname":"DESKTOP-KPAMGTB","module":"trailing-engine","symbol":"BTCUSDT","count":3,"pauseSecs":60,"msg":"pausat per errors consecutius"}
{"level":50,"time":1773583309673,"pid":3668,"hostname":"DESKTOP-KPAMGTB","module":"trailing-engine","symbol":"BTCUSDT","count":3,"max":3,"err":"fetch failed","msg":"error al cicle"}
{"level":40,"time":1773583309674,"pid":3668,"hostname":"DESKTOP-KPAMGTB","module":"trailing-engine","symbol":"BTCUSDT","count":3,"pauseSecs":60,"msg":"pausat per errors consecutius"}
{"level":50,"time":1773583316909,"pid":3668,"hostname":"DESKTOP-KPAMGTB","module":"api","source":"orders","code":"NETWORK","err":"fetch failed","msg":"error de ruta"}
{"level":50,"time":1773583332109,"pid":3668,"hostname":"DESKTOP-KPAMGTB","module":"api","source":"orders","code":"NETWORK","err":"fetch failed","msg":"error de ruta"}
{"level":50,"time":1773583346944,"pid":3668,"hostname":"DESKTOP-KPAMGTB","module":"api","source":"orders","code":"NETWORK","err":"fetch failed","msg":"error de ruta"}
{"level":50,"time":1773583361916,"pid":3668,"hostname":"DESKTOP-KPAMGTB","module":"api","source":"orders","code":"NETWORK","err":"fetch failed","msg":"error de ruta"}
{"level":50,"time":1773583376908,"pid":3668,"hostname":"DESKTOP-KPAMGTB","module":"api","source":"orders","code":"NETWORK","err":"fetch failed","msg":"error de ruta"}
{"level":50,"time":1773583389651,"pid":3668,"hostname":"DESKTOP-KPAMGTB","module":"trailing-engine","symbol":"BTCUSDT","count":1,"max":3,"err":"fetch failed","msg":"error al cicle"}
{"level":50,"time":1773583389660,"pid":3668,"hostname":"DESKTOP-KPAMGTB","module":"trailing-engine","symbol":"BTCUSDT","count":1,"max":3,"err":"fetch failed","msg":"error al cicle"}
{"level":50,"time":1773583389669,"pid":3668,"hostname":"DESKTOP-KPAMGTB","module":"trailing-engine","symbol":"BTCUSDT","count":1,"max":3,"err":"fetch failed","msg":"error al cicle"}
{"level":50,"time":1773583392511,"pid":3668,"hostname":"DESKTOP-KPAMGTB","module":"api","source":"orders","code":"NETWORK","err":"fetch failed","msg":"error de ruta"}
{"level":50,"time":1773583406900,"pid":3668,"hostname":"DESKTOP-KPAMGTB","module":"api","source":"orders","code":"NETWORK","err":"fetch failed","msg":"error de ruta"}
{"level":50,"time":1773583419653,"pid":3668,"hostname":"DESKTOP-KPAMGTB","module":"trailing-engine","symbol":"BTCUSDT","count":2,"max":3,"err":"fetch failed","msg":"error al cicle"}
{"level":50,"time":1773583419665,"pid":3668,"hostname":"DESKTOP-KPAMGTB","module":"trailing-engine","symbol":"BTCUSDT","count":2,"max":3,"err":"fetch failed","msg":"error al cicle"}
{"level":50,"time":1773583419677,"pid":3668,"hostname":"DESKTOP-KPAMGTB","module":"trailing-engine","symbol":"BTCUSDT","count":2,"max":3,"err":"fetch failed","msg":"error al cicle"}
{"level":50,"time":1773583421917,"pid":3668,"hostname":"DESKTOP-KPAMGTB","module":"api","source":"orders","code":"NETWORK","err":"fetch failed","msg":"error de ruta"}
{"level":50,"time":1773583436903,"pid":3668,"hostname":"DESKTOP-KPAMGTB","module":"api","source":"orders","code":"NETWORK","err":"fetch failed","msg":"error de ruta"}
{"level":50,"time":1773583449666,"pid":3668,"hostname":"DESKTOP-KPAMGTB","module":"trailing-engine","symbol":"BTCUSDT","count":3,"max":3,"err":"fetch failed","msg":"error al cicle"}
{"level":40,"time":1773583449667,"pid":3668,"hostname":"DESKTOP-KPAMGTB","module":"trailing-engine","symbol":"BTCUSDT","count":3,"pauseSecs":60,"msg":"pausat per errors consecutius"}
{"level":50,"time":1773583449676,"pid":3668,"hostname":"DESKTOP-KPAMGTB","module":"trailing-engine","symbol":"BTCUSDT","count":3,"max":3,"err":"fetch failed","msg":"error al cicle"}
{"level":40,"time":1773583449677,"pid":3668,"hostname":"DESKTOP-KPAMGTB","module":"trailing-engine","symbol":"BTCUSDT","count":3,"pauseSecs":60,"msg":"pausat per errors consecutius"}
{"level":50,"time":1773583449688,"pid":3668,"hostname":"DESKTOP-KPAMGTB","module":"trailing-engine","symbol":"BTCUSDT","count":3,"max":3,"err":"fetch failed","msg":"error al cicle"}
{"level":40,"time":1773583449689,"pid":3668,"hostname":"DESKTOP-KPAMGTB","module":"trailing-engine","symbol":"BTCUSDT","count":3,"pauseSecs":60,"msg":"pausat per errors consecutius"}
{"level":50,"time":1773583452125,"pid":3668,"hostname":"DESKTOP-KPAMGTB","module":"api","source":"orders","code":"NETWORK","err":"fetch failed","msg":"error de ruta"}
{"level":50,"time":1773583468538,"pid":3668,"hostname":"DESKTOP-KPAMGTB","module":"api","source":"orders","code":"NETWORK","err":"fetch failed","msg":"error de ruta"}
{"level":50,"time":1773583481916,"pid":3668,"hostname":"DESKTOP-KPAMGTB","module":"api","source":"orders","code":"NETWORK","err":"fetch failed","msg":"error de ruta"}
{"level":50,"time":1773583506908,"pid":3668,"hostname":"DESKTOP-KPAMGTB","module":"api","source":"orders","code":"NETWORK","err":"fetch failed","msg":"error de ruta"}
{"level":50,"time":1773583509676,"pid":3668,"hostname":"DESKTOP-KPAMGTB","module":"trailing-engine","symbol":"BTCUSDT","count":1,"max":3,"err":"fetch failed","msg":"error al cicle"}
{"level":50,"time":1773583509686,"pid":3668,"hostname":"DESKTOP-KPAMGTB","module":"trailing-engine","symbol":"BTCUSDT","count":1,"max":3,"err":"fetch failed","msg":"error al cicle"}
{"level":50,"time":1773583512238,"pid":3668,"hostname":"DESKTOP-KPAMGTB","module":"api","source":"orders","code":"NETWORK","err":"fetch failed","msg":"error de ruta"}
{"level":50,"time":1773583529297,"pid":3668,"hostname":"DESKTOP-KPAMGTB","module":"api","source":"orders","code":"NETWORK","err":"fetch failed","msg":"error de ruta"}
{"level":50,"time":1773583539683,"pid":3668,"hostname":"DESKTOP-KPAMGTB","module":"trailing-engine","symbol":"BTCUSDT","count":2,"max":3,"err":"fetch failed","msg":"error al cicle"}
{"level":50,"time":1773583539692,"pid":3668,"hostname":"DESKTOP-KPAMGTB","module":"trailing-engine","symbol":"BTCUSDT","count":2,"max":3,"err":"fetch failed","msg":"error al cicle"}
{"level":50,"time":1773583539704,"pid":3668,"hostname":"DESKTOP-KPAMGTB","module":"trailing-engine","symbol":"BTCUSDT","count":1,"max":3,"err":"fetch failed","msg":"error al cicle"}
{"level":50,"time":1773583541916,"pid":3668,"hostname":"DESKTOP-KPAMGTB","module":"api","source":"orders","code":"NETWORK","err":"fetch failed","msg":"error de ruta"}
{"level":50,"time":1773583556920,"pid":3668,"hostname":"DESKTOP-KPAMGTB","module":"api","source":"orders","code":"NETWORK","err":"fetch failed","msg":"error de ruta"}
{"level":50,"time":1773583569692,"pid":3668,"hostname":"DESKTOP-KPAMGTB","module":"trailing-engine","symbol":"BTCUSDT","count":3,"max":3,"err":"fetch failed","msg":"error al cicle"}
{"level":40,"time":1773583569693,"pid":3668,"hostname":"DESKTOP-KPAMGTB","module":"trailing-engine","symbol":"BTCUSDT","count":3,"pauseSecs":60,"msg":"pausat per errors consecutius"}
{"level":50,"time":1773583569700,"pid":3668,"hostname":"DESKTOP-KPAMGTB","module":"trailing-engine","symbol":"BTCUSDT","count":3,"max":3,"err":"fetch failed","msg":"error al cicle"}
{"level":40,"time":1773583569701,"pid":3668,"hostname":"DESKTOP-KPAMGTB","module":"trailing-engine","symbol":"BTCUSDT","count":3,"pauseSecs":60,"msg":"pausat per errors consecutius"}
{"level":50,"time":1773583569713,"pid":3668,"hostname":"DESKTOP-KPAMGTB","module":"trailing-engine","symbol":"BTCUSDT","count":2,"max":3,"err":"fetch failed","msg":"error al cicle"}
{"level":50,"time":1773583572070,"pid":3668,"hostname":"DESKTOP-KPAMGTB","module":"api","source":"orders","code":"NETWORK","err":"fetch failed","msg":"error de ruta"}
{"level":50,"time":1773583586921,"pid":3668,"hostname":"DESKTOP-KPAMGTB","module":"api","source":"orders","code":"NETWORK","err":"fetch failed","msg":"error de ruta"}
{"level":50,"time":1773583599701,"pid":3668,"hostname":"DESKTOP-KPAMGTB","module":"trailing-engine","symbol":"BTCUSDT","count":3,"max":3,"err":"fetch failed","msg":"error al cicle"}
{"level":40,"time":1773583599702,"pid":3668,"hostname":"DESKTOP-KPAMGTB","module":"trailing-engine","symbol":"BTCUSDT","count":3,"pauseSecs":60,"msg":"pausat per errors consecutius"}
{"level":50,"time":1773583601912,"pid":3668,"hostname":"DESKTOP-KPAMGTB","module":"api","source":"orders","code":"NETWORK","err":"fetch failed","msg":"error de ruta"}
{"level":50,"time":1773583616920,"pid":3668,"hostname":"DESKTOP-KPAMGTB","module":"api","source":"orders","code":"NETWORK","err":"fetch failed","msg":"error de ruta"}
{"level":50,"time":1773583629713,"pid":3668,"hostname":"DESKTOP-KPAMGTB","module":"trailing-engine","symbol":"BTCUSDT","count":1,"max":3,"err":"fetch failed","msg":"error al cicle"}
{"level":50,"time":1773583629721,"pid":3668,"hostname":"DESKTOP-KPAMGTB","module":"trailing-engine","symbol":"BTCUSDT","count":1,"max":3,"err":"fetch failed","msg":"error al cicle"}
{"level":50,"time":1773583632095,"pid":3668,"hostname":"DESKTOP-KPAMGTB","module":"api","source":"orders","code":"NETWORK","err":"fetch failed","msg":"error de ruta"}
{"level":50,"time":1773583646919,"pid":3668,"hostname":"DESKTOP-KPAMGTB","module":"api","source":"orders","code":"NETWORK","err":"fetch failed","msg":"error de ruta"}
{"level":50,"time":1773583659724,"pid":3668,"hostname":"DESKTOP-KPAMGTB","module":"trailing-engine","symbol":"BTCUSDT","count":2,"max":3,"err":"fetch failed","msg":"error al cicle"}
{"level":50,"time":1773583659730,"pid":3668,"hostname":"DESKTOP-KPAMGTB","module":"trailing-engine","symbol":"BTCUSDT","count":2,"max":3,"err":"fetch failed","msg":"error al cicle"}
{"level":50,"time":1773583659738,"pid":3668,"hostname":"DESKTOP-KPAMGTB","module":"trailing-engine","symbol":"BTCUSDT","count":1,"max":3,"err":"fetch failed","msg":"error al cicle"}
{"level":50,"time":1773583661911,"pid":3668,"hostname":"DESKTOP-KPAMGTB","module":"api","source":"orders","code":"NETWORK","err":"fetch failed","msg":"error de ruta"}
{"level":50,"time":1773583676912,"pid":3668,"hostname":"DESKTOP-KPAMGTB","module":"api","source":"orders","code":"NETWORK","err":"fetch failed","msg":"error de ruta"}
{"level":50,"time":1773583689735,"pid":3668,"hostname":"DESKTOP-KPAMGTB","module":"trailing-engine","symbol":"BTCUSDT","count":3,"max":3,"err":"fetch failed","msg":"error al cicle"}
{"level":40,"time":1773583689736,"pid":3668,"hostname":"DESKTOP-KPAMGTB","module":"trailing-engine","symbol":"BTCUSDT","count":3,"pauseSecs":60,"msg":"pausat per errors consecutius"}
{"level":50,"time":1773583689742,"pid":3668,"hostname":"DESKTOP-KPAMGTB","module":"trailing-engine","symbol":"BTCUSDT","count":3,"max":3,"err":"fetch failed","msg":"error al cicle"}
{"level":40,"time":1773583689743,"pid":3668,"hostname":"DESKTOP-KPAMGTB","module":"trailing-engine","symbol":"BTCUSDT","count":3,"pauseSecs":60,"msg":"pausat per errors consecutius"}
{"level":50,"time":1773583689753,"pid":3668,"hostname":"DESKTOP-KPAMGTB","module":"trailing-engine","symbol":"BTCUSDT","count":2,"max":3,"err":"fetch failed","msg":"error al cicle"}
{"level":50,"time":1773583692013,"pid":3668,"hostname":"DESKTOP-KPAMGTB","module":"api","source":"orders","code":"NETWORK","err":"fetch failed","msg":"error de ruta"}
{"level":50,"time":1773583706923,"pid":3668,"hostname":"DESKTOP-KPAMGTB","module":"api","source":"orders","code":"NETWORK","err":"fetch failed","msg":"error de ruta"}
{"level":50,"time":1773583719737,"pid":3668,"hostname":"DESKTOP-KPAMGTB","module":"trailing-engine","symbol":"BTCUSDT","count":3,"max":3,"err":"fetch failed","msg":"error al cicle"}
{"level":40,"time":1773583719738,"pid":3668,"hostname":"DESKTOP-KPAMGTB","module":"trailing-engine","symbol":"BTCUSDT","count":3,"pauseSecs":60,"msg":"pausat per errors consecutius"}
{"level":50,"time":1773583721900,"pid":3668,"hostname":"DESKTOP-KPAMGTB","module":"api","source":"orders","code":"NETWORK","err":"fetch failed","msg":"error de ruta"}
{"level":50,"time":1773583736907,"pid":3668,"hostname":"DESKTOP-KPAMGTB","module":"api","source":"orders","code":"NETWORK","err":"fetch failed","msg":"error de ruta"}
{"level":50,"time":1773583752057,"pid":3668,"hostname":"DESKTOP-KPAMGTB","module":"api","source":"orders","code":"NETWORK","err":"fetch failed","msg":"error de ruta"}
{"level":50,"time":1773583767414,"pid":3668,"hostname":"DESKTOP-KPAMGTB","module":"api","source":"orders","code":"NETWORK","err":"fetch failed","msg":"error de ruta"}
{"level":50,"time":1773583779743,"pid":3668,"hostname":"DESKTOP-KPAMGTB","module":"trailing-engine","symbol":"BTCUSDT","count":1,"max":3,"err":"fetch failed","msg":"error al cicle"}
{"level":50,"time":1773583779750,"pid":3668,"hostname":"DESKTOP-KPAMGTB","module":"trailing-engine","symbol":"BTCUSDT","count":1,"max":3,"err":"fetch failed","msg":"error al cicle"}
{"level":50,"time":1773583779759,"pid":3668,"hostname":"DESKTOP-KPAMGTB","module":"trailing-engine","symbol":"BTCUSDT","count":1,"max":3,"err":"fetch failed","msg":"error al cicle"}
{"level":50,"time":1773583782411,"pid":3668,"hostname":"DESKTOP-KPAMGTB","module":"api","source":"orders","code":"NETWORK","err":"fetch failed","msg":"error de ruta"}
{"level":50,"time":1773583797414,"pid":3668,"hostname":"DESKTOP-KPAMGTB","module":"api","source":"orders","code":"NETWORK","err":"fetch failed","msg":"error de ruta"}
{"level":50,"time":1773583809745,"pid":3668,"hostname":"DESKTOP-KPAMGTB","module":"trailing-engine","symbol":"BTCUSDT","count":2,"max":3,"err":"fetch failed","msg":"error al cicle"}
{"level":50,"time":1773583809754,"pid":3668,"hostname":"DESKTOP-KPAMGTB","module":"trailing-engine","symbol":"BTCUSDT","count":2,"max":3,"err":"fetch failed","msg":"error al cicle"}
{"level":50,"time":1773583809764,"pid":3668,"hostname":"DESKTOP-KPAMGTB","module":"trailing-engine","symbol":"BTCUSDT","count":2,"max":3,"err":"fetch failed","msg":"error al cicle"}
{"level":50,"time":1773583812413,"pid":3668,"hostname":"DESKTOP-KPAMGTB","module":"api","source":"orders","code":"NETWORK","err":"fetch failed","msg":"error de ruta"}
{"level":50,"time":1773583839757,"pid":3668,"hostname":"DESKTOP-KPAMGTB","module":"trailing-engine","symbol":"BTCUSDT","count":3,"max":3,"err":"fetch failed","msg":"error al cicle"}
{"level":40,"time":1773583839758,"pid":3668,"hostname":"DESKTOP-KPAMGTB","module":"trailing-engine","symbol":"BTCUSDT","count":3,"pauseSecs":60,"msg":"pausat per errors consecutius"}
{"level":50,"time":1773583839768,"pid":3668,"hostname":"DESKTOP-KPAMGTB","module":"trailing-engine","symbol":"BTCUSDT","count":3,"max":3,"err":"fetch failed","msg":"error al cicle"}
{"level":40,"time":1773583839769,"pid":3668,"hostname":"DESKTOP-KPAMGTB","module":"trailing-engine","symbol":"BTCUSDT","count":3,"pauseSecs":60,"msg":"pausat per errors consecutius"}
{"level":50,"time":1773583839779,"pid":3668,"hostname":"DESKTOP-KPAMGTB","module":"trailing-engine","symbol":"BTCUSDT","count":3,"max":3,"err":"fetch failed","msg":"error al cicle"}
{"level":40,"time":1773583839780,"pid":3668,"hostname":"DESKTOP-KPAMGTB","module":"trailing-engine","symbol":"BTCUSDT","count":3,"pauseSecs":60,"msg":"pausat per errors consecutius"}
{"level":50,"time":1773583864490,"pid":3668,"hostname":"DESKTOP-KPAMGTB","module":"api","source":"orders","code":"NETWORK","err":"fetch failed","msg":"error de ruta"}
{"level":50,"time":1773583899774,"pid":3668,"hostname":"DESKTOP-KPAMGTB","module":"trailing-engine","symbol":"BTCUSDT","count":1,"max":3,"err":"fetch failed","msg":"error al cicle"}
{"level":50,"time":1773583899782,"pid":3668,"hostname":"DESKTOP-KPAMGTB","module":"trailing-engine","symbol":"BTCUSDT","count":1,"max":3,"err":"fetch failed","msg":"error al cicle"}
{"level":50,"time":1773583899789,"pid":3668,"hostname":"DESKTOP-KPAMGTB","module":"trailing-engine","symbol":"BTCUSDT","count":1,"max":3,"err":"fetch failed","msg":"error al cicle"}
{"level":50,"time":1773583924508,"pid":3668,"hostname":"DESKTOP-KPAMGTB","module":"api","source":"orders","code":"NETWORK","err":"fetch failed","msg":"error de ruta"}
{"level":50,"time":1773583929781,"pid":3668,"hostname":"DESKTOP-KPAMGTB","module":"trailing-engine","symbol":"BTCUSDT","count":2,"max":3,"err":"fetch failed","msg":"error al cicle"}
{"level":50,"time":1773583929786,"pid":3668,"hostname":"DESKTOP-KPAMGTB","module":"trailing-engine","symbol":"BTCUSDT","count":2,"max":3,"err":"fetch failed","msg":"error al cicle"}
{"level":50,"time":1773583929793,"pid":3668,"hostname":"DESKTOP-KPAMGTB","module":"trailing-engine","symbol":"BTCUSDT","count":2,"max":3,"err":"fetch failed","msg":"error al cicle"}
{"level":50,"time":1773583959790,"pid":3668,"hostname":"DESKTOP-KPAMGTB","module":"trailing-engine","symbol":"BTCUSDT","count":3,"max":3,"err":"fetch failed","msg":"error al cicle"}
{"level":40,"time":1773583959791,"pid":3668,"hostname":"DESKTOP-KPAMGTB","module":"trailing-engine","symbol":"BTCUSDT","count":3,"pauseSecs":60,"msg":"pausat per errors consecutius"}
{"level":50,"time":1773583959796,"pid":3668,"hostname":"DESKTOP-KPAMGTB","module":"trailing-engine","symbol":"BTCUSDT","count":3,"max":3,"err":"fetch failed","msg":"error al cicle"}
{"level":40,"time":1773583959796,"pid":3668,"hostname":"DESKTOP-KPAMGTB","module":"trailing-engine","symbol":"BTCUSDT","count":3,"pauseSecs":60,"msg":"pausat per errors consecutius"}
{"level":50,"time":1773583959803,"pid":3668,"hostname":"DESKTOP-KPAMGTB","module":"trailing-engine","symbol":"BTCUSDT","count":3,"max":3,"err":"fetch failed","msg":"error al cicle"}
{"level":40,"time":1773583959803,"pid":3668,"hostname":"DESKTOP-KPAMGTB","module":"trailing-engine","symbol":"BTCUSDT","count":3,"pauseSecs":60,"msg":"pausat per errors consecutius"}
{"level":50,"time":1773583984573,"pid":3668,"hostname":"DESKTOP-KPAMGTB","module":"api","source":"orders","code":"NETWORK","err":"fetch failed","msg":"error de ruta"}
{"level":50,"time":1773584019412,"pid":3668,"hostname":"DESKTOP-KPAMGTB","module":"api","source":"balance","code":"NETWORK","err":"fetch failed","msg":"error de ruta"}
{"level":50,"time":1773584019797,"pid":3668,"hostname":"DESKTOP-KPAMGTB","module":"trailing-engine","symbol":"BTCUSDT","count":1,"max":3,"err":"fetch failed","msg":"error al cicle"}
{"level":50,"time":1773584019802,"pid":3668,"hostname":"DESKTOP-KPAMGTB","module":"trailing-engine","symbol":"BTCUSDT","count":1,"max":3,"err":"fetch failed","msg":"error al cicle"}
{"level":50,"time":1773584019809,"pid":3668,"hostname":"DESKTOP-KPAMGTB","module":"trailing-engine","symbol":"BTCUSDT","count":1,"max":3,"err":"fetch failed","msg":"error al cicle"}
{"level":50,"time":1773584044512,"pid":3668,"hostname":"DESKTOP-KPAMGTB","module":"api","source":"orders","code":"NETWORK","err":"fetch failed","msg":"error de ruta"}
{"level":50,"time":1773584049805,"pid":3668,"hostname":"DESKTOP-KPAMGTB","module":"trailing-engine","symbol":"BTCUSDT","count":2,"max":3,"err":"fetch failed","msg":"error al cicle"}
{"level":50,"time":1773584049810,"pid":3668,"hostname":"DESKTOP-KPAMGTB","module":"trailing-engine","symbol":"BTCUSDT","count":2,"max":3,"err":"fetch failed","msg":"error al cicle"}
{"level":50,"time":1773584049818,"pid":3668,"hostname":"DESKTOP-KPAMGTB","module":"trailing-engine","symbol":"BTCUSDT","count":2,"max":3,"err":"fetch failed","msg":"error al cicle"}
{"level":50,"time":1773584079805,"pid":3668,"hostname":"DESKTOP-KPAMGTB","module":"trailing-engine","symbol":"BTCUSDT","count":3,"max":3,"err":"fetch failed","msg":"error al cicle"}
{"level":40,"time":1773584079806,"pid":3668,"hostname":"DESKTOP-KPAMGTB","module":"trailing-engine","symbol":"BTCUSDT","count":3,"pauseSecs":60,"msg":"pausat per errors consecutius"}
{"level":50,"time":1773584079814,"pid":3668,"hostname":"DESKTOP-KPAMGTB","module":"trailing-engine","symbol":"BTCUSDT","count":3,"max":3,"err":"fetch failed","msg":"error al cicle"}
{"level":40,"time":1773584079817,"pid":3668,"hostname":"DESKTOP-KPAMGTB","module":"trailing-engine","symbol":"BTCUSDT","count":3,"pauseSecs":60,"msg":"pausat per errors consecutius"}
{"level":50,"time":1773584079828,"pid":3668,"hostname":"DESKTOP-KPAMGTB","module":"trailing-engine","symbol":"BTCUSDT","count":3,"max":3,"err":"fetch failed","msg":"error al cicle"}
{"level":40,"time":1773584079830,"pid":3668,"hostname":"DESKTOP-KPAMGTB","module":"trailing-engine","symbol":"BTCUSDT","count":3,"pauseSecs":60,"msg":"pausat per errors consecutius"}
{"level":50,"time":1773584104556,"pid":3668,"hostname":"DESKTOP-KPAMGTB","module":"api","source":"orders","code":"NETWORK","err":"fetch failed","msg":"error de ruta"}
{"level":50,"time":1773584139826,"pid":3668,"hostname":"DESKTOP-KPAMGTB","module":"trailing-engine","symbol":"BTCUSDT","count":1,"max":3,"err":"fetch failed","msg":"error al cicle"}
{"level":50,"time":1773584139831,"pid":3668,"hostname":"DESKTOP-KPAMGTB","module":"trailing-engine","symbol":"BTCUSDT","count":1,"max":3,"err":"fetch failed","msg":"error al cicle"}
{"level":50,"time":1773584139838,"pid":3668,"hostname":"DESKTOP-KPAMGTB","module":"trailing-engine","symbol":"BTCUSDT","count":1,"max":3,"err":"fetch failed","msg":"error al cicle"}
{"level":50,"time":1773584164483,"pid":3668,"hostname":"DESKTOP-KPAMGTB","module":"api","source":"orders","code":"NETWORK","err":"fetch failed","msg":"error de ruta"}
{"level":50,"time":1773584169836,"pid":3668,"hostname":"DESKTOP-KPAMGTB","module":"trailing-engine","symbol":"BTCUSDT","count":2,"max":3,"err":"fetch failed","msg":"error al cicle"}
{"level":50,"time":1773584169842,"pid":3668,"hostname":"DESKTOP-KPAMGTB","module":"trailing-engine","symbol":"BTCUSDT","count":2,"max":3,"err":"fetch failed","msg":"error al cicle"}
{"level":50,"time":1773584169848,"pid":3668,"hostname":"DESKTOP-KPAMGTB","module":"trailing-engine","symbol":"BTCUSDT","count":2,"max":3,"err":"fetch failed","msg":"error al cicle"}
{"level":50,"time":1773584199853,"pid":3668,"hostname":"DESKTOP-KPAMGTB","module":"trailing-engine","symbol":"BTCUSDT","count":3,"max":3,"err":"fetch failed","msg":"error al cicle"}
{"level":40,"time":1773584199855,"pid":3668,"hostname":"DESKTOP-KPAMGTB","module":"trailing-engine","symbol":"BTCUSDT","count":3,"pauseSecs":60,"msg":"pausat per errors consecutius"}
{"level":50,"time":1773584199873,"pid":3668,"hostname":"DESKTOP-KPAMGTB","module":"trailing-engine","symbol":"BTCUSDT","count":3,"max":3,"err":"fetch failed","msg":"error al cicle"}
{"level":40,"time":1773584199873,"pid":3668,"hostname":"DESKTOP-KPAMGTB","module":"trailing-engine","symbol":"BTCUSDT","count":3,"pauseSecs":60,"msg":"pausat per errors consecutius"}
{"level":50,"time":1773584199880,"pid":3668,"hostname":"DESKTOP-KPAMGTB","module":"trailing-engine","symbol":"BTCUSDT","count":3,"max":3,"err":"fetch failed","msg":"error al cicle"}
{"level":40,"time":1773584199881,"pid":3668,"hostname":"DESKTOP-KPAMGTB","module":"trailing-engine","symbol":"BTCUSDT","count":3,"pauseSecs":60,"msg":"pausat per errors consecutius"}
{"level":50,"time":1773584224500,"pid":3668,"hostname":"DESKTOP-KPAMGTB","module":"api","source":"orders","code":"NETWORK","err":"fetch failed","msg":"error de ruta"}
{"level":50,"time":1773584284482,"pid":3668,"hostname":"DESKTOP-KPAMGTB","module":"api","source":"orders","code":"NETWORK","err":"fetch failed","msg":"error de ruta"}
{"level":50,"time":1773584289870,"pid":3668,"hostname":"DESKTOP-KPAMGTB","module":"trailing-engine","symbol":"BTCUSDT","count":1,"max":3,"err":"fetch failed","msg":"error al cicle"}
{"level":50,"time":1773584289879,"pid":3668,"hostname":"DESKTOP-KPAMGTB","module":"trailing-engine","symbol":"BTCUSDT","count":1,"max":3,"err":"fetch failed","msg":"error al cicle"}
{"level":50,"time":1773584289888,"pid":3668,"hostname":"DESKTOP-KPAMGTB","module":"trailing-engine","symbol":"BTCUSDT","count":1,"max":3,"err":"fetch failed","msg":"error al cicle"}
{"level":50,"time":1773584319885,"pid":3668,"hostname":"DESKTOP-KPAMGTB","module":"trailing-engine","symbol":"BTCUSDT","count":2,"max":3,"err":"fetch failed","msg":"error al cicle"}
{"level":50,"time":1773584319895,"pid":3668,"hostname":"DESKTOP-KPAMGTB","module":"trailing-engine","symbol":"BTCUSDT","count":2,"max":3,"err":"fetch failed","msg":"error al cicle"}
{"level":50,"time":1773584319905,"pid":3668,"hostname":"DESKTOP-KPAMGTB","module":"trailing-engine","symbol":"BTCUSDT","count":2,"max":3,"err":"fetch failed","msg":"error al cicle"}
{"level":50,"time":1773584344472,"pid":3668,"hostname":"DESKTOP-KPAMGTB","module":"api","source":"orders","code":"NETWORK","err":"fetch failed","msg":"error de ruta"}
{"level":50,"time":1773584349897,"pid":3668,"hostname":"DESKTOP-KPAMGTB","module":"trailing-engine","symbol":"BTCUSDT","count":3,"max":3,"err":"fetch failed","msg":"error al cicle"}
{"level":40,"time":1773584349899,"pid":3668,"hostname":"DESKTOP-KPAMGTB","module":"trailing-engine","symbol":"BTCUSDT","count":3,"pauseSecs":60,"msg":"pausat per errors consecutius"}
{"level":50,"time":1773584349908,"pid":3668,"hostname":"DESKTOP-KPAMGTB","module":"trailing-engine","symbol":"BTCUSDT","count":3,"max":3,"err":"fetch failed","msg":"error al cicle"}
{"level":40,"time":1773584349909,"pid":3668,"hostname":"DESKTOP-KPAMGTB","module":"trailing-engine","symbol":"BTCUSDT","count":3,"pauseSecs":60,"msg":"pausat per errors consecutius"}
{"level":50,"time":1773584349921,"pid":3668,"hostname":"DESKTOP-KPAMGTB","module":"trailing-engine","symbol":"BTCUSDT","count":3,"max":3,"err":"fetch failed","msg":"error al cicle"}
{"level":40,"time":1773584349922,"pid":3668,"hostname":"DESKTOP-KPAMGTB","module":"trailing-engine","symbol":"BTCUSDT","count":3,"pauseSecs":60,"msg":"pausat per errors consecutius"}
{"level":50,"time":1773584404467,"pid":3668,"hostname":"DESKTOP-KPAMGTB","module":"api","source":"orders","code":"NETWORK","err":"fetch failed","msg":"error de ruta"}
{"level":50,"time":1773584409909,"pid":3668,"hostname":"DESKTOP-KPAMGTB","module":"trailing-engine","symbol":"BTCUSDT","count":1,"max":3,"err":"fetch failed","msg":"error al cicle"}
{"level":50,"time":1773584409917,"pid":3668,"hostname":"DESKTOP-KPAMGTB","module":"trailing-engine","symbol":"BTCUSDT","count":1,"max":3,"err":"fetch failed","msg":"error al cicle"}
{"level":50,"time":1773584439922,"pid":3668,"hostname":"DESKTOP-KPAMGTB","module":"trailing-engine","symbol":"BTCUSDT","count":2,"max":3,"err":"fetch failed","msg":"error al cicle"}
{"level":50,"time":1773584439931,"pid":3668,"hostname":"DESKTOP-KPAMGTB","module":"trailing-engine","symbol":"BTCUSDT","count":2,"max":3,"err":"fetch failed","msg":"error al cicle"}
{"level":50,"time":1773584439941,"pid":3668,"hostname":"DESKTOP-KPAMGTB","module":"trailing-engine","symbol":"BTCUSDT","count":1,"max":3,"err":"fetch failed","msg":"error al cicle"}
{"level":50,"time":1773584464498,"pid":3668,"hostname":"DESKTOP-KPAMGTB","module":"api","source":"orders","code":"NETWORK","err":"fetch failed","msg":"error de ruta"}
{"level":50,"time":1773584469932,"pid":3668,"hostname":"DESKTOP-KPAMGTB","module":"trailing-engine","symbol":"BTCUSDT","count":3,"max":3,"err":"fetch failed","msg":"error al cicle"}
{"level":40,"time":1773584469933,"pid":3668,"hostname":"DESKTOP-KPAMGTB","module":"trailing-engine","symbol":"BTCUSDT","count":3,"pauseSecs":60,"msg":"pausat per errors consecutius"}
{"level":50,"time":1773584469943,"pid":3668,"hostname":"DESKTOP-KPAMGTB","module":"trailing-engine","symbol":"BTCUSDT","count":3,"max":3,"err":"fetch failed","msg":"error al cicle"}
{"level":40,"time":1773584469945,"pid":3668,"hostname":"DESKTOP-KPAMGTB","module":"trailing-engine","symbol":"BTCUSDT","count":3,"pauseSecs":60,"msg":"pausat per errors consecutius"}
{"level":50,"time":1773584469956,"pid":3668,"hostname":"DESKTOP-KPAMGTB","module":"trailing-engine","symbol":"BTCUSDT","count":2,"max":3,"err":"fetch failed","msg":"error al cicle"}
{"level":50,"time":1773584499938,"pid":3668,"hostname":"DESKTOP-KPAMGTB","module":"trailing-engine","symbol":"BTCUSDT","count":3,"max":3,"err":"fetch failed","msg":"error al cicle"}
{"level":40,"time":1773584499939,"pid":3668,"hostname":"DESKTOP-KPAMGTB","module":"trailing-engine","symbol":"BTCUSDT","count":3,"pauseSecs":60,"msg":"pausat per errors consecutius"}
{"level":50,"time":1773584524475,"pid":3668,"hostname":"DESKTOP-KPAMGTB","module":"api","source":"orders","code":"NETWORK","err":"fetch failed","msg":"error de ruta"}
{"level":50,"time":1773584529950,"pid":3668,"hostname":"DESKTOP-KPAMGTB","module":"trailing-engine","symbol":"BTCUSDT","count":1,"max":3,"err":"fetch failed","msg":"error al cicle"}
{"level":50,"time":1773584529955,"pid":3668,"hostname":"DESKTOP-KPAMGTB","module":"trailing-engine","symbol":"BTCUSDT","count":1,"max":3,"err":"fetch failed","msg":"error al cicle"}
{"level":50,"time":1773584559963,"pid":3668,"hostname":"DESKTOP-KPAMGTB","module":"trailing-engine","symbol":"BTCUSDT","count":2,"max":3,"err":"fetch failed","msg":"error al cicle"}
{"level":50,"time":1773584559969,"pid":3668,"hostname":"DESKTOP-KPAMGTB","module":"trailing-engine","symbol":"BTCUSDT","count":2,"max":3,"err":"fetch failed","msg":"error al cicle"}
{"level":50,"time":1773584559979,"pid":3668,"hostname":"DESKTOP-KPAMGTB","module":"trailing-engine","symbol":"BTCUSDT","count":1,"max":3,"err":"fetch failed","msg":"error al cicle"}
{"level":50,"time":1773584584553,"pid":3668,"hostname":"DESKTOP-KPAMGTB","module":"api","source":"orders","code":"NETWORK","err":"fetch failed","msg":"error de ruta"}
{"level":50,"time":1773584589988,"pid":3668,"hostname":"DESKTOP-KPAMGTB","module":"trailing-engine","symbol":"BTCUSDT","count":3,"max":3,"err":"fetch failed","msg":"error al cicle"}
{"level":40,"time":1773584589995,"pid":3668,"hostname":"DESKTOP-KPAMGTB","module":"trailing-engine","symbol":"BTCUSDT","count":3,"pauseSecs":60,"msg":"pausat per errors consecutius"}
{"level":50,"time":1773584590012,"pid":3668,"hostname":"DESKTOP-KPAMGTB","module":"trailing-engine","symbol":"BTCUSDT","count":3,"max":3,"err":"fetch failed","msg":"error al cicle"}
{"level":40,"time":1773584590013,"pid":3668,"hostname":"DESKTOP-KPAMGTB","module":"trailing-engine","symbol":"BTCUSDT","count":3,"pauseSecs":60,"msg":"pausat per errors consecutius"}
{"level":50,"time":1773584590023,"pid":3668,"hostname":"DESKTOP-KPAMGTB","module":"trailing-engine","symbol":"BTCUSDT","count":2,"max":3,"err":"fetch failed","msg":"error al cicle"}
{"level":50,"time":1773584619987,"pid":3668,"hostname":"DESKTOP-KPAMGTB","module":"trailing-engine","symbol":"BTCUSDT","count":3,"max":3,"err":"fetch failed","msg":"error al cicle"}
{"level":40,"time":1773584619988,"pid":3668,"hostname":"DESKTOP-KPAMGTB","module":"trailing-engine","symbol":"BTCUSDT","count":3,"pauseSecs":60,"msg":"pausat per errors consecutius"}
{"level":50,"time":1773584644799,"pid":3668,"hostname":"DESKTOP-KPAMGTB","module":"api","source":"orders","code":"NETWORK","err":"fetch failed","msg":"error de ruta"}
{"level":50,"time":1773584680007,"pid":3668,"hostname":"DESKTOP-KPAMGTB","module":"trailing-engine","symbol":"BTCUSDT","count":1,"max":3,"err":"fetch failed","msg":"error al cicle"}
{"level":50,"time":1773584680011,"pid":3668,"hostname":"DESKTOP-KPAMGTB","module":"trailing-engine","symbol":"BTCUSDT","count":1,"max":3,"err":"fetch failed","msg":"error al cicle"}
{"level":50,"time":1773584680017,"pid":3668,"hostname":"DESKTOP-KPAMGTB","module":"trailing-engine","symbol":"BTCUSDT","count":1,"max":3,"err":"fetch failed","msg":"error al cicle"}
{"level":50,"time":1773584704514,"pid":3668,"hostname":"DESKTOP-KPAMGTB","module":"api","source":"orders","code":"NETWORK","err":"fetch failed","msg":"error de ruta"}
{"level":50,"time":1773584710008,"pid":3668,"hostname":"DESKTOP-KPAMGTB","module":"trailing-engine","symbol":"BTCUSDT","count":2,"max":3,"err":"fetch failed","msg":"error al cicle"}
{"level":50,"time":1773584710013,"pid":3668,"hostname":"DESKTOP-KPAMGTB","module":"trailing-engine","symbol":"BTCUSDT","count":2,"max":3,"err":"fetch failed","msg":"error al cicle"}
{"level":50,"time":1773584710021,"pid":3668,"hostname":"DESKTOP-KPAMGTB","module":"trailing-engine","symbol":"BTCUSDT","count":2,"max":3,"err":"fetch failed","msg":"error al cicle"}
{"level":50,"time":1773584740012,"pid":3668,"hostname":"DESKTOP-KPAMGTB","module":"trailing-engine","symbol":"BTCUSDT","count":3,"max":3,"err":"fetch failed","msg":"error al cicle"}
{"level":40,"time":1773584740013,"pid":3668,"hostname":"DESKTOP-KPAMGTB","module":"trailing-engine","symbol":"BTCUSDT","count":3,"pauseSecs":60,"msg":"pausat per errors consecutius"}
{"level":50,"time":1773584740020,"pid":3668,"hostname":"DESKTOP-KPAMGTB","module":"trailing-engine","symbol":"BTCUSDT","count":3,"max":3,"err":"fetch failed","msg":"error al cicle"}
{"level":40,"time":1773584740020,"pid":3668,"hostname":"DESKTOP-KPAMGTB","module":"trailing-engine","symbol":"BTCUSDT","count":3,"pauseSecs":60,"msg":"pausat per errors consecutius"}
{"level":50,"time":1773584740032,"pid":3668,"hostname":"DESKTOP-KPAMGTB","module":"trailing-engine","symbol":"BTCUSDT","count":3,"max":3,"err":"fetch failed","msg":"error al cicle"}
{"level":40,"time":1773584740033,"pid":3668,"hostname":"DESKTOP-KPAMGTB","module":"trailing-engine","symbol":"BTCUSDT","count":3,"pauseSecs":60,"msg":"pausat per errors consecutius"}
{"level":50,"time":1773584764522,"pid":3668,"hostname":"DESKTOP-KPAMGTB","module":"api","source":"orders","code":"NETWORK","err":"fetch failed","msg":"error de ruta"}
{"level":50,"time":1773584800037,"pid":3668,"hostname":"DESKTOP-KPAMGTB","module":"trailing-engine","symbol":"BTCUSDT","count":1,"max":3,"err":"fetch failed","msg":"error al cicle"}
{"level":50,"time":1773584800043,"pid":3668,"hostname":"DESKTOP-KPAMGTB","module":"trailing-engine","symbol":"BTCUSDT","count":1,"max":3,"err":"fetch failed","msg":"error al cicle"}
{"level":50,"time":1773584800053,"pid":3668,"hostname":"DESKTOP-KPAMGTB","module":"trailing-engine","symbol":"BTCUSDT","count":1,"max":3,"err":"fetch failed","msg":"error al cicle"}
{"level":50,"time":1773584824491,"pid":3668,"hostname":"DESKTOP-KPAMGTB","module":"api","source":"orders","code":"NETWORK","err":"fetch failed","msg":"error de ruta"}
{"level":50,"time":1773584830033,"pid":3668,"hostname":"DESKTOP-KPAMGTB","module":"trailing-engine","symbol":"BTCUSDT","count":2,"max":3,"err":"fetch failed","msg":"error al cicle"}
{"level":50,"time":1773584830037,"pid":3668,"hostname":"DESKTOP-KPAMGTB","module":"trailing-engine","symbol":"BTCUSDT","count":2,"max":3,"err":"fetch failed","msg":"error al cicle"}
{"level":50,"time":1773584830045,"pid":3668,"hostname":"DESKTOP-KPAMGTB","module":"trailing-engine","symbol":"BTCUSDT","count":2,"max":3,"err":"fetch failed","msg":"error al cicle"}
{"level":50,"time":1773584860039,"pid":3668,"hostname":"DESKTOP-KPAMGTB","module":"trailing-engine","symbol":"BTCUSDT","count":3,"max":3,"err":"fetch failed","msg":"error al cicle"}
{"level":40,"time":1773584860041,"pid":3668,"hostname":"DESKTOP-KPAMGTB","module":"trailing-engine","symbol":"BTCUSDT","count":3,"pauseSecs":60,"msg":"pausat per errors consecutius"}
{"level":50,"time":1773584860046,"pid":3668,"hostname":"DESKTOP-KPAMGTB","module":"trailing-engine","symbol":"BTCUSDT","count":3,"max":3,"err":"fetch failed","msg":"error al cicle"}
{"level":40,"time":1773584860047,"pid":3668,"hostname":"DESKTOP-KPAMGTB","module":"trailing-engine","symbol":"BTCUSDT","count":3,"pauseSecs":60,"msg":"pausat per errors consecutius"}
{"level":50,"time":1773584860059,"pid":3668,"hostname":"DESKTOP-KPAMGTB","module":"trailing-engine","symbol":"BTCUSDT","count":3,"max":3,"err":"fetch failed","msg":"error al cicle"}
{"level":40,"time":1773584860060,"pid":3668,"hostname":"DESKTOP-KPAMGTB","module":"trailing-engine","symbol":"BTCUSDT","count":3,"pauseSecs":60,"msg":"pausat per errors consecutius"}
{"level":50,"time":1773584884509,"pid":3668,"hostname":"DESKTOP-KPAMGTB","module":"api","source":"orders","code":"NETWORK","err":"fetch failed","msg":"error de ruta"}
{"level":50,"time":1773584919406,"pid":3668,"hostname":"DESKTOP-KPAMGTB","module":"api","source":"balance","code":"NETWORK","err":"fetch failed","msg":"error de ruta"}
{"level":50,"time":1773584920053,"pid":3668,"hostname":"DESKTOP-KPAMGTB","module":"trailing-engine","symbol":"BTCUSDT","count":1,"max":3,"err":"fetch failed","msg":"error al cicle"}
{"level":50,"time":1773584920058,"pid":3668,"hostname":"DESKTOP-KPAMGTB","module":"trailing-engine","symbol":"BTCUSDT","count":1,"max":3,"err":"fetch failed","msg":"error al cicle"}
{"level":50,"time":1773584920066,"pid":3668,"hostname":"DESKTOP-KPAMGTB","module":"trailing-engine","symbol":"BTCUSDT","count":1,"max":3,"err":"fetch failed","msg":"error al cicle"}
{"level":50,"time":1773584944505,"pid":3668,"hostname":"DESKTOP-KPAMGTB","module":"api","source":"orders","code":"NETWORK","err":"fetch failed","msg":"error de ruta"}
{"level":50,"time":1773584950060,"pid":3668,"hostname":"DESKTOP-KPAMGTB","module":"trailing-engine","symbol":"BTCUSDT","count":2,"max":3,"err":"fetch failed","msg":"error al cicle"}
{"level":50,"time":1773584950066,"pid":3668,"hostname":"DESKTOP-KPAMGTB","module":"trailing-engine","symbol":"BTCUSDT","count":2,"max":3,"err":"fetch failed","msg":"error al cicle"}
{"level":50,"time":1773584950072,"pid":3668,"hostname":"DESKTOP-KPAMGTB","module":"trailing-engine","symbol":"BTCUSDT","count":2,"max":3,"err":"fetch failed","msg":"error al cicle"}
{"level":50,"time":1773584980076,"pid":3668,"hostname":"DESKTOP-KPAMGTB","module":"trailing-engine","symbol":"BTCUSDT","count":3,"max":3,"err":"fetch failed","msg":"error al cicle"}
{"level":40,"time":1773584980077,"pid":3668,"hostname":"DESKTOP-KPAMGTB","module":"trailing-engine","symbol":"BTCUSDT","count":3,"pauseSecs":60,"msg":"pausat per errors consecutius"}
{"level":50,"time":1773584980083,"pid":3668,"hostname":"DESKTOP-KPAMGTB","module":"trailing-engine","symbol":"BTCUSDT","count":3,"max":3,"err":"fetch failed","msg":"error al cicle"}
{"level":40,"time":1773584980084,"pid":3668,"hostname":"DESKTOP-KPAMGTB","module":"trailing-engine","symbol":"BTCUSDT","count":3,"pauseSecs":60,"msg":"pausat per errors consecutius"}
{"level":50,"time":1773584980093,"pid":3668,"hostname":"DESKTOP-KPAMGTB","module":"trailing-engine","symbol":"BTCUSDT","count":3,"max":3,"err":"fetch failed","msg":"error al cicle"}
{"level":40,"time":1773584980094,"pid":3668,"hostname":"DESKTOP-KPAMGTB","module":"trailing-engine","symbol":"BTCUSDT","count":3,"pauseSecs":60,"msg":"pausat per errors consecutius"}
{"level":50,"time":1773585004488,"pid":3668,"hostname":"DESKTOP-KPAMGTB","module":"api","source":"orders","code":"NETWORK","err":"fetch failed","msg":"error de ruta"}
{"level":50,"time":1773585064492,"pid":3668,"hostname":"DESKTOP-KPAMGTB","module":"api","source":"orders","code":"NETWORK","err":"fetch failed","msg":"error de ruta"}
{"level":50,"time":1773585070086,"pid":3668,"hostname":"DESKTOP-KPAMGTB","module":"trailing-engine","symbol":"BTCUSDT","count":1,"max":3,"err":"fetch failed","msg":"error al cicle"}
{"level":50,"time":1773585070090,"pid":3668,"hostname":"DESKTOP-KPAMGTB","module":"trailing-engine","symbol":"BTCUSDT","count":1,"max":3,"err":"fetch failed","msg":"error al cicle"}
{"level":50,"time":1773585070098,"pid":3668,"hostname":"DESKTOP-KPAMGTB","module":"trailing-engine","symbol":"BTCUSDT","count":1,"max":3,"err":"fetch failed","msg":"error al cicle"}
{"level":50,"time":1773585100086,"pid":3668,"hostname":"DESKTOP-KPAMGTB","module":"trailing-engine","symbol":"BTCUSDT","count":2,"max":3,"err":"fetch failed","msg":"error al cicle"}
{"level":50,"time":1773585100093,"pid":3668,"hostname":"DESKTOP-KPAMGTB","module":"trailing-engine","symbol":"BTCUSDT","count":2,"max":3,"err":"fetch failed","msg":"error al cicle"}
{"level":50,"time":1773585100099,"pid":3668,"hostname":"DESKTOP-KPAMGTB","module":"trailing-engine","symbol":"BTCUSDT","count":2,"max":3,"err":"fetch failed","msg":"error al cicle"}
{"level":50,"time":1773585124505,"pid":3668,"hostname":"DESKTOP-KPAMGTB","module":"api","source":"orders","code":"NETWORK","err":"fetch failed","msg":"error de ruta"}
{"level":50,"time":1773585130093,"pid":3668,"hostname":"DESKTOP-KPAMGTB","module":"trailing-engine","symbol":"BTCUSDT","count":3,"max":3,"err":"fetch failed","msg":"error al cicle"}
{"level":40,"time":1773585130094,"pid":3668,"hostname":"DESKTOP-KPAMGTB","module":"trailing-engine","symbol":"BTCUSDT","count":3,"pauseSecs":60,"msg":"pausat per errors consecutius"}
{"level":50,"time":1773585130102,"pid":3668,"hostname":"DESKTOP-KPAMGTB","module":"trailing-engine","symbol":"BTCUSDT","count":3,"max":3,"err":"fetch failed","msg":"error al cicle"}
{"level":40,"time":1773585130102,"pid":3668,"hostname":"DESKTOP-KPAMGTB","module":"trailing-engine","symbol":"BTCUSDT","count":3,"pauseSecs":60,"msg":"pausat per errors consecutius"}
{"level":50,"time":1773585130110,"pid":3668,"hostname":"DESKTOP-KPAMGTB","module":"trailing-engine","symbol":"BTCUSDT","count":3,"max":3,"err":"fetch failed","msg":"error al cicle"}
{"level":40,"time":1773585130111,"pid":3668,"hostname":"DESKTOP-KPAMGTB","module":"trailing-engine","symbol":"BTCUSDT","count":3,"pauseSecs":60,"msg":"pausat per errors consecutius"}
{"level":50,"time":1773585184497,"pid":3668,"hostname":"DESKTOP-KPAMGTB","module":"api","source":"orders","code":"NETWORK","err":"fetch failed","msg":"error de ruta"}
{"level":50,"time":1773585190099,"pid":3668,"hostname":"DESKTOP-KPAMGTB","module":"trailing-engine","symbol":"BTCUSDT","count":1,"max":3,"err":"fetch failed","msg":"error al cicle"}
{"level":50,"time":1773585220110,"pid":3668,"hostname":"DESKTOP-KPAMGTB","module":"trailing-engine","symbol":"BTCUSDT","count":2,"max":3,"err":"fetch failed","msg":"error al cicle"}
{"level":50,"time":1773585220114,"pid":3668,"hostname":"DESKTOP-KPAMGTB","module":"trailing-engine","symbol":"BTCUSDT","count":1,"max":3,"err":"fetch failed","msg":"error al cicle"}
{"level":50,"time":1773585220124,"pid":3668,"hostname":"DESKTOP-KPAMGTB","module":"trailing-engine","symbol":"BTCUSDT","count":1,"max":3,"err":"fetch failed","msg":"error al cicle"}
{"level":50,"time":1773585244508,"pid":3668,"hostname":"DESKTOP-KPAMGTB","module":"api","source":"orders","code":"NETWORK","err":"fetch failed","msg":"error de ruta"}
{"level":50,"time":1773585250125,"pid":3668,"hostname":"DESKTOP-KPAMGTB","module":"trailing-engine","symbol":"BTCUSDT","count":3,"max":3,"err":"fetch failed","msg":"error al cicle"}
{"level":40,"time":1773585250127,"pid":3668,"hostname":"DESKTOP-KPAMGTB","module":"trailing-engine","symbol":"BTCUSDT","count":3,"pauseSecs":60,"msg":"pausat per errors consecutius"}
{"level":50,"time":1773585250142,"pid":3668,"hostname":"DESKTOP-KPAMGTB","module":"trailing-engine","symbol":"BTCUSDT","count":2,"max":3,"err":"fetch failed","msg":"error al cicle"}
{"level":50,"time":1773585250148,"pid":3668,"hostname":"DESKTOP-KPAMGTB","module":"trailing-engine","symbol":"BTCUSDT","count":2,"max":3,"err":"fetch failed","msg":"error al cicle"}
{"level":50,"time":1773585280124,"pid":3668,"hostname":"DESKTOP-KPAMGTB","module":"trailing-engine","symbol":"BTCUSDT","count":3,"max":3,"err":"fetch failed","msg":"error al cicle"}
{"level":40,"time":1773585280125,"pid":3668,"hostname":"DESKTOP-KPAMGTB","module":"trailing-engine","symbol":"BTCUSDT","count":3,"pauseSecs":60,"msg":"pausat per errors consecutius"}
{"level":50,"time":1773585280131,"pid":3668,"hostname":"DESKTOP-KPAMGTB","module":"trailing-engine","symbol":"BTCUSDT","count":3,"max":3,"err":"fetch failed","msg":"error al cicle"}
{"level":40,"time":1773585280131,"pid":3668,"hostname":"DESKTOP-KPAMGTB","module":"trailing-engine","symbol":"BTCUSDT","count":3,"pauseSecs":60,"msg":"pausat per errors consecutius"}
{"level":50,"time":1773585304644,"pid":3668,"hostname":"DESKTOP-KPAMGTB","module":"api","source":"orders","code":"NETWORK","err":"fetch failed","msg":"error de ruta"}
{"level":50,"time":1773585310143,"pid":3668,"hostname":"DESKTOP-KPAMGTB","module":"trailing-engine","symbol":"BTCUSDT","count":1,"max":3,"err":"fetch failed","msg":"error al cicle"}
{"level":50,"time":1773585340152,"pid":3668,"hostname":"DESKTOP-KPAMGTB","module":"trailing-engine","symbol":"BTCUSDT","count":2,"max":3,"err":"fetch failed","msg":"error al cicle"}
{"level":50,"time":1773585340159,"pid":3668,"hostname":"DESKTOP-KPAMGTB","module":"trailing-engine","symbol":"BTCUSDT","count":1,"max":3,"err":"fetch failed","msg":"error al cicle"}
{"level":50,"time":1773585340179,"pid":3668,"hostname":"DESKTOP-KPAMGTB","module":"trailing-engine","symbol":"BTCUSDT","count":1,"max":3,"err":"fetch failed","msg":"error al cicle"}
{"level":50,"time":1773585364496,"pid":3668,"hostname":"DESKTOP-KPAMGTB","module":"api","source":"orders","code":"NETWORK","err":"fetch failed","msg":"error de ruta"}
{"level":50,"time":1773585370151,"pid":3668,"hostname":"DESKTOP-KPAMGTB","module":"trailing-engine","symbol":"BTCUSDT","count":3,"max":3,"err":"fetch failed","msg":"error al cicle"}
{"level":40,"time":1773585370152,"pid":3668,"hostname":"DESKTOP-KPAMGTB","module":"trailing-engine","symbol":"BTCUSDT","count":3,"pauseSecs":60,"msg":"pausat per errors consecutius"}
{"level":50,"time":1773585370158,"pid":3668,"hostname":"DESKTOP-KPAMGTB","module":"trailing-engine","symbol":"BTCUSDT","count":2,"max":3,"err":"fetch failed","msg":"error al cicle"}
{"level":50,"time":1773585370165,"pid":3668,"hostname":"DESKTOP-KPAMGTB","module":"trailing-engine","symbol":"BTCUSDT","count":2,"max":3,"err":"fetch failed","msg":"error al cicle"}
{"level":50,"time":1773585400160,"pid":3668,"hostname":"DESKTOP-KPAMGTB","module":"trailing-engine","symbol":"BTCUSDT","count":3,"max":3,"err":"fetch failed","msg":"error al cicle"}
{"level":40,"time":1773585400161,"pid":3668,"hostname":"DESKTOP-KPAMGTB","module":"trailing-engine","symbol":"BTCUSDT","count":3,"pauseSecs":60,"msg":"pausat per errors consecutius"}
{"level":50,"time":1773585400167,"pid":3668,"hostname":"DESKTOP-KPAMGTB","module":"trailing-engine","symbol":"BTCUSDT","count":3,"max":3,"err":"fetch failed","msg":"error al cicle"}
{"level":40,"time":1773585400169,"pid":3668,"hostname":"DESKTOP-KPAMGTB","module":"trailing-engine","symbol":"BTCUSDT","count":3,"pauseSecs":60,"msg":"pausat per errors consecutius"}
{"level":50,"time":1773585424517,"pid":3668,"hostname":"DESKTOP-KPAMGTB","module":"api","source":"orders","code":"NETWORK","err":"fetch failed","msg":"error de ruta"}
{"level":50,"time":1773585430156,"pid":3668,"hostname":"DESKTOP-KPAMGTB","module":"trailing-engine","symbol":"BTCUSDT","count":1,"max":3,"err":"fetch failed","msg":"error al cicle"}
{"level":50,"time":1773585460162,"pid":3668,"hostname":"DESKTOP-KPAMGTB","module":"trailing-engine","symbol":"BTCUSDT","count":2,"max":3,"err":"fetch failed","msg":"error al cicle"}
{"level":50,"time":1773585460171,"pid":3668,"hostname":"DESKTOP-KPAMGTB","module":"trailing-engine","symbol":"BTCUSDT","count":1,"max":3,"err":"fetch failed","msg":"error al cicle"}
{"level":50,"time":1773585460179,"pid":3668,"hostname":"DESKTOP-KPAMGTB","module":"trailing-engine","symbol":"BTCUSDT","count":1,"max":3,"err":"fetch failed","msg":"error al cicle"}
{"level":50,"time":1773585484561,"pid":3668,"hostname":"DESKTOP-KPAMGTB","module":"api","source":"orders","code":"NETWORK","err":"fetch failed","msg":"error de ruta"}
{"level":50,"time":1773585490171,"pid":3668,"hostname":"DESKTOP-KPAMGTB","module":"trailing-engine","symbol":"BTCUSDT","count":3,"max":3,"err":"fetch failed","msg":"error al cicle"}
{"level":40,"time":1773585490172,"pid":3668,"hostname":"DESKTOP-KPAMGTB","module":"trailing-engine","symbol":"BTCUSDT","count":3,"pauseSecs":60,"msg":"pausat per errors consecutius"}
{"level":50,"time":1773585490178,"pid":3668,"hostname":"DESKTOP-KPAMGTB","module":"trailing-engine","symbol":"BTCUSDT","count":2,"max":3,"err":"fetch failed","msg":"error al cicle"}
{"level":50,"time":1773585490188,"pid":3668,"hostname":"DESKTOP-KPAMGTB","module":"trailing-engine","symbol":"BTCUSDT","count":2,"max":3,"err":"fetch failed","msg":"error al cicle"}
{"level":50,"time":1773585520183,"pid":3668,"hostname":"DESKTOP-KPAMGTB","module":"trailing-engine","symbol":"BTCUSDT","count":3,"max":3,"err":"fetch failed","msg":"error al cicle"}
{"level":40,"time":1773585520185,"pid":3668,"hostname":"DESKTOP-KPAMGTB","module":"trailing-engine","symbol":"BTCUSDT","count":3,"pauseSecs":60,"msg":"pausat per errors consecutius"}
{"level":50,"time":1773585520195,"pid":3668,"hostname":"DESKTOP-KPAMGTB","module":"trailing-engine","symbol":"BTCUSDT","count":3,"max":3,"err":"fetch failed","msg":"error al cicle"}
{"level":40,"time":1773585520196,"pid":3668,"hostname":"DESKTOP-KPAMGTB","module":"trailing-engine","symbol":"BTCUSDT","count":3,"pauseSecs":60,"msg":"pausat per errors consecutius"}
{"level":50,"time":1773585544509,"pid":3668,"hostname":"DESKTOP-KPAMGTB","module":"api","source":"orders","code":"NETWORK","err":"fetch failed","msg":"error de ruta"}
{"level":50,"time":1773585550181,"pid":3668,"hostname":"DESKTOP-KPAMGTB","module":"trailing-engine","symbol":"BTCUSDT","count":1,"max":3,"err":"fetch failed","msg":"error al cicle"}
{"level":50,"time":1773585580188,"pid":3668,"hostname":"DESKTOP-KPAMGTB","module":"trailing-engine","symbol":"BTCUSDT","count":2,"max":3,"err":"fetch failed","msg":"error al cicle"}
{"level":50,"time":1773585580194,"pid":3668,"hostname":"DESKTOP-KPAMGTB","module":"trailing-engine","symbol":"BTCUSDT","count":1,"max":3,"err":"fetch failed","msg":"error al cicle"}
{"level":50,"time":1773585604571,"pid":3668,"hostname":"DESKTOP-KPAMGTB","module":"api","source":"orders","code":"NETWORK","err":"fetch failed","msg":"error de ruta"}
{"level":50,"time":1773585610191,"pid":3668,"hostname":"DESKTOP-KPAMGTB","module":"trailing-engine","symbol":"BTCUSDT","count":3,"max":3,"err":"fetch failed","msg":"error al cicle"}
{"level":40,"time":1773585610191,"pid":3668,"hostname":"DESKTOP-KPAMGTB","module":"trailing-engine","symbol":"BTCUSDT","count":3,"pauseSecs":60,"msg":"pausat per errors consecutius"}
{"level":50,"time":1773585610198,"pid":3668,"hostname":"DESKTOP-KPAMGTB","module":"trailing-engine","symbol":"BTCUSDT","count":2,"max":3,"err":"fetch failed","msg":"error al cicle"}
{"level":50,"time":1773585610206,"pid":3668,"hostname":"DESKTOP-KPAMGTB","module":"trailing-engine","symbol":"BTCUSDT","count":1,"max":3,"err":"fetch failed","msg":"error al cicle"}
{"level":50,"time":1773585640199,"pid":3668,"hostname":"DESKTOP-KPAMGTB","module":"trailing-engine","symbol":"BTCUSDT","count":3,"max":3,"err":"fetch failed","msg":"error al cicle"}
{"level":40,"time":1773585640200,"pid":3668,"hostname":"DESKTOP-KPAMGTB","module":"trailing-engine","symbol":"BTCUSDT","count":3,"pauseSecs":60,"msg":"pausat per errors consecutius"}
{"level":50,"time":1773585640207,"pid":3668,"hostname":"DESKTOP-KPAMGTB","module":"trailing-engine","symbol":"BTCUSDT","count":2,"max":3,"err":"fetch failed","msg":"error al cicle"}
{"level":50,"time":1773585664541,"pid":3668,"hostname":"DESKTOP-KPAMGTB","module":"api","source":"orders","code":"NETWORK","err":"fetch failed","msg":"error de ruta"}
{"level":50,"time":1773585670214,"pid":3668,"hostname":"DESKTOP-KPAMGTB","module":"trailing-engine","symbol":"BTCUSDT","count":1,"max":3,"err":"fetch failed","msg":"error al cicle"}
{"level":50,"time":1773585670222,"pid":3668,"hostname":"DESKTOP-KPAMGTB","module":"trailing-engine","symbol":"BTCUSDT","count":3,"max":3,"err":"fetch failed","msg":"error al cicle"}
{"level":40,"time":1773585670226,"pid":3668,"hostname":"DESKTOP-KPAMGTB","module":"trailing-engine","symbol":"BTCUSDT","count":3,"pauseSecs":60,"msg":"pausat per errors consecutius"}
{"level":50,"time":1773585700214,"pid":3668,"hostname":"DESKTOP-KPAMGTB","module":"trailing-engine","symbol":"BTCUSDT","count":2,"max":3,"err":"fetch failed","msg":"error al cicle"}
{"level":50,"time":1773585700221,"pid":3668,"hostname":"DESKTOP-KPAMGTB","module":"trailing-engine","symbol":"BTCUSDT","count":1,"max":3,"err":"fetch failed","msg":"error al cicle"}
{"level":50,"time":1773585724498,"pid":3668,"hostname":"DESKTOP-KPAMGTB","module":"api","source":"orders","code":"NETWORK","err":"fetch failed","msg":"error de ruta"}
{"level":50,"time":1773585730217,"pid":3668,"hostname":"DESKTOP-KPAMGTB","module":"trailing-engine","symbol":"BTCUSDT","count":3,"max":3,"err":"fetch failed","msg":"error al cicle"}
{"level":40,"time":1773585730218,"pid":3668,"hostname":"DESKTOP-KPAMGTB","module":"trailing-engine","symbol":"BTCUSDT","count":3,"pauseSecs":60,"msg":"pausat per errors consecutius"}
{"level":50,"time":1773585730224,"pid":3668,"hostname":"DESKTOP-KPAMGTB","module":"trailing-engine","symbol":"BTCUSDT","count":2,"max":3,"err":"fetch failed","msg":"error al cicle"}
{"level":50,"time":1773585760223,"pid":3668,"hostname":"DESKTOP-KPAMGTB","module":"trailing-engine","symbol":"BTCUSDT","count":3,"max":3,"err":"fetch failed","msg":"error al cicle"}
{"level":40,"time":1773585760224,"pid":3668,"hostname":"DESKTOP-KPAMGTB","module":"trailing-engine","symbol":"BTCUSDT","count":3,"pauseSecs":60,"msg":"pausat per errors consecutius"}
{"level":50,"time":1773585760231,"pid":3668,"hostname":"DESKTOP-KPAMGTB","module":"trailing-engine","symbol":"BTCUSDT","count":1,"max":3,"err":"fetch failed","msg":"error al cicle"}
{"level":50,"time":1773585784564,"pid":3668,"hostname":"DESKTOP-KPAMGTB","module":"api","source":"orders","code":"NETWORK","err":"fetch failed","msg":"error de ruta"}
{"level":50,"time":1773585790235,"pid":3668,"hostname":"DESKTOP-KPAMGTB","module":"trailing-engine","symbol":"BTCUSDT","count":1,"max":3,"err":"fetch failed","msg":"error al cicle"}
{"level":50,"time":1773585790244,"pid":3668,"hostname":"DESKTOP-KPAMGTB","module":"trailing-engine","symbol":"BTCUSDT","count":2,"max":3,"err":"fetch failed","msg":"error al cicle"}
{"level":50,"time":1773585819401,"pid":3668,"hostname":"DESKTOP-KPAMGTB","module":"api","source":"balance","code":"NETWORK","err":"fetch failed","msg":"error de ruta"}
{"level":50,"time":1773585820240,"pid":3668,"hostname":"DESKTOP-KPAMGTB","module":"trailing-engine","symbol":"BTCUSDT","count":2,"max":3,"err":"fetch failed","msg":"error al cicle"}
{"level":50,"time":1773585820246,"pid":3668,"hostname":"DESKTOP-KPAMGTB","module":"trailing-engine","symbol":"BTCUSDT","count":1,"max":3,"err":"fetch failed","msg":"error al cicle"}
{"level":50,"time":1773585820254,"pid":3668,"hostname":"DESKTOP-KPAMGTB","module":"trailing-engine","symbol":"BTCUSDT","count":3,"max":3,"err":"fetch failed","msg":"error al cicle"}
{"level":40,"time":1773585820256,"pid":3668,"hostname":"DESKTOP-KPAMGTB","module":"trailing-engine","symbol":"BTCUSDT","count":3,"pauseSecs":60,"msg":"pausat per errors consecutius"}
{"level":50,"time":1773585844504,"pid":3668,"hostname":"DESKTOP-KPAMGTB","module":"api","source":"orders","code":"NETWORK","err":"fetch failed","msg":"error de ruta"}
{"level":50,"time":1773585850252,"pid":3668,"hostname":"DESKTOP-KPAMGTB","module":"trailing-engine","symbol":"BTCUSDT","count":3,"max":3,"err":"fetch failed","msg":"error al cicle"}
{"level":40,"time":1773585850253,"pid":3668,"hostname":"DESKTOP-KPAMGTB","module":"trailing-engine","symbol":"BTCUSDT","count":3,"pauseSecs":60,"msg":"pausat per errors consecutius"}
{"level":50,"time":1773585850258,"pid":3668,"hostname":"DESKTOP-KPAMGTB","module":"trailing-engine","symbol":"BTCUSDT","count":2,"max":3,"err":"fetch failed","msg":"error al cicle"}
{"level":50,"time":1773585880263,"pid":3668,"hostname":"DESKTOP-KPAMGTB","module":"trailing-engine","symbol":"BTCUSDT","count":3,"max":3,"err":"fetch failed","msg":"error al cicle"}
{"level":40,"time":1773585880264,"pid":3668,"hostname":"DESKTOP-KPAMGTB","module":"trailing-engine","symbol":"BTCUSDT","count":3,"pauseSecs":60,"msg":"pausat per errors consecutius"}
{"level":50,"time":1773585880269,"pid":3668,"hostname":"DESKTOP-KPAMGTB","module":"trailing-engine","symbol":"BTCUSDT","count":1,"max":3,"err":"fetch failed","msg":"error al cicle"}
{"level":50,"time":1773585904527,"pid":3668,"hostname":"DESKTOP-KPAMGTB","module":"api","source":"orders","code":"NETWORK","err":"fetch failed","msg":"error de ruta"}
{"level":50,"time":1773585910273,"pid":3668,"hostname":"DESKTOP-KPAMGTB","module":"trailing-engine","symbol":"BTCUSDT","count":1,"max":3,"err":"fetch failed","msg":"error al cicle"}
{"level":50,"time":1773585910280,"pid":3668,"hostname":"DESKTOP-KPAMGTB","module":"trailing-engine","symbol":"BTCUSDT","count":2,"max":3,"err":"fetch failed","msg":"error al cicle"}
{"level":50,"time":1773585940279,"pid":3668,"hostname":"DESKTOP-KPAMGTB","module":"trailing-engine","symbol":"BTCUSDT","count":2,"max":3,"err":"fetch failed","msg":"error al cicle"}
{"level":50,"time":1773585940286,"pid":3668,"hostname":"DESKTOP-KPAMGTB","module":"trailing-engine","symbol":"BTCUSDT","count":1,"max":3,"err":"fetch failed","msg":"error al cicle"}
{"level":50,"time":1773585940295,"pid":3668,"hostname":"DESKTOP-KPAMGTB","module":"trailing-engine","symbol":"BTCUSDT","count":3,"max":3,"err":"fetch failed","msg":"error al cicle"}
{"level":40,"time":1773585940296,"pid":3668,"hostname":"DESKTOP-KPAMGTB","module":"trailing-engine","symbol":"BTCUSDT","count":3,"pauseSecs":60,"msg":"pausat per errors consecutius"}
{"level":50,"time":1773585964655,"pid":3668,"hostname":"DESKTOP-KPAMGTB","module":"api","source":"orders","code":"NETWORK","err":"fetch failed","msg":"error de ruta"}
{"level":50,"time":1773585970275,"pid":3668,"hostname":"DESKTOP-KPAMGTB","module":"trailing-engine","symbol":"BTCUSDT","count":3,"max":3,"err":"fetch failed","msg":"error al cicle"}
{"level":40,"time":1773585970276,"pid":3668,"hostname":"DESKTOP-KPAMGTB","module":"trailing-engine","symbol":"BTCUSDT","count":3,"pauseSecs":60,"msg":"pausat per errors consecutius"}
{"level":50,"time":1773585970283,"pid":3668,"hostname":"DESKTOP-KPAMGTB","module":"trailing-engine","symbol":"BTCUSDT","count":2,"max":3,"err":"fetch failed","msg":"error al cicle"}
{"level":50,"time":1773586000287,"pid":3668,"hostname":"DESKTOP-KPAMGTB","module":"trailing-engine","symbol":"BTCUSDT","count":3,"max":3,"err":"fetch failed","msg":"error al cicle"}
{"level":40,"time":1773586000288,"pid":3668,"hostname":"DESKTOP-KPAMGTB","module":"trailing-engine","symbol":"BTCUSDT","count":3,"pauseSecs":60,"msg":"pausat per errors consecutius"}
{"level":50,"time":1773586024613,"pid":3668,"hostname":"DESKTOP-KPAMGTB","module":"api","source":"orders","code":"NETWORK","err":"fetch failed","msg":"error de ruta"}
{"level":50,"time":1773586030293,"pid":3668,"hostname":"DESKTOP-KPAMGTB","module":"trailing-engine","symbol":"BTCUSDT","count":1,"max":3,"err":"fetch failed","msg":"error al cicle"}
{"level":50,"time":1773586030298,"pid":3668,"hostname":"DESKTOP-KPAMGTB","module":"trailing-engine","symbol":"BTCUSDT","count":1,"max":3,"err":"fetch failed","msg":"error al cicle"}
{"level":50,"time":1773586060307,"pid":3668,"hostname":"DESKTOP-KPAMGTB","module":"trailing-engine","symbol":"BTCUSDT","count":2,"max":3,"err":"fetch failed","msg":"error al cicle"}
{"level":50,"time":1773586060314,"pid":3668,"hostname":"DESKTOP-KPAMGTB","module":"trailing-engine","symbol":"BTCUSDT","count":1,"max":3,"err":"fetch failed","msg":"error al cicle"}
{"level":50,"time":1773586060326,"pid":3668,"hostname":"DESKTOP-KPAMGTB","module":"trailing-engine","symbol":"BTCUSDT","count":2,"max":3,"err":"fetch failed","msg":"error al cicle"}
{"level":50,"time":1773586084493,"pid":3668,"hostname":"DESKTOP-KPAMGTB","module":"api","source":"orders","code":"NETWORK","err":"fetch failed","msg":"error de ruta"}
{"level":50,"time":1773586090315,"pid":3668,"hostname":"DESKTOP-KPAMGTB","module":"trailing-engine","symbol":"BTCUSDT","count":3,"max":3,"err":"fetch failed","msg":"error al cicle"}
{"level":40,"time":1773586090316,"pid":3668,"hostname":"DESKTOP-KPAMGTB","module":"trailing-engine","symbol":"BTCUSDT","count":3,"pauseSecs":60,"msg":"pausat per errors consecutius"}
{"level":50,"time":1773586090322,"pid":3668,"hostname":"DESKTOP-KPAMGTB","module":"trailing-engine","symbol":"BTCUSDT","count":2,"max":3,"err":"fetch failed","msg":"error al cicle"}
{"level":50,"time":1773586090330,"pid":3668,"hostname":"DESKTOP-KPAMGTB","module":"trailing-engine","symbol":"BTCUSDT","count":3,"max":3,"err":"fetch failed","msg":"error al cicle"}
{"level":40,"time":1773586090331,"pid":3668,"hostname":"DESKTOP-KPAMGTB","module":"trailing-engine","symbol":"BTCUSDT","count":3,"pauseSecs":60,"msg":"pausat per errors consecutius"}
{"level":50,"time":1773586120325,"pid":3668,"hostname":"DESKTOP-KPAMGTB","module":"trailing-engine","symbol":"BTCUSDT","count":3,"max":3,"err":"fetch failed","msg":"error al cicle"}
{"level":40,"time":1773586120326,"pid":3668,"hostname":"DESKTOP-KPAMGTB","module":"trailing-engine","symbol":"BTCUSDT","count":3,"pauseSecs":60,"msg":"pausat per errors consecutius"}
{"level":50,"time":1773586144556,"pid":3668,"hostname":"DESKTOP-KPAMGTB","module":"api","source":"orders","code":"NETWORK","err":"fetch failed","msg":"error de ruta"}
{"level":50,"time":1773586150344,"pid":3668,"hostname":"DESKTOP-KPAMGTB","module":"trailing-engine","symbol":"BTCUSDT","count":1,"max":3,"err":"fetch failed","msg":"error al cicle"}
{"level":50,"time":1773586150356,"pid":3668,"hostname":"DESKTOP-KPAMGTB","module":"trailing-engine","symbol":"BTCUSDT","count":1,"max":3,"err":"fetch failed","msg":"error al cicle"}
{"level":50,"time":1773586180341,"pid":3668,"hostname":"DESKTOP-KPAMGTB","module":"trailing-engine","symbol":"BTCUSDT","count":2,"max":3,"err":"fetch failed","msg":"error al cicle"}
{"level":50,"time":1773586180355,"pid":3668,"hostname":"DESKTOP-KPAMGTB","module":"trailing-engine","symbol":"BTCUSDT","count":1,"max":3,"err":"fetch failed","msg":"error al cicle"}
{"level":50,"time":1773586180361,"pid":3668,"hostname":"DESKTOP-KPAMGTB","module":"trailing-engine","symbol":"BTCUSDT","count":2,"max":3,"err":"fetch failed","msg":"error al cicle"}
{"level":50,"time":1773586204515,"pid":3668,"hostname":"DESKTOP-KPAMGTB","module":"api","source":"orders","code":"NETWORK","err":"fetch failed","msg":"error de ruta"}
{"level":50,"time":1773586210345,"pid":3668,"hostname":"DESKTOP-KPAMGTB","module":"trailing-engine","symbol":"BTCUSDT","count":3,"max":3,"err":"fetch failed","msg":"error al cicle"}
{"level":40,"time":1773586210346,"pid":3668,"hostname":"DESKTOP-KPAMGTB","module":"trailing-engine","symbol":"BTCUSDT","count":3,"pauseSecs":60,"msg":"pausat per errors consecutius"}
{"level":50,"time":1773586210351,"pid":3668,"hostname":"DESKTOP-KPAMGTB","module":"trailing-engine","symbol":"BTCUSDT","count":2,"max":3,"err":"fetch failed","msg":"error al cicle"}
{"level":50,"time":1773586210359,"pid":3668,"hostname":"DESKTOP-KPAMGTB","module":"trailing-engine","symbol":"BTCUSDT","count":3,"max":3,"err":"fetch failed","msg":"error al cicle"}
{"level":40,"time":1773586210360,"pid":3668,"hostname":"DESKTOP-KPAMGTB","module":"trailing-engine","symbol":"BTCUSDT","count":3,"pauseSecs":60,"msg":"pausat per errors consecutius"}
{"level":50,"time":1773586240358,"pid":3668,"hostname":"DESKTOP-KPAMGTB","module":"trailing-engine","symbol":"BTCUSDT","count":3,"max":3,"err":"fetch failed","msg":"error al cicle"}
{"level":40,"time":1773586240359,"pid":3668,"hostname":"DESKTOP-KPAMGTB","module":"trailing-engine","symbol":"BTCUSDT","count":3,"pauseSecs":60,"msg":"pausat per errors consecutius"}
{"level":50,"time":1773586264539,"pid":3668,"hostname":"DESKTOP-KPAMGTB","module":"api","source":"orders","code":"NETWORK","err":"fetch failed","msg":"error de ruta"}
{"level":50,"time":1773586270374,"pid":3668,"hostname":"DESKTOP-KPAMGTB","module":"trailing-engine","symbol":"BTCUSDT","count":1,"max":3,"err":"fetch failed","msg":"error al cicle"}
{"level":50,"time":1773586270381,"pid":3668,"hostname":"DESKTOP-KPAMGTB","module":"trailing-engine","symbol":"BTCUSDT","count":1,"max":3,"err":"fetch failed","msg":"error al cicle"}
{"level":50,"time":1773586300375,"pid":3668,"hostname":"DESKTOP-KPAMGTB","module":"trailing-engine","symbol":"BTCUSDT","count":2,"max":3,"err":"fetch failed","msg":"error al cicle"}
{"level":50,"time":1773586300381,"pid":3668,"hostname":"DESKTOP-KPAMGTB","module":"trailing-engine","symbol":"BTCUSDT","count":1,"max":3,"err":"fetch failed","msg":"error al cicle"}
{"level":50,"time":1773586300389,"pid":3668,"hostname":"DESKTOP-KPAMGTB","module":"trailing-engine","symbol":"BTCUSDT","count":2,"max":3,"err":"fetch failed","msg":"error al cicle"}
{"level":50,"time":1773586324496,"pid":3668,"hostname":"DESKTOP-KPAMGTB","module":"api","source":"orders","code":"NETWORK","err":"fetch failed","msg":"error de ruta"}
{"level":50,"time":1773586330396,"pid":3668,"hostname":"DESKTOP-KPAMGTB","module":"trailing-engine","symbol":"BTCUSDT","count":3,"max":3,"err":"fetch failed","msg":"error al cicle"}
{"level":40,"time":1773586330399,"pid":3668,"hostname":"DESKTOP-KPAMGTB","module":"trailing-engine","symbol":"BTCUSDT","count":3,"pauseSecs":60,"msg":"pausat per errors consecutius"}
{"level":50,"time":1773586330412,"pid":3668,"hostname":"DESKTOP-KPAMGTB","module":"trailing-engine","symbol":"BTCUSDT","count":2,"max":3,"err":"fetch failed","msg":"error al cicle"}
{"level":50,"time":1773586330422,"pid":3668,"hostname":"DESKTOP-KPAMGTB","module":"trailing-engine","symbol":"BTCUSDT","count":3,"max":3,"err":"fetch failed","msg":"error al cicle"}
{"level":40,"time":1773586330422,"pid":3668,"hostname":"DESKTOP-KPAMGTB","module":"trailing-engine","symbol":"BTCUSDT","count":3,"pauseSecs":60,"msg":"pausat per errors consecutius"}
{"level":50,"time":1773586360406,"pid":3668,"hostname":"DESKTOP-KPAMGTB","module":"trailing-engine","symbol":"BTCUSDT","count":3,"max":3,"err":"fetch failed","msg":"error al cicle"}
{"level":40,"time":1773586360407,"pid":3668,"hostname":"DESKTOP-KPAMGTB","module":"trailing-engine","symbol":"BTCUSDT","count":3,"pauseSecs":60,"msg":"pausat per errors consecutius"}
{"level":50,"time":1773586384517,"pid":3668,"hostname":"DESKTOP-KPAMGTB","module":"api","source":"orders","code":"NETWORK","err":"fetch failed","msg":"error de ruta"}
{"level":50,"time":1773586390415,"pid":3668,"hostname":"DESKTOP-KPAMGTB","module":"trailing-engine","symbol":"BTCUSDT","count":1,"max":3,"err":"fetch failed","msg":"error al cicle"}
{"level":50,"time":1773586420418,"pid":3668,"hostname":"DESKTOP-KPAMGTB","module":"trailing-engine","symbol":"BTCUSDT","count":2,"max":3,"err":"fetch failed","msg":"error al cicle"}
{"level":50,"time":1773586420424,"pid":3668,"hostname":"DESKTOP-KPAMGTB","module":"trailing-engine","symbol":"BTCUSDT","count":1,"max":3,"err":"fetch failed","msg":"error al cicle"}
{"level":50,"time":1773586420432,"pid":3668,"hostname":"DESKTOP-KPAMGTB","module":"trailing-engine","symbol":"BTCUSDT","count":1,"max":3,"err":"fetch failed","msg":"error al cicle"}
{"level":50,"time":1773586444531,"pid":3668,"hostname":"DESKTOP-KPAMGTB","module":"api","source":"orders","code":"NETWORK","err":"fetch failed","msg":"error de ruta"}
{"level":50,"time":1773586450420,"pid":3668,"hostname":"DESKTOP-KPAMGTB","module":"trailing-engine","symbol":"BTCUSDT","count":3,"max":3,"err":"fetch failed","msg":"error al cicle"}
{"level":40,"time":1773586450421,"pid":3668,"hostname":"DESKTOP-KPAMGTB","module":"trailing-engine","symbol":"BTCUSDT","count":3,"pauseSecs":60,"msg":"pausat per errors consecutius"}
{"level":50,"time":1773586450426,"pid":3668,"hostname":"DESKTOP-KPAMGTB","module":"trailing-engine","symbol":"BTCUSDT","count":2,"max":3,"err":"fetch failed","msg":"error al cicle"}
{"level":50,"time":1773586450433,"pid":3668,"hostname":"DESKTOP-KPAMGTB","module":"trailing-engine","symbol":"BTCUSDT","count":2,"max":3,"err":"fetch failed","msg":"error al cicle"}
{"level":50,"time":1773586480423,"pid":3668,"hostname":"DESKTOP-KPAMGTB","module":"trailing-engine","symbol":"BTCUSDT","count":3,"max":3,"err":"fetch failed","msg":"error al cicle"}
{"level":40,"time":1773586480424,"pid":3668,"hostname":"DESKTOP-KPAMGTB","module":"trailing-engine","symbol":"BTCUSDT","count":3,"pauseSecs":60,"msg":"pausat per errors consecutius"}
{"level":50,"time":1773586480431,"pid":3668,"hostname":"DESKTOP-KPAMGTB","module":"trailing-engine","symbol":"BTCUSDT","count":3,"max":3,"err":"fetch failed","msg":"error al cicle"}
{"level":40,"time":1773586480432,"pid":3668,"hostname":"DESKTOP-KPAMGTB","module":"trailing-engine","symbol":"BTCUSDT","count":3,"pauseSecs":60,"msg":"pausat per errors consecutius"}
{"level":50,"time":1773586504531,"pid":3668,"hostname":"DESKTOP-KPAMGTB","module":"api","source":"orders","code":"NETWORK","err":"fetch failed","msg":"error de ruta"}
{"level":50,"time":1773586510431,"pid":3668,"hostname":"DESKTOP-KPAMGTB","module":"trailing-engine","symbol":"BTCUSDT","count":1,"max":3,"err":"fetch failed","msg":"error al cicle"}
{"level":50,"time":1773586540432,"pid":3668,"hostname":"DESKTOP-KPAMGTB","module":"trailing-engine","symbol":"BTCUSDT","count":2,"max":3,"err":"fetch failed","msg":"error al cicle"}
{"level":50,"time":1773586540440,"pid":3668,"hostname":"DESKTOP-KPAMGTB","module":"trailing-engine","symbol":"BTCUSDT","count":1,"max":3,"err":"fetch failed","msg":"error al cicle"}
{"level":50,"time":1773586540446,"pid":3668,"hostname":"DESKTOP-KPAMGTB","module":"trailing-engine","symbol":"BTCUSDT","count":1,"max":3,"err":"fetch failed","msg":"error al cicle"}
{"level":50,"time":1773586564547,"pid":3668,"hostname":"DESKTOP-KPAMGTB","module":"api","source":"orders","code":"NETWORK","err":"fetch failed","msg":"error de ruta"}
{"level":50,"time":1773586570434,"pid":3668,"hostname":"DESKTOP-KPAMGTB","module":"trailing-engine","symbol":"BTCUSDT","count":3,"max":3,"err":"fetch failed","msg":"error al cicle"}
{"level":40,"time":1773586570435,"pid":3668,"hostname":"DESKTOP-KPAMGTB","module":"trailing-engine","symbol":"BTCUSDT","count":3,"pauseSecs":60,"msg":"pausat per errors consecutius"}
{"level":50,"time":1773586570442,"pid":3668,"hostname":"DESKTOP-KPAMGTB","module":"trailing-engine","symbol":"BTCUSDT","count":2,"max":3,"err":"fetch failed","msg":"error al cicle"}
{"level":50,"time":1773586570448,"pid":3668,"hostname":"DESKTOP-KPAMGTB","module":"trailing-engine","symbol":"BTCUSDT","count":2,"max":3,"err":"fetch failed","msg":"error al cicle"}
{"level":50,"time":1773586600444,"pid":3668,"hostname":"DESKTOP-KPAMGTB","module":"trailing-engine","symbol":"BTCUSDT","count":3,"max":3,"err":"fetch failed","msg":"error al cicle"}
{"level":40,"time":1773586600445,"pid":3668,"hostname":"DESKTOP-KPAMGTB","module":"trailing-engine","symbol":"BTCUSDT","count":3,"pauseSecs":60,"msg":"pausat per errors consecutius"}
{"level":50,"time":1773586600449,"pid":3668,"hostname":"DESKTOP-KPAMGTB","module":"trailing-engine","symbol":"BTCUSDT","count":3,"max":3,"err":"fetch failed","msg":"error al cicle"}
{"level":40,"time":1773586600449,"pid":3668,"hostname":"DESKTOP-KPAMGTB","module":"trailing-engine","symbol":"BTCUSDT","count":3,"pauseSecs":60,"msg":"pausat per errors consecutius"}
{"level":50,"time":1773586624609,"pid":3668,"hostname":"DESKTOP-KPAMGTB","module":"api","source":"orders","code":"NETWORK","err":"fetch failed","msg":"error de ruta"}
{"level":50,"time":1773586630448,"pid":3668,"hostname":"DESKTOP-KPAMGTB","module":"trailing-engine","symbol":"BTCUSDT","count":1,"max":3,"err":"fetch failed","msg":"error al cicle"}
{"level":50,"time":1773586660454,"pid":3668,"hostname":"DESKTOP-KPAMGTB","module":"trailing-engine","symbol":"BTCUSDT","count":2,"max":3,"err":"fetch failed","msg":"error al cicle"}
{"level":50,"time":1773586660459,"pid":3668,"hostname":"DESKTOP-KPAMGTB","module":"trailing-engine","symbol":"BTCUSDT","count":1,"max":3,"err":"fetch failed","msg":"error al cicle"}
{"level":50,"time":1773586660467,"pid":3668,"hostname":"DESKTOP-KPAMGTB","module":"trailing-engine","symbol":"BTCUSDT","count":1,"max":3,"err":"fetch failed","msg":"error al cicle"}
{"level":50,"time":1773586684613,"pid":3668,"hostname":"DESKTOP-KPAMGTB","module":"api","source":"orders","code":"NETWORK","err":"fetch failed","msg":"error de ruta"}
{"level":50,"time":1773586690463,"pid":3668,"hostname":"DESKTOP-KPAMGTB","module":"trailing-engine","symbol":"BTCUSDT","count":3,"max":3,"err":"fetch failed","msg":"error al cicle"}
{"level":40,"time":1773586690465,"pid":3668,"hostname":"DESKTOP-KPAMGTB","module":"trailing-engine","symbol":"BTCUSDT","count":3,"pauseSecs":60,"msg":"pausat per errors consecutius"}
{"level":50,"time":1773586690472,"pid":3668,"hostname":"DESKTOP-KPAMGTB","module":"trailing-engine","symbol":"BTCUSDT","count":2,"max":3,"err":"fetch failed","msg":"error al cicle"}
{"level":50,"time":1773586690479,"pid":3668,"hostname":"DESKTOP-KPAMGTB","module":"trailing-engine","symbol":"BTCUSDT","count":2,"max":3,"err":"fetch failed","msg":"error al cicle"}
{"level":50,"time":1773586719395,"pid":3668,"hostname":"DESKTOP-KPAMGTB","module":"api","source":"balance","code":"NETWORK","err":"fetch failed","msg":"error de ruta"}
{"level":50,"time":1773586720471,"pid":3668,"hostname":"DESKTOP-KPAMGTB","module":"trailing-engine","symbol":"BTCUSDT","count":3,"max":3,"err":"fetch failed","msg":"error al cicle"}
{"level":40,"time":1773586720473,"pid":3668,"hostname":"DESKTOP-KPAMGTB","module":"trailing-engine","symbol":"BTCUSDT","count":3,"pauseSecs":60,"msg":"pausat per errors consecutius"}
{"level":50,"time":1773586720479,"pid":3668,"hostname":"DESKTOP-KPAMGTB","module":"trailing-engine","symbol":"BTCUSDT","count":3,"max":3,"err":"fetch failed","msg":"error al cicle"}
{"level":40,"time":1773586720481,"pid":3668,"hostname":"DESKTOP-KPAMGTB","module":"trailing-engine","symbol":"BTCUSDT","count":3,"pauseSecs":60,"msg":"pausat per errors consecutius"}
{"level":50,"time":1773586744612,"pid":3668,"hostname":"DESKTOP-KPAMGTB","module":"api","source":"orders","code":"NETWORK","err":"fetch failed","msg":"error de ruta"}
{"level":50,"time":1773586750482,"pid":3668,"hostname":"DESKTOP-KPAMGTB","module":"trailing-engine","symbol":"BTCUSDT","count":1,"max":3,"err":"fetch failed","msg":"error al cicle"}
{"level":50,"time":1773586780493,"pid":3668,"hostname":"DESKTOP-KPAMGTB","module":"trailing-engine","symbol":"BTCUSDT","count":2,"max":3,"err":"fetch failed","msg":"error al cicle"}
{"level":50,"time":1773586780500,"pid":3668,"hostname":"DESKTOP-KPAMGTB","module":"trailing-engine","symbol":"BTCUSDT","count":1,"max":3,"err":"fetch failed","msg":"error al cicle"}
{"level":50,"time":1773586780506,"pid":3668,"hostname":"DESKTOP-KPAMGTB","module":"trailing-engine","symbol":"BTCUSDT","count":1,"max":3,"err":"fetch failed","msg":"error al cicle"}
{"level":50,"time":1773586798539,"pid":3668,"hostname":"DESKTOP-KPAMGTB","module":"telegram","err":"fetch failed","msg":"error informe horari"}
{"level":50,"time":1773586804596,"pid":3668,"hostname":"DESKTOP-KPAMGTB","module":"api","source":"orders","code":"NETWORK","err":"fetch failed","msg":"error de ruta"}
{"level":50,"time":1773586810500,"pid":3668,"hostname":"DESKTOP-KPAMGTB","module":"trailing-engine","symbol":"BTCUSDT","count":3,"max":3,"err":"fetch failed","msg":"error al cicle"}
{"level":40,"time":1773586810502,"pid":3668,"hostname":"DESKTOP-KPAMGTB","module":"trailing-engine","symbol":"BTCUSDT","count":3,"pauseSecs":60,"msg":"pausat per errors consecutius"}
{"level":50,"time":1773586810510,"pid":3668,"hostname":"DESKTOP-KPAMGTB","module":"trailing-engine","symbol":"BTCUSDT","count":2,"max":3,"err":"fetch failed","msg":"error al cicle"}
{"level":50,"time":1773586810516,"pid":3668,"hostname":"DESKTOP-KPAMGTB","module":"trailing-engine","symbol":"BTCUSDT","count":2,"max":3,"err":"fetch failed","msg":"error al cicle"}
{"level":50,"time":1773586840511,"pid":3668,"hostname":"DESKTOP-KPAMGTB","module":"trailing-engine","symbol":"BTCUSDT","count":3,"max":3,"err":"fetch failed","msg":"error al cicle"}
{"level":40,"time":1773586840513,"pid":3668,"hostname":"DESKTOP-KPAMGTB","module":"trailing-engine","symbol":"BTCUSDT","count":3,"pauseSecs":60,"msg":"pausat per errors consecutius"}
{"level":50,"time":1773586840517,"pid":3668,"hostname":"DESKTOP-KPAMGTB","module":"trailing-engine","symbol":"BTCUSDT","count":3,"max":3,"err":"fetch failed","msg":"error al cicle"}
{"level":40,"time":1773586840518,"pid":3668,"hostname":"DESKTOP-KPAMGTB","module":"trailing-engine","symbol":"BTCUSDT","count":3,"pauseSecs":60,"msg":"pausat per errors consecutius"}
{"level":50,"time":1773586864636,"pid":3668,"hostname":"DESKTOP-KPAMGTB","module":"api","source":"orders","code":"NETWORK","err":"fetch failed","msg":"error de ruta"}
{"level":50,"time":1773586870518,"pid":3668,"hostname":"DESKTOP-KPAMGTB","module":"trailing-engine","symbol":"BTCUSDT","count":1,"max":3,"err":"fetch failed","msg":"error al cicle"}
{"level":50,"time":1773586900525,"pid":3668,"hostname":"DESKTOP-KPAMGTB","module":"trailing-engine","symbol":"BTCUSDT","count":2,"max":3,"err":"fetch failed","msg":"error al cicle"}
{"level":50,"time":1773586900531,"pid":3668,"hostname":"DESKTOP-KPAMGTB","module":"trailing-engine","symbol":"BTCUSDT","count":1,"max":3,"err":"fetch failed","msg":"error al cicle"}
{"level":50,"time":1773586900539,"pid":3668,"hostname":"DESKTOP-KPAMGTB","module":"trailing-engine","symbol":"BTCUSDT","count":1,"max":3,"err":"fetch failed","msg":"error al cicle"}
{"level":50,"time":1773586924643,"pid":3668,"hostname":"DESKTOP-KPAMGTB","module":"api","source":"orders","code":"NETWORK","err":"fetch failed","msg":"error de ruta"}
{"level":50,"time":1773586930532,"pid":3668,"hostname":"DESKTOP-KPAMGTB","module":"trailing-engine","symbol":"BTCUSDT","count":3,"max":3,"err":"fetch failed","msg":"error al cicle"}
{"level":40,"time":1773586930533,"pid":3668,"hostname":"DESKTOP-KPAMGTB","module":"trailing-engine","symbol":"BTCUSDT","count":3,"pauseSecs":60,"msg":"pausat per errors consecutius"}
{"level":50,"time":1773586930540,"pid":3668,"hostname":"DESKTOP-KPAMGTB","module":"trailing-engine","symbol":"BTCUSDT","count":2,"max":3,"err":"fetch failed","msg":"error al cicle"}
{"level":50,"time":1773586930547,"pid":3668,"hostname":"DESKTOP-KPAMGTB","module":"trailing-engine","symbol":"BTCUSDT","count":2,"max":3,"err":"fetch failed","msg":"error al cicle"}
{"level":50,"time":1773586960534,"pid":3668,"hostname":"DESKTOP-KPAMGTB","module":"trailing-engine","symbol":"BTCUSDT","count":3,"max":3,"err":"fetch failed","msg":"error al cicle"}
{"level":40,"time":1773586960535,"pid":3668,"hostname":"DESKTOP-KPAMGTB","module":"trailing-engine","symbol":"BTCUSDT","count":3,"pauseSecs":60,"msg":"pausat per errors consecutius"}
{"level":50,"time":1773586960540,"pid":3668,"hostname":"DESKTOP-KPAMGTB","module":"trailing-engine","symbol":"BTCUSDT","count":3,"max":3,"err":"fetch failed","msg":"error al cicle"}
{"level":40,"time":1773586960541,"pid":3668,"hostname":"DESKTOP-KPAMGTB","module":"trailing-engine","symbol":"BTCUSDT","count":3,"pauseSecs":60,"msg":"pausat per errors consecutius"}
{"level":50,"time":1773586984643,"pid":3668,"hostname":"DESKTOP-KPAMGTB","module":"api","source":"orders","code":"NETWORK","err":"fetch failed","msg":"error de ruta"}
{"level":50,"time":1773586990544,"pid":3668,"hostname":"DESKTOP-KPAMGTB","module":"trailing-engine","symbol":"BTCUSDT","count":1,"max":3,"err":"fetch failed","msg":"error al cicle"}
{"level":50,"time":1773587020554,"pid":3668,"hostname":"DESKTOP-KPAMGTB","module":"trailing-engine","symbol":"BTCUSDT","count":2,"max":3,"err":"fetch failed","msg":"error al cicle"}
{"level":50,"time":1773587020560,"pid":3668,"hostname":"DESKTOP-KPAMGTB","module":"trailing-engine","symbol":"BTCUSDT","count":1,"max":3,"err":"fetch failed","msg":"error al cicle"}
{"level":50,"time":1773587020567,"pid":3668,"hostname":"DESKTOP-KPAMGTB","module":"trailing-engine","symbol":"BTCUSDT","count":1,"max":3,"err":"fetch failed","msg":"error al cicle"}
{"level":50,"time":1773587044616,"pid":3668,"hostname":"DESKTOP-KPAMGTB","module":"api","source":"orders","code":"NETWORK","err":"fetch failed","msg":"error de ruta"}
{"level":50,"time":1773587050558,"pid":3668,"hostname":"DESKTOP-KPAMGTB","module":"trailing-engine","symbol":"BTCUSDT","count":3,"max":3,"err":"fetch failed","msg":"error al cicle"}
{"level":40,"time":1773587050559,"pid":3668,"hostname":"DESKTOP-KPAMGTB","module":"trailing-engine","symbol":"BTCUSDT","count":3,"pauseSecs":60,"msg":"pausat per errors consecutius"}
{"level":50,"time":1773587050567,"pid":3668,"hostname":"DESKTOP-KPAMGTB","module":"trailing-engine","symbol":"BTCUSDT","count":2,"max":3,"err":"fetch failed","msg":"error al cicle"}
{"level":50,"time":1773587050574,"pid":3668,"hostname":"DESKTOP-KPAMGTB","module":"trailing-engine","symbol":"BTCUSDT","count":2,"max":3,"err":"fetch failed","msg":"error al cicle"}
{"level":50,"time":1773587080562,"pid":3668,"hostname":"DESKTOP-KPAMGTB","module":"trailing-engine","symbol":"BTCUSDT","count":3,"max":3,"err":"fetch failed","msg":"error al cicle"}
{"level":40,"time":1773587080563,"pid":3668,"hostname":"DESKTOP-KPAMGTB","module":"trailing-engine","symbol":"BTCUSDT","count":3,"pauseSecs":60,"msg":"pausat per errors consecutius"}
{"level":50,"time":1773587080573,"pid":3668,"hostname":"DESKTOP-KPAMGTB","module":"trailing-engine","symbol":"BTCUSDT","count":3,"max":3,"err":"fetch failed","msg":"error al cicle"}
{"level":40,"time":1773587080574,"pid":3668,"hostname":"DESKTOP-KPAMGTB","module":"trailing-engine","symbol":"BTCUSDT","count":3,"pauseSecs":60,"msg":"pausat per errors consecutius"}
{"level":50,"time":1773587104645,"pid":3668,"hostname":"DESKTOP-KPAMGTB","module":"api","source":"orders","code":"NETWORK","err":"fetch failed","msg":"error de ruta"}
{"level":50,"time":1773587110588,"pid":3668,"hostname":"DESKTOP-KPAMGTB","module":"trailing-engine","symbol":"BTCUSDT","count":1,"max":3,"err":"fetch failed","msg":"error al cicle"}
{"level":50,"time":1773587140580,"pid":3668,"hostname":"DESKTOP-KPAMGTB","module":"trailing-engine","symbol":"BTCUSDT","count":2,"max":3,"err":"fetch failed","msg":"error al cicle"}
{"level":50,"time":1773587140586,"pid":3668,"hostname":"DESKTOP-KPAMGTB","module":"trailing-engine","symbol":"BTCUSDT","count":1,"max":3,"err":"fetch failed","msg":"error al cicle"}
{"level":50,"time":1773587140599,"pid":3668,"hostname":"DESKTOP-KPAMGTB","module":"trailing-engine","symbol":"BTCUSDT","count":1,"max":3,"err":"fetch failed","msg":"error al cicle"}
{"level":50,"time":1773587164717,"pid":3668,"hostname":"DESKTOP-KPAMGTB","module":"api","source":"orders","code":"NETWORK","err":"fetch failed","msg":"error de ruta"}
{"level":50,"time":1773587170587,"pid":3668,"hostname":"DESKTOP-KPAMGTB","module":"trailing-engine","symbol":"BTCUSDT","count":3,"max":3,"err":"fetch failed","msg":"error al cicle"}
{"level":40,"time":1773587170588,"pid":3668,"hostname":"DESKTOP-KPAMGTB","module":"trailing-engine","symbol":"BTCUSDT","count":3,"pauseSecs":60,"msg":"pausat per errors consecutius"}
{"level":50,"time":1773587170593,"pid":3668,"hostname":"DESKTOP-KPAMGTB","module":"trailing-engine","symbol":"BTCUSDT","count":2,"max":3,"err":"fetch failed","msg":"error al cicle"}
{"level":50,"time":1773587170598,"pid":3668,"hostname":"DESKTOP-KPAMGTB","module":"trailing-engine","symbol":"BTCUSDT","count":2,"max":3,"err":"fetch failed","msg":"error al cicle"}
{"level":50,"time":1773587200592,"pid":3668,"hostname":"DESKTOP-KPAMGTB","module":"trailing-engine","symbol":"BTCUSDT","count":3,"max":3,"err":"fetch failed","msg":"error al cicle"}
{"level":40,"time":1773587200593,"pid":3668,"hostname":"DESKTOP-KPAMGTB","module":"trailing-engine","symbol":"BTCUSDT","count":3,"pauseSecs":60,"msg":"pausat per errors consecutius"}
{"level":50,"time":1773587200600,"pid":3668,"hostname":"DESKTOP-KPAMGTB","module":"trailing-engine","symbol":"BTCUSDT","count":3,"max":3,"err":"fetch failed","msg":"error al cicle"}
{"level":40,"time":1773587200603,"pid":3668,"hostname":"DESKTOP-KPAMGTB","module":"trailing-engine","symbol":"BTCUSDT","count":3,"pauseSecs":60,"msg":"pausat per errors consecutius"}
{"level":50,"time":1773587224632,"pid":3668,"hostname":"DESKTOP-KPAMGTB","module":"api","source":"orders","code":"NETWORK","err":"fetch failed","msg":"error de ruta"}
{"level":50,"time":1773587230593,"pid":3668,"hostname":"DESKTOP-KPAMGTB","module":"trailing-engine","symbol":"BTCUSDT","count":1,"max":3,"err":"fetch failed","msg":"error al cicle"}
{"level":50,"time":1773587260601,"pid":3668,"hostname":"DESKTOP-KPAMGTB","module":"trailing-engine","symbol":"BTCUSDT","count":2,"max":3,"err":"fetch failed","msg":"error al cicle"}
{"level":50,"time":1773587260607,"pid":3668,"hostname":"DESKTOP-KPAMGTB","module":"trailing-engine","symbol":"BTCUSDT","count":1,"max":3,"err":"fetch failed","msg":"error al cicle"}
{"level":50,"time":1773587260617,"pid":3668,"hostname":"DESKTOP-KPAMGTB","module":"trailing-engine","symbol":"BTCUSDT","count":1,"max":3,"err":"fetch failed","msg":"error al cicle"}
{"level":50,"time":1773587284891,"pid":3668,"hostname":"DESKTOP-KPAMGTB","module":"api","source":"orders","code":"NETWORK","err":"fetch failed","msg":"error de ruta"}
{"level":50,"time":1773587290607,"pid":3668,"hostname":"DESKTOP-KPAMGTB","module":"trailing-engine","symbol":"BTCUSDT","count":3,"max":3,"err":"fetch failed","msg":"error al cicle"}
{"level":40,"time":1773587290608,"pid":3668,"hostname":"DESKTOP-KPAMGTB","module":"trailing-engine","symbol":"BTCUSDT","count":3,"pauseSecs":60,"msg":"pausat per errors consecutius"}
{"level":50,"time":1773587290612,"pid":3668,"hostname":"DESKTOP-KPAMGTB","module":"trailing-engine","symbol":"BTCUSDT","count":2,"max":3,"err":"fetch failed","msg":"error al cicle"}
{"level":50,"time":1773587290620,"pid":3668,"hostname":"DESKTOP-KPAMGTB","module":"trailing-engine","symbol":"BTCUSDT","count":2,"max":3,"err":"fetch failed","msg":"error al cicle"}
{"level":50,"time":1773587320621,"pid":3668,"hostname":"DESKTOP-KPAMGTB","module":"trailing-engine","symbol":"BTCUSDT","count":3,"max":3,"err":"fetch failed","msg":"error al cicle"}
{"level":40,"time":1773587320622,"pid":3668,"hostname":"DESKTOP-KPAMGTB","module":"trailing-engine","symbol":"BTCUSDT","count":3,"pauseSecs":60,"msg":"pausat per errors consecutius"}
{"level":50,"time":1773587320627,"pid":3668,"hostname":"DESKTOP-KPAMGTB","module":"trailing-engine","symbol":"BTCUSDT","count":3,"max":3,"err":"fetch failed","msg":"error al cicle"}
{"level":40,"time":1773587320628,"pid":3668,"hostname":"DESKTOP-KPAMGTB","module":"trailing-engine","symbol":"BTCUSDT","count":3,"pauseSecs":60,"msg":"pausat per errors consecutius"}
{"level":50,"time":1773587344781,"pid":3668,"hostname":"DESKTOP-KPAMGTB","module":"api","source":"orders","code":"NETWORK","err":"fetch failed","msg":"error de ruta"}
{"level":50,"time":1773587350635,"pid":3668,"hostname":"DESKTOP-KPAMGTB","module":"trailing-engine","symbol":"BTCUSDT","count":1,"max":3,"err":"fetch failed","msg":"error al cicle"}
{"level":50,"time":1773587380646,"pid":3668,"hostname":"DESKTOP-KPAMGTB","module":"trailing-engine","symbol":"BTCUSDT","count":2,"max":3,"err":"fetch failed","msg":"error al cicle"}
{"level":50,"time":1773587380650,"pid":3668,"hostname":"DESKTOP-KPAMGTB","module":"trailing-engine","symbol":"BTCUSDT","count":1,"max":3,"err":"fetch failed","msg":"error al cicle"}
{"level":50,"time":1773587380659,"pid":3668,"hostname":"DESKTOP-KPAMGTB","module":"trailing-engine","symbol":"BTCUSDT","count":1,"max":3,"err":"fetch failed","msg":"error al cicle"}
{"level":50,"time":1773587404606,"pid":3668,"hostname":"DESKTOP-KPAMGTB","module":"api","source":"orders","code":"NETWORK","err":"fetch failed","msg":"error de ruta"}
{"level":50,"time":1773587410653,"pid":3668,"hostname":"DESKTOP-KPAMGTB","module":"trailing-engine","symbol":"BTCUSDT","count":3,"max":3,"err":"fetch failed","msg":"error al cicle"}
{"level":40,"time":1773587410654,"pid":3668,"hostname":"DESKTOP-KPAMGTB","module":"trailing-engine","symbol":"BTCUSDT","count":3,"pauseSecs":60,"msg":"pausat per errors consecutius"}
{"level":50,"time":1773587410660,"pid":3668,"hostname":"DESKTOP-KPAMGTB","module":"trailing-engine","symbol":"BTCUSDT","count":2,"max":3,"err":"fetch failed","msg":"error al cicle"}
{"level":50,"time":1773587410668,"pid":3668,"hostname":"DESKTOP-KPAMGTB","module":"trailing-engine","symbol":"BTCUSDT","count":2,"max":3,"err":"fetch failed","msg":"error al cicle"}
{"level":50,"time":1773587440656,"pid":3668,"hostname":"DESKTOP-KPAMGTB","module":"trailing-engine","symbol":"BTCUSDT","count":3,"max":3,"err":"fetch failed","msg":"error al cicle"}
{"level":40,"time":1773587440658,"pid":3668,"hostname":"DESKTOP-KPAMGTB","module":"trailing-engine","symbol":"BTCUSDT","count":3,"pauseSecs":60,"msg":"pausat per errors consecutius"}
{"level":50,"time":1773587440664,"pid":3668,"hostname":"DESKTOP-KPAMGTB","module":"trailing-engine","symbol":"BTCUSDT","count":3,"max":3,"err":"fetch failed","msg":"error al cicle"}
{"level":40,"time":1773587440665,"pid":3668,"hostname":"DESKTOP-KPAMGTB","module":"trailing-engine","symbol":"BTCUSDT","count":3,"pauseSecs":60,"msg":"pausat per errors consecutius"}
{"level":50,"time":1773587464768,"pid":3668,"hostname":"DESKTOP-KPAMGTB","module":"api","source":"orders","code":"NETWORK","err":"fetch failed","msg":"error de ruta"}
{"level":50,"time":1773587500672,"pid":3668,"hostname":"DESKTOP-KPAMGTB","module":"trailing-engine","symbol":"BTCUSDT","count":1,"max":3,"err":"fetch failed","msg":"error al cicle"}
{"level":50,"time":1773587500678,"pid":3668,"hostname":"DESKTOP-KPAMGTB","module":"trailing-engine","symbol":"BTCUSDT","count":1,"max":3,"err":"fetch failed","msg":"error al cicle"}
{"level":50,"time":1773587500688,"pid":3668,"hostname":"DESKTOP-KPAMGTB","module":"trailing-engine","symbol":"BTCUSDT","count":1,"max":3,"err":"fetch failed","msg":"error al cicle"}
{"level":50,"time":1773587524714,"pid":3668,"hostname":"DESKTOP-KPAMGTB","module":"api","source":"orders","code":"NETWORK","err":"fetch failed","msg":"error de ruta"}
{"level":50,"time":1773587530685,"pid":3668,"hostname":"DESKTOP-KPAMGTB","module":"trailing-engine","symbol":"BTCUSDT","count":2,"max":3,"err":"fetch failed","msg":"error al cicle"}
{"level":50,"time":1773587530692,"pid":3668,"hostname":"DESKTOP-KPAMGTB","module":"trailing-engine","symbol":"BTCUSDT","count":2,"max":3,"err":"fetch failed","msg":"error al cicle"}
{"level":50,"time":1773587530702,"pid":3668,"hostname":"DESKTOP-KPAMGTB","module":"trailing-engine","symbol":"BTCUSDT","count":2,"max":3,"err":"fetch failed","msg":"error al cicle"}
{"level":50,"time":1773587560699,"pid":3668,"hostname":"DESKTOP-KPAMGTB","module":"trailing-engine","symbol":"BTCUSDT","count":3,"max":3,"err":"fetch failed","msg":"error al cicle"}
{"level":40,"time":1773587560700,"pid":3668,"hostname":"DESKTOP-KPAMGTB","module":"trailing-engine","symbol":"BTCUSDT","count":3,"pauseSecs":60,"msg":"pausat per errors consecutius"}
{"level":50,"time":1773587560707,"pid":3668,"hostname":"DESKTOP-KPAMGTB","module":"trailing-engine","symbol":"BTCUSDT","count":3,"max":3,"err":"fetch failed","msg":"error al cicle"}
{"level":40,"time":1773587560708,"pid":3668,"hostname":"DESKTOP-KPAMGTB","module":"trailing-engine","symbol":"BTCUSDT","count":3,"pauseSecs":60,"msg":"pausat per errors consecutius"}
{"level":50,"time":1773587560719,"pid":3668,"hostname":"DESKTOP-KPAMGTB","module":"trailing-engine","symbol":"BTCUSDT","count":3,"max":3,"err":"fetch failed","msg":"error al cicle"}
{"level":40,"time":1773587560719,"pid":3668,"hostname":"DESKTOP-KPAMGTB","module":"trailing-engine","symbol":"BTCUSDT","count":3,"pauseSecs":60,"msg":"pausat per errors consecutius"}
{"level":50,"time":1773587584734,"pid":3668,"hostname":"DESKTOP-KPAMGTB","module":"api","source":"orders","code":"NETWORK","err":"fetch failed","msg":"error de ruta"}
{"level":50,"time":1773587619398,"pid":3668,"hostname":"DESKTOP-KPAMGTB","module":"api","source":"balance","code":"NETWORK","err":"fetch failed","msg":"error de ruta"}
{"level":50,"time":1773587620714,"pid":3668,"hostname":"DESKTOP-KPAMGTB","module":"trailing-engine","symbol":"BTCUSDT","count":1,"max":3,"err":"fetch failed","msg":"error al cicle"}
{"level":50,"time":1773587620719,"pid":3668,"hostname":"DESKTOP-KPAMGTB","module":"trailing-engine","symbol":"BTCUSDT","count":1,"max":3,"err":"fetch failed","msg":"error al cicle"}
{"level":50,"time":1773587620726,"pid":3668,"hostname":"DESKTOP-KPAMGTB","module":"trailing-engine","symbol":"BTCUSDT","count":1,"max":3,"err":"fetch failed","msg":"error al cicle"}
{"level":50,"time":1773587644756,"pid":3668,"hostname":"DESKTOP-KPAMGTB","module":"api","source":"orders","code":"NETWORK","err":"fetch failed","msg":"error de ruta"}
{"level":50,"time":1773587650722,"pid":3668,"hostname":"DESKTOP-KPAMGTB","module":"trailing-engine","symbol":"BTCUSDT","count":2,"max":3,"err":"fetch failed","msg":"error al cicle"}
{"level":50,"time":1773587650729,"pid":3668,"hostname":"DESKTOP-KPAMGTB","module":"trailing-engine","symbol":"BTCUSDT","count":2,"max":3,"err":"fetch failed","msg":"error al cicle"}
{"level":50,"time":1773587650740,"pid":3668,"hostname":"DESKTOP-KPAMGTB","module":"trailing-engine","symbol":"BTCUSDT","count":2,"max":3,"err":"fetch failed","msg":"error al cicle"}
{"level":50,"time":1773587680739,"pid":3668,"hostname":"DESKTOP-KPAMGTB","module":"trailing-engine","symbol":"BTCUSDT","count":3,"max":3,"err":"fetch failed","msg":"error al cicle"}
{"level":40,"time":1773587680740,"pid":3668,"hostname":"DESKTOP-KPAMGTB","module":"trailing-engine","symbol":"BTCUSDT","count":3,"pauseSecs":60,"msg":"pausat per errors consecutius"}
{"level":50,"time":1773587680747,"pid":3668,"hostname":"DESKTOP-KPAMGTB","module":"trailing-engine","symbol":"BTCUSDT","count":3,"max":3,"err":"fetch failed","msg":"error al cicle"}
{"level":40,"time":1773587680748,"pid":3668,"hostname":"DESKTOP-KPAMGTB","module":"trailing-engine","symbol":"BTCUSDT","count":3,"pauseSecs":60,"msg":"pausat per errors consecutius"}
{"level":50,"time":1773587680759,"pid":3668,"hostname":"DESKTOP-KPAMGTB","module":"trailing-engine","symbol":"BTCUSDT","count":3,"max":3,"err":"fetch failed","msg":"error al cicle"}
{"level":40,"time":1773587680759,"pid":3668,"hostname":"DESKTOP-KPAMGTB","module":"trailing-engine","symbol":"BTCUSDT","count":3,"pauseSecs":60,"msg":"pausat per errors consecutius"}
{"level":50,"time":1773587704785,"pid":3668,"hostname":"DESKTOP-KPAMGTB","module":"api","source":"orders","code":"NETWORK","err":"fetch failed","msg":"error de ruta"}
{"level":50,"time":1773587740761,"pid":3668,"hostname":"DESKTOP-KPAMGTB","module":"trailing-engine","symbol":"BTCUSDT","count":1,"max":3,"err":"fetch failed","msg":"error al cicle"}
{"level":50,"time":1773587740776,"pid":3668,"hostname":"DESKTOP-KPAMGTB","module":"trailing-engine","symbol":"BTCUSDT","count":1,"max":3,"err":"fetch failed","msg":"error al cicle"}
{"level":50,"time":1773587740784,"pid":3668,"hostname":"DESKTOP-KPAMGTB","module":"trailing-engine","symbol":"BTCUSDT","count":1,"max":3,"err":"fetch failed","msg":"error al cicle"}
{"level":50,"time":1773587764748,"pid":3668,"hostname":"DESKTOP-KPAMGTB","module":"api","source":"orders","code":"NETWORK","err":"fetch failed","msg":"error de ruta"}
{"level":50,"time":1773587770767,"pid":3668,"hostname":"DESKTOP-KPAMGTB","module":"trailing-engine","symbol":"BTCUSDT","count":2,"max":3,"err":"fetch failed","msg":"error al cicle"}
{"level":50,"time":1773587770774,"pid":3668,"hostname":"DESKTOP-KPAMGTB","module":"trailing-engine","symbol":"BTCUSDT","count":2,"max":3,"err":"fetch failed","msg":"error al cicle"}
{"level":50,"time":1773587770782,"pid":3668,"hostname":"DESKTOP-KPAMGTB","module":"trailing-engine","symbol":"BTCUSDT","count":2,"max":3,"err":"fetch failed","msg":"error al cicle"}
{"level":50,"time":1773587800781,"pid":3668,"hostname":"DESKTOP-KPAMGTB","module":"trailing-engine","symbol":"BTCUSDT","count":3,"max":3,"err":"fetch failed","msg":"error al cicle"}
{"level":40,"time":1773587800781,"pid":3668,"hostname":"DESKTOP-KPAMGTB","module":"trailing-engine","symbol":"BTCUSDT","count":3,"pauseSecs":60,"msg":"pausat per errors consecutius"}
{"level":50,"time":1773587800786,"pid":3668,"hostname":"DESKTOP-KPAMGTB","module":"trailing-engine","symbol":"BTCUSDT","count":3,"max":3,"err":"fetch failed","msg":"error al cicle"}
{"level":40,"time":1773587800786,"pid":3668,"hostname":"DESKTOP-KPAMGTB","module":"trailing-engine","symbol":"BTCUSDT","count":3,"pauseSecs":60,"msg":"pausat per errors consecutius"}
{"level":50,"time":1773587800792,"pid":3668,"hostname":"DESKTOP-KPAMGTB","module":"trailing-engine","symbol":"BTCUSDT","count":3,"max":3,"err":"fetch failed","msg":"error al cicle"}
{"level":40,"time":1773587800793,"pid":3668,"hostname":"DESKTOP-KPAMGTB","module":"trailing-engine","symbol":"BTCUSDT","count":3,"pauseSecs":60,"msg":"pausat per errors consecutius"}
{"level":50,"time":1773587824830,"pid":3668,"hostname":"DESKTOP-KPAMGTB","module":"api","source":"orders","code":"NETWORK","err":"fetch failed","msg":"error de ruta"}
{"level":50,"time":1773587860788,"pid":3668,"hostname":"DESKTOP-KPAMGTB","module":"trailing-engine","symbol":"BTCUSDT","count":1,"max":3,"err":"fetch failed","msg":"error al cicle"}
{"level":50,"time":1773587860794,"pid":3668,"hostname":"DESKTOP-KPAMGTB","module":"trailing-engine","symbol":"BTCUSDT","count":1,"max":3,"err":"fetch failed","msg":"error al cicle"}
{"level":50,"time":1773587860805,"pid":3668,"hostname":"DESKTOP-KPAMGTB","module":"trailing-engine","symbol":"BTCUSDT","count":1,"max":3,"err":"fetch failed","msg":"error al cicle"}
{"level":50,"time":1773587884745,"pid":3668,"hostname":"DESKTOP-KPAMGTB","module":"api","source":"orders","code":"NETWORK","err":"fetch failed","msg":"error de ruta"}
{"level":50,"time":1773587890788,"pid":3668,"hostname":"DESKTOP-KPAMGTB","module":"trailing-engine","symbol":"BTCUSDT","count":2,"max":3,"err":"fetch failed","msg":"error al cicle"}
{"level":50,"time":1773587890796,"pid":3668,"hostname":"DESKTOP-KPAMGTB","module":"trailing-engine","symbol":"BTCUSDT","count":2,"max":3,"err":"fetch failed","msg":"error al cicle"}
{"level":50,"time":1773587890804,"pid":3668,"hostname":"DESKTOP-KPAMGTB","module":"trailing-engine","symbol":"BTCUSDT","count":2,"max":3,"err":"fetch failed","msg":"error al cicle"}
{"level":50,"time":1773587920801,"pid":3668,"hostname":"DESKTOP-KPAMGTB","module":"trailing-engine","symbol":"BTCUSDT","count":3,"max":3,"err":"fetch failed","msg":"error al cicle"}
{"level":40,"time":1773587920802,"pid":3668,"hostname":"DESKTOP-KPAMGTB","module":"trailing-engine","symbol":"BTCUSDT","count":3,"pauseSecs":60,"msg":"pausat per errors consecutius"}
{"level":50,"time":1773587920810,"pid":3668,"hostname":"DESKTOP-KPAMGTB","module":"trailing-engine","symbol":"BTCUSDT","count":3,"max":3,"err":"fetch failed","msg":"error al cicle"}
{"level":40,"time":1773587920811,"pid":3668,"hostname":"DESKTOP-KPAMGTB","module":"trailing-engine","symbol":"BTCUSDT","count":3,"pauseSecs":60,"msg":"pausat per errors consecutius"}
{"level":50,"time":1773587920821,"pid":3668,"hostname":"DESKTOP-KPAMGTB","module":"trailing-engine","symbol":"BTCUSDT","count":3,"max":3,"err":"fetch failed","msg":"error al cicle"}
{"level":40,"time":1773587920822,"pid":3668,"hostname":"DESKTOP-KPAMGTB","module":"trailing-engine","symbol":"BTCUSDT","count":3,"pauseSecs":60,"msg":"pausat per errors consecutius"}
{"level":50,"time":1773587945164,"pid":3668,"hostname":"DESKTOP-KPAMGTB","module":"api","source":"orders","code":"NETWORK","err":"fetch failed","msg":"error de ruta"}
{"level":50,"time":1773587980812,"pid":3668,"hostname":"DESKTOP-KPAMGTB","module":"trailing-engine","symbol":"BTCUSDT","count":1,"max":3,"err":"fetch failed","msg":"error al cicle"}
{"level":50,"time":1773587980820,"pid":3668,"hostname":"DESKTOP-KPAMGTB","module":"trailing-engine","symbol":"BTCUSDT","count":1,"max":3,"err":"fetch failed","msg":"error al cicle"}
{"level":50,"time":1773588004796,"pid":3668,"hostname":"DESKTOP-KPAMGTB","module":"api","source":"orders","code":"NETWORK","err":"fetch failed","msg":"error de ruta"}
{"level":50,"time":1773588010825,"pid":3668,"hostname":"DESKTOP-KPAMGTB","module":"trailing-engine","symbol":"BTCUSDT","count":2,"max":3,"err":"fetch failed","msg":"error al cicle"}
{"level":50,"time":1773588010833,"pid":3668,"hostname":"DESKTOP-KPAMGTB","module":"trailing-engine","symbol":"BTCUSDT","count":2,"max":3,"err":"fetch failed","msg":"error al cicle"}
{"level":50,"time":1773588010844,"pid":3668,"hostname":"DESKTOP-KPAMGTB","module":"trailing-engine","symbol":"BTCUSDT","count":1,"max":3,"err":"fetch failed","msg":"error al cicle"}
{"level":50,"time":1773588040828,"pid":3668,"hostname":"DESKTOP-KPAMGTB","module":"trailing-engine","symbol":"BTCUSDT","count":3,"max":3,"err":"fetch failed","msg":"error al cicle"}
{"level":40,"time":1773588040829,"pid":3668,"hostname":"DESKTOP-KPAMGTB","module":"trailing-engine","symbol":"BTCUSDT","count":3,"pauseSecs":60,"msg":"pausat per errors consecutius"}
{"level":50,"time":1773588040833,"pid":3668,"hostname":"DESKTOP-KPAMGTB","module":"trailing-engine","symbol":"BTCUSDT","count":3,"max":3,"err":"fetch failed","msg":"error al cicle"}
{"level":40,"time":1773588040834,"pid":3668,"hostname":"DESKTOP-KPAMGTB","module":"trailing-engine","symbol":"BTCUSDT","count":3,"pauseSecs":60,"msg":"pausat per errors consecutius"}
{"level":50,"time":1773588040840,"pid":3668,"hostname":"DESKTOP-KPAMGTB","module":"trailing-engine","symbol":"BTCUSDT","count":2,"max":3,"err":"fetch failed","msg":"error al cicle"}
{"level":50,"time":1773588064824,"pid":3668,"hostname":"DESKTOP-KPAMGTB","module":"api","source":"orders","code":"NETWORK","err":"fetch failed","msg":"error de ruta"}
{"level":50,"time":1773588070838,"pid":3668,"hostname":"DESKTOP-KPAMGTB","module":"trailing-engine","symbol":"BTCUSDT","count":3,"max":3,"err":"fetch failed","msg":"error al cicle"}
{"level":40,"time":1773588070840,"pid":3668,"hostname":"DESKTOP-KPAMGTB","module":"trailing-engine","symbol":"BTCUSDT","count":3,"pauseSecs":60,"msg":"pausat per errors consecutius"}
{"level":50,"time":1773588100837,"pid":3668,"hostname":"DESKTOP-KPAMGTB","module":"trailing-engine","symbol":"BTCUSDT","count":1,"max":3,"err":"fetch failed","msg":"error al cicle"}
{"level":50,"time":1773588100842,"pid":3668,"hostname":"DESKTOP-KPAMGTB","module":"trailing-engine","symbol":"BTCUSDT","count":1,"max":3,"err":"fetch failed","msg":"error al cicle"}
{"level":50,"time":1773588124835,"pid":3668,"hostname":"DESKTOP-KPAMGTB","module":"api","source":"orders","code":"NETWORK","err":"fetch failed","msg":"error de ruta"}
{"level":50,"time":1773588130841,"pid":3668,"hostname":"DESKTOP-KPAMGTB","module":"trailing-engine","symbol":"BTCUSDT","count":2,"max":3,"err":"fetch failed","msg":"error al cicle"}
{"level":50,"time":1773588130847,"pid":3668,"hostname":"DESKTOP-KPAMGTB","module":"trailing-engine","symbol":"BTCUSDT","count":2,"max":3,"err":"fetch failed","msg":"error al cicle"}
{"level":50,"time":1773588130857,"pid":3668,"hostname":"DESKTOP-KPAMGTB","module":"trailing-engine","symbol":"BTCUSDT","count":1,"max":3,"err":"fetch failed","msg":"error al cicle"}
{"level":50,"time":1773588160848,"pid":3668,"hostname":"DESKTOP-KPAMGTB","module":"trailing-engine","symbol":"BTCUSDT","count":3,"max":3,"err":"fetch failed","msg":"error al cicle"}
{"level":40,"time":1773588160849,"pid":3668,"hostname":"DESKTOP-KPAMGTB","module":"trailing-engine","symbol":"BTCUSDT","count":3,"pauseSecs":60,"msg":"pausat per errors consecutius"}
{"level":50,"time":1773588160853,"pid":3668,"hostname":"DESKTOP-KPAMGTB","module":"trailing-engine","symbol":"BTCUSDT","count":3,"max":3,"err":"fetch failed","msg":"error al cicle"}
{"level":40,"time":1773588160854,"pid":3668,"hostname":"DESKTOP-KPAMGTB","module":"trailing-engine","symbol":"BTCUSDT","count":3,"pauseSecs":60,"msg":"pausat per errors consecutius"}
{"level":50,"time":1773588160860,"pid":3668,"hostname":"DESKTOP-KPAMGTB","module":"trailing-engine","symbol":"BTCUSDT","count":2,"max":3,"err":"fetch failed","msg":"error al cicle"}
{"level":50,"time":1773588185071,"pid":3668,"hostname":"DESKTOP-KPAMGTB","module":"api","source":"orders","code":"NETWORK","err":"fetch failed","msg":"error de ruta"}
{"level":50,"time":1773588190858,"pid":3668,"hostname":"DESKTOP-KPAMGTB","module":"trailing-engine","symbol":"BTCUSDT","count":3,"max":3,"err":"fetch failed","msg":"error al cicle"}
{"level":40,"time":1773588190859,"pid":3668,"hostname":"DESKTOP-KPAMGTB","module":"trailing-engine","symbol":"BTCUSDT","count":3,"pauseSecs":60,"msg":"pausat per errors consecutius"}
{"level":50,"time":1773588220878,"pid":3668,"hostname":"DESKTOP-KPAMGTB","module":"trailing-engine","symbol":"BTCUSDT","count":1,"max":3,"err":"fetch failed","msg":"error al cicle"}
{"level":50,"time":1773588220892,"pid":3668,"hostname":"DESKTOP-KPAMGTB","module":"trailing-engine","symbol":"BTCUSDT","count":1,"max":3,"err":"fetch failed","msg":"error al cicle"}
{"level":50,"time":1773588244828,"pid":3668,"hostname":"DESKTOP-KPAMGTB","module":"api","source":"orders","code":"NETWORK","err":"fetch failed","msg":"error de ruta"}
{"level":50,"time":1773588250879,"pid":3668,"hostname":"DESKTOP-KPAMGTB","module":"trailing-engine","symbol":"BTCUSDT","count":2,"max":3,"err":"fetch failed","msg":"error al cicle"}
{"level":50,"time":1773588250885,"pid":3668,"hostname":"DESKTOP-KPAMGTB","module":"trailing-engine","symbol":"BTCUSDT","count":2,"max":3,"err":"fetch failed","msg":"error al cicle"}
{"level":50,"time":1773588250893,"pid":3668,"hostname":"DESKTOP-KPAMGTB","module":"trailing-engine","symbol":"BTCUSDT","count":1,"max":3,"err":"fetch failed","msg":"error al cicle"}
{"level":50,"time":1773588280895,"pid":3668,"hostname":"DESKTOP-KPAMGTB","module":"trailing-engine","symbol":"BTCUSDT","count":3,"max":3,"err":"fetch failed","msg":"error al cicle"}
{"level":40,"time":1773588280897,"pid":3668,"hostname":"DESKTOP-KPAMGTB","module":"trailing-engine","symbol":"BTCUSDT","count":3,"pauseSecs":60,"msg":"pausat per errors consecutius"}
{"level":50,"time":1773588280903,"pid":3668,"hostname":"DESKTOP-KPAMGTB","module":"trailing-engine","symbol":"BTCUSDT","count":3,"max":3,"err":"fetch failed","msg":"error al cicle"}
{"level":40,"time":1773588280904,"pid":3668,"hostname":"DESKTOP-KPAMGTB","module":"trailing-engine","symbol":"BTCUSDT","count":3,"pauseSecs":60,"msg":"pausat per errors consecutius"}
{"level":50,"time":1773588280913,"pid":3668,"hostname":"DESKTOP-KPAMGTB","module":"trailing-engine","symbol":"BTCUSDT","count":2,"max":3,"err":"fetch failed","msg":"error al cicle"}
{"level":50,"time":1773588304838,"pid":3668,"hostname":"DESKTOP-KPAMGTB","module":"api","source":"orders","code":"NETWORK","err":"fetch failed","msg":"error de ruta"}
{"level":50,"time":1773588310901,"pid":3668,"hostname":"DESKTOP-KPAMGTB","module":"trailing-engine","symbol":"BTCUSDT","count":3,"max":3,"err":"fetch failed","msg":"error al cicle"}
{"level":40,"time":1773588310902,"pid":3668,"hostname":"DESKTOP-KPAMGTB","module":"trailing-engine","symbol":"BTCUSDT","count":3,"pauseSecs":60,"msg":"pausat per errors consecutius"}
{"level":50,"time":1773588340917,"pid":3668,"hostname":"DESKTOP-KPAMGTB","module":"trailing-engine","symbol":"BTCUSDT","count":1,"max":3,"err":"fetch failed","msg":"error al cicle"}
{"level":50,"time":1773588340924,"pid":3668,"hostname":"DESKTOP-KPAMGTB","module":"trailing-engine","symbol":"BTCUSDT","count":1,"max":3,"err":"fetch failed","msg":"error al cicle"}
{"level":50,"time":1773588364918,"pid":3668,"hostname":"DESKTOP-KPAMGTB","module":"api","source":"orders","code":"NETWORK","err":"fetch failed","msg":"error de ruta"}
{"level":50,"time":1773588370924,"pid":3668,"hostname":"DESKTOP-KPAMGTB","module":"trailing-engine","symbol":"BTCUSDT","count":2,"max":3,"err":"fetch failed","msg":"error al cicle"}
{"level":50,"time":1773588370931,"pid":3668,"hostname":"DESKTOP-KPAMGTB","module":"trailing-engine","symbol":"BTCUSDT","count":2,"max":3,"err":"fetch failed","msg":"error al cicle"}
{"level":50,"time":1773588370939,"pid":3668,"hostname":"DESKTOP-KPAMGTB","module":"trailing-engine","symbol":"BTCUSDT","count":1,"max":3,"err":"fetch failed","msg":"error al cicle"}
{"level":50,"time":1773588400932,"pid":3668,"hostname":"DESKTOP-KPAMGTB","module":"trailing-engine","symbol":"BTCUSDT","count":3,"max":3,"err":"fetch failed","msg":"error al cicle"}
{"level":40,"time":1773588400934,"pid":3668,"hostname":"DESKTOP-KPAMGTB","module":"trailing-engine","symbol":"BTCUSDT","count":3,"pauseSecs":60,"msg":"pausat per errors consecutius"}
{"level":50,"time":1773588400941,"pid":3668,"hostname":"DESKTOP-KPAMGTB","module":"trailing-engine","symbol":"BTCUSDT","count":3,"max":3,"err":"fetch failed","msg":"error al cicle"}
{"level":40,"time":1773588400942,"pid":3668,"hostname":"DESKTOP-KPAMGTB","module":"trailing-engine","symbol":"BTCUSDT","count":3,"pauseSecs":60,"msg":"pausat per errors consecutius"}
{"level":50,"time":1773588400951,"pid":3668,"hostname":"DESKTOP-KPAMGTB","module":"trailing-engine","symbol":"BTCUSDT","count":2,"max":3,"err":"fetch failed","msg":"error al cicle"}
{"level":50,"time":1773588424844,"pid":3668,"hostname":"DESKTOP-KPAMGTB","module":"api","source":"orders","code":"NETWORK","err":"fetch failed","msg":"error de ruta"}
{"level":50,"time":1773588430940,"pid":3668,"hostname":"DESKTOP-KPAMGTB","module":"trailing-engine","symbol":"BTCUSDT","count":3,"max":3,"err":"fetch failed","msg":"error al cicle"}
{"level":40,"time":1773588430940,"pid":3668,"hostname":"DESKTOP-KPAMGTB","module":"trailing-engine","symbol":"BTCUSDT","count":3,"pauseSecs":60,"msg":"pausat per errors consecutius"}
{"level":50,"time":1773588460954,"pid":3668,"hostname":"DESKTOP-KPAMGTB","module":"trailing-engine","symbol":"BTCUSDT","count":1,"max":3,"err":"fetch failed","msg":"error al cicle"}
{"level":50,"time":1773588460960,"pid":3668,"hostname":"DESKTOP-KPAMGTB","module":"trailing-engine","symbol":"BTCUSDT","count":1,"max":3,"err":"fetch failed","msg":"error al cicle"}
{"level":50,"time":1773588484937,"pid":3668,"hostname":"DESKTOP-KPAMGTB","module":"api","source":"orders","code":"NETWORK","err":"fetch failed","msg":"error de ruta"}
{"level":50,"time":1773588490969,"pid":3668,"hostname":"DESKTOP-KPAMGTB","module":"trailing-engine","symbol":"BTCUSDT","count":2,"max":3,"err":"fetch failed","msg":"error al cicle"}
{"level":50,"time":1773588490975,"pid":3668,"hostname":"DESKTOP-KPAMGTB","module":"trailing-engine","symbol":"BTCUSDT","count":2,"max":3,"err":"fetch failed","msg":"error al cicle"}
{"level":50,"time":1773588490984,"pid":3668,"hostname":"DESKTOP-KPAMGTB","module":"trailing-engine","symbol":"BTCUSDT","count":1,"max":3,"err":"fetch failed","msg":"error al cicle"}
{"level":50,"time":1773588519402,"pid":3668,"hostname":"DESKTOP-KPAMGTB","module":"api","source":"balance","code":"NETWORK","err":"fetch failed","msg":"error de ruta"}
{"level":50,"time":1773588520970,"pid":3668,"hostname":"DESKTOP-KPAMGTB","module":"trailing-engine","symbol":"BTCUSDT","count":3,"max":3,"err":"fetch failed","msg":"error al cicle"}
{"level":40,"time":1773588520971,"pid":3668,"hostname":"DESKTOP-KPAMGTB","module":"trailing-engine","symbol":"BTCUSDT","count":3,"pauseSecs":60,"msg":"pausat per errors consecutius"}
{"level":50,"time":1773588520977,"pid":3668,"hostname":"DESKTOP-KPAMGTB","module":"trailing-engine","symbol":"BTCUSDT","count":3,"max":3,"err":"fetch failed","msg":"error al cicle"}
{"level":40,"time":1773588520978,"pid":3668,"hostname":"DESKTOP-KPAMGTB","module":"trailing-engine","symbol":"BTCUSDT","count":3,"pauseSecs":60,"msg":"pausat per errors consecutius"}
{"level":50,"time":1773588520990,"pid":3668,"hostname":"DESKTOP-KPAMGTB","module":"trailing-engine","symbol":"BTCUSDT","count":2,"max":3,"err":"fetch failed","msg":"error al cicle"}
{"level":50,"time":1773588544923,"pid":3668,"hostname":"DESKTOP-KPAMGTB","module":"api","source":"orders","code":"NETWORK","err":"fetch failed","msg":"error de ruta"}
{"level":50,"time":1773588550973,"pid":3668,"hostname":"DESKTOP-KPAMGTB","module":"trailing-engine","symbol":"BTCUSDT","count":3,"max":3,"err":"fetch failed","msg":"error al cicle"}
{"level":40,"time":1773588550974,"pid":3668,"hostname":"DESKTOP-KPAMGTB","module":"trailing-engine","symbol":"BTCUSDT","count":3,"pauseSecs":60,"msg":"pausat per errors consecutius"}
{"level":50,"time":1773588580980,"pid":3668,"hostname":"DESKTOP-KPAMGTB","module":"trailing-engine","symbol":"BTCUSDT","count":1,"max":3,"err":"fetch failed","msg":"error al cicle"}
{"level":50,"time":1773588580985,"pid":3668,"hostname":"DESKTOP-KPAMGTB","module":"trailing-engine","symbol":"BTCUSDT","count":1,"max":3,"err":"fetch failed","msg":"error al cicle"}
{"level":50,"time":1773588605087,"pid":3668,"hostname":"DESKTOP-KPAMGTB","module":"api","source":"orders","code":"NETWORK","err":"fetch failed","msg":"error de ruta"}
{"level":50,"time":1773588610991,"pid":3668,"hostname":"DESKTOP-KPAMGTB","module":"trailing-engine","symbol":"BTCUSDT","count":2,"max":3,"err":"fetch failed","msg":"error al cicle"}
{"level":50,"time":1773588610997,"pid":3668,"hostname":"DESKTOP-KPAMGTB","module":"trailing-engine","symbol":"BTCUSDT","count":2,"max":3,"err":"fetch failed","msg":"error al cicle"}
{"level":50,"time":1773588611006,"pid":3668,"hostname":"DESKTOP-KPAMGTB","module":"trailing-engine","symbol":"BTCUSDT","count":1,"max":3,"err":"fetch failed","msg":"error al cicle"}
{"level":50,"time":1773588641000,"pid":3668,"hostname":"DESKTOP-KPAMGTB","module":"trailing-engine","symbol":"BTCUSDT","count":3,"max":3,"err":"fetch failed","msg":"error al cicle"}
{"level":40,"time":1773588641003,"pid":3668,"hostname":"DESKTOP-KPAMGTB","module":"trailing-engine","symbol":"BTCUSDT","count":3,"pauseSecs":60,"msg":"pausat per errors consecutius"}
{"level":50,"time":1773588641009,"pid":3668,"hostname":"DESKTOP-KPAMGTB","module":"trailing-engine","symbol":"BTCUSDT","count":3,"max":3,"err":"fetch failed","msg":"error al cicle"}
{"level":40,"time":1773588641010,"pid":3668,"hostname":"DESKTOP-KPAMGTB","module":"trailing-engine","symbol":"BTCUSDT","count":3,"pauseSecs":60,"msg":"pausat per errors consecutius"}
{"level":50,"time":1773588641019,"pid":3668,"hostname":"DESKTOP-KPAMGTB","module":"trailing-engine","symbol":"BTCUSDT","count":2,"max":3,"err":"fetch failed","msg":"error al cicle"}
{"level":50,"time":1773588665040,"pid":3668,"hostname":"DESKTOP-KPAMGTB","module":"api","source":"orders","code":"NETWORK","err":"fetch failed","msg":"error de ruta"}
{"level":50,"time":1773588671005,"pid":3668,"hostname":"DESKTOP-KPAMGTB","module":"trailing-engine","symbol":"BTCUSDT","count":3,"max":3,"err":"fetch failed","msg":"error al cicle"}
{"level":40,"time":1773588671006,"pid":3668,"hostname":"DESKTOP-KPAMGTB","module":"trailing-engine","symbol":"BTCUSDT","count":3,"pauseSecs":60,"msg":"pausat per errors consecutius"}
{"level":50,"time":1773588724903,"pid":3668,"hostname":"DESKTOP-KPAMGTB","module":"api","source":"orders","code":"NETWORK","err":"fetch failed","msg":"error de ruta"}
{"level":50,"time":1773588731009,"pid":3668,"hostname":"DESKTOP-KPAMGTB","module":"trailing-engine","symbol":"BTCUSDT","count":1,"max":3,"err":"fetch failed","msg":"error al cicle"}
{"level":50,"time":1773588731015,"pid":3668,"hostname":"DESKTOP-KPAMGTB","module":"trailing-engine","symbol":"BTCUSDT","count":1,"max":3,"err":"fetch failed","msg":"error al cicle"}
{"level":50,"time":1773588731021,"pid":3668,"hostname":"DESKTOP-KPAMGTB","module":"trailing-engine","symbol":"BTCUSDT","count":1,"max":3,"err":"fetch failed","msg":"error al cicle"}
{"level":50,"time":1773588761020,"pid":3668,"hostname":"DESKTOP-KPAMGTB","module":"trailing-engine","symbol":"BTCUSDT","count":2,"max":3,"err":"fetch failed","msg":"error al cicle"}
{"level":50,"time":1773588761028,"pid":3668,"hostname":"DESKTOP-KPAMGTB","module":"trailing-engine","symbol":"BTCUSDT","count":2,"max":3,"err":"fetch failed","msg":"error al cicle"}
{"level":50,"time":1773588761038,"pid":3668,"hostname":"DESKTOP-KPAMGTB","module":"trailing-engine","symbol":"BTCUSDT","count":2,"max":3,"err":"fetch failed","msg":"error al cicle"}
{"level":50,"time":1773588784560,"pid":3668,"hostname":"DESKTOP-KPAMGTB","module":"api","source":"orders","code":"NETWORK","err":"fetch failed","msg":"error de ruta"}
{"level":50,"time":1773588791020,"pid":3668,"hostname":"DESKTOP-KPAMGTB","module":"trailing-engine","symbol":"BTCUSDT","count":3,"max":3,"err":"fetch failed","msg":"error al cicle"}
{"level":40,"time":1773588791021,"pid":3668,"hostname":"DESKTOP-KPAMGTB","module":"trailing-engine","symbol":"BTCUSDT","count":3,"pauseSecs":60,"msg":"pausat per errors consecutius"}
{"level":50,"time":1773588791027,"pid":3668,"hostname":"DESKTOP-KPAMGTB","module":"trailing-engine","symbol":"BTCUSDT","count":3,"max":3,"err":"fetch failed","msg":"error al cicle"}
{"level":40,"time":1773588791028,"pid":3668,"hostname":"DESKTOP-KPAMGTB","module":"trailing-engine","symbol":"BTCUSDT","count":3,"pauseSecs":60,"msg":"pausat per errors consecutius"}
{"level":50,"time":1773588791036,"pid":3668,"hostname":"DESKTOP-KPAMGTB","module":"trailing-engine","symbol":"BTCUSDT","count":3,"max":3,"err":"fetch failed","msg":"error al cicle"}
{"level":40,"time":1773588791036,"pid":3668,"hostname":"DESKTOP-KPAMGTB","module":"trailing-engine","symbol":"BTCUSDT","count":3,"pauseSecs":60,"msg":"pausat per errors consecutius"}
{"level":50,"time":1773588844986,"pid":3668,"hostname":"DESKTOP-KPAMGTB","module":"api","source":"orders","code":"NETWORK","err":"fetch failed","msg":"error de ruta"}
{"level":50,"time":1773588851044,"pid":3668,"hostname":"DESKTOP-KPAMGTB","module":"trailing-engine","symbol":"BTCUSDT","count":1,"max":3,"err":"fetch failed","msg":"error al cicle"}
{"level":50,"time":1773588851053,"pid":3668,"hostname":"DESKTOP-KPAMGTB","module":"trailing-engine","symbol":"BTCUSDT","count":1,"max":3,"err":"fetch failed","msg":"error al cicle"}
{"level":50,"time":1773588851062,"pid":3668,"hostname":"DESKTOP-KPAMGTB","module":"trailing-engine","symbol":"BTCUSDT","count":1,"max":3,"err":"fetch failed","msg":"error al cicle"}
{"level":50,"time":1773588881048,"pid":3668,"hostname":"DESKTOP-KPAMGTB","module":"trailing-engine","symbol":"BTCUSDT","count":2,"max":3,"err":"fetch failed","msg":"error al cicle"}
{"level":50,"time":1773588881053,"pid":3668,"hostname":"DESKTOP-KPAMGTB","module":"trailing-engine","symbol":"BTCUSDT","count":2,"max":3,"err":"fetch failed","msg":"error al cicle"}
{"level":50,"time":1773588881059,"pid":3668,"hostname":"DESKTOP-KPAMGTB","module":"trailing-engine","symbol":"BTCUSDT","count":2,"max":3,"err":"fetch failed","msg":"error al cicle"}
{"level":50,"time":1773588904505,"pid":3668,"hostname":"DESKTOP-KPAMGTB","module":"api","source":"orders","code":"NETWORK","err":"fetch failed","msg":"error de ruta"}
{"level":50,"time":1773588911061,"pid":3668,"hostname":"DESKTOP-KPAMGTB","module":"trailing-engine","symbol":"BTCUSDT","count":3,"max":3,"err":"fetch failed","msg":"error al cicle"}
{"level":40,"time":1773588911062,"pid":3668,"hostname":"DESKTOP-KPAMGTB","module":"trailing-engine","symbol":"BTCUSDT","count":3,"pauseSecs":60,"msg":"pausat per errors consecutius"}
{"level":50,"time":1773588911067,"pid":3668,"hostname":"DESKTOP-KPAMGTB","module":"trailing-engine","symbol":"BTCUSDT","count":3,"max":3,"err":"fetch failed","msg":"error al cicle"}
{"level":40,"time":1773588911068,"pid":3668,"hostname":"DESKTOP-KPAMGTB","module":"trailing-engine","symbol":"BTCUSDT","count":3,"pauseSecs":60,"msg":"pausat per errors consecutius"}
{"level":50,"time":1773588911074,"pid":3668,"hostname":"DESKTOP-KPAMGTB","module":"trailing-engine","symbol":"BTCUSDT","count":3,"max":3,"err":"fetch failed","msg":"error al cicle"}
{"level":40,"time":1773588911076,"pid":3668,"hostname":"DESKTOP-KPAMGTB","module":"trailing-engine","symbol":"BTCUSDT","count":3,"pauseSecs":60,"msg":"pausat per errors consecutius"}
{"level":50,"time":1773588964502,"pid":3668,"hostname":"DESKTOP-KPAMGTB","module":"api","source":"orders","code":"NETWORK","err":"fetch failed","msg":"error de ruta"}
{"level":50,"time":1773588971085,"pid":3668,"hostname":"DESKTOP-KPAMGTB","module":"trailing-engine","symbol":"BTCUSDT","count":1,"max":3,"err":"fetch failed","msg":"error al cicle"}
{"level":50,"time":1773588971091,"pid":3668,"hostname":"DESKTOP-KPAMGTB","module":"trailing-engine","symbol":"BTCUSDT","count":1,"max":3,"err":"fetch failed","msg":"error al cicle"}
{"level":50,"time":1773588971099,"pid":3668,"hostname":"DESKTOP-KPAMGTB","module":"trailing-engine","symbol":"BTCUSDT","count":1,"max":3,"err":"fetch failed","msg":"error al cicle"}
{"level":50,"time":1773589001093,"pid":3668,"hostname":"DESKTOP-KPAMGTB","module":"trailing-engine","symbol":"BTCUSDT","count":2,"max":3,"err":"fetch failed","msg":"error al cicle"}
{"level":50,"time":1773589001098,"pid":3668,"hostname":"DESKTOP-KPAMGTB","module":"trailing-engine","symbol":"BTCUSDT","count":2,"max":3,"err":"fetch failed","msg":"error al cicle"}
{"level":50,"time":1773589001106,"pid":3668,"hostname":"DESKTOP-KPAMGTB","module":"trailing-engine","symbol":"BTCUSDT","count":2,"max":3,"err":"fetch failed","msg":"error al cicle"}
{"level":50,"time":1773589024533,"pid":3668,"hostname":"DESKTOP-KPAMGTB","module":"api","source":"orders","code":"NETWORK","err":"fetch failed","msg":"error de ruta"}
{"level":50,"time":1773589031107,"pid":3668,"hostname":"DESKTOP-KPAMGTB","module":"trailing-engine","symbol":"BTCUSDT","count":3,"max":3,"err":"fetch failed","msg":"error al cicle"}
{"level":40,"time":1773589031108,"pid":3668,"hostname":"DESKTOP-KPAMGTB","module":"trailing-engine","symbol":"BTCUSDT","count":3,"pauseSecs":60,"msg":"pausat per errors consecutius"}
{"level":50,"time":1773589031116,"pid":3668,"hostname":"DESKTOP-KPAMGTB","module":"trailing-engine","symbol":"BTCUSDT","count":3,"max":3,"err":"fetch failed","msg":"error al cicle"}
{"level":40,"time":1773589031117,"pid":3668,"hostname":"DESKTOP-KPAMGTB","module":"trailing-engine","symbol":"BTCUSDT","count":3,"pauseSecs":60,"msg":"pausat per errors consecutius"}
{"level":50,"time":1773589031127,"pid":3668,"hostname":"DESKTOP-KPAMGTB","module":"trailing-engine","symbol":"BTCUSDT","count":3,"max":3,"err":"fetch failed","msg":"error al cicle"}
{"level":40,"time":1773589031129,"pid":3668,"hostname":"DESKTOP-KPAMGTB","module":"trailing-engine","symbol":"BTCUSDT","count":3,"pauseSecs":60,"msg":"pausat per errors consecutius"}
{"level":50,"time":1773589084506,"pid":3668,"hostname":"DESKTOP-KPAMGTB","module":"api","source":"orders","code":"NETWORK","err":"fetch failed","msg":"error de ruta"}
{"level":50,"time":1773589091121,"pid":3668,"hostname":"DESKTOP-KPAMGTB","module":"trailing-engine","symbol":"BTCUSDT","count":1,"max":3,"err":"fetch failed","msg":"error al cicle"}
{"level":50,"time":1773589091129,"pid":3668,"hostname":"DESKTOP-KPAMGTB","module":"trailing-engine","symbol":"BTCUSDT","count":1,"max":3,"err":"fetch failed","msg":"error al cicle"}
{"level":50,"time":1773589091136,"pid":3668,"hostname":"DESKTOP-KPAMGTB","module":"trailing-engine","symbol":"BTCUSDT","count":1,"max":3,"err":"fetch failed","msg":"error al cicle"}
{"level":50,"time":1773589121138,"pid":3668,"hostname":"DESKTOP-KPAMGTB","module":"trailing-engine","symbol":"BTCUSDT","count":2,"max":3,"err":"fetch failed","msg":"error al cicle"}
{"level":50,"time":1773589121148,"pid":3668,"hostname":"DESKTOP-KPAMGTB","module":"trailing-engine","symbol":"BTCUSDT","count":2,"max":3,"err":"fetch failed","msg":"error al cicle"}
{"level":50,"time":1773589121160,"pid":3668,"hostname":"DESKTOP-KPAMGTB","module":"trailing-engine","symbol":"BTCUSDT","count":2,"max":3,"err":"fetch failed","msg":"error al cicle"}
{"level":50,"time":1773589144631,"pid":3668,"hostname":"DESKTOP-KPAMGTB","module":"api","source":"orders","code":"NETWORK","err":"fetch failed","msg":"error de ruta"}
{"level":50,"time":1773589151147,"pid":3668,"hostname":"DESKTOP-KPAMGTB","module":"trailing-engine","symbol":"BTCUSDT","count":3,"max":3,"err":"fetch failed","msg":"error al cicle"}
{"level":40,"time":1773589151148,"pid":3668,"hostname":"DESKTOP-KPAMGTB","module":"trailing-engine","symbol":"BTCUSDT","count":3,"pauseSecs":60,"msg":"pausat per errors consecutius"}
{"level":50,"time":1773589151152,"pid":3668,"hostname":"DESKTOP-KPAMGTB","module":"trailing-engine","symbol":"BTCUSDT","count":3,"max":3,"err":"fetch failed","msg":"error al cicle"}
{"level":40,"time":1773589151153,"pid":3668,"hostname":"DESKTOP-KPAMGTB","module":"trailing-engine","symbol":"BTCUSDT","count":3,"pauseSecs":60,"msg":"pausat per errors consecutius"}
{"level":50,"time":1773589151160,"pid":3668,"hostname":"DESKTOP-KPAMGTB","module":"trailing-engine","symbol":"BTCUSDT","count":3,"max":3,"err":"fetch failed","msg":"error al cicle"}
{"level":40,"time":1773589151161,"pid":3668,"hostname":"DESKTOP-KPAMGTB","module":"trailing-engine","symbol":"BTCUSDT","count":3,"pauseSecs":60,"msg":"pausat per errors consecutius"}
{"level":50,"time":1773589204498,"pid":3668,"hostname":"DESKTOP-KPAMGTB","module":"api","source":"orders","code":"NETWORK","err":"fetch failed","msg":"error de ruta"}
{"level":50,"time":1773589211176,"pid":3668,"hostname":"DESKTOP-KPAMGTB","module":"trailing-engine","symbol":"BTCUSDT","count":1,"max":3,"err":"fetch failed","msg":"error al cicle"}
{"level":50,"time":1773589211193,"pid":3668,"hostname":"DESKTOP-KPAMGTB","module":"trailing-engine","symbol":"BTCUSDT","count":1,"max":3,"err":"fetch failed","msg":"error al cicle"}
{"level":50,"time":1773589211204,"pid":3668,"hostname":"DESKTOP-KPAMGTB","module":"trailing-engine","symbol":"BTCUSDT","count":1,"max":3,"err":"fetch failed","msg":"error al cicle"}
{"level":50,"time":1773589241179,"pid":3668,"hostname":"DESKTOP-KPAMGTB","module":"trailing-engine","symbol":"BTCUSDT","count":2,"max":3,"err":"fetch failed","msg":"error al cicle"}
{"level":50,"time":1773589241184,"pid":3668,"hostname":"DESKTOP-KPAMGTB","module":"trailing-engine","symbol":"BTCUSDT","count":2,"max":3,"err":"fetch failed","msg":"error al cicle"}
{"level":50,"time":1773589241193,"pid":3668,"hostname":"DESKTOP-KPAMGTB","module":"trailing-engine","symbol":"BTCUSDT","count":2,"max":3,"err":"fetch failed","msg":"error al cicle"}
{"level":50,"time":1773589264496,"pid":3668,"hostname":"DESKTOP-KPAMGTB","module":"api","source":"orders","code":"NETWORK","err":"fetch failed","msg":"error de ruta"}
{"level":50,"time":1773589271189,"pid":3668,"hostname":"DESKTOP-KPAMGTB","module":"trailing-engine","symbol":"BTCUSDT","count":3,"max":3,"err":"fetch failed","msg":"error al cicle"}
{"level":40,"time":1773589271191,"pid":3668,"hostname":"DESKTOP-KPAMGTB","module":"trailing-engine","symbol":"BTCUSDT","count":3,"pauseSecs":60,"msg":"pausat per errors consecutius"}
{"level":50,"time":1773589271199,"pid":3668,"hostname":"DESKTOP-KPAMGTB","module":"trailing-engine","symbol":"BTCUSDT","count":3,"max":3,"err":"fetch failed","msg":"error al cicle"}
{"level":40,"time":1773589271200,"pid":3668,"hostname":"DESKTOP-KPAMGTB","module":"trailing-engine","symbol":"BTCUSDT","count":3,"pauseSecs":60,"msg":"pausat per errors consecutius"}
{"level":50,"time":1773589271209,"pid":3668,"hostname":"DESKTOP-KPAMGTB","module":"trailing-engine","symbol":"BTCUSDT","count":3,"max":3,"err":"fetch failed","msg":"error al cicle"}
{"level":40,"time":1773589271210,"pid":3668,"hostname":"DESKTOP-KPAMGTB","module":"trailing-engine","symbol":"BTCUSDT","count":3,"pauseSecs":60,"msg":"pausat per errors consecutius"}
{"level":50,"time":1773589324539,"pid":3668,"hostname":"DESKTOP-KPAMGTB","module":"api","source":"orders","code":"NETWORK","err":"fetch failed","msg":"error de ruta"}
{"level":50,"time":1773589361203,"pid":3668,"hostname":"DESKTOP-KPAMGTB","module":"trailing-engine","symbol":"BTCUSDT","count":1,"max":3,"err":"fetch failed","msg":"error al cicle"}
{"level":50,"time":1773589361215,"pid":3668,"hostname":"DESKTOP-KPAMGTB","module":"trailing-engine","symbol":"BTCUSDT","count":1,"max":3,"err":"fetch failed","msg":"error al cicle"}
{"level":50,"time":1773589361228,"pid":3668,"hostname":"DESKTOP-KPAMGTB","module":"trailing-engine","symbol":"BTCUSDT","count":1,"max":3,"err":"fetch failed","msg":"error al cicle"}
{"level":50,"time":1773589384504,"pid":3668,"hostname":"DESKTOP-KPAMGTB","module":"api","source":"orders","code":"NETWORK","err":"fetch failed","msg":"error de ruta"}
{"level":50,"time":1773589391203,"pid":3668,"hostname":"DESKTOP-KPAMGTB","module":"trailing-engine","symbol":"BTCUSDT","count":2,"max":3,"err":"fetch failed","msg":"error al cicle"}
{"level":50,"time":1773589391209,"pid":3668,"hostname":"DESKTOP-KPAMGTB","module":"trailing-engine","symbol":"BTCUSDT","count":2,"max":3,"err":"fetch failed","msg":"error al cicle"}
{"level":50,"time":1773589391218,"pid":3668,"hostname":"DESKTOP-KPAMGTB","module":"trailing-engine","symbol":"BTCUSDT","count":2,"max":3,"err":"fetch failed","msg":"error al cicle"}
{"level":50,"time":1773589421201,"pid":3668,"hostname":"DESKTOP-KPAMGTB","module":"trailing-engine","symbol":"BTCUSDT","count":3,"max":3,"err":"fetch failed","msg":"error al cicle"}
{"level":40,"time":1773589421204,"pid":3668,"hostname":"DESKTOP-KPAMGTB","module":"trailing-engine","symbol":"BTCUSDT","count":3,"pauseSecs":60,"msg":"pausat per errors consecutius"}
{"level":50,"time":1773589421209,"pid":3668,"hostname":"DESKTOP-KPAMGTB","module":"trailing-engine","symbol":"BTCUSDT","count":3,"max":3,"err":"fetch failed","msg":"error al cicle"}
{"level":40,"time":1773589421210,"pid":3668,"hostname":"DESKTOP-KPAMGTB","module":"trailing-engine","symbol":"BTCUSDT","count":3,"pauseSecs":60,"msg":"pausat per errors consecutius"}
{"level":50,"time":1773589421219,"pid":3668,"hostname":"DESKTOP-KPAMGTB","module":"trailing-engine","symbol":"BTCUSDT","count":3,"max":3,"err":"fetch failed","msg":"error al cicle"}
{"level":40,"time":1773589421219,"pid":3668,"hostname":"DESKTOP-KPAMGTB","module":"trailing-engine","symbol":"BTCUSDT","count":3,"pauseSecs":60,"msg":"pausat per errors consecutius"}
{"level":50,"time":1773589444472,"pid":3668,"hostname":"DESKTOP-KPAMGTB","module":"api","source":"orders","code":"NETWORK","err":"fetch failed","msg":"error de ruta"}
{"level":50,"time":1773589444579,"pid":3668,"hostname":"DESKTOP-KPAMGTB","module":"api","source":"balance","code":"NETWORK","err":"fetch failed","msg":"error de ruta"}
{"level":50,"time":1773589504470,"pid":3668,"hostname":"DESKTOP-KPAMGTB","module":"api","source":"orders","code":"NETWORK","err":"fetch failed","msg":"error de ruta"}
{"level":50,"time":1773589511214,"pid":3668,"hostname":"DESKTOP-KPAMGTB","module":"trailing-engine","symbol":"BTCUSDT","count":1,"max":3,"err":"fetch failed","msg":"error al cicle"}
{"level":50,"time":1773589511223,"pid":3668,"hostname":"DESKTOP-KPAMGTB","module":"trailing-engine","symbol":"BTCUSDT","count":1,"max":3,"err":"fetch failed","msg":"error al cicle"}
{"level":50,"time":1773589511232,"pid":3668,"hostname":"DESKTOP-KPAMGTB","module":"trailing-engine","symbol":"BTCUSDT","count":1,"max":3,"err":"fetch failed","msg":"error al cicle"}
{"level":50,"time":1773589541224,"pid":3668,"hostname":"DESKTOP-KPAMGTB","module":"trailing-engine","symbol":"BTCUSDT","count":2,"max":3,"err":"fetch failed","msg":"error al cicle"}
{"level":50,"time":1773589541229,"pid":3668,"hostname":"DESKTOP-KPAMGTB","module":"trailing-engine","symbol":"BTCUSDT","count":2,"max":3,"err":"fetch failed","msg":"error al cicle"}
{"level":50,"time":1773589541236,"pid":3668,"hostname":"DESKTOP-KPAMGTB","module":"trailing-engine","symbol":"BTCUSDT","count":2,"max":3,"err":"fetch failed","msg":"error al cicle"}
{"level":50,"time":1773589564547,"pid":3668,"hostname":"DESKTOP-KPAMGTB","module":"api","source":"orders","code":"NETWORK","err":"fetch failed","msg":"error de ruta"}
{"level":50,"time":1773589571224,"pid":3668,"hostname":"DESKTOP-KPAMGTB","module":"trailing-engine","symbol":"BTCUSDT","count":3,"max":3,"err":"fetch failed","msg":"error al cicle"}
{"level":40,"time":1773589571225,"pid":3668,"hostname":"DESKTOP-KPAMGTB","module":"trailing-engine","symbol":"BTCUSDT","count":3,"pauseSecs":60,"msg":"pausat per errors consecutius"}
{"level":50,"time":1773589571230,"pid":3668,"hostname":"DESKTOP-KPAMGTB","module":"trailing-engine","symbol":"BTCUSDT","count":3,"max":3,"err":"fetch failed","msg":"error al cicle"}
{"level":40,"time":1773589571230,"pid":3668,"hostname":"DESKTOP-KPAMGTB","module":"trailing-engine","symbol":"BTCUSDT","count":3,"pauseSecs":60,"msg":"pausat per errors consecutius"}
{"level":50,"time":1773589571238,"pid":3668,"hostname":"DESKTOP-KPAMGTB","module":"trailing-engine","symbol":"BTCUSDT","count":3,"max":3,"err":"fetch failed","msg":"error al cicle"}
{"level":40,"time":1773589571239,"pid":3668,"hostname":"DESKTOP-KPAMGTB","module":"trailing-engine","symbol":"BTCUSDT","count":3,"pauseSecs":60,"msg":"pausat per errors consecutius"}
{"level":50,"time":1773589624502,"pid":3668,"hostname":"DESKTOP-KPAMGTB","module":"api","source":"orders","code":"NETWORK","err":"fetch failed","msg":"error de ruta"}
{"level":50,"time":1773589631245,"pid":3668,"hostname":"DESKTOP-KPAMGTB","module":"trailing-engine","symbol":"BTCUSDT","count":1,"max":3,"err":"fetch failed","msg":"error al cicle"}
{"level":50,"time":1773589631251,"pid":3668,"hostname":"DESKTOP-KPAMGTB","module":"trailing-engine","symbol":"BTCUSDT","count":1,"max":3,"err":"fetch failed","msg":"error al cicle"}
{"level":50,"time":1773589631257,"pid":3668,"hostname":"DESKTOP-KPAMGTB","module":"trailing-engine","symbol":"BTCUSDT","count":1,"max":3,"err":"fetch failed","msg":"error al cicle"}
{"level":50,"time":1773589661260,"pid":3668,"hostname":"DESKTOP-KPAMGTB","module":"trailing-engine","symbol":"BTCUSDT","count":2,"max":3,"err":"fetch failed","msg":"error al cicle"}
{"level":50,"time":1773589661264,"pid":3668,"hostname":"DESKTOP-KPAMGTB","module":"trailing-engine","symbol":"BTCUSDT","count":2,"max":3,"err":"fetch failed","msg":"error al cicle"}
{"level":50,"time":1773589661272,"pid":3668,"hostname":"DESKTOP-KPAMGTB","module":"trailing-engine","symbol":"BTCUSDT","count":2,"max":3,"err":"fetch failed","msg":"error al cicle"}
{"level":50,"time":1773589684492,"pid":3668,"hostname":"DESKTOP-KPAMGTB","module":"api","source":"orders","code":"NETWORK","err":"fetch failed","msg":"error de ruta"}
{"level":50,"time":1773589691266,"pid":3668,"hostname":"DESKTOP-KPAMGTB","module":"trailing-engine","symbol":"BTCUSDT","count":3,"max":3,"err":"fetch failed","msg":"error al cicle"}
{"level":40,"time":1773589691267,"pid":3668,"hostname":"DESKTOP-KPAMGTB","module":"trailing-engine","symbol":"BTCUSDT","count":3,"pauseSecs":60,"msg":"pausat per errors consecutius"}
{"level":50,"time":1773589691273,"pid":3668,"hostname":"DESKTOP-KPAMGTB","module":"trailing-engine","symbol":"BTCUSDT","count":3,"max":3,"err":"fetch failed","msg":"error al cicle"}
{"level":40,"time":1773589691274,"pid":3668,"hostname":"DESKTOP-KPAMGTB","module":"trailing-engine","symbol":"BTCUSDT","count":3,"pauseSecs":60,"msg":"pausat per errors consecutius"}
{"level":50,"time":1773589691278,"pid":3668,"hostname":"DESKTOP-KPAMGTB","module":"trailing-engine","symbol":"BTCUSDT","count":3,"max":3,"err":"fetch failed","msg":"error al cicle"}
{"level":40,"time":1773589691280,"pid":3668,"hostname":"DESKTOP-KPAMGTB","module":"trailing-engine","symbol":"BTCUSDT","count":3,"pauseSecs":60,"msg":"pausat per errors consecutius"}
{"level":50,"time":1773589744506,"pid":3668,"hostname":"DESKTOP-KPAMGTB","module":"api","source":"orders","code":"NETWORK","err":"fetch failed","msg":"error de ruta"}
{"level":50,"time":1773589751299,"pid":3668,"hostname":"DESKTOP-KPAMGTB","module":"trailing-engine","symbol":"BTCUSDT","count":1,"max":3,"err":"fetch failed","msg":"error al cicle"}
{"level":50,"time":1773589751311,"pid":3668,"hostname":"DESKTOP-KPAMGTB","module":"trailing-engine","symbol":"BTCUSDT","count":1,"max":3,"err":"fetch failed","msg":"error al cicle"}
{"level":50,"time":1773589751320,"pid":3668,"hostname":"DESKTOP-KPAMGTB","module":"trailing-engine","symbol":"BTCUSDT","count":1,"max":3,"err":"fetch failed","msg":"error al cicle"}
{"level":50,"time":1773589781294,"pid":3668,"hostname":"DESKTOP-KPAMGTB","module":"trailing-engine","symbol":"BTCUSDT","count":2,"max":3,"err":"fetch failed","msg":"error al cicle"}
{"level":50,"time":1773589781299,"pid":3668,"hostname":"DESKTOP-KPAMGTB","module":"trailing-engine","symbol":"BTCUSDT","count":2,"max":3,"err":"fetch failed","msg":"error al cicle"}
{"level":50,"time":1773589781308,"pid":3668,"hostname":"DESKTOP-KPAMGTB","module":"trailing-engine","symbol":"BTCUSDT","count":2,"max":3,"err":"fetch failed","msg":"error al cicle"}
{"level":50,"time":1773589804494,"pid":3668,"hostname":"DESKTOP-KPAMGTB","module":"api","source":"orders","code":"NETWORK","err":"fetch failed","msg":"error de ruta"}
{"level":50,"time":1773589811310,"pid":3668,"hostname":"DESKTOP-KPAMGTB","module":"trailing-engine","symbol":"BTCUSDT","count":3,"max":3,"err":"fetch failed","msg":"error al cicle"}
{"level":40,"time":1773589811311,"pid":3668,"hostname":"DESKTOP-KPAMGTB","module":"trailing-engine","symbol":"BTCUSDT","count":3,"pauseSecs":60,"msg":"pausat per errors consecutius"}
{"level":50,"time":1773589811315,"pid":3668,"hostname":"DESKTOP-KPAMGTB","module":"trailing-engine","symbol":"BTCUSDT","count":3,"max":3,"err":"fetch failed","msg":"error al cicle"}
{"level":40,"time":1773589811316,"pid":3668,"hostname":"DESKTOP-KPAMGTB","module":"trailing-engine","symbol":"BTCUSDT","count":3,"pauseSecs":60,"msg":"pausat per errors consecutius"}
{"level":50,"time":1773589811322,"pid":3668,"hostname":"DESKTOP-KPAMGTB","module":"trailing-engine","symbol":"BTCUSDT","count":3,"max":3,"err":"fetch failed","msg":"error al cicle"}
{"level":40,"time":1773589811323,"pid":3668,"hostname":"DESKTOP-KPAMGTB","module":"trailing-engine","symbol":"BTCUSDT","count":3,"pauseSecs":60,"msg":"pausat per errors consecutius"}
{"level":50,"time":1773589864572,"pid":3668,"hostname":"DESKTOP-KPAMGTB","module":"api","source":"orders","code":"NETWORK","err":"fetch failed","msg":"error de ruta"}
{"level":50,"time":1773589871335,"pid":3668,"hostname":"DESKTOP-KPAMGTB","module":"trailing-engine","symbol":"BTCUSDT","count":1,"max":3,"err":"fetch failed","msg":"error al cicle"}
{"level":50,"time":1773589871343,"pid":3668,"hostname":"DESKTOP-KPAMGTB","module":"trailing-engine","symbol":"BTCUSDT","count":1,"max":3,"err":"fetch failed","msg":"error al cicle"}
{"level":50,"time":1773589871353,"pid":3668,"hostname":"DESKTOP-KPAMGTB","module":"trailing-engine","symbol":"BTCUSDT","count":1,"max":3,"err":"fetch failed","msg":"error al cicle"}
{"level":50,"time":1773589901342,"pid":3668,"hostname":"DESKTOP-KPAMGTB","module":"trailing-engine","symbol":"BTCUSDT","count":2,"max":3,"err":"fetch failed","msg":"error al cicle"}
{"level":50,"time":1773589901348,"pid":3668,"hostname":"DESKTOP-KPAMGTB","module":"trailing-engine","symbol":"BTCUSDT","count":2,"max":3,"err":"fetch failed","msg":"error al cicle"}
{"level":50,"time":1773589901357,"pid":3668,"hostname":"DESKTOP-KPAMGTB","module":"trailing-engine","symbol":"BTCUSDT","count":2,"max":3,"err":"fetch failed","msg":"error al cicle"}
{"level":50,"time":1773589924464,"pid":3668,"hostname":"DESKTOP-KPAMGTB","module":"api","source":"orders","code":"NETWORK","err":"fetch failed","msg":"error de ruta"}
{"level":50,"time":1773589931359,"pid":3668,"hostname":"DESKTOP-KPAMGTB","module":"trailing-engine","symbol":"BTCUSDT","count":3,"max":3,"err":"fetch failed","msg":"error al cicle"}
{"level":40,"time":1773589931361,"pid":3668,"hostname":"DESKTOP-KPAMGTB","module":"trailing-engine","symbol":"BTCUSDT","count":3,"pauseSecs":60,"msg":"pausat per errors consecutius"}
{"level":50,"time":1773589931370,"pid":3668,"hostname":"DESKTOP-KPAMGTB","module":"trailing-engine","symbol":"BTCUSDT","count":3,"max":3,"err":"fetch failed","msg":"error al cicle"}
{"level":40,"time":1773589931371,"pid":3668,"hostname":"DESKTOP-KPAMGTB","module":"trailing-engine","symbol":"BTCUSDT","count":3,"pauseSecs":60,"msg":"pausat per errors consecutius"}
{"level":50,"time":1773589931380,"pid":3668,"hostname":"DESKTOP-KPAMGTB","module":"trailing-engine","symbol":"BTCUSDT","count":3,"max":3,"err":"fetch failed","msg":"error al cicle"}
{"level":40,"time":1773589931381,"pid":3668,"hostname":"DESKTOP-KPAMGTB","module":"trailing-engine","symbol":"BTCUSDT","count":3,"pauseSecs":60,"msg":"pausat per errors consecutius"}
{"level":50,"time":1773589984507,"pid":3668,"hostname":"DESKTOP-KPAMGTB","module":"api","source":"orders","code":"NETWORK","err":"fetch failed","msg":"error de ruta"}
{"level":50,"time":1773589991368,"pid":3668,"hostname":"DESKTOP-KPAMGTB","module":"trailing-engine","symbol":"BTCUSDT","count":1,"max":3,"err":"fetch failed","msg":"error al cicle"}
{"level":50,"time":1773590021380,"pid":3668,"hostname":"DESKTOP-KPAMGTB","module":"trailing-engine","symbol":"BTCUSDT","count":2,"max":3,"err":"fetch failed","msg":"error al cicle"}
{"level":50,"time":1773590021386,"pid":3668,"hostname":"DESKTOP-KPAMGTB","module":"trailing-engine","symbol":"BTCUSDT","count":1,"max":3,"err":"fetch failed","msg":"error al cicle"}
{"level":50,"time":1773590021395,"pid":3668,"hostname":"DESKTOP-KPAMGTB","module":"trailing-engine","symbol":"BTCUSDT","count":1,"max":3,"err":"fetch failed","msg":"error al cicle"}
{"level":50,"time":1773590044503,"pid":3668,"hostname":"DESKTOP-KPAMGTB","module":"api","source":"orders","code":"NETWORK","err":"fetch failed","msg":"error de ruta"}
{"level":50,"time":1773590051385,"pid":3668,"hostname":"DESKTOP-KPAMGTB","module":"trailing-engine","symbol":"BTCUSDT","count":3,"max":3,"err":"fetch failed","msg":"error al cicle"}
{"level":40,"time":1773590051386,"pid":3668,"hostname":"DESKTOP-KPAMGTB","module":"trailing-engine","symbol":"BTCUSDT","count":3,"pauseSecs":60,"msg":"pausat per errors consecutius"}
{"level":50,"time":1773590051393,"pid":3668,"hostname":"DESKTOP-KPAMGTB","module":"trailing-engine","symbol":"BTCUSDT","count":2,"max":3,"err":"fetch failed","msg":"error al cicle"}
{"level":50,"time":1773590051400,"pid":3668,"hostname":"DESKTOP-KPAMGTB","module":"trailing-engine","symbol":"BTCUSDT","count":2,"max":3,"err":"fetch failed","msg":"error al cicle"}
{"level":50,"time":1773590081399,"pid":3668,"hostname":"DESKTOP-KPAMGTB","module":"trailing-engine","symbol":"BTCUSDT","count":3,"max":3,"err":"fetch failed","msg":"error al cicle"}
{"level":40,"time":1773590081400,"pid":3668,"hostname":"DESKTOP-KPAMGTB","module":"trailing-engine","symbol":"BTCUSDT","count":3,"pauseSecs":60,"msg":"pausat per errors consecutius"}
{"level":50,"time":1773590081406,"pid":3668,"hostname":"DESKTOP-KPAMGTB","module":"trailing-engine","symbol":"BTCUSDT","count":3,"max":3,"err":"fetch failed","msg":"error al cicle"}
{"level":40,"time":1773590081407,"pid":3668,"hostname":"DESKTOP-KPAMGTB","module":"trailing-engine","symbol":"BTCUSDT","count":3,"pauseSecs":60,"msg":"pausat per errors consecutius"}
{"level":50,"time":1773590104524,"pid":3668,"hostname":"DESKTOP-KPAMGTB","module":"api","source":"orders","code":"NETWORK","err":"fetch failed","msg":"error de ruta"}
{"level":50,"time":1773590111399,"pid":3668,"hostname":"DESKTOP-KPAMGTB","module":"trailing-engine","symbol":"BTCUSDT","count":1,"max":3,"err":"fetch failed","msg":"error al cicle"}
{"level":50,"time":1773590141398,"pid":3668,"hostname":"DESKTOP-KPAMGTB","module":"trailing-engine","symbol":"BTCUSDT","count":2,"max":3,"err":"fetch failed","msg":"error al cicle"}
{"level":50,"time":1773590164498,"pid":3668,"hostname":"DESKTOP-KPAMGTB","module":"api","source":"orders","code":"NETWORK","err":"fetch failed","msg":"error de ruta"}
{"level":50,"time":1773590171403,"pid":3668,"hostname":"DESKTOP-KPAMGTB","module":"trailing-engine","symbol":"BTCUSDT","count":3,"max":3,"err":"fetch failed","msg":"error al cicle"}
{"level":40,"time":1773590171404,"pid":3668,"hostname":"DESKTOP-KPAMGTB","module":"trailing-engine","symbol":"BTCUSDT","count":3,"pauseSecs":60,"msg":"pausat per errors consecutius"}
{"level":50,"time":1773590171411,"pid":3668,"hostname":"DESKTOP-KPAMGTB","module":"trailing-engine","symbol":"BTCUSDT","count":1,"max":3,"err":"fetch failed","msg":"error al cicle"}
{"level":50,"time":1773590171421,"pid":3668,"hostname":"DESKTOP-KPAMGTB","module":"trailing-engine","symbol":"BTCUSDT","count":1,"max":3,"err":"fetch failed","msg":"error al cicle"}
{"level":50,"time":1773590201411,"pid":3668,"hostname":"DESKTOP-KPAMGTB","module":"trailing-engine","symbol":"BTCUSDT","count":2,"max":3,"err":"fetch failed","msg":"error al cicle"}
{"level":50,"time":1773590201417,"pid":3668,"hostname":"DESKTOP-KPAMGTB","module":"trailing-engine","symbol":"BTCUSDT","count":2,"max":3,"err":"fetch failed","msg":"error al cicle"}
{"level":50,"time":1773590224536,"pid":3668,"hostname":"DESKTOP-KPAMGTB","module":"api","source":"orders","code":"NETWORK","err":"fetch failed","msg":"error de ruta"}
{"level":50,"time":1773590231417,"pid":3668,"hostname":"DESKTOP-KPAMGTB","module":"trailing-engine","symbol":"BTCUSDT","count":1,"max":3,"err":"fetch failed","msg":"error al cicle"}
{"level":50,"time":1773590231422,"pid":3668,"hostname":"DESKTOP-KPAMGTB","module":"trailing-engine","symbol":"BTCUSDT","count":3,"max":3,"err":"fetch failed","msg":"error al cicle"}
{"level":40,"time":1773590231423,"pid":3668,"hostname":"DESKTOP-KPAMGTB","module":"trailing-engine","symbol":"BTCUSDT","count":3,"pauseSecs":60,"msg":"pausat per errors consecutius"}
{"level":50,"time":1773590231430,"pid":3668,"hostname":"DESKTOP-KPAMGTB","module":"trailing-engine","symbol":"BTCUSDT","count":3,"max":3,"err":"fetch failed","msg":"error al cicle"}
{"level":40,"time":1773590231430,"pid":3668,"hostname":"DESKTOP-KPAMGTB","module":"trailing-engine","symbol":"BTCUSDT","count":3,"pauseSecs":60,"msg":"pausat per errors consecutius"}
{"level":50,"time":1773590261425,"pid":3668,"hostname":"DESKTOP-KPAMGTB","module":"trailing-engine","symbol":"BTCUSDT","count":2,"max":3,"err":"fetch failed","msg":"error al cicle"}
{"level":50,"time":1773590284453,"pid":3668,"hostname":"DESKTOP-KPAMGTB","module":"api","source":"orders","code":"NETWORK","err":"fetch failed","msg":"error de ruta"}
{"level":50,"time":1773590291432,"pid":3668,"hostname":"DESKTOP-KPAMGTB","module":"trailing-engine","symbol":"BTCUSDT","count":3,"max":3,"err":"fetch failed","msg":"error al cicle"}
{"level":40,"time":1773590291433,"pid":3668,"hostname":"DESKTOP-KPAMGTB","module":"trailing-engine","symbol":"BTCUSDT","count":3,"pauseSecs":60,"msg":"pausat per errors consecutius"}
{"level":50,"time":1773590291437,"pid":3668,"hostname":"DESKTOP-KPAMGTB","module":"trailing-engine","symbol":"BTCUSDT","count":1,"max":3,"err":"fetch failed","msg":"error al cicle"}
{"level":50,"time":1773590291443,"pid":3668,"hostname":"DESKTOP-KPAMGTB","module":"trailing-engine","symbol":"BTCUSDT","count":1,"max":3,"err":"fetch failed","msg":"error al cicle"}
{"level":50,"time":1773590321452,"pid":3668,"hostname":"DESKTOP-KPAMGTB","module":"trailing-engine","symbol":"BTCUSDT","count":2,"max":3,"err":"fetch failed","msg":"error al cicle"}
{"level":50,"time":1773590321465,"pid":3668,"hostname":"DESKTOP-KPAMGTB","module":"trailing-engine","symbol":"BTCUSDT","count":2,"max":3,"err":"fetch failed","msg":"error al cicle"}
{"level":50,"time":1773590344557,"pid":3668,"hostname":"DESKTOP-KPAMGTB","module":"api","source":"orders","code":"NETWORK","err":"fetch failed","msg":"error de ruta"}
{"level":50,"time":1773590344583,"pid":3668,"hostname":"DESKTOP-KPAMGTB","module":"api","source":"balance","code":"NETWORK","err":"fetch failed","msg":"error de ruta"}
{"level":50,"time":1773590351449,"pid":3668,"hostname":"DESKTOP-KPAMGTB","module":"trailing-engine","symbol":"BTCUSDT","count":1,"max":3,"err":"fetch failed","msg":"error al cicle"}
{"level":50,"time":1773590351453,"pid":3668,"hostname":"DESKTOP-KPAMGTB","module":"trailing-engine","symbol":"BTCUSDT","count":3,"max":3,"err":"fetch failed","msg":"error al cicle"}
{"level":40,"time":1773590351454,"pid":3668,"hostname":"DESKTOP-KPAMGTB","module":"trailing-engine","symbol":"BTCUSDT","count":3,"pauseSecs":60,"msg":"pausat per errors consecutius"}
{"level":50,"time":1773590351463,"pid":3668,"hostname":"DESKTOP-KPAMGTB","module":"trailing-engine","symbol":"BTCUSDT","count":3,"max":3,"err":"fetch failed","msg":"error al cicle"}
{"level":40,"time":1773590351463,"pid":3668,"hostname":"DESKTOP-KPAMGTB","module":"trailing-engine","symbol":"BTCUSDT","count":3,"pauseSecs":60,"msg":"pausat per errors consecutius"}
{"level":50,"time":1773590381462,"pid":3668,"hostname":"DESKTOP-KPAMGTB","module":"trailing-engine","symbol":"BTCUSDT","count":2,"max":3,"err":"fetch failed","msg":"error al cicle"}
{"level":50,"time":1773590398533,"pid":3668,"hostname":"DESKTOP-KPAMGTB","module":"telegram","err":"fetch failed","msg":"error informe horari"}
{"level":50,"time":1773590404511,"pid":3668,"hostname":"DESKTOP-KPAMGTB","module":"api","source":"orders","code":"NETWORK","err":"fetch failed","msg":"error de ruta"}
{"level":50,"time":1773590411479,"pid":3668,"hostname":"DESKTOP-KPAMGTB","module":"trailing-engine","symbol":"BTCUSDT","count":3,"max":3,"err":"fetch failed","msg":"error al cicle"}
{"level":40,"time":1773590411481,"pid":3668,"hostname":"DESKTOP-KPAMGTB","module":"trailing-engine","symbol":"BTCUSDT","count":3,"pauseSecs":60,"msg":"pausat per errors consecutius"}
{"level":50,"time":1773590411496,"pid":3668,"hostname":"DESKTOP-KPAMGTB","module":"trailing-engine","symbol":"BTCUSDT","count":1,"max":3,"err":"fetch failed","msg":"error al cicle"}
{"level":50,"time":1773590411505,"pid":3668,"hostname":"DESKTOP-KPAMGTB","module":"trailing-engine","symbol":"BTCUSDT","count":1,"max":3,"err":"fetch failed","msg":"error al cicle"}
{"level":50,"time":1773590441480,"pid":3668,"hostname":"DESKTOP-KPAMGTB","module":"trailing-engine","symbol":"BTCUSDT","count":2,"max":3,"err":"fetch failed","msg":"error al cicle"}
{"level":50,"time":1773590441489,"pid":3668,"hostname":"DESKTOP-KPAMGTB","module":"trailing-engine","symbol":"BTCUSDT","count":2,"max":3,"err":"fetch failed","msg":"error al cicle"}
{"level":50,"time":1773590464468,"pid":3668,"hostname":"DESKTOP-KPAMGTB","module":"api","source":"orders","code":"NETWORK","err":"fetch failed","msg":"error de ruta"}
{"level":50,"time":1773590471478,"pid":3668,"hostname":"DESKTOP-KPAMGTB","module":"trailing-engine","symbol":"BTCUSDT","count":3,"max":3,"err":"fetch failed","msg":"error al cicle"}
{"level":40,"time":1773590471479,"pid":3668,"hostname":"DESKTOP-KPAMGTB","module":"trailing-engine","symbol":"BTCUSDT","count":3,"pauseSecs":60,"msg":"pausat per errors consecutius"}
{"level":50,"time":1773590471485,"pid":3668,"hostname":"DESKTOP-KPAMGTB","module":"trailing-engine","symbol":"BTCUSDT","count":3,"max":3,"err":"fetch failed","msg":"error al cicle"}
{"level":40,"time":1773590471486,"pid":3668,"hostname":"DESKTOP-KPAMGTB","module":"trailing-engine","symbol":"BTCUSDT","count":3,"pauseSecs":60,"msg":"pausat per errors consecutius"}
{"level":50,"time":1773590491192,"pid":3668,"hostname":"DESKTOP-KPAMGTB","module":"api","source":"orders","code":"NETWORK","err":"fetch failed","msg":"error de ruta"}
{"level":50,"time":1773590498982,"pid":3668,"hostname":"DESKTOP-KPAMGTB","module":"api","source":"balance","code":"NETWORK","err":"fetch failed","msg":"error de ruta"}
{"level":50,"time":1773590498998,"pid":3668,"hostname":"DESKTOP-KPAMGTB","module":"api","source":"cost-basis","code":"NETWORK","err":"fetch failed","msg":"error de ruta"}
{"level":50,"time":1773590499132,"pid":3668,"hostname":"DESKTOP-KPAMGTB","module":"api","source":"cost-basis","code":"NETWORK","err":"fetch failed","msg":"error de ruta"}
{"level":50,"time":1773590499151,"pid":3668,"hostname":"DESKTOP-KPAMGTB","module":"api","source":"balance","code":"NETWORK","err":"fetch failed","msg":"error de ruta"}
{"level":50,"time":1773590501493,"pid":3668,"hostname":"DESKTOP-KPAMGTB","module":"trailing-engine","symbol":"BTCUSDT","count":1,"max":3,"err":"fetch failed","msg":"error al cicle"}
{"level":50,"time":1773590501939,"pid":3668,"hostname":"DESKTOP-KPAMGTB","module":"api","source":"orders","code":"NETWORK","err":"fetch failed","msg":"error de ruta"}
{"level":30,"time":1773590505366,"pid":3668,"hostname":"DESKTOP-KPAMGTB","module":"binance","count":0,"msg":"order history"}
{"level":30,"time":1773590505424,"pid":3668,"hostname":"DESKTOP-KPAMGTB","module":"binance","count":0,"msg":"trades"}
{"level":30,"time":1773590505528,"pid":3668,"hostname":"DESKTOP-KPAMGTB","module":"binance","count":0,"msg":"trades"}
{"level":30,"time":1773590505616,"pid":3668,"hostname":"DESKTOP-KPAMGTB","module":"binance","count":0,"msg":"order history"}
{"level":30,"time":1773590505785,"pid":3668,"hostname":"DESKTOP-KPAMGTB","module":"binance","count":0,"msg":"order history"}
{"level":30,"time":1773590505940,"pid":3668,"hostname":"DESKTOP-KPAMGTB","module":"binance","count":0,"msg":"order history"}
{"level":30,"time":1773590506128,"pid":3668,"hostname":"DESKTOP-KPAMGTB","module":"binance","count":0,"msg":"order history"}
{"level":30,"time":1773590506305,"pid":3668,"hostname":"DESKTOP-KPAMGTB","module":"binance","count":0,"msg":"order history"}
{"level":30,"time":1773590506508,"pid":3668,"hostname":"DESKTOP-KPAMGTB","module":"binance","count":0,"msg":"order history"}
{"level":30,"time":1773590506686,"pid":3668,"hostname":"DESKTOP-KPAMGTB","module":"binance","count":0,"msg":"order history"}
{"level":30,"time":1773590506771,"pid":3668,"hostname":"DESKTOP-KPAMGTB","module":"binance","count":0,"msg":"order history"}
{"level":30,"time":1773590506847,"pid":3668,"hostname":"DESKTOP-KPAMGTB","module":"binance","count":0,"msg":"order history"}
{"level":30,"time":1773590506928,"pid":3668,"hostname":"DESKTOP-KPAMGTB","module":"binance","count":0,"msg":"order history"}
{"level":30,"time":1773590507008,"pid":3668,"hostname":"DESKTOP-KPAMGTB","module":"binance","count":0,"msg":"order history"}
{"level":30,"time":1773590507109,"pid":3668,"hostname":"DESKTOP-KPAMGTB","module":"binance","count":0,"msg":"order history"}
{"level":30,"time":1773590507212,"pid":3668,"hostname":"DESKTOP-KPAMGTB","module":"binance","count":0,"msg":"order history"}
{"level":30,"time":1773590507303,"pid":3668,"hostname":"DESKTOP-KPAMGTB","module":"binance","count":0,"msg":"order history"}
{"level":30,"time":1773590507388,"pid":3668,"hostname":"DESKTOP-KPAMGTB","module":"binance","count":0,"msg":"order history"}
{"level":30,"time":1773590507472,"pid":3668,"hostname":"DESKTOP-KPAMGTB","module":"binance","count":0,"msg":"order history"}
{"level":30,"time":1773590507564,"pid":3668,"hostname":"DESKTOP-KPAMGTB","module":"binance","count":0,"msg":"order history"}
{"level":30,"time":1773590507640,"pid":3668,"hostname":"DESKTOP-KPAMGTB","module":"binance","count":0,"msg":"order history"}
{"level":30,"time":1773590507729,"pid":3668,"hostname":"DESKTOP-KPAMGTB","module":"binance","count":0,"msg":"order history"}
{"level":30,"time":1773590507812,"pid":3668,"hostname":"DESKTOP-KPAMGTB","module":"binance","count":0,"msg":"order history"}
{"level":30,"time":1773590507897,"pid":3668,"hostname":"DESKTOP-KPAMGTB","module":"binance","count":0,"msg":"order history"}
{"level":30,"time":1773590507976,"pid":3668,"hostname":"DESKTOP-KPAMGTB","module":"binance","count":0,"msg":"order history"}
{"level":30,"time":1773590508082,"pid":3668,"hostname":"DESKTOP-KPAMGTB","module":"binance","count":0,"msg":"order history"}
{"level":30,"time":1773590508175,"pid":3668,"hostname":"DESKTOP-KPAMGTB","module":"binance","count":0,"msg":"order history"}
{"level":30,"time":1773590508279,"pid":3668,"hostname":"DESKTOP-KPAMGTB","module":"binance","count":0,"msg":"order history"}
{"level":30,"time":1773590508376,"pid":3668,"hostname":"DESKTOP-KPAMGTB","module":"binance","count":0,"msg":"order history"}
{"level":30,"time":1773590508472,"pid":3668,"hostname":"DESKTOP-KPAMGTB","module":"binance","count":0,"msg":"order history"}
{"level":30,"time":1773590508559,"pid":3668,"hostname":"DESKTOP-KPAMGTB","module":"binance","count":0,"msg":"order history"}
{"level":30,"time":1773590508633,"pid":3668,"hostname":"DESKTOP-KPAMGTB","module":"binance","count":0,"msg":"order history"}
{"level":30,"time":1773590508713,"pid":3668,"hostname":"DESKTOP-KPAMGTB","module":"binance","count":0,"msg":"order history"}
{"level":30,"time":1773590508782,"pid":3668,"hostname":"DESKTOP-KPAMGTB","module":"binance","count":0,"msg":"order history"}
{"level":30,"time":1773590508878,"pid":3668,"hostname":"DESKTOP-KPAMGTB","module":"binance","count":0,"msg":"order history"}
{"level":30,"time":1773590508948,"pid":3668,"hostname":"DESKTOP-KPAMGTB","module":"binance","count":0,"msg":"order history"}
{"level":30,"time":1773590509042,"pid":3668,"hostname":"DESKTOP-KPAMGTB","module":"binance","count":0,"msg":"order history"}
{"level":30,"time":1773590509147,"pid":3668,"hostname":"DESKTOP-KPAMGTB","module":"binance","count":0,"msg":"order history"}
{"level":30,"time":1773590509273,"pid":3668,"hostname":"DESKTOP-KPAMGTB","module":"binance","count":0,"msg":"order history"}
{"level":30,"time":1773590509394,"pid":3668,"hostname":"DESKTOP-KPAMGTB","module":"binance","count":0,"msg":"order history"}
{"level":30,"time":1773590509491,"pid":3668,"hostname":"DESKTOP-KPAMGTB","module":"binance","count":0,"msg":"order history"}
{"level":30,"time":1773590509592,"pid":3668,"hostname":"DESKTOP-KPAMGTB","module":"binance","count":0,"msg":"order history"}
{"level":30,"time":1773590509690,"pid":3668,"hostname":"DESKTOP-KPAMGTB","module":"binance","count":0,"msg":"order history"}
{"level":30,"time":1773590509780,"pid":3668,"hostname":"DESKTOP-KPAMGTB","module":"binance","count":0,"msg":"order history"}
{"level":30,"time":1773590509860,"pid":3668,"hostname":"DESKTOP-KPAMGTB","module":"binance","count":0,"msg":"order history"}
{"level":30,"time":1773590509949,"pid":3668,"hostname":"DESKTOP-KPAMGTB","module":"binance","count":0,"msg":"order history"}
{"level":30,"time":1773590510023,"pid":3668,"hostname":"DESKTOP-KPAMGTB","module":"binance","count":0,"msg":"order history"}
{"level":30,"time":1773590510268,"pid":3668,"hostname":"DESKTOP-KPAMGTB","module":"binance","count":0,"msg":"order history"}
{"level":30,"time":1773590510600,"pid":3668,"hostname":"DESKTOP-KPAMGTB","module":"binance","count":0,"msg":"order history"}
{"level":30,"time":1773590511235,"pid":3668,"hostname":"DESKTOP-KPAMGTB","module":"binance","count":0,"msg":"order history"}
{"level":50,"time":1773590531499,"pid":3668,"hostname":"DESKTOP-KPAMGTB","module":"trailing-engine","symbol":"BTCUSDT","count":2,"max":3,"err":"fetch failed","msg":"error al cicle"}
{"level":50,"time":1773590531507,"pid":3668,"hostname":"DESKTOP-KPAMGTB","module":"trailing-engine","symbol":"BTCUSDT","count":1,"max":3,"err":"fetch failed","msg":"error al cicle"}
{"level":50,"time":1773590531514,"pid":3668,"hostname":"DESKTOP-KPAMGTB","module":"trailing-engine","symbol":"BTCUSDT","count":1,"max":3,"err":"fetch failed","msg":"error al cicle"}
{"level":50,"time":1773590561500,"pid":3668,"hostname":"DESKTOP-KPAMGTB","module":"trailing-engine","symbol":"BTCUSDT","count":3,"max":3,"err":"fetch failed","msg":"error al cicle"}
{"level":40,"time":1773590561501,"pid":3668,"hostname":"DESKTOP-KPAMGTB","module":"trailing-engine","symbol":"BTCUSDT","count":3,"pauseSecs":60,"msg":"pausat per errors consecutius"}
{"level":50,"time":1773590561510,"pid":3668,"hostname":"DESKTOP-KPAMGTB","module":"trailing-engine","symbol":"BTCUSDT","count":2,"max":3,"err":"fetch failed","msg":"error al cicle"}
{"level":50,"time":1773590561519,"pid":3668,"hostname":"DESKTOP-KPAMGTB","module":"trailing-engine","symbol":"BTCUSDT","count":2,"max":3,"err":"fetch failed","msg":"error al cicle"}
{"level":50,"time":1773590591509,"pid":3668,"hostname":"DESKTOP-KPAMGTB","module":"trailing-engine","symbol":"BTCUSDT","count":3,"max":3,"err":"fetch failed","msg":"error al cicle"}
{"level":40,"time":1773590591510,"pid":3668,"hostname":"DESKTOP-KPAMGTB","module":"trailing-engine","symbol":"BTCUSDT","count":3,"pauseSecs":60,"msg":"pausat per errors consecutius"}
{"level":50,"time":1773590591517,"pid":3668,"hostname":"DESKTOP-KPAMGTB","module":"trailing-engine","symbol":"BTCUSDT","count":3,"max":3,"err":"fetch failed","msg":"error al cicle"}
{"level":40,"time":1773590591518,"pid":3668,"hostname":"DESKTOP-KPAMGTB","module":"trailing-engine","symbol":"BTCUSDT","count":3,"pauseSecs":60,"msg":"pausat per errors consecutius"}
{"level":30,"time":1773590744107,"pid":3668,"hostname":"DESKTOP-KPAMGTB","module":"binance","assets":22,"msg":"balance"}
{"level":30,"time":1773591877610,"pid":3668,"hostname":"DESKTOP-KPAMGTB","module":"binance","assets":22,"msg":"balance"}
{"level":30,"time":1773591877674,"pid":3668,"hostname":"DESKTOP-KPAMGTB","module":"binance","assets":22,"msg":"balance"}
{"level":30,"time":1773591920270,"pid":3668,"hostname":"DESKTOP-KPAMGTB","module":"binance","assets":22,"msg":"balance"}
{"level":30,"time":1773591920898,"pid":3668,"hostname":"DESKTOP-KPAMGTB","module":"binance","assets":22,"msg":"balance"}
{"level":30,"time":1773592163853,"pid":3668,"hostname":"DESKTOP-KPAMGTB","module":"binance","assets":22,"msg":"balance"}
{"level":30,"time":1773592170619,"pid":3668,"hostname":"DESKTOP-KPAMGTB","module":"binance","assets":22,"msg":"balance"}
{"level":30,"time":1773592179982,"pid":3668,"hostname":"DESKTOP-KPAMGTB","module":"binance","assets":22,"msg":"balance"}
{"level":30,"time":1773592196561,"pid":3668,"hostname":"DESKTOP-KPAMGTB","module":"binance","assets":22,"msg":"balance"}
{"level":30,"time":1773592199686,"pid":3668,"hostname":"DESKTOP-KPAMGTB","module":"binance","assets":22,"msg":"balance"}
{"level":30,"time":1773593101395,"pid":3668,"hostname":"DESKTOP-KPAMGTB","module":"binance","assets":22,"msg":"balance"}
{"level":30,"time":1773593658743,"pid":3668,"hostname":"DESKTOP-KPAMGTB","module":"binance","assets":22,"msg":"balance"}
{"level":30,"time":1773594000240,"pid":3668,"hostname":"DESKTOP-KPAMGTB","module":"telegram","msg":"informe horari enviat"}
{"level":50,"time":1773595235773,"pid":3668,"hostname":"DESKTOP-KPAMGTB","module":"api","source":"orders","code":"NETWORK","err":"fetch failed","msg":"error de ruta"}
{"level":30,"time":1773595420644,"pid":3668,"hostname":"DESKTOP-KPAMGTB","module":"binance","count":50,"msg":"order history"}
{"level":30,"time":1773595421081,"pid":3668,"hostname":"DESKTOP-KPAMGTB","module":"binance","count":72,"msg":"trades"}
{"level":30,"time":1773595421391,"pid":3668,"hostname":"DESKTOP-KPAMGTB","module":"binance","count":72,"msg":"trades"}
{"level":30,"time":1773595432399,"pid":3668,"hostname":"DESKTOP-KPAMGTB","module":"binance","assets":22,"msg":"balance"}
{"level":30,"time":1773595845533,"pid":3668,"hostname":"DESKTOP-KPAMGTB","module":"binance","assets":22,"msg":"balance"}
{"level":30,"time":1773597611958,"pid":3668,"hostname":"DESKTOP-KPAMGTB","module":"telegram","msg":"informe horari enviat"}
{"level":30,"time":1773598033677,"pid":3668,"hostname":"DESKTOP-KPAMGTB","module":"binance","assets":22,"msg":"balance"}
{"level":30,"time":1773601211810,"pid":3668,"hostname":"DESKTOP-KPAMGTB","module":"telegram","msg":"informe horari enviat"}
{"level":50,"time":1773602322139,"pid":3668,"hostname":"DESKTOP-KPAMGTB","module":"api","source":"simulation/run","code":"INTERNAL","err":"moonVolMin is not defined","msg":"error de ruta"}
{"level":50,"time":1773603864272,"pid":3668,"hostname":"DESKTOP-KPAMGTB","module":"trailing-engine","symbol":"BTCUSDT","count":1,"max":3,"err":"fetch failed","msg":"error al cicle"}
{"level":30,"time":1773604811076,"pid":3668,"hostname":"DESKTOP-KPAMGTB","module":"telegram","msg":"informe horari enviat"}
{"level":30,"time":1773608411289,"pid":3668,"hostname":"DESKTOP-KPAMGTB","module":"telegram","msg":"informe horari enviat"}
{"level":30,"time":1773612011540,"pid":3668,"hostname":"DESKTOP-KPAMGTB","module":"telegram","msg":"informe horari enviat"}
{"level":30,"time":1773612352949,"pid":3668,"hostname":"DESKTOP-KPAMGTB","module":"binance","assets":22,"msg":"balance"}
{"level":30,"time":1773612379319,"pid":3668,"hostname":"DESKTOP-KPAMGTB","module":"binance","symbol":"BTCUSDT","interval":"5m","verdict":"BUY","score":66,"price":72090.2,"msg":"scanner"}
{"level":30,"time":1773612379379,"pid":3668,"hostname":"DESKTOP-KPAMGTB","module":"binance","symbol":"BTCUSDT","interval":"1h","verdict":"BUY","score":69,"price":72090.2,"msg":"scanner"}
{"level":30,"time":1773612379420,"pid":3668,"hostname":"DESKTOP-KPAMGTB","module":"binance","symbol":"ETHUSDT","interval":"5m","verdict":"WAIT","score":63,"price":2142.6,"msg":"scanner"}
{"level":30,"time":1773612379613,"pid":3668,"hostname":"DESKTOP-KPAMGTB","module":"binance","symbol":"BTCUSDT","interval":"4h","verdict":"BUY","score":72,"price":72090.2,"msg":"scanner"}
{"level":30,"time":1773612379962,"pid":3668,"hostname":"DESKTOP-KPAMGTB","module":"binance","symbol":"ETHUSDT","interval":"1h","verdict":"BUY","score":66,"price":2142.6,"msg":"scanner"}
{"level":30,"time":1773612380213,"pid":3668,"hostname":"DESKTOP-KPAMGTB","module":"binance","symbol":"ETHUSDT","interval":"4h","verdict":"BUY","score":72,"price":2142.6,"msg":"scanner"}
{"level":30,"time":1773612380300,"pid":3668,"hostname":"DESKTOP-KPAMGTB","module":"binance","symbol":"BNBUSDT","interval":"5m","verdict":"WAIT","score":59,"price":668.62,"msg":"scanner"}
{"level":30,"time":1773612380542,"pid":3668,"hostname":"DESKTOP-KPAMGTB","module":"binance","symbol":"BNBUSDT","interval":"1h","verdict":"BUY","score":66,"price":668.62,"msg":"scanner"}
{"level":30,"time":1773612380932,"pid":3668,"hostname":"DESKTOP-KPAMGTB","module":"binance","symbol":"BNBUSDT","interval":"4h","verdict":"BUY","score":72,"price":668.62,"msg":"scanner"}
{"level":30,"time":1773612381470,"pid":3668,"hostname":"DESKTOP-KPAMGTB","module":"binance","symbol":"SOLUSDT","interval":"5m","verdict":"BUY","score":66,"price":90.72,"msg":"scanner"}
{"level":30,"time":1773612381678,"pid":3668,"hostname":"DESKTOP-KPAMGTB","module":"binance","symbol":"SOLUSDT","interval":"1h","verdict":"BUY","score":69,"price":90.72,"msg":"scanner"}
{"level":30,"time":1773612381744,"pid":3668,"hostname":"DESKTOP-KPAMGTB","module":"binance","symbol":"SOLUSDT","interval":"4h","verdict":"BUY","score":72,"price":90.72,"msg":"scanner"}
{"level":30,"time":1773612382151,"pid":3668,"hostname":"DESKTOP-KPAMGTB","module":"binance","symbol":"XRPUSDT","interval":"5m","verdict":"WAIT","score":63,"price":1.4329,"msg":"scanner"}
{"level":30,"time":1773612382270,"pid":3668,"hostname":"DESKTOP-KPAMGTB","module":"binance","symbol":"XRPUSDT","interval":"1h","verdict":"BUY","score":69,"price":1.4329,"msg":"scanner"}
{"level":30,"time":1773612382572,"pid":3668,"hostname":"DESKTOP-KPAMGTB","module":"binance","symbol":"XRPUSDT","interval":"4h","verdict":"BUY","score":69,"price":1.4329,"msg":"scanner"}
{"level":30,"time":1773612382750,"pid":3668,"hostname":"DESKTOP-KPAMGTB","module":"binance","symbol":"DOGEUSDT","interval":"5m","verdict":"WAIT","score":59,"price":0.09592,"msg":"scanner"}
{"level":30,"time":1773612383336,"pid":3668,"hostname":"DESKTOP-KPAMGTB","module":"binance","symbol":"DOGEUSDT","interval":"1h","verdict":"BUY","score":69,"price":0.09592,"msg":"scanner"}
{"level":30,"time":1773612383464,"pid":3668,"hostname":"DESKTOP-KPAMGTB","module":"binance","symbol":"DOGEUSDT","interval":"4h","verdict":"BUY","score":69,"price":0.09592,"msg":"scanner"}
{"level":30,"time":1773612383584,"pid":3668,"hostname":"DESKTOP-KPAMGTB","module":"binance","symbol":"ADAUSDT","interval":"5m","verdict":"BUY","score":66,"price":0.2672,"msg":"scanner"}
{"level":30,"time":1773612383917,"pid":3668,"hostname":"DESKTOP-KPAMGTB","module":"binance","symbol":"ADAUSDT","interval":"1h","verdict":"BUY","score":69,"price":0.2672,"msg":"scanner"}
{"level":30,"time":1773612384329,"pid":3668,"hostname":"DESKTOP-KPAMGTB","module":"binance","symbol":"ADAUSDT","interval":"4h","verdict":"WAIT","score":59,"price":0.2672,"msg":"scanner"}
{"level":30,"time":1773612384417,"pid":3668,"hostname":"DESKTOP-KPAMGTB","module":"binance","symbol":"AVAXUSDT","interval":"5m","verdict":"WAIT","score":63,"price":9.86,"msg":"scanner"}
{"level":30,"time":1773612384460,"pid":3668,"hostname":"DESKTOP-KPAMGTB","module":"binance","symbol":"AVAXUSDT","interval":"1h","verdict":"BUY","score":72,"price":9.86,"msg":"scanner"}
{"level":30,"time":1773612385092,"pid":3668,"hostname":"DESKTOP-KPAMGTB","module":"binance","symbol":"AVAXUSDT","interval":"4h","verdict":"BUY","score":72,"price":9.86,"msg":"scanner"}
{"level":30,"time":1773612385526,"pid":3668,"hostname":"DESKTOP-KPAMGTB","module":"binance","symbol":"TRXUSDT","interval":"5m","verdict":"WAIT","score":53,"price":0.2983,"msg":"scanner"}
{"level":30,"time":1773612385787,"pid":3668,"hostname":"DESKTOP-KPAMGTB","module":"binance","symbol":"TRXUSDT","interval":"1h","verdict":"WAIT","score":53,"price":0.2983,"msg":"scanner"}
{"level":30,"time":1773612385953,"pid":3668,"hostname":"DESKTOP-KPAMGTB","module":"binance","symbol":"TRXUSDT","interval":"4h","verdict":"WAIT","score":63,"price":0.2983,"msg":"scanner"}
{"level":30,"time":1773612386427,"pid":3668,"hostname":"DESKTOP-KPAMGTB","module":"binance","symbol":"DOTUSDT","interval":"5m","verdict":"BUY","score":66,"price":1.43,"msg":"scanner"}
{"level":30,"time":1773612386739,"pid":3668,"hostname":"DESKTOP-KPAMGTB","module":"binance","symbol":"DOTUSDT","interval":"1h","verdict":"WAIT","score":63,"price":1.43,"msg":"scanner"}
{"level":30,"time":1773612387147,"pid":3668,"hostname":"DESKTOP-KPAMGTB","module":"binance","symbol":"DOTUSDT","interval":"4h","verdict":"WAIT","score":44,"price":1.43,"msg":"scanner"}
{"level":30,"time":1773612387330,"pid":3668,"hostname":"DESKTOP-KPAMGTB","module":"binance","symbol":"LINKUSDT","interval":"5m","verdict":"BUY","score":66,"price":9.32,"msg":"scanner"}
{"level":30,"time":1773612387724,"pid":3668,"hostname":"DESKTOP-KPAMGTB","module":"binance","symbol":"LINKUSDT","interval":"1h","verdict":"BUY","score":69,"price":9.32,"msg":"scanner"}
{"level":30,"time":1773612388158,"pid":3668,"hostname":"DESKTOP-KPAMGTB","module":"binance","symbol":"LINKUSDT","interval":"4h","verdict":"BUY","score":72,"price":9.32,"msg":"scanner"}
{"level":30,"time":1773612388636,"pid":3668,"hostname":"DESKTOP-KPAMGTB","module":"binance","symbol":"MATICUSDT","interval":"5m","verdict":"WAIT","score":59,"price":0.3794,"msg":"scanner"}
{"level":30,"time":1773612388727,"pid":3668,"hostname":"DESKTOP-KPAMGTB","module":"binance","symbol":"MATICUSDT","interval":"1h","verdict":"WAIT","score":47,"price":0.3794,"msg":"scanner"}
{"level":30,"time":1773612388857,"pid":3668,"hostname":"DESKTOP-KPAMGTB","module":"binance","symbol":"MATICUSDT","interval":"4h","verdict":"WAIT","score":41,"price":0.3794,"msg":"scanner"}
{"level":30,"time":1773612389178,"pid":3668,"hostname":"DESKTOP-KPAMGTB","module":"binance","symbol":"LTCUSDT","interval":"5m","verdict":"WAIT","score":59,"price":55.85,"msg":"scanner"}
{"level":30,"time":1773612389671,"pid":3668,"hostname":"DESKTOP-KPAMGTB","module":"binance","symbol":"LTCUSDT","interval":"1h","verdict":"WAIT","score":63,"price":55.85,"msg":"scanner"}
{"level":30,"time":1773612389740,"pid":3668,"hostname":"DESKTOP-KPAMGTB","module":"binance","symbol":"LTCUSDT","interval":"4h","verdict":"BUY","score":72,"price":55.85,"msg":"scanner"}
{"level":30,"time":1773612389826,"pid":3668,"hostname":"DESKTOP-KPAMGTB","module":"binance","symbol":"SHIBUSDT","interval":"5m","verdict":"WAIT","score":53,"price":0.00000587,"msg":"scanner"}
{"level":30,"time":1773612390094,"pid":3668,"hostname":"DESKTOP-KPAMGTB","module":"binance","symbol":"SHIBUSDT","interval":"1h","verdict":"WAIT","score":59,"price":0.00000587,"msg":"scanner"}
{"level":30,"time":1773612390660,"pid":3668,"hostname":"DESKTOP-KPAMGTB","module":"binance","symbol":"SHIBUSDT","interval":"4h","verdict":"BUY","score":66,"price":0.00000587,"msg":"scanner"}
{"level":30,"time":1773612390744,"pid":3668,"hostname":"DESKTOP-KPAMGTB","module":"binance","symbol":"UNIUSDT","interval":"5m","verdict":"WAIT","score":63,"price":4.038,"msg":"scanner"}
{"level":30,"time":1773612390797,"pid":3668,"hostname":"DESKTOP-KPAMGTB","module":"binance","symbol":"UNIUSDT","interval":"1h","verdict":"WAIT","score":63,"price":4.038,"msg":"scanner"}
{"level":30,"time":1773612391021,"pid":3668,"hostname":"DESKTOP-KPAMGTB","module":"binance","symbol":"UNIUSDT","interval":"4h","verdict":"BUY","score":72,"price":4.038,"msg":"scanner"}
{"level":30,"time":1773612391601,"pid":3668,"hostname":"DESKTOP-KPAMGTB","module":"binance","symbol":"ATOMUSDT","interval":"5m","verdict":"WAIT","score":59,"price":1.861,"msg":"scanner"}
{"level":30,"time":1773612391698,"pid":3668,"hostname":"DESKTOP-KPAMGTB","module":"binance","symbol":"ATOMUSDT","interval":"1h","verdict":"WAIT","score":59,"price":1.861,"msg":"scanner"}
{"level":30,"time":1773612391751,"pid":3668,"hostname":"DESKTOP-KPAMGTB","module":"binance","symbol":"ATOMUSDT","interval":"4h","verdict":"WAIT","score":56,"price":1.861,"msg":"scanner"}
{"level":30,"time":1773612391979,"pid":3668,"hostname":"DESKTOP-KPAMGTB","module":"binance","symbol":"ETCUSDT","interval":"5m","verdict":"WAIT","score":53,"price":8.4,"msg":"scanner"}
{"level":30,"time":1773612392401,"pid":3668,"hostname":"DESKTOP-KPAMGTB","module":"binance","symbol":"ETCUSDT","interval":"1h","verdict":"BUY","score":69,"price":8.4,"msg":"scanner"}
{"level":30,"time":1773612392518,"pid":3668,"hostname":"DESKTOP-KPAMGTB","module":"binance","symbol":"ETCUSDT","interval":"4h","verdict":"BUY","score":66,"price":8.4,"msg":"scanner"}
{"level":30,"time":1773612392598,"pid":3668,"hostname":"DESKTOP-KPAMGTB","module":"binance","symbol":"XLMUSDT","interval":"5m","verdict":"WAIT","score":53,"price":0.169,"msg":"scanner"}
{"level":30,"time":1773612392705,"pid":3668,"hostname":"DESKTOP-KPAMGTB","module":"binance","symbol":"XLMUSDT","interval":"1h","verdict":"BUY","score":69,"price":0.169,"msg":"scanner"}
{"level":30,"time":1773612393196,"pid":3668,"hostname":"DESKTOP-KPAMGTB","module":"binance","symbol":"XLMUSDT","interval":"4h","verdict":"BUY","score":69,"price":0.1689,"msg":"scanner"}
{"level":30,"time":1773612393281,"pid":3668,"hostname":"DESKTOP-KPAMGTB","module":"binance","symbol":"APTUSDT","interval":"5m","verdict":"WAIT","score":56,"price":0.932,"msg":"scanner"}
{"level":30,"time":1773612393409,"pid":3668,"hostname":"DESKTOP-KPAMGTB","module":"binance","symbol":"APTUSDT","interval":"1h","verdict":"WAIT","score":63,"price":0.932,"msg":"scanner"}
{"level":30,"time":1773612393430,"pid":3668,"hostname":"DESKTOP-KPAMGTB","module":"binance","symbol":"APTUSDT","interval":"4h","verdict":"WAIT","score":53,"price":0.932,"msg":"scanner"}
{"level":30,"time":1773612393894,"pid":3668,"hostname":"DESKTOP-KPAMGTB","module":"binance","symbol":"NEARUSDT","interval":"5m","verdict":"WAIT","score":63,"price":1.352,"msg":"scanner"}
{"level":30,"time":1773612393952,"pid":3668,"hostname":"DESKTOP-KPAMGTB","module":"binance","symbol":"NEARUSDT","interval":"1h","verdict":"BUY","score":72,"price":1.352,"msg":"scanner"}
{"level":30,"time":1773612394166,"pid":3668,"hostname":"DESKTOP-KPAMGTB","module":"binance","symbol":"NEARUSDT","interval":"4h","verdict":"BUY","score":66,"price":1.352,"msg":"scanner"}
{"level":30,"time":1773612521344,"pid":3668,"hostname":"DESKTOP-KPAMGTB","module":"binance","assets":22,"msg":"balance"}
{"level":30,"time":1773612521411,"pid":3668,"hostname":"DESKTOP-KPAMGTB","module":"binance","assets":22,"msg":"balance"}
{"level":30,"time":1773613219482,"pid":3668,"hostname":"DESKTOP-KPAMGTB","module":"binance","assets":22,"msg":"balance"}
{"level":30,"time":1773613219648,"pid":3668,"hostname":"DESKTOP-KPAMGTB","module":"binance","assets":22,"msg":"balance"}
{"level":30,"time":1773613597889,"pid":3668,"hostname":"DESKTOP-KPAMGTB","module":"binance","assets":22,"msg":"balance"}
{"level":30,"time":1773613598319,"pid":3668,"hostname":"DESKTOP-KPAMGTB","module":"binance","assets":22,"msg":"balance"}
{"level":30,"time":1773613707464,"pid":3668,"hostname":"DESKTOP-KPAMGTB","module":"binance","assets":22,"msg":"balance"}
{"level":30,"time":1773613707492,"pid":3668,"hostname":"DESKTOP-KPAMGTB","module":"binance","assets":22,"msg":"balance"}
{"level":50,"time":1773613856106,"pid":3668,"hostname":"DESKTOP-KPAMGTB","module":"trailing-engine","symbol":"BTCUSDT","count":1,"max":3,"err":"fetch failed","msg":"error al cicle"}
{"level":30,"time":1773614119893,"pid":3668,"hostname":"DESKTOP-KPAMGTB","module":"binance","assets":22,"msg":"balance"}
{"level":30,"time":1773615018017,"pid":3668,"hostname":"DESKTOP-KPAMGTB","module":"binance","assets":22,"msg":"balance"}
{"level":30,"time":1773615610635,"pid":3668,"hostname":"DESKTOP-KPAMGTB","module":"telegram","msg":"informe horari enviat"}
{"level":30,"time":1773615918216,"pid":3668,"hostname":"DESKTOP-KPAMGTB","module":"binance","assets":22,"msg":"balance"}
{"level":30,"time":1773615944812,"pid":3668,"hostname":"DESKTOP-KPAMGTB","module":"trailing-engine","symbol":"BTCUSDT","price":73043.41,"activateAt":72992.3161344636,"msg":"trailing activat"}
{"level":30,"time":1773615974721,"pid":3668,"hostname":"DESKTOP-KPAMGTB","module":"trailing-engine","symbol":"BTCUSDT","price":73112.97,"activateAt":73110.12039209036,"msg":"trailing activat"}
{"level":30,"time":1773615976337,"pid":3668,"hostname":"DESKTOP-KPAMGTB","module":"trailing-engine","symbol":"BTCUSDT","mode":"ATR","oldSl":68563.294663841,"newSl":"68639.98000000","peak":73120.1,"msg":"SL pujat"}
{"level":30,"time":1773616035245,"pid":3668,"hostname":"DESKTOP-KPAMGTB","module":"trailing-engine","symbol":"BTCUSDT","mode":"ATR","oldSl":68639.98,"newSl":"68669.88000000","peak":73150,"msg":"SL pujat"}
{"level":30,"time":1773616036148,"pid":3668,"hostname":"DESKTOP-KPAMGTB","module":"trailing-engine","symbol":"BTCUSDT","mode":"ATR","oldSl":68695.99401977414,"newSl":"68725.58000000","peak":73142.56,"msg":"SL pujat"}
{"level":30,"time":1773616818291,"pid":3668,"hostname":"DESKTOP-KPAMGTB","module":"binance","assets":22,"msg":"balance"}
{"level":30,"time":1773617717989,"pid":3668,"hostname":"DESKTOP-KPAMGTB","module":"binance","assets":22,"msg":"balance"}
{"level":30,"time":1773618618001,"pid":3668,"hostname":"DESKTOP-KPAMGTB","module":"binance","assets":22,"msg":"balance"}
{"level":30,"time":1773619209711,"pid":3668,"hostname":"DESKTOP-KPAMGTB","module":"telegram","msg":"informe horari enviat"}
{"level":30,"time":1773619564263,"pid":3668,"hostname":"DESKTOP-KPAMGTB","module":"binance","assets":22,"msg":"balance"}
{"level":30,"time":1773620464111,"pid":3668,"hostname":"DESKTOP-KPAMGTB","module":"binance","assets":22,"msg":"balance"}
{"level":30,"time":1773621364258,"pid":3668,"hostname":"DESKTOP-KPAMGTB","module":"binance","assets":22,"msg":"balance"}
{"level":30,"time":1773622263622,"pid":3668,"hostname":"DESKTOP-KPAMGTB","module":"binance","assets":22,"msg":"balance"}
{"level":30,"time":1773622809979,"pid":3668,"hostname":"DESKTOP-KPAMGTB","module":"telegram","msg":"informe horari enviat"}
{"level":30,"time":1773623163973,"pid":3668,"hostname":"DESKTOP-KPAMGTB","module":"binance","assets":22,"msg":"balance"}
{"level":30,"time":1773624064006,"pid":3668,"hostname":"DESKTOP-KPAMGTB","module":"binance","assets":22,"msg":"balance"}
{"level":30,"time":1773624963995,"pid":3668,"hostname":"DESKTOP-KPAMGTB","module":"binance","assets":22,"msg":"balance"}
{"level":30,"time":1773625863856,"pid":3668,"hostname":"DESKTOP-KPAMGTB","module":"binance","assets":22,"msg":"balance"}
{"level":30,"time":1773626410881,"pid":3668,"hostname":"DESKTOP-KPAMGTB","module":"telegram","msg":"informe horari enviat"}
{"level":30,"time":1773626763932,"pid":3668,"hostname":"DESKTOP-KPAMGTB","module":"binance","assets":22,"msg":"balance"}
{"level":30,"time":1773630009565,"pid":3668,"hostname":"DESKTOP-KPAMGTB","module":"telegram","msg":"informe horari enviat"}
{"level":30,"time":1773631879780,"pid":3668,"hostname":"DESKTOP-KPAMGTB","module":"trailing-engine","symbol":"BTCUSDT","mode":"ATR","oldSl":68669.88,"newSl":"68675.93000000","peak":73156.05,"msg":"SL pujat"}
{"level":30,"time":1773631880766,"pid":3668,"hostname":"DESKTOP-KPAMGTB","module":"trailing-engine","symbol":"BTCUSDT","mode":"ATR","oldSl":68725.58,"newSl":"68758.92000000","peak":73175.9,"msg":"SL pujat"}
{"level":30,"time":1773631940035,"pid":3668,"hostname":"DESKTOP-KPAMGTB","module":"trailing-engine","symbol":"BTCUSDT","mode":"ATR","oldSl":68675.93,"newSl":"68792.53000000","peak":73272.65,"msg":"SL pujat"}
{"level":30,"time":1773631940952,"pid":3668,"hostname":"DESKTOP-KPAMGTB","module":"trailing-engine","symbol":"BTCUSDT","mode":"ATR","oldSl":68758.92,"newSl":"68866.26000000","peak":73283.24,"msg":"SL pujat"}
{"level":30,"time":1773631970682,"pid":3668,"hostname":"DESKTOP-KPAMGTB","module":"trailing-engine","symbol":"BTCUSDT","mode":"ATR","oldSl":68792.53,"newSl":"68813.29000000","peak":73293.41,"msg":"SL pujat"}
{"level":30,"time":1773631971704,"pid":3668,"hostname":"DESKTOP-KPAMGTB","module":"trailing-engine","symbol":"BTCUSDT","mode":"ATR","oldSl":68866.26,"newSl":"68883.01000000","peak":73299.99,"msg":"SL pujat"}
{"level":30,"time":1773631999721,"pid":3668,"hostname":"DESKTOP-KPAMGTB","module":"trailing-engine","symbol":"BTCUSDT","mode":"ATR","oldSl":68813.29,"newSl":"68917.18000000","peak":73397.3,"msg":"SL pujat"}
{"level":30,"time":1773632000657,"pid":3668,"hostname":"DESKTOP-KPAMGTB","module":"trailing-engine","symbol":"BTCUSDT","mode":"ATR","oldSl":68883.01,"newSl":"68945.03000000","peak":73362.01,"msg":"SL pujat"}
{"level":30,"time":1773632028807,"pid":3668,"hostname":"DESKTOP-KPAMGTB","module":"trailing-engine","symbol":"BTCUSDT","price":73485.61,"activateAt":73469.20285976621,"msg":"trailing activat"}
{"level":30,"time":1773632030173,"pid":3668,"hostname":"DESKTOP-KPAMGTB","module":"trailing-engine","symbol":"BTCUSDT","mode":"ATR","oldSl":68917.18,"newSl":"69009.12000000","peak":73489.24,"msg":"SL pujat"}
{"level":30,"time":1773632031101,"pid":3668,"hostname":"DESKTOP-KPAMGTB","module":"trailing-engine","symbol":"BTCUSDT","mode":"ATR","oldSl":68945.03,"newSl":"69132.30000000","peak":73549.28,"msg":"SL pujat"}
{"level":30,"time":1773632032044,"pid":3668,"hostname":"DESKTOP-KPAMGTB","module":"trailing-engine","symbol":"BTCUSDT","mode":"ATR","oldSl":69371.40285058449,"newSl":"69451.05000000","peak":73565.26,"msg":"SL pujat"}
{"level":30,"time":1773632059489,"pid":3668,"hostname":"DESKTOP-KPAMGTB","module":"trailing-engine","symbol":"BTCUSDT","mode":"ATR","oldSl":69009.12,"newSl":"69095.45000000","peak":73575.57,"msg":"SL pujat"}
{"level":30,"time":1773632090058,"pid":3668,"hostname":"DESKTOP-KPAMGTB","module":"trailing-engine","symbol":"BTCUSDT","mode":"ATR","oldSl":69095.45,"newSl":"69190.61000000","peak":73670.73,"msg":"SL pujat"}
{"level":30,"time":1773632091196,"pid":3668,"hostname":"DESKTOP-KPAMGTB","module":"trailing-engine","symbol":"BTCUSDT","mode":"ATR","oldSl":69132.3,"newSl":"69225.53000000","peak":73642.51,"msg":"SL pujat"}
{"level":30,"time":1773632092126,"pid":3668,"hostname":"DESKTOP-KPAMGTB","module":"trailing-engine","symbol":"BTCUSDT","mode":"ATR","oldSl":69451.05,"newSl":"69538.46000000","peak":73652.67,"msg":"SL pujat"}
{"level":30,"time":1773632119618,"pid":3668,"hostname":"DESKTOP-KPAMGTB","module":"trailing-engine","symbol":"BTCUSDT","mode":"ATR","oldSl":69190.61,"newSl":"69317.89000000","peak":73798.01,"msg":"SL pujat"}
{"level":30,"time":1773632120607,"pid":3668,"hostname":"DESKTOP-KPAMGTB","module":"trailing-engine","symbol":"BTCUSDT","mode":"ATR","oldSl":69225.53,"newSl":"69388.01000000","peak":73804.99,"msg":"SL pujat"}
{"level":30,"time":1773632121635,"pid":3668,"hostname":"DESKTOP-KPAMGTB","module":"trailing-engine","symbol":"BTCUSDT","mode":"ATR","oldSl":69538.46,"newSl":"69671.11000000","peak":73785.32,"msg":"SL pujat"}
{"level":30,"time":1773632210138,"pid":3668,"hostname":"DESKTOP-KPAMGTB","module":"trailing-engine","symbol":"BTCUSDT","mode":"ATR","oldSl":69317.89,"newSl":"69345.51000000","peak":73825.63,"msg":"SL pujat"}
{"level":30,"time":1773632211312,"pid":3668,"hostname":"DESKTOP-KPAMGTB","module":"trailing-engine","symbol":"BTCUSDT","mode":"ATR","oldSl":69388.01,"newSl":"69414.92000000","peak":73831.9,"msg":"SL pujat"}
{"level":30,"time":1773632212280,"pid":3668,"hostname":"DESKTOP-KPAMGTB","module":"trailing-engine","symbol":"BTCUSDT","mode":"ATR","oldSl":69671.11,"newSl":"69703.02000000","peak":73817.23,"msg":"SL pujat"}
{"level":30,"time":1773632239926,"pid":3668,"hostname":"DESKTOP-KPAMGTB","module":"trailing-engine","symbol":"BTCUSDT","mode":"ATR","oldSl":69345.51,"newSl":"69362.92000000","peak":73843.04,"msg":"SL pujat"}
{"level":30,"time":1773632240932,"pid":3668,"hostname":"DESKTOP-KPAMGTB","module":"trailing-engine","symbol":"BTCUSDT","mode":"ATR","oldSl":69414.92,"newSl":"69475.01000000","peak":73891.99,"msg":"SL pujat"}
{"level":30,"time":1773632241921,"pid":3668,"hostname":"DESKTOP-KPAMGTB","module":"trailing-engine","symbol":"BTCUSDT","mode":"ATR","oldSl":69703.02,"newSl":"69799.34000000","peak":73913.55,"msg":"SL pujat"}
{"level":30,"time":1773632270208,"pid":3668,"hostname":"DESKTOP-KPAMGTB","module":"trailing-engine","symbol":"BTCUSDT","mode":"ATR","oldSl":69362.92,"newSl":"69437.83000000","peak":73917.95,"msg":"SL pujat"}
{"level":30,"time":1773632271205,"pid":3668,"hostname":"DESKTOP-KPAMGTB","module":"trailing-engine","symbol":"BTCUSDT","mode":"ATR","oldSl":69475.01,"newSl":"69484.28000000","peak":73901.26,"msg":"SL pujat"}
{"level":30,"time":1773632272201,"pid":3668,"hostname":"DESKTOP-KPAMGTB","module":"trailing-engine","symbol":"BTCUSDT","mode":"ATR","oldSl":69799.34,"newSl":"69815.79000000","peak":73930,"msg":"SL pujat"}
{"level":30,"time":1773632299604,"pid":3668,"hostname":"DESKTOP-KPAMGTB","module":"trailing-engine","symbol":"BTCUSDT","mode":"ATR","oldSl":69437.83,"newSl":"69518.89000000","peak":73999.01,"msg":"SL pujat"}
{"level":30,"time":1773632300511,"pid":3668,"hostname":"DESKTOP-KPAMGTB","module":"trailing-engine","symbol":"BTCUSDT","mode":"ATR","oldSl":69484.28,"newSl":"69560.35000000","peak":73977.33,"msg":"SL pujat"}
{"level":30,"time":1773632301422,"pid":3668,"hostname":"DESKTOP-KPAMGTB","module":"trailing-engine","symbol":"BTCUSDT","mode":"ATR","oldSl":69815.79,"newSl":"69872.51000000","peak":73986.72,"msg":"SL pujat"}
{"level":30,"time":1773632360048,"pid":3668,"hostname":"DESKTOP-KPAMGTB","module":"trailing-engine","symbol":"BTCUSDT","mode":"ATR","oldSl":69560.35,"newSl":"69570.43000000","peak":73987.41,"msg":"SL pujat"}
{"level":30,"time":1773632360978,"pid":3668,"hostname":"DESKTOP-KPAMGTB","module":"trailing-engine","symbol":"BTCUSDT","mode":"ATR","oldSl":69872.51,"newSl":"69873.21000000","peak":73987.42,"msg":"SL pujat"}
{"level":30,"time":1773632390440,"pid":3668,"hostname":"DESKTOP-KPAMGTB","module":"trailing-engine","symbol":"BTCUSDT","mode":"ATR","oldSl":69518.89,"newSl":"69539.92000000","peak":74020.04,"msg":"SL pujat"}
{"level":30,"time":1773632391419,"pid":3668,"hostname":"DESKTOP-KPAMGTB","module":"trailing-engine","symbol":"BTCUSDT","mode":"ATR","oldSl":69570.43,"newSl":"69595.65000000","peak":74012.63,"msg":"SL pujat"}
{"level":30,"time":1773632392409,"pid":3668,"hostname":"DESKTOP-KPAMGTB","module":"trailing-engine","symbol":"BTCUSDT","mode":"ATR","oldSl":69873.21,"newSl":"69899.45000000","peak":74013.66,"msg":"SL pujat"}
{"level":30,"time":1773632419632,"pid":3668,"hostname":"DESKTOP-KPAMGTB","module":"trailing-engine","symbol":"BTCUSDT","mode":"ATR","oldSl":69539.92,"newSl":"69778.54000000","peak":74258.66,"msg":"SL pujat"}
{"level":30,"time":1773632420582,"pid":3668,"hostname":"DESKTOP-KPAMGTB","module":"trailing-engine","symbol":"BTCUSDT","mode":"ATR","oldSl":69595.65,"newSl":"69863.86000000","peak":74280.84,"msg":"SL pujat"}
{"level":30,"time":1773632421500,"pid":3668,"hostname":"DESKTOP-KPAMGTB","module":"trailing-engine","symbol":"BTCUSDT","mode":"ATR","oldSl":69899.45,"newSl":"70129.42000000","peak":74243.63,"msg":"SL pujat"}
{"level":30,"time":1773633609692,"pid":3668,"hostname":"DESKTOP-KPAMGTB","module":"telegram","msg":"informe horari enviat"}
{"level":30,"time":1773636891272,"pid":3668,"hostname":"DESKTOP-KPAMGTB","module":"trailing-engine","symbol":"BTCUSDT","mode":"ATR","oldSl":69778.54,"newSl":"69791.92000000","peak":74272.04,"msg":"SL pujat"}
{"level":30,"time":1773636892885,"pid":3668,"hostname":"DESKTOP-KPAMGTB","module":"trailing-engine","symbol":"BTCUSDT","mode":"ATR","oldSl":70129.42,"newSl":"70161.13000000","peak":74275.34,"msg":"SL pujat"}
{"level":30,"time":1773637209910,"pid":3668,"hostname":"DESKTOP-KPAMGTB","module":"telegram","msg":"informe horari enviat"}
{"level":30,"time":1773640810572,"pid":3668,"hostname":"DESKTOP-KPAMGTB","module":"telegram","msg":"informe horari enviat"}
{"level":30,"time":1773642597128,"pid":3668,"hostname":"DESKTOP-KPAMGTB","module":"telegram","msg":"informe diari enviat"}
{"level":30,"time":1773642639166,"pid":3668,"hostname":"DESKTOP-KPAMGTB","module":"binance","assets":22,"msg":"balance"}
{"level":30,"time":1773643540258,"pid":3668,"hostname":"DESKTOP-KPAMGTB","module":"binance","assets":22,"msg":"balance"}
{"level":30,"time":1773644409586,"pid":3668,"hostname":"DESKTOP-KPAMGTB","module":"telegram","msg":"informe horari enviat"}
{"level":30,"time":1773644440217,"pid":3668,"hostname":"DESKTOP-KPAMGTB","module":"binance","assets":22,"msg":"balance"}
{"level":30,"time":1773645340234,"pid":3668,"hostname":"DESKTOP-KPAMGTB","module":"binance","assets":22,"msg":"balance"}
{"level":30,"time":1773646240236,"pid":3668,"hostname":"DESKTOP-KPAMGTB","module":"binance","assets":22,"msg":"balance"}
{"level":30,"time":1773646496138,"pid":3668,"hostname":"DESKTOP-KPAMGTB","module":"binance","assets":22,"msg":"balance"}
{"level":30,"time":1773646505275,"pid":3668,"hostname":"DESKTOP-KPAMGTB","module":"binance","assets":22,"msg":"balance"}
{"level":30,"time":1773647140870,"pid":3668,"hostname":"DESKTOP-KPAMGTB","module":"binance","assets":22,"msg":"balance"}
{"level":30,"time":1773648009968,"pid":3668,"hostname":"DESKTOP-KPAMGTB","module":"telegram","msg":"informe horari enviat"}
{"level":30,"time":1773648041306,"pid":3668,"hostname":"DESKTOP-KPAMGTB","module":"binance","assets":22,"msg":"balance"}
{"level":30,"time":1773648963932,"pid":3668,"hostname":"DESKTOP-KPAMGTB","module":"binance","assets":22,"msg":"balance"}
{"level":30,"time":1773649864077,"pid":3668,"hostname":"DESKTOP-KPAMGTB","module":"binance","assets":22,"msg":"balance"}
{"level":30,"time":1773650763062,"pid":3668,"hostname":"DESKTOP-KPAMGTB","module":"binance","assets":22,"msg":"balance"}
{"level":30,"time":1773651609985,"pid":3668,"hostname":"DESKTOP-KPAMGTB","module":"telegram","msg":"informe horari enviat"}
{"level":30,"time":1773651664076,"pid":3668,"hostname":"DESKTOP-KPAMGTB","module":"binance","assets":22,"msg":"balance"}
{"level":30,"time":1773652563550,"pid":3668,"hostname":"DESKTOP-KPAMGTB","module":"binance","assets":22,"msg":"balance"}
{"level":30,"time":1773653463971,"pid":3668,"hostname":"DESKTOP-KPAMGTB","module":"binance","assets":22,"msg":"balance"}
{"level":30,"time":1773654364048,"pid":3668,"hostname":"DESKTOP-KPAMGTB","module":"binance","assets":22,"msg":"balance"}
{"level":30,"time":1773655209995,"pid":3668,"hostname":"DESKTOP-KPAMGTB","module":"telegram","msg":"informe horari enviat"}
{"level":30,"time":1773655263986,"pid":3668,"hostname":"DESKTOP-KPAMGTB","module":"binance","assets":22,"msg":"balance"}
{"level":30,"time":1773656163640,"pid":3668,"hostname":"DESKTOP-KPAMGTB","module":"binance","assets":22,"msg":"balance"}
{"level":30,"time":1773657063047,"pid":3668,"hostname":"DESKTOP-KPAMGTB","module":"binance","assets":22,"msg":"balance"}
{"level":30,"time":1773657963814,"pid":3668,"hostname":"DESKTOP-KPAMGTB","module":"binance","assets":22,"msg":"balance"}
{"level":30,"time":1773658810077,"pid":3668,"hostname":"DESKTOP-KPAMGTB","module":"telegram","msg":"informe horari enviat"}
{"level":30,"time":1773658864252,"pid":3668,"hostname":"DESKTOP-KPAMGTB","module":"binance","assets":22,"msg":"balance"}
{"level":30,"time":1773659763534,"pid":3668,"hostname":"DESKTOP-KPAMGTB","module":"binance","assets":22,"msg":"balance"}
{"level":30,"time":1773660663954,"pid":3668,"hostname":"DESKTOP-KPAMGTB","module":"binance","assets":22,"msg":"balance"}
{"level":30,"time":1773661563515,"pid":3668,"hostname":"DESKTOP-KPAMGTB","module":"binance","assets":22,"msg":"balance"}
{"level":30,"time":1773662409684,"pid":3668,"hostname":"DESKTOP-KPAMGTB","module":"telegram","msg":"informe horari enviat"}
{"level":30,"time":1773662463216,"pid":3668,"hostname":"DESKTOP-KPAMGTB","module":"binance","assets":22,"msg":"balance"}
{"level":30,"time":1773663363065,"pid":3668,"hostname":"DESKTOP-KPAMGTB","module":"binance","assets":22,"msg":"balance"}
{"level":30,"time":1773664263094,"pid":3668,"hostname":"DESKTOP-KPAMGTB","module":"binance","assets":22,"msg":"balance"}
{"level":30,"time":1773665163056,"pid":3668,"hostname":"DESKTOP-KPAMGTB","module":"binance","assets":22,"msg":"balance"}
{"level":30,"time":1773666010029,"pid":3668,"hostname":"DESKTOP-KPAMGTB","module":"telegram","msg":"informe horari enviat"}
{"level":30,"time":1773666063070,"pid":3668,"hostname":"DESKTOP-KPAMGTB","module":"binance","assets":22,"msg":"balance"}
{"level":30,"time":1773666963096,"pid":3668,"hostname":"DESKTOP-KPAMGTB","module":"binance","assets":22,"msg":"balance"}
{"level":30,"time":1773667863053,"pid":3668,"hostname":"DESKTOP-KPAMGTB","module":"binance","assets":22,"msg":"balance"}
{"level":30,"time":1773668099594,"pid":3668,"hostname":"DESKTOP-KPAMGTB","module":"trailing-engine","symbol":"BTCUSDT","mode":"ATR","oldSl":69791.92,"newSl":"69842.50000000","peak":74322.62,"msg":"SL pujat"}
{"level":30,"time":1773668100563,"pid":3668,"hostname":"DESKTOP-KPAMGTB","module":"trailing-engine","symbol":"BTCUSDT","mode":"ATR","oldSl":69863.86,"newSl":"69896.23000000","peak":74313.21,"msg":"SL pujat"}
{"level":30,"time":1773668101523,"pid":3668,"hostname":"DESKTOP-KPAMGTB","module":"trailing-engine","symbol":"BTCUSDT","mode":"ATR","oldSl":70161.13,"newSl":"70185.62000000","peak":74299.83,"msg":"SL pujat"}
{"level":30,"time":1773668129846,"pid":3668,"hostname":"DESKTOP-KPAMGTB","module":"trailing-engine","symbol":"BTCUSDT","mode":"ATR","oldSl":69842.5,"newSl":"69921.07000000","peak":74401.19,"msg":"SL pujat"}
{"level":30,"time":1773668130904,"pid":3668,"hostname":"DESKTOP-KPAMGTB","module":"trailing-engine","symbol":"BTCUSDT","mode":"ATR","oldSl":69896.23,"newSl":"69977.18000000","peak":74394.16,"msg":"SL pujat"}
{"level":30,"time":1773668131951,"pid":3668,"hostname":"DESKTOP-KPAMGTB","module":"trailing-engine","symbol":"BTCUSDT","mode":"ATR","oldSl":70185.62,"newSl":"70272.14000000","peak":74386.35,"msg":"SL pujat"}
{"level":30,"time":1773668429663,"pid":3668,"hostname":"DESKTOP-KPAMGTB","module":"trailing-engine","symbol":"BTCUSDT","mode":"ATR","oldSl":69921.07,"newSl":"69938.49000000","peak":74418.61,"msg":"SL pujat"}
{"level":30,"time":1773668430588,"pid":3668,"hostname":"DESKTOP-KPAMGTB","module":"trailing-engine","symbol":"BTCUSDT","mode":"ATR","oldSl":69977.18,"newSl":"70006.01000000","peak":74422.99,"msg":"SL pujat"}
{"level":30,"time":1773668431502,"pid":3668,"hostname":"DESKTOP-KPAMGTB","module":"trailing-engine","symbol":"BTCUSDT","mode":"ATR","oldSl":70272.14,"newSl":"70310.78000000","peak":74424.99,"msg":"SL pujat"}
{"level":30,"time":1773668763105,"pid":3668,"hostname":"DESKTOP-KPAMGTB","module":"binance","assets":22,"msg":"balance"}
{"level":30,"time":1773669610430,"pid":3668,"hostname":"DESKTOP-KPAMGTB","module":"telegram","msg":"informe horari enviat"}
{"level":30,"time":1773669663062,"pid":3668,"hostname":"DESKTOP-KPAMGTB","module":"binance","assets":22,"msg":"balance"}
{"level":30,"time":1773670140574,"pid":3668,"hostname":"DESKTOP-KPAMGTB","module":"trailing-engine","symbol":"BTCUSDT","mode":"ATR","oldSl":70006.01,"newSl":"70014.90000000","peak":74431.88,"msg":"SL pujat"}
{"level":30,"time":1773670141535,"pid":3668,"hostname":"DESKTOP-KPAMGTB","module":"trailing-engine","symbol":"BTCUSDT","mode":"ATR","oldSl":70310.78,"newSl":"70328.62000000","peak":74442.83,"msg":"SL pujat"}
{"level":30,"time":1773670259185,"pid":3668,"hostname":"DESKTOP-KPAMGTB","module":"trailing-engine","symbol":"BTCUSDT","mode":"ATR","oldSl":69938.49,"newSl":"69943.87000000","peak":74423.99,"msg":"SL pujat"}
{"level":30,"time":1773670260100,"pid":3668,"hostname":"DESKTOP-KPAMGTB","module":"trailing-engine","symbol":"BTCUSDT","mode":"ATR","oldSl":70014.9,"newSl":"70018.70000000","peak":74435.68,"msg":"SL pujat"}
{"level":30,"time":1773670563116,"pid":3668,"hostname":"DESKTOP-KPAMGTB","module":"binance","assets":22,"msg":"balance"}
{"level":30,"time":1773671463096,"pid":3668,"hostname":"DESKTOP-KPAMGTB","module":"binance","assets":22,"msg":"balance"}
{"level":30,"time":1773672363065,"pid":3668,"hostname":"DESKTOP-KPAMGTB","module":"binance","assets":22,"msg":"balance"}
{"level":30,"time":1773673209640,"pid":3668,"hostname":"DESKTOP-KPAMGTB","module":"telegram","msg":"informe horari enviat"}
{"level":30,"time":1773673263510,"pid":3668,"hostname":"DESKTOP-KPAMGTB","module":"binance","assets":22,"msg":"balance"}
{"level":30,"time":1773674163065,"pid":3668,"hostname":"DESKTOP-KPAMGTB","module":"binance","assets":22,"msg":"balance"}
{"level":30,"time":1773675063083,"pid":3668,"hostname":"DESKTOP-KPAMGTB","module":"binance","assets":22,"msg":"balance"}
{"level":30,"time":1773675963061,"pid":3668,"hostname":"DESKTOP-KPAMGTB","module":"binance","assets":22,"msg":"balance"}
{"level":30,"time":1773676809280,"pid":3668,"hostname":"DESKTOP-KPAMGTB","module":"telegram","msg":"informe horari enviat"}
{"level":30,"time":1773676863047,"pid":3668,"hostname":"DESKTOP-KPAMGTB","module":"binance","assets":22,"msg":"balance"}
{"level":30,"time":1773677285158,"pid":3668,"hostname":"DESKTOP-KPAMGTB","module":"binance","assets":22,"msg":"balance"}
{"level":30,"time":1773677511450,"pid":3668,"hostname":"DESKTOP-KPAMGTB","module":"binance","assets":22,"msg":"balance"}
{"level":30,"time":1773677511652,"pid":3668,"hostname":"DESKTOP-KPAMGTB","module":"binance","assets":22,"msg":"balance"}
{"level":30,"time":1773678822030,"pid":3668,"hostname":"DESKTOP-KPAMGTB","module":"binance","assets":22,"msg":"balance"}
{"level":30,"time":1773680205426,"pid":3668,"hostname":"DESKTOP-KPAMGTB","module":"binance","assets":22,"msg":"balance"}
{"level":30,"time":1773680205903,"pid":3668,"hostname":"DESKTOP-KPAMGTB","module":"binance","assets":22,"msg":"balance"}
{"level":30,"time":1773680409348,"pid":3668,"hostname":"DESKTOP-KPAMGTB","module":"telegram","msg":"informe horari enviat"}
{"level":30,"time":1773680919258,"pid":3668,"hostname":"DESKTOP-KPAMGTB","module":"binance","assets":22,"msg":"balance"}
{"level":30,"time":1773680919280,"pid":3668,"hostname":"DESKTOP-KPAMGTB","module":"binance","assets":22,"msg":"balance"}
{"level":30,"time":1773680952855,"pid":3668,"hostname":"DESKTOP-KPAMGTB","module":"binance","assets":22,"msg":"balance"}
