{"level":30,"time":1774478525446,"pid":20860,"hostname":"DESKTOP-KPAMGTB","module":"order-monitor","msg":"monitor iniciat"}
{"level":30,"time":1774478525468,"pid":20860,"hostname":"DESKTOP-KPAMGTB","module":"telegram","nextHourIn":18,"nextDailyIn":468,"msg":"scheduler iniciat"}
{"level":30,"time":1774478525479,"pid":20860,"hostname":"DESKTOP-KPAMGTB","module":"orders","symbol":"BTCUSDT","thresholds":[{"windowMin":5,"pct":5},{"windowMin":15,"pct":8},{"windowMin":60,"pct":12}],"pollMs":60000,"msg":"Crash monitor iniciat"}
{"level":30,"time":1774478525486,"pid":20860,"hostname":"DESKTOP-KPAMGTB","module":"auto-trader","msg":"auto-trader multi-bot iniciat (poll 60s)"}
{"level":30,"time":1774478528615,"pid":20860,"hostname":"DESKTOP-KPAMGTB","module":"binance","assets":24,"msg":"balance"}
{"level":30,"time":1774478529390,"pid":20860,"hostname":"DESKTOP-KPAMGTB","module":"order-monitor","count":57,"msg":"inicialitzat"}
{"level":30,"time":1774478530128,"pid":20860,"hostname":"DESKTOP-KPAMGTB","module":"binance","assets":24,"msg":"balance"}
{"level":30,"time":1774478531925,"pid":20860,"hostname":"DESKTOP-KPAMGTB","module":"auto-trader","symbol":"LTCUSDT","msg":"aplicant correcció OCO a posició òrfena…"}
{"level":40,"time":1774478531929,"pid":20860,"hostname":"DESKTOP-KPAMGTB","module":"auto-trader","symbol":"LTCUSDT","uncoveredUsd":103.26324088,"msg":"no s'ha trobat cap bot actiu — venent posició òrfena a mercat"}
{"level":50,"time":1774478532159,"pid":20860,"hostname":"DESKTOP-KPAMGTB","module":"auto-trader","symbol":"LTCUSDT","err":"Binance /order 400: {\"code\":-1013,\"msg\":\"Filter failure: LOT_SIZE\"}","msg":"error en venda òrfena a mercat"}
{"level":30,"time":1774478532666,"pid":20860,"hostname":"DESKTOP-KPAMGTB","module":"auto-trader","symbol":"BNBUSDT","msg":"aplicant correcció OCO a posició òrfena…"}
{"level":40,"time":1774478532668,"pid":20860,"hostname":"DESKTOP-KPAMGTB","module":"auto-trader","symbol":"BNBUSDT","uncoveredUsd":35.169167124800005,"msg":"no s'ha trobat cap bot actiu — venent posició òrfena a mercat"}
{"level":50,"time":1774478532895,"pid":20860,"hostname":"DESKTOP-KPAMGTB","module":"auto-trader","symbol":"BNBUSDT","err":"Binance /order 400: {\"code\":-1013,\"msg\":\"Filter failure: LOT_SIZE\"}","msg":"error en venda òrfena a mercat"}
{"level":30,"time":1774478534514,"pid":20860,"hostname":"DESKTOP-KPAMGTB","module":"auto-trader","symbol":"XLMUSDT","msg":"aplicant correcció OCO a posició òrfena…"}
{"level":40,"time":1774478534516,"pid":20860,"hostname":"DESKTOP-KPAMGTB","module":"auto-trader","symbol":"XLMUSDT","uncoveredUsd":16.1223244,"msg":"no s'ha trobat cap bot actiu — venent posició òrfena a mercat"}
{"level":50,"time":1774478534742,"pid":20860,"hostname":"DESKTOP-KPAMGTB","module":"auto-trader","symbol":"XLMUSDT","err":"Binance /order 400: {\"code\":-1013,\"msg\":\"Filter failure: LOT_SIZE\"}","msg":"error en venda òrfena a mercat"}
{"level":30,"time":1774478535683,"pid":20860,"hostname":"DESKTOP-KPAMGTB","module":"auto-trader","symbol":"DOTUSDT","msg":"aplicant correcció OCO a posició òrfena…"}
{"level":40,"time":1774478535685,"pid":20860,"hostname":"DESKTOP-KPAMGTB","module":"auto-trader","symbol":"DOTUSDT","uncoveredUsd":25.662967439999996,"msg":"no s'ha trobat cap bot actiu — venent posició òrfena a mercat"}
{"level":50,"time":1774478535925,"pid":20860,"hostname":"DESKTOP-KPAMGTB","module":"auto-trader","symbol":"DOTUSDT","err":"Binance /order 400: {\"code\":-1013,\"msg\":\"Filter failure: LOT_SIZE\"}","msg":"error en venda òrfena a mercat"}
{"level":30,"time":1774478536598,"pid":20860,"hostname":"DESKTOP-KPAMGTB","module":"auto-trader","symbol":"NEARUSDT","msg":"aplicant correcció OCO a posició òrfena…"}
{"level":40,"time":1774478536599,"pid":20860,"hostname":"DESKTOP-KPAMGTB","module":"auto-trader","symbol":"NEARUSDT","uncoveredUsd":10.249502099999997,"msg":"no s'ha trobat cap bot actiu — venent posició òrfena a mercat"}
{"level":50,"time":1774478536825,"pid":20860,"hostname":"DESKTOP-KPAMGTB","module":"auto-trader","symbol":"NEARUSDT","err":"Binance /order 400: {\"code\":-1013,\"msg\":\"Filter failure: LOT_SIZE\"}","msg":"error en venda òrfena a mercat"}
{"level":30,"time":1774478537308,"pid":20860,"hostname":"DESKTOP-KPAMGTB","module":"auto-trader","symbol":"SHIBUSDT","msg":"aplicant correcció OCO a posició òrfena…"}
{"level":40,"time":1774478537310,"pid":20860,"hostname":"DESKTOP-KPAMGTB","module":"auto-trader","symbol":"SHIBUSDT","uncoveredUsd":15.6388304072,"msg":"no s'ha trobat cap bot actiu — venent posició òrfena a mercat"}
{"level":50,"time":1774478537536,"pid":20860,"hostname":"DESKTOP-KPAMGTB","module":"auto-trader","symbol":"SHIBUSDT","err":"Binance /order 400: {\"code\":-1111,\"msg\":\"Parameter 'quantity' has too much precision.\"}","msg":"error en venda òrfena a mercat"}
{"level":30,"time":1774478537762,"pid":20860,"hostname":"DESKTOP-KPAMGTB","module":"auto-trader","symbol":"APTUSDT","msg":"aplicant correcció OCO a posició òrfena…"}
{"level":40,"time":1774478537765,"pid":20860,"hostname":"DESKTOP-KPAMGTB","module":"auto-trader","symbol":"APTUSDT","uncoveredUsd":21.38756,"msg":"no s'ha trobat cap bot actiu — venent posició òrfena a mercat"}
{"level":30,"time":1774478537997,"pid":20860,"hostname":"DESKTOP-KPAMGTB","module":"auto-trader","symbol":"APTUSDT","sellQty":"20.12000","receivedUsd":21.36744,"fillPrice":1.0619999999999998,"msg":"venda òrfena executada"}
{"level":30,"time":1774478554077,"pid":20860,"hostname":"DESKTOP-KPAMGTB","module":"binance","assets":23,"msg":"balance"}
{"level":30,"time":1774478558401,"pid":20860,"hostname":"DESKTOP-KPAMGTB","module":"trailing-engine","msg":"motor iniciat"}
{"level":30,"time":1774478584144,"pid":20860,"hostname":"DESKTOP-KPAMGTB","module":"binance","assets":23,"msg":"balance"}
{"level":30,"time":1774478585520,"pid":20860,"hostname":"DESKTOP-KPAMGTB","module":"binance","assets":23,"msg":"balance"}
{"level":40,"time":1774478586670,"pid":20860,"hostname":"DESKTOP-KPAMGTB","module":"auto-trader","symbol":"LTCUSDT","uncoveredUsd":103.08118298,"uncovered":1.820579,"msg":"posició parcialment sense SL — esperant 5 min per corregir"}
{"level":40,"time":1774478587120,"pid":20860,"hostname":"DESKTOP-KPAMGTB","module":"auto-trader","symbol":"BNBUSDT","uncoveredUsd":35.1082012464,"uncovered":0.05414924,"msg":"posició parcialment sense SL — esperant 5 min per corregir"}
{"level":40,"time":1774478588712,"pid":20860,"hostname":"DESKTOP-KPAMGTB","module":"auto-trader","symbol":"XLMUSDT","uncoveredUsd":16.06801,"uncovered":90.524,"msg":"posició parcialment sense SL — esperant 5 min per corregir"}
{"level":40,"time":1774478590101,"pid":20860,"hostname":"DESKTOP-KPAMGTB","module":"auto-trader","symbol":"DOTUSDT","uncoveredUsd":25.625283199999995,"uncovered":18.842119999999994,"msg":"posició parcialment sense SL — esperant 5 min per corregir"}
{"level":40,"time":1774478590801,"pid":20860,"hostname":"DESKTOP-KPAMGTB","module":"auto-trader","symbol":"NEARUSDT","uncoveredUsd":10.249502099999997,"uncovered":7.988699999999998,"msg":"posició parcialment sense SL — esperant 5 min per corregir"}
{"level":40,"time":1774478591260,"pid":20860,"hostname":"DESKTOP-KPAMGTB","module":"auto-trader","symbol":"SHIBUSDT","uncoveredUsd":15.6134426955,"uncovered":2538771.17,"msg":"posició parcialment sense SL — esperant 5 min per corregir"}
{"level":30,"time":1774478615618,"pid":20860,"hostname":"DESKTOP-KPAMGTB","module":"binance","assets":23,"msg":"balance"}
{"level":30,"time":1774478622471,"pid":20860,"hostname":"DESKTOP-KPAMGTB","module":"binance","assets":23,"msg":"balance"}
{"level":30,"time":1774478675250,"pid":20860,"hostname":"DESKTOP-KPAMGTB","module":"binance","assets":23,"msg":"balance"}
{"level":30,"time":1774478736418,"pid":20860,"hostname":"DESKTOP-KPAMGTB","module":"binance","assets":23,"msg":"balance"}
{"level":30,"time":1774478946849,"pid":20860,"hostname":"DESKTOP-KPAMGTB","module":"auto-trader","symbol":"LTCUSDT","msg":"aplicant correcció OCO a posició òrfena…"}
{"level":40,"time":1774478946853,"pid":20860,"hostname":"DESKTOP-KPAMGTB","module":"auto-trader","symbol":"LTCUSDT","uncoveredUsd":103.24503509,"msg":"no s'ha trobat cap bot actiu — venent posició òrfena a mercat"}
{"level":50,"time":1774478947092,"pid":20860,"hostname":"DESKTOP-KPAMGTB","module":"auto-trader","symbol":"LTCUSDT","err":"Binance /order 400: {\"code\":-1013,\"msg\":\"Filter failure: LOT_SIZE\"}","msg":"error en venda òrfena a mercat"}
{"level":30,"time":1774478947644,"pid":20860,"hostname":"DESKTOP-KPAMGTB","module":"auto-trader","symbol":"BNBUSDT","msg":"aplicant correcció OCO a posició òrfena…"}
{"level":40,"time":1774478947650,"pid":20860,"hostname":"DESKTOP-KPAMGTB","module":"auto-trader","symbol":"BNBUSDT","uncoveredUsd":35.159101532,"msg":"no s'ha trobat cap bot actiu — venent posició òrfena a mercat"}
{"level":50,"time":1774478947909,"pid":20860,"hostname":"DESKTOP-KPAMGTB","module":"auto-trader","symbol":"BNBUSDT","err":"Binance /order 400: {\"code\":-1013,\"msg\":\"Filter failure: LOT_SIZE\"}","msg":"error en venda òrfena a mercat"}
{"level":30,"time":1774478950186,"pid":20860,"hostname":"DESKTOP-KPAMGTB","module":"auto-trader","symbol":"XLMUSDT","msg":"aplicant correcció OCO a posició òrfena…"}
{"level":40,"time":1774478950188,"pid":20860,"hostname":"DESKTOP-KPAMGTB","module":"auto-trader","symbol":"XLMUSDT","uncoveredUsd":16.077062400000003,"msg":"no s'ha trobat cap bot actiu — venent posició òrfena a mercat"}
{"level":50,"time":1774478950452,"pid":20860,"hostname":"DESKTOP-KPAMGTB","module":"auto-trader","symbol":"XLMUSDT","err":"Binance /order 400: {\"code\":-1013,\"msg\":\"Filter failure: LOT_SIZE\"}","msg":"error en venda òrfena a mercat"}
{"level":30,"time":1774478951486,"pid":20860,"hostname":"DESKTOP-KPAMGTB","module":"auto-trader","symbol":"DOTUSDT","msg":"aplicant correcció OCO a posició òrfena…"}
{"level":40,"time":1774478951489,"pid":20860,"hostname":"DESKTOP-KPAMGTB","module":"auto-trader","symbol":"DOTUSDT","uncoveredUsd":25.644125319999993,"msg":"no s'ha trobat cap bot actiu — venent posició òrfena a mercat"}
{"level":50,"time":1774478951723,"pid":20860,"hostname":"DESKTOP-KPAMGTB","module":"auto-trader","symbol":"DOTUSDT","err":"Binance /order 400: {\"code\":-1013,\"msg\":\"Filter failure: LOT_SIZE\"}","msg":"error en venda òrfena a mercat"}
{"level":30,"time":1774478952480,"pid":20860,"hostname":"DESKTOP-KPAMGTB","module":"auto-trader","symbol":"NEARUSDT","msg":"aplicant correcció OCO a posició òrfena…"}
{"level":40,"time":1774478952481,"pid":20860,"hostname":"DESKTOP-KPAMGTB","module":"auto-trader","symbol":"NEARUSDT","uncoveredUsd":10.249502099999997,"msg":"no s'ha trobat cap bot actiu — venent posició òrfena a mercat"}
{"level":50,"time":1774478952738,"pid":20860,"hostname":"DESKTOP-KPAMGTB","module":"auto-trader","symbol":"NEARUSDT","err":"Binance /order 400: {\"code\":-1013,\"msg\":\"Filter failure: LOT_SIZE\"}","msg":"error en venda òrfena a mercat"}
{"level":30,"time":1774478953228,"pid":20860,"hostname":"DESKTOP-KPAMGTB","module":"auto-trader","symbol":"SHIBUSDT","msg":"aplicant correcció OCO a posició òrfena…"}
{"level":40,"time":1774478953230,"pid":20860,"hostname":"DESKTOP-KPAMGTB","module":"auto-trader","symbol":"SHIBUSDT","uncoveredUsd":15.6388304072,"msg":"no s'ha trobat cap bot actiu — venent posició òrfena a mercat"}
{"level":50,"time":1774478953482,"pid":20860,"hostname":"DESKTOP-KPAMGTB","module":"auto-trader","symbol":"SHIBUSDT","err":"Binance /order 400: {\"code\":-1111,\"msg\":\"Parameter 'quantity' has too much precision.\"}","msg":"error en venda òrfena a mercat"}
{"level":40,"time":1774479006751,"pid":20860,"hostname":"DESKTOP-KPAMGTB","module":"auto-trader","symbol":"LTCUSDT","uncoveredUsd":103.2268293,"uncovered":1.820579,"msg":"posició parcialment sense SL — esperant 5 min per corregir"}
{"level":40,"time":1774479007210,"pid":20860,"hostname":"DESKTOP-KPAMGTB","module":"auto-trader","symbol":"BNBUSDT","uncoveredUsd":35.1433982524,"uncovered":0.05414924,"msg":"posició parcialment sense SL — esperant 5 min per corregir"}
{"level":40,"time":1774479008804,"pid":20860,"hostname":"DESKTOP-KPAMGTB","module":"auto-trader","symbol":"XLMUSDT","uncoveredUsd":16.06801,"uncovered":90.524,"msg":"posició parcialment sense SL — esperant 5 min per corregir"}
{"level":40,"time":1774479009713,"pid":20860,"hostname":"DESKTOP-KPAMGTB","module":"auto-trader","symbol":"DOTUSDT","uncoveredUsd":25.606441079999993,"uncovered":18.842119999999994,"msg":"posició parcialment sense SL — esperant 5 min per corregir"}
{"level":40,"time":1774479010386,"pid":20860,"hostname":"DESKTOP-KPAMGTB","module":"auto-trader","symbol":"NEARUSDT","uncoveredUsd":10.249502099999997,"uncovered":7.988699999999998,"msg":"posició parcialment sense SL — esperant 5 min per corregir"}
{"level":40,"time":1774479010856,"pid":20860,"hostname":"DESKTOP-KPAMGTB","module":"auto-trader","symbol":"SHIBUSDT","uncoveredUsd":15.6388304072,"uncovered":2538771.17,"msg":"posició parcialment sense SL — esperant 5 min per corregir"}
{"level":30,"time":1774479325874,"pid":20860,"hostname":"DESKTOP-KPAMGTB","module":"binance","assets":23,"msg":"balance"}
{"level":30,"time":1774479358228,"pid":20860,"hostname":"DESKTOP-KPAMGTB","module":"binance","assets":23,"msg":"balance"}
{"level":40,"time":1774479366534,"pid":20860,"hostname":"DESKTOP-KPAMGTB","module":"auto-trader","symbol":"BTCUSDT","uncoveredUsd":98.55913770719998,"uncovered":0.00138172,"msg":"posició parcialment sense SL — esperant 5 min per corregir"}
{"level":30,"time":1774479366787,"pid":20860,"hostname":"DESKTOP-KPAMGTB","module":"auto-trader","symbol":"LTCUSDT","msg":"aplicant correcció OCO a posició òrfena…"}
{"level":40,"time":1774479366791,"pid":20860,"hostname":"DESKTOP-KPAMGTB","module":"auto-trader","symbol":"LTCUSDT","uncoveredUsd":103.11759456,"msg":"no s'ha trobat cap bot actiu — venent posició òrfena a mercat"}
{"level":50,"time":1774479367020,"pid":20860,"hostname":"DESKTOP-KPAMGTB","module":"auto-trader","symbol":"LTCUSDT","err":"Binance /order 400: {\"code\":-1013,\"msg\":\"Filter failure: LOT_SIZE\"}","msg":"error en venda òrfena a mercat"}
{"level":40,"time":1774479367270,"pid":20860,"hostname":"DESKTOP-KPAMGTB","module":"auto-trader","symbol":"ETHUSDT","uncoveredUsd":37.121205464,"uncovered":0.0170812,"msg":"posició parcialment sense SL — esperant 5 min per corregir"}
{"level":30,"time":1774479367498,"pid":20860,"hostname":"DESKTOP-KPAMGTB","module":"auto-trader","symbol":"BNBUSDT","msg":"aplicant correcció OCO a posició òrfena…"}
{"level":40,"time":1774479367499,"pid":20860,"hostname":"DESKTOP-KPAMGTB","module":"auto-trader","symbol":"BNBUSDT","uncoveredUsd":35.1255290032,"msg":"no s'ha trobat cap bot actiu — venent posició òrfena a mercat"}
{"level":50,"time":1774479367747,"pid":20860,"hostname":"DESKTOP-KPAMGTB","module":"auto-trader","symbol":"BNBUSDT","err":"Binance /order 400: {\"code\":-1013,\"msg\":\"Filter failure: LOT_SIZE\"}","msg":"error en venda òrfena a mercat"}
{"level":40,"time":1774479367973,"pid":20860,"hostname":"DESKTOP-KPAMGTB","module":"auto-trader","symbol":"TRXUSDT","uncoveredUsd":117.08208245,"uncovered":370.1615,"msg":"posició parcialment sense SL — esperant 5 min per corregir"}
{"level":40,"time":1774479368243,"pid":20860,"hostname":"DESKTOP-KPAMGTB","module":"auto-trader","symbol":"LINKUSDT","uncoveredUsd":25.213639299999997,"uncovered":2.69089,"msg":"posició parcialment sense SL — esperant 5 min per corregir"}
{"level":40,"time":1774479368472,"pid":20860,"hostname":"DESKTOP-KPAMGTB","module":"auto-trader","symbol":"ETCUSDT","uncoveredUsd":25.8093,"uncovered":2.97,"msg":"posició parcialment sense SL — esperant 5 min per corregir"}
{"level":40,"time":1774479368951,"pid":20860,"hostname":"DESKTOP-KPAMGTB","module":"auto-trader","symbol":"XRPUSDT","uncoveredUsd":140.4940554,"uncovered":99.093,"msg":"posició parcialment sense SL — esperant 5 min per corregir"}
{"level":40,"time":1774479369187,"pid":20860,"hostname":"DESKTOP-KPAMGTB","module":"auto-trader","symbol":"ADAUSDT","uncoveredUsd":28.980664680000004,"uncovered":107.0978,"msg":"posició parcialment sense SL — esperant 5 min per corregir"}
{"level":30,"time":1774479369456,"pid":20860,"hostname":"DESKTOP-KPAMGTB","module":"auto-trader","symbol":"XLMUSDT","msg":"aplicant correcció OCO a posició òrfena…"}
{"level":40,"time":1774479369458,"pid":20860,"hostname":"DESKTOP-KPAMGTB","module":"auto-trader","symbol":"XLMUSDT","uncoveredUsd":16.06801,"msg":"no s'ha trobat cap bot actiu — venent posició òrfena a mercat"}
{"level":50,"time":1774479369687,"pid":20860,"hostname":"DESKTOP-KPAMGTB","module":"auto-trader","symbol":"XLMUSDT","err":"Binance /order 400: {\"code\":-1013,\"msg\":\"Filter failure: LOT_SIZE\"}","msg":"error en venda òrfena a mercat"}
{"level":40,"time":1774479370161,"pid":20860,"hostname":"DESKTOP-KPAMGTB","module":"auto-trader","symbol":"DOGEUSDT","uncoveredUsd":778.3966005599999,"uncovered":8073.816,"msg":"posició parcialment sense SL — esperant 5 min per corregir"}
{"level":40,"time":1774479370390,"pid":20860,"hostname":"DESKTOP-KPAMGTB","module":"auto-trader","symbol":"SOLUSDT","uncoveredUsd":800.46896412,"uncovered":8.722556,"msg":"posició parcialment sense SL — esperant 5 min per corregir"}
{"level":30,"time":1774479370621,"pid":20860,"hostname":"DESKTOP-KPAMGTB","module":"auto-trader","symbol":"DOTUSDT","msg":"aplicant correcció OCO a posició òrfena…"}
{"level":40,"time":1774479370623,"pid":20860,"hostname":"DESKTOP-KPAMGTB","module":"auto-trader","symbol":"DOTUSDT","uncoveredUsd":109.78359896,"msg":"no s'ha trobat cap bot actiu — venent posició òrfena a mercat"}
{"level":40,"time":1774479370702,"pid":20860,"hostname":"DESKTOP-KPAMGTB","module":"trailing-engine","symbol":"SOLUSDT","slOrderId":1280049245,"status":"CANCELED","msg":"SL cancel·lat/expirat externament"}
{"level":50,"time":1774479370890,"pid":20860,"hostname":"DESKTOP-KPAMGTB","module":"auto-trader","symbol":"DOTUSDT","err":"Binance /order 400: {\"code\":-1013,\"msg\":\"Filter failure: LOT_SIZE\"}","msg":"error en venda òrfena a mercat"}
{"level":40,"time":1774479371121,"pid":20860,"hostname":"DESKTOP-KPAMGTB","module":"auto-trader","symbol":"UNIUSDT","uncoveredUsd":22.19975734,"uncovered":5.96447,"msg":"posició parcialment sense SL — esperant 5 min per corregir"}
{"level":40,"time":1774479371376,"pid":20860,"hostname":"DESKTOP-KPAMGTB","module":"auto-trader","symbol":"AVAXUSDT","uncoveredUsd":64.10057279999998,"uncovered":6.621959999999999,"msg":"posició parcialment sense SL — esperant 5 min per corregir"}
{"level":30,"time":1774479371608,"pid":20860,"hostname":"DESKTOP-KPAMGTB","module":"auto-trader","symbol":"NEARUSDT","msg":"aplicant correcció OCO a posició òrfena…"}
{"level":40,"time":1774479371611,"pid":20860,"hostname":"DESKTOP-KPAMGTB","module":"auto-trader","symbol":"NEARUSDT","uncoveredUsd":10.241513399999997,"msg":"no s'ha trobat cap bot actiu — venent posició òrfena a mercat"}
{"level":50,"time":1774479371859,"pid":20860,"hostname":"DESKTOP-KPAMGTB","module":"auto-trader","symbol":"NEARUSDT","err":"Binance /order 400: {\"code\":-1013,\"msg\":\"Filter failure: LOT_SIZE\"}","msg":"error en venda òrfena a mercat"}
{"level":30,"time":1774479372326,"pid":20860,"hostname":"DESKTOP-KPAMGTB","module":"auto-trader","symbol":"SHIBUSDT","msg":"aplicant correcció OCO a posició òrfena…"}
{"level":40,"time":1774479372327,"pid":20860,"hostname":"DESKTOP-KPAMGTB","module":"auto-trader","symbol":"SHIBUSDT","uncoveredUsd":15.6134426955,"msg":"no s'ha trobat cap bot actiu — venent posició òrfena a mercat"}
{"level":50,"time":1774479372556,"pid":20860,"hostname":"DESKTOP-KPAMGTB","module":"auto-trader","symbol":"SHIBUSDT","err":"Binance /order 400: {\"code\":-1111,\"msg\":\"Parameter 'quantity' has too much precision.\"}","msg":"error en venda òrfena a mercat"}
{"level":30,"time":1774479388711,"pid":20860,"hostname":"DESKTOP-KPAMGTB","module":"binance","assets":22,"msg":"balance"}
{"level":30,"time":1774479418714,"pid":20860,"hostname":"DESKTOP-KPAMGTB","module":"binance","assets":22,"msg":"balance"}
{"level":40,"time":1774479427085,"pid":20860,"hostname":"DESKTOP-KPAMGTB","module":"auto-trader","symbol":"LTCUSDT","uncoveredUsd":103.13580035,"uncovered":1.820579,"msg":"posició parcialment sense SL — esperant 5 min per corregir"}
{"level":40,"time":1774479427573,"pid":20860,"hostname":"DESKTOP-KPAMGTB","module":"auto-trader","symbol":"BNBUSDT","uncoveredUsd":35.106204825999995,"uncovered":0.05411945,"msg":"posició parcialment sense SL — esperant 5 min per corregir"}
{"level":40,"time":1774479428994,"pid":20860,"hostname":"DESKTOP-KPAMGTB","module":"auto-trader","symbol":"XLMUSDT","uncoveredUsd":16.077062400000003,"uncovered":90.524,"msg":"posició parcialment sense SL — esperant 5 min per corregir"}
{"level":40,"time":1774479429975,"pid":20860,"hostname":"DESKTOP-KPAMGTB","module":"auto-trader","symbol":"DOTUSDT","uncoveredUsd":109.70275683999999,"uncovered":80.84212,"msg":"posició parcialment sense SL — esperant 5 min per corregir"}
{"level":40,"time":1774479430679,"pid":20860,"hostname":"DESKTOP-KPAMGTB","module":"auto-trader","symbol":"NEARUSDT","uncoveredUsd":33.5739134,"uncovered":26.1887,"msg":"posició parcialment sense SL — esperant 5 min per corregir"}
{"level":40,"time":1774479431162,"pid":20860,"hostname":"DESKTOP-KPAMGTB","module":"auto-trader","symbol":"SHIBUSDT","uncoveredUsd":29.8057484955,"uncovered":4846463.17,"msg":"posició parcialment sense SL — esperant 5 min per corregir"}
{"level":30,"time":1774479448220,"pid":20860,"hostname":"DESKTOP-KPAMGTB","module":"binance","assets":22,"msg":"balance"}
{"level":30,"time":1774479459862,"pid":20860,"hostname":"DESKTOP-KPAMGTB","module":"binance","assets":22,"msg":"balance"}
{"level":30,"time":1774479520040,"pid":20860,"hostname":"DESKTOP-KPAMGTB","module":"binance","assets":22,"msg":"balance"}
{"level":30,"time":1774479574389,"pid":20860,"hostname":"DESKTOP-KPAMGTB","module":"binance","assets":22,"msg":"balance"}
{"level":30,"time":1774479601343,"pid":20860,"hostname":"DESKTOP-KPAMGTB","module":"telegram","msg":"informe horari enviat"}
{"level":30,"time":1774479610673,"pid":20860,"hostname":"DESKTOP-KPAMGTB","module":"binance","assets":22,"msg":"balance"}
{"level":30,"time":1774479612308,"pid":20860,"hostname":"DESKTOP-KPAMGTB","module":"orders","symbol":"BTCUSDT","side":"SELL","fillPrice":71402.77,"quantity":"0.00025000","commissionInBase":0,"tpPrice":"73710.76000000","slStopPrice":"68885.92000000","buyOrderId":23538486569,"ocoOrderListId":2189459,"msg":"compra de mercat + OCO"}
{"level":30,"time":1774479667103,"pid":20860,"hostname":"DESKTOP-KPAMGTB","module":"binance","assets":22,"msg":"balance"}
{"level":30,"time":1774479689375,"pid":20860,"hostname":"DESKTOP-KPAMGTB","module":"binance","symbol":"BTCUSDT","interval":"5m","verdict":"WAIT","score":59,"price":71389.18,"msg":"scanner"}
{"level":30,"time":1774479689612,"pid":20860,"hostname":"DESKTOP-KPAMGTB","module":"binance","symbol":"BTCUSDT","interval":"1h","verdict":"BUY","score":66,"price":71389.18,"msg":"scanner"}
{"level":30,"time":1774479689631,"pid":20860,"hostname":"DESKTOP-KPAMGTB","module":"binance","symbol":"ETHUSDT","interval":"5m","verdict":"WAIT","score":56,"price":2174.2,"msg":"scanner"}
{"level":30,"time":1774479689699,"pid":20860,"hostname":"DESKTOP-KPAMGTB","module":"binance","symbol":"BTCUSDT","interval":"4h","verdict":"WAIT","score":63,"price":71389.18,"msg":"scanner"}
{"level":30,"time":1774479689970,"pid":20860,"hostname":"DESKTOP-KPAMGTB","module":"binance","symbol":"ETHUSDT","interval":"1h","verdict":"WAIT","score":56,"price":2174.2,"msg":"scanner"}
{"level":30,"time":1774479690317,"pid":20860,"hostname":"DESKTOP-KPAMGTB","module":"binance","symbol":"ETHUSDT","interval":"4h","verdict":"WAIT","score":56,"price":2174.19,"msg":"scanner"}
{"level":30,"time":1774479690360,"pid":20860,"hostname":"DESKTOP-KPAMGTB","module":"binance","symbol":"BNBUSDT","interval":"5m","verdict":"WAIT","score":56,"price":648.75,"msg":"scanner"}
{"level":30,"time":1774479690420,"pid":20860,"hostname":"DESKTOP-KPAMGTB","module":"binance","symbol":"BNBUSDT","interval":"1h","verdict":"BUY","score":69,"price":648.75,"msg":"scanner"}
{"level":30,"time":1774479690490,"pid":20860,"hostname":"DESKTOP-KPAMGTB","module":"binance","symbol":"BNBUSDT","interval":"4h","verdict":"WAIT","score":63,"price":648.75,"msg":"scanner"}
{"level":30,"time":1774479690644,"pid":20860,"hostname":"DESKTOP-KPAMGTB","module":"binance","symbol":"SOLUSDT","interval":"5m","verdict":"WAIT","score":50,"price":91.74,"msg":"scanner"}
{"level":30,"time":1774479690715,"pid":20860,"hostname":"DESKTOP-KPAMGTB","module":"binance","symbol":"SOLUSDT","interval":"1h","verdict":"WAIT","score":59,"price":91.74,"msg":"scanner"}
{"level":30,"time":1774479690800,"pid":20860,"hostname":"DESKTOP-KPAMGTB","module":"binance","symbol":"SOLUSDT","interval":"4h","verdict":"WAIT","score":56,"price":91.74,"msg":"scanner"}
{"level":30,"time":1774479690833,"pid":20860,"hostname":"DESKTOP-KPAMGTB","module":"binance","symbol":"XRPUSDT","interval":"5m","verdict":"WAIT","score":56,"price":1.4178,"msg":"scanner"}
{"level":30,"time":1774479691024,"pid":20860,"hostname":"DESKTOP-KPAMGTB","module":"binance","symbol":"XRPUSDT","interval":"1h","verdict":"WAIT","score":59,"price":1.4178,"msg":"scanner"}
{"level":30,"time":1774479691032,"pid":20860,"hostname":"DESKTOP-KPAMGTB","module":"binance","symbol":"XRPUSDT","interval":"4h","verdict":"WAIT","score":56,"price":1.4178,"msg":"scanner"}
{"level":30,"time":1774479691149,"pid":20860,"hostname":"DESKTOP-KPAMGTB","module":"binance","symbol":"DOGEUSDT","interval":"5m","verdict":"WAIT","score":53,"price":0.09633,"msg":"scanner"}
{"level":30,"time":1774479691252,"pid":20860,"hostname":"DESKTOP-KPAMGTB","module":"binance","symbol":"DOGEUSDT","interval":"1h","verdict":"WAIT","score":59,"price":0.09633,"msg":"scanner"}
{"level":30,"time":1774479691361,"pid":20860,"hostname":"DESKTOP-KPAMGTB","module":"binance","symbol":"DOGEUSDT","interval":"4h","verdict":"WAIT","score":56,"price":0.09633,"msg":"scanner"}
{"level":30,"time":1774479691443,"pid":20860,"hostname":"DESKTOP-KPAMGTB","module":"binance","symbol":"ADAUSDT","interval":"5m","verdict":"WAIT","score":56,"price":0.2705,"msg":"scanner"}
{"level":30,"time":1774479691500,"pid":20860,"hostname":"DESKTOP-KPAMGTB","module":"binance","symbol":"ADAUSDT","interval":"1h","verdict":"WAIT","score":59,"price":0.2705,"msg":"scanner"}
{"level":30,"time":1774479691583,"pid":20860,"hostname":"DESKTOP-KPAMGTB","module":"binance","symbol":"ADAUSDT","interval":"4h","verdict":"WAIT","score":59,"price":0.2705,"msg":"scanner"}
{"level":30,"time":1774479691661,"pid":20860,"hostname":"DESKTOP-KPAMGTB","module":"binance","symbol":"AVAXUSDT","interval":"5m","verdict":"WAIT","score":59,"price":9.69,"msg":"scanner"}
{"level":30,"time":1774479691744,"pid":20860,"hostname":"DESKTOP-KPAMGTB","module":"binance","symbol":"AVAXUSDT","interval":"1h","verdict":"BUY","score":66,"price":9.69,"msg":"scanner"}
{"level":30,"time":1774479691894,"pid":20860,"hostname":"DESKTOP-KPAMGTB","module":"binance","symbol":"TRXUSDT","interval":"5m","verdict":"WAIT","score":53,"price":0.3163,"msg":"scanner"}
{"level":30,"time":1774479691957,"pid":20860,"hostname":"DESKTOP-KPAMGTB","module":"binance","symbol":"TRXUSDT","interval":"1h","verdict":"WAIT","score":50,"price":0.3163,"msg":"scanner"}
{"level":30,"time":1774479692046,"pid":20860,"hostname":"DESKTOP-KPAMGTB","module":"binance","symbol":"TRXUSDT","interval":"4h","verdict":"WAIT","score":63,"price":0.3163,"msg":"scanner"}
{"level":30,"time":1774479692076,"pid":20860,"hostname":"DESKTOP-KPAMGTB","module":"binance","symbol":"AVAXUSDT","interval":"4h","verdict":"WAIT","score":59,"price":9.69,"msg":"scanner"}
{"level":30,"time":1774479692193,"pid":20860,"hostname":"DESKTOP-KPAMGTB","module":"binance","symbol":"DOTUSDT","interval":"5m","verdict":"WAIT","score":50,"price":1.36,"msg":"scanner"}
{"level":30,"time":1774479692268,"pid":20860,"hostname":"DESKTOP-KPAMGTB","module":"binance","symbol":"DOTUSDT","interval":"1h","verdict":"WAIT","score":44,"price":1.36,"msg":"scanner"}
{"level":30,"time":1774479692373,"pid":20860,"hostname":"DESKTOP-KPAMGTB","module":"binance","symbol":"DOTUSDT","interval":"4h","verdict":"WAIT","score":38,"price":1.36,"msg":"scanner"}
{"level":30,"time":1774479692425,"pid":20860,"hostname":"DESKTOP-KPAMGTB","module":"binance","symbol":"LINKUSDT","interval":"5m","verdict":"WAIT","score":56,"price":9.39,"msg":"scanner"}
{"level":30,"time":1774479692514,"pid":20860,"hostname":"DESKTOP-KPAMGTB","module":"binance","symbol":"LINKUSDT","interval":"1h","verdict":"BUY","score":66,"price":9.39,"msg":"scanner"}
{"level":30,"time":1774479692570,"pid":20860,"hostname":"DESKTOP-KPAMGTB","module":"binance","symbol":"LINKUSDT","interval":"4h","verdict":"WAIT","score":53,"price":9.39,"msg":"scanner"}
{"level":30,"time":1774479692700,"pid":20860,"hostname":"DESKTOP-KPAMGTB","module":"binance","symbol":"MATICUSDT","interval":"5m","verdict":"WAIT","score":59,"price":0.3794,"msg":"scanner"}
{"level":30,"time":1774479692810,"pid":20860,"hostname":"DESKTOP-KPAMGTB","module":"binance","symbol":"MATICUSDT","interval":"4h","verdict":"WAIT","score":41,"price":0.3794,"msg":"scanner"}
{"level":30,"time":1774479692874,"pid":20860,"hostname":"DESKTOP-KPAMGTB","module":"binance","symbol":"LTCUSDT","interval":"5m","verdict":"WAIT","score":56,"price":56.65,"msg":"scanner"}
{"level":30,"time":1774479693018,"pid":20860,"hostname":"DESKTOP-KPAMGTB","module":"binance","symbol":"LTCUSDT","interval":"1h","verdict":"WAIT","score":56,"price":56.65,"msg":"scanner"}
{"level":30,"time":1774479693112,"pid":20860,"hostname":"DESKTOP-KPAMGTB","module":"binance","symbol":"LTCUSDT","interval":"4h","verdict":"WAIT","score":56,"price":56.67,"msg":"scanner"}
{"level":30,"time":1774479693180,"pid":20860,"hostname":"DESKTOP-KPAMGTB","module":"binance","symbol":"MATICUSDT","interval":"1h","verdict":"WAIT","score":47,"price":0.3794,"msg":"scanner"}
{"level":30,"time":1774479693193,"pid":20860,"hostname":"DESKTOP-KPAMGTB","module":"binance","symbol":"SHIBUSDT","interval":"5m","verdict":"WAIT","score":50,"price":0.00000615,"msg":"scanner"}
{"level":30,"time":1774479693343,"pid":20860,"hostname":"DESKTOP-KPAMGTB","module":"binance","symbol":"SHIBUSDT","interval":"1h","verdict":"WAIT","score":53,"price":0.00000615,"msg":"scanner"}
{"level":30,"time":1774479693436,"pid":20860,"hostname":"DESKTOP-KPAMGTB","module":"binance","symbol":"SHIBUSDT","interval":"4h","verdict":"WAIT","score":59,"price":0.00000615,"msg":"scanner"}
{"level":30,"time":1774479693553,"pid":20860,"hostname":"DESKTOP-KPAMGTB","module":"binance","symbol":"UNIUSDT","interval":"5m","verdict":"WAIT","score":63,"price":3.726,"msg":"scanner"}
{"level":30,"time":1774479693586,"pid":20860,"hostname":"DESKTOP-KPAMGTB","module":"binance","symbol":"UNIUSDT","interval":"1h","verdict":"BUY","score":69,"price":3.726,"msg":"scanner"}
{"level":30,"time":1774479693684,"pid":20860,"hostname":"DESKTOP-KPAMGTB","module":"binance","symbol":"UNIUSDT","interval":"4h","verdict":"WAIT","score":59,"price":3.726,"msg":"scanner"}
{"level":30,"time":1774479693777,"pid":20860,"hostname":"DESKTOP-KPAMGTB","module":"binance","symbol":"ATOMUSDT","interval":"5m","verdict":"WAIT","score":50,"price":1.771,"msg":"scanner"}
{"level":30,"time":1774479693876,"pid":20860,"hostname":"DESKTOP-KPAMGTB","module":"binance","symbol":"ATOMUSDT","interval":"1h","verdict":"WAIT","score":44,"price":1.771,"msg":"scanner"}
{"level":30,"time":1774479693935,"pid":20860,"hostname":"DESKTOP-KPAMGTB","module":"binance","symbol":"ATOMUSDT","interval":"4h","verdict":"WAIT","score":38,"price":1.771,"msg":"scanner"}
{"level":30,"time":1774479693999,"pid":20860,"hostname":"DESKTOP-KPAMGTB","module":"binance","symbol":"ETCUSDT","interval":"5m","verdict":"WAIT","score":59,"price":8.68,"msg":"scanner"}
{"level":30,"time":1774479694100,"pid":20860,"hostname":"DESKTOP-KPAMGTB","module":"binance","symbol":"ETCUSDT","interval":"1h","verdict":"WAIT","score":63,"price":8.68,"msg":"scanner"}
{"level":30,"time":1774479694175,"pid":20860,"hostname":"DESKTOP-KPAMGTB","module":"binance","symbol":"ETCUSDT","interval":"4h","verdict":"WAIT","score":56,"price":8.68,"msg":"scanner"}
{"level":30,"time":1774479694244,"pid":20860,"hostname":"DESKTOP-KPAMGTB","module":"binance","symbol":"XLMUSDT","interval":"5m","verdict":"BUY","score":69,"price":0.1779,"msg":"scanner"}
{"level":30,"time":1774479694311,"pid":20860,"hostname":"DESKTOP-KPAMGTB","module":"binance","symbol":"XLMUSDT","interval":"1h","verdict":"BUY","score":66,"price":0.1779,"msg":"scanner"}
{"level":30,"time":1774479694405,"pid":20860,"hostname":"DESKTOP-KPAMGTB","module":"binance","symbol":"XLMUSDT","interval":"4h","verdict":"WAIT","score":53,"price":0.1779,"msg":"scanner"}
{"level":30,"time":1774479694500,"pid":20860,"hostname":"DESKTOP-KPAMGTB","module":"binance","symbol":"APTUSDT","interval":"5m","verdict":"WAIT","score":41,"price":1.063,"msg":"scanner"}
{"level":30,"time":1774479694587,"pid":20860,"hostname":"DESKTOP-KPAMGTB","module":"binance","symbol":"APTUSDT","interval":"1h","verdict":"WAIT","score":44,"price":1.063,"msg":"scanner"}
{"level":30,"time":1774479694770,"pid":20860,"hostname":"DESKTOP-KPAMGTB","module":"binance","symbol":"APTUSDT","interval":"4h","verdict":"WAIT","score":59,"price":1.063,"msg":"scanner"}
{"level":30,"time":1774479694786,"pid":20860,"hostname":"DESKTOP-KPAMGTB","module":"binance","symbol":"NEARUSDT","interval":"5m","verdict":"WAIT","score":56,"price":1.284,"msg":"scanner"}
{"level":30,"time":1774479695113,"pid":20860,"hostname":"DESKTOP-KPAMGTB","module":"binance","symbol":"NEARUSDT","interval":"1h","verdict":"WAIT","score":44,"price":1.285,"msg":"scanner"}
{"level":30,"time":1774479695245,"pid":20860,"hostname":"DESKTOP-KPAMGTB","module":"binance","symbol":"NEARUSDT","interval":"4h","verdict":"WAIT","score":38,"price":1.285,"msg":"scanner"}
{"level":30,"time":1774479696489,"pid":20860,"hostname":"DESKTOP-KPAMGTB","module":"binance","assets":22,"msg":"balance"}
{"level":30,"time":1774479779368,"pid":20860,"hostname":"DESKTOP-KPAMGTB","module":"binance","assets":22,"msg":"balance"}
{"level":30,"time":1774479787037,"pid":20860,"hostname":"DESKTOP-KPAMGTB","module":"auto-trader","symbol":"BNBUSDT","msg":"aplicant correcció OCO a posició òrfena…"}
{"level":40,"time":1774479787038,"pid":20860,"hostname":"DESKTOP-KPAMGTB","module":"auto-trader","symbol":"BNBUSDT","uncoveredUsd":33.2664163601,"msg":"no s'ha trobat cap bot actiu — venent posició òrfena a mercat"}
{"level":50,"time":1774479787305,"pid":20860,"hostname":"DESKTOP-KPAMGTB","module":"auto-trader","symbol":"BNBUSDT","err":"Binance /order 400: {\"code\":-1013,\"msg\":\"Filter failure: LOT_SIZE\"}","msg":"error en venda òrfena a mercat"}
{"level":40,"time":1774479847575,"pid":20860,"hostname":"DESKTOP-KPAMGTB","module":"auto-trader","symbol":"BNBUSDT","uncoveredUsd":33.2551390875,"uncovered":0.05126033,"msg":"posició parcialment sense SL — esperant 5 min per corregir"}
{"level":30,"time":1774480194956,"pid":37560,"hostname":"DESKTOP-KPAMGTB","module":"order-monitor","msg":"monitor iniciat"}
{"level":30,"time":1774480194970,"pid":37560,"hostname":"DESKTOP-KPAMGTB","module":"telegram","nextHourIn":50,"nextDailyIn":440,"msg":"scheduler iniciat"}
{"level":30,"time":1774480194977,"pid":37560,"hostname":"DESKTOP-KPAMGTB","module":"orders","symbol":"BTCUSDT","thresholds":[{"windowMin":5,"pct":5},{"windowMin":15,"pct":8},{"windowMin":60,"pct":12}],"pollMs":60000,"msg":"Crash monitor iniciat"}
{"level":30,"time":1774480194984,"pid":37560,"hostname":"DESKTOP-KPAMGTB","module":"auto-trader","msg":"auto-trader multi-bot iniciat (poll 60s)"}
{"level":30,"time":1774480196484,"pid":37560,"hostname":"DESKTOP-KPAMGTB","module":"binance","assets":22,"msg":"balance"}
{"level":30,"time":1774480196536,"pid":37560,"hostname":"DESKTOP-KPAMGTB","module":"order-monitor","count":2,"msg":"inicialitzat"}
{"level":30,"time":1774480201208,"pid":37560,"hostname":"DESKTOP-KPAMGTB","module":"auto-trader","symbol":"BNBUSDT","msg":"aplicant correcció OCO a posició òrfena…"}
{"level":40,"time":1774480201211,"pid":37560,"hostname":"DESKTOP-KPAMGTB","module":"auto-trader","symbol":"BNBUSDT","uncoveredUsd":33.2612903271,"msg":"no s'ha trobat cap bot actiu — venent posició òrfena a mercat"}
{"level":50,"time":1774480201467,"pid":37560,"hostname":"DESKTOP-KPAMGTB","module":"auto-trader","symbol":"BNBUSDT","err":"Binance /order 400: {\"code\":-1013,\"msg\":\"Filter failure: LOT_SIZE\"}","msg":"error en venda òrfena a mercat"}
{"level":30,"time":1774480212705,"pid":37560,"hostname":"DESKTOP-KPAMGTB","module":"binance","assets":22,"msg":"balance"}
{"level":30,"time":1774480214951,"pid":37560,"hostname":"DESKTOP-KPAMGTB","module":"orders","symbol":"ETCUSDT","side":"SELL","fillPrice":8.69,"quantity":"2","commissionInBase":0,"tpPrice":"9.08","slStopPrice":"8.45","buyOrderId":104295610,"ocoOrderListId":2189540,"msg":"compra de mercat + OCO"}
{"level":30,"time":1774480214961,"pid":37560,"hostname":"DESKTOP-KPAMGTB","module":"trailing-engine","msg":"motor iniciat"}
{"level":30,"time":1774480250128,"pid":37560,"hostname":"DESKTOP-KPAMGTB","module":"binance","assets":23,"msg":"balance"}
{"level":40,"time":1774480256626,"pid":37560,"hostname":"DESKTOP-KPAMGTB","module":"auto-trader","symbol":"BNBUSDT","uncoveredUsd":33.244803633400004,"uncovered":0.05123887,"msg":"posició parcialment sense SL — esperant 5 min per corregir"}
{"level":30,"time":1774480318170,"pid":37560,"hostname":"DESKTOP-KPAMGTB","module":"binance","assets":23,"msg":"balance"}
{"level":30,"time":1774480474193,"pid":37560,"hostname":"DESKTOP-KPAMGTB","module":"binance","assets":23,"msg":"balance"}
{"level":30,"time":1774480474204,"pid":37560,"hostname":"DESKTOP-KPAMGTB","module":"binance","assets":23,"msg":"balance"}
{"level":30,"time":1774480616746,"pid":37560,"hostname":"DESKTOP-KPAMGTB","module":"auto-trader","symbol":"BNBUSDT","msg":"aplicant correcció OCO a posició òrfena…"}
{"level":40,"time":1774480616749,"pid":37560,"hostname":"DESKTOP-KPAMGTB","module":"auto-trader","symbol":"BNBUSDT","uncoveredUsd":33.2068868696,"msg":"no s'ha trobat cap bot actiu — venent posició òrfena a mercat"}
{"level":50,"time":1774480617014,"pid":37560,"hostname":"DESKTOP-KPAMGTB","module":"auto-trader","symbol":"BNBUSDT","err":"Binance /order 400: {\"code\":-1013,\"msg\":\"Filter failure: LOT_SIZE\"}","msg":"error en venda òrfena a mercat"}
{"level":40,"time":1774480676252,"pid":37560,"hostname":"DESKTOP-KPAMGTB","module":"auto-trader","symbol":"BNBUSDT","uncoveredUsd":33.192539986,"uncovered":0.05123887,"msg":"posició parcialment sense SL — esperant 5 min per corregir"}
{"level":30,"time":1774480815252,"pid":37560,"hostname":"DESKTOP-KPAMGTB","module":"binance","assets":23,"msg":"balance"}
{"level":50,"time":1774480816740,"pid":37560,"hostname":"DESKTOP-KPAMGTB","module":"api","source":"orders/buy-and-exit","code":"BAD_PARAMS","err":"Binance /orderList/oco 400: {\"code\":-1013,\"msg\":\"Invalid quantity.\"}","msg":"error de ruta"}
{"level":30,"time":1774480856468,"pid":37560,"hostname":"DESKTOP-KPAMGTB","module":"auto-trader","symbol":"ETHUSDT","msg":"aplicant correcció OCO a posició òrfena…"}
{"level":40,"time":1774480856471,"pid":37560,"hostname":"DESKTOP-KPAMGTB","module":"auto-trader","symbol":"ETHUSDT","uncoveredUsd":28.3894743,"msg":"no s'ha trobat cap bot actiu — venent posició òrfena a mercat"}
{"level":50,"time":1774480856700,"pid":37560,"hostname":"DESKTOP-KPAMGTB","module":"auto-trader","symbol":"ETHUSDT","err":"Binance /order 400: {\"code\":-1013,\"msg\":\"Filter failure: LOT_SIZE\"}","msg":"error en venda òrfena a mercat"}
{"level":40,"time":1774480916855,"pid":37560,"hostname":"DESKTOP-KPAMGTB","module":"auto-trader","symbol":"ETHUSDT","uncoveredUsd":28.4090961,"uncovered":0.0130812,"msg":"posició parcialment sense SL — esperant 5 min per corregir"}
{"level":30,"time":1774481036763,"pid":37560,"hostname":"DESKTOP-KPAMGTB","module":"auto-trader","symbol":"BNBUSDT","msg":"aplicant correcció OCO a posició òrfena…"}
{"level":40,"time":1774481036765,"pid":37560,"hostname":"DESKTOP-KPAMGTB","module":"auto-trader","symbol":"BNBUSDT","uncoveredUsd":33.187755862799996,"msg":"no s'ha trobat cap bot actiu — venent posició òrfena a mercat"}
{"level":50,"time":1774481036988,"pid":37560,"hostname":"DESKTOP-KPAMGTB","module":"auto-trader","symbol":"BNBUSDT","err":"Binance /order 400: {\"code\":-1013,\"msg\":\"Filter failure: LOT_SIZE\"}","msg":"error en venda òrfena a mercat"}
{"level":40,"time":1774481096674,"pid":37560,"hostname":"DESKTOP-KPAMGTB","module":"auto-trader","symbol":"BNBUSDT","uncoveredUsd":33.1882679247,"uncovered":0.05120619,"msg":"posició parcialment sense SL — esperant 5 min per corregir"}
{"level":30,"time":1774481276540,"pid":37560,"hostname":"DESKTOP-KPAMGTB","module":"auto-trader","symbol":"ETHUSDT","msg":"aplicant correcció OCO a posició òrfena…"}
{"level":40,"time":1774481276546,"pid":37560,"hostname":"DESKTOP-KPAMGTB","module":"auto-trader","symbol":"ETHUSDT","uncoveredUsd":28.443368844,"msg":"no s'ha trobat cap bot actiu — venent posició òrfena a mercat"}
{"level":50,"time":1774481276785,"pid":37560,"hostname":"DESKTOP-KPAMGTB","module":"auto-trader","symbol":"ETHUSDT","err":"Binance /order 400: {\"code\":-1013,\"msg\":\"Filter failure: LOT_SIZE\"}","msg":"error en venda òrfena a mercat"}
{"level":40,"time":1774481337161,"pid":37560,"hostname":"DESKTOP-KPAMGTB","module":"auto-trader","symbol":"ETHUSDT","uncoveredUsd":28.433165508000002,"uncovered":0.0130812,"msg":"posició parcialment sense SL — esperant 5 min per corregir"}
{"level":30,"time":1774481347976,"pid":37560,"hostname":"DESKTOP-KPAMGTB","module":"binance","assets":23,"msg":"balance"}
{"level":30,"time":1774481387340,"pid":37560,"hostname":"DESKTOP-KPAMGTB","module":"binance","assets":23,"msg":"balance"}
{"level":30,"time":1774481408979,"pid":37560,"hostname":"DESKTOP-KPAMGTB","module":"binance","assets":23,"msg":"balance"}
{"level":30,"time":1774481417046,"pid":37560,"hostname":"DESKTOP-KPAMGTB","module":"binance","assets":23,"msg":"balance"}
{"level":30,"time":1774481418486,"pid":37560,"hostname":"DESKTOP-KPAMGTB","module":"orders","symbol":"LINKUSDT","side":"SELL","fillPrice":9.389999999999999,"quantity":"3","commissionInBase":0,"tpPrice":"9.77","slStopPrice":"9.12","buyOrderId":182299843,"ocoOrderListId":2189684,"msg":"compra de mercat + OCO"}
{"level":30,"time":1774481456900,"pid":37560,"hostname":"DESKTOP-KPAMGTB","module":"auto-trader","symbol":"BNBUSDT","msg":"aplicant correcció OCO a posició òrfena…"}
{"level":40,"time":1774481456903,"pid":37560,"hostname":"DESKTOP-KPAMGTB","module":"auto-trader","symbol":"BNBUSDT","uncoveredUsd":33.1447521375,"msg":"no s'ha trobat cap bot actiu — venent posició òrfena a mercat"}
{"level":50,"time":1774481457130,"pid":37560,"hostname":"DESKTOP-KPAMGTB","module":"auto-trader","symbol":"BNBUSDT","err":"Binance /order 400: {\"code\":-1013,\"msg\":\"Filter failure: LOT_SIZE\"}","msg":"error en venda òrfena a mercat"}
{"level":30,"time":1774481500731,"pid":37560,"hostname":"DESKTOP-KPAMGTB","module":"binance","assets":23,"msg":"balance"}
{"level":40,"time":1774481516965,"pid":37560,"hostname":"DESKTOP-KPAMGTB","module":"auto-trader","symbol":"BNBUSDT","uncoveredUsd":33.140146922999996,"uncovered":0.05116905,"msg":"posició parcialment sense SL — esperant 5 min per corregir"}
{"level":30,"time":1774481517483,"pid":37560,"hostname":"DESKTOP-KPAMGTB","module":"binance","assets":23,"msg":"balance"}
{"level":30,"time":1774481596837,"pid":37560,"hostname":"DESKTOP-KPAMGTB","module":"binance","assets":23,"msg":"balance"}
{"level":30,"time":1774481696595,"pid":37560,"hostname":"DESKTOP-KPAMGTB","module":"auto-trader","symbol":"ETHUSDT","msg":"aplicant correcció OCO a posició òrfena…"}
{"level":40,"time":1774481696602,"pid":37560,"hostname":"DESKTOP-KPAMGTB","module":"auto-trader","symbol":"ETHUSDT","uncoveredUsd":28.401378191999996,"msg":"no s'ha trobat cap bot actiu — venent posició òrfena a mercat"}
{"level":50,"time":1774481696835,"pid":37560,"hostname":"DESKTOP-KPAMGTB","module":"auto-trader","symbol":"ETHUSDT","err":"Binance /order 400: {\"code\":-1013,\"msg\":\"Filter failure: LOT_SIZE\"}","msg":"error en venda òrfena a mercat"}
{"level":40,"time":1774481757307,"pid":37560,"hostname":"DESKTOP-KPAMGTB","module":"auto-trader","symbol":"ETHUSDT","uncoveredUsd":28.4123664,"uncovered":0.0130812,"msg":"posició parcialment sense SL — esperant 5 min per corregir"}
{"level":30,"time":1774481876817,"pid":37560,"hostname":"DESKTOP-KPAMGTB","module":"auto-trader","symbol":"BNBUSDT","msg":"aplicant correcció OCO a posició òrfena…"}
{"level":40,"time":1774481876819,"pid":37560,"hostname":"DESKTOP-KPAMGTB","module":"auto-trader","symbol":"BNBUSDT","uncoveredUsd":33.134006637,"msg":"no s'ha trobat cap bot actiu — venent posició òrfena a mercat"}
{"level":50,"time":1774481877275,"pid":37560,"hostname":"DESKTOP-KPAMGTB","module":"auto-trader","symbol":"BNBUSDT","err":"Binance /order 400: {\"code\":-1013,\"msg\":\"Filter failure: LOT_SIZE\"}","msg":"error en venda òrfena a mercat"}
{"level":40,"time":1774481936901,"pid":37560,"hostname":"DESKTOP-KPAMGTB","module":"auto-trader","symbol":"BNBUSDT","uncoveredUsd":33.127866351,"uncovered":0.05116905,"msg":"posició parcialment sense SL — esperant 5 min per corregir"}
{"level":30,"time":1774482018789,"pid":37560,"hostname":"DESKTOP-KPAMGTB","module":"binance","assets":23,"msg":"balance"}
{"level":50,"time":1774482020201,"pid":37560,"hostname":"DESKTOP-KPAMGTB","module":"api","source":"orders/buy-and-exit","code":"BAD_PARAMS","err":"Binance /orderList/oco 400: {\"code\":-1013,\"msg\":\"Invalid quantity.\"}","msg":"error de ruta"}
{"level":30,"time":1774482116667,"pid":37560,"hostname":"DESKTOP-KPAMGTB","module":"auto-trader","symbol":"ETHUSDT","msg":"aplicant correcció OCO a posició òrfena…"}
{"level":40,"time":1774482116670,"pid":37560,"hostname":"DESKTOP-KPAMGTB","module":"auto-trader","symbol":"ETHUSDT","uncoveredUsd":28.356509675999998,"msg":"no s'ha trobat cap bot actiu — venent posició òrfena a mercat"}
{"level":50,"time":1774482116931,"pid":37560,"hostname":"DESKTOP-KPAMGTB","module":"auto-trader","symbol":"ETHUSDT","err":"Binance /order 400: {\"code\":-1013,\"msg\":\"Filter failure: LOT_SIZE\"}","msg":"error en venda òrfena a mercat"}
{"level":40,"time":1774482176766,"pid":37560,"hostname":"DESKTOP-KPAMGTB","module":"auto-trader","symbol":"ETHUSDT","uncoveredUsd":28.349969076,"uncovered":0.0130812,"msg":"posició parcialment sense SL — esperant 5 min per corregir"}
{"level":30,"time":1774482297605,"pid":37560,"hostname":"DESKTOP-KPAMGTB","module":"auto-trader","symbol":"BNBUSDT","msg":"aplicant correcció OCO a posició òrfena…"}
{"level":40,"time":1774482297612,"pid":37560,"hostname":"DESKTOP-KPAMGTB","module":"auto-trader","symbol":"BNBUSDT","uncoveredUsd":55.0836196725,"msg":"no s'ha trobat cap bot actiu — venent posició òrfena a mercat"}
{"level":50,"time":1774482297884,"pid":37560,"hostname":"DESKTOP-KPAMGTB","module":"auto-trader","symbol":"BNBUSDT","err":"Binance /order 400: {\"code\":-1013,\"msg\":\"Filter failure: LOT_SIZE\"}","msg":"error en venda òrfena a mercat"}
{"level":40,"time":1774482357086,"pid":37560,"hostname":"DESKTOP-KPAMGTB","module":"auto-trader","symbol":"BNBUSDT","uncoveredUsd":55.074253882,"uncovered":0.08514355,"msg":"posició parcialment sense SL — esperant 5 min per corregir"}
{"level":30,"time":1774482536697,"pid":37560,"hostname":"DESKTOP-KPAMGTB","module":"auto-trader","symbol":"ETHUSDT","msg":"aplicant correcció OCO a posició òrfena…"}
{"level":40,"time":1774482536699,"pid":37560,"hostname":"DESKTOP-KPAMGTB","module":"auto-trader","symbol":"ETHUSDT","uncoveredUsd":28.357032924,"msg":"no s'ha trobat cap bot actiu — venent posició òrfena a mercat"}
{"level":50,"time":1774482536955,"pid":37560,"hostname":"DESKTOP-KPAMGTB","module":"auto-trader","symbol":"ETHUSDT","err":"Binance /order 400: {\"code\":-1013,\"msg\":\"Filter failure: LOT_SIZE\"}","msg":"error en venda òrfena a mercat"}
{"level":40,"time":1774482596937,"pid":37560,"hostname":"DESKTOP-KPAMGTB","module":"auto-trader","symbol":"ETHUSDT","uncoveredUsd":28.335972191999996,"uncovered":0.0130812,"msg":"posició parcialment sense SL — esperant 5 min per corregir"}
{"level":30,"time":1774482620518,"pid":37560,"hostname":"DESKTOP-KPAMGTB","module":"binance","assets":23,"msg":"balance"}
{"level":50,"time":1774482622023,"pid":37560,"hostname":"DESKTOP-KPAMGTB","module":"api","source":"orders/buy-and-exit","code":"BAD_PARAMS","err":"Binance /orderList/oco 400: {\"code\":-1013,\"msg\":\"Invalid quantity.\"}","msg":"error de ruta"}
{"level":30,"time":1774482659450,"pid":37560,"hostname":"DESKTOP-KPAMGTB","module":"auto-trader","symbol":"SOLUSDT","msg":"aplicant correcció OCO a posició òrfena…"}
{"level":30,"time":1774482660235,"pid":37560,"hostname":"DESKTOP-KPAMGTB","module":"auto-trader","symbol":"SOLUSDT","tpPrice":"97.71000000","slStopPrice":"90.00000000","msg":"OCO correctora col·locada amb èxit"}
{"level":30,"time":1774482717239,"pid":37560,"hostname":"DESKTOP-KPAMGTB","module":"auto-trader","symbol":"BNBUSDT","msg":"aplicant correcció OCO a posició òrfena…"}
{"level":40,"time":1774482717241,"pid":37560,"hostname":"DESKTOP-KPAMGTB","module":"auto-trader","symbol":"BNBUSDT","uncoveredUsd":55.0625477173,"msg":"no s'ha trobat cap bot actiu — venent posició òrfena a mercat"}
{"level":50,"time":1774482717498,"pid":37560,"hostname":"DESKTOP-KPAMGTB","module":"auto-trader","symbol":"BNBUSDT","err":"Binance /order 400: {\"code\":-1013,\"msg\":\"Filter failure: LOT_SIZE\"}","msg":"error en venda òrfena a mercat"}
{"level":40,"time":1774482777084,"pid":37560,"hostname":"DESKTOP-KPAMGTB","module":"auto-trader","symbol":"BNBUSDT","uncoveredUsd":55.08723066420001,"uncovered":0.08511361,"msg":"posició parcialment sense SL — esperant 5 min per corregir"}
{"level":30,"time":1774482956751,"pid":37560,"hostname":"DESKTOP-KPAMGTB","module":"auto-trader","symbol":"ETHUSDT","msg":"aplicant correcció OCO a posició òrfena…"}
{"level":40,"time":1774482956754,"pid":37560,"hostname":"DESKTOP-KPAMGTB","module":"auto-trader","symbol":"ETHUSDT","uncoveredUsd":28.366713012,"msg":"no s'ha trobat cap bot actiu — venent posició òrfena a mercat"}
{"level":50,"time":1774482956989,"pid":37560,"hostname":"DESKTOP-KPAMGTB","module":"auto-trader","symbol":"ETHUSDT","err":"Binance /order 400: {\"code\":-1013,\"msg\":\"Filter failure: LOT_SIZE\"}","msg":"error en venda òrfena a mercat"}
{"level":40,"time":1774483016758,"pid":37560,"hostname":"DESKTOP-KPAMGTB","module":"auto-trader","symbol":"ETHUSDT","uncoveredUsd":28.384765067999997,"uncovered":0.0130812,"msg":"posició parcialment sense SL — esperant 5 min per corregir"}
{"level":30,"time":1774483137798,"pid":37560,"hostname":"DESKTOP-KPAMGTB","module":"auto-trader","symbol":"BNBUSDT","msg":"aplicant correcció OCO a posició òrfena…"}
{"level":40,"time":1774483137802,"pid":37560,"hostname":"DESKTOP-KPAMGTB","module":"auto-trader","symbol":"BNBUSDT","uncoveredUsd":55.1119136111,"msg":"no s'ha trobat cap bot actiu — venent posició òrfena a mercat"}
{"level":50,"time":1774483138056,"pid":37560,"hostname":"DESKTOP-KPAMGTB","module":"auto-trader","symbol":"BNBUSDT","err":"Binance /order 400: {\"code\":-1013,\"msg\":\"Filter failure: LOT_SIZE\"}","msg":"error en venda òrfena a mercat"}
{"level":30,"time":1774483174551,"pid":37560,"hostname":"DESKTOP-KPAMGTB","module":"binance","assets":23,"msg":"balance"}
{"level":40,"time":1774483197031,"pid":37560,"hostname":"DESKTOP-KPAMGTB","module":"auto-trader","symbol":"BNBUSDT","uncoveredUsd":55.1246806526,"uncovered":0.08511361,"msg":"posició parcialment sense SL — esperant 5 min per corregir"}
{"level":30,"time":1774483201356,"pid":37560,"hostname":"DESKTOP-KPAMGTB","module":"telegram","msg":"informe horari enviat"}
{"level":30,"time":1774483222297,"pid":37560,"hostname":"DESKTOP-KPAMGTB","module":"binance","assets":23,"msg":"balance"}
{"level":30,"time":1774483223678,"pid":37560,"hostname":"DESKTOP-KPAMGTB","module":"orders","symbol":"XRPUSDT","side":"SELL","fillPrice":1.4147,"quantity":"27","commissionInBase":0,"tpPrice":"1.48","slStopPrice":"1.38","buyOrderId":1057702941,"ocoOrderListId":2189873,"msg":"compra de mercat + OCO"}
{"level":30,"time":1774483376847,"pid":37560,"hostname":"DESKTOP-KPAMGTB","module":"auto-trader","symbol":"ETHUSDT","msg":"aplicant correcció OCO a posició òrfena…"}
{"level":40,"time":1774483376850,"pid":37560,"hostname":"DESKTOP-KPAMGTB","module":"auto-trader","symbol":"ETHUSDT","uncoveredUsd":28.379140151999998,"msg":"no s'ha trobat cap bot actiu — venent posició òrfena a mercat"}
{"level":50,"time":1774483377101,"pid":37560,"hostname":"DESKTOP-KPAMGTB","module":"auto-trader","symbol":"ETHUSDT","err":"Binance /order 400: {\"code\":-1013,\"msg\":\"Filter failure: LOT_SIZE\"}","msg":"error en venda òrfena a mercat"}
{"level":40,"time":1774483437257,"pid":37560,"hostname":"DESKTOP-KPAMGTB","module":"auto-trader","symbol":"ETHUSDT","uncoveredUsd":28.379401775999998,"uncovered":0.0130812,"msg":"posició parcialment sense SL — esperant 5 min per corregir"}
{"level":30,"time":1774483557891,"pid":37560,"hostname":"DESKTOP-KPAMGTB","module":"auto-trader","symbol":"BNBUSDT","msg":"aplicant correcció OCO a posició òrfena…"}
{"level":40,"time":1774483557894,"pid":37560,"hostname":"DESKTOP-KPAMGTB","module":"auto-trader","symbol":"BNBUSDT","uncoveredUsd":55.140149137200005,"msg":"no s'ha trobat cap bot actiu — venent posició òrfena a mercat"}
{"level":50,"time":1774483558162,"pid":37560,"hostname":"DESKTOP-KPAMGTB","module":"auto-trader","symbol":"BNBUSDT","err":"Binance /order 400: {\"code\":-1013,\"msg\":\"Filter failure: LOT_SIZE\"}","msg":"error en venda òrfena a mercat"}
{"level":40,"time":1774483617335,"pid":37560,"hostname":"DESKTOP-KPAMGTB","module":"auto-trader","symbol":"BNBUSDT","uncoveredUsd":55.1231355612,"uncovered":0.08506788,"msg":"posició parcialment sense SL — esperant 5 min per corregir"}
{"level":30,"time":1774483797217,"pid":37560,"hostname":"DESKTOP-KPAMGTB","module":"auto-trader","symbol":"ETHUSDT","msg":"aplicant correcció OCO a posició òrfena…"}
{"level":40,"time":1774483797223,"pid":37560,"hostname":"DESKTOP-KPAMGTB","module":"auto-trader","symbol":"ETHUSDT","uncoveredUsd":28.345259843999997,"msg":"no s'ha trobat cap bot actiu — venent posició òrfena a mercat"}
{"level":50,"time":1774483797453,"pid":37560,"hostname":"DESKTOP-KPAMGTB","module":"auto-trader","symbol":"ETHUSDT","err":"Binance /order 400: {\"code\":-1013,\"msg\":\"Filter failure: LOT_SIZE\"}","msg":"error en venda òrfena a mercat"}
{"level":30,"time":1774483824222,"pid":37560,"hostname":"DESKTOP-KPAMGTB","module":"binance","assets":23,"msg":"balance"}
{"level":30,"time":1774483826113,"pid":37560,"hostname":"DESKTOP-KPAMGTB","module":"orders","symbol":"DOTUSDT","side":"SELL","fillPrice":1.3659999999999999,"quantity":"24","commissionInBase":0,"tpPrice":"1.41","slStopPrice":"1.32","buyOrderId":209524931,"ocoOrderListId":2189937,"msg":"compra de mercat + OCO"}
{"level":40,"time":1774483856933,"pid":37560,"hostname":"DESKTOP-KPAMGTB","module":"auto-trader","symbol":"ETHUSDT","uncoveredUsd":28.344474971999997,"uncovered":0.0130812,"msg":"posició parcialment sense SL — esperant 5 min per corregir"}
{"level":30,"time":1774483977273,"pid":37560,"hostname":"DESKTOP-KPAMGTB","module":"auto-trader","symbol":"BNBUSDT","msg":"aplicant correcció OCO a posició òrfena…"}
{"level":40,"time":1774483977278,"pid":37560,"hostname":"DESKTOP-KPAMGTB","module":"auto-trader","symbol":"BNBUSDT","uncoveredUsd":55.018441503,"msg":"no s'ha trobat cap bot actiu — venent posició òrfena a mercat"}
{"level":50,"time":1774483977539,"pid":37560,"hostname":"DESKTOP-KPAMGTB","module":"auto-trader","symbol":"BNBUSDT","err":"Binance /order 400: {\"code\":-1013,\"msg\":\"Filter failure: LOT_SIZE\"}","msg":"error en venda òrfena a mercat"}
{"level":40,"time":1774484037459,"pid":37560,"hostname":"DESKTOP-KPAMGTB","module":"auto-trader","symbol":"BNBUSDT","uncoveredUsd":55.01419002,"uncovered":0.08502966,"msg":"posició parcialment sense SL — esperant 5 min per corregir"}
{"level":30,"time":1774484217713,"pid":37560,"hostname":"DESKTOP-KPAMGTB","module":"auto-trader","symbol":"ETHUSDT","msg":"aplicant correcció OCO a posició òrfena…"}
{"level":40,"time":1774484217718,"pid":37560,"hostname":"DESKTOP-KPAMGTB","module":"auto-trader","symbol":"ETHUSDT","uncoveredUsd":28.387381308000002,"msg":"no s'ha trobat cap bot actiu — venent posició òrfena a mercat"}
{"level":50,"time":1774484217971,"pid":37560,"hostname":"DESKTOP-KPAMGTB","module":"auto-trader","symbol":"ETHUSDT","err":"Binance /order 400: {\"code\":-1013,\"msg\":\"Filter failure: LOT_SIZE\"}","msg":"error en venda òrfena a mercat"}
{"level":40,"time":1774484276926,"pid":37560,"hostname":"DESKTOP-KPAMGTB","module":"auto-trader","symbol":"ETHUSDT","uncoveredUsd":28.372599552,"uncovered":0.0130812,"msg":"posició parcialment sense SL — esperant 5 min per corregir"}
{"level":30,"time":1774484397158,"pid":37560,"hostname":"DESKTOP-KPAMGTB","module":"auto-trader","symbol":"BNBUSDT","msg":"aplicant correcció OCO a posició òrfena…"}
{"level":40,"time":1774484397161,"pid":37560,"hostname":"DESKTOP-KPAMGTB","module":"auto-trader","symbol":"BNBUSDT","uncoveredUsd":55.0286450622,"msg":"no s'ha trobat cap bot actiu — venent posició òrfena a mercat"}
{"level":50,"time":1774484397390,"pid":37560,"hostname":"DESKTOP-KPAMGTB","module":"auto-trader","symbol":"BNBUSDT","err":"Binance /order 400: {\"code\":-1013,\"msg\":\"Filter failure: LOT_SIZE\"}","msg":"error en venda òrfena a mercat"}
{"level":30,"time":1774484427134,"pid":37560,"hostname":"DESKTOP-KPAMGTB","module":"binance","assets":23,"msg":"balance"}
{"level":30,"time":1774484429424,"pid":37560,"hostname":"DESKTOP-KPAMGTB","module":"orders","symbol":"UNIUSDT","side":"SELL","fillPrice":3.697,"quantity":"9","commissionInBase":0,"tpPrice":"3.85","slStopPrice":"3.62","buyOrderId":228240162,"ocoOrderListId":2189997,"msg":"compra de mercat + OCO"}
{"level":40,"time":1774484457284,"pid":37560,"hostname":"DESKTOP-KPAMGTB","module":"auto-trader","symbol":"BNBUSDT","uncoveredUsd":55.008972906800004,"uncovered":0.08499007,"msg":"posició parcialment sense SL — esperant 5 min per corregir"}
{"level":30,"time":1774484637752,"pid":37560,"hostname":"DESKTOP-KPAMGTB","module":"auto-trader","symbol":"ETHUSDT","msg":"aplicant correcció OCO a posició òrfena…"}
{"level":40,"time":1774484637760,"pid":37560,"hostname":"DESKTOP-KPAMGTB","module":"auto-trader","symbol":"ETHUSDT","uncoveredUsd":28.334402448,"msg":"no s'ha trobat cap bot actiu — venent posició òrfena a mercat"}
{"level":50,"time":1774484638008,"pid":37560,"hostname":"DESKTOP-KPAMGTB","module":"auto-trader","symbol":"ETHUSDT","err":"Binance /order 400: {\"code\":-1013,\"msg\":\"Filter failure: LOT_SIZE\"}","msg":"error en venda òrfena a mercat"}
{"level":40,"time":1774484697022,"pid":37560,"hostname":"DESKTOP-KPAMGTB","module":"auto-trader","symbol":"ETHUSDT","uncoveredUsd":28.339373304,"uncovered":0.0130812,"msg":"posició parcialment sense SL — esperant 5 min per corregir"}
{"level":30,"time":1774484817204,"pid":37560,"hostname":"DESKTOP-KPAMGTB","module":"auto-trader","symbol":"BNBUSDT","msg":"aplicant correcció OCO a posició òrfena…"}
{"level":40,"time":1774484817211,"pid":37560,"hostname":"DESKTOP-KPAMGTB","module":"auto-trader","symbol":"BNBUSDT","uncoveredUsd":55.0115226089,"msg":"no s'ha trobat cap bot actiu — venent posició òrfena a mercat"}
{"level":50,"time":1774484817477,"pid":37560,"hostname":"DESKTOP-KPAMGTB","module":"auto-trader","symbol":"BNBUSDT","err":"Binance /order 400: {\"code\":-1013,\"msg\":\"Filter failure: LOT_SIZE\"}","msg":"error en venda òrfena a mercat"}
{"level":40,"time":1774484877331,"pid":37560,"hostname":"DESKTOP-KPAMGTB","module":"auto-trader","symbol":"BNBUSDT","uncoveredUsd":54.9979241977,"uncovered":0.08499007,"msg":"posició parcialment sense SL — esperant 5 min per corregir"}
{"level":30,"time":1774485029762,"pid":37560,"hostname":"DESKTOP-KPAMGTB","module":"binance","assets":23,"msg":"balance"}
{"level":30,"time":1774485031696,"pid":37560,"hostname":"DESKTOP-KPAMGTB","module":"orders","symbol":"DOGEUSDT","side":"SELL","fillPrice":0.09611,"quantity":"262.00000000","commissionInBase":0,"tpPrice":"0.10096000","slStopPrice":"0.09340000","buyOrderId":890905896,"ocoOrderListId":2190058,"msg":"compra de mercat + OCO"}
{"level":30,"time":1774485057273,"pid":37560,"hostname":"DESKTOP-KPAMGTB","module":"auto-trader","symbol":"ETHUSDT","msg":"aplicant correcció OCO a posició òrfena…"}
{"level":40,"time":1774485057279,"pid":37560,"hostname":"DESKTOP-KPAMGTB","module":"auto-trader","symbol":"ETHUSDT","uncoveredUsd":28.335710567999996,"msg":"no s'ha trobat cap bot actiu — venent posició òrfena a mercat"}
{"level":50,"time":1774485057508,"pid":37560,"hostname":"DESKTOP-KPAMGTB","module":"auto-trader","symbol":"ETHUSDT","err":"Binance /order 400: {\"code\":-1013,\"msg\":\"Filter failure: LOT_SIZE\"}","msg":"error en venda òrfena a mercat"}
{"level":40,"time":1774485117295,"pid":37560,"hostname":"DESKTOP-KPAMGTB","module":"auto-trader","symbol":"ETHUSDT","uncoveredUsd":28.359910787999997,"uncovered":0.0130812,"msg":"posició parcialment sense SL — esperant 5 min per corregir"}
{"level":30,"time":1774485237327,"pid":37560,"hostname":"DESKTOP-KPAMGTB","module":"auto-trader","symbol":"BNBUSDT","msg":"aplicant correcció OCO a posició òrfena…"}
{"level":40,"time":1774485237332,"pid":37560,"hostname":"DESKTOP-KPAMGTB","module":"auto-trader","symbol":"BNBUSDT","uncoveredUsd":55.014731577,"msg":"no s'ha trobat cap bot actiu — venent posició òrfena a mercat"}
{"level":50,"time":1774485237597,"pid":37560,"hostname":"DESKTOP-KPAMGTB","module":"auto-trader","symbol":"BNBUSDT","err":"Binance /order 400: {\"code\":-1013,\"msg\":\"Filter failure: LOT_SIZE\"}","msg":"error en venda òrfena a mercat"}
{"level":40,"time":1774485297337,"pid":37560,"hostname":"DESKTOP-KPAMGTB","module":"auto-trader","symbol":"BNBUSDT","uncoveredUsd":55.01813001300001,"uncovered":0.0849609,"msg":"posició parcialment sense SL — esperant 5 min per corregir"}
{"level":30,"time":1774485477470,"pid":37560,"hostname":"DESKTOP-KPAMGTB","module":"auto-trader","symbol":"ETHUSDT","msg":"aplicant correcció OCO a posició òrfena…"}
{"level":40,"time":1774485477478,"pid":37560,"hostname":"DESKTOP-KPAMGTB","module":"auto-trader","symbol":"ETHUSDT","uncoveredUsd":28.368675191999998,"msg":"no s'ha trobat cap bot actiu — venent posició òrfena a mercat"}
{"level":50,"time":1774485477756,"pid":37560,"hostname":"DESKTOP-KPAMGTB","module":"auto-trader","symbol":"ETHUSDT","err":"Binance /order 400: {\"code\":-1013,\"msg\":\"Filter failure: LOT_SIZE\"}","msg":"error en venda òrfena a mercat"}
{"level":40,"time":1774485537119,"pid":37560,"hostname":"DESKTOP-KPAMGTB","module":"auto-trader","symbol":"ETHUSDT","uncoveredUsd":28.370375747999997,"uncovered":0.0130812,"msg":"posició parcialment sense SL — esperant 5 min per corregir"}
{"level":30,"time":1774485632709,"pid":37560,"hostname":"DESKTOP-KPAMGTB","module":"binance","assets":23,"msg":"balance"}
{"level":50,"time":1774485633827,"pid":37560,"hostname":"DESKTOP-KPAMGTB","module":"api","source":"orders/buy-and-exit","code":"INTERNAL","err":"roundPrice(floor): valors invàlids price=-0.01999387 tickSize=0.01","msg":"error de ruta"}
{"level":30,"time":1774485657435,"pid":37560,"hostname":"DESKTOP-KPAMGTB","module":"auto-trader","symbol":"BNBUSDT","msg":"aplicant correcció OCO a posició òrfena…"}
{"level":40,"time":1774485657437,"pid":37560,"hostname":"DESKTOP-KPAMGTB","module":"auto-trader","symbol":"BNBUSDT","uncoveredUsd":55.009953217,"msg":"no s'ha trobat cap bot actiu — venent posició òrfena a mercat"}
{"level":50,"time":1774485657694,"pid":37560,"hostname":"DESKTOP-KPAMGTB","module":"auto-trader","symbol":"BNBUSDT","err":"Binance /order 400: {\"code\":-1013,\"msg\":\"Filter failure: LOT_SIZE\"}","msg":"error en venda òrfena a mercat"}
{"level":30,"time":1774485661636,"pid":37560,"hostname":"DESKTOP-KPAMGTB","module":"auto-trader","symbol":"SHIBUSDT","msg":"aplicant correcció OCO a posició òrfena…"}
{"level":40,"time":1774485661639,"pid":37560,"hostname":"DESKTOP-KPAMGTB","module":"auto-trader","symbol":"SHIBUSDT","uncoveredUsd":18.8999986521,"msg":"no s'ha trobat cap bot actiu — venent posició òrfena a mercat"}
{"level":50,"time":1774485661896,"pid":37560,"hostname":"DESKTOP-KPAMGTB","module":"auto-trader","symbol":"SHIBUSDT","err":"Binance /order 400: {\"code\":-1111,\"msg\":\"Parameter 'quantity' has too much precision.\"}","msg":"error en venda òrfena a mercat"}
{"level":40,"time":1774485717388,"pid":37560,"hostname":"DESKTOP-KPAMGTB","module":"auto-trader","symbol":"BNBUSDT","uncoveredUsd":54.9870200164,"uncovered":0.08493778,"msg":"posició parcialment sense SL — esperant 5 min per corregir"}
{"level":40,"time":1774485721080,"pid":37560,"hostname":"DESKTOP-KPAMGTB","module":"auto-trader","symbol":"SHIBUSDT","uncoveredUsd":18.8999986521,"uncovered":3083197.17,"msg":"posició parcialment sense SL — esperant 5 min per corregir"}
{"level":30,"time":1774485897457,"pid":37560,"hostname":"DESKTOP-KPAMGTB","module":"auto-trader","symbol":"ETHUSDT","msg":"aplicant correcció OCO a posició òrfena…"}
{"level":40,"time":1774485897460,"pid":37560,"hostname":"DESKTOP-KPAMGTB","module":"auto-trader","symbol":"ETHUSDT","uncoveredUsd":28.361088095999996,"msg":"no s'ha trobat cap bot actiu — venent posició òrfena a mercat"}
{"level":50,"time":1774485897690,"pid":37560,"hostname":"DESKTOP-KPAMGTB","module":"auto-trader","symbol":"ETHUSDT","err":"Binance /order 400: {\"code\":-1013,\"msg\":\"Filter failure: LOT_SIZE\"}","msg":"error en venda òrfena a mercat"}
{"level":40,"time":1774485957457,"pid":37560,"hostname":"DESKTOP-KPAMGTB","module":"auto-trader","symbol":"ETHUSDT","uncoveredUsd":28.365666515999997,"uncovered":0.0130812,"msg":"posició parcialment sense SL — esperant 5 min per corregir"}
{"level":30,"time":1774486077384,"pid":37560,"hostname":"DESKTOP-KPAMGTB","module":"auto-trader","symbol":"BNBUSDT","msg":"aplicant correcció OCO a posició òrfena…"}
{"level":40,"time":1774486077388,"pid":37560,"hostname":"DESKTOP-KPAMGTB","module":"auto-trader","symbol":"BNBUSDT","uncoveredUsd":55.0091038392,"msg":"no s'ha trobat cap bot actiu — venent posició òrfena a mercat"}
{"level":50,"time":1774486077631,"pid":37560,"hostname":"DESKTOP-KPAMGTB","module":"auto-trader","symbol":"BNBUSDT","err":"Binance /order 400: {\"code\":-1013,\"msg\":\"Filter failure: LOT_SIZE\"}","msg":"error en venda òrfena a mercat"}
{"level":30,"time":1774486081298,"pid":37560,"hostname":"DESKTOP-KPAMGTB","module":"auto-trader","symbol":"SHIBUSDT","msg":"aplicant correcció OCO a posició òrfena…"}
{"level":40,"time":1774486081299,"pid":37560,"hostname":"DESKTOP-KPAMGTB","module":"auto-trader","symbol":"SHIBUSDT","uncoveredUsd":18.807502737,"msg":"no s'ha trobat cap bot actiu — venent posició òrfena a mercat"}
{"level":50,"time":1774486081524,"pid":37560,"hostname":"DESKTOP-KPAMGTB","module":"auto-trader","symbol":"SHIBUSDT","err":"Binance /order 400: {\"code\":-1111,\"msg\":\"Parameter 'quantity' has too much precision.\"}","msg":"error en venda òrfena a mercat"}
{"level":40,"time":1774486137411,"pid":37560,"hostname":"DESKTOP-KPAMGTB","module":"auto-trader","symbol":"BNBUSDT","uncoveredUsd":55.0447777068,"uncovered":0.08493778,"msg":"posició parcialment sense SL — esperant 5 min per corregir"}
{"level":40,"time":1774486141112,"pid":37560,"hostname":"DESKTOP-KPAMGTB","module":"auto-trader","symbol":"SHIBUSDT","uncoveredUsd":18.8383347087,"uncovered":3083197.17,"msg":"posició parcialment sense SL — esperant 5 min per corregir"}
{"level":30,"time":1774486234813,"pid":37560,"hostname":"DESKTOP-KPAMGTB","module":"binance","assets":23,"msg":"balance"}
{"level":30,"time":1774486236058,"pid":37560,"hostname":"DESKTOP-KPAMGTB","module":"orders","symbol":"ADAUSDT","side":"SELL","fillPrice":0.26990000000000003,"quantity":"93","commissionInBase":0,"tpPrice":"0.29","slStopPrice":"0.24","buyOrderId":403592012,"ocoOrderListId":2190177,"msg":"compra de mercat + OCO"}
{"level":30,"time":1774486317402,"pid":37560,"hostname":"DESKTOP-KPAMGTB","module":"auto-trader","symbol":"ETHUSDT","msg":"aplicant correcció OCO a posició òrfena…"}
{"level":40,"time":1774486317404,"pid":37560,"hostname":"DESKTOP-KPAMGTB","module":"auto-trader","symbol":"ETHUSDT","uncoveredUsd":28.38162558,"msg":"no s'ha trobat cap bot actiu — venent posició òrfena a mercat"}
{"level":50,"time":1774486317639,"pid":37560,"hostname":"DESKTOP-KPAMGTB","module":"auto-trader","symbol":"ETHUSDT","err":"Binance /order 400: {\"code\":-1013,\"msg\":\"Filter failure: LOT_SIZE\"}","msg":"error en venda òrfena a mercat"}
{"level":40,"time":1774486377285,"pid":37560,"hostname":"DESKTOP-KPAMGTB","module":"auto-trader","symbol":"ETHUSDT","uncoveredUsd":28.320798,"uncovered":0.0130812,"msg":"posició parcialment sense SL — esperant 5 min per corregir"}
{"level":30,"time":1774486497691,"pid":37560,"hostname":"DESKTOP-KPAMGTB","module":"auto-trader","symbol":"BNBUSDT","msg":"aplicant correcció OCO a posició òrfena…"}
{"level":40,"time":1774486497694,"pid":37560,"hostname":"DESKTOP-KPAMGTB","module":"auto-trader","symbol":"BNBUSDT","uncoveredUsd":54.91201865280001,"msg":"no s'ha trobat cap bot actiu — venent posició òrfena a mercat"}
{"level":50,"time":1774486497955,"pid":37560,"hostname":"DESKTOP-KPAMGTB","module":"auto-trader","symbol":"BNBUSDT","err":"Binance /order 400: {\"code\":-1013,\"msg\":\"Filter failure: LOT_SIZE\"}","msg":"error en venda òrfena a mercat"}
{"level":30,"time":1774486501653,"pid":37560,"hostname":"DESKTOP-KPAMGTB","module":"auto-trader","symbol":"SHIBUSDT","msg":"aplicant correcció OCO a posició òrfena…"}
{"level":40,"time":1774486501656,"pid":37560,"hostname":"DESKTOP-KPAMGTB","module":"auto-trader","symbol":"SHIBUSDT","uncoveredUsd":18.807502737,"msg":"no s'ha trobat cap bot actiu — venent posició òrfena a mercat"}
{"level":50,"time":1774486501884,"pid":37560,"hostname":"DESKTOP-KPAMGTB","module":"auto-trader","symbol":"SHIBUSDT","err":"Binance /order 400: {\"code\":-1111,\"msg\":\"Parameter 'quantity' has too much precision.\"}","msg":"error en venda òrfena a mercat"}
{"level":40,"time":1774486557540,"pid":37560,"hostname":"DESKTOP-KPAMGTB","module":"auto-trader","symbol":"BNBUSDT","uncoveredUsd":54.8856970209,"uncovered":0.08490849,"msg":"posició parcialment sense SL — esperant 5 min per corregir"}
{"level":40,"time":1774486561600,"pid":37560,"hostname":"DESKTOP-KPAMGTB","module":"auto-trader","symbol":"SHIBUSDT","uncoveredUsd":18.8383347087,"uncovered":3083197.17,"msg":"posició parcialment sense SL — esperant 5 min per corregir"}
{"level":30,"time":1774486737763,"pid":37560,"hostname":"DESKTOP-KPAMGTB","module":"auto-trader","symbol":"ETHUSDT","msg":"aplicant correcció OCO a posició òrfena…"}
{"level":40,"time":1774486737768,"pid":37560,"hostname":"DESKTOP-KPAMGTB","module":"auto-trader","symbol":"ETHUSDT","uncoveredUsd":28.331786208,"msg":"no s'ha trobat cap bot actiu — venent posició òrfena a mercat"}
{"level":50,"time":1774486738008,"pid":37560,"hostname":"DESKTOP-KPAMGTB","module":"auto-trader","symbol":"ETHUSDT","err":"Binance /order 400: {\"code\":-1013,\"msg\":\"Filter failure: LOT_SIZE\"}","msg":"error en venda òrfena a mercat"}
{"level":30,"time":1774486774557,"pid":37560,"hostname":"DESKTOP-KPAMGTB","module":"binance","assets":23,"msg":"balance"}
{"level":40,"time":1774486797255,"pid":37560,"hostname":"DESKTOP-KPAMGTB","module":"auto-trader","symbol":"ETHUSDT","uncoveredUsd":28.3436901,"uncovered":0.0130812,"msg":"posició parcialment sense SL — esperant 5 min per corregir"}
{"level":30,"time":1774486800806,"pid":37560,"hostname":"DESKTOP-KPAMGTB","module":"telegram","msg":"informe horari enviat"}
{"level":30,"time":1774486836334,"pid":37560,"hostname":"DESKTOP-KPAMGTB","module":"binance","assets":23,"msg":"balance"}
{"level":30,"time":1774486838293,"pid":37560,"hostname":"DESKTOP-KPAMGTB","module":"orders","symbol":"NEARUSDT","side":"SELL","fillPrice":1.275,"quantity":"30","commissionInBase":0,"tpPrice":"1.31","slStopPrice":"1.25","buyOrderId":118310862,"ocoOrderListId":2190239,"msg":"compra de mercat + OCO"}
{"level":30,"time":1774486917823,"pid":37560,"hostname":"DESKTOP-KPAMGTB","module":"auto-trader","symbol":"BNBUSDT","msg":"aplicant correcció OCO a posició òrfena…"}
{"level":40,"time":1774486917824,"pid":37560,"hostname":"DESKTOP-KPAMGTB","module":"auto-trader","symbol":"BNBUSDT","uncoveredUsd":54.94365490319999,"msg":"no s'ha trobat cap bot actiu — venent posició òrfena a mercat"}
{"level":50,"time":1774486918089,"pid":37560,"hostname":"DESKTOP-KPAMGTB","module":"auto-trader","symbol":"BNBUSDT","err":"Binance /order 400: {\"code\":-1013,\"msg\":\"Filter failure: LOT_SIZE\"}","msg":"error en venda òrfena a mercat"}
{"level":30,"time":1774486922033,"pid":37560,"hostname":"DESKTOP-KPAMGTB","module":"auto-trader","symbol":"SHIBUSDT","msg":"aplicant correcció OCO a posició òrfena…"}
{"level":40,"time":1774486922035,"pid":37560,"hostname":"DESKTOP-KPAMGTB","module":"auto-trader","symbol":"SHIBUSDT","uncoveredUsd":18.8691666804,"msg":"no s'ha trobat cap bot actiu — venent posició òrfena a mercat"}
{"level":50,"time":1774486922268,"pid":37560,"hostname":"DESKTOP-KPAMGTB","module":"auto-trader","symbol":"SHIBUSDT","err":"Binance /order 400: {\"code\":-1111,\"msg\":\"Parameter 'quantity' has too much precision.\"}","msg":"error en venda òrfena a mercat"}
{"level":40,"time":1774486977568,"pid":37560,"hostname":"DESKTOP-KPAMGTB","module":"auto-trader","symbol":"BNBUSDT","uncoveredUsd":54.9419576184,"uncovered":0.08486424,"msg":"posició parcialment sense SL — esperant 5 min per corregir"}
{"level":40,"time":1774486981181,"pid":37560,"hostname":"DESKTOP-KPAMGTB","module":"auto-trader","symbol":"SHIBUSDT","uncoveredUsd":18.8691666804,"uncovered":3083197.17,"msg":"posició parcialment sense SL — esperant 5 min per corregir"}
{"level":30,"time":1774487157536,"pid":37560,"hostname":"DESKTOP-KPAMGTB","module":"auto-trader","symbol":"ETHUSDT","msg":"aplicant correcció OCO a posició òrfena…"}
{"level":40,"time":1774487157541,"pid":37560,"hostname":"DESKTOP-KPAMGTB","module":"auto-trader","symbol":"ETHUSDT","uncoveredUsd":28.340550612,"msg":"no s'ha trobat cap bot actiu — venent posició òrfena a mercat"}
{"level":50,"time":1774487157770,"pid":37560,"hostname":"DESKTOP-KPAMGTB","module":"auto-trader","symbol":"ETHUSDT","err":"Binance /order 400: {\"code\":-1013,\"msg\":\"Filter failure: LOT_SIZE\"}","msg":"error en venda òrfena a mercat"}
{"level":40,"time":1774487217776,"pid":37560,"hostname":"DESKTOP-KPAMGTB","module":"auto-trader","symbol":"ETHUSDT","uncoveredUsd":28.310333039999996,"uncovered":0.0130812,"msg":"posició parcialment sense SL — esperant 5 min per corregir"}
{"level":30,"time":1774487337570,"pid":37560,"hostname":"DESKTOP-KPAMGTB","module":"auto-trader","symbol":"BNBUSDT","msg":"aplicant correcció OCO a posició òrfena…"}
{"level":40,"time":1774487337572,"pid":37560,"hostname":"DESKTOP-KPAMGTB","module":"auto-trader","symbol":"BNBUSDT","uncoveredUsd":54.8706716568,"msg":"no s'ha trobat cap bot actiu — venent posició òrfena a mercat"}
{"level":50,"time":1774487337797,"pid":37560,"hostname":"DESKTOP-KPAMGTB","module":"auto-trader","symbol":"BNBUSDT","err":"Binance /order 400: {\"code\":-1013,\"msg\":\"Filter failure: LOT_SIZE\"}","msg":"error en venda òrfena a mercat"}
{"level":30,"time":1774487341440,"pid":37560,"hostname":"DESKTOP-KPAMGTB","module":"auto-trader","symbol":"SHIBUSDT","msg":"aplicant correcció OCO a posició òrfena…"}
{"level":40,"time":1774487341441,"pid":37560,"hostname":"DESKTOP-KPAMGTB","module":"auto-trader","symbol":"SHIBUSDT","uncoveredUsd":18.8691666804,"msg":"no s'ha trobat cap bot actiu — venent posició òrfena a mercat"}
{"level":50,"time":1774487341668,"pid":37560,"hostname":"DESKTOP-KPAMGTB","module":"auto-trader","symbol":"SHIBUSDT","err":"Binance /order 400: {\"code\":-1111,\"msg\":\"Parameter 'quantity' has too much precision.\"}","msg":"error en venda òrfena a mercat"}
{"level":40,"time":1774487397599,"pid":37560,"hostname":"DESKTOP-KPAMGTB","module":"auto-trader","symbol":"BNBUSDT","uncoveredUsd":54.878309438399995,"uncovered":0.08486424,"msg":"posició parcialment sense SL — esperant 5 min per corregir"}
{"level":40,"time":1774487401478,"pid":37560,"hostname":"DESKTOP-KPAMGTB","module":"auto-trader","symbol":"SHIBUSDT","uncoveredUsd":18.8691666804,"uncovered":3083197.17,"msg":"posició parcialment sense SL — esperant 5 min per corregir"}
{"level":30,"time":1774487438577,"pid":37560,"hostname":"DESKTOP-KPAMGTB","module":"binance","assets":23,"msg":"balance"}
{"level":30,"time":1774487439872,"pid":37560,"hostname":"DESKTOP-KPAMGTB","module":"orders","symbol":"TRXUSDT","side":"SELL","fillPrice":0.3141,"quantity":"63","commissionInBase":0,"tpPrice":"0.34","slStopPrice":"0.29","buyOrderId":215957220,"ocoOrderListId":2190302,"msg":"compra de mercat + OCO"}
{"level":30,"time":1774487577722,"pid":37560,"hostname":"DESKTOP-KPAMGTB","module":"auto-trader","symbol":"ETHUSDT","msg":"aplicant correcció OCO a posició òrfena…"}
{"level":40,"time":1774487577728,"pid":37560,"hostname":"DESKTOP-KPAMGTB","module":"auto-trader","symbol":"ETHUSDT","uncoveredUsd":28.298167524,"msg":"no s'ha trobat cap bot actiu — venent posició òrfena a mercat"}
{"level":50,"time":1774487577990,"pid":37560,"hostname":"DESKTOP-KPAMGTB","module":"auto-trader","symbol":"ETHUSDT","err":"Binance /order 400: {\"code\":-1013,\"msg\":\"Filter failure: LOT_SIZE\"}","msg":"error en venda òrfena a mercat"}
{"level":40,"time":1774487637436,"pid":37560,"hostname":"DESKTOP-KPAMGTB","module":"auto-trader","symbol":"ETHUSDT","uncoveredUsd":28.316742828,"uncovered":0.0130812,"msg":"posició parcialment sense SL — esperant 5 min per corregir"}
{"level":30,"time":1774487757952,"pid":37560,"hostname":"DESKTOP-KPAMGTB","module":"auto-trader","symbol":"BNBUSDT","msg":"aplicant correcció OCO a posició òrfena…"}
{"level":40,"time":1774487757954,"pid":37560,"hostname":"DESKTOP-KPAMGTB","module":"auto-trader","symbol":"BNBUSDT","uncoveredUsd":54.8397453492,"msg":"no s'ha trobat cap bot actiu — venent posició òrfena a mercat"}
{"level":50,"time":1774487758188,"pid":37560,"hostname":"DESKTOP-KPAMGTB","module":"auto-trader","symbol":"BNBUSDT","err":"Binance /order 400: {\"code\":-1013,\"msg\":\"Filter failure: LOT_SIZE\"}","msg":"error en venda òrfena a mercat"}
{"level":30,"time":1774487762083,"pid":37560,"hostname":"DESKTOP-KPAMGTB","module":"auto-trader","symbol":"SHIBUSDT","msg":"aplicant correcció OCO a posició òrfena…"}
{"level":40,"time":1774487762088,"pid":37560,"hostname":"DESKTOP-KPAMGTB","module":"auto-trader","symbol":"SHIBUSDT","uncoveredUsd":18.8383347087,"msg":"no s'ha trobat cap bot actiu — venent posició òrfena a mercat"}
{"level":50,"time":1774487762353,"pid":37560,"hostname":"DESKTOP-KPAMGTB","module":"auto-trader","symbol":"SHIBUSDT","err":"Binance /order 400: {\"code\":-1111,\"msg\":\"Parameter 'quantity' has too much precision.\"}","msg":"error en venda òrfena a mercat"}
{"level":40,"time":1774487817665,"pid":37560,"hostname":"DESKTOP-KPAMGTB","module":"auto-trader","symbol":"BNBUSDT","uncoveredUsd":54.812596120399995,"uncovered":0.08484134,"msg":"posició parcialment sense SL — esperant 5 min per corregir"}
{"level":40,"time":1774487821351,"pid":37560,"hostname":"DESKTOP-KPAMGTB","module":"auto-trader","symbol":"SHIBUSDT","uncoveredUsd":18.8383347087,"uncovered":3083197.17,"msg":"posició parcialment sense SL — esperant 5 min per corregir"}
{"level":30,"time":1774487997764,"pid":37560,"hostname":"DESKTOP-KPAMGTB","module":"auto-trader","symbol":"ETHUSDT","msg":"aplicant correcció OCO a posició òrfena…"}
{"level":40,"time":1774487997768,"pid":37560,"hostname":"DESKTOP-KPAMGTB","module":"auto-trader","symbol":"ETHUSDT","uncoveredUsd":28.289141496,"msg":"no s'ha trobat cap bot actiu — venent posició òrfena a mercat"}
{"level":50,"time":1774487998021,"pid":37560,"hostname":"DESKTOP-KPAMGTB","module":"auto-trader","symbol":"ETHUSDT","err":"Binance /order 400: {\"code\":-1013,\"msg\":\"Filter failure: LOT_SIZE\"}","msg":"error en venda òrfena a mercat"}
{"level":30,"time":1774488040236,"pid":37560,"hostname":"DESKTOP-KPAMGTB","module":"binance","assets":23,"msg":"balance"}
{"level":30,"time":1774488042017,"pid":37560,"hostname":"DESKTOP-KPAMGTB","module":"orders","symbol":"XLMUSDT","side":"SELL","fillPrice":0.1771,"quantity":"85","commissionInBase":0,"tpPrice":"0.20","slStopPrice":"0.15","buyOrderId":128562781,"ocoOrderListId":2190365,"msg":"compra de mercat + OCO"}
{"level":40,"time":1774488057537,"pid":37560,"hostname":"DESKTOP-KPAMGTB","module":"auto-trader","symbol":"ETHUSDT","uncoveredUsd":28.296336156,"uncovered":0.0130812,"msg":"posició parcialment sense SL — esperant 5 min per corregir"}
{"level":30,"time":1774488177762,"pid":37560,"hostname":"DESKTOP-KPAMGTB","module":"auto-trader","symbol":"BNBUSDT","msg":"aplicant correcció OCO a posició òrfena…"}
{"level":40,"time":1774488177767,"pid":37560,"hostname":"DESKTOP-KPAMGTB","module":"auto-trader","symbol":"BNBUSDT","uncoveredUsd":54.8488237518,"msg":"no s'ha trobat cap bot actiu — venent posició òrfena a mercat"}
{"level":50,"time":1774488178002,"pid":37560,"hostname":"DESKTOP-KPAMGTB","module":"auto-trader","symbol":"BNBUSDT","err":"Binance /order 400: {\"code\":-1013,\"msg\":\"Filter failure: LOT_SIZE\"}","msg":"error en venda òrfena a mercat"}
{"level":30,"time":1774488181863,"pid":37560,"hostname":"DESKTOP-KPAMGTB","module":"auto-trader","symbol":"SHIBUSDT","msg":"aplicant correcció OCO a posició òrfena…"}
{"level":40,"time":1774488181867,"pid":37560,"hostname":"DESKTOP-KPAMGTB","module":"auto-trader","symbol":"SHIBUSDT","uncoveredUsd":18.807502737,"msg":"no s'ha trobat cap bot actiu — venent posició òrfena a mercat"}
{"level":50,"time":1774488182103,"pid":37560,"hostname":"DESKTOP-KPAMGTB","module":"auto-trader","symbol":"SHIBUSDT","err":"Binance /order 400: {\"code\":-1111,\"msg\":\"Parameter 'quantity' has too much precision.\"}","msg":"error en venda òrfena a mercat"}
{"level":40,"time":1774488237692,"pid":37560,"hostname":"DESKTOP-KPAMGTB","module":"auto-trader","symbol":"BNBUSDT","uncoveredUsd":54.866636768700005,"uncovered":0.08482389,"msg":"posició parcialment sense SL — esperant 5 min per corregir"}
{"level":40,"time":1774488241321,"pid":37560,"hostname":"DESKTOP-KPAMGTB","module":"auto-trader","symbol":"SHIBUSDT","uncoveredUsd":18.8383347087,"uncovered":3083197.17,"msg":"posició parcialment sense SL — esperant 5 min per corregir"}
{"level":30,"time":1774488417796,"pid":37560,"hostname":"DESKTOP-KPAMGTB","module":"auto-trader","symbol":"ETHUSDT","msg":"aplicant correcció OCO a posició òrfena…"}
{"level":40,"time":1774488417799,"pid":37560,"hostname":"DESKTOP-KPAMGTB","module":"auto-trader","symbol":"ETHUSDT","uncoveredUsd":28.350361512000003,"msg":"no s'ha trobat cap bot actiu — venent posició òrfena a mercat"}
{"level":50,"time":1774488418061,"pid":37560,"hostname":"DESKTOP-KPAMGTB","module":"auto-trader","symbol":"ETHUSDT","err":"Binance /order 400: {\"code\":-1013,\"msg\":\"Filter failure: LOT_SIZE\"}","msg":"error en venda òrfena a mercat"}
{"level":40,"time":1774488477524,"pid":37560,"hostname":"DESKTOP-KPAMGTB","module":"auto-trader","symbol":"ETHUSDT","uncoveredUsd":28.3338792,"uncovered":0.0130812,"msg":"posició parcialment sense SL — esperant 5 min per corregir"}
{"level":30,"time":1774488598063,"pid":37560,"hostname":"DESKTOP-KPAMGTB","module":"auto-trader","symbol":"BNBUSDT","msg":"aplicant correcció OCO a posició òrfena…"}
{"level":40,"time":1774488598071,"pid":37560,"hostname":"DESKTOP-KPAMGTB","module":"auto-trader","symbol":"BNBUSDT","uncoveredUsd":54.887842741200004,"msg":"no s'ha trobat cap bot actiu — venent posició òrfena a mercat"}
{"level":50,"time":1774488598316,"pid":37560,"hostname":"DESKTOP-KPAMGTB","module":"auto-trader","symbol":"BNBUSDT","err":"Binance /order 400: {\"code\":-1013,\"msg\":\"Filter failure: LOT_SIZE\"}","msg":"error en venda òrfena a mercat"}
{"level":30,"time":1774488602016,"pid":37560,"hostname":"DESKTOP-KPAMGTB","module":"auto-trader","symbol":"SHIBUSDT","msg":"aplicant correcció OCO a posició òrfena…"}
{"level":40,"time":1774488602019,"pid":37560,"hostname":"DESKTOP-KPAMGTB","module":"auto-trader","symbol":"SHIBUSDT","uncoveredUsd":18.8691666804,"msg":"no s'ha trobat cap bot actiu — venent posició òrfena a mercat"}
{"level":50,"time":1774488602255,"pid":37560,"hostname":"DESKTOP-KPAMGTB","module":"auto-trader","symbol":"SHIBUSDT","err":"Binance /order 400: {\"code\":-1111,\"msg\":\"Parameter 'quantity' has too much precision.\"}","msg":"error en venda òrfena a mercat"}
{"level":30,"time":1774488642727,"pid":37560,"hostname":"DESKTOP-KPAMGTB","module":"binance","assets":23,"msg":"balance"}
{"level":30,"time":1774488644499,"pid":37560,"hostname":"DESKTOP-KPAMGTB","module":"orders","symbol":"ATOMUSDT","side":"SELL","fillPrice":1.755,"quantity":"16","commissionInBase":0,"tpPrice":"1.81","slStopPrice":"1.69","buyOrderId":112785480,"ocoOrderListId":2190427,"msg":"compra de mercat + OCO"}
{"level":40,"time":1774488657895,"pid":37560,"hostname":"DESKTOP-KPAMGTB","module":"auto-trader","symbol":"BNBUSDT","uncoveredUsd":54.891809666,"uncovered":0.0847894,"msg":"posició parcialment sense SL — esperant 5 min per corregir"}
{"level":40,"time":1774488661599,"pid":37560,"hostname":"DESKTOP-KPAMGTB","module":"auto-trader","symbol":"SHIBUSDT","uncoveredUsd":18.8691666804,"uncovered":3083197.17,"msg":"posició parcialment sense SL — esperant 5 min per corregir"}
{"level":30,"time":1774488837949,"pid":37560,"hostname":"DESKTOP-KPAMGTB","module":"auto-trader","symbol":"ETHUSDT","msg":"aplicant correcció OCO a posició òrfena…"}
{"level":40,"time":1774488837954,"pid":37560,"hostname":"DESKTOP-KPAMGTB","module":"auto-trader","symbol":"ETHUSDT","uncoveredUsd":28.347483647999997,"msg":"no s'ha trobat cap bot actiu — venent posició òrfena a mercat"}
{"level":50,"time":1774488838194,"pid":37560,"hostname":"DESKTOP-KPAMGTB","module":"auto-trader","symbol":"ETHUSDT","err":"Binance /order 400: {\"code\":-1013,\"msg\":\"Filter failure: LOT_SIZE\"}","msg":"error en venda òrfena a mercat"}
{"level":40,"time":1774488897717,"pid":37560,"hostname":"DESKTOP-KPAMGTB","module":"auto-trader","symbol":"ETHUSDT","uncoveredUsd":28.351408008,"uncovered":0.0130812,"msg":"posició parcialment sense SL — esperant 5 min per corregir"}
{"level":30,"time":1774489017866,"pid":37560,"hostname":"DESKTOP-KPAMGTB","module":"auto-trader","symbol":"BNBUSDT","msg":"aplicant correcció OCO a posició òrfena…"}
{"level":40,"time":1774489017869,"pid":37560,"hostname":"DESKTOP-KPAMGTB","module":"auto-trader","symbol":"BNBUSDT","uncoveredUsd":54.857893906,"msg":"no s'ha trobat cap bot actiu — venent posició òrfena a mercat"}
{"level":50,"time":1774489018099,"pid":37560,"hostname":"DESKTOP-KPAMGTB","module":"auto-trader","symbol":"BNBUSDT","err":"Binance /order 400: {\"code\":-1013,\"msg\":\"Filter failure: LOT_SIZE\"}","msg":"error en venda òrfena a mercat"}
{"level":30,"time":1774489021777,"pid":37560,"hostname":"DESKTOP-KPAMGTB","module":"auto-trader","symbol":"SHIBUSDT","msg":"aplicant correcció OCO a posició òrfena…"}
{"level":40,"time":1774489021782,"pid":37560,"hostname":"DESKTOP-KPAMGTB","module":"auto-trader","symbol":"SHIBUSDT","uncoveredUsd":18.8691666804,"msg":"no s'ha trobat cap bot actiu — venent posició òrfena a mercat"}
{"level":50,"time":1774489022014,"pid":37560,"hostname":"DESKTOP-KPAMGTB","module":"auto-trader","symbol":"SHIBUSDT","err":"Binance /order 400: {\"code\":-1111,\"msg\":\"Parameter 'quantity' has too much precision.\"}","msg":"error en venda òrfena a mercat"}
{"level":40,"time":1774489078037,"pid":37560,"hostname":"DESKTOP-KPAMGTB","module":"auto-trader","symbol":"BNBUSDT","uncoveredUsd":54.851110754,"uncovered":0.0847894,"msg":"posició parcialment sense SL — esperant 5 min per corregir"}
{"level":40,"time":1774489081908,"pid":37560,"hostname":"DESKTOP-KPAMGTB","module":"auto-trader","symbol":"SHIBUSDT","uncoveredUsd":18.8999986521,"uncovered":3083197.17,"msg":"posició parcialment sense SL — esperant 5 min per corregir"}
{"level":30,"time":1774489246055,"pid":37560,"hostname":"DESKTOP-KPAMGTB","module":"binance","assets":23,"msg":"balance"}
{"level":30,"time":1774489247976,"pid":37560,"hostname":"DESKTOP-KPAMGTB","module":"orders","symbol":"AVAXUSDT","side":"SELL","fillPrice":9.690000000000001,"quantity":"2","commissionInBase":0,"tpPrice":"10.14","slStopPrice":"9.42","buyOrderId":166542719,"ocoOrderListId":2190489,"msg":"compra de mercat + OCO"}
{"level":30,"time":1774489257666,"pid":37560,"hostname":"DESKTOP-KPAMGTB","module":"auto-trader","symbol":"ETHUSDT","msg":"aplicant correcció OCO a posició òrfena…"}
{"level":40,"time":1774489257668,"pid":37560,"hostname":"DESKTOP-KPAMGTB","module":"auto-trader","symbol":"ETHUSDT","uncoveredUsd":28.340158176,"msg":"no s'ha trobat cap bot actiu — venent posició òrfena a mercat"}
{"level":50,"time":1774489257897,"pid":37560,"hostname":"DESKTOP-KPAMGTB","module":"auto-trader","symbol":"ETHUSDT","err":"Binance /order 400: {\"code\":-1013,\"msg\":\"Filter failure: LOT_SIZE\"}","msg":"error en venda òrfena a mercat"}
{"level":40,"time":1774489317773,"pid":37560,"hostname":"DESKTOP-KPAMGTB","module":"auto-trader","symbol":"ETHUSDT","uncoveredUsd":28.341727919999997,"uncovered":0.0130812,"msg":"posició parcialment sense SL — esperant 5 min per corregir"}
{"level":30,"time":1774489437949,"pid":37560,"hostname":"DESKTOP-KPAMGTB","module":"auto-trader","symbol":"BNBUSDT","msg":"aplicant correcció OCO a posició òrfena…"}
{"level":40,"time":1774489437952,"pid":37560,"hostname":"DESKTOP-KPAMGTB","module":"auto-trader","symbol":"BNBUSDT","uncoveredUsd":54.7907941735,"msg":"no s'ha trobat cap bot actiu — venent posició òrfena a mercat"}
{"level":50,"time":1774489438181,"pid":37560,"hostname":"DESKTOP-KPAMGTB","module":"auto-trader","symbol":"BNBUSDT","err":"Binance /order 400: {\"code\":-1013,\"msg\":\"Filter failure: LOT_SIZE\"}","msg":"error en venda òrfena a mercat"}
{"level":30,"time":1774489441821,"pid":37560,"hostname":"DESKTOP-KPAMGTB","module":"auto-trader","symbol":"SHIBUSDT","msg":"aplicant correcció OCO a posició òrfena…"}
{"level":40,"time":1774489441824,"pid":37560,"hostname":"DESKTOP-KPAMGTB","module":"auto-trader","symbol":"SHIBUSDT","uncoveredUsd":18.8691666804,"msg":"no s'ha trobat cap bot actiu — venent posició òrfena a mercat"}
{"level":50,"time":1774489442052,"pid":37560,"hostname":"DESKTOP-KPAMGTB","module":"auto-trader","symbol":"SHIBUSDT","err":"Binance /order 400: {\"code\":-1111,\"msg\":\"Parameter 'quantity' has too much precision.\"}","msg":"error en venda òrfena a mercat"}
{"level":40,"time":1774489498162,"pid":37560,"hostname":"DESKTOP-KPAMGTB","module":"auto-trader","symbol":"BNBUSDT","uncoveredUsd":54.809440588099996,"uncovered":0.08475643,"msg":"posició parcialment sense SL — esperant 5 min per corregir"}
{"level":40,"time":1774489502058,"pid":37560,"hostname":"DESKTOP-KPAMGTB","module":"auto-trader","symbol":"SHIBUSDT","uncoveredUsd":18.8691666804,"uncovered":3083197.17,"msg":"posició parcialment sense SL — esperant 5 min per corregir"}
{"level":30,"time":1774489677698,"pid":37560,"hostname":"DESKTOP-KPAMGTB","module":"auto-trader","symbol":"ETHUSDT","msg":"aplicant correcció OCO a posició òrfena…"}
{"level":40,"time":1774489677701,"pid":37560,"hostname":"DESKTOP-KPAMGTB","module":"auto-trader","symbol":"ETHUSDT","uncoveredUsd":28.3240683,"msg":"no s'ha trobat cap bot actiu — venent posició òrfena a mercat"}
{"level":50,"time":1774489677927,"pid":37560,"hostname":"DESKTOP-KPAMGTB","module":"auto-trader","symbol":"ETHUSDT","err":"Binance /order 400: {\"code\":-1013,\"msg\":\"Filter failure: LOT_SIZE\"}","msg":"error en venda òrfena a mercat"}
{"level":40,"time":1774489737711,"pid":37560,"hostname":"DESKTOP-KPAMGTB","module":"auto-trader","symbol":"ETHUSDT","uncoveredUsd":28.31621958,"uncovered":0.0130812,"msg":"posició parcialment sense SL — esperant 5 min per corregir"}
{"level":30,"time":1774489848722,"pid":37560,"hostname":"DESKTOP-KPAMGTB","module":"binance","assets":23,"msg":"balance"}
{"level":50,"time":1774489850148,"pid":37560,"hostname":"DESKTOP-KPAMGTB","module":"api","source":"orders/buy-and-exit","code":"BAD_PARAMS","err":"Binance /orderList/oco 400: {\"code\":-1013,\"msg\":\"Invalid quantity.\"}","msg":"error de ruta"}
{"level":30,"time":1774489857548,"pid":37560,"hostname":"DESKTOP-KPAMGTB","module":"auto-trader","symbol":"LTCUSDT","msg":"aplicant correcció OCO a posició òrfena…"}
{"level":40,"time":1774489857551,"pid":37560,"hostname":"DESKTOP-KPAMGTB","module":"auto-trader","symbol":"LTCUSDT","uncoveredUsd":26.50300928,"msg":"no s'ha trobat cap bot actiu — venent posició òrfena a mercat"}
{"level":50,"time":1774489857800,"pid":37560,"hostname":"DESKTOP-KPAMGTB","module":"auto-trader","symbol":"LTCUSDT","err":"Binance /order 400: {\"code\":-1013,\"msg\":\"Filter failure: LOT_SIZE\"}","msg":"error en venda òrfena a mercat"}
{"level":30,"time":1774489858275,"pid":37560,"hostname":"DESKTOP-KPAMGTB","module":"auto-trader","symbol":"BNBUSDT","msg":"aplicant correcció OCO a posició òrfena…"}
{"level":40,"time":1774489858279,"pid":37560,"hostname":"DESKTOP-KPAMGTB","module":"auto-trader","symbol":"BNBUSDT","uncoveredUsd":54.763258206799996,"msg":"no s'ha trobat cap bot actiu — venent posició òrfena a mercat"}
{"level":50,"time":1774489858514,"pid":37560,"hostname":"DESKTOP-KPAMGTB","module":"auto-trader","symbol":"BNBUSDT","err":"Binance /order 400: {\"code\":-1013,\"msg\":\"Filter failure: LOT_SIZE\"}","msg":"error en venda òrfena a mercat"}
{"level":30,"time":1774489862365,"pid":37560,"hostname":"DESKTOP-KPAMGTB","module":"auto-trader","symbol":"SHIBUSDT","msg":"aplicant correcció OCO a posició òrfena…"}
{"level":40,"time":1774489862370,"pid":37560,"hostname":"DESKTOP-KPAMGTB","module":"auto-trader","symbol":"SHIBUSDT","uncoveredUsd":18.8383347087,"msg":"no s'ha trobat cap bot actiu — venent posició òrfena a mercat"}
{"level":50,"time":1774489862628,"pid":37560,"hostname":"DESKTOP-KPAMGTB","module":"auto-trader","symbol":"SHIBUSDT","err":"Binance /order 400: {\"code\":-1111,\"msg\":\"Parameter 'quantity' has too much precision.\"}","msg":"error en venda òrfena a mercat"}
{"level":40,"time":1774489917908,"pid":37560,"hostname":"DESKTOP-KPAMGTB","module":"auto-trader","symbol":"LTCUSDT","uncoveredUsd":26.49830349,"uncovered":0.470579,"msg":"posició parcialment sense SL — esperant 5 min per corregir"}
{"level":40,"time":1774489918392,"pid":37560,"hostname":"DESKTOP-KPAMGTB","module":"auto-trader","symbol":"BNBUSDT","uncoveredUsd":54.7488548497,"uncovered":0.08472563,"msg":"posició parcialment sense SL — esperant 5 min per corregir"}
{"level":40,"time":1774489922261,"pid":37560,"hostname":"DESKTOP-KPAMGTB","module":"auto-trader","symbol":"SHIBUSDT","uncoveredUsd":18.8383347087,"uncovered":3083197.17,"msg":"posició parcialment sense SL — esperant 5 min per corregir"}
{"level":30,"time":1774490097798,"pid":37560,"hostname":"DESKTOP-KPAMGTB","module":"auto-trader","symbol":"ETHUSDT","msg":"aplicant correcció OCO a posició òrfena…"}
{"level":40,"time":1774490097804,"pid":37560,"hostname":"DESKTOP-KPAMGTB","module":"auto-trader","symbol":"ETHUSDT","uncoveredUsd":28.309286544,"msg":"no s'ha trobat cap bot actiu — venent posició òrfena a mercat"}
{"level":50,"time":1774490098035,"pid":37560,"hostname":"DESKTOP-KPAMGTB","module":"auto-trader","symbol":"ETHUSDT","err":"Binance /order 400: {\"code\":-1013,\"msg\":\"Filter failure: LOT_SIZE\"}","msg":"error en venda òrfena a mercat"}
{"level":40,"time":1774490157781,"pid":37560,"hostname":"DESKTOP-KPAMGTB","module":"auto-trader","symbol":"ETHUSDT","uncoveredUsd":28.313603339999997,"uncovered":0.0130812,"msg":"posició parcialment sense SL — esperant 5 min per corregir"}
{"level":30,"time":1774490277851,"pid":37560,"hostname":"DESKTOP-KPAMGTB","module":"auto-trader","symbol":"LTCUSDT","msg":"aplicant correcció OCO a posició òrfena…"}
{"level":40,"time":1774490277857,"pid":37560,"hostname":"DESKTOP-KPAMGTB","module":"auto-trader","symbol":"LTCUSDT","uncoveredUsd":26.52653823,"msg":"no s'ha trobat cap bot actiu — venent posició òrfena a mercat"}
{"level":50,"time":1774490278104,"pid":37560,"hostname":"DESKTOP-KPAMGTB","module":"auto-trader","symbol":"LTCUSDT","err":"Binance /order 400: {\"code\":-1013,\"msg\":\"Filter failure: LOT_SIZE\"}","msg":"error en venda òrfena a mercat"}
{"level":30,"time":1774490278579,"pid":37560,"hostname":"DESKTOP-KPAMGTB","module":"auto-trader","symbol":"BNBUSDT","msg":"aplicant correcció OCO a posició òrfena…"}
{"level":40,"time":1774490278582,"pid":37560,"hostname":"DESKTOP-KPAMGTB","module":"auto-trader","symbol":"BNBUSDT","uncoveredUsd":54.81070455959999,"msg":"no s'ha trobat cap bot actiu — venent posició òrfena a mercat"}
{"level":50,"time":1774490278815,"pid":37560,"hostname":"DESKTOP-KPAMGTB","module":"auto-trader","symbol":"BNBUSDT","err":"Binance /order 400: {\"code\":-1013,\"msg\":\"Filter failure: LOT_SIZE\"}","msg":"error en venda òrfena a mercat"}
{"level":30,"time":1774490282552,"pid":37560,"hostname":"DESKTOP-KPAMGTB","module":"auto-trader","symbol":"SHIBUSDT","msg":"aplicant correcció OCO a posició òrfena…"}
{"level":40,"time":1774490282557,"pid":37560,"hostname":"DESKTOP-KPAMGTB","module":"auto-trader","symbol":"SHIBUSDT","uncoveredUsd":18.8691666804,"msg":"no s'ha trobat cap bot actiu — venent posició òrfena a mercat"}
{"level":50,"time":1774490282799,"pid":37560,"hostname":"DESKTOP-KPAMGTB","module":"auto-trader","symbol":"SHIBUSDT","err":"Binance /order 400: {\"code\":-1111,\"msg\":\"Parameter 'quantity' has too much precision.\"}","msg":"error en venda òrfena a mercat"}
{"level":40,"time":1774490337782,"pid":37560,"hostname":"DESKTOP-KPAMGTB","module":"auto-trader","symbol":"LTCUSDT","uncoveredUsd":26.512420860000002,"uncovered":0.470579,"msg":"posició parcialment sense SL — esperant 5 min per corregir"}
{"level":40,"time":1774490338237,"pid":37560,"hostname":"DESKTOP-KPAMGTB","module":"auto-trader","symbol":"BNBUSDT","uncoveredUsd":54.7844396143,"uncovered":0.08472563,"msg":"posició parcialment sense SL — esperant 5 min per corregir"}
{"level":40,"time":1774490341846,"pid":37560,"hostname":"DESKTOP-KPAMGTB","module":"auto-trader","symbol":"SHIBUSDT","uncoveredUsd":18.807502737,"uncovered":3083197.17,"msg":"posició parcialment sense SL — esperant 5 min per corregir"}
{"level":30,"time":1774490374432,"pid":37560,"hostname":"DESKTOP-KPAMGTB","module":"binance","assets":23,"msg":"balance"}
{"level":50,"time":1774490384183,"pid":37560,"hostname":"DESKTOP-KPAMGTB","module":"api","source":"orders","code":"NETWORK","err":"fetch failed","msg":"error de ruta"}
{"level":30,"time":1774490400852,"pid":37560,"hostname":"DESKTOP-KPAMGTB","module":"telegram","msg":"informe horari enviat"}
{"level":30,"time":1774490517820,"pid":37560,"hostname":"DESKTOP-KPAMGTB","module":"auto-trader","symbol":"ETHUSDT","msg":"aplicant correcció OCO a posició òrfena…"}
{"level":40,"time":1774490517821,"pid":37560,"hostname":"DESKTOP-KPAMGTB","module":"auto-trader","symbol":"ETHUSDT","uncoveredUsd":28.322498556,"msg":"no s'ha trobat cap bot actiu — venent posició òrfena a mercat"}
{"level":50,"time":1774490518050,"pid":37560,"hostname":"DESKTOP-KPAMGTB","module":"auto-trader","symbol":"ETHUSDT","err":"Binance /order 400: {\"code\":-1013,\"msg\":\"Filter failure: LOT_SIZE\"}","msg":"error en venda òrfena a mercat"}
{"level":40,"time":1774490577807,"pid":37560,"hostname":"DESKTOP-KPAMGTB","module":"auto-trader","symbol":"ETHUSDT","uncoveredUsd":28.331001336,"uncovered":0.0130812,"msg":"posició parcialment sense SL — esperant 5 min per corregir"}
{"level":30,"time":1774490697622,"pid":37560,"hostname":"DESKTOP-KPAMGTB","module":"auto-trader","symbol":"LTCUSDT","msg":"aplicant correcció OCO a posició òrfena…"}
{"level":40,"time":1774490697623,"pid":37560,"hostname":"DESKTOP-KPAMGTB","module":"auto-trader","symbol":"LTCUSDT","uncoveredUsd":26.4935977,"msg":"no s'ha trobat cap bot actiu — venent posició òrfena a mercat"}
{"level":50,"time":1774490697857,"pid":37560,"hostname":"DESKTOP-KPAMGTB","module":"auto-trader","symbol":"LTCUSDT","err":"Binance /order 400: {\"code\":-1013,\"msg\":\"Filter failure: LOT_SIZE\"}","msg":"error en venda òrfena a mercat"}
{"level":30,"time":1774490698309,"pid":37560,"hostname":"DESKTOP-KPAMGTB","module":"auto-trader","symbol":"BNBUSDT","msg":"aplicant correcció OCO a posició òrfena…"}
{"level":40,"time":1774490698311,"pid":37560,"hostname":"DESKTOP-KPAMGTB","module":"auto-trader","symbol":"BNBUSDT","uncoveredUsd":54.768341744599994,"msg":"no s'ha trobat cap bot actiu — venent posició òrfena a mercat"}
{"level":50,"time":1774490698539,"pid":37560,"hostname":"DESKTOP-KPAMGTB","module":"auto-trader","symbol":"BNBUSDT","err":"Binance /order 400: {\"code\":-1013,\"msg\":\"Filter failure: LOT_SIZE\"}","msg":"error en venda òrfena a mercat"}
{"level":30,"time":1774490702188,"pid":37560,"hostname":"DESKTOP-KPAMGTB","module":"auto-trader","symbol":"SHIBUSDT","msg":"aplicant correcció OCO a posició òrfena…"}
{"level":40,"time":1774490702189,"pid":37560,"hostname":"DESKTOP-KPAMGTB","module":"auto-trader","symbol":"SHIBUSDT","uncoveredUsd":18.807502737,"msg":"no s'ha trobat cap bot actiu — venent posició òrfena a mercat"}
{"level":50,"time":1774490702418,"pid":37560,"hostname":"DESKTOP-KPAMGTB","module":"auto-trader","symbol":"SHIBUSDT","err":"Binance /order 400: {\"code\":-1111,\"msg\":\"Parameter 'quantity' has too much precision.\"}","msg":"error en venda òrfena a mercat"}
{"level":40,"time":1774490758115,"pid":37560,"hostname":"DESKTOP-KPAMGTB","module":"auto-trader","symbol":"LTCUSDT","uncoveredUsd":26.48418612,"uncovered":0.470579,"msg":"posició parcialment sense SL — esperant 5 min per corregir"}
{"level":40,"time":1774490758577,"pid":37560,"hostname":"DESKTOP-KPAMGTB","module":"auto-trader","symbol":"BNBUSDT","uncoveredUsd":54.74631308079999,"uncovered":0.08472563,"msg":"posició parcialment sense SL — esperant 5 min per corregir"}
{"level":40,"time":1774490762238,"pid":37560,"hostname":"DESKTOP-KPAMGTB","module":"auto-trader","symbol":"SHIBUSDT","uncoveredUsd":18.807502737,"uncovered":3083197.17,"msg":"posició parcialment sense SL — esperant 5 min per corregir"}
{"level":30,"time":1774490937870,"pid":37560,"hostname":"DESKTOP-KPAMGTB","module":"auto-trader","symbol":"ETHUSDT","msg":"aplicant correcció OCO a posició òrfena…"}
{"level":40,"time":1774490937873,"pid":37560,"hostname":"DESKTOP-KPAMGTB","module":"auto-trader","symbol":"ETHUSDT","uncoveredUsd":28.254868752,"msg":"no s'ha trobat cap bot actiu — venent posició òrfena a mercat"}
{"level":50,"time":1774490938104,"pid":37560,"hostname":"DESKTOP-KPAMGTB","module":"auto-trader","symbol":"ETHUSDT","err":"Binance /order 400: {\"code\":-1013,\"msg\":\"Filter failure: LOT_SIZE\"}","msg":"error en venda òrfena a mercat"}
{"level":40,"time":1774490997890,"pid":37560,"hostname":"DESKTOP-KPAMGTB","module":"auto-trader","symbol":"ETHUSDT","uncoveredUsd":28.262063412000003,"uncovered":0.0130812,"msg":"posició parcialment sense SL — esperant 5 min per corregir"}
{"level":30,"time":1774491117723,"pid":37560,"hostname":"DESKTOP-KPAMGTB","module":"auto-trader","symbol":"LTCUSDT","msg":"aplicant correcció OCO a posició òrfena…"}
{"level":40,"time":1774491117727,"pid":37560,"hostname":"DESKTOP-KPAMGTB","module":"auto-trader","symbol":"LTCUSDT","uncoveredUsd":26.446539800000004,"msg":"no s'ha trobat cap bot actiu — venent posició òrfena a mercat"}
{"level":50,"time":1774491117995,"pid":37560,"hostname":"DESKTOP-KPAMGTB","module":"auto-trader","symbol":"LTCUSDT","err":"Binance /order 400: {\"code\":-1013,\"msg\":\"Filter failure: LOT_SIZE\"}","msg":"error en venda òrfena a mercat"}
{"level":30,"time":1774491118514,"pid":37560,"hostname":"DESKTOP-KPAMGTB","module":"auto-trader","symbol":"BNBUSDT","msg":"aplicant correcció OCO a posició òrfena…"}
{"level":40,"time":1774491118519,"pid":37560,"hostname":"DESKTOP-KPAMGTB","module":"auto-trader","symbol":"BNBUSDT","uncoveredUsd":54.6853106272,"msg":"no s'ha trobat cap bot actiu — venent posició òrfena a mercat"}
{"level":50,"time":1774491118783,"pid":37560,"hostname":"DESKTOP-KPAMGTB","module":"auto-trader","symbol":"BNBUSDT","err":"Binance /order 400: {\"code\":-1013,\"msg\":\"Filter failure: LOT_SIZE\"}","msg":"error en venda òrfena a mercat"}
{"level":30,"time":1774491122900,"pid":37560,"hostname":"DESKTOP-KPAMGTB","module":"auto-trader","symbol":"SHIBUSDT","msg":"aplicant correcció OCO a posició òrfena…"}
{"level":40,"time":1774491122902,"pid":37560,"hostname":"DESKTOP-KPAMGTB","module":"auto-trader","symbol":"SHIBUSDT","uncoveredUsd":18.7458387936,"msg":"no s'ha trobat cap bot actiu — venent posició òrfena a mercat"}
{"level":50,"time":1774491123167,"pid":37560,"hostname":"DESKTOP-KPAMGTB","module":"auto-trader","symbol":"SHIBUSDT","err":"Binance /order 400: {\"code\":-1111,\"msg\":\"Parameter 'quantity' has too much precision.\"}","msg":"error en venda òrfena a mercat"}
{"level":40,"time":1774491177933,"pid":37560,"hostname":"DESKTOP-KPAMGTB","module":"auto-trader","symbol":"LTCUSDT","uncoveredUsd":26.446539800000004,"uncovered":0.470579,"msg":"posició parcialment sense SL — esperant 5 min per corregir"}
{"level":40,"time":1774491178423,"pid":37560,"hostname":"DESKTOP-KPAMGTB","module":"auto-trader","symbol":"BNBUSDT","uncoveredUsd":54.6768380642,"uncovered":0.08472563,"msg":"posició parcialment sense SL — esperant 5 min per corregir"}
{"level":40,"time":1774491182304,"pid":37560,"hostname":"DESKTOP-KPAMGTB","module":"auto-trader","symbol":"SHIBUSDT","uncoveredUsd":18.7458387936,"uncovered":3083197.17,"msg":"posició parcialment sense SL — esperant 5 min per corregir"}
{"level":30,"time":1774491358001,"pid":37560,"hostname":"DESKTOP-KPAMGTB","module":"auto-trader","symbol":"ETHUSDT","msg":"aplicant correcció OCO a posició òrfena…"}
{"level":40,"time":1774491358004,"pid":37560,"hostname":"DESKTOP-KPAMGTB","module":"auto-trader","symbol":"ETHUSDT","uncoveredUsd":28.23707832,"msg":"no s'ha trobat cap bot actiu — venent posició òrfena a mercat"}
{"level":50,"time":1774491358243,"pid":37560,"hostname":"DESKTOP-KPAMGTB","module":"auto-trader","symbol":"ETHUSDT","err":"Binance /order 400: {\"code\":-1013,\"msg\":\"Filter failure: LOT_SIZE\"}","msg":"error en venda òrfena a mercat"}
{"level":40,"time":1774491417954,"pid":37560,"hostname":"DESKTOP-KPAMGTB","module":"auto-trader","symbol":"ETHUSDT","uncoveredUsd":28.21418622,"uncovered":0.0130812,"msg":"posició parcialment sense SL — esperant 5 min per corregir"}
{"level":30,"time":1774491537702,"pid":37560,"hostname":"DESKTOP-KPAMGTB","module":"auto-trader","symbol":"LTCUSDT","msg":"aplicant correcció OCO a posició òrfena…"}
{"level":40,"time":1774491537704,"pid":37560,"hostname":"DESKTOP-KPAMGTB","module":"auto-trader","symbol":"LTCUSDT","uncoveredUsd":26.394776110000002,"msg":"no s'ha trobat cap bot actiu — venent posició òrfena a mercat"}
{"level":50,"time":1774491537939,"pid":37560,"hostname":"DESKTOP-KPAMGTB","module":"auto-trader","symbol":"LTCUSDT","err":"Binance /order 400: {\"code\":-1013,\"msg\":\"Filter failure: LOT_SIZE\"}","msg":"error en venda òrfena a mercat"}
{"level":30,"time":1774491538390,"pid":37560,"hostname":"DESKTOP-KPAMGTB","module":"auto-trader","symbol":"BNBUSDT","msg":"aplicant correcció OCO a posició òrfena…"}
{"level":40,"time":1774491538391,"pid":37560,"hostname":"DESKTOP-KPAMGTB","module":"auto-trader","symbol":"BNBUSDT","uncoveredUsd":54.6353225055,"msg":"no s'ha trobat cap bot actiu — venent posició òrfena a mercat"}
{"level":50,"time":1774491538620,"pid":37560,"hostname":"DESKTOP-KPAMGTB","module":"auto-trader","symbol":"BNBUSDT","err":"Binance /order 400: {\"code\":-1013,\"msg\":\"Filter failure: LOT_SIZE\"}","msg":"error en venda òrfena a mercat"}
{"level":30,"time":1774491542250,"pid":37560,"hostname":"DESKTOP-KPAMGTB","module":"auto-trader","symbol":"SHIBUSDT","msg":"aplicant correcció OCO a posició òrfena…"}
{"level":40,"time":1774491542252,"pid":37560,"hostname":"DESKTOP-KPAMGTB","module":"auto-trader","symbol":"SHIBUSDT","uncoveredUsd":18.7458387936,"msg":"no s'ha trobat cap bot actiu — venent posició òrfena a mercat"}
{"level":50,"time":1774491542483,"pid":37560,"hostname":"DESKTOP-KPAMGTB","module":"auto-trader","symbol":"SHIBUSDT","err":"Binance /order 400: {\"code\":-1111,\"msg\":\"Parameter 'quantity' has too much precision.\"}","msg":"error en venda òrfena a mercat"}
{"level":40,"time":1774491598053,"pid":37560,"hostname":"DESKTOP-KPAMGTB","module":"auto-trader","symbol":"LTCUSDT","uncoveredUsd":26.38536453,"uncovered":0.470579,"msg":"posició parcialment sense SL — esperant 5 min per corregir"}
{"level":40,"time":1774491598533,"pid":37560,"hostname":"DESKTOP-KPAMGTB","module":"auto-trader","symbol":"BNBUSDT","uncoveredUsd":54.6336279929,"uncovered":0.08472563,"msg":"posició parcialment sense SL — esperant 5 min per corregir"}
{"level":40,"time":1774491602389,"pid":37560,"hostname":"DESKTOP-KPAMGTB","module":"auto-trader","symbol":"SHIBUSDT","uncoveredUsd":18.7150068219,"uncovered":3083197.17,"msg":"posició parcialment sense SL — esperant 5 min per corregir"}
{"level":30,"time":1774491777978,"pid":37560,"hostname":"DESKTOP-KPAMGTB","module":"auto-trader","symbol":"ETHUSDT","msg":"aplicant correcció OCO a posició òrfena…"}
{"level":40,"time":1774491777982,"pid":37560,"hostname":"DESKTOP-KPAMGTB","module":"auto-trader","symbol":"ETHUSDT","uncoveredUsd":28.191032496,"msg":"no s'ha trobat cap bot actiu — venent posició òrfena a mercat"}
{"level":50,"time":1774491778220,"pid":37560,"hostname":"DESKTOP-KPAMGTB","module":"auto-trader","symbol":"ETHUSDT","err":"Binance /order 400: {\"code\":-1013,\"msg\":\"Filter failure: LOT_SIZE\"}","msg":"error en venda òrfena a mercat"}
{"level":40,"time":1774491838019,"pid":37560,"hostname":"DESKTOP-KPAMGTB","module":"auto-trader","symbol":"ETHUSDT","uncoveredUsd":28.163038728,"uncovered":0.0130812,"msg":"posició parcialment sense SL — esperant 5 min per corregir"}
{"level":30,"time":1774491957768,"pid":37560,"hostname":"DESKTOP-KPAMGTB","module":"auto-trader","symbol":"LTCUSDT","msg":"aplicant correcció OCO a posició òrfena…"}
{"level":40,"time":1774491957771,"pid":37560,"hostname":"DESKTOP-KPAMGTB","module":"auto-trader","symbol":"LTCUSDT","uncoveredUsd":26.40418769,"msg":"no s'ha trobat cap bot actiu — venent posició òrfena a mercat"}
{"level":50,"time":1774491958020,"pid":37560,"hostname":"DESKTOP-KPAMGTB","module":"auto-trader","symbol":"LTCUSDT","err":"Binance /order 400: {\"code\":-1013,\"msg\":\"Filter failure: LOT_SIZE\"}","msg":"error en venda òrfena a mercat"}
{"level":30,"time":1774491958496,"pid":37560,"hostname":"DESKTOP-KPAMGTB","module":"auto-trader","symbol":"BNBUSDT","msg":"aplicant correcció OCO a posició òrfena…"}
{"level":40,"time":1774491958499,"pid":37560,"hostname":"DESKTOP-KPAMGTB","module":"auto-trader","symbol":"BNBUSDT","uncoveredUsd":54.6539621441,"msg":"no s'ha trobat cap bot actiu — venent posició òrfena a mercat"}
{"level":50,"time":1774491958726,"pid":37560,"hostname":"DESKTOP-KPAMGTB","module":"auto-trader","symbol":"BNBUSDT","err":"Binance /order 400: {\"code\":-1013,\"msg\":\"Filter failure: LOT_SIZE\"}","msg":"error en venda òrfena a mercat"}
{"level":30,"time":1774491962578,"pid":37560,"hostname":"DESKTOP-KPAMGTB","module":"auto-trader","symbol":"SHIBUSDT","msg":"aplicant correcció OCO a posició òrfena…"}
{"level":40,"time":1774491962583,"pid":37560,"hostname":"DESKTOP-KPAMGTB","module":"auto-trader","symbol":"SHIBUSDT","uncoveredUsd":18.7766707653,"msg":"no s'ha trobat cap bot actiu — venent posició òrfena a mercat"}
{"level":50,"time":1774491962817,"pid":37560,"hostname":"DESKTOP-KPAMGTB","module":"auto-trader","symbol":"SHIBUSDT","err":"Binance /order 400: {\"code\":-1111,\"msg\":\"Parameter 'quantity' has too much precision.\"}","msg":"error en venda òrfena a mercat"}
{"level":40,"time":1774492018025,"pid":37560,"hostname":"DESKTOP-KPAMGTB","module":"auto-trader","symbol":"LTCUSDT","uncoveredUsd":26.39007032,"uncovered":0.470579,"msg":"posició parcialment sense SL — esperant 5 min per corregir"}
{"level":40,"time":1774492018490,"pid":37560,"hostname":"DESKTOP-KPAMGTB","module":"auto-trader","symbol":"BNBUSDT","uncoveredUsd":54.6463368374,"uncovered":0.08472563,"msg":"posició parcialment sense SL — esperant 5 min per corregir"}
{"level":40,"time":1774492022119,"pid":37560,"hostname":"DESKTOP-KPAMGTB","module":"auto-trader","symbol":"SHIBUSDT","uncoveredUsd":18.7458387936,"uncovered":3083197.17,"msg":"posició parcialment sense SL — esperant 5 min per corregir"}
{"level":30,"time":1774492198016,"pid":37560,"hostname":"DESKTOP-KPAMGTB","module":"auto-trader","symbol":"ETHUSDT","msg":"aplicant correcció OCO a posició òrfena…"}
{"level":40,"time":1774492198019,"pid":37560,"hostname":"DESKTOP-KPAMGTB","module":"auto-trader","symbol":"ETHUSDT","uncoveredUsd":28.180044287999994,"msg":"no s'ha trobat cap bot actiu — venent posició òrfena a mercat"}
{"level":50,"time":1774492198271,"pid":37560,"hostname":"DESKTOP-KPAMGTB","module":"auto-trader","symbol":"ETHUSDT","err":"Binance /order 400: {\"code\":-1013,\"msg\":\"Filter failure: LOT_SIZE\"}","msg":"error en venda òrfena a mercat"}
{"level":40,"time":1774492258293,"pid":37560,"hostname":"DESKTOP-KPAMGTB","module":"auto-trader","symbol":"ETHUSDT","uncoveredUsd":28.163561976,"uncovered":0.0130812,"msg":"posició parcialment sense SL — esperant 5 min per corregir"}
{"level":30,"time":1774492378042,"pid":37560,"hostname":"DESKTOP-KPAMGTB","module":"auto-trader","symbol":"LTCUSDT","msg":"aplicant correcció OCO a posició òrfena…"}
{"level":40,"time":1774492378046,"pid":37560,"hostname":"DESKTOP-KPAMGTB","module":"auto-trader","symbol":"LTCUSDT","uncoveredUsd":26.333600840000003,"msg":"no s'ha trobat cap bot actiu — venent posició òrfena a mercat"}
{"level":50,"time":1774492378278,"pid":37560,"hostname":"DESKTOP-KPAMGTB","module":"auto-trader","symbol":"LTCUSDT","err":"Binance /order 400: {\"code\":-1013,\"msg\":\"Filter failure: LOT_SIZE\"}","msg":"error en venda òrfena a mercat"}
{"level":30,"time":1774492378732,"pid":37560,"hostname":"DESKTOP-KPAMGTB","module":"auto-trader","symbol":"BNBUSDT","msg":"aplicant correcció OCO a posició òrfena…"}
{"level":40,"time":1774492378733,"pid":37560,"hostname":"DESKTOP-KPAMGTB","module":"auto-trader","symbol":"BNBUSDT","uncoveredUsd":54.526026442799996,"msg":"no s'ha trobat cap bot actiu — venent posició òrfena a mercat"}
{"level":50,"time":1774492378963,"pid":37560,"hostname":"DESKTOP-KPAMGTB","module":"auto-trader","symbol":"BNBUSDT","err":"Binance /order 400: {\"code\":-1013,\"msg\":\"Filter failure: LOT_SIZE\"}","msg":"error en venda òrfena a mercat"}
{"level":30,"time":1774492382628,"pid":37560,"hostname":"DESKTOP-KPAMGTB","module":"auto-trader","symbol":"SHIBUSDT","msg":"aplicant correcció OCO a posició òrfena…"}
{"level":40,"time":1774492382635,"pid":37560,"hostname":"DESKTOP-KPAMGTB","module":"auto-trader","symbol":"SHIBUSDT","uncoveredUsd":18.684174850199998,"msg":"no s'ha trobat cap bot actiu — venent posició òrfena a mercat"}
{"level":50,"time":1774492382893,"pid":37560,"hostname":"DESKTOP-KPAMGTB","module":"auto-trader","symbol":"SHIBUSDT","err":"Binance /order 400: {\"code\":-1111,\"msg\":\"Parameter 'quantity' has too much precision.\"}","msg":"error en venda òrfena a mercat"}
{"level":40,"time":1774492438154,"pid":37560,"hostname":"DESKTOP-KPAMGTB","module":"auto-trader","symbol":"LTCUSDT","uncoveredUsd":26.333600840000003,"uncovered":0.470579,"msg":"posició parcialment sense SL — esperant 5 min per corregir"}
{"level":40,"time":1774492438612,"pid":37560,"hostname":"DESKTOP-KPAMGTB","module":"auto-trader","symbol":"BNBUSDT","uncoveredUsd":54.526026442799996,"uncovered":0.08472563,"msg":"posició parcialment sense SL — esperant 5 min per corregir"}
{"level":40,"time":1774492442220,"pid":37560,"hostname":"DESKTOP-KPAMGTB","module":"auto-trader","symbol":"SHIBUSDT","uncoveredUsd":18.684174850199998,"uncovered":3083197.17,"msg":"posició parcialment sense SL — esperant 5 min per corregir"}
{"level":30,"time":1774492618073,"pid":37560,"hostname":"DESKTOP-KPAMGTB","module":"auto-trader","symbol":"ETHUSDT","msg":"aplicant correcció OCO a posició òrfena…"}
{"level":40,"time":1774492618079,"pid":37560,"hostname":"DESKTOP-KPAMGTB","module":"auto-trader","symbol":"ETHUSDT","uncoveredUsd":28.092923495999997,"msg":"no s'ha trobat cap bot actiu — venent posició òrfena a mercat"}
{"level":50,"time":1774492618314,"pid":37560,"hostname":"DESKTOP-KPAMGTB","module":"auto-trader","symbol":"ETHUSDT","err":"Binance /order 400: {\"code\":-1013,\"msg\":\"Filter failure: LOT_SIZE\"}","msg":"error en venda òrfena a mercat"}
{"level":40,"time":1774492678065,"pid":37560,"hostname":"DESKTOP-KPAMGTB","module":"auto-trader","symbol":"ETHUSDT","uncoveredUsd":28.082327724,"uncovered":0.0130812,"msg":"posició parcialment sense SL — esperant 5 min per corregir"}
{"level":30,"time":1774492797922,"pid":37560,"hostname":"DESKTOP-KPAMGTB","module":"auto-trader","symbol":"LTCUSDT","msg":"aplicant correcció OCO a posició òrfena…"}
{"level":40,"time":1774492797925,"pid":37560,"hostname":"DESKTOP-KPAMGTB","module":"auto-trader","symbol":"LTCUSDT","uncoveredUsd":26.30066031,"msg":"no s'ha trobat cap bot actiu — venent posició òrfena a mercat"}
{"level":50,"time":1774492798162,"pid":37560,"hostname":"DESKTOP-KPAMGTB","module":"auto-trader","symbol":"LTCUSDT","err":"Binance /order 400: {\"code\":-1013,\"msg\":\"Filter failure: LOT_SIZE\"}","msg":"error en venda òrfena a mercat"}
{"level":30,"time":1774492798632,"pid":37560,"hostname":"DESKTOP-KPAMGTB","module":"auto-trader","symbol":"BNBUSDT","msg":"aplicant correcció OCO a posició òrfena…"}
{"level":40,"time":1774492798639,"pid":37560,"hostname":"DESKTOP-KPAMGTB","module":"auto-trader","symbol":"BNBUSDT","uncoveredUsd":54.4675657581,"msg":"no s'ha trobat cap bot actiu — venent posició òrfena a mercat"}
{"level":50,"time":1774492798903,"pid":37560,"hostname":"DESKTOP-KPAMGTB","module":"auto-trader","symbol":"BNBUSDT","err":"Binance /order 400: {\"code\":-1013,\"msg\":\"Filter failure: LOT_SIZE\"}","msg":"error en venda òrfena a mercat"}
{"level":30,"time":1774492802707,"pid":37560,"hostname":"DESKTOP-KPAMGTB","module":"auto-trader","symbol":"SHIBUSDT","msg":"aplicant correcció OCO a posició òrfena…"}
{"level":40,"time":1774492802709,"pid":37560,"hostname":"DESKTOP-KPAMGTB","module":"auto-trader","symbol":"SHIBUSDT","uncoveredUsd":18.684174850199998,"msg":"no s'ha trobat cap bot actiu — venent posició òrfena a mercat"}
{"level":50,"time":1774492802963,"pid":37560,"hostname":"DESKTOP-KPAMGTB","module":"auto-trader","symbol":"SHIBUSDT","err":"Binance /order 400: {\"code\":-1111,\"msg\":\"Parameter 'quantity' has too much precision.\"}","msg":"error en venda òrfena a mercat"}
{"level":40,"time":1774492858176,"pid":37560,"hostname":"DESKTOP-KPAMGTB","module":"auto-trader","symbol":"LTCUSDT","uncoveredUsd":26.3053661,"uncovered":0.470579,"msg":"posició parcialment sense SL — esperant 5 min per corregir"}
{"level":40,"time":1774492858646,"pid":37560,"hostname":"DESKTOP-KPAMGTB","module":"auto-trader","symbol":"BNBUSDT","uncoveredUsd":54.49383070339999,"uncovered":0.08472563,"msg":"posició parcialment sense SL — esperant 5 min per corregir"}
{"level":40,"time":1774492862298,"pid":37560,"hostname":"DESKTOP-KPAMGTB","module":"auto-trader","symbol":"SHIBUSDT","uncoveredUsd":18.7150068219,"uncovered":3083197.17,"msg":"posició parcialment sense SL — esperant 5 min per corregir"}
{"level":30,"time":1774493038147,"pid":37560,"hostname":"DESKTOP-KPAMGTB","module":"auto-trader","symbol":"ETHUSDT","msg":"aplicant correcció OCO a posició òrfena…"}
{"level":40,"time":1774493038153,"pid":37560,"hostname":"DESKTOP-KPAMGTB","module":"auto-trader","symbol":"ETHUSDT","uncoveredUsd":28.111891236,"msg":"no s'ha trobat cap bot actiu — venent posició òrfena a mercat"}
{"level":50,"time":1774493038395,"pid":37560,"hostname":"DESKTOP-KPAMGTB","module":"auto-trader","symbol":"ETHUSDT","err":"Binance /order 400: {\"code\":-1013,\"msg\":\"Filter failure: LOT_SIZE\"}","msg":"error en venda òrfena a mercat"}
{"level":40,"time":1774493098153,"pid":37560,"hostname":"DESKTOP-KPAMGTB","module":"auto-trader","symbol":"ETHUSDT","uncoveredUsd":28.114899912000002,"uncovered":0.0130812,"msg":"posició parcialment sense SL — esperant 5 min per corregir"}
{"level":30,"time":1774493217937,"pid":37560,"hostname":"DESKTOP-KPAMGTB","module":"auto-trader","symbol":"LTCUSDT","msg":"aplicant correcció OCO a posició òrfena…"}
{"level":40,"time":1774493217940,"pid":37560,"hostname":"DESKTOP-KPAMGTB","module":"auto-trader","symbol":"LTCUSDT","uncoveredUsd":26.357129790000002,"msg":"no s'ha trobat cap bot actiu — venent posició òrfena a mercat"}
{"level":50,"time":1774493218166,"pid":37560,"hostname":"DESKTOP-KPAMGTB","module":"auto-trader","symbol":"LTCUSDT","err":"Binance /order 400: {\"code\":-1013,\"msg\":\"Filter failure: LOT_SIZE\"}","msg":"error en venda òrfena a mercat"}
{"level":30,"time":1774493218622,"pid":37560,"hostname":"DESKTOP-KPAMGTB","module":"auto-trader","symbol":"BNBUSDT","msg":"aplicant correcció OCO a posició òrfena…"}
{"level":40,"time":1774493218626,"pid":37560,"hostname":"DESKTOP-KPAMGTB","module":"auto-trader","symbol":"BNBUSDT","uncoveredUsd":54.5429715688,"msg":"no s'ha trobat cap bot actiu — venent posició òrfena a mercat"}
{"level":50,"time":1774493218858,"pid":37560,"hostname":"DESKTOP-KPAMGTB","module":"auto-trader","symbol":"BNBUSDT","err":"Binance /order 400: {\"code\":-1013,\"msg\":\"Filter failure: LOT_SIZE\"}","msg":"error en venda òrfena a mercat"}
{"level":30,"time":1774493222506,"pid":37560,"hostname":"DESKTOP-KPAMGTB","module":"auto-trader","symbol":"SHIBUSDT","msg":"aplicant correcció OCO a posició òrfena…"}
{"level":40,"time":1774493222513,"pid":37560,"hostname":"DESKTOP-KPAMGTB","module":"auto-trader","symbol":"SHIBUSDT","uncoveredUsd":18.7458387936,"msg":"no s'ha trobat cap bot actiu — venent posició òrfena a mercat"}
{"level":50,"time":1774493222746,"pid":37560,"hostname":"DESKTOP-KPAMGTB","module":"auto-trader","symbol":"SHIBUSDT","err":"Binance /order 400: {\"code\":-1111,\"msg\":\"Parameter 'quantity' has too much precision.\"}","msg":"error en venda òrfena a mercat"}
{"level":40,"time":1774493278024,"pid":37560,"hostname":"DESKTOP-KPAMGTB","module":"auto-trader","symbol":"LTCUSDT","uncoveredUsd":26.357129790000002,"uncovered":0.470579,"msg":"posició parcialment sense SL — esperant 5 min per corregir"}
{"level":40,"time":1774493278496,"pid":37560,"hostname":"DESKTOP-KPAMGTB","module":"auto-trader","symbol":"BNBUSDT","uncoveredUsd":54.515012110899995,"uncovered":0.08472563,"msg":"posició parcialment sense SL — esperant 5 min per corregir"}
{"level":40,"time":1774493282193,"pid":37560,"hostname":"DESKTOP-KPAMGTB","module":"auto-trader","symbol":"SHIBUSDT","uncoveredUsd":18.7458387936,"uncovered":3083197.17,"msg":"posició parcialment sense SL — esperant 5 min per corregir"}
{"level":30,"time":1774493458245,"pid":37560,"hostname":"DESKTOP-KPAMGTB","module":"auto-trader","symbol":"ETHUSDT","msg":"aplicant correcció OCO a posició òrfena…"}
{"level":40,"time":1774493458247,"pid":37560,"hostname":"DESKTOP-KPAMGTB","module":"auto-trader","symbol":"ETHUSDT","uncoveredUsd":28.130074104,"msg":"no s'ha trobat cap bot actiu — venent posició òrfena a mercat"}
{"level":50,"time":1774493458475,"pid":37560,"hostname":"DESKTOP-KPAMGTB","module":"auto-trader","symbol":"ETHUSDT","err":"Binance /order 400: {\"code\":-1013,\"msg\":\"Filter failure: LOT_SIZE\"}","msg":"error en venda òrfena a mercat"}
{"level":40,"time":1774493518609,"pid":37560,"hostname":"DESKTOP-KPAMGTB","module":"auto-trader","symbol":"ETHUSDT","uncoveredUsd":28.127588676,"uncovered":0.0130812,"msg":"posició parcialment sense SL — esperant 5 min per corregir"}
{"level":30,"time":1774493637992,"pid":37560,"hostname":"DESKTOP-KPAMGTB","module":"auto-trader","symbol":"LTCUSDT","msg":"aplicant correcció OCO a posició òrfena…"}
{"level":40,"time":1774493637993,"pid":37560,"hostname":"DESKTOP-KPAMGTB","module":"auto-trader","symbol":"LTCUSDT","uncoveredUsd":26.357129790000002,"msg":"no s'ha trobat cap bot actiu — venent posició òrfena a mercat"}
{"level":50,"time":1774493638466,"pid":37560,"hostname":"DESKTOP-KPAMGTB","module":"auto-trader","symbol":"LTCUSDT","err":"Binance /order 400: {\"code\":-1013,\"msg\":\"Filter failure: LOT_SIZE\"}","msg":"error en venda òrfena a mercat"}
{"level":30,"time":1774493638943,"pid":37560,"hostname":"DESKTOP-KPAMGTB","module":"auto-trader","symbol":"BNBUSDT","msg":"aplicant correcció OCO a posició òrfena…"}
{"level":40,"time":1774493638945,"pid":37560,"hostname":"DESKTOP-KPAMGTB","module":"auto-trader","symbol":"BNBUSDT","uncoveredUsd":54.5192483924,"msg":"no s'ha trobat cap bot actiu — venent posició òrfena a mercat"}
{"level":50,"time":1774493639197,"pid":37560,"hostname":"DESKTOP-KPAMGTB","module":"auto-trader","symbol":"BNBUSDT","err":"Binance /order 400: {\"code\":-1013,\"msg\":\"Filter failure: LOT_SIZE\"}","msg":"error en venda òrfena a mercat"}
{"level":30,"time":1774493643044,"pid":37560,"hostname":"DESKTOP-KPAMGTB","module":"auto-trader","symbol":"SHIBUSDT","msg":"aplicant correcció OCO a posició òrfena…"}
{"level":40,"time":1774493643049,"pid":37560,"hostname":"DESKTOP-KPAMGTB","module":"auto-trader","symbol":"SHIBUSDT","uncoveredUsd":18.7766707653,"msg":"no s'ha trobat cap bot actiu — venent posició òrfena a mercat"}
{"level":50,"time":1774493643286,"pid":37560,"hostname":"DESKTOP-KPAMGTB","module":"auto-trader","symbol":"SHIBUSDT","err":"Binance /order 400: {\"code\":-1111,\"msg\":\"Parameter 'quantity' has too much precision.\"}","msg":"error en venda òrfena a mercat"}
{"level":40,"time":1774493697964,"pid":37560,"hostname":"DESKTOP-KPAMGTB","module":"auto-trader","symbol":"LTCUSDT","uncoveredUsd":26.357129790000002,"uncovered":0.470579,"msg":"posició parcialment sense SL — esperant 5 min per corregir"}
{"level":40,"time":1774493698421,"pid":37560,"hostname":"DESKTOP-KPAMGTB","module":"auto-trader","symbol":"BNBUSDT","uncoveredUsd":54.5184011361,"uncovered":0.08472563,"msg":"posició parcialment sense SL — esperant 5 min per corregir"}
{"level":40,"time":1774493702032,"pid":37560,"hostname":"DESKTOP-KPAMGTB","module":"auto-trader","symbol":"SHIBUSDT","uncoveredUsd":18.7458387936,"uncovered":3083197.17,"msg":"posició parcialment sense SL — esperant 5 min per corregir"}
{"level":30,"time":1774493878268,"pid":37560,"hostname":"DESKTOP-KPAMGTB","module":"auto-trader","symbol":"ETHUSDT","msg":"aplicant correcció OCO a posició òrfena…"}
{"level":40,"time":1774493878273,"pid":37560,"hostname":"DESKTOP-KPAMGTB","module":"auto-trader","symbol":"ETHUSDT","uncoveredUsd":28.110975552,"msg":"no s'ha trobat cap bot actiu — venent posició òrfena a mercat"}
{"level":50,"time":1774493878530,"pid":37560,"hostname":"DESKTOP-KPAMGTB","module":"auto-trader","symbol":"ETHUSDT","err":"Binance /order 400: {\"code\":-1013,\"msg\":\"Filter failure: LOT_SIZE\"}","msg":"error en venda òrfena a mercat"}
{"level":40,"time":1774493938312,"pid":37560,"hostname":"DESKTOP-KPAMGTB","module":"auto-trader","symbol":"ETHUSDT","uncoveredUsd":28.111629612,"uncovered":0.0130812,"msg":"posició parcialment sense SL — esperant 5 min per corregir"}
{"level":30,"time":1774493974527,"pid":37560,"hostname":"DESKTOP-KPAMGTB","module":"binance","assets":23,"msg":"balance"}
{"level":30,"time":1774494000898,"pid":37560,"hostname":"DESKTOP-KPAMGTB","module":"telegram","msg":"informe horari enviat"}
{"level":30,"time":1774494058308,"pid":37560,"hostname":"DESKTOP-KPAMGTB","module":"auto-trader","symbol":"LTCUSDT","msg":"aplicant correcció OCO a posició òrfena…"}
{"level":40,"time":1774494058311,"pid":37560,"hostname":"DESKTOP-KPAMGTB","module":"auto-trader","symbol":"LTCUSDT","uncoveredUsd":26.361835580000005,"msg":"no s'ha trobat cap bot actiu — venent posició òrfena a mercat"}
{"level":50,"time":1774494058540,"pid":37560,"hostname":"DESKTOP-KPAMGTB","module":"auto-trader","symbol":"LTCUSDT","err":"Binance /order 400: {\"code\":-1013,\"msg\":\"Filter failure: LOT_SIZE\"}","msg":"error en venda òrfena a mercat"}
{"level":30,"time":1774494059016,"pid":37560,"hostname":"DESKTOP-KPAMGTB","module":"auto-trader","symbol":"BNBUSDT","msg":"aplicant correcció OCO a posició òrfena…"}
{"level":40,"time":1774494059023,"pid":37560,"hostname":"DESKTOP-KPAMGTB","module":"auto-trader","symbol":"BNBUSDT","uncoveredUsd":54.49383070339999,"msg":"no s'ha trobat cap bot actiu — venent posició òrfena a mercat"}
{"level":50,"time":1774494059296,"pid":37560,"hostname":"DESKTOP-KPAMGTB","module":"auto-trader","symbol":"BNBUSDT","err":"Binance /order 400: {\"code\":-1013,\"msg\":\"Filter failure: LOT_SIZE\"}","msg":"error en venda òrfena a mercat"}
{"level":30,"time":1774494063075,"pid":37560,"hostname":"DESKTOP-KPAMGTB","module":"auto-trader","symbol":"SHIBUSDT","msg":"aplicant correcció OCO a posició òrfena…"}
{"level":40,"time":1774494063079,"pid":37560,"hostname":"DESKTOP-KPAMGTB","module":"auto-trader","symbol":"SHIBUSDT","uncoveredUsd":18.7458387936,"msg":"no s'ha trobat cap bot actiu — venent posició òrfena a mercat"}
{"level":50,"time":1774494063341,"pid":37560,"hostname":"DESKTOP-KPAMGTB","module":"auto-trader","symbol":"SHIBUSDT","err":"Binance /order 400: {\"code\":-1111,\"msg\":\"Parameter 'quantity' has too much precision.\"}","msg":"error en venda òrfena a mercat"}
{"level":40,"time":1774494118128,"pid":37560,"hostname":"DESKTOP-KPAMGTB","module":"auto-trader","symbol":"LTCUSDT","uncoveredUsd":26.361835580000005,"uncovered":0.470579,"msg":"posició parcialment sense SL — esperant 5 min per corregir"}
{"level":40,"time":1774494118606,"pid":37560,"hostname":"DESKTOP-KPAMGTB","module":"auto-trader","symbol":"BNBUSDT","uncoveredUsd":54.4768855774,"uncovered":0.08472563,"msg":"posició parcialment sense SL — esperant 5 min per corregir"}
{"level":40,"time":1774494122459,"pid":37560,"hostname":"DESKTOP-KPAMGTB","module":"auto-trader","symbol":"SHIBUSDT","uncoveredUsd":18.7150068219,"uncovered":3083197.17,"msg":"posició parcialment sense SL — esperant 5 min per corregir"}
{"level":30,"time":1774494298400,"pid":37560,"hostname":"DESKTOP-KPAMGTB","module":"auto-trader","symbol":"ETHUSDT","msg":"aplicant correcció OCO a posició òrfena…"}
{"level":40,"time":1774494298409,"pid":37560,"hostname":"DESKTOP-KPAMGTB","module":"auto-trader","symbol":"ETHUSDT","uncoveredUsd":28.059304812,"msg":"no s'ha trobat cap bot actiu — venent posició òrfena a mercat"}
{"level":50,"time":1774494298646,"pid":37560,"hostname":"DESKTOP-KPAMGTB","module":"auto-trader","symbol":"ETHUSDT","err":"Binance /order 400: {\"code\":-1013,\"msg\":\"Filter failure: LOT_SIZE\"}","msg":"error en venda òrfena a mercat"}
{"level":40,"time":1774494358394,"pid":37560,"hostname":"DESKTOP-KPAMGTB","module":"auto-trader","symbol":"ETHUSDT","uncoveredUsd":28.070162208,"uncovered":0.0130812,"msg":"posició parcialment sense SL — esperant 5 min per corregir"}
{"level":30,"time":1774494478445,"pid":37560,"hostname":"DESKTOP-KPAMGTB","module":"auto-trader","symbol":"LTCUSDT","msg":"aplicant correcció OCO a posició òrfena…"}
{"level":40,"time":1774494478453,"pid":37560,"hostname":"DESKTOP-KPAMGTB","module":"auto-trader","symbol":"LTCUSDT","uncoveredUsd":26.328895050000003,"msg":"no s'ha trobat cap bot actiu — venent posició òrfena a mercat"}
{"level":50,"time":1774494478685,"pid":37560,"hostname":"DESKTOP-KPAMGTB","module":"auto-trader","symbol":"LTCUSDT","err":"Binance /order 400: {\"code\":-1013,\"msg\":\"Filter failure: LOT_SIZE\"}","msg":"error en venda òrfena a mercat"}
{"level":30,"time":1774494479141,"pid":37560,"hostname":"DESKTOP-KPAMGTB","module":"auto-trader","symbol":"BNBUSDT","msg":"aplicant correcció OCO a posició òrfena…"}
{"level":40,"time":1774494479144,"pid":37560,"hostname":"DESKTOP-KPAMGTB","module":"auto-trader","symbol":"BNBUSDT","uncoveredUsd":54.408257817099994,"msg":"no s'ha trobat cap bot actiu — venent posició òrfena a mercat"}
{"level":50,"time":1774494479372,"pid":37560,"hostname":"DESKTOP-KPAMGTB","module":"auto-trader","symbol":"BNBUSDT","err":"Binance /order 400: {\"code\":-1013,\"msg\":\"Filter failure: LOT_SIZE\"}","msg":"error en venda òrfena a mercat"}
{"level":30,"time":1774494483028,"pid":37560,"hostname":"DESKTOP-KPAMGTB","module":"auto-trader","symbol":"SHIBUSDT","msg":"aplicant correcció OCO a posició òrfena…"}
{"level":40,"time":1774494483031,"pid":37560,"hostname":"DESKTOP-KPAMGTB","module":"auto-trader","symbol":"SHIBUSDT","uncoveredUsd":18.6533428785,"msg":"no s'ha trobat cap bot actiu — venent posició òrfena a mercat"}
{"level":50,"time":1774494483260,"pid":37560,"hostname":"DESKTOP-KPAMGTB","module":"auto-trader","symbol":"SHIBUSDT","err":"Binance /order 400: {\"code\":-1111,\"msg\":\"Parameter 'quantity' has too much precision.\"}","msg":"error en venda òrfena a mercat"}
{"level":40,"time":1774494538214,"pid":37560,"hostname":"DESKTOP-KPAMGTB","module":"auto-trader","symbol":"LTCUSDT","uncoveredUsd":26.32418926,"uncovered":0.470579,"msg":"posició parcialment sense SL — esperant 5 min per corregir"}
{"level":40,"time":1774494538687,"pid":37560,"hostname":"DESKTOP-KPAMGTB","module":"auto-trader","symbol":"BNBUSDT","uncoveredUsd":54.426050199399995,"uncovered":0.08472563,"msg":"posició parcialment sense SL — esperant 5 min per corregir"}
{"level":40,"time":1774494542488,"pid":37560,"hostname":"DESKTOP-KPAMGTB","module":"auto-trader","symbol":"SHIBUSDT","uncoveredUsd":18.684174850199998,"uncovered":3083197.17,"msg":"posició parcialment sense SL — esperant 5 min per corregir"}
{"level":30,"time":1774494718370,"pid":37560,"hostname":"DESKTOP-KPAMGTB","module":"auto-trader","symbol":"ETHUSDT","msg":"aplicant correcció OCO a posició òrfena…"}
{"level":40,"time":1774494718376,"pid":37560,"hostname":"DESKTOP-KPAMGTB","module":"auto-trader","symbol":"ETHUSDT","uncoveredUsd":28.130989787999997,"msg":"no s'ha trobat cap bot actiu — venent posició òrfena a mercat"}
{"level":50,"time":1774494718609,"pid":37560,"hostname":"DESKTOP-KPAMGTB","module":"auto-trader","symbol":"ETHUSDT","err":"Binance /order 400: {\"code\":-1013,\"msg\":\"Filter failure: LOT_SIZE\"}","msg":"error en venda òrfena a mercat"}
{"level":40,"time":1774494778468,"pid":37560,"hostname":"DESKTOP-KPAMGTB","module":"auto-trader","symbol":"ETHUSDT","uncoveredUsd":28.133213591999997,"uncovered":0.0130812,"msg":"posició parcialment sense SL — esperant 5 min per corregir"}
{"level":30,"time":1774494898533,"pid":37560,"hostname":"DESKTOP-KPAMGTB","module":"auto-trader","symbol":"LTCUSDT","msg":"aplicant correcció OCO a posició òrfena…"}
{"level":40,"time":1774494898540,"pid":37560,"hostname":"DESKTOP-KPAMGTB","module":"auto-trader","symbol":"LTCUSDT","uncoveredUsd":26.37595295,"msg":"no s'ha trobat cap bot actiu — venent posició òrfena a mercat"}
{"level":50,"time":1774494898768,"pid":37560,"hostname":"DESKTOP-KPAMGTB","module":"auto-trader","symbol":"LTCUSDT","err":"Binance /order 400: {\"code\":-1013,\"msg\":\"Filter failure: LOT_SIZE\"}","msg":"error en venda òrfena a mercat"}
{"level":30,"time":1774494899222,"pid":37560,"hostname":"DESKTOP-KPAMGTB","module":"auto-trader","symbol":"BNBUSDT","msg":"aplicant correcció OCO a posició òrfena…"}
{"level":40,"time":1774494899224,"pid":37560,"hostname":"DESKTOP-KPAMGTB","module":"auto-trader","symbol":"BNBUSDT","uncoveredUsd":54.5404297999,"msg":"no s'ha trobat cap bot actiu — venent posició òrfena a mercat"}
{"level":50,"time":1774494899449,"pid":37560,"hostname":"DESKTOP-KPAMGTB","module":"auto-trader","symbol":"BNBUSDT","err":"Binance /order 400: {\"code\":-1013,\"msg\":\"Filter failure: LOT_SIZE\"}","msg":"error en venda òrfena a mercat"}
{"level":30,"time":1774494903128,"pid":37560,"hostname":"DESKTOP-KPAMGTB","module":"auto-trader","symbol":"SHIBUSDT","msg":"aplicant correcció OCO a posició òrfena…"}
{"level":40,"time":1774494903134,"pid":37560,"hostname":"DESKTOP-KPAMGTB","module":"auto-trader","symbol":"SHIBUSDT","uncoveredUsd":18.7150068219,"msg":"no s'ha trobat cap bot actiu — venent posició òrfena a mercat"}
{"level":50,"time":1774494903368,"pid":37560,"hostname":"DESKTOP-KPAMGTB","module":"auto-trader","symbol":"SHIBUSDT","err":"Binance /order 400: {\"code\":-1111,\"msg\":\"Parameter 'quantity' has too much precision.\"}","msg":"error en venda òrfena a mercat"}
{"level":40,"time":1774494958253,"pid":37560,"hostname":"DESKTOP-KPAMGTB","module":"auto-trader","symbol":"LTCUSDT","uncoveredUsd":26.38065874,"uncovered":0.470579,"msg":"posició parcialment sense SL — esperant 5 min per corregir"}
{"level":40,"time":1774494958755,"pid":37560,"hostname":"DESKTOP-KPAMGTB","module":"auto-trader","symbol":"BNBUSDT","uncoveredUsd":54.51247034199999,"uncovered":0.08472563,"msg":"posició parcialment sense SL — esperant 5 min per corregir"}
{"level":40,"time":1774494962677,"pid":37560,"hostname":"DESKTOP-KPAMGTB","module":"auto-trader","symbol":"SHIBUSDT","uncoveredUsd":18.7150068219,"uncovered":3083197.17,"msg":"posició parcialment sense SL — esperant 5 min per corregir"}
{"level":30,"time":1774495138605,"pid":37560,"hostname":"DESKTOP-KPAMGTB","module":"auto-trader","symbol":"ETHUSDT","msg":"aplicant correcció OCO a posició òrfena…"}
{"level":40,"time":1774495138610,"pid":37560,"hostname":"DESKTOP-KPAMGTB","module":"auto-trader","symbol":"ETHUSDT","uncoveredUsd":28.158852743999997,"msg":"no s'ha trobat cap bot actiu — venent posició òrfena a mercat"}
{"level":50,"time":1774495138841,"pid":37560,"hostname":"DESKTOP-KPAMGTB","module":"auto-trader","symbol":"ETHUSDT","err":"Binance /order 400: {\"code\":-1013,\"msg\":\"Filter failure: LOT_SIZE\"}","msg":"error en venda òrfena a mercat"}
{"level":40,"time":1774495198518,"pid":37560,"hostname":"DESKTOP-KPAMGTB","module":"auto-trader","symbol":"ETHUSDT","uncoveredUsd":28.147733724,"uncovered":0.0130812,"msg":"posició parcialment sense SL — esperant 5 min per corregir"}
{"level":30,"time":1774495318500,"pid":37560,"hostname":"DESKTOP-KPAMGTB","module":"auto-trader","symbol":"LTCUSDT","msg":"aplicant correcció OCO a posició òrfena…"}
{"level":40,"time":1774495318507,"pid":37560,"hostname":"DESKTOP-KPAMGTB","module":"auto-trader","symbol":"LTCUSDT","uncoveredUsd":26.357129790000002,"msg":"no s'ha trobat cap bot actiu — venent posició òrfena a mercat"}
{"level":50,"time":1774495318740,"pid":37560,"hostname":"DESKTOP-KPAMGTB","module":"auto-trader","symbol":"LTCUSDT","err":"Binance /order 400: {\"code\":-1013,\"msg\":\"Filter failure: LOT_SIZE\"}","msg":"error en venda òrfena a mercat"}
{"level":30,"time":1774495319203,"pid":37560,"hostname":"DESKTOP-KPAMGTB","module":"auto-trader","symbol":"BNBUSDT","msg":"aplicant correcció OCO a posició òrfena…"}
{"level":40,"time":1774495319205,"pid":37560,"hostname":"DESKTOP-KPAMGTB","module":"auto-trader","symbol":"BNBUSDT","uncoveredUsd":54.4252029431,"msg":"no s'ha trobat cap bot actiu — venent posició òrfena a mercat"}
{"level":50,"time":1774495319434,"pid":37560,"hostname":"DESKTOP-KPAMGTB","module":"auto-trader","symbol":"BNBUSDT","err":"Binance /order 400: {\"code\":-1013,\"msg\":\"Filter failure: LOT_SIZE\"}","msg":"error en venda òrfena a mercat"}
{"level":30,"time":1774495323121,"pid":37560,"hostname":"DESKTOP-KPAMGTB","module":"auto-trader","symbol":"SHIBUSDT","msg":"aplicant correcció OCO a posició òrfena…"}
{"level":40,"time":1774495323126,"pid":37560,"hostname":"DESKTOP-KPAMGTB","module":"auto-trader","symbol":"SHIBUSDT","uncoveredUsd":18.6533428785,"msg":"no s'ha trobat cap bot actiu — venent posició òrfena a mercat"}
{"level":50,"time":1774495323362,"pid":37560,"hostname":"DESKTOP-KPAMGTB","module":"auto-trader","symbol":"SHIBUSDT","err":"Binance /order 400: {\"code\":-1111,\"msg\":\"Parameter 'quantity' has too much precision.\"}","msg":"error en venda òrfena a mercat"}
{"level":40,"time":1774495378422,"pid":37560,"hostname":"DESKTOP-KPAMGTB","module":"auto-trader","symbol":"LTCUSDT","uncoveredUsd":26.32418926,"uncovered":0.470579,"msg":"posició parcialment sense SL — esperant 5 min per corregir"}
{"level":40,"time":1774495378910,"pid":37560,"hostname":"DESKTOP-KPAMGTB","module":"auto-trader","symbol":"BNBUSDT","uncoveredUsd":54.3675895147,"uncovered":0.08472563,"msg":"posició parcialment sense SL — esperant 5 min per corregir"}
{"level":40,"time":1774495382749,"pid":37560,"hostname":"DESKTOP-KPAMGTB","module":"auto-trader","symbol":"SHIBUSDT","uncoveredUsd":18.684174850199998,"uncovered":3083197.17,"msg":"posició parcialment sense SL — esperant 5 min per corregir"}
{"level":30,"time":1774495558899,"pid":37560,"hostname":"DESKTOP-KPAMGTB","module":"auto-trader","symbol":"ETHUSDT","msg":"aplicant correcció OCO a posició òrfena…"}
{"level":40,"time":1774495558902,"pid":37560,"hostname":"DESKTOP-KPAMGTB","module":"auto-trader","symbol":"ETHUSDT","uncoveredUsd":28.118562647999997,"msg":"no s'ha trobat cap bot actiu — venent posició òrfena a mercat"}
{"level":50,"time":1774495559177,"pid":37560,"hostname":"DESKTOP-KPAMGTB","module":"auto-trader","symbol":"ETHUSDT","err":"Binance /order 400: {\"code\":-1013,\"msg\":\"Filter failure: LOT_SIZE\"}","msg":"error en venda òrfena a mercat"}
{"level":40,"time":1774495618549,"pid":37560,"hostname":"DESKTOP-KPAMGTB","module":"auto-trader","symbol":"ETHUSDT","uncoveredUsd":28.089260760000002,"uncovered":0.0130812,"msg":"posició parcialment sense SL — esperant 5 min per corregir"}
{"level":30,"time":1774495738596,"pid":37560,"hostname":"DESKTOP-KPAMGTB","module":"auto-trader","symbol":"LTCUSDT","msg":"aplicant correcció OCO a posició òrfena…"}
{"level":40,"time":1774495738601,"pid":37560,"hostname":"DESKTOP-KPAMGTB","module":"auto-trader","symbol":"LTCUSDT","uncoveredUsd":26.28654294,"msg":"no s'ha trobat cap bot actiu — venent posició òrfena a mercat"}
{"level":50,"time":1774495738845,"pid":37560,"hostname":"DESKTOP-KPAMGTB","module":"auto-trader","symbol":"LTCUSDT","err":"Binance /order 400: {\"code\":-1013,\"msg\":\"Filter failure: LOT_SIZE\"}","msg":"error en venda òrfena a mercat"}
{"level":30,"time":1774495739297,"pid":37560,"hostname":"DESKTOP-KPAMGTB","module":"auto-trader","symbol":"BNBUSDT","msg":"aplicant correcció OCO a posició òrfena…"}
{"level":40,"time":1774495739299,"pid":37560,"hostname":"DESKTOP-KPAMGTB","module":"auto-trader","symbol":"BNBUSDT","uncoveredUsd":54.3591169517,"msg":"no s'ha trobat cap bot actiu — venent posició òrfena a mercat"}
{"level":50,"time":1774495739540,"pid":37560,"hostname":"DESKTOP-KPAMGTB","module":"auto-trader","symbol":"BNBUSDT","err":"Binance /order 400: {\"code\":-1013,\"msg\":\"Filter failure: LOT_SIZE\"}","msg":"error en venda òrfena a mercat"}
{"level":30,"time":1774495743163,"pid":37560,"hostname":"DESKTOP-KPAMGTB","module":"auto-trader","symbol":"SHIBUSDT","msg":"aplicant correcció OCO a posició òrfena…"}
{"level":40,"time":1774495743168,"pid":37560,"hostname":"DESKTOP-KPAMGTB","module":"auto-trader","symbol":"SHIBUSDT","uncoveredUsd":18.6225109068,"msg":"no s'ha trobat cap bot actiu — venent posició òrfena a mercat"}
{"level":50,"time":1774495743405,"pid":37560,"hostname":"DESKTOP-KPAMGTB","module":"auto-trader","symbol":"SHIBUSDT","err":"Binance /order 400: {\"code\":-1111,\"msg\":\"Parameter 'quantity' has too much precision.\"}","msg":"error en venda òrfena a mercat"}
{"level":40,"time":1774495798373,"pid":37560,"hostname":"DESKTOP-KPAMGTB","module":"auto-trader","symbol":"LTCUSDT","uncoveredUsd":26.277131360000002,"uncovered":0.470579,"msg":"posició parcialment sense SL — esperant 5 min per corregir"}
{"level":40,"time":1774495798852,"pid":37560,"hostname":"DESKTOP-KPAMGTB","module":"auto-trader","symbol":"BNBUSDT","uncoveredUsd":54.3506443887,"uncovered":0.08472563,"msg":"posició parcialment sense SL — esperant 5 min per corregir"}
{"level":40,"time":1774495802707,"pid":37560,"hostname":"DESKTOP-KPAMGTB","module":"auto-trader","symbol":"SHIBUSDT","uncoveredUsd":18.5916789351,"uncovered":3083197.17,"msg":"posició parcialment sense SL — esperant 5 min per corregir"}
{"level":30,"time":1774495978590,"pid":37560,"hostname":"DESKTOP-KPAMGTB","module":"auto-trader","symbol":"ETHUSDT","msg":"aplicant correcció OCO a posició òrfena…"}
{"level":40,"time":1774495978593,"pid":37560,"hostname":"DESKTOP-KPAMGTB","module":"auto-trader","symbol":"ETHUSDT","uncoveredUsd":28.118693460000003,"msg":"no s'ha trobat cap bot actiu — venent posició òrfena a mercat"}
{"level":50,"time":1774495978820,"pid":37560,"hostname":"DESKTOP-KPAMGTB","module":"auto-trader","symbol":"ETHUSDT","err":"Binance /order 400: {\"code\":-1013,\"msg\":\"Filter failure: LOT_SIZE\"}","msg":"error en venda òrfena a mercat"}
{"level":40,"time":1774496038604,"pid":37560,"hostname":"DESKTOP-KPAMGTB","module":"auto-trader","symbol":"ETHUSDT","uncoveredUsd":28.126672991999996,"uncovered":0.0130812,"msg":"posició parcialment sense SL — esperant 5 min per corregir"}
{"level":30,"time":1774496158584,"pid":37560,"hostname":"DESKTOP-KPAMGTB","module":"auto-trader","symbol":"LTCUSDT","msg":"aplicant correcció OCO a posició òrfena…"}
{"level":40,"time":1774496158588,"pid":37560,"hostname":"DESKTOP-KPAMGTB","module":"auto-trader","symbol":"LTCUSDT","uncoveredUsd":26.30066031,"msg":"no s'ha trobat cap bot actiu — venent posició òrfena a mercat"}
{"level":50,"time":1774496158820,"pid":37560,"hostname":"DESKTOP-KPAMGTB","module":"auto-trader","symbol":"LTCUSDT","err":"Binance /order 400: {\"code\":-1013,\"msg\":\"Filter failure: LOT_SIZE\"}","msg":"error en venda òrfena a mercat"}
{"level":30,"time":1774496159276,"pid":37560,"hostname":"DESKTOP-KPAMGTB","module":"auto-trader","symbol":"BNBUSDT","msg":"aplicant correcció OCO a posició òrfena…"}
{"level":40,"time":1774496159278,"pid":37560,"hostname":"DESKTOP-KPAMGTB","module":"auto-trader","symbol":"BNBUSDT","uncoveredUsd":54.419272148999994,"msg":"no s'ha trobat cap bot actiu — venent posició òrfena a mercat"}
{"level":50,"time":1774496159506,"pid":37560,"hostname":"DESKTOP-KPAMGTB","module":"auto-trader","symbol":"BNBUSDT","err":"Binance /order 400: {\"code\":-1013,\"msg\":\"Filter failure: LOT_SIZE\"}","msg":"error en venda òrfena a mercat"}
{"level":30,"time":1774496163139,"pid":37560,"hostname":"DESKTOP-KPAMGTB","module":"auto-trader","symbol":"SHIBUSDT","msg":"aplicant correcció OCO a posició òrfena…"}
{"level":40,"time":1774496163143,"pid":37560,"hostname":"DESKTOP-KPAMGTB","module":"auto-trader","symbol":"SHIBUSDT","uncoveredUsd":18.6225109068,"msg":"no s'ha trobat cap bot actiu — venent posició òrfena a mercat"}
{"level":50,"time":1774496163370,"pid":37560,"hostname":"DESKTOP-KPAMGTB","module":"auto-trader","symbol":"SHIBUSDT","err":"Binance /order 400: {\"code\":-1111,\"msg\":\"Parameter 'quantity' has too much precision.\"}","msg":"error en venda òrfena a mercat"}
{"level":40,"time":1774496218329,"pid":37560,"hostname":"DESKTOP-KPAMGTB","module":"auto-trader","symbol":"LTCUSDT","uncoveredUsd":26.28654294,"uncovered":0.470579,"msg":"posició parcialment sense SL — esperant 5 min per corregir"}
{"level":40,"time":1774496218792,"pid":37560,"hostname":"DESKTOP-KPAMGTB","module":"auto-trader","symbol":"BNBUSDT","uncoveredUsd":54.4252029431,"uncovered":0.08472563,"msg":"posició parcialment sense SL — esperant 5 min per corregir"}
{"level":40,"time":1774496222427,"pid":37560,"hostname":"DESKTOP-KPAMGTB","module":"auto-trader","symbol":"SHIBUSDT","uncoveredUsd":18.6225109068,"uncovered":3083197.17,"msg":"posició parcialment sense SL — esperant 5 min per corregir"}
{"level":30,"time":1774496398629,"pid":37560,"hostname":"DESKTOP-KPAMGTB","module":"auto-trader","symbol":"ETHUSDT","msg":"aplicant correcció OCO a posició òrfena…"}
{"level":40,"time":1774496398632,"pid":37560,"hostname":"DESKTOP-KPAMGTB","module":"auto-trader","symbol":"ETHUSDT","uncoveredUsd":28.155844067999997,"msg":"no s'ha trobat cap bot actiu — venent posició òrfena a mercat"}
{"level":50,"time":1774496398865,"pid":37560,"hostname":"DESKTOP-KPAMGTB","module":"auto-trader","symbol":"ETHUSDT","err":"Binance /order 400: {\"code\":-1013,\"msg\":\"Filter failure: LOT_SIZE\"}","msg":"error en venda òrfena a mercat"}
{"level":40,"time":1774496458584,"pid":37560,"hostname":"DESKTOP-KPAMGTB","module":"auto-trader","symbol":"ETHUSDT","uncoveredUsd":28.158329495999997,"uncovered":0.0130812,"msg":"posició parcialment sense SL — esperant 5 min per corregir"}
{"level":30,"time":1774496578591,"pid":37560,"hostname":"DESKTOP-KPAMGTB","module":"auto-trader","symbol":"LTCUSDT","msg":"aplicant correcció OCO a posició òrfena…"}
{"level":40,"time":1774496578593,"pid":37560,"hostname":"DESKTOP-KPAMGTB","module":"auto-trader","symbol":"LTCUSDT","uncoveredUsd":26.30066031,"msg":"no s'ha trobat cap bot actiu — venent posició òrfena a mercat"}
{"level":50,"time":1774496578822,"pid":37560,"hostname":"DESKTOP-KPAMGTB","module":"auto-trader","symbol":"LTCUSDT","err":"Binance /order 400: {\"code\":-1013,\"msg\":\"Filter failure: LOT_SIZE\"}","msg":"error en venda òrfena a mercat"}
{"level":30,"time":1774496579275,"pid":37560,"hostname":"DESKTOP-KPAMGTB","module":"auto-trader","symbol":"BNBUSDT","msg":"aplicant correcció OCO a posició òrfena…"}
{"level":40,"time":1774496579277,"pid":37560,"hostname":"DESKTOP-KPAMGTB","module":"auto-trader","symbol":"BNBUSDT","uncoveredUsd":54.4743438085,"msg":"no s'ha trobat cap bot actiu — venent posició òrfena a mercat"}
{"level":50,"time":1774496579505,"pid":37560,"hostname":"DESKTOP-KPAMGTB","module":"auto-trader","symbol":"BNBUSDT","err":"Binance /order 400: {\"code\":-1013,\"msg\":\"Filter failure: LOT_SIZE\"}","msg":"error en venda òrfena a mercat"}
{"level":30,"time":1774496583224,"pid":37560,"hostname":"DESKTOP-KPAMGTB","module":"auto-trader","symbol":"SHIBUSDT","msg":"aplicant correcció OCO a posició òrfena…"}
{"level":40,"time":1774496583226,"pid":37560,"hostname":"DESKTOP-KPAMGTB","module":"auto-trader","symbol":"SHIBUSDT","uncoveredUsd":18.6533428785,"msg":"no s'ha trobat cap bot actiu — venent posició òrfena a mercat"}
{"level":50,"time":1774496583462,"pid":37560,"hostname":"DESKTOP-KPAMGTB","module":"auto-trader","symbol":"SHIBUSDT","err":"Binance /order 400: {\"code\":-1111,\"msg\":\"Parameter 'quantity' has too much precision.\"}","msg":"error en venda òrfena a mercat"}
{"level":40,"time":1774496638384,"pid":37560,"hostname":"DESKTOP-KPAMGTB","module":"auto-trader","symbol":"LTCUSDT","uncoveredUsd":26.295954520000002,"uncovered":0.470579,"msg":"posició parcialment sense SL — esperant 5 min per corregir"}
{"level":40,"time":1774496638867,"pid":37560,"hostname":"DESKTOP-KPAMGTB","module":"auto-trader","symbol":"BNBUSDT","uncoveredUsd":54.451467888399996,"uncovered":0.08472563,"msg":"posició parcialment sense SL — esperant 5 min per corregir"}
{"level":40,"time":1774496642726,"pid":37560,"hostname":"DESKTOP-KPAMGTB","module":"auto-trader","symbol":"SHIBUSDT","uncoveredUsd":18.6225109068,"uncovered":3083197.17,"msg":"posició parcialment sense SL — esperant 5 min per corregir"}
{"level":30,"time":1774496818705,"pid":37560,"hostname":"DESKTOP-KPAMGTB","module":"auto-trader","symbol":"ETHUSDT","msg":"aplicant correcció OCO a posició òrfena…"}
{"level":40,"time":1774496818715,"pid":37560,"hostname":"DESKTOP-KPAMGTB","module":"auto-trader","symbol":"ETHUSDT","uncoveredUsd":28.157283,"msg":"no s'ha trobat cap bot actiu — venent posició òrfena a mercat"}
{"level":50,"time":1774496818950,"pid":37560,"hostname":"DESKTOP-KPAMGTB","module":"auto-trader","symbol":"ETHUSDT","err":"Binance /order 400: {\"code\":-1013,\"msg\":\"Filter failure: LOT_SIZE\"}","msg":"error en venda òrfena a mercat"}
{"level":40,"time":1774496878959,"pid":37560,"hostname":"DESKTOP-KPAMGTB","module":"auto-trader","symbol":"ETHUSDT","uncoveredUsd":28.147210475999998,"uncovered":0.0130812,"msg":"posició parcialment sense SL — esperant 5 min per corregir"}
{"level":30,"time":1774496998753,"pid":37560,"hostname":"DESKTOP-KPAMGTB","module":"auto-trader","symbol":"LTCUSDT","msg":"aplicant correcció OCO a posició òrfena…"}
{"level":40,"time":1774496998760,"pid":37560,"hostname":"DESKTOP-KPAMGTB","module":"auto-trader","symbol":"LTCUSDT","uncoveredUsd":26.31007189,"msg":"no s'ha trobat cap bot actiu — venent posició òrfena a mercat"}
{"level":50,"time":1774496999028,"pid":37560,"hostname":"DESKTOP-KPAMGTB","module":"auto-trader","symbol":"LTCUSDT","err":"Binance /order 400: {\"code\":-1013,\"msg\":\"Filter failure: LOT_SIZE\"}","msg":"error en venda òrfena a mercat"}
{"level":30,"time":1774496999524,"pid":37560,"hostname":"DESKTOP-KPAMGTB","module":"auto-trader","symbol":"BNBUSDT","msg":"aplicant correcció OCO a posició òrfena…"}
{"level":40,"time":1774496999526,"pid":37560,"hostname":"DESKTOP-KPAMGTB","module":"auto-trader","symbol":"BNBUSDT","uncoveredUsd":54.4540096573,"msg":"no s'ha trobat cap bot actiu — venent posició òrfena a mercat"}
{"level":50,"time":1774496999755,"pid":37560,"hostname":"DESKTOP-KPAMGTB","module":"auto-trader","symbol":"BNBUSDT","err":"Binance /order 400: {\"code\":-1013,\"msg\":\"Filter failure: LOT_SIZE\"}","msg":"error en venda òrfena a mercat"}
{"level":30,"time":1774497003586,"pid":37560,"hostname":"DESKTOP-KPAMGTB","module":"auto-trader","symbol":"SHIBUSDT","msg":"aplicant correcció OCO a posició òrfena…"}
{"level":40,"time":1774497003589,"pid":37560,"hostname":"DESKTOP-KPAMGTB","module":"auto-trader","symbol":"SHIBUSDT","uncoveredUsd":18.684174850199998,"msg":"no s'ha trobat cap bot actiu — venent posició òrfena a mercat"}
{"level":50,"time":1774497003848,"pid":37560,"hostname":"DESKTOP-KPAMGTB","module":"auto-trader","symbol":"SHIBUSDT","err":"Binance /order 400: {\"code\":-1111,\"msg\":\"Parameter 'quantity' has too much precision.\"}","msg":"error en venda òrfena a mercat"}
{"level":40,"time":1774497058505,"pid":37560,"hostname":"DESKTOP-KPAMGTB","module":"auto-trader","symbol":"LTCUSDT","uncoveredUsd":26.295954520000002,"uncovered":0.470579,"msg":"posició parcialment sense SL — esperant 5 min per corregir"}
{"level":40,"time":1774497058991,"pid":37560,"hostname":"DESKTOP-KPAMGTB","module":"auto-trader","symbol":"BNBUSDT","uncoveredUsd":54.4472316069,"uncovered":0.08472563,"msg":"posició parcialment sense SL — esperant 5 min per corregir"}
{"level":40,"time":1774497062824,"pid":37560,"hostname":"DESKTOP-KPAMGTB","module":"auto-trader","symbol":"SHIBUSDT","uncoveredUsd":18.6533428785,"uncovered":3083197.17,"msg":"posició parcialment sense SL — esperant 5 min per corregir"}
{"level":30,"time":1774497238804,"pid":37560,"hostname":"DESKTOP-KPAMGTB","module":"auto-trader","symbol":"ETHUSDT","msg":"aplicant correcció OCO a posició òrfena…"}
{"level":40,"time":1774497238806,"pid":37560,"hostname":"DESKTOP-KPAMGTB","module":"auto-trader","symbol":"ETHUSDT","uncoveredUsd":28.154535948,"msg":"no s'ha trobat cap bot actiu — venent posició òrfena a mercat"}
{"level":50,"time":1774497239031,"pid":37560,"hostname":"DESKTOP-KPAMGTB","module":"auto-trader","symbol":"ETHUSDT","err":"Binance /order 400: {\"code\":-1013,\"msg\":\"Filter failure: LOT_SIZE\"}","msg":"error en venda òrfena a mercat"}
{"level":40,"time":1774497298322,"pid":37560,"hostname":"DESKTOP-KPAMGTB","module":"auto-trader","symbol":"ETHUSDT","uncoveredUsd":28.173111251999998,"uncovered":0.0130812,"msg":"posició parcialment sense SL — esperant 5 min per corregir"}
{"level":30,"time":1774497418810,"pid":37560,"hostname":"DESKTOP-KPAMGTB","module":"auto-trader","symbol":"LTCUSDT","msg":"aplicant correcció OCO a posició òrfena…"}
{"level":40,"time":1774497418814,"pid":37560,"hostname":"DESKTOP-KPAMGTB","module":"auto-trader","symbol":"LTCUSDT","uncoveredUsd":26.328895050000003,"msg":"no s'ha trobat cap bot actiu — venent posició òrfena a mercat"}
{"level":50,"time":1774497419039,"pid":37560,"hostname":"DESKTOP-KPAMGTB","module":"auto-trader","symbol":"LTCUSDT","err":"Binance /order 400: {\"code\":-1013,\"msg\":\"Filter failure: LOT_SIZE\"}","msg":"error en venda òrfena a mercat"}
{"level":30,"time":1774497419516,"pid":37560,"hostname":"DESKTOP-KPAMGTB","module":"auto-trader","symbol":"BNBUSDT","msg":"aplicant correcció OCO a posició òrfena…"}
{"level":40,"time":1774497419517,"pid":37560,"hostname":"DESKTOP-KPAMGTB","module":"auto-trader","symbol":"BNBUSDT","uncoveredUsd":54.4963724723,"msg":"no s'ha trobat cap bot actiu — venent posició òrfena a mercat"}
{"level":50,"time":1774497419768,"pid":37560,"hostname":"DESKTOP-KPAMGTB","module":"auto-trader","symbol":"BNBUSDT","err":"Binance /order 400: {\"code\":-1013,\"msg\":\"Filter failure: LOT_SIZE\"}","msg":"error en venda òrfena a mercat"}
{"level":30,"time":1774497423540,"pid":37560,"hostname":"DESKTOP-KPAMGTB","module":"auto-trader","symbol":"SHIBUSDT","msg":"aplicant correcció OCO a posició òrfena…"}
{"level":40,"time":1774497423542,"pid":37560,"hostname":"DESKTOP-KPAMGTB","module":"auto-trader","symbol":"SHIBUSDT","uncoveredUsd":18.684174850199998,"msg":"no s'ha trobat cap bot actiu — venent posició òrfena a mercat"}
{"level":50,"time":1774497423793,"pid":37560,"hostname":"DESKTOP-KPAMGTB","module":"auto-trader","symbol":"SHIBUSDT","err":"Binance /order 400: {\"code\":-1111,\"msg\":\"Parameter 'quantity' has too much precision.\"}","msg":"error en venda òrfena a mercat"}
{"level":40,"time":1774497478602,"pid":37560,"hostname":"DESKTOP-KPAMGTB","module":"auto-trader","symbol":"LTCUSDT","uncoveredUsd":26.328895050000003,"uncovered":0.470579,"msg":"posició parcialment sense SL — esperant 5 min per corregir"}
{"level":40,"time":1774497479072,"pid":37560,"hostname":"DESKTOP-KPAMGTB","module":"auto-trader","symbol":"BNBUSDT","uncoveredUsd":54.4768855774,"uncovered":0.08472563,"msg":"posició parcialment sense SL — esperant 5 min per corregir"}
{"level":40,"time":1774497482810,"pid":37560,"hostname":"DESKTOP-KPAMGTB","module":"auto-trader","symbol":"SHIBUSDT","uncoveredUsd":18.684174850199998,"uncovered":3083197.17,"msg":"posició parcialment sense SL — esperant 5 min per corregir"}
{"level":30,"time":1774497574556,"pid":37560,"hostname":"DESKTOP-KPAMGTB","module":"binance","assets":23,"msg":"balance"}
{"level":30,"time":1774497600927,"pid":37560,"hostname":"DESKTOP-KPAMGTB","module":"telegram","msg":"informe horari enviat"}
{"level":30,"time":1774497658820,"pid":37560,"hostname":"DESKTOP-KPAMGTB","module":"auto-trader","symbol":"ETHUSDT","msg":"aplicant correcció OCO a posició òrfena…"}
{"level":40,"time":1774497658823,"pid":37560,"hostname":"DESKTOP-KPAMGTB","module":"auto-trader","symbol":"ETHUSDT","uncoveredUsd":28.17167232,"msg":"no s'ha trobat cap bot actiu — venent posició òrfena a mercat"}
{"level":50,"time":1774497659083,"pid":37560,"hostname":"DESKTOP-KPAMGTB","module":"auto-trader","symbol":"ETHUSDT","err":"Binance /order 400: {\"code\":-1013,\"msg\":\"Filter failure: LOT_SIZE\"}","msg":"error en venda òrfena a mercat"}
{"level":40,"time":1774497718857,"pid":37560,"hostname":"DESKTOP-KPAMGTB","module":"auto-trader","symbol":"ETHUSDT","uncoveredUsd":28.144725047999998,"uncovered":0.0130812,"msg":"posició parcialment sense SL — esperant 5 min per corregir"}
{"level":30,"time":1774497838843,"pid":37560,"hostname":"DESKTOP-KPAMGTB","module":"auto-trader","symbol":"LTCUSDT","msg":"aplicant correcció OCO a posició òrfena…"}
{"level":40,"time":1774497838846,"pid":37560,"hostname":"DESKTOP-KPAMGTB","module":"auto-trader","symbol":"LTCUSDT","uncoveredUsd":26.31948347,"msg":"no s'ha trobat cap bot actiu — venent posició òrfena a mercat"}
{"level":50,"time":1774497839071,"pid":37560,"hostname":"DESKTOP-KPAMGTB","module":"auto-trader","symbol":"LTCUSDT","err":"Binance /order 400: {\"code\":-1013,\"msg\":\"Filter failure: LOT_SIZE\"}","msg":"error en venda òrfena a mercat"}
{"level":30,"time":1774497839514,"pid":37560,"hostname":"DESKTOP-KPAMGTB","module":"auto-trader","symbol":"BNBUSDT","msg":"aplicant correcció OCO a posició òrfena…"}
{"level":40,"time":1774497839517,"pid":37560,"hostname":"DESKTOP-KPAMGTB","module":"auto-trader","symbol":"BNBUSDT","uncoveredUsd":54.4124940986,"msg":"no s'ha trobat cap bot actiu — venent posició òrfena a mercat"}
{"level":50,"time":1774497839749,"pid":37560,"hostname":"DESKTOP-KPAMGTB","module":"auto-trader","symbol":"BNBUSDT","err":"Binance /order 400: {\"code\":-1013,\"msg\":\"Filter failure: LOT_SIZE\"}","msg":"error en venda òrfena a mercat"}
{"level":30,"time":1774497843382,"pid":37560,"hostname":"DESKTOP-KPAMGTB","module":"auto-trader","symbol":"SHIBUSDT","msg":"aplicant correcció OCO a posició òrfena…"}
{"level":40,"time":1774497843386,"pid":37560,"hostname":"DESKTOP-KPAMGTB","module":"auto-trader","symbol":"SHIBUSDT","uncoveredUsd":18.6533428785,"msg":"no s'ha trobat cap bot actiu — venent posició òrfena a mercat"}
{"level":50,"time":1774497843617,"pid":37560,"hostname":"DESKTOP-KPAMGTB","module":"auto-trader","symbol":"SHIBUSDT","err":"Binance /order 400: {\"code\":-1111,\"msg\":\"Parameter 'quantity' has too much precision.\"}","msg":"error en venda òrfena a mercat"}
{"level":40,"time":1774497898659,"pid":37560,"hostname":"DESKTOP-KPAMGTB","module":"auto-trader","symbol":"LTCUSDT","uncoveredUsd":26.314777680000002,"uncovered":0.470579,"msg":"posició parcialment sense SL — esperant 5 min per corregir"}
{"level":40,"time":1774497899158,"pid":37560,"hostname":"DESKTOP-KPAMGTB","module":"auto-trader","symbol":"BNBUSDT","uncoveredUsd":54.3955489726,"uncovered":0.08472563,"msg":"posició parcialment sense SL — esperant 5 min per corregir"}
{"level":40,"time":1774497902955,"pid":37560,"hostname":"DESKTOP-KPAMGTB","module":"auto-trader","symbol":"SHIBUSDT","uncoveredUsd":18.6533428785,"uncovered":3083197.17,"msg":"posició parcialment sense SL — esperant 5 min per corregir"}
{"level":30,"time":1774498078831,"pid":37560,"hostname":"DESKTOP-KPAMGTB","module":"auto-trader","symbol":"ETHUSDT","msg":"aplicant correcció OCO a posició òrfena…"}
{"level":40,"time":1774498078833,"pid":37560,"hostname":"DESKTOP-KPAMGTB","module":"auto-trader","symbol":"ETHUSDT","uncoveredUsd":28.157152187999994,"msg":"no s'ha trobat cap bot actiu — venent posició òrfena a mercat"}
{"level":50,"time":1774498079061,"pid":37560,"hostname":"DESKTOP-KPAMGTB","module":"auto-trader","symbol":"ETHUSDT","err":"Binance /order 400: {\"code\":-1013,\"msg\":\"Filter failure: LOT_SIZE\"}","msg":"error en venda òrfena a mercat"}
{"level":40,"time":1774498138891,"pid":37560,"hostname":"DESKTOP-KPAMGTB","module":"auto-trader","symbol":"ETHUSDT","uncoveredUsd":28.151919708,"uncovered":0.0130812,"msg":"posició parcialment sense SL — esperant 5 min per corregir"}
{"level":30,"time":1774498259118,"pid":37560,"hostname":"DESKTOP-KPAMGTB","module":"auto-trader","symbol":"LTCUSDT","msg":"aplicant correcció OCO a posició òrfena…"}
{"level":40,"time":1774498259124,"pid":37560,"hostname":"DESKTOP-KPAMGTB","module":"auto-trader","symbol":"LTCUSDT","uncoveredUsd":26.314777680000002,"msg":"no s'ha trobat cap bot actiu — venent posició òrfena a mercat"}
{"level":50,"time":1774498259371,"pid":37560,"hostname":"DESKTOP-KPAMGTB","module":"auto-trader","symbol":"LTCUSDT","err":"Binance /order 400: {\"code\":-1013,\"msg\":\"Filter failure: LOT_SIZE\"}","msg":"error en venda òrfena a mercat"}
{"level":30,"time":1774498259827,"pid":37560,"hostname":"DESKTOP-KPAMGTB","module":"auto-trader","symbol":"BNBUSDT","msg":"aplicant correcció OCO a posició òrfena…"}
{"level":40,"time":1774498259831,"pid":37560,"hostname":"DESKTOP-KPAMGTB","module":"auto-trader","symbol":"BNBUSDT","uncoveredUsd":54.402327023,"msg":"no s'ha trobat cap bot actiu — venent posició òrfena a mercat"}
{"level":50,"time":1774498260075,"pid":37560,"hostname":"DESKTOP-KPAMGTB","module":"auto-trader","symbol":"BNBUSDT","err":"Binance /order 400: {\"code\":-1013,\"msg\":\"Filter failure: LOT_SIZE\"}","msg":"error en venda òrfena a mercat"}
{"level":30,"time":1774498263754,"pid":37560,"hostname":"DESKTOP-KPAMGTB","module":"auto-trader","symbol":"SHIBUSDT","msg":"aplicant correcció OCO a posició òrfena…"}
{"level":40,"time":1774498263760,"pid":37560,"hostname":"DESKTOP-KPAMGTB","module":"auto-trader","symbol":"SHIBUSDT","uncoveredUsd":18.6533428785,"msg":"no s'ha trobat cap bot actiu — venent posició òrfena a mercat"}
{"level":50,"time":1774498263999,"pid":37560,"hostname":"DESKTOP-KPAMGTB","module":"auto-trader","symbol":"SHIBUSDT","err":"Binance /order 400: {\"code\":-1111,\"msg\":\"Parameter 'quantity' has too much precision.\"}","msg":"error en venda òrfena a mercat"}
{"level":40,"time":1774498318679,"pid":37560,"hostname":"DESKTOP-KPAMGTB","module":"auto-trader","symbol":"LTCUSDT","uncoveredUsd":26.31007189,"uncovered":0.470579,"msg":"posició parcialment sense SL — esperant 5 min per corregir"}
{"level":40,"time":1774498319163,"pid":37560,"hostname":"DESKTOP-KPAMGTB","module":"auto-trader","symbol":"BNBUSDT","uncoveredUsd":54.3658950021,"uncovered":0.08472563,"msg":"posició parcialment sense SL — esperant 5 min per corregir"}
{"level":40,"time":1774498322978,"pid":37560,"hostname":"DESKTOP-KPAMGTB","module":"auto-trader","symbol":"SHIBUSDT","uncoveredUsd":18.6533428785,"uncovered":3083197.17,"msg":"posició parcialment sense SL — esperant 5 min per corregir"}
{"level":30,"time":1774498435982,"pid":37560,"hostname":"DESKTOP-KPAMGTB","module":"orders","symbol":"NEARUSDT","side":"SELL","type":"STOP_LOSS_LIMIT","execPrice":1.24,"execValue":37.5,"orderId":118310870,"msg":"ordre executada (fill)"}
{"level":30,"time":1774498498893,"pid":37560,"hostname":"DESKTOP-KPAMGTB","module":"auto-trader","symbol":"ETHUSDT","msg":"aplicant correcció OCO a posició òrfena…"}
{"level":40,"time":1774498498895,"pid":37560,"hostname":"DESKTOP-KPAMGTB","module":"auto-trader","symbol":"ETHUSDT","uncoveredUsd":28.107051191999997,"msg":"no s'ha trobat cap bot actiu — venent posició òrfena a mercat"}
{"level":50,"time":1774498499124,"pid":37560,"hostname":"DESKTOP-KPAMGTB","module":"auto-trader","symbol":"ETHUSDT","err":"Binance /order 400: {\"code\":-1013,\"msg\":\"Filter failure: LOT_SIZE\"}","msg":"error en venda òrfena a mercat"}
{"level":40,"time":1774498559101,"pid":37560,"hostname":"DESKTOP-KPAMGTB","module":"auto-trader","symbol":"ETHUSDT","uncoveredUsd":28.1114988,"uncovered":0.0130812,"msg":"posició parcialment sense SL — esperant 5 min per corregir"}
{"level":30,"time":1774498679194,"pid":37560,"hostname":"DESKTOP-KPAMGTB","module":"auto-trader","symbol":"LTCUSDT","msg":"aplicant correcció OCO a posició òrfena…"}
{"level":40,"time":1774498679197,"pid":37560,"hostname":"DESKTOP-KPAMGTB","module":"auto-trader","symbol":"LTCUSDT","uncoveredUsd":26.29124873,"msg":"no s'ha trobat cap bot actiu — venent posició òrfena a mercat"}
{"level":50,"time":1774498679425,"pid":37560,"hostname":"DESKTOP-KPAMGTB","module":"auto-trader","symbol":"LTCUSDT","err":"Binance /order 400: {\"code\":-1013,\"msg\":\"Filter failure: LOT_SIZE\"}","msg":"error en venda òrfena a mercat"}
{"level":30,"time":1774498679877,"pid":37560,"hostname":"DESKTOP-KPAMGTB","module":"auto-trader","symbol":"BNBUSDT","msg":"aplicant correcció OCO a posició òrfena…"}
{"level":40,"time":1774498679880,"pid":37560,"hostname":"DESKTOP-KPAMGTB","module":"auto-trader","symbol":"BNBUSDT","uncoveredUsd":54.2971105182,"msg":"no s'ha trobat cap bot actiu — venent posició òrfena a mercat"}
{"level":50,"time":1774498680105,"pid":37560,"hostname":"DESKTOP-KPAMGTB","module":"auto-trader","symbol":"BNBUSDT","err":"Binance /order 400: {\"code\":-1013,\"msg\":\"Filter failure: LOT_SIZE\"}","msg":"error en venda òrfena a mercat"}
{"level":30,"time":1774498683794,"pid":37560,"hostname":"DESKTOP-KPAMGTB","module":"auto-trader","symbol":"SHIBUSDT","msg":"aplicant correcció OCO a posició òrfena…"}
{"level":40,"time":1774498683796,"pid":37560,"hostname":"DESKTOP-KPAMGTB","module":"auto-trader","symbol":"SHIBUSDT","uncoveredUsd":18.6533428785,"msg":"no s'ha trobat cap bot actiu — venent posició òrfena a mercat"}
{"level":50,"time":1774498684036,"pid":37560,"hostname":"DESKTOP-KPAMGTB","module":"auto-trader","symbol":"SHIBUSDT","err":"Binance /order 400: {\"code\":-1111,\"msg\":\"Parameter 'quantity' has too much precision.\"}","msg":"error en venda òrfena a mercat"}
{"level":40,"time":1774498738812,"pid":37560,"hostname":"DESKTOP-KPAMGTB","module":"auto-trader","symbol":"LTCUSDT","uncoveredUsd":26.28654294,"uncovered":0.470579,"msg":"posició parcialment sense SL — esperant 5 min per corregir"}
{"level":40,"time":1774498739293,"pid":37560,"hostname":"DESKTOP-KPAMGTB","module":"auto-trader","symbol":"BNBUSDT","uncoveredUsd":54.295416882599994,"uncovered":0.08468178,"msg":"posició parcialment sense SL — esperant 5 min per corregir"}
{"level":40,"time":1774498743160,"pid":37560,"hostname":"DESKTOP-KPAMGTB","module":"auto-trader","symbol":"SHIBUSDT","uncoveredUsd":18.6533428785,"uncovered":3083197.17,"msg":"posició parcialment sense SL — esperant 5 min per corregir"}
{"level":30,"time":1774498918975,"pid":37560,"hostname":"DESKTOP-KPAMGTB","module":"auto-trader","symbol":"ETHUSDT","msg":"aplicant correcció OCO a posició òrfena…"}
{"level":40,"time":1774498918978,"pid":37560,"hostname":"DESKTOP-KPAMGTB","module":"auto-trader","symbol":"ETHUSDT","uncoveredUsd":28.130989787999997,"msg":"no s'ha trobat cap bot actiu — venent posició òrfena a mercat"}
{"level":50,"time":1774498919243,"pid":37560,"hostname":"DESKTOP-KPAMGTB","module":"auto-trader","symbol":"ETHUSDT","err":"Binance /order 400: {\"code\":-1013,\"msg\":\"Filter failure: LOT_SIZE\"}","msg":"error en venda òrfena a mercat"}
{"level":40,"time":1774498978982,"pid":37560,"hostname":"DESKTOP-KPAMGTB","module":"auto-trader","symbol":"ETHUSDT","uncoveredUsd":28.140800687999995,"uncovered":0.0130812,"msg":"posició parcialment sense SL — esperant 5 min per corregir"}
{"level":30,"time":1774499098323,"pid":37560,"hostname":"DESKTOP-KPAMGTB","module":"auto-trader","symbol":"LTCUSDT","msg":"aplicant correcció OCO a posició òrfena…"}
{"level":40,"time":1774499098329,"pid":37560,"hostname":"DESKTOP-KPAMGTB","module":"auto-trader","symbol":"LTCUSDT","uncoveredUsd":26.3053661,"msg":"no s'ha trobat cap bot actiu — venent posició òrfena a mercat"}
{"level":50,"time":1774499098568,"pid":37560,"hostname":"DESKTOP-KPAMGTB","module":"auto-trader","symbol":"LTCUSDT","err":"Binance /order 400: {\"code\":-1013,\"msg\":\"Filter failure: LOT_SIZE\"}","msg":"error en venda òrfena a mercat"}
{"level":30,"time":1774499099020,"pid":37560,"hostname":"DESKTOP-KPAMGTB","module":"auto-trader","symbol":"BNBUSDT","msg":"aplicant correcció OCO a posició òrfena…"}
{"level":40,"time":1774499099025,"pid":37560,"hostname":"DESKTOP-KPAMGTB","module":"auto-trader","symbol":"BNBUSDT","uncoveredUsd":54.3301364124,"msg":"no s'ha trobat cap bot actiu — venent posició òrfena a mercat"}
{"level":50,"time":1774499099253,"pid":37560,"hostname":"DESKTOP-KPAMGTB","module":"auto-trader","symbol":"BNBUSDT","err":"Binance /order 400: {\"code\":-1013,\"msg\":\"Filter failure: LOT_SIZE\"}","msg":"error en venda òrfena a mercat"}
{"level":30,"time":1774499102892,"pid":37560,"hostname":"DESKTOP-KPAMGTB","module":"auto-trader","symbol":"SHIBUSDT","msg":"aplicant correcció OCO a posició òrfena…"}
{"level":40,"time":1774499102896,"pid":37560,"hostname":"DESKTOP-KPAMGTB","module":"auto-trader","symbol":"SHIBUSDT","uncoveredUsd":18.6225109068,"msg":"no s'ha trobat cap bot actiu — venent posició òrfena a mercat"}
{"level":50,"time":1774499103133,"pid":37560,"hostname":"DESKTOP-KPAMGTB","module":"auto-trader","symbol":"SHIBUSDT","err":"Binance /order 400: {\"code\":-1111,\"msg\":\"Parameter 'quantity' has too much precision.\"}","msg":"error en venda òrfena a mercat"}
{"level":40,"time":1774499158783,"pid":37560,"hostname":"DESKTOP-KPAMGTB","module":"auto-trader","symbol":"LTCUSDT","uncoveredUsd":26.31007189,"uncovered":0.470579,"msg":"posició parcialment sense SL — esperant 5 min per corregir"}
{"level":40,"time":1774499159243,"pid":37560,"hostname":"DESKTOP-KPAMGTB","module":"auto-trader","symbol":"BNBUSDT","uncoveredUsd":54.3623154888,"uncovered":0.08468178,"msg":"posició parcialment sense SL — esperant 5 min per corregir"}
{"level":40,"time":1774499162933,"pid":37560,"hostname":"DESKTOP-KPAMGTB","module":"auto-trader","symbol":"SHIBUSDT","uncoveredUsd":18.6533428785,"uncovered":3083197.17,"msg":"posició parcialment sense SL — esperant 5 min per corregir"}
{"level":30,"time":1774499339087,"pid":37560,"hostname":"DESKTOP-KPAMGTB","module":"auto-trader","symbol":"ETHUSDT","msg":"aplicant correcció OCO a posició òrfena…"}
{"level":40,"time":1774499339094,"pid":37560,"hostname":"DESKTOP-KPAMGTB","module":"auto-trader","symbol":"ETHUSDT","uncoveredUsd":28.164608471999998,"msg":"no s'ha trobat cap bot actiu — venent posició òrfena a mercat"}
{"level":50,"time":1774499339564,"pid":37560,"hostname":"DESKTOP-KPAMGTB","module":"auto-trader","symbol":"ETHUSDT","err":"Binance /order 400: {\"code\":-1013,\"msg\":\"Filter failure: LOT_SIZE\"}","msg":"error en venda òrfena a mercat"}
{"level":40,"time":1774499398998,"pid":37560,"hostname":"DESKTOP-KPAMGTB","module":"auto-trader","symbol":"ETHUSDT","uncoveredUsd":28.160291676,"uncovered":0.0130812,"msg":"posició parcialment sense SL — esperant 5 min per corregir"}
{"level":30,"time":1774499518801,"pid":37560,"hostname":"DESKTOP-KPAMGTB","module":"auto-trader","symbol":"LTCUSDT","msg":"aplicant correcció OCO a posició òrfena…"}
{"level":40,"time":1774499518805,"pid":37560,"hostname":"DESKTOP-KPAMGTB","module":"auto-trader","symbol":"LTCUSDT","uncoveredUsd":26.31948347,"msg":"no s'ha trobat cap bot actiu — venent posició òrfena a mercat"}
{"level":50,"time":1774499519035,"pid":37560,"hostname":"DESKTOP-KPAMGTB","module":"auto-trader","symbol":"LTCUSDT","err":"Binance /order 400: {\"code\":-1013,\"msg\":\"Filter failure: LOT_SIZE\"}","msg":"error en venda òrfena a mercat"}
{"level":30,"time":1774499519532,"pid":37560,"hostname":"DESKTOP-KPAMGTB","module":"auto-trader","symbol":"BNBUSDT","msg":"aplicant correcció OCO a posició òrfena…"}
{"level":40,"time":1774499519538,"pid":37560,"hostname":"DESKTOP-KPAMGTB","module":"auto-trader","symbol":"BNBUSDT","uncoveredUsd":54.416511828,"msg":"no s'ha trobat cap bot actiu — venent posició òrfena a mercat"}
{"level":50,"time":1774499519806,"pid":37560,"hostname":"DESKTOP-KPAMGTB","module":"auto-trader","symbol":"BNBUSDT","err":"Binance /order 400: {\"code\":-1013,\"msg\":\"Filter failure: LOT_SIZE\"}","msg":"error en venda òrfena a mercat"}
{"level":30,"time":1774499523700,"pid":37560,"hostname":"DESKTOP-KPAMGTB","module":"auto-trader","symbol":"SHIBUSDT","msg":"aplicant correcció OCO a posició òrfena…"}
{"level":40,"time":1774499523702,"pid":37560,"hostname":"DESKTOP-KPAMGTB","module":"auto-trader","symbol":"SHIBUSDT","uncoveredUsd":18.6533428785,"msg":"no s'ha trobat cap bot actiu — venent posició òrfena a mercat"}
{"level":50,"time":1774499523952,"pid":37560,"hostname":"DESKTOP-KPAMGTB","module":"auto-trader","symbol":"SHIBUSDT","err":"Binance /order 400: {\"code\":-1111,\"msg\":\"Parameter 'quantity' has too much precision.\"}","msg":"error en venda òrfena a mercat"}
{"level":40,"time":1774499578814,"pid":37560,"hostname":"DESKTOP-KPAMGTB","module":"auto-trader","symbol":"LTCUSDT","uncoveredUsd":26.30066031,"uncovered":0.470579,"msg":"posició parcialment sense SL — esperant 5 min per corregir"}
{"level":40,"time":1774499579306,"pid":37560,"hostname":"DESKTOP-KPAMGTB","module":"auto-trader","symbol":"BNBUSDT","uncoveredUsd":54.40296274320001,"uncovered":0.08468178,"msg":"posició parcialment sense SL — esperant 5 min per corregir"}
{"level":40,"time":1774499583263,"pid":37560,"hostname":"DESKTOP-KPAMGTB","module":"auto-trader","symbol":"SHIBUSDT","uncoveredUsd":18.6533428785,"uncovered":3083197.17,"msg":"posició parcialment sense SL — esperant 5 min per corregir"}
{"level":30,"time":1774499759334,"pid":37560,"hostname":"DESKTOP-KPAMGTB","module":"auto-trader","symbol":"ETHUSDT","msg":"aplicant correcció OCO a posició òrfena…"}
{"level":40,"time":1774499759336,"pid":37560,"hostname":"DESKTOP-KPAMGTB","module":"auto-trader","symbol":"ETHUSDT","uncoveredUsd":28.157937060000002,"msg":"no s'ha trobat cap bot actiu — venent posició òrfena a mercat"}
{"level":50,"time":1774499759562,"pid":37560,"hostname":"DESKTOP-KPAMGTB","module":"auto-trader","symbol":"ETHUSDT","err":"Binance /order 400: {\"code\":-1013,\"msg\":\"Filter failure: LOT_SIZE\"}","msg":"error en venda òrfena a mercat"}
{"level":40,"time":1774499819068,"pid":37560,"hostname":"DESKTOP-KPAMGTB","module":"auto-trader","symbol":"ETHUSDT","uncoveredUsd":28.161730608,"uncovered":0.0130812,"msg":"posició parcialment sense SL — esperant 5 min per corregir"}
{"level":30,"time":1774499938909,"pid":37560,"hostname":"DESKTOP-KPAMGTB","module":"auto-trader","symbol":"LTCUSDT","msg":"aplicant correcció OCO a posició òrfena…"}
{"level":40,"time":1774499938911,"pid":37560,"hostname":"DESKTOP-KPAMGTB","module":"auto-trader","symbol":"LTCUSDT","uncoveredUsd":26.31007189,"msg":"no s'ha trobat cap bot actiu — venent posició òrfena a mercat"}
{"level":50,"time":1774499939135,"pid":37560,"hostname":"DESKTOP-KPAMGTB","module":"auto-trader","symbol":"LTCUSDT","err":"Binance /order 400: {\"code\":-1013,\"msg\":\"Filter failure: LOT_SIZE\"}","msg":"error en venda òrfena a mercat"}
{"level":30,"time":1774499939593,"pid":37560,"hostname":"DESKTOP-KPAMGTB","module":"auto-trader","symbol":"BNBUSDT","msg":"aplicant correcció OCO a posició òrfena…"}
{"level":40,"time":1774499939596,"pid":37560,"hostname":"DESKTOP-KPAMGTB","module":"auto-trader","symbol":"BNBUSDT","uncoveredUsd":54.4639336248,"msg":"no s'ha trobat cap bot actiu — venent posició òrfena a mercat"}
{"level":50,"time":1774499939850,"pid":37560,"hostname":"DESKTOP-KPAMGTB","module":"auto-trader","symbol":"BNBUSDT","err":"Binance /order 400: {\"code\":-1013,\"msg\":\"Filter failure: LOT_SIZE\"}","msg":"error en venda òrfena a mercat"}
{"level":30,"time":1774499943506,"pid":37560,"hostname":"DESKTOP-KPAMGTB","module":"auto-trader","symbol":"SHIBUSDT","msg":"aplicant correcció OCO a posició òrfena…"}
{"level":40,"time":1774499943508,"pid":37560,"hostname":"DESKTOP-KPAMGTB","module":"auto-trader","symbol":"SHIBUSDT","uncoveredUsd":18.6225109068,"msg":"no s'ha trobat cap bot actiu — venent posició òrfena a mercat"}
{"level":50,"time":1774499943752,"pid":37560,"hostname":"DESKTOP-KPAMGTB","module":"auto-trader","symbol":"SHIBUSDT","err":"Binance /order 400: {\"code\":-1111,\"msg\":\"Parameter 'quantity' has too much precision.\"}","msg":"error en venda òrfena a mercat"}
{"level":40,"time":1774499998387,"pid":37560,"hostname":"DESKTOP-KPAMGTB","module":"auto-trader","symbol":"LTCUSDT","uncoveredUsd":26.314777680000002,"uncovered":0.470579,"msg":"posició parcialment sense SL — esperant 5 min per corregir"}
{"level":40,"time":1774499998854,"pid":37560,"hostname":"DESKTOP-KPAMGTB","module":"auto-trader","symbol":"BNBUSDT","uncoveredUsd":54.4698613494,"uncovered":0.08468178,"msg":"posició parcialment sense SL — esperant 5 min per corregir"}
{"level":40,"time":1774500002511,"pid":37560,"hostname":"DESKTOP-KPAMGTB","module":"auto-trader","symbol":"SHIBUSDT","uncoveredUsd":18.6533428785,"uncovered":3083197.17,"msg":"posició parcialment sense SL — esperant 5 min per corregir"}
{"level":30,"time":1774500179634,"pid":37560,"hostname":"DESKTOP-KPAMGTB","module":"auto-trader","symbol":"ETHUSDT","msg":"aplicant correcció OCO a posició òrfena…"}
{"level":40,"time":1774500179638,"pid":37560,"hostname":"DESKTOP-KPAMGTB","module":"auto-trader","symbol":"ETHUSDT","uncoveredUsd":28.152835391999997,"msg":"no s'ha trobat cap bot actiu — venent posició òrfena a mercat"}
{"level":50,"time":1774500179871,"pid":37560,"hostname":"DESKTOP-KPAMGTB","module":"auto-trader","symbol":"ETHUSDT","err":"Binance /order 400: {\"code\":-1013,\"msg\":\"Filter failure: LOT_SIZE\"}","msg":"error en venda òrfena a mercat"}
{"level":40,"time":1774500239074,"pid":37560,"hostname":"DESKTOP-KPAMGTB","module":"auto-trader","symbol":"ETHUSDT","uncoveredUsd":28.155320819999996,"uncovered":0.0130812,"msg":"posició parcialment sense SL — esperant 5 min per corregir"}
{"level":30,"time":1774500298903,"pid":37560,"hostname":"DESKTOP-KPAMGTB","module":"auto-trader","symbol":"LTCUSDT","msg":"aplicant correcció OCO a posició òrfena…"}
{"level":40,"time":1774500298909,"pid":37560,"hostname":"DESKTOP-KPAMGTB","module":"auto-trader","symbol":"LTCUSDT","uncoveredUsd":26.30066031,"msg":"no s'ha trobat cap bot actiu — venent posició òrfena a mercat"}
{"level":50,"time":1774500299368,"pid":37560,"hostname":"DESKTOP-KPAMGTB","module":"auto-trader","symbol":"LTCUSDT","err":"Binance /order 400: {\"code\":-1013,\"msg\":\"Filter failure: LOT_SIZE\"}","msg":"error en venda òrfena a mercat"}
{"level":40,"time":1774500358945,"pid":37560,"hostname":"DESKTOP-KPAMGTB","module":"auto-trader","symbol":"LTCUSDT","uncoveredUsd":26.3053661,"uncovered":0.470579,"msg":"posició parcialment sense SL — esperant 5 min per corregir"}
{"level":30,"time":1774500359455,"pid":37560,"hostname":"DESKTOP-KPAMGTB","module":"auto-trader","symbol":"BNBUSDT","msg":"aplicant correcció OCO a posició òrfena…"}
{"level":40,"time":1774500359458,"pid":37560,"hostname":"DESKTOP-KPAMGTB","module":"auto-trader","symbol":"BNBUSDT","uncoveredUsd":54.4664740782,"msg":"no s'ha trobat cap bot actiu — venent posició òrfena a mercat"}
{"level":50,"time":1774500359709,"pid":37560,"hostname":"DESKTOP-KPAMGTB","module":"auto-trader","symbol":"BNBUSDT","err":"Binance /order 400: {\"code\":-1013,\"msg\":\"Filter failure: LOT_SIZE\"}","msg":"error en venda òrfena a mercat"}
{"level":30,"time":1774500363739,"pid":37560,"hostname":"DESKTOP-KPAMGTB","module":"auto-trader","symbol":"SHIBUSDT","msg":"aplicant correcció OCO a posició òrfena…"}
{"level":40,"time":1774500363740,"pid":37560,"hostname":"DESKTOP-KPAMGTB","module":"auto-trader","symbol":"SHIBUSDT","uncoveredUsd":18.6533428785,"msg":"no s'ha trobat cap bot actiu — venent posició òrfena a mercat"}
{"level":50,"time":1774500363993,"pid":37560,"hostname":"DESKTOP-KPAMGTB","module":"auto-trader","symbol":"SHIBUSDT","err":"Binance /order 400: {\"code\":-1111,\"msg\":\"Parameter 'quantity' has too much precision.\"}","msg":"error en venda òrfena a mercat"}
{"level":40,"time":1774500419464,"pid":37560,"hostname":"DESKTOP-KPAMGTB","module":"auto-trader","symbol":"BNBUSDT","uncoveredUsd":54.4563122646,"uncovered":0.08468178,"msg":"posició parcialment sense SL — esperant 5 min per corregir"}
{"level":40,"time":1774500423302,"pid":37560,"hostname":"DESKTOP-KPAMGTB","module":"auto-trader","symbol":"SHIBUSDT","uncoveredUsd":18.6533428785,"uncovered":3083197.17,"msg":"posició parcialment sense SL — esperant 5 min per corregir"}
{"level":30,"time":1774500599191,"pid":37560,"hostname":"DESKTOP-KPAMGTB","module":"auto-trader","symbol":"ETHUSDT","msg":"aplicant correcció OCO a posició òrfena…"}
{"level":40,"time":1774500599194,"pid":37560,"hostname":"DESKTOP-KPAMGTB","module":"auto-trader","symbol":"ETHUSDT","uncoveredUsd":28.175858304,"msg":"no s'ha trobat cap bot actiu — venent posició òrfena a mercat"}
{"level":50,"time":1774500599443,"pid":37560,"hostname":"DESKTOP-KPAMGTB","module":"auto-trader","symbol":"ETHUSDT","err":"Binance /order 400: {\"code\":-1013,\"msg\":\"Filter failure: LOT_SIZE\"}","msg":"error en venda òrfena a mercat"}
{"level":40,"time":1774500659265,"pid":37560,"hostname":"DESKTOP-KPAMGTB","module":"auto-trader","symbol":"ETHUSDT","uncoveredUsd":28.169579328,"uncovered":0.0130812,"msg":"posició parcialment sense SL — esperant 5 min per corregir"}
{"level":30,"time":1774500718974,"pid":37560,"hostname":"DESKTOP-KPAMGTB","module":"auto-trader","symbol":"LTCUSDT","msg":"aplicant correcció OCO a posició òrfena…"}
{"level":40,"time":1774500718976,"pid":37560,"hostname":"DESKTOP-KPAMGTB","module":"auto-trader","symbol":"LTCUSDT","uncoveredUsd":26.32418926,"msg":"no s'ha trobat cap bot actiu — venent posició òrfena a mercat"}
{"level":50,"time":1774500719227,"pid":37560,"hostname":"DESKTOP-KPAMGTB","module":"auto-trader","symbol":"LTCUSDT","err":"Binance /order 400: {\"code\":-1013,\"msg\":\"Filter failure: LOT_SIZE\"}","msg":"error en venda òrfena a mercat"}
{"level":40,"time":1774500778964,"pid":37560,"hostname":"DESKTOP-KPAMGTB","module":"auto-trader","symbol":"LTCUSDT","uncoveredUsd":26.32418926,"uncovered":0.470579,"msg":"posició parcialment sense SL — esperant 5 min per corregir"}
{"level":30,"time":1774500779419,"pid":37560,"hostname":"DESKTOP-KPAMGTB","module":"auto-trader","symbol":"BNBUSDT","msg":"aplicant correcció OCO a posició òrfena…"}
{"level":40,"time":1774500779422,"pid":37560,"hostname":"DESKTOP-KPAMGTB","module":"auto-trader","symbol":"BNBUSDT","uncoveredUsd":54.445303633200005,"msg":"no s'ha trobat cap bot actiu — venent posició òrfena a mercat"}
{"level":50,"time":1774500779649,"pid":37560,"hostname":"DESKTOP-KPAMGTB","module":"auto-trader","symbol":"BNBUSDT","err":"Binance /order 400: {\"code\":-1013,\"msg\":\"Filter failure: LOT_SIZE\"}","msg":"error en venda òrfena a mercat"}
{"level":30,"time":1774500783312,"pid":37560,"hostname":"DESKTOP-KPAMGTB","module":"auto-trader","symbol":"SHIBUSDT","msg":"aplicant correcció OCO a posició òrfena…"}
{"level":40,"time":1774500783317,"pid":37560,"hostname":"DESKTOP-KPAMGTB","module":"auto-trader","symbol":"SHIBUSDT","uncoveredUsd":18.6225109068,"msg":"no s'ha trobat cap bot actiu — venent posició òrfena a mercat"}
{"level":50,"time":1774500783566,"pid":37560,"hostname":"DESKTOP-KPAMGTB","module":"auto-trader","symbol":"SHIBUSDT","err":"Binance /order 400: {\"code\":-1111,\"msg\":\"Parameter 'quantity' has too much precision.\"}","msg":"error en venda òrfena a mercat"}
{"level":40,"time":1774500839429,"pid":37560,"hostname":"DESKTOP-KPAMGTB","module":"auto-trader","symbol":"BNBUSDT","uncoveredUsd":54.424980006000006,"uncovered":0.08468178,"msg":"posició parcialment sense SL — esperant 5 min per corregir"}
{"level":40,"time":1774500843266,"pid":37560,"hostname":"DESKTOP-KPAMGTB","module":"auto-trader","symbol":"SHIBUSDT","uncoveredUsd":18.6225109068,"uncovered":3083197.17,"msg":"posició parcialment sense SL — esperant 5 min per corregir"}
{"level":30,"time":1774501019189,"pid":37560,"hostname":"DESKTOP-KPAMGTB","module":"auto-trader","symbol":"ETHUSDT","msg":"aplicant correcció OCO a posició òrfena…"}
{"level":40,"time":1774501019192,"pid":37560,"hostname":"DESKTOP-KPAMGTB","module":"auto-trader","symbol":"ETHUSDT","uncoveredUsd":28.117385339999995,"msg":"no s'ha trobat cap bot actiu — venent posició òrfena a mercat"}
{"level":50,"time":1774501019460,"pid":37560,"hostname":"DESKTOP-KPAMGTB","module":"auto-trader","symbol":"ETHUSDT","err":"Binance /order 400: {\"code\":-1013,\"msg\":\"Filter failure: LOT_SIZE\"}","msg":"error en venda òrfena a mercat"}
{"level":40,"time":1774501079437,"pid":37560,"hostname":"DESKTOP-KPAMGTB","module":"auto-trader","symbol":"ETHUSDT","uncoveredUsd":28.128111924,"uncovered":0.0130812,"msg":"posició parcialment sense SL — esperant 5 min per corregir"}
{"level":30,"time":1774501139058,"pid":37560,"hostname":"DESKTOP-KPAMGTB","module":"auto-trader","symbol":"LTCUSDT","msg":"aplicant correcció OCO a posició òrfena…"}
{"level":40,"time":1774501139071,"pid":37560,"hostname":"DESKTOP-KPAMGTB","module":"auto-trader","symbol":"LTCUSDT","uncoveredUsd":26.30066031,"msg":"no s'ha trobat cap bot actiu — venent posició òrfena a mercat"}
{"level":50,"time":1774501139328,"pid":37560,"hostname":"DESKTOP-KPAMGTB","module":"auto-trader","symbol":"LTCUSDT","err":"Binance /order 400: {\"code\":-1013,\"msg\":\"Filter failure: LOT_SIZE\"}","msg":"error en venda òrfena a mercat"}
{"level":30,"time":1774501174545,"pid":37560,"hostname":"DESKTOP-KPAMGTB","module":"binance","assets":23,"msg":"balance"}
{"level":40,"time":1774501198994,"pid":37560,"hostname":"DESKTOP-KPAMGTB","module":"auto-trader","symbol":"LTCUSDT","uncoveredUsd":26.30066031,"uncovered":0.470579,"msg":"posició parcialment sense SL — esperant 5 min per corregir"}
{"level":30,"time":1774501199456,"pid":37560,"hostname":"DESKTOP-KPAMGTB","module":"auto-trader","symbol":"BNBUSDT","msg":"aplicant correcció OCO a posició òrfena…"}
{"level":40,"time":1774501199459,"pid":37560,"hostname":"DESKTOP-KPAMGTB","module":"auto-trader","symbol":"BNBUSDT","uncoveredUsd":54.3919541118,"msg":"no s'ha trobat cap bot actiu — venent posició òrfena a mercat"}
{"level":50,"time":1774501199907,"pid":37560,"hostname":"DESKTOP-KPAMGTB","module":"auto-trader","symbol":"BNBUSDT","err":"Binance /order 400: {\"code\":-1013,\"msg\":\"Filter failure: LOT_SIZE\"}","msg":"error en venda òrfena a mercat"}
{"level":30,"time":1774501200833,"pid":37560,"hostname":"DESKTOP-KPAMGTB","module":"telegram","msg":"informe horari enviat"}
{"level":30,"time":1774501203969,"pid":37560,"hostname":"DESKTOP-KPAMGTB","module":"auto-trader","symbol":"SHIBUSDT","msg":"aplicant correcció OCO a posició òrfena…"}
{"level":40,"time":1774501203970,"pid":37560,"hostname":"DESKTOP-KPAMGTB","module":"auto-trader","symbol":"SHIBUSDT","uncoveredUsd":18.6225109068,"msg":"no s'ha trobat cap bot actiu — venent posició òrfena a mercat"}
{"level":50,"time":1774501204192,"pid":37560,"hostname":"DESKTOP-KPAMGTB","module":"auto-trader","symbol":"SHIBUSDT","err":"Binance /order 400: {\"code\":-1111,\"msg\":\"Parameter 'quantity' has too much precision.\"}","msg":"error en venda òrfena a mercat"}
{"level":40,"time":1774501259519,"pid":37560,"hostname":"DESKTOP-KPAMGTB","module":"auto-trader","symbol":"BNBUSDT","uncoveredUsd":54.389413658399995,"uncovered":0.08468178,"msg":"posició parcialment sense SL — esperant 5 min per corregir"}
{"level":40,"time":1774501263378,"pid":37560,"hostname":"DESKTOP-KPAMGTB","module":"auto-trader","symbol":"SHIBUSDT","uncoveredUsd":18.6225109068,"uncovered":3083197.17,"msg":"posició parcialment sense SL — esperant 5 min per corregir"}
{"level":30,"time":1774501439232,"pid":37560,"hostname":"DESKTOP-KPAMGTB","module":"auto-trader","symbol":"ETHUSDT","msg":"aplicant correcció OCO a posició òrfena…"}
{"level":40,"time":1774501439235,"pid":37560,"hostname":"DESKTOP-KPAMGTB","module":"auto-trader","symbol":"ETHUSDT","uncoveredUsd":28.10888256,"msg":"no s'ha trobat cap bot actiu — venent posició òrfena a mercat"}
{"level":50,"time":1774501439460,"pid":37560,"hostname":"DESKTOP-KPAMGTB","module":"auto-trader","symbol":"ETHUSDT","err":"Binance /order 400: {\"code\":-1013,\"msg\":\"Filter failure: LOT_SIZE\"}","msg":"error en venda òrfena a mercat"}
{"level":40,"time":1774501499310,"pid":37560,"hostname":"DESKTOP-KPAMGTB","module":"auto-trader","symbol":"ETHUSDT","uncoveredUsd":28.113591791999998,"uncovered":0.0130812,"msg":"posició parcialment sense SL — esperant 5 min per corregir"}
{"level":30,"time":1774501559173,"pid":37560,"hostname":"DESKTOP-KPAMGTB","module":"auto-trader","symbol":"LTCUSDT","msg":"aplicant correcció OCO a posició òrfena…"}
{"level":40,"time":1774501559176,"pid":37560,"hostname":"DESKTOP-KPAMGTB","module":"auto-trader","symbol":"LTCUSDT","uncoveredUsd":26.26301399,"msg":"no s'ha trobat cap bot actiu — venent posició òrfena a mercat"}
{"level":50,"time":1774501559406,"pid":37560,"hostname":"DESKTOP-KPAMGTB","module":"auto-trader","symbol":"LTCUSDT","err":"Binance /order 400: {\"code\":-1013,\"msg\":\"Filter failure: LOT_SIZE\"}","msg":"error en venda òrfena a mercat"}
{"level":40,"time":1774501619396,"pid":37560,"hostname":"DESKTOP-KPAMGTB","module":"auto-trader","symbol":"LTCUSDT","uncoveredUsd":26.22536767,"uncovered":0.470579,"msg":"posició parcialment sense SL — esperant 5 min per corregir"}
{"level":30,"time":1774501619856,"pid":37560,"hostname":"DESKTOP-KPAMGTB","module":"auto-trader","symbol":"BNBUSDT","msg":"aplicant correcció OCO a posició òrfena…"}
{"level":40,"time":1774501619859,"pid":37560,"hostname":"DESKTOP-KPAMGTB","module":"auto-trader","symbol":"BNBUSDT","uncoveredUsd":54.2463014502,"msg":"no s'ha trobat cap bot actiu — venent posició òrfena a mercat"}
{"level":50,"time":1774501620095,"pid":37560,"hostname":"DESKTOP-KPAMGTB","module":"auto-trader","symbol":"BNBUSDT","err":"Binance /order 400: {\"code\":-1013,\"msg\":\"Filter failure: LOT_SIZE\"}","msg":"error en venda òrfena a mercat"}
{"level":30,"time":1774501623832,"pid":37560,"hostname":"DESKTOP-KPAMGTB","module":"auto-trader","symbol":"SHIBUSDT","msg":"aplicant correcció OCO a posició òrfena…"}
{"level":40,"time":1774501623835,"pid":37560,"hostname":"DESKTOP-KPAMGTB","module":"auto-trader","symbol":"SHIBUSDT","uncoveredUsd":18.5608469634,"msg":"no s'ha trobat cap bot actiu — venent posició òrfena a mercat"}
{"level":50,"time":1774501624075,"pid":37560,"hostname":"DESKTOP-KPAMGTB","module":"auto-trader","symbol":"SHIBUSDT","err":"Binance /order 400: {\"code\":-1111,\"msg\":\"Parameter 'quantity' has too much precision.\"}","msg":"error en venda òrfena a mercat"}
{"level":40,"time":1774501679540,"pid":37560,"hostname":"DESKTOP-KPAMGTB","module":"auto-trader","symbol":"BNBUSDT","uncoveredUsd":54.253075992599996,"uncovered":0.08468178,"msg":"posició parcialment sense SL — esperant 5 min per corregir"}
{"level":40,"time":1774501683172,"pid":37560,"hostname":"DESKTOP-KPAMGTB","module":"auto-trader","symbol":"SHIBUSDT","uncoveredUsd":18.5916789351,"uncovered":3083197.17,"msg":"posició parcialment sense SL — esperant 5 min per corregir"}
{"level":30,"time":1774501859276,"pid":37560,"hostname":"DESKTOP-KPAMGTB","module":"auto-trader","symbol":"ETHUSDT","msg":"aplicant correcció OCO a posició òrfena…"}
{"level":40,"time":1774501859278,"pid":37560,"hostname":"DESKTOP-KPAMGTB","module":"auto-trader","symbol":"ETHUSDT","uncoveredUsd":28.003186463999995,"msg":"no s'ha trobat cap bot actiu — venent posició òrfena a mercat"}
{"level":50,"time":1774501859507,"pid":37560,"hostname":"DESKTOP-KPAMGTB","module":"auto-trader","symbol":"ETHUSDT","err":"Binance /order 400: {\"code\":-1013,\"msg\":\"Filter failure: LOT_SIZE\"}","msg":"error en venda òrfena a mercat"}
{"level":40,"time":1774501919384,"pid":37560,"hostname":"DESKTOP-KPAMGTB","module":"auto-trader","symbol":"ETHUSDT","uncoveredUsd":28.017183348,"uncovered":0.0130812,"msg":"posició parcialment sense SL — esperant 5 min per corregir"}
{"level":30,"time":1774501979135,"pid":37560,"hostname":"DESKTOP-KPAMGTB","module":"auto-trader","symbol":"LTCUSDT","msg":"aplicant correcció OCO a posició òrfena…"}
{"level":40,"time":1774501979147,"pid":37560,"hostname":"DESKTOP-KPAMGTB","module":"auto-trader","symbol":"LTCUSDT","uncoveredUsd":26.20654451,"msg":"no s'ha trobat cap bot actiu — venent posició òrfena a mercat"}
{"level":50,"time":1774501979388,"pid":37560,"hostname":"DESKTOP-KPAMGTB","module":"auto-trader","symbol":"LTCUSDT","err":"Binance /order 400: {\"code\":-1013,\"msg\":\"Filter failure: LOT_SIZE\"}","msg":"error en venda òrfena a mercat"}
{"level":40,"time":1774502039381,"pid":37560,"hostname":"DESKTOP-KPAMGTB","module":"auto-trader","symbol":"LTCUSDT","uncoveredUsd":26.20654451,"uncovered":0.470579,"msg":"posició parcialment sense SL — esperant 5 min per corregir"}
{"level":30,"time":1774502039880,"pid":37560,"hostname":"DESKTOP-KPAMGTB","module":"auto-trader","symbol":"BNBUSDT","msg":"aplicant correcció OCO a posició òrfena…"}
{"level":40,"time":1774502039882,"pid":37560,"hostname":"DESKTOP-KPAMGTB","module":"auto-trader","symbol":"BNBUSDT","uncoveredUsd":54.1768623906,"msg":"no s'ha trobat cap bot actiu — venent posició òrfena a mercat"}
{"level":50,"time":1774502040106,"pid":37560,"hostname":"DESKTOP-KPAMGTB","module":"auto-trader","symbol":"BNBUSDT","err":"Binance /order 400: {\"code\":-1013,\"msg\":\"Filter failure: LOT_SIZE\"}","msg":"error en venda òrfena a mercat"}
{"level":30,"time":1774502041823,"pid":37560,"hostname":"DESKTOP-KPAMGTB","module":"orders","symbol":"SOLUSDT","side":"SELL","type":"STOP_LOSS_LIMIT","execPrice":89.91,"execValue":25.38,"orderId":1284517537,"msg":"ordre executada (fill)"}
{"level":30,"time":1774502043889,"pid":37560,"hostname":"DESKTOP-KPAMGTB","module":"auto-trader","symbol":"SHIBUSDT","msg":"aplicant correcció OCO a posició òrfena…"}
{"level":40,"time":1774502043895,"pid":37560,"hostname":"DESKTOP-KPAMGTB","module":"auto-trader","symbol":"SHIBUSDT","uncoveredUsd":18.5608469634,"msg":"no s'ha trobat cap bot actiu — venent posició òrfena a mercat"}
{"level":50,"time":1774502044158,"pid":37560,"hostname":"DESKTOP-KPAMGTB","module":"auto-trader","symbol":"SHIBUSDT","err":"Binance /order 400: {\"code\":-1111,\"msg\":\"Parameter 'quantity' has too much precision.\"}","msg":"error en venda òrfena a mercat"}
{"level":40,"time":1774502099588,"pid":37560,"hostname":"DESKTOP-KPAMGTB","module":"auto-trader","symbol":"BNBUSDT","uncoveredUsd":54.147664592999995,"uncovered":0.08465202,"msg":"posició parcialment sense SL — esperant 5 min per corregir"}
{"level":40,"time":1774502103253,"pid":37560,"hostname":"DESKTOP-KPAMGTB","module":"auto-trader","symbol":"SHIBUSDT","uncoveredUsd":18.5300149917,"uncovered":3083197.17,"msg":"posició parcialment sense SL — esperant 5 min per corregir"}
{"level":30,"time":1774502279375,"pid":37560,"hostname":"DESKTOP-KPAMGTB","module":"auto-trader","symbol":"ETHUSDT","msg":"aplicant correcció OCO a posició òrfena…"}
{"level":40,"time":1774502279377,"pid":37560,"hostname":"DESKTOP-KPAMGTB","module":"auto-trader","symbol":"ETHUSDT","uncoveredUsd":28.003578899999997,"msg":"no s'ha trobat cap bot actiu — venent posició òrfena a mercat"}
{"level":50,"time":1774502279603,"pid":37560,"hostname":"DESKTOP-KPAMGTB","module":"auto-trader","symbol":"ETHUSDT","err":"Binance /order 400: {\"code\":-1013,\"msg\":\"Filter failure: LOT_SIZE\"}","msg":"error en venda òrfena a mercat"}
{"level":40,"time":1774502339422,"pid":37560,"hostname":"DESKTOP-KPAMGTB","module":"auto-trader","symbol":"ETHUSDT","uncoveredUsd":27.993113939999997,"uncovered":0.0130812,"msg":"posició parcialment sense SL — esperant 5 min per corregir"}
{"level":30,"time":1774502399237,"pid":37560,"hostname":"DESKTOP-KPAMGTB","module":"auto-trader","symbol":"LTCUSDT","msg":"aplicant correcció OCO a posició òrfena…"}
{"level":40,"time":1774502399238,"pid":37560,"hostname":"DESKTOP-KPAMGTB","module":"auto-trader","symbol":"LTCUSDT","uncoveredUsd":26.20654451,"msg":"no s'ha trobat cap bot actiu — venent posició òrfena a mercat"}
{"level":50,"time":1774502399463,"pid":37560,"hostname":"DESKTOP-KPAMGTB","module":"auto-trader","symbol":"LTCUSDT","err":"Binance /order 400: {\"code\":-1013,\"msg\":\"Filter failure: LOT_SIZE\"}","msg":"error en venda òrfena a mercat"}
{"level":40,"time":1774502459383,"pid":37560,"hostname":"DESKTOP-KPAMGTB","module":"auto-trader","symbol":"LTCUSDT","uncoveredUsd":26.234779250000003,"uncovered":0.470579,"msg":"posició parcialment sense SL — esperant 5 min per corregir"}
{"level":30,"time":1774502459846,"pid":37560,"hostname":"DESKTOP-KPAMGTB","module":"auto-trader","symbol":"BNBUSDT","msg":"aplicant correcció OCO a posició òrfena…"}
{"level":40,"time":1774502459849,"pid":37560,"hostname":"DESKTOP-KPAMGTB","module":"auto-trader","symbol":"BNBUSDT","uncoveredUsd":54.1578228354,"msg":"no s'ha trobat cap bot actiu — venent posició òrfena a mercat"}
{"level":50,"time":1774502460076,"pid":37560,"hostname":"DESKTOP-KPAMGTB","module":"auto-trader","symbol":"BNBUSDT","err":"Binance /order 400: {\"code\":-1013,\"msg\":\"Filter failure: LOT_SIZE\"}","msg":"error en venda òrfena a mercat"}
{"level":30,"time":1774502463744,"pid":37560,"hostname":"DESKTOP-KPAMGTB","module":"auto-trader","symbol":"SHIBUSDT","msg":"aplicant correcció OCO a posició òrfena…"}
{"level":40,"time":1774502463748,"pid":37560,"hostname":"DESKTOP-KPAMGTB","module":"auto-trader","symbol":"SHIBUSDT","uncoveredUsd":18.5608469634,"msg":"no s'ha trobat cap bot actiu — venent posició òrfena a mercat"}
{"level":50,"time":1774502463980,"pid":37560,"hostname":"DESKTOP-KPAMGTB","module":"auto-trader","symbol":"SHIBUSDT","err":"Binance /order 400: {\"code\":-1111,\"msg\":\"Parameter 'quantity' has too much precision.\"}","msg":"error en venda òrfena a mercat"}
{"level":40,"time":1774502519602,"pid":37560,"hostname":"DESKTOP-KPAMGTB","module":"auto-trader","symbol":"BNBUSDT","uncoveredUsd":54.13496679,"uncovered":0.08465202,"msg":"posició parcialment sense SL — esperant 5 min per corregir"}
{"level":40,"time":1774502523201,"pid":37560,"hostname":"DESKTOP-KPAMGTB","module":"auto-trader","symbol":"SHIBUSDT","uncoveredUsd":18.5300149917,"uncovered":3083197.17,"msg":"posició parcialment sense SL — esperant 5 min per corregir"}
{"level":30,"time":1774502698946,"pid":37560,"hostname":"DESKTOP-KPAMGTB","module":"auto-trader","symbol":"ETHUSDT","msg":"aplicant correcció OCO a posició òrfena…"}
{"level":40,"time":1774502698948,"pid":37560,"hostname":"DESKTOP-KPAMGTB","module":"auto-trader","symbol":"ETHUSDT","uncoveredUsd":28.020453647999997,"msg":"no s'ha trobat cap bot actiu — venent posició òrfena a mercat"}
{"level":50,"time":1774502699174,"pid":37560,"hostname":"DESKTOP-KPAMGTB","module":"auto-trader","symbol":"ETHUSDT","err":"Binance /order 400: {\"code\":-1013,\"msg\":\"Filter failure: LOT_SIZE\"}","msg":"error en venda òrfena a mercat"}
{"level":40,"time":1774502759445,"pid":37560,"hostname":"DESKTOP-KPAMGTB","module":"auto-trader","symbol":"ETHUSDT","uncoveredUsd":27.999523728,"uncovered":0.0130812,"msg":"posició parcialment sense SL — esperant 5 min per corregir"}
{"level":30,"time":1774502819452,"pid":37560,"hostname":"DESKTOP-KPAMGTB","module":"auto-trader","symbol":"LTCUSDT","msg":"aplicant correcció OCO a posició òrfena…"}
{"level":40,"time":1774502819455,"pid":37560,"hostname":"DESKTOP-KPAMGTB","module":"auto-trader","symbol":"LTCUSDT","uncoveredUsd":26.18301556,"msg":"no s'ha trobat cap bot actiu — venent posició òrfena a mercat"}
{"level":50,"time":1774502819686,"pid":37560,"hostname":"DESKTOP-KPAMGTB","module":"auto-trader","symbol":"LTCUSDT","err":"Binance /order 400: {\"code\":-1013,\"msg\":\"Filter failure: LOT_SIZE\"}","msg":"error en venda òrfena a mercat"}
{"level":40,"time":1774502879434,"pid":37560,"hostname":"DESKTOP-KPAMGTB","module":"auto-trader","symbol":"LTCUSDT","uncoveredUsd":26.19242714,"uncovered":0.470579,"msg":"posició parcialment sense SL — esperant 5 min per corregir"}
{"level":30,"time":1774502879913,"pid":37560,"hostname":"DESKTOP-KPAMGTB","module":"auto-trader","symbol":"BNBUSDT","msg":"aplicant correcció OCO a posició òrfena…"}
{"level":40,"time":1774502879918,"pid":37560,"hostname":"DESKTOP-KPAMGTB","module":"auto-trader","symbol":"BNBUSDT","uncoveredUsd":54.108724663800004,"msg":"no s'ha trobat cap bot actiu — venent posició òrfena a mercat"}
{"level":50,"time":1774502880154,"pid":37560,"hostname":"DESKTOP-KPAMGTB","module":"auto-trader","symbol":"BNBUSDT","err":"Binance /order 400: {\"code\":-1013,\"msg\":\"Filter failure: LOT_SIZE\"}","msg":"error en venda òrfena a mercat"}
{"level":30,"time":1774502883857,"pid":37560,"hostname":"DESKTOP-KPAMGTB","module":"auto-trader","symbol":"SHIBUSDT","msg":"aplicant correcció OCO a posició òrfena…"}
{"level":40,"time":1774502883860,"pid":37560,"hostname":"DESKTOP-KPAMGTB","module":"auto-trader","symbol":"SHIBUSDT","uncoveredUsd":18.5608469634,"msg":"no s'ha trobat cap bot actiu — venent posició òrfena a mercat"}
{"level":50,"time":1774502884093,"pid":37560,"hostname":"DESKTOP-KPAMGTB","module":"auto-trader","symbol":"SHIBUSDT","err":"Binance /order 400: {\"code\":-1111,\"msg\":\"Parameter 'quantity' has too much precision.\"}","msg":"error en venda òrfena a mercat"}
{"level":40,"time":1774502939702,"pid":37560,"hostname":"DESKTOP-KPAMGTB","module":"auto-trader","symbol":"BNBUSDT","uncoveredUsd":54.11803638599999,"uncovered":0.08465202,"msg":"posició parcialment sense SL — esperant 5 min per corregir"}
{"level":40,"time":1774502943563,"pid":37560,"hostname":"DESKTOP-KPAMGTB","module":"auto-trader","symbol":"SHIBUSDT","uncoveredUsd":18.5608469634,"uncovered":3083197.17,"msg":"posició parcialment sense SL — esperant 5 min per corregir"}
{"level":30,"time":1774503119535,"pid":37560,"hostname":"DESKTOP-KPAMGTB","module":"auto-trader","symbol":"ETHUSDT","msg":"aplicant correcció OCO a posició òrfena…"}
{"level":40,"time":1774503119544,"pid":37560,"hostname":"DESKTOP-KPAMGTB","module":"auto-trader","symbol":"ETHUSDT","uncoveredUsd":28.028040744,"msg":"no s'ha trobat cap bot actiu — venent posició òrfena a mercat"}
{"level":50,"time":1774503119810,"pid":37560,"hostname":"DESKTOP-KPAMGTB","module":"auto-trader","symbol":"ETHUSDT","err":"Binance /order 400: {\"code\":-1013,\"msg\":\"Filter failure: LOT_SIZE\"}","msg":"error en venda òrfena a mercat"}
{"level":40,"time":1774503179551,"pid":37560,"hostname":"DESKTOP-KPAMGTB","module":"auto-trader","symbol":"ETHUSDT","uncoveredUsd":28.011820056,"uncovered":0.0130812,"msg":"posició parcialment sense SL — esperant 5 min per corregir"}
{"level":30,"time":1774503239292,"pid":37560,"hostname":"DESKTOP-KPAMGTB","module":"auto-trader","symbol":"LTCUSDT","msg":"aplicant correcció OCO a posició òrfena…"}
{"level":40,"time":1774503239294,"pid":37560,"hostname":"DESKTOP-KPAMGTB","module":"auto-trader","symbol":"LTCUSDT","uncoveredUsd":26.20654451,"msg":"no s'ha trobat cap bot actiu — venent posició òrfena a mercat"}
{"level":50,"time":1774503239524,"pid":37560,"hostname":"DESKTOP-KPAMGTB","module":"auto-trader","symbol":"LTCUSDT","err":"Binance /order 400: {\"code\":-1013,\"msg\":\"Filter failure: LOT_SIZE\"}","msg":"error en venda òrfena a mercat"}
{"level":40,"time":1774503299567,"pid":37560,"hostname":"DESKTOP-KPAMGTB","module":"auto-trader","symbol":"LTCUSDT","uncoveredUsd":26.20183872,"uncovered":0.470579,"msg":"posició parcialment sense SL — esperant 5 min per corregir"}
{"level":30,"time":1774503300050,"pid":37560,"hostname":"DESKTOP-KPAMGTB","module":"auto-trader","symbol":"BNBUSDT","msg":"aplicant correcció OCO a posició òrfena…"}
{"level":40,"time":1774503300054,"pid":37560,"hostname":"DESKTOP-KPAMGTB","module":"auto-trader","symbol":"BNBUSDT","uncoveredUsd":54.116343345599994,"msg":"no s'ha trobat cap bot actiu — venent posició òrfena a mercat"}
{"level":50,"time":1774503300287,"pid":37560,"hostname":"DESKTOP-KPAMGTB","module":"auto-trader","symbol":"BNBUSDT","err":"Binance /order 400: {\"code\":-1013,\"msg\":\"Filter failure: LOT_SIZE\"}","msg":"error en venda òrfena a mercat"}
{"level":30,"time":1774503304130,"pid":37560,"hostname":"DESKTOP-KPAMGTB","module":"auto-trader","symbol":"SHIBUSDT","msg":"aplicant correcció OCO a posició òrfena…"}
{"level":40,"time":1774503304134,"pid":37560,"hostname":"DESKTOP-KPAMGTB","module":"auto-trader","symbol":"SHIBUSDT","uncoveredUsd":18.5300149917,"msg":"no s'ha trobat cap bot actiu — venent posició òrfena a mercat"}
{"level":50,"time":1774503304407,"pid":37560,"hostname":"DESKTOP-KPAMGTB","module":"auto-trader","symbol":"SHIBUSDT","err":"Binance /order 400: {\"code\":-1111,\"msg\":\"Parameter 'quantity' has too much precision.\"}","msg":"error en venda òrfena a mercat"}
{"level":40,"time":1774503359837,"pid":37560,"hostname":"DESKTOP-KPAMGTB","module":"auto-trader","symbol":"BNBUSDT","uncoveredUsd":54.156129795,"uncovered":0.08465202,"msg":"posició parcialment sense SL — esperant 5 min per corregir"}
{"level":40,"time":1774503363516,"pid":37560,"hostname":"DESKTOP-KPAMGTB","module":"auto-trader","symbol":"SHIBUSDT","uncoveredUsd":18.5300149917,"uncovered":3083197.17,"msg":"posició parcialment sense SL — esperant 5 min per corregir"}
{"level":30,"time":1774503476904,"pid":37560,"hostname":"DESKTOP-KPAMGTB","module":"binance","assets":23,"msg":"balance"}
{"level":30,"time":1774503506837,"pid":37560,"hostname":"DESKTOP-KPAMGTB","module":"binance","assets":23,"msg":"balance"}
{"level":30,"time":1774503534857,"pid":37560,"hostname":"DESKTOP-KPAMGTB","module":"binance","assets":23,"msg":"balance"}
{"level":30,"time":1774503539157,"pid":37560,"hostname":"DESKTOP-KPAMGTB","module":"auto-trader","symbol":"ETHUSDT","msg":"aplicant correcció OCO a posició òrfena…"}
{"level":40,"time":1774503539164,"pid":37560,"hostname":"DESKTOP-KPAMGTB","module":"auto-trader","symbol":"ETHUSDT","uncoveredUsd":28.03170348,"msg":"no s'ha trobat cap bot actiu — venent posició òrfena a mercat"}
{"level":50,"time":1774503539432,"pid":37560,"hostname":"DESKTOP-KPAMGTB","module":"auto-trader","symbol":"ETHUSDT","err":"Binance /order 400: {\"code\":-1013,\"msg\":\"Filter failure: LOT_SIZE\"}","msg":"error en venda òrfena a mercat"}
{"level":30,"time":1774503595046,"pid":37560,"hostname":"DESKTOP-KPAMGTB","module":"binance","assets":23,"msg":"balance"}
{"level":40,"time":1774503599153,"pid":37560,"hostname":"DESKTOP-KPAMGTB","module":"auto-trader","symbol":"ETHUSDT","uncoveredUsd":28.028563991999995,"uncovered":0.0130812,"msg":"posició parcialment sense SL — esperant 5 min per corregir"}
{"level":30,"time":1774503659392,"pid":37560,"hostname":"DESKTOP-KPAMGTB","module":"auto-trader","symbol":"LTCUSDT","msg":"aplicant correcció OCO a posició òrfena…"}
{"level":40,"time":1774503659394,"pid":37560,"hostname":"DESKTOP-KPAMGTB","module":"auto-trader","symbol":"LTCUSDT","uncoveredUsd":26.18301556,"msg":"no s'ha trobat cap bot actiu — venent posició òrfena a mercat"}
{"level":50,"time":1774503659647,"pid":37560,"hostname":"DESKTOP-KPAMGTB","module":"auto-trader","symbol":"LTCUSDT","err":"Binance /order 400: {\"code\":-1013,\"msg\":\"Filter failure: LOT_SIZE\"}","msg":"error en venda òrfena a mercat"}
{"level":40,"time":1774503719619,"pid":37560,"hostname":"DESKTOP-KPAMGTB","module":"auto-trader","symbol":"LTCUSDT","uncoveredUsd":26.20654451,"uncovered":0.470579,"msg":"posició parcialment sense SL — esperant 5 min per corregir"}
{"level":30,"time":1774503720104,"pid":37560,"hostname":"DESKTOP-KPAMGTB","module":"auto-trader","symbol":"BNBUSDT","msg":"aplicant correcció OCO a posició òrfena…"}
{"level":40,"time":1774503720105,"pid":37560,"hostname":"DESKTOP-KPAMGTB","module":"auto-trader","symbol":"BNBUSDT","uncoveredUsd":54.13496679,"msg":"no s'ha trobat cap bot actiu — venent posició òrfena a mercat"}
{"level":50,"time":1774503720330,"pid":37560,"hostname":"DESKTOP-KPAMGTB","module":"auto-trader","symbol":"BNBUSDT","err":"Binance /order 400: {\"code\":-1013,\"msg\":\"Filter failure: LOT_SIZE\"}","msg":"error en venda òrfena a mercat"}
{"level":30,"time":1774503724159,"pid":37560,"hostname":"DESKTOP-KPAMGTB","module":"auto-trader","symbol":"SHIBUSDT","msg":"aplicant correcció OCO a posició òrfena…"}
{"level":40,"time":1774503724164,"pid":37560,"hostname":"DESKTOP-KPAMGTB","module":"auto-trader","symbol":"SHIBUSDT","uncoveredUsd":18.5300149917,"msg":"no s'ha trobat cap bot actiu — venent posició òrfena a mercat"}
{"level":50,"time":1774503724423,"pid":37560,"hostname":"DESKTOP-KPAMGTB","module":"auto-trader","symbol":"SHIBUSDT","err":"Binance /order 400: {\"code\":-1111,\"msg\":\"Parameter 'quantity' has too much precision.\"}","msg":"error en venda òrfena a mercat"}
{"level":40,"time":1774503779873,"pid":37560,"hostname":"DESKTOP-KPAMGTB","module":"auto-trader","symbol":"BNBUSDT","uncoveredUsd":54.095180340599995,"uncovered":0.08465202,"msg":"posició parcialment sense SL — esperant 5 min per corregir"}
{"level":40,"time":1774503783705,"pid":37560,"hostname":"DESKTOP-KPAMGTB","module":"auto-trader","symbol":"SHIBUSDT","uncoveredUsd":18.5300149917,"uncovered":3083197.17,"msg":"posició parcialment sense SL — esperant 5 min per corregir"}
{"level":30,"time":1774503897328,"pid":37560,"hostname":"DESKTOP-KPAMGTB","module":"orders","symbol":"DOGEUSDT","side":"SELL","type":"STOP_LOSS_LIMIT","execPrice":0.0933,"execValue":24.46294,"orderId":890905948,"msg":"ordre executada (fill)"}
{"level":30,"time":1774503959622,"pid":37560,"hostname":"DESKTOP-KPAMGTB","module":"auto-trader","symbol":"ETHUSDT","msg":"aplicant correcció OCO a posició òrfena…"}
{"level":40,"time":1774503959625,"pid":37560,"hostname":"DESKTOP-KPAMGTB","module":"auto-trader","symbol":"ETHUSDT","uncoveredUsd":27.794672136000003,"msg":"no s'ha trobat cap bot actiu — venent posició òrfena a mercat"}
{"level":50,"time":1774503959881,"pid":37560,"hostname":"DESKTOP-KPAMGTB","module":"auto-trader","symbol":"ETHUSDT","err":"Binance /order 400: {\"code\":-1013,\"msg\":\"Filter failure: LOT_SIZE\"}","msg":"error en venda òrfena a mercat"}
{"level":30,"time":1774503967248,"pid":37560,"hostname":"DESKTOP-KPAMGTB","module":"orders","symbol":"LINKUSDT","side":"SELL","type":"STOP_LOSS_LIMIT","execPrice":9.11,"execValue":27.36,"orderId":182299844,"msg":"ordre executada (fill)"}
{"level":30,"time":1774503967922,"pid":37560,"hostname":"DESKTOP-KPAMGTB","module":"orders","symbol":"UNIUSDT","side":"SELL","type":"STOP_LOSS_LIMIT","execPrice":3.61,"execValue":32.571,"orderId":228240171,"msg":"ordre executada (fill)"}
{"level":40,"time":1774504019711,"pid":37560,"hostname":"DESKTOP-KPAMGTB","module":"auto-trader","symbol":"ETHUSDT","uncoveredUsd":27.82502052,"uncovered":0.0130812,"msg":"posició parcialment sense SL — esperant 5 min per corregir"}
{"level":30,"time":1774504079447,"pid":37560,"hostname":"DESKTOP-KPAMGTB","module":"auto-trader","symbol":"LTCUSDT","msg":"aplicant correcció OCO a posició òrfena…"}
{"level":40,"time":1774504079449,"pid":37560,"hostname":"DESKTOP-KPAMGTB","module":"auto-trader","symbol":"LTCUSDT","uncoveredUsd":26.135957660000003,"msg":"no s'ha trobat cap bot actiu — venent posició òrfena a mercat"}
{"level":50,"time":1774504079700,"pid":37560,"hostname":"DESKTOP-KPAMGTB","module":"auto-trader","symbol":"LTCUSDT","err":"Binance /order 400: {\"code\":-1013,\"msg\":\"Filter failure: LOT_SIZE\"}","msg":"error en venda òrfena a mercat"}
{"level":40,"time":1774504139762,"pid":37560,"hostname":"DESKTOP-KPAMGTB","module":"auto-trader","symbol":"LTCUSDT","uncoveredUsd":26.10772292,"uncovered":0.470579,"msg":"posició parcialment sense SL — esperant 5 min per corregir"}
{"level":30,"time":1774504140245,"pid":37560,"hostname":"DESKTOP-KPAMGTB","module":"auto-trader","symbol":"BNBUSDT","msg":"aplicant correcció OCO a posició òrfena…"}
{"level":40,"time":1774504140248,"pid":37560,"hostname":"DESKTOP-KPAMGTB","module":"auto-trader","symbol":"BNBUSDT","uncoveredUsd":53.8584170648,"msg":"no s'ha trobat cap bot actiu — venent posició òrfena a mercat"}
{"level":50,"time":1774504140502,"pid":37560,"hostname":"DESKTOP-KPAMGTB","module":"auto-trader","symbol":"BNBUSDT","err":"Binance /order 400: {\"code\":-1013,\"msg\":\"Filter failure: LOT_SIZE\"}","msg":"error en venda òrfena a mercat"}
{"level":30,"time":1774504144360,"pid":37560,"hostname":"DESKTOP-KPAMGTB","module":"auto-trader","symbol":"SHIBUSDT","msg":"aplicant correcció OCO a posició òrfena…"}
{"level":40,"time":1774504144365,"pid":37560,"hostname":"DESKTOP-KPAMGTB","module":"auto-trader","symbol":"SHIBUSDT","uncoveredUsd":18.5300149917,"msg":"no s'ha trobat cap bot actiu — venent posició òrfena a mercat"}
{"level":50,"time":1774504144601,"pid":37560,"hostname":"DESKTOP-KPAMGTB","module":"auto-trader","symbol":"SHIBUSDT","err":"Binance /order 400: {\"code\":-1111,\"msg\":\"Parameter 'quantity' has too much precision.\"}","msg":"error en venda òrfena a mercat"}
{"level":40,"time":1774504200105,"pid":37560,"hostname":"DESKTOP-KPAMGTB","module":"auto-trader","symbol":"BNBUSDT","uncoveredUsd":53.869408923600005,"uncovered":0.08455276,"msg":"posició parcialment sense SL — esperant 5 min per corregir"}
{"level":40,"time":1774504204392,"pid":37560,"hostname":"DESKTOP-KPAMGTB","module":"auto-trader","symbol":"SHIBUSDT","uncoveredUsd":18.49918302,"uncovered":3083197.17,"msg":"posició parcialment sense SL — esperant 5 min per corregir"}
{"level":30,"time":1774504379968,"pid":37560,"hostname":"DESKTOP-KPAMGTB","module":"auto-trader","symbol":"ETHUSDT","msg":"aplicant correcció OCO a posició òrfena…"}
{"level":40,"time":1774504379974,"pid":37560,"hostname":"DESKTOP-KPAMGTB","module":"auto-trader","symbol":"ETHUSDT","uncoveredUsd":27.752550671999998,"msg":"no s'ha trobat cap bot actiu — venent posició òrfena a mercat"}
{"level":50,"time":1774504380209,"pid":37560,"hostname":"DESKTOP-KPAMGTB","module":"auto-trader","symbol":"ETHUSDT","err":"Binance /order 400: {\"code\":-1013,\"msg\":\"Filter failure: LOT_SIZE\"}","msg":"error en venda òrfena a mercat"}
{"level":40,"time":1774504439744,"pid":37560,"hostname":"DESKTOP-KPAMGTB","module":"auto-trader","symbol":"ETHUSDT","uncoveredUsd":27.709644336,"uncovered":0.0130812,"msg":"posició parcialment sense SL — esperant 5 min per corregir"}
{"level":30,"time":1774504499003,"pid":37560,"hostname":"DESKTOP-KPAMGTB","module":"auto-trader","symbol":"LTCUSDT","msg":"aplicant correcció OCO a posició òrfena…"}
{"level":40,"time":1774504499010,"pid":37560,"hostname":"DESKTOP-KPAMGTB","module":"auto-trader","symbol":"LTCUSDT","uncoveredUsd":26.05125344,"msg":"no s'ha trobat cap bot actiu — venent posició òrfena a mercat"}
{"level":50,"time":1774504499243,"pid":37560,"hostname":"DESKTOP-KPAMGTB","module":"auto-trader","symbol":"LTCUSDT","err":"Binance /order 400: {\"code\":-1013,\"msg\":\"Filter failure: LOT_SIZE\"}","msg":"error en venda òrfena a mercat"}
{"level":40,"time":1774504559826,"pid":37560,"hostname":"DESKTOP-KPAMGTB","module":"auto-trader","symbol":"LTCUSDT","uncoveredUsd":26.04184186,"uncovered":0.470579,"msg":"posició parcialment sense SL — esperant 5 min per corregir"}
{"level":30,"time":1774504560301,"pid":37560,"hostname":"DESKTOP-KPAMGTB","module":"auto-trader","symbol":"BNBUSDT","msg":"aplicant correcció OCO a posició òrfena…"}
{"level":40,"time":1774504560305,"pid":37560,"hostname":"DESKTOP-KPAMGTB","module":"auto-trader","symbol":"BNBUSDT","uncoveredUsd":53.666482299600005,"msg":"no s'ha trobat cap bot actiu — venent posició òrfena a mercat"}
{"level":50,"time":1774504560557,"pid":37560,"hostname":"DESKTOP-KPAMGTB","module":"auto-trader","symbol":"BNBUSDT","err":"Binance /order 400: {\"code\":-1013,\"msg\":\"Filter failure: LOT_SIZE\"}","msg":"error en venda òrfena a mercat"}
{"level":30,"time":1774504564355,"pid":37560,"hostname":"DESKTOP-KPAMGTB","module":"auto-trader","symbol":"SHIBUSDT","msg":"aplicant correcció OCO a posició òrfena…"}
{"level":40,"time":1774504564359,"pid":37560,"hostname":"DESKTOP-KPAMGTB","module":"auto-trader","symbol":"SHIBUSDT","uncoveredUsd":18.4683510483,"msg":"no s'ha trobat cap bot actiu — venent posició òrfena a mercat"}
{"level":50,"time":1774504564600,"pid":37560,"hostname":"DESKTOP-KPAMGTB","module":"auto-trader","symbol":"SHIBUSDT","err":"Binance /order 400: {\"code\":-1111,\"msg\":\"Parameter 'quantity' has too much precision.\"}","msg":"error en venda òrfena a mercat"}
{"level":40,"time":1774504619919,"pid":37560,"hostname":"DESKTOP-KPAMGTB","module":"auto-trader","symbol":"BNBUSDT","uncoveredUsd":53.6766286308,"uncovered":0.08455276,"msg":"posició parcialment sense SL — esperant 5 min per corregir"}
{"level":40,"time":1774504623525,"pid":37560,"hostname":"DESKTOP-KPAMGTB","module":"auto-trader","symbol":"SHIBUSDT","uncoveredUsd":18.4375190766,"uncovered":3083197.17,"msg":"posició parcialment sense SL — esperant 5 min per corregir"}
{"level":30,"time":1774504774427,"pid":37560,"hostname":"DESKTOP-KPAMGTB","module":"binance","assets":23,"msg":"balance"}
{"level":30,"time":1774504799746,"pid":37560,"hostname":"DESKTOP-KPAMGTB","module":"auto-trader","symbol":"ETHUSDT","msg":"aplicant correcció OCO a posició òrfena…"}
{"level":40,"time":1774504799748,"pid":37560,"hostname":"DESKTOP-KPAMGTB","module":"auto-trader","symbol":"ETHUSDT","uncoveredUsd":27.729004512000003,"msg":"no s'ha trobat cap bot actiu — venent posició òrfena a mercat"}
{"level":50,"time":1774504800006,"pid":37560,"hostname":"DESKTOP-KPAMGTB","module":"auto-trader","symbol":"ETHUSDT","err":"Binance /order 400: {\"code\":-1013,\"msg\":\"Filter failure: LOT_SIZE\"}","msg":"error en venda òrfena a mercat"}
{"level":30,"time":1774504800904,"pid":37560,"hostname":"DESKTOP-KPAMGTB","module":"telegram","msg":"informe horari enviat"}
{"level":40,"time":1774504859825,"pid":37560,"hostname":"DESKTOP-KPAMGTB","module":"auto-trader","symbol":"ETHUSDT","uncoveredUsd":27.70663566,"uncovered":0.0130812,"msg":"posició parcialment sense SL — esperant 5 min per corregir"}
{"level":30,"time":1774504912465,"pid":37560,"hostname":"DESKTOP-KPAMGTB","module":"orders","symbol":"ETCUSDT","side":"SELL","type":"STOP_LOSS_LIMIT","execPrice":8.44,"execValue":16.9,"orderId":104295615,"msg":"ordre executada (fill)"}
{"level":30,"time":1774504913116,"pid":37560,"hostname":"DESKTOP-KPAMGTB","module":"orders","symbol":"AVAXUSDT","side":"SELL","type":"STOP_LOSS_LIMIT","execPrice":9.41,"execValue":18.84,"orderId":166542742,"msg":"ordre executada (fill)"}
{"level":30,"time":1774504919617,"pid":37560,"hostname":"DESKTOP-KPAMGTB","module":"auto-trader","symbol":"LTCUSDT","msg":"aplicant correcció OCO a posició òrfena…"}
{"level":40,"time":1774504919619,"pid":37560,"hostname":"DESKTOP-KPAMGTB","module":"auto-trader","symbol":"LTCUSDT","uncoveredUsd":26.0230187,"msg":"no s'ha trobat cap bot actiu — venent posició òrfena a mercat"}
{"level":50,"time":1774504919850,"pid":37560,"hostname":"DESKTOP-KPAMGTB","module":"auto-trader","symbol":"LTCUSDT","err":"Binance /order 400: {\"code\":-1013,\"msg\":\"Filter failure: LOT_SIZE\"}","msg":"error en venda òrfena a mercat"}
{"level":40,"time":1774504979754,"pid":37560,"hostname":"DESKTOP-KPAMGTB","module":"auto-trader","symbol":"LTCUSDT","uncoveredUsd":26.04654765,"uncovered":0.470579,"msg":"posició parcialment sense SL — esperant 5 min per corregir"}
{"level":30,"time":1774504980244,"pid":37560,"hostname":"DESKTOP-KPAMGTB","module":"auto-trader","symbol":"BNBUSDT","msg":"aplicant correcció OCO a posició òrfena…"}
{"level":40,"time":1774504980246,"pid":37560,"hostname":"DESKTOP-KPAMGTB","module":"auto-trader","symbol":"BNBUSDT","uncoveredUsd":53.654057984000005,"msg":"no s'ha trobat cap bot actiu — venent posició òrfena a mercat"}
{"level":50,"time":1774504980479,"pid":37560,"hostname":"DESKTOP-KPAMGTB","module":"auto-trader","symbol":"BNBUSDT","err":"Binance /order 400: {\"code\":-1013,\"msg\":\"Filter failure: LOT_SIZE\"}","msg":"error en venda òrfena a mercat"}
{"level":30,"time":1774504984186,"pid":37560,"hostname":"DESKTOP-KPAMGTB","module":"auto-trader","symbol":"SHIBUSDT","msg":"aplicant correcció OCO a posició òrfena…"}
{"level":40,"time":1774504984192,"pid":37560,"hostname":"DESKTOP-KPAMGTB","module":"auto-trader","symbol":"SHIBUSDT","uncoveredUsd":18.4375190766,"msg":"no s'ha trobat cap bot actiu — venent posició òrfena a mercat"}
{"level":50,"time":1774504984427,"pid":37560,"hostname":"DESKTOP-KPAMGTB","module":"auto-trader","symbol":"SHIBUSDT","err":"Binance /order 400: {\"code\":-1111,\"msg\":\"Parameter 'quantity' has too much precision.\"}","msg":"error en venda òrfena a mercat"}
{"level":40,"time":1774505040000,"pid":37560,"hostname":"DESKTOP-KPAMGTB","module":"auto-trader","symbol":"BNBUSDT","uncoveredUsd":53.6701149885,"uncovered":0.08451055,"msg":"posició parcialment sense SL — esperant 5 min per corregir"}
{"level":40,"time":1774505043677,"pid":37560,"hostname":"DESKTOP-KPAMGTB","module":"auto-trader","symbol":"SHIBUSDT","uncoveredUsd":18.4375190766,"uncovered":3083197.17,"msg":"posició parcialment sense SL — esperant 5 min per corregir"}
{"level":30,"time":1774505220047,"pid":37560,"hostname":"DESKTOP-KPAMGTB","module":"auto-trader","symbol":"ETHUSDT","msg":"aplicant correcció OCO a posició òrfena…"}
{"level":40,"time":1774505220050,"pid":37560,"hostname":"DESKTOP-KPAMGTB","module":"auto-trader","symbol":"ETHUSDT","uncoveredUsd":27.692769587999997,"msg":"no s'ha trobat cap bot actiu — venent posició òrfena a mercat"}
{"level":50,"time":1774505220310,"pid":37560,"hostname":"DESKTOP-KPAMGTB","module":"auto-trader","symbol":"ETHUSDT","err":"Binance /order 400: {\"code\":-1013,\"msg\":\"Filter failure: LOT_SIZE\"}","msg":"error en venda òrfena a mercat"}
{"level":40,"time":1774505279795,"pid":37560,"hostname":"DESKTOP-KPAMGTB","module":"auto-trader","symbol":"ETHUSDT","uncoveredUsd":27.726911519999998,"uncovered":0.0130812,"msg":"posició parcialment sense SL — esperant 5 min per corregir"}
{"level":30,"time":1774505339622,"pid":37560,"hostname":"DESKTOP-KPAMGTB","module":"auto-trader","symbol":"LTCUSDT","msg":"aplicant correcció OCO a posició òrfena…"}
{"level":40,"time":1774505339630,"pid":37560,"hostname":"DESKTOP-KPAMGTB","module":"auto-trader","symbol":"LTCUSDT","uncoveredUsd":26.0700766,"msg":"no s'ha trobat cap bot actiu — venent posició òrfena a mercat"}
{"level":50,"time":1774505339869,"pid":37560,"hostname":"DESKTOP-KPAMGTB","module":"auto-trader","symbol":"LTCUSDT","err":"Binance /order 400: {\"code\":-1013,\"msg\":\"Filter failure: LOT_SIZE\"}","msg":"error en venda òrfena a mercat"}
{"level":40,"time":1774505399894,"pid":37560,"hostname":"DESKTOP-KPAMGTB","module":"auto-trader","symbol":"LTCUSDT","uncoveredUsd":26.079488180000002,"uncovered":0.470579,"msg":"posició parcialment sense SL — esperant 5 min per corregir"}
{"level":30,"time":1774505400399,"pid":37560,"hostname":"DESKTOP-KPAMGTB","module":"auto-trader","symbol":"BNBUSDT","msg":"aplicant correcció OCO a posició òrfena…"}
{"level":40,"time":1774505400403,"pid":37560,"hostname":"DESKTOP-KPAMGTB","module":"auto-trader","symbol":"BNBUSDT","uncoveredUsd":53.7292723735,"msg":"no s'ha trobat cap bot actiu — venent posició òrfena a mercat"}
{"level":50,"time":1774505400661,"pid":37560,"hostname":"DESKTOP-KPAMGTB","module":"auto-trader","symbol":"BNBUSDT","err":"Binance /order 400: {\"code\":-1013,\"msg\":\"Filter failure: LOT_SIZE\"}","msg":"error en venda òrfena a mercat"}
{"level":30,"time":1774505404686,"pid":37560,"hostname":"DESKTOP-KPAMGTB","module":"auto-trader","symbol":"SHIBUSDT","msg":"aplicant correcció OCO a posició òrfena…"}
{"level":40,"time":1774505404690,"pid":37560,"hostname":"DESKTOP-KPAMGTB","module":"auto-trader","symbol":"SHIBUSDT","uncoveredUsd":18.4683510483,"msg":"no s'ha trobat cap bot actiu — venent posició òrfena a mercat"}
{"level":50,"time":1774505404946,"pid":37560,"hostname":"DESKTOP-KPAMGTB","module":"auto-trader","symbol":"SHIBUSDT","err":"Binance /order 400: {\"code\":-1111,\"msg\":\"Parameter 'quantity' has too much precision.\"}","msg":"error en venda òrfena a mercat"}
{"level":40,"time":1774505460101,"pid":37560,"hostname":"DESKTOP-KPAMGTB","module":"auto-trader","symbol":"BNBUSDT","uncoveredUsd":53.6650443555,"uncovered":0.08451055,"msg":"posició parcialment sense SL — esperant 5 min per corregir"}
{"level":40,"time":1774505463705,"pid":37560,"hostname":"DESKTOP-KPAMGTB","module":"auto-trader","symbol":"SHIBUSDT","uncoveredUsd":18.4375190766,"uncovered":3083197.17,"msg":"posició parcialment sense SL — esperant 5 min per corregir"}
{"level":30,"time":1774505640102,"pid":37560,"hostname":"DESKTOP-KPAMGTB","module":"auto-trader","symbol":"ETHUSDT","msg":"aplicant correcció OCO a posició òrfena…"}
{"level":40,"time":1774505640105,"pid":37560,"hostname":"DESKTOP-KPAMGTB","module":"auto-trader","symbol":"ETHUSDT","uncoveredUsd":27.713699508,"msg":"no s'ha trobat cap bot actiu — venent posició òrfena a mercat"}
{"level":50,"time":1774505640553,"pid":37560,"hostname":"DESKTOP-KPAMGTB","module":"auto-trader","symbol":"ETHUSDT","err":"Binance /order 400: {\"code\":-1013,\"msg\":\"Filter failure: LOT_SIZE\"}","msg":"error en venda òrfena a mercat"}
{"level":40,"time":1774505700104,"pid":37560,"hostname":"DESKTOP-KPAMGTB","module":"auto-trader","symbol":"ETHUSDT","uncoveredUsd":27.746140884000003,"uncovered":0.0130812,"msg":"posició parcialment sense SL — esperant 5 min per corregir"}
{"level":30,"time":1774505759725,"pid":37560,"hostname":"DESKTOP-KPAMGTB","module":"auto-trader","symbol":"LTCUSDT","msg":"aplicant correcció OCO a posició òrfena…"}
{"level":40,"time":1774505759727,"pid":37560,"hostname":"DESKTOP-KPAMGTB","module":"auto-trader","symbol":"LTCUSDT","uncoveredUsd":26.079488180000002,"msg":"no s'ha trobat cap bot actiu — venent posició òrfena a mercat"}
{"level":50,"time":1774505760005,"pid":37560,"hostname":"DESKTOP-KPAMGTB","module":"auto-trader","symbol":"LTCUSDT","err":"Binance /order 400: {\"code\":-1013,\"msg\":\"Filter failure: LOT_SIZE\"}","msg":"error en venda òrfena a mercat"}
{"level":40,"time":1774505819761,"pid":37560,"hostname":"DESKTOP-KPAMGTB","module":"auto-trader","symbol":"LTCUSDT","uncoveredUsd":26.07478239,"uncovered":0.470579,"msg":"posició parcialment sense SL — esperant 5 min per corregir"}
{"level":30,"time":1774505820307,"pid":37560,"hostname":"DESKTOP-KPAMGTB","module":"auto-trader","symbol":"BNBUSDT","msg":"aplicant correcció OCO a posició òrfena…"}
{"level":40,"time":1774505820309,"pid":37560,"hostname":"DESKTOP-KPAMGTB","module":"auto-trader","symbol":"BNBUSDT","uncoveredUsd":53.679411148999996,"msg":"no s'ha trobat cap bot actiu — venent posició òrfena a mercat"}
{"level":50,"time":1774505820584,"pid":37560,"hostname":"DESKTOP-KPAMGTB","module":"auto-trader","symbol":"BNBUSDT","err":"Binance /order 400: {\"code\":-1013,\"msg\":\"Filter failure: LOT_SIZE\"}","msg":"error en venda òrfena a mercat"}
{"level":30,"time":1774505824834,"pid":37560,"hostname":"DESKTOP-KPAMGTB","module":"auto-trader","symbol":"SHIBUSDT","msg":"aplicant correcció OCO a posició òrfena…"}
{"level":40,"time":1774505824836,"pid":37560,"hostname":"DESKTOP-KPAMGTB","module":"auto-trader","symbol":"SHIBUSDT","uncoveredUsd":18.49918302,"msg":"no s'ha trobat cap bot actiu — venent posició òrfena a mercat"}
{"level":50,"time":1774505825101,"pid":37560,"hostname":"DESKTOP-KPAMGTB","module":"auto-trader","symbol":"SHIBUSDT","err":"Binance /order 400: {\"code\":-1111,\"msg\":\"Parameter 'quantity' has too much precision.\"}","msg":"error en venda òrfena a mercat"}
{"level":40,"time":1774505880229,"pid":37560,"hostname":"DESKTOP-KPAMGTB","module":"auto-trader","symbol":"BNBUSDT","uncoveredUsd":53.703074103000006,"uncovered":0.08451055,"msg":"posició parcialment sense SL — esperant 5 min per corregir"}
{"level":40,"time":1774505884011,"pid":37560,"hostname":"DESKTOP-KPAMGTB","module":"auto-trader","symbol":"SHIBUSDT","uncoveredUsd":18.49918302,"uncovered":3083197.17,"msg":"posició parcialment sense SL — esperant 5 min per corregir"}
{"level":30,"time":1774506060117,"pid":37560,"hostname":"DESKTOP-KPAMGTB","module":"auto-trader","symbol":"ETHUSDT","msg":"aplicant correcció OCO a posició òrfena…"}
{"level":40,"time":1774506060119,"pid":37560,"hostname":"DESKTOP-KPAMGTB","module":"auto-trader","symbol":"ETHUSDT","uncoveredUsd":27.788131536,"msg":"no s'ha trobat cap bot actiu — venent posició òrfena a mercat"}
{"level":50,"time":1774506060352,"pid":37560,"hostname":"DESKTOP-KPAMGTB","module":"auto-trader","symbol":"ETHUSDT","err":"Binance /order 400: {\"code\":-1013,\"msg\":\"Filter failure: LOT_SIZE\"}","msg":"error en venda òrfena a mercat"}
{"level":40,"time":1774506120074,"pid":37560,"hostname":"DESKTOP-KPAMGTB","module":"auto-trader","symbol":"ETHUSDT","uncoveredUsd":27.77334978,"uncovered":0.0130812,"msg":"posició parcialment sense SL — esperant 5 min per corregir"}
{"level":30,"time":1774506179988,"pid":37560,"hostname":"DESKTOP-KPAMGTB","module":"auto-trader","symbol":"LTCUSDT","msg":"aplicant correcció OCO a posició òrfena…"}
{"level":40,"time":1774506179991,"pid":37560,"hostname":"DESKTOP-KPAMGTB","module":"auto-trader","symbol":"LTCUSDT","uncoveredUsd":26.079488180000002,"msg":"no s'ha trobat cap bot actiu — venent posició òrfena a mercat"}
{"level":50,"time":1774506180468,"pid":37560,"hostname":"DESKTOP-KPAMGTB","module":"auto-trader","symbol":"LTCUSDT","err":"Binance /order 400: {\"code\":-1013,\"msg\":\"Filter failure: LOT_SIZE\"}","msg":"error en venda òrfena a mercat"}
{"level":40,"time":1774506239772,"pid":37560,"hostname":"DESKTOP-KPAMGTB","module":"auto-trader","symbol":"LTCUSDT","uncoveredUsd":26.06537081,"uncovered":0.470579,"msg":"posició parcialment sense SL — esperant 5 min per corregir"}
{"level":30,"time":1774506240276,"pid":37560,"hostname":"DESKTOP-KPAMGTB","module":"auto-trader","symbol":"BNBUSDT","msg":"aplicant correcció OCO a posició òrfena…"}
{"level":40,"time":1774506240279,"pid":37560,"hostname":"DESKTOP-KPAMGTB","module":"auto-trader","symbol":"BNBUSDT","uncoveredUsd":53.6210988695,"msg":"no s'ha trobat cap bot actiu — venent posició òrfena a mercat"}
{"level":50,"time":1774506240534,"pid":37560,"hostname":"DESKTOP-KPAMGTB","module":"auto-trader","symbol":"BNBUSDT","err":"Binance /order 400: {\"code\":-1013,\"msg\":\"Filter failure: LOT_SIZE\"}","msg":"error en venda òrfena a mercat"}
{"level":30,"time":1774506244543,"pid":37560,"hostname":"DESKTOP-KPAMGTB","module":"auto-trader","symbol":"SHIBUSDT","msg":"aplicant correcció OCO a posició òrfena…"}
{"level":40,"time":1774506244548,"pid":37560,"hostname":"DESKTOP-KPAMGTB","module":"auto-trader","symbol":"SHIBUSDT","uncoveredUsd":18.49918302,"msg":"no s'ha trobat cap bot actiu — venent posició òrfena a mercat"}
{"level":50,"time":1774506244810,"pid":37560,"hostname":"DESKTOP-KPAMGTB","module":"auto-trader","symbol":"SHIBUSDT","err":"Binance /order 400: {\"code\":-1111,\"msg\":\"Parameter 'quantity' has too much precision.\"}","msg":"error en venda òrfena a mercat"}
{"level":40,"time":1774506300181,"pid":37560,"hostname":"DESKTOP-KPAMGTB","module":"auto-trader","symbol":"BNBUSDT","uncoveredUsd":53.5762443136,"uncovered":0.08447314,"msg":"posició parcialment sense SL — esperant 5 min per corregir"}
{"level":40,"time":1774506303965,"pid":37560,"hostname":"DESKTOP-KPAMGTB","module":"auto-trader","symbol":"SHIBUSDT","uncoveredUsd":18.4375190766,"uncovered":3083197.17,"msg":"posició parcialment sense SL — esperant 5 min per corregir"}
{"level":30,"time":1774506314028,"pid":37560,"hostname":"DESKTOP-KPAMGTB","module":"orders","symbol":"DOTUSDT","side":"SELL","type":"STOP_LOSS_LIMIT","execPrice":1.31,"execValue":31.656,"orderId":209524949,"msg":"ordre executada (fill)"}
{"level":30,"time":1774506480013,"pid":37560,"hostname":"DESKTOP-KPAMGTB","module":"auto-trader","symbol":"ETHUSDT","msg":"aplicant correcció OCO a posició òrfena…"}
{"level":40,"time":1774506480017,"pid":37560,"hostname":"DESKTOP-KPAMGTB","module":"auto-trader","symbol":"ETHUSDT","uncoveredUsd":27.759614519999996,"msg":"no s'ha trobat cap bot actiu — venent posició òrfena a mercat"}
{"level":50,"time":1774506480276,"pid":37560,"hostname":"DESKTOP-KPAMGTB","module":"auto-trader","symbol":"ETHUSDT","err":"Binance /order 400: {\"code\":-1013,\"msg\":\"Filter failure: LOT_SIZE\"}","msg":"error en venda òrfena a mercat"}
{"level":40,"time":1774506539965,"pid":37560,"hostname":"DESKTOP-KPAMGTB","module":"auto-trader","symbol":"ETHUSDT","uncoveredUsd":27.748887936000003,"uncovered":0.0130812,"msg":"posició parcialment sense SL — esperant 5 min per corregir"}
{"level":30,"time":1774506599769,"pid":37560,"hostname":"DESKTOP-KPAMGTB","module":"auto-trader","symbol":"LTCUSDT","msg":"aplicant correcció OCO a posició òrfena…"}
{"level":40,"time":1774506599773,"pid":37560,"hostname":"DESKTOP-KPAMGTB","module":"auto-trader","symbol":"LTCUSDT","uncoveredUsd":26.0700766,"msg":"no s'ha trobat cap bot actiu — venent posició òrfena a mercat"}
{"level":50,"time":1774506600036,"pid":37560,"hostname":"DESKTOP-KPAMGTB","module":"auto-trader","symbol":"LTCUSDT","err":"Binance /order 400: {\"code\":-1013,\"msg\":\"Filter failure: LOT_SIZE\"}","msg":"error en venda òrfena a mercat"}
{"level":30,"time":1774506600876,"pid":37560,"hostname":"DESKTOP-KPAMGTB","module":"telegram","msg":"informe diari enviat"}
{"level":40,"time":1774506659749,"pid":37560,"hostname":"DESKTOP-KPAMGTB","module":"auto-trader","symbol":"LTCUSDT","uncoveredUsd":26.08419397,"uncovered":0.470579,"msg":"posició parcialment sense SL — esperant 5 min per corregir"}
{"level":30,"time":1774506660221,"pid":37560,"hostname":"DESKTOP-KPAMGTB","module":"auto-trader","symbol":"BNBUSDT","msg":"aplicant correcció OCO a posició òrfena…"}
{"level":40,"time":1774506660224,"pid":37560,"hostname":"DESKTOP-KPAMGTB","module":"auto-trader","symbol":"BNBUSDT","uncoveredUsd":53.62608346620001,"msg":"no s'ha trobat cap bot actiu — venent posició òrfena a mercat"}
{"level":50,"time":1774506660475,"pid":37560,"hostname":"DESKTOP-KPAMGTB","module":"auto-trader","symbol":"BNBUSDT","err":"Binance /order 400: {\"code\":-1013,\"msg\":\"Filter failure: LOT_SIZE\"}","msg":"error en venda òrfena a mercat"}
{"level":30,"time":1774506664285,"pid":37560,"hostname":"DESKTOP-KPAMGTB","module":"auto-trader","symbol":"SHIBUSDT","msg":"aplicant correcció OCO a posició òrfena…"}
{"level":40,"time":1774506664291,"pid":37560,"hostname":"DESKTOP-KPAMGTB","module":"auto-trader","symbol":"SHIBUSDT","uncoveredUsd":18.4375190766,"msg":"no s'ha trobat cap bot actiu — venent posició òrfena a mercat"}
{"level":50,"time":1774506664522,"pid":37560,"hostname":"DESKTOP-KPAMGTB","module":"auto-trader","symbol":"SHIBUSDT","err":"Binance /order 400: {\"code\":-1111,\"msg\":\"Parameter 'quantity' has too much precision.\"}","msg":"error en venda òrfena a mercat"}
{"level":40,"time":1774506720203,"pid":37560,"hostname":"DESKTOP-KPAMGTB","module":"auto-trader","symbol":"BNBUSDT","uncoveredUsd":53.6125677638,"uncovered":0.08447314,"msg":"posició parcialment sense SL — esperant 5 min per corregir"}
{"level":40,"time":1774506723866,"pid":37560,"hostname":"DESKTOP-KPAMGTB","module":"auto-trader","symbol":"SHIBUSDT","uncoveredUsd":18.406687104899998,"uncovered":3083197.17,"msg":"posició parcialment sense SL — esperant 5 min per corregir"}
{"level":30,"time":1774506900023,"pid":37560,"hostname":"DESKTOP-KPAMGTB","module":"auto-trader","symbol":"ETHUSDT","msg":"aplicant correcció OCO a posició òrfena…"}
{"level":40,"time":1774506900029,"pid":37560,"hostname":"DESKTOP-KPAMGTB","module":"auto-trader","symbol":"ETHUSDT","uncoveredUsd":27.764323752,"msg":"no s'ha trobat cap bot actiu — venent posició òrfena a mercat"}
{"level":50,"time":1774506900272,"pid":37560,"hostname":"DESKTOP-KPAMGTB","module":"auto-trader","symbol":"ETHUSDT","err":"Binance /order 400: {\"code\":-1013,\"msg\":\"Filter failure: LOT_SIZE\"}","msg":"error en venda òrfena a mercat"}
{"level":40,"time":1774506960316,"pid":37560,"hostname":"DESKTOP-KPAMGTB","module":"auto-trader","symbol":"ETHUSDT","uncoveredUsd":27.76680918,"uncovered":0.0130812,"msg":"posició parcialment sense SL — esperant 5 min per corregir"}
{"level":30,"time":1774507019811,"pid":37560,"hostname":"DESKTOP-KPAMGTB","module":"auto-trader","symbol":"LTCUSDT","msg":"aplicant correcció OCO a posició òrfena…"}
{"level":40,"time":1774507019814,"pid":37560,"hostname":"DESKTOP-KPAMGTB","module":"auto-trader","symbol":"LTCUSDT","uncoveredUsd":26.06537081,"msg":"no s'ha trobat cap bot actiu — venent posició òrfena a mercat"}
{"level":50,"time":1774507020042,"pid":37560,"hostname":"DESKTOP-KPAMGTB","module":"auto-trader","symbol":"LTCUSDT","err":"Binance /order 400: {\"code\":-1013,\"msg\":\"Filter failure: LOT_SIZE\"}","msg":"error en venda òrfena a mercat"}
{"level":40,"time":1774507079915,"pid":37560,"hostname":"DESKTOP-KPAMGTB","module":"auto-trader","symbol":"LTCUSDT","uncoveredUsd":26.0700766,"uncovered":0.470579,"msg":"posició parcialment sense SL — esperant 5 min per corregir"}
{"level":30,"time":1774507080398,"pid":37560,"hostname":"DESKTOP-KPAMGTB","module":"auto-trader","symbol":"BNBUSDT","msg":"aplicant correcció OCO a posició òrfena…"}
{"level":40,"time":1774507080400,"pid":37560,"hostname":"DESKTOP-KPAMGTB","module":"auto-trader","symbol":"BNBUSDT","uncoveredUsd":53.6032757184,"msg":"no s'ha trobat cap bot actiu — venent posició òrfena a mercat"}
{"level":50,"time":1774507080870,"pid":37560,"hostname":"DESKTOP-KPAMGTB","module":"auto-trader","symbol":"BNBUSDT","err":"Binance /order 400: {\"code\":-1013,\"msg\":\"Filter failure: LOT_SIZE\"}","msg":"error en venda òrfena a mercat"}
{"level":30,"time":1774507084663,"pid":37560,"hostname":"DESKTOP-KPAMGTB","module":"auto-trader","symbol":"SHIBUSDT","msg":"aplicant correcció OCO a posició òrfena…"}
{"level":40,"time":1774507084666,"pid":37560,"hostname":"DESKTOP-KPAMGTB","module":"auto-trader","symbol":"SHIBUSDT","uncoveredUsd":18.406687104899998,"msg":"no s'ha trobat cap bot actiu — venent posició òrfena a mercat"}
{"level":50,"time":1774507084895,"pid":37560,"hostname":"DESKTOP-KPAMGTB","module":"auto-trader","symbol":"SHIBUSDT","err":"Binance /order 400: {\"code\":-1111,\"msg\":\"Parameter 'quantity' has too much precision.\"}","msg":"error en venda òrfena a mercat"}
{"level":40,"time":1774507140494,"pid":37560,"hostname":"DESKTOP-KPAMGTB","module":"auto-trader","symbol":"BNBUSDT","uncoveredUsd":53.595673135800006,"uncovered":0.08447314,"msg":"posició parcialment sense SL — esperant 5 min per corregir"}
{"level":40,"time":1774507144517,"pid":37560,"hostname":"DESKTOP-KPAMGTB","module":"auto-trader","symbol":"SHIBUSDT","uncoveredUsd":18.406687104899998,"uncovered":3083197.17,"msg":"posició parcialment sense SL — esperant 5 min per corregir"}
{"level":30,"time":1774507320097,"pid":37560,"hostname":"DESKTOP-KPAMGTB","module":"auto-trader","symbol":"ETHUSDT","msg":"aplicant correcció OCO a posició òrfena…"}
{"level":40,"time":1774507320099,"pid":37560,"hostname":"DESKTOP-KPAMGTB","module":"auto-trader","symbol":"ETHUSDT","uncoveredUsd":27.742085712,"msg":"no s'ha trobat cap bot actiu — venent posició òrfena a mercat"}
{"level":50,"time":1774507320348,"pid":37560,"hostname":"DESKTOP-KPAMGTB","module":"auto-trader","symbol":"ETHUSDT","err":"Binance /order 400: {\"code\":-1013,\"msg\":\"Filter failure: LOT_SIZE\"}","msg":"error en venda òrfena a mercat"}
{"level":40,"time":1774507380141,"pid":37560,"hostname":"DESKTOP-KPAMGTB","module":"auto-trader","symbol":"ETHUSDT","uncoveredUsd":27.733844556,"uncovered":0.0130812,"msg":"posició parcialment sense SL — esperant 5 min per corregir"}
{"level":30,"time":1774507439872,"pid":37560,"hostname":"DESKTOP-KPAMGTB","module":"auto-trader","symbol":"LTCUSDT","msg":"aplicant correcció OCO a posició òrfena…"}
{"level":40,"time":1774507439874,"pid":37560,"hostname":"DESKTOP-KPAMGTB","module":"auto-trader","symbol":"LTCUSDT","uncoveredUsd":26.06537081,"msg":"no s'ha trobat cap bot actiu — venent posició òrfena a mercat"}
{"level":50,"time":1774507440100,"pid":37560,"hostname":"DESKTOP-KPAMGTB","module":"auto-trader","symbol":"LTCUSDT","err":"Binance /order 400: {\"code\":-1013,\"msg\":\"Filter failure: LOT_SIZE\"}","msg":"error en venda òrfena a mercat"}
{"level":40,"time":1774507500451,"pid":37560,"hostname":"DESKTOP-KPAMGTB","module":"auto-trader","symbol":"LTCUSDT","uncoveredUsd":26.05125344,"uncovered":0.470579,"msg":"posició parcialment sense SL — esperant 5 min per corregir"}
{"level":30,"time":1774507500975,"pid":37560,"hostname":"DESKTOP-KPAMGTB","module":"auto-trader","symbol":"BNBUSDT","msg":"aplicant correcció OCO a posició òrfena…"}
{"level":40,"time":1774507500977,"pid":37560,"hostname":"DESKTOP-KPAMGTB","module":"auto-trader","symbol":"BNBUSDT","uncoveredUsd":53.5931389416,"msg":"no s'ha trobat cap bot actiu — venent posició òrfena a mercat"}
{"level":50,"time":1774507501243,"pid":37560,"hostname":"DESKTOP-KPAMGTB","module":"auto-trader","symbol":"BNBUSDT","err":"Binance /order 400: {\"code\":-1013,\"msg\":\"Filter failure: LOT_SIZE\"}","msg":"error en venda òrfena a mercat"}
{"level":30,"time":1774507505342,"pid":37560,"hostname":"DESKTOP-KPAMGTB","module":"auto-trader","symbol":"SHIBUSDT","msg":"aplicant correcció OCO a posició òrfena…"}
{"level":40,"time":1774507505346,"pid":37560,"hostname":"DESKTOP-KPAMGTB","module":"auto-trader","symbol":"SHIBUSDT","uncoveredUsd":18.4375190766,"msg":"no s'ha trobat cap bot actiu — venent posició òrfena a mercat"}
{"level":50,"time":1774507505602,"pid":37560,"hostname":"DESKTOP-KPAMGTB","module":"auto-trader","symbol":"SHIBUSDT","err":"Binance /order 400: {\"code\":-1111,\"msg\":\"Parameter 'quantity' has too much precision.\"}","msg":"error en venda òrfena a mercat"}
{"level":40,"time":1774507560474,"pid":37560,"hostname":"DESKTOP-KPAMGTB","module":"auto-trader","symbol":"BNBUSDT","uncoveredUsd":53.592294210199995,"uncovered":0.08447314,"msg":"posició parcialment sense SL — esperant 5 min per corregir"}
{"level":40,"time":1774507564297,"pid":37560,"hostname":"DESKTOP-KPAMGTB","module":"auto-trader","symbol":"SHIBUSDT","uncoveredUsd":18.4375190766,"uncovered":3083197.17,"msg":"posició parcialment sense SL — esperant 5 min per corregir"}
{"level":30,"time":1774507740500,"pid":37560,"hostname":"DESKTOP-KPAMGTB","module":"auto-trader","symbol":"ETHUSDT","msg":"aplicant correcció OCO a posició òrfena…"}
{"level":40,"time":1774507740503,"pid":37560,"hostname":"DESKTOP-KPAMGTB","module":"auto-trader","symbol":"ETHUSDT","uncoveredUsd":27.743524643999997,"msg":"no s'ha trobat cap bot actiu — venent posició òrfena a mercat"}
{"level":50,"time":1774507740741,"pid":37560,"hostname":"DESKTOP-KPAMGTB","module":"auto-trader","symbol":"ETHUSDT","err":"Binance /order 400: {\"code\":-1013,\"msg\":\"Filter failure: LOT_SIZE\"}","msg":"error en venda òrfena a mercat"}
{"level":40,"time":1774507800177,"pid":37560,"hostname":"DESKTOP-KPAMGTB","module":"auto-trader","symbol":"ETHUSDT","uncoveredUsd":27.755951784,"uncovered":0.0130812,"msg":"posició parcialment sense SL — esperant 5 min per corregir"}
{"level":30,"time":1774507860267,"pid":37560,"hostname":"DESKTOP-KPAMGTB","module":"auto-trader","symbol":"LTCUSDT","msg":"aplicant correcció OCO a posició òrfena…"}
{"level":40,"time":1774507860273,"pid":37560,"hostname":"DESKTOP-KPAMGTB","module":"auto-trader","symbol":"LTCUSDT","uncoveredUsd":26.060665020000002,"msg":"no s'ha trobat cap bot actiu — venent posició òrfena a mercat"}
{"level":50,"time":1774507860509,"pid":37560,"hostname":"DESKTOP-KPAMGTB","module":"auto-trader","symbol":"LTCUSDT","err":"Binance /order 400: {\"code\":-1013,\"msg\":\"Filter failure: LOT_SIZE\"}","msg":"error en venda òrfena a mercat"}
{"level":40,"time":1774507920293,"pid":37560,"hostname":"DESKTOP-KPAMGTB","module":"auto-trader","symbol":"LTCUSDT","uncoveredUsd":26.06537081,"uncovered":0.470579,"msg":"posició parcialment sense SL — esperant 5 min per corregir"}
{"level":30,"time":1774507920769,"pid":37560,"hostname":"DESKTOP-KPAMGTB","module":"auto-trader","symbol":"BNBUSDT","msg":"aplicant correcció OCO a posició òrfena…"}
{"level":40,"time":1774507920773,"pid":37560,"hostname":"DESKTOP-KPAMGTB","module":"auto-trader","symbol":"BNBUSDT","uncoveredUsd":53.6548043338,"msg":"no s'ha trobat cap bot actiu — venent posició òrfena a mercat"}
{"level":50,"time":1774507921012,"pid":37560,"hostname":"DESKTOP-KPAMGTB","module":"auto-trader","symbol":"BNBUSDT","err":"Binance /order 400: {\"code\":-1013,\"msg\":\"Filter failure: LOT_SIZE\"}","msg":"error en venda òrfena a mercat"}
{"level":30,"time":1774507924874,"pid":37560,"hostname":"DESKTOP-KPAMGTB","module":"auto-trader","symbol":"SHIBUSDT","msg":"aplicant correcció OCO a posició òrfena…"}
{"level":40,"time":1774507924877,"pid":37560,"hostname":"DESKTOP-KPAMGTB","module":"auto-trader","symbol":"SHIBUSDT","uncoveredUsd":18.4375190766,"msg":"no s'ha trobat cap bot actiu — venent posició òrfena a mercat"}
{"level":50,"time":1774507925109,"pid":37560,"hostname":"DESKTOP-KPAMGTB","module":"auto-trader","symbol":"SHIBUSDT","err":"Binance /order 400: {\"code\":-1111,\"msg\":\"Parameter 'quantity' has too much precision.\"}","msg":"error en venda òrfena a mercat"}
{"level":40,"time":1774507980476,"pid":37560,"hostname":"DESKTOP-KPAMGTB","module":"auto-trader","symbol":"BNBUSDT","uncoveredUsd":53.655649065199995,"uncovered":0.08447314,"msg":"posició parcialment sense SL — esperant 5 min per corregir"}
{"level":40,"time":1774507984353,"pid":37560,"hostname":"DESKTOP-KPAMGTB","module":"auto-trader","symbol":"SHIBUSDT","uncoveredUsd":18.4375190766,"uncovered":3083197.17,"msg":"posició parcialment sense SL — esperant 5 min per corregir"}
{"level":30,"time":1774508160193,"pid":37560,"hostname":"DESKTOP-KPAMGTB","module":"auto-trader","symbol":"ETHUSDT","msg":"aplicant correcció OCO a posició òrfena…"}
{"level":40,"time":1774508160195,"pid":37560,"hostname":"DESKTOP-KPAMGTB","module":"auto-trader","symbol":"ETHUSDT","uncoveredUsd":27.766678367999997,"msg":"no s'ha trobat cap bot actiu — venent posició òrfena a mercat"}
{"level":50,"time":1774508160426,"pid":37560,"hostname":"DESKTOP-KPAMGTB","module":"auto-trader","symbol":"ETHUSDT","err":"Binance /order 400: {\"code\":-1013,\"msg\":\"Filter failure: LOT_SIZE\"}","msg":"error en venda òrfena a mercat"}
{"level":40,"time":1774508220229,"pid":37560,"hostname":"DESKTOP-KPAMGTB","module":"auto-trader","symbol":"ETHUSDT","uncoveredUsd":27.753204732,"uncovered":0.0130812,"msg":"posició parcialment sense SL — esperant 5 min per corregir"}
{"level":30,"time":1774508279954,"pid":37560,"hostname":"DESKTOP-KPAMGTB","module":"auto-trader","symbol":"LTCUSDT","msg":"aplicant correcció OCO a posició òrfena…"}
{"level":40,"time":1774508279959,"pid":37560,"hostname":"DESKTOP-KPAMGTB","module":"auto-trader","symbol":"LTCUSDT","uncoveredUsd":26.0700766,"msg":"no s'ha trobat cap bot actiu — venent posició òrfena a mercat"}
{"level":50,"time":1774508280186,"pid":37560,"hostname":"DESKTOP-KPAMGTB","module":"auto-trader","symbol":"LTCUSDT","err":"Binance /order 400: {\"code\":-1013,\"msg\":\"Filter failure: LOT_SIZE\"}","msg":"error en venda òrfena a mercat"}
{"level":40,"time":1774508340283,"pid":37560,"hostname":"DESKTOP-KPAMGTB","module":"auto-trader","symbol":"LTCUSDT","uncoveredUsd":26.060665020000002,"uncovered":0.470579,"msg":"posició parcialment sense SL — esperant 5 min per corregir"}
{"level":30,"time":1774508340741,"pid":37560,"hostname":"DESKTOP-KPAMGTB","module":"auto-trader","symbol":"BNBUSDT","msg":"aplicant correcció OCO a posició òrfena…"}
{"level":40,"time":1774508340745,"pid":37560,"hostname":"DESKTOP-KPAMGTB","module":"auto-trader","symbol":"BNBUSDT","uncoveredUsd":53.6598727222,"msg":"no s'ha trobat cap bot actiu — venent posició òrfena a mercat"}
{"level":50,"time":1774508340973,"pid":37560,"hostname":"DESKTOP-KPAMGTB","module":"auto-trader","symbol":"BNBUSDT","err":"Binance /order 400: {\"code\":-1013,\"msg\":\"Filter failure: LOT_SIZE\"}","msg":"error en venda òrfena a mercat"}
{"level":30,"time":1774508344642,"pid":37560,"hostname":"DESKTOP-KPAMGTB","module":"auto-trader","symbol":"SHIBUSDT","msg":"aplicant correcció OCO a posició òrfena…"}
{"level":40,"time":1774508344646,"pid":37560,"hostname":"DESKTOP-KPAMGTB","module":"auto-trader","symbol":"SHIBUSDT","uncoveredUsd":18.4375190766,"msg":"no s'ha trobat cap bot actiu — venent posició òrfena a mercat"}
{"level":50,"time":1774508344876,"pid":37560,"hostname":"DESKTOP-KPAMGTB","module":"auto-trader","symbol":"SHIBUSDT","err":"Binance /order 400: {\"code\":-1111,\"msg\":\"Parameter 'quantity' has too much precision.\"}","msg":"error en venda òrfena a mercat"}
{"level":30,"time":1774508374411,"pid":37560,"hostname":"DESKTOP-KPAMGTB","module":"binance","assets":23,"msg":"balance"}
{"level":40,"time":1774508401002,"pid":37560,"hostname":"DESKTOP-KPAMGTB","module":"auto-trader","symbol":"BNBUSDT","uncoveredUsd":53.661562185,"uncovered":0.08447314,"msg":"posició parcialment sense SL — esperant 5 min per corregir"}
{"level":30,"time":1774508401298,"pid":37560,"hostname":"DESKTOP-KPAMGTB","module":"telegram","msg":"informe horari enviat"}
{"level":40,"time":1774508405018,"pid":37560,"hostname":"DESKTOP-KPAMGTB","module":"auto-trader","symbol":"SHIBUSDT","uncoveredUsd":18.4375190766,"uncovered":3083197.17,"msg":"posició parcialment sense SL — esperant 5 min per corregir"}
{"level":30,"time":1774508580222,"pid":37560,"hostname":"DESKTOP-KPAMGTB","module":"auto-trader","symbol":"ETHUSDT","msg":"aplicant correcció OCO a posició òrfena…"}
{"level":40,"time":1774508580226,"pid":37560,"hostname":"DESKTOP-KPAMGTB","module":"auto-trader","symbol":"ETHUSDT","uncoveredUsd":27.758175587999997,"msg":"no s'ha trobat cap bot actiu — venent posició òrfena a mercat"}
{"level":50,"time":1774508580462,"pid":37560,"hostname":"DESKTOP-KPAMGTB","module":"auto-trader","symbol":"ETHUSDT","err":"Binance /order 400: {\"code\":-1013,\"msg\":\"Filter failure: LOT_SIZE\"}","msg":"error en venda òrfena a mercat"}
{"level":40,"time":1774508640216,"pid":37560,"hostname":"DESKTOP-KPAMGTB","module":"auto-trader","symbol":"ETHUSDT","uncoveredUsd":27.780282815999996,"uncovered":0.0130812,"msg":"posició parcialment sense SL — esperant 5 min per corregir"}
{"level":30,"time":1774508700132,"pid":37560,"hostname":"DESKTOP-KPAMGTB","module":"auto-trader","symbol":"LTCUSDT","msg":"aplicant correcció OCO a posició òrfena…"}
{"level":40,"time":1774508700137,"pid":37560,"hostname":"DESKTOP-KPAMGTB","module":"auto-trader","symbol":"LTCUSDT","uncoveredUsd":26.0700766,"msg":"no s'ha trobat cap bot actiu — venent posició òrfena a mercat"}
{"level":50,"time":1774508700413,"pid":37560,"hostname":"DESKTOP-KPAMGTB","module":"auto-trader","symbol":"LTCUSDT","err":"Binance /order 400: {\"code\":-1013,\"msg\":\"Filter failure: LOT_SIZE\"}","msg":"error en venda òrfena a mercat"}
{"level":40,"time":1774508760522,"pid":37560,"hostname":"DESKTOP-KPAMGTB","module":"auto-trader","symbol":"LTCUSDT","uncoveredUsd":26.060665020000002,"uncovered":0.470579,"msg":"posició parcialment sense SL — esperant 5 min per corregir"}
{"level":30,"time":1774508760982,"pid":37560,"hostname":"DESKTOP-KPAMGTB","module":"auto-trader","symbol":"BNBUSDT","msg":"aplicant correcció OCO a posició òrfena…"}
{"level":40,"time":1774508760983,"pid":37560,"hostname":"DESKTOP-KPAMGTB","module":"auto-trader","symbol":"BNBUSDT","uncoveredUsd":53.6412886314,"msg":"no s'ha trobat cap bot actiu — venent posició òrfena a mercat"}
{"level":50,"time":1774508761210,"pid":37560,"hostname":"DESKTOP-KPAMGTB","module":"auto-trader","symbol":"BNBUSDT","err":"Binance /order 400: {\"code\":-1013,\"msg\":\"Filter failure: LOT_SIZE\"}","msg":"error en venda òrfena a mercat"}
{"level":30,"time":1774508764860,"pid":37560,"hostname":"DESKTOP-KPAMGTB","module":"auto-trader","symbol":"SHIBUSDT","msg":"aplicant correcció OCO a posició òrfena…"}
{"level":40,"time":1774508764864,"pid":37560,"hostname":"DESKTOP-KPAMGTB","module":"auto-trader","symbol":"SHIBUSDT","uncoveredUsd":18.4375190766,"msg":"no s'ha trobat cap bot actiu — venent posició òrfena a mercat"}
{"level":50,"time":1774508765092,"pid":37560,"hostname":"DESKTOP-KPAMGTB","module":"auto-trader","symbol":"SHIBUSDT","err":"Binance /order 400: {\"code\":-1111,\"msg\":\"Parameter 'quantity' has too much precision.\"}","msg":"error en venda òrfena a mercat"}
{"level":40,"time":1774508820496,"pid":37560,"hostname":"DESKTOP-KPAMGTB","module":"auto-trader","symbol":"BNBUSDT","uncoveredUsd":53.608344106800004,"uncovered":0.08447314,"msg":"posició parcialment sense SL — esperant 5 min per corregir"}
{"level":40,"time":1774508824128,"pid":37560,"hostname":"DESKTOP-KPAMGTB","module":"auto-trader","symbol":"SHIBUSDT","uncoveredUsd":18.4375190766,"uncovered":3083197.17,"msg":"posició parcialment sense SL — esperant 5 min per corregir"}
{"level":30,"time":1774508999888,"pid":37560,"hostname":"DESKTOP-KPAMGTB","module":"auto-trader","symbol":"ETHUSDT","msg":"aplicant correcció OCO a posició òrfena…"}
{"level":40,"time":1774508999891,"pid":37560,"hostname":"DESKTOP-KPAMGTB","module":"auto-trader","symbol":"ETHUSDT","uncoveredUsd":27.765762684000002,"msg":"no s'ha trobat cap bot actiu — venent posició òrfena a mercat"}
{"level":50,"time":1774509000120,"pid":37560,"hostname":"DESKTOP-KPAMGTB","module":"auto-trader","symbol":"ETHUSDT","err":"Binance /order 400: {\"code\":-1013,\"msg\":\"Filter failure: LOT_SIZE\"}","msg":"error en venda òrfena a mercat"}
{"level":30,"time":1774509061411,"pid":37560,"hostname":"DESKTOP-KPAMGTB","module":"auto-trader","symbol":"LTCUSDT","msg":"aplicant correcció OCO a posició òrfena…"}
{"level":40,"time":1774509061415,"pid":37560,"hostname":"DESKTOP-KPAMGTB","module":"auto-trader","symbol":"LTCUSDT","uncoveredUsd":26.04184186,"msg":"no s'ha trobat cap bot actiu — venent posició òrfena a mercat"}
{"level":50,"time":1774509061646,"pid":37560,"hostname":"DESKTOP-KPAMGTB","module":"auto-trader","symbol":"LTCUSDT","err":"Binance /order 400: {\"code\":-1013,\"msg\":\"Filter failure: LOT_SIZE\"}","msg":"error en venda òrfena a mercat"}
{"level":40,"time":1774509062378,"pid":37560,"hostname":"DESKTOP-KPAMGTB","module":"auto-trader","symbol":"ETHUSDT","uncoveredUsd":27.742216524,"uncovered":0.0130812,"msg":"posició parcialment sense SL — esperant 5 min per corregir"}
{"level":40,"time":1774509120168,"pid":37560,"hostname":"DESKTOP-KPAMGTB","module":"auto-trader","symbol":"LTCUSDT","uncoveredUsd":26.03713607,"uncovered":0.470579,"msg":"posició parcialment sense SL — esperant 5 min per corregir"}
{"level":30,"time":1774509180753,"pid":37560,"hostname":"DESKTOP-KPAMGTB","module":"auto-trader","symbol":"BNBUSDT","msg":"aplicant correcció OCO a posició òrfena…"}
{"level":40,"time":1774509180755,"pid":37560,"hostname":"DESKTOP-KPAMGTB","module":"auto-trader","symbol":"BNBUSDT","uncoveredUsd":53.6353755116,"msg":"no s'ha trobat cap bot actiu — venent posició òrfena a mercat"}
{"level":50,"time":1774509180978,"pid":37560,"hostname":"DESKTOP-KPAMGTB","module":"auto-trader","symbol":"BNBUSDT","err":"Binance /order 400: {\"code\":-1013,\"msg\":\"Filter failure: LOT_SIZE\"}","msg":"error en venda òrfena a mercat"}
{"level":30,"time":1774509184577,"pid":37560,"hostname":"DESKTOP-KPAMGTB","module":"auto-trader","symbol":"SHIBUSDT","msg":"aplicant correcció OCO a posició òrfena…"}
{"level":40,"time":1774509184580,"pid":37560,"hostname":"DESKTOP-KPAMGTB","module":"auto-trader","symbol":"SHIBUSDT","uncoveredUsd":18.4375190766,"msg":"no s'ha trobat cap bot actiu — venent posició òrfena a mercat"}
{"level":50,"time":1774509184812,"pid":37560,"hostname":"DESKTOP-KPAMGTB","module":"auto-trader","symbol":"SHIBUSDT","err":"Binance /order 400: {\"code\":-1111,\"msg\":\"Parameter 'quantity' has too much precision.\"}","msg":"error en venda òrfena a mercat"}
{"level":40,"time":1774509240541,"pid":37560,"hostname":"DESKTOP-KPAMGTB","module":"auto-trader","symbol":"BNBUSDT","uncoveredUsd":53.6336860488,"uncovered":0.08447314,"msg":"posició parcialment sense SL — esperant 5 min per corregir"}
{"level":40,"time":1774509244183,"pid":37560,"hostname":"DESKTOP-KPAMGTB","module":"auto-trader","symbol":"SHIBUSDT","uncoveredUsd":18.4375190766,"uncovered":3083197.17,"msg":"posició parcialment sense SL — esperant 5 min per corregir"}
{"level":30,"time":1774509420363,"pid":37560,"hostname":"DESKTOP-KPAMGTB","module":"auto-trader","symbol":"ETHUSDT","msg":"aplicant correcció OCO a posició òrfena…"}
{"level":40,"time":1774509420364,"pid":37560,"hostname":"DESKTOP-KPAMGTB","module":"auto-trader","symbol":"ETHUSDT","uncoveredUsd":27.731359128,"msg":"no s'ha trobat cap bot actiu — venent posició òrfena a mercat"}
{"level":50,"time":1774509420623,"pid":37560,"hostname":"DESKTOP-KPAMGTB","module":"auto-trader","symbol":"ETHUSDT","err":"Binance /order 400: {\"code\":-1013,\"msg\":\"Filter failure: LOT_SIZE\"}","msg":"error en venda òrfena a mercat"}
{"level":30,"time":1774509480122,"pid":37560,"hostname":"DESKTOP-KPAMGTB","module":"auto-trader","symbol":"LTCUSDT","msg":"aplicant correcció OCO a posició òrfena…"}
{"level":40,"time":1774509480130,"pid":37560,"hostname":"DESKTOP-KPAMGTB","module":"auto-trader","symbol":"LTCUSDT","uncoveredUsd":26.03713607,"msg":"no s'ha trobat cap bot actiu — venent posició òrfena a mercat"}
{"level":50,"time":1774509480397,"pid":37560,"hostname":"DESKTOP-KPAMGTB","module":"auto-trader","symbol":"LTCUSDT","err":"Binance /order 400: {\"code\":-1013,\"msg\":\"Filter failure: LOT_SIZE\"}","msg":"error en venda òrfena a mercat"}
{"level":40,"time":1774509480627,"pid":37560,"hostname":"DESKTOP-KPAMGTB","module":"auto-trader","symbol":"ETHUSDT","uncoveredUsd":27.7452252,"uncovered":0.0130812,"msg":"posició parcialment sense SL — esperant 5 min per corregir"}
{"level":40,"time":1774509540163,"pid":37560,"hostname":"DESKTOP-KPAMGTB","module":"auto-trader","symbol":"LTCUSDT","uncoveredUsd":26.027724490000004,"uncovered":0.470579,"msg":"posició parcialment sense SL — esperant 5 min per corregir"}
{"level":50,"time":1774509543432,"pid":37560,"hostname":"DESKTOP-KPAMGTB","module":"trailing-engine","symbol":"SOLUSDT","count":1,"max":3,"err":"fetch failed","msg":"error al cicle"}
{"level":30,"time":1774509600847,"pid":37560,"hostname":"DESKTOP-KPAMGTB","module":"auto-trader","symbol":"BNBUSDT","msg":"aplicant correcció OCO a posició òrfena…"}
{"level":40,"time":1774509600849,"pid":37560,"hostname":"DESKTOP-KPAMGTB","module":"auto-trader","symbol":"BNBUSDT","uncoveredUsd":53.6303071232,"msg":"no s'ha trobat cap bot actiu — venent posició òrfena a mercat"}
{"level":50,"time":1774509601077,"pid":37560,"hostname":"DESKTOP-KPAMGTB","module":"auto-trader","symbol":"BNBUSDT","err":"Binance /order 400: {\"code\":-1013,\"msg\":\"Filter failure: LOT_SIZE\"}","msg":"error en venda òrfena a mercat"}
{"level":30,"time":1774509605009,"pid":37560,"hostname":"DESKTOP-KPAMGTB","module":"auto-trader","symbol":"SHIBUSDT","msg":"aplicant correcció OCO a posició òrfena…"}
{"level":40,"time":1774509605010,"pid":37560,"hostname":"DESKTOP-KPAMGTB","module":"auto-trader","symbol":"SHIBUSDT","uncoveredUsd":18.406687104899998,"msg":"no s'ha trobat cap bot actiu — venent posició òrfena a mercat"}
{"level":50,"time":1774509605284,"pid":37560,"hostname":"DESKTOP-KPAMGTB","module":"auto-trader","symbol":"SHIBUSDT","err":"Binance /order 400: {\"code\":-1111,\"msg\":\"Parameter 'quantity' has too much precision.\"}","msg":"error en venda òrfena a mercat"}
{"level":30,"time":1774509638430,"pid":37560,"hostname":"DESKTOP-KPAMGTB","module":"orders","symbol":"XRPUSDT","side":"SELL","type":"STOP_LOSS_LIMIT","execPrice":1.37,"execValue":37.26,"orderId":1057702942,"msg":"ordre executada (fill)"}
{"level":40,"time":1774509660583,"pid":37560,"hostname":"DESKTOP-KPAMGTB","module":"auto-trader","symbol":"BNBUSDT","uncoveredUsd":53.571127276300004,"uncovered":0.08442913,"msg":"posició parcialment sense SL — esperant 5 min per corregir"}
{"level":40,"time":1774509664229,"pid":37560,"hostname":"DESKTOP-KPAMGTB","module":"auto-trader","symbol":"SHIBUSDT","uncoveredUsd":18.406687104899998,"uncovered":3083197.17,"msg":"posició parcialment sense SL — esperant 5 min per corregir"}
{"level":30,"time":1774509840431,"pid":37560,"hostname":"DESKTOP-KPAMGTB","module":"auto-trader","symbol":"ETHUSDT","msg":"aplicant correcció OCO a posició òrfena…"}
{"level":40,"time":1774509840436,"pid":37560,"hostname":"DESKTOP-KPAMGTB","module":"auto-trader","symbol":"ETHUSDT","uncoveredUsd":27.753466356,"msg":"no s'ha trobat cap bot actiu — venent posició òrfena a mercat"}
{"level":50,"time":1774509840667,"pid":37560,"hostname":"DESKTOP-KPAMGTB","module":"auto-trader","symbol":"ETHUSDT","err":"Binance /order 400: {\"code\":-1013,\"msg\":\"Filter failure: LOT_SIZE\"}","msg":"error en venda òrfena a mercat"}
{"level":30,"time":1774509900392,"pid":37560,"hostname":"DESKTOP-KPAMGTB","module":"auto-trader","symbol":"LTCUSDT","msg":"aplicant correcció OCO a posició òrfena…"}
{"level":40,"time":1774509900396,"pid":37560,"hostname":"DESKTOP-KPAMGTB","module":"auto-trader","symbol":"LTCUSDT","uncoveredUsd":26.0230187,"msg":"no s'ha trobat cap bot actiu — venent posició òrfena a mercat"}
{"level":50,"time":1774509900632,"pid":37560,"hostname":"DESKTOP-KPAMGTB","module":"auto-trader","symbol":"LTCUSDT","err":"Binance /order 400: {\"code\":-1013,\"msg\":\"Filter failure: LOT_SIZE\"}","msg":"error en venda òrfena a mercat"}
{"level":40,"time":1774509900856,"pid":37560,"hostname":"DESKTOP-KPAMGTB","module":"auto-trader","symbol":"ETHUSDT","uncoveredUsd":27.728350452,"uncovered":0.0130812,"msg":"posició parcialment sense SL — esperant 5 min per corregir"}
{"level":40,"time":1774509960266,"pid":37560,"hostname":"DESKTOP-KPAMGTB","module":"auto-trader","symbol":"LTCUSDT","uncoveredUsd":26.0230187,"uncovered":0.470579,"msg":"posició parcialment sense SL — esperant 5 min per corregir"}
{"level":30,"time":1774510021021,"pid":37560,"hostname":"DESKTOP-KPAMGTB","module":"auto-trader","symbol":"BNBUSDT","msg":"aplicant correcció OCO a posició òrfena…"}
{"level":40,"time":1774510021024,"pid":37560,"hostname":"DESKTOP-KPAMGTB","module":"auto-trader","symbol":"BNBUSDT","uncoveredUsd":53.6217847543,"msg":"no s'ha trobat cap bot actiu — venent posició òrfena a mercat"}
{"level":50,"time":1774510021279,"pid":37560,"hostname":"DESKTOP-KPAMGTB","module":"auto-trader","symbol":"BNBUSDT","err":"Binance /order 400: {\"code\":-1013,\"msg\":\"Filter failure: LOT_SIZE\"}","msg":"error en venda òrfena a mercat"}
{"level":30,"time":1774510025251,"pid":37560,"hostname":"DESKTOP-KPAMGTB","module":"auto-trader","symbol":"SHIBUSDT","msg":"aplicant correcció OCO a posició òrfena…"}
{"level":40,"time":1774510025255,"pid":37560,"hostname":"DESKTOP-KPAMGTB","module":"auto-trader","symbol":"SHIBUSDT","uncoveredUsd":18.406687104899998,"msg":"no s'ha trobat cap bot actiu — venent posició òrfena a mercat"}
{"level":50,"time":1774510025510,"pid":37560,"hostname":"DESKTOP-KPAMGTB","module":"auto-trader","symbol":"SHIBUSDT","err":"Binance /order 400: {\"code\":-1111,\"msg\":\"Parameter 'quantity' has too much precision.\"}","msg":"error en venda òrfena a mercat"}
{"level":40,"time":1774510080672,"pid":37560,"hostname":"DESKTOP-KPAMGTB","module":"auto-trader","symbol":"BNBUSDT","uncoveredUsd":53.61925188040001,"uncovered":0.08442913,"msg":"posició parcialment sense SL — esperant 5 min per corregir"}
{"level":40,"time":1774510084765,"pid":37560,"hostname":"DESKTOP-KPAMGTB","module":"auto-trader","symbol":"SHIBUSDT","uncoveredUsd":18.406687104899998,"uncovered":3083197.17,"msg":"posició parcialment sense SL — esperant 5 min per corregir"}
{"level":30,"time":1774510260419,"pid":37560,"hostname":"DESKTOP-KPAMGTB","module":"auto-trader","symbol":"ETHUSDT","msg":"aplicant correcció OCO a posició òrfena…"}
{"level":40,"time":1774510260421,"pid":37560,"hostname":"DESKTOP-KPAMGTB","module":"auto-trader","symbol":"ETHUSDT","uncoveredUsd":27.693423648,"msg":"no s'ha trobat cap bot actiu — venent posició òrfena a mercat"}
{"level":50,"time":1774510260649,"pid":37560,"hostname":"DESKTOP-KPAMGTB","module":"auto-trader","symbol":"ETHUSDT","err":"Binance /order 400: {\"code\":-1013,\"msg\":\"Filter failure: LOT_SIZE\"}","msg":"error en venda òrfena a mercat"}
{"level":30,"time":1774510320296,"pid":37560,"hostname":"DESKTOP-KPAMGTB","module":"auto-trader","symbol":"LTCUSDT","msg":"aplicant correcció OCO a posició òrfena…"}
{"level":40,"time":1774510320301,"pid":37560,"hostname":"DESKTOP-KPAMGTB","module":"auto-trader","symbol":"LTCUSDT","uncoveredUsd":25.975960800000003,"msg":"no s'ha trobat cap bot actiu — venent posició òrfena a mercat"}
{"level":50,"time":1774510320536,"pid":37560,"hostname":"DESKTOP-KPAMGTB","module":"auto-trader","symbol":"LTCUSDT","err":"Binance /order 400: {\"code\":-1013,\"msg\":\"Filter failure: LOT_SIZE\"}","msg":"error en venda òrfena a mercat"}
{"level":40,"time":1774510320810,"pid":37560,"hostname":"DESKTOP-KPAMGTB","module":"auto-trader","symbol":"ETHUSDT","uncoveredUsd":27.680865695999998,"uncovered":0.0130812,"msg":"posició parcialment sense SL — esperant 5 min per corregir"}
{"level":40,"time":1774510380221,"pid":37560,"hostname":"DESKTOP-KPAMGTB","module":"auto-trader","symbol":"LTCUSDT","uncoveredUsd":25.95713764,"uncovered":0.470579,"msg":"posició parcialment sense SL — esperant 5 min per corregir"}
{"level":30,"time":1774510440948,"pid":37560,"hostname":"DESKTOP-KPAMGTB","module":"auto-trader","symbol":"BNBUSDT","msg":"aplicant correcció OCO a posició òrfena…"}
{"level":40,"time":1774510440950,"pid":37560,"hostname":"DESKTOP-KPAMGTB","module":"auto-trader","symbol":"BNBUSDT","uncoveredUsd":53.5930788501,"msg":"no s'ha trobat cap bot actiu — venent posició òrfena a mercat"}
{"level":50,"time":1774510441172,"pid":37560,"hostname":"DESKTOP-KPAMGTB","module":"auto-trader","symbol":"BNBUSDT","err":"Binance /order 400: {\"code\":-1013,\"msg\":\"Filter failure: LOT_SIZE\"}","msg":"error en venda òrfena a mercat"}
{"level":30,"time":1774510444774,"pid":37560,"hostname":"DESKTOP-KPAMGTB","module":"auto-trader","symbol":"SHIBUSDT","msg":"aplicant correcció OCO a posició òrfena…"}
{"level":40,"time":1774510444775,"pid":37560,"hostname":"DESKTOP-KPAMGTB","module":"auto-trader","symbol":"SHIBUSDT","uncoveredUsd":18.3450231615,"msg":"no s'ha trobat cap bot actiu — venent posició òrfena a mercat"}
{"level":50,"time":1774510444999,"pid":37560,"hostname":"DESKTOP-KPAMGTB","module":"auto-trader","symbol":"SHIBUSDT","err":"Binance /order 400: {\"code\":-1111,\"msg\":\"Parameter 'quantity' has too much precision.\"}","msg":"error en venda òrfena a mercat"}
{"level":40,"time":1774510500741,"pid":37560,"hostname":"DESKTOP-KPAMGTB","module":"auto-trader","symbol":"BNBUSDT","uncoveredUsd":53.6048989283,"uncovered":0.08442913,"msg":"posició parcialment sense SL — esperant 5 min per corregir"}
{"level":40,"time":1774510504345,"pid":37560,"hostname":"DESKTOP-KPAMGTB","module":"auto-trader","symbol":"SHIBUSDT","uncoveredUsd":18.375855133199998,"uncovered":3083197.17,"msg":"posició parcialment sense SL — esperant 5 min per corregir"}
{"level":30,"time":1774510680557,"pid":37560,"hostname":"DESKTOP-KPAMGTB","module":"auto-trader","symbol":"ETHUSDT","msg":"aplicant correcció OCO a posició òrfena…"}
{"level":40,"time":1774510680563,"pid":37560,"hostname":"DESKTOP-KPAMGTB","module":"auto-trader","symbol":"ETHUSDT","uncoveredUsd":27.742478148,"msg":"no s'ha trobat cap bot actiu — venent posició òrfena a mercat"}
{"level":50,"time":1774510680832,"pid":37560,"hostname":"DESKTOP-KPAMGTB","module":"auto-trader","symbol":"ETHUSDT","err":"Binance /order 400: {\"code\":-1013,\"msg\":\"Filter failure: LOT_SIZE\"}","msg":"error en venda òrfena a mercat"}
{"level":30,"time":1774510740360,"pid":37560,"hostname":"DESKTOP-KPAMGTB","module":"auto-trader","symbol":"LTCUSDT","msg":"aplicant correcció OCO a posició òrfena…"}
{"level":40,"time":1774510740369,"pid":37560,"hostname":"DESKTOP-KPAMGTB","module":"auto-trader","symbol":"LTCUSDT","uncoveredUsd":25.97125501,"msg":"no s'ha trobat cap bot actiu — venent posició òrfena a mercat"}
{"level":50,"time":1774510740606,"pid":37560,"hostname":"DESKTOP-KPAMGTB","module":"auto-trader","symbol":"LTCUSDT","err":"Binance /order 400: {\"code\":-1013,\"msg\":\"Filter failure: LOT_SIZE\"}","msg":"error en venda òrfena a mercat"}
{"level":40,"time":1774510740832,"pid":37560,"hostname":"DESKTOP-KPAMGTB","module":"auto-trader","symbol":"ETHUSDT","uncoveredUsd":27.748364687999995,"uncovered":0.0130812,"msg":"posició parcialment sense SL — esperant 5 min per corregir"}
{"level":40,"time":1774510799855,"pid":37560,"hostname":"DESKTOP-KPAMGTB","module":"auto-trader","symbol":"LTCUSDT","uncoveredUsd":25.99007817,"uncovered":0.470579,"msg":"posició parcialment sense SL — esperant 5 min per corregir"}
{"level":30,"time":1774510860942,"pid":37560,"hostname":"DESKTOP-KPAMGTB","module":"auto-trader","symbol":"BNBUSDT","msg":"aplicant correcció OCO a posició òrfena…"}
{"level":40,"time":1774510860946,"pid":37560,"hostname":"DESKTOP-KPAMGTB","module":"auto-trader","symbol":"BNBUSDT","uncoveredUsd":53.6690650671,"msg":"no s'ha trobat cap bot actiu — venent posició òrfena a mercat"}
{"level":50,"time":1774510861175,"pid":37560,"hostname":"DESKTOP-KPAMGTB","module":"auto-trader","symbol":"BNBUSDT","err":"Binance /order 400: {\"code\":-1013,\"msg\":\"Filter failure: LOT_SIZE\"}","msg":"error en venda òrfena a mercat"}
{"level":30,"time":1774510864802,"pid":37560,"hostname":"DESKTOP-KPAMGTB","module":"auto-trader","symbol":"SHIBUSDT","msg":"aplicant correcció OCO a posició òrfena…"}
{"level":40,"time":1774510864804,"pid":37560,"hostname":"DESKTOP-KPAMGTB","module":"auto-trader","symbol":"SHIBUSDT","uncoveredUsd":18.375855133199998,"msg":"no s'ha trobat cap bot actiu — venent posició òrfena a mercat"}
{"level":50,"time":1774510865036,"pid":37560,"hostname":"DESKTOP-KPAMGTB","module":"auto-trader","symbol":"SHIBUSDT","err":"Binance /order 400: {\"code\":-1111,\"msg\":\"Parameter 'quantity' has too much precision.\"}","msg":"error en venda òrfena a mercat"}
{"level":40,"time":1774510920749,"pid":37560,"hostname":"DESKTOP-KPAMGTB","module":"auto-trader","symbol":"BNBUSDT","uncoveredUsd":53.6555564063,"uncovered":0.08442913,"msg":"posició parcialment sense SL — esperant 5 min per corregir"}
{"level":40,"time":1774510924425,"pid":37560,"hostname":"DESKTOP-KPAMGTB","module":"auto-trader","symbol":"SHIBUSDT","uncoveredUsd":18.375855133199998,"uncovered":3083197.17,"msg":"posició parcialment sense SL — esperant 5 min per corregir"}
{"level":30,"time":1774511100536,"pid":37560,"hostname":"DESKTOP-KPAMGTB","module":"auto-trader","symbol":"ETHUSDT","msg":"aplicant correcció OCO a posició òrfena…"}
{"level":40,"time":1774511100540,"pid":37560,"hostname":"DESKTOP-KPAMGTB","module":"auto-trader","symbol":"ETHUSDT","uncoveredUsd":27.741693276,"msg":"no s'ha trobat cap bot actiu — venent posició òrfena a mercat"}
{"level":50,"time":1774511100771,"pid":37560,"hostname":"DESKTOP-KPAMGTB","module":"auto-trader","symbol":"ETHUSDT","err":"Binance /order 400: {\"code\":-1013,\"msg\":\"Filter failure: LOT_SIZE\"}","msg":"error en venda òrfena a mercat"}
{"level":30,"time":1774511160299,"pid":37560,"hostname":"DESKTOP-KPAMGTB","module":"auto-trader","symbol":"LTCUSDT","msg":"aplicant correcció OCO a posició òrfena…"}
{"level":40,"time":1774511160301,"pid":37560,"hostname":"DESKTOP-KPAMGTB","module":"auto-trader","symbol":"LTCUSDT","uncoveredUsd":25.980666590000002,"msg":"no s'ha trobat cap bot actiu — venent posició òrfena a mercat"}
{"level":50,"time":1774511160530,"pid":37560,"hostname":"DESKTOP-KPAMGTB","module":"auto-trader","symbol":"LTCUSDT","err":"Binance /order 400: {\"code\":-1013,\"msg\":\"Filter failure: LOT_SIZE\"}","msg":"error en venda òrfena a mercat"}
{"level":40,"time":1774511160757,"pid":37560,"hostname":"DESKTOP-KPAMGTB","module":"auto-trader","symbol":"ETHUSDT","uncoveredUsd":27.749018747999997,"uncovered":0.0130812,"msg":"posició parcialment sense SL — esperant 5 min per corregir"}
{"level":40,"time":1774511220327,"pid":37560,"hostname":"DESKTOP-KPAMGTB","module":"auto-trader","symbol":"LTCUSDT","uncoveredUsd":25.99007817,"uncovered":0.470579,"msg":"posició parcialment sense SL — esperant 5 min per corregir"}
{"level":30,"time":1774511281305,"pid":37560,"hostname":"DESKTOP-KPAMGTB","module":"auto-trader","symbol":"BNBUSDT","msg":"aplicant correcció OCO a posició òrfena…"}
{"level":40,"time":1774511281312,"pid":37560,"hostname":"DESKTOP-KPAMGTB","module":"auto-trader","symbol":"BNBUSDT","uncoveredUsd":53.640359162900005,"msg":"no s'ha trobat cap bot actiu — venent posició òrfena a mercat"}
{"level":50,"time":1774511281544,"pid":37560,"hostname":"DESKTOP-KPAMGTB","module":"auto-trader","symbol":"BNBUSDT","err":"Binance /order 400: {\"code\":-1013,\"msg\":\"Filter failure: LOT_SIZE\"}","msg":"error en venda òrfena a mercat"}
{"level":30,"time":1774511285173,"pid":37560,"hostname":"DESKTOP-KPAMGTB","module":"auto-trader","symbol":"SHIBUSDT","msg":"aplicant correcció OCO a posició òrfena…"}
{"level":40,"time":1774511285177,"pid":37560,"hostname":"DESKTOP-KPAMGTB","module":"auto-trader","symbol":"SHIBUSDT","uncoveredUsd":18.406687104899998,"msg":"no s'ha trobat cap bot actiu — venent posició òrfena a mercat"}
{"level":50,"time":1774511285411,"pid":37560,"hostname":"DESKTOP-KPAMGTB","module":"auto-trader","symbol":"SHIBUSDT","err":"Binance /order 400: {\"code\":-1111,\"msg\":\"Parameter 'quantity' has too much precision.\"}","msg":"error en venda òrfena a mercat"}
{"level":40,"time":1774511340782,"pid":37560,"hostname":"DESKTOP-KPAMGTB","module":"auto-trader","symbol":"BNBUSDT","uncoveredUsd":53.6479577846,"uncovered":0.08442913,"msg":"posició parcialment sense SL — esperant 5 min per corregir"}
{"level":40,"time":1774511344383,"pid":37560,"hostname":"DESKTOP-KPAMGTB","module":"auto-trader","symbol":"SHIBUSDT","uncoveredUsd":18.406687104899998,"uncovered":3083197.17,"msg":"posició parcialment sense SL — esperant 5 min per corregir"}
{"level":30,"time":1774511520844,"pid":37560,"hostname":"DESKTOP-KPAMGTB","module":"auto-trader","symbol":"ETHUSDT","msg":"aplicant correcció OCO a posició òrfena…"}
{"level":40,"time":1774511520846,"pid":37560,"hostname":"DESKTOP-KPAMGTB","module":"auto-trader","symbol":"ETHUSDT","uncoveredUsd":27.761838324,"msg":"no s'ha trobat cap bot actiu — venent posició òrfena a mercat"}
{"level":50,"time":1774511521112,"pid":37560,"hostname":"DESKTOP-KPAMGTB","module":"auto-trader","symbol":"ETHUSDT","err":"Binance /order 400: {\"code\":-1013,\"msg\":\"Filter failure: LOT_SIZE\"}","msg":"error en venda òrfena a mercat"}
{"level":30,"time":1774511580343,"pid":37560,"hostname":"DESKTOP-KPAMGTB","module":"auto-trader","symbol":"LTCUSDT","msg":"aplicant correcció OCO a posició òrfena…"}
{"level":40,"time":1774511580348,"pid":37560,"hostname":"DESKTOP-KPAMGTB","module":"auto-trader","symbol":"LTCUSDT","uncoveredUsd":26.008901330000004,"msg":"no s'ha trobat cap bot actiu — venent posició òrfena a mercat"}
{"level":50,"time":1774511580584,"pid":37560,"hostname":"DESKTOP-KPAMGTB","module":"auto-trader","symbol":"LTCUSDT","err":"Binance /order 400: {\"code\":-1013,\"msg\":\"Filter failure: LOT_SIZE\"}","msg":"error en venda òrfena a mercat"}
{"level":40,"time":1774511580845,"pid":37560,"hostname":"DESKTOP-KPAMGTB","module":"auto-trader","symbol":"ETHUSDT","uncoveredUsd":27.769425419999997,"uncovered":0.0130812,"msg":"posició parcialment sense SL — esperant 5 min per corregir"}
{"level":40,"time":1774511640440,"pid":37560,"hostname":"DESKTOP-KPAMGTB","module":"auto-trader","symbol":"LTCUSDT","uncoveredUsd":26.018312910000002,"uncovered":0.470579,"msg":"posició parcialment sense SL — esperant 5 min per corregir"}
{"level":30,"time":1774511700784,"pid":37560,"hostname":"DESKTOP-KPAMGTB","module":"auto-trader","symbol":"BNBUSDT","msg":"aplicant correcció OCO a posició òrfena…"}
{"level":40,"time":1774511700787,"pid":37560,"hostname":"DESKTOP-KPAMGTB","module":"auto-trader","symbol":"BNBUSDT","uncoveredUsd":53.6783522714,"msg":"no s'ha trobat cap bot actiu — venent posició òrfena a mercat"}
{"level":50,"time":1774511701020,"pid":37560,"hostname":"DESKTOP-KPAMGTB","module":"auto-trader","symbol":"BNBUSDT","err":"Binance /order 400: {\"code\":-1013,\"msg\":\"Filter failure: LOT_SIZE\"}","msg":"error en venda òrfena a mercat"}
{"level":30,"time":1774511704815,"pid":37560,"hostname":"DESKTOP-KPAMGTB","module":"auto-trader","symbol":"SHIBUSDT","msg":"aplicant correcció OCO a posició òrfena…"}
{"level":40,"time":1774511704816,"pid":37560,"hostname":"DESKTOP-KPAMGTB","module":"auto-trader","symbol":"SHIBUSDT","uncoveredUsd":18.4375190766,"msg":"no s'ha trobat cap bot actiu — venent posició òrfena a mercat"}
{"level":50,"time":1774511705068,"pid":37560,"hostname":"DESKTOP-KPAMGTB","module":"auto-trader","symbol":"SHIBUSDT","err":"Binance /order 400: {\"code\":-1111,\"msg\":\"Parameter 'quantity' has too much precision.\"}","msg":"error en venda òrfena a mercat"}
{"level":40,"time":1774511760785,"pid":37560,"hostname":"DESKTOP-KPAMGTB","module":"auto-trader","symbol":"BNBUSDT","uncoveredUsd":53.666532193200005,"uncovered":0.08442913,"msg":"posició parcialment sense SL — esperant 5 min per corregir"}
{"level":40,"time":1774511764428,"pid":37560,"hostname":"DESKTOP-KPAMGTB","module":"auto-trader","symbol":"SHIBUSDT","uncoveredUsd":18.406687104899998,"uncovered":3083197.17,"msg":"posició parcialment sense SL — esperant 5 min per corregir"}
{"level":30,"time":1774511940854,"pid":37560,"hostname":"DESKTOP-KPAMGTB","module":"auto-trader","symbol":"ETHUSDT","msg":"aplicant correcció OCO a posició òrfena…"}
{"level":40,"time":1774511940857,"pid":37560,"hostname":"DESKTOP-KPAMGTB","module":"auto-trader","symbol":"ETHUSDT","uncoveredUsd":27.776358456,"msg":"no s'ha trobat cap bot actiu — venent posició òrfena a mercat"}
{"level":50,"time":1774511941314,"pid":37560,"hostname":"DESKTOP-KPAMGTB","module":"auto-trader","symbol":"ETHUSDT","err":"Binance /order 400: {\"code\":-1013,\"msg\":\"Filter failure: LOT_SIZE\"}","msg":"error en venda òrfena a mercat"}
{"level":30,"time":1774511973926,"pid":37560,"hostname":"DESKTOP-KPAMGTB","module":"binance","assets":23,"msg":"balance"}
{"level":30,"time":1774512000386,"pid":37560,"hostname":"DESKTOP-KPAMGTB","module":"auto-trader","symbol":"LTCUSDT","msg":"aplicant correcció OCO a posició òrfena…"}
{"level":40,"time":1774512000387,"pid":37560,"hostname":"DESKTOP-KPAMGTB","module":"auto-trader","symbol":"LTCUSDT","uncoveredUsd":26.008901330000004,"msg":"no s'ha trobat cap bot actiu — venent posició òrfena a mercat"}
{"level":50,"time":1774512000649,"pid":37560,"hostname":"DESKTOP-KPAMGTB","module":"auto-trader","symbol":"LTCUSDT","err":"Binance /order 400: {\"code\":-1013,\"msg\":\"Filter failure: LOT_SIZE\"}","msg":"error en venda òrfena a mercat"}
{"level":40,"time":1774512000908,"pid":37560,"hostname":"DESKTOP-KPAMGTB","module":"auto-trader","symbol":"ETHUSDT","uncoveredUsd":27.779759567999996,"uncovered":0.0130812,"msg":"posició parcialment sense SL — esperant 5 min per corregir"}
{"level":30,"time":1774512000950,"pid":37560,"hostname":"DESKTOP-KPAMGTB","module":"telegram","msg":"informe horari enviat"}
{"level":30,"time":1774512003370,"pid":37560,"hostname":"DESKTOP-KPAMGTB","module":"binance","assets":23,"msg":"balance"}
{"level":40,"time":1774512059952,"pid":37560,"hostname":"DESKTOP-KPAMGTB","module":"auto-trader","symbol":"LTCUSDT","uncoveredUsd":26.018312910000002,"uncovered":0.470579,"msg":"posició parcialment sense SL — esperant 5 min per corregir"}
{"level":30,"time":1774512120859,"pid":37560,"hostname":"DESKTOP-KPAMGTB","module":"auto-trader","symbol":"BNBUSDT","msg":"aplicant correcció OCO a posició òrfena…"}
{"level":40,"time":1774512120863,"pid":37560,"hostname":"DESKTOP-KPAMGTB","module":"auto-trader","symbol":"BNBUSDT","uncoveredUsd":53.61249755,"msg":"no s'ha trobat cap bot actiu — venent posició òrfena a mercat"}
{"level":50,"time":1774512121093,"pid":37560,"hostname":"DESKTOP-KPAMGTB","module":"auto-trader","symbol":"BNBUSDT","err":"Binance /order 400: {\"code\":-1013,\"msg\":\"Filter failure: LOT_SIZE\"}","msg":"error en venda òrfena a mercat"}
{"level":30,"time":1774512124721,"pid":37560,"hostname":"DESKTOP-KPAMGTB","module":"auto-trader","symbol":"SHIBUSDT","msg":"aplicant correcció OCO a posició òrfena…"}
{"level":40,"time":1774512124722,"pid":37560,"hostname":"DESKTOP-KPAMGTB","module":"auto-trader","symbol":"SHIBUSDT","uncoveredUsd":18.375855133199998,"msg":"no s'ha trobat cap bot actiu — venent posició òrfena a mercat"}
{"level":50,"time":1774512124951,"pid":37560,"hostname":"DESKTOP-KPAMGTB","module":"auto-trader","symbol":"SHIBUSDT","err":"Binance /order 400: {\"code\":-1111,\"msg\":\"Parameter 'quantity' has too much precision.\"}","msg":"error en venda òrfena a mercat"}
{"level":40,"time":1774512180957,"pid":37560,"hostname":"DESKTOP-KPAMGTB","module":"auto-trader","symbol":"BNBUSDT","uncoveredUsd":53.599833180500006,"uncovered":0.08442913,"msg":"posició parcialment sense SL — esperant 5 min per corregir"}
{"level":40,"time":1774512184660,"pid":37560,"hostname":"DESKTOP-KPAMGTB","module":"auto-trader","symbol":"SHIBUSDT","uncoveredUsd":18.375855133199998,"uncovered":3083197.17,"msg":"posició parcialment sense SL — esperant 5 min per corregir"}
{"level":30,"time":1774512360726,"pid":37560,"hostname":"DESKTOP-KPAMGTB","module":"auto-trader","symbol":"LTCUSDT","msg":"aplicant correcció OCO a posició òrfena…"}
{"level":40,"time":1774512360730,"pid":37560,"hostname":"DESKTOP-KPAMGTB","module":"auto-trader","symbol":"LTCUSDT","uncoveredUsd":25.994783960000003,"msg":"no s'ha trobat cap bot actiu — venent posició òrfena a mercat"}
{"level":50,"time":1774512360982,"pid":37560,"hostname":"DESKTOP-KPAMGTB","module":"auto-trader","symbol":"LTCUSDT","err":"Binance /order 400: {\"code\":-1013,\"msg\":\"Filter failure: LOT_SIZE\"}","msg":"error en venda òrfena a mercat"}
{"level":30,"time":1774512361211,"pid":37560,"hostname":"DESKTOP-KPAMGTB","module":"auto-trader","symbol":"ETHUSDT","msg":"aplicant correcció OCO a posició òrfena…"}
{"level":40,"time":1774512361215,"pid":37560,"hostname":"DESKTOP-KPAMGTB","module":"auto-trader","symbol":"ETHUSDT","uncoveredUsd":27.776358456,"msg":"no s'ha trobat cap bot actiu — venent posició òrfena a mercat"}
{"level":50,"time":1774512361467,"pid":37560,"hostname":"DESKTOP-KPAMGTB","module":"auto-trader","symbol":"ETHUSDT","err":"Binance /order 400: {\"code\":-1013,\"msg\":\"Filter failure: LOT_SIZE\"}","msg":"error en venda òrfena a mercat"}
{"level":40,"time":1774512420750,"pid":37560,"hostname":"DESKTOP-KPAMGTB","module":"auto-trader","symbol":"LTCUSDT","uncoveredUsd":26.013607120000003,"uncovered":0.470579,"msg":"posició parcialment sense SL — esperant 5 min per corregir"}
{"level":40,"time":1774512420981,"pid":37560,"hostname":"DESKTOP-KPAMGTB","module":"auto-trader","symbol":"ETHUSDT","uncoveredUsd":27.793625639999995,"uncovered":0.0130812,"msg":"posició parcialment sense SL — esperant 5 min per corregir"}
{"level":30,"time":1774512540962,"pid":37560,"hostname":"DESKTOP-KPAMGTB","module":"auto-trader","symbol":"BNBUSDT","msg":"aplicant correcció OCO a posició òrfena…"}
{"level":40,"time":1774512540971,"pid":37560,"hostname":"DESKTOP-KPAMGTB","module":"auto-trader","symbol":"BNBUSDT","uncoveredUsd":53.607431802200004,"msg":"no s'ha trobat cap bot actiu — venent posició òrfena a mercat"}
{"level":50,"time":1774512541205,"pid":37560,"hostname":"DESKTOP-KPAMGTB","module":"auto-trader","symbol":"BNBUSDT","err":"Binance /order 400: {\"code\":-1013,\"msg\":\"Filter failure: LOT_SIZE\"}","msg":"error en venda òrfena a mercat"}
{"level":30,"time":1774512545020,"pid":37560,"hostname":"DESKTOP-KPAMGTB","module":"auto-trader","symbol":"SHIBUSDT","msg":"aplicant correcció OCO a posició òrfena…"}
{"level":40,"time":1774512545025,"pid":37560,"hostname":"DESKTOP-KPAMGTB","module":"auto-trader","symbol":"SHIBUSDT","uncoveredUsd":18.375855133199998,"msg":"no s'ha trobat cap bot actiu — venent posició òrfena a mercat"}
{"level":50,"time":1774512545280,"pid":37560,"hostname":"DESKTOP-KPAMGTB","module":"auto-trader","symbol":"SHIBUSDT","err":"Binance /order 400: {\"code\":-1111,\"msg\":\"Parameter 'quantity' has too much precision.\"}","msg":"error en venda òrfena a mercat"}
{"level":40,"time":1774512600929,"pid":37560,"hostname":"DESKTOP-KPAMGTB","module":"auto-trader","symbol":"BNBUSDT","uncoveredUsd":53.5753487328,"uncovered":0.08442913,"msg":"posició parcialment sense SL — esperant 5 min per corregir"}
{"level":40,"time":1774512604714,"pid":37560,"hostname":"DESKTOP-KPAMGTB","module":"auto-trader","symbol":"SHIBUSDT","uncoveredUsd":18.375855133199998,"uncovered":3083197.17,"msg":"posició parcialment sense SL — esperant 5 min per corregir"}
{"level":30,"time":1774512780743,"pid":37560,"hostname":"DESKTOP-KPAMGTB","module":"auto-trader","symbol":"LTCUSDT","msg":"aplicant correcció OCO a posició òrfena…"}
{"level":40,"time":1774512780745,"pid":37560,"hostname":"DESKTOP-KPAMGTB","module":"auto-trader","symbol":"LTCUSDT","uncoveredUsd":25.980666590000002,"msg":"no s'ha trobat cap bot actiu — venent posició òrfena a mercat"}
{"level":50,"time":1774512780970,"pid":37560,"hostname":"DESKTOP-KPAMGTB","module":"auto-trader","symbol":"LTCUSDT","err":"Binance /order 400: {\"code\":-1013,\"msg\":\"Filter failure: LOT_SIZE\"}","msg":"error en venda òrfena a mercat"}
{"level":30,"time":1774512781197,"pid":37560,"hostname":"DESKTOP-KPAMGTB","module":"auto-trader","symbol":"ETHUSDT","msg":"aplicant correcció OCO a posició òrfena…"}
{"level":40,"time":1774512781201,"pid":37560,"hostname":"DESKTOP-KPAMGTB","module":"auto-trader","symbol":"ETHUSDT","uncoveredUsd":27.733844556,"msg":"no s'ha trobat cap bot actiu — venent posició òrfena a mercat"}
{"level":50,"time":1774512781433,"pid":37560,"hostname":"DESKTOP-KPAMGTB","module":"auto-trader","symbol":"ETHUSDT","err":"Binance /order 400: {\"code\":-1013,\"msg\":\"Filter failure: LOT_SIZE\"}","msg":"error en venda òrfena a mercat"}
{"level":40,"time":1774512840525,"pid":37560,"hostname":"DESKTOP-KPAMGTB","module":"auto-trader","symbol":"LTCUSDT","uncoveredUsd":25.961843430000002,"uncovered":0.470579,"msg":"posició parcialment sense SL — esperant 5 min per corregir"}
{"level":40,"time":1774512840779,"pid":37560,"hostname":"DESKTOP-KPAMGTB","module":"auto-trader","symbol":"ETHUSDT","uncoveredUsd":27.699441,"uncovered":0.0130812,"msg":"posició parcialment sense SL — esperant 5 min per corregir"}
{"level":30,"time":1774512960917,"pid":37560,"hostname":"DESKTOP-KPAMGTB","module":"auto-trader","symbol":"BNBUSDT","msg":"aplicant correcció OCO a posició òrfena…"}
{"level":40,"time":1774512960921,"pid":37560,"hostname":"DESKTOP-KPAMGTB","module":"auto-trader","symbol":"BNBUSDT","uncoveredUsd":53.5052725549,"msg":"no s'ha trobat cap bot actiu — venent posició òrfena a mercat"}
{"level":50,"time":1774512961151,"pid":37560,"hostname":"DESKTOP-KPAMGTB","module":"auto-trader","symbol":"BNBUSDT","err":"Binance /order 400: {\"code\":-1013,\"msg\":\"Filter failure: LOT_SIZE\"}","msg":"error en venda òrfena a mercat"}
{"level":30,"time":1774512964770,"pid":37560,"hostname":"DESKTOP-KPAMGTB","module":"auto-trader","symbol":"SHIBUSDT","msg":"aplicant correcció OCO a posició òrfena…"}
{"level":40,"time":1774512964775,"pid":37560,"hostname":"DESKTOP-KPAMGTB","module":"auto-trader","symbol":"SHIBUSDT","uncoveredUsd":18.375855133199998,"msg":"no s'ha trobat cap bot actiu — venent posició òrfena a mercat"}
{"level":50,"time":1774512965012,"pid":37560,"hostname":"DESKTOP-KPAMGTB","module":"auto-trader","symbol":"SHIBUSDT","err":"Binance /order 400: {\"code\":-1111,\"msg\":\"Parameter 'quantity' has too much precision.\"}","msg":"error en venda òrfena a mercat"}
{"level":40,"time":1774513021006,"pid":37560,"hostname":"DESKTOP-KPAMGTB","module":"auto-trader","symbol":"BNBUSDT","uncoveredUsd":53.51287117660001,"uncovered":0.08442913,"msg":"posició parcialment sense SL — esperant 5 min per corregir"}
{"level":40,"time":1774513024651,"pid":37560,"hostname":"DESKTOP-KPAMGTB","module":"auto-trader","symbol":"SHIBUSDT","uncoveredUsd":18.375855133199998,"uncovered":3083197.17,"msg":"posició parcialment sense SL — esperant 5 min per corregir"}
{"level":30,"time":1774513200834,"pid":37560,"hostname":"DESKTOP-KPAMGTB","module":"auto-trader","symbol":"LTCUSDT","msg":"aplicant correcció OCO a posició òrfena…"}
{"level":40,"time":1774513200841,"pid":37560,"hostname":"DESKTOP-KPAMGTB","module":"auto-trader","symbol":"LTCUSDT","uncoveredUsd":25.95243185,"msg":"no s'ha trobat cap bot actiu — venent posició òrfena a mercat"}
{"level":50,"time":1774513201123,"pid":37560,"hostname":"DESKTOP-KPAMGTB","module":"auto-trader","symbol":"LTCUSDT","err":"Binance /order 400: {\"code\":-1013,\"msg\":\"Filter failure: LOT_SIZE\"}","msg":"error en venda òrfena a mercat"}
{"level":30,"time":1774513201348,"pid":37560,"hostname":"DESKTOP-KPAMGTB","module":"auto-trader","symbol":"ETHUSDT","msg":"aplicant correcció OCO a posició òrfena…"}
{"level":40,"time":1774513201351,"pid":37560,"hostname":"DESKTOP-KPAMGTB","module":"auto-trader","symbol":"ETHUSDT","uncoveredUsd":27.690414972,"msg":"no s'ha trobat cap bot actiu — venent posició òrfena a mercat"}
{"level":50,"time":1774513201602,"pid":37560,"hostname":"DESKTOP-KPAMGTB","module":"auto-trader","symbol":"ETHUSDT","err":"Binance /order 400: {\"code\":-1013,\"msg\":\"Filter failure: LOT_SIZE\"}","msg":"error en venda òrfena a mercat"}
{"level":40,"time":1774513260503,"pid":37560,"hostname":"DESKTOP-KPAMGTB","module":"auto-trader","symbol":"LTCUSDT","uncoveredUsd":25.95713764,"uncovered":0.470579,"msg":"posició parcialment sense SL — esperant 5 min per corregir"}
{"level":40,"time":1774513260733,"pid":37560,"hostname":"DESKTOP-KPAMGTB","module":"auto-trader","symbol":"ETHUSDT","uncoveredUsd":27.703496171999998,"uncovered":0.0130812,"msg":"posició parcialment sense SL — esperant 5 min per corregir"}
{"level":30,"time":1774513381065,"pid":37560,"hostname":"DESKTOP-KPAMGTB","module":"auto-trader","symbol":"BNBUSDT","msg":"aplicant correcció OCO a posició òrfena…"}
{"level":40,"time":1774513381068,"pid":37560,"hostname":"DESKTOP-KPAMGTB","module":"auto-trader","symbol":"BNBUSDT","uncoveredUsd":53.45377078560001,"msg":"no s'ha trobat cap bot actiu — venent posició òrfena a mercat"}
{"level":50,"time":1774513381298,"pid":37560,"hostname":"DESKTOP-KPAMGTB","module":"auto-trader","symbol":"BNBUSDT","err":"Binance /order 400: {\"code\":-1013,\"msg\":\"Filter failure: LOT_SIZE\"}","msg":"error en venda òrfena a mercat"}
{"level":30,"time":1774513385801,"pid":37560,"hostname":"DESKTOP-KPAMGTB","module":"auto-trader","symbol":"SHIBUSDT","msg":"aplicant correcció OCO a posició òrfena…"}
{"level":40,"time":1774513385805,"pid":37560,"hostname":"DESKTOP-KPAMGTB","module":"auto-trader","symbol":"SHIBUSDT","uncoveredUsd":18.3141911898,"msg":"no s'ha trobat cap bot actiu — venent posició òrfena a mercat"}
{"level":50,"time":1774513386072,"pid":37560,"hostname":"DESKTOP-KPAMGTB","module":"auto-trader","symbol":"SHIBUSDT","err":"Binance /order 400: {\"code\":-1111,\"msg\":\"Parameter 'quantity' has too much precision.\"}","msg":"error en venda òrfena a mercat"}
{"level":40,"time":1774513441310,"pid":37560,"hostname":"DESKTOP-KPAMGTB","module":"auto-trader","symbol":"BNBUSDT","uncoveredUsd":53.45039362040001,"uncovered":0.08442913,"msg":"posició parcialment sense SL — esperant 5 min per corregir"}
{"level":40,"time":1774513444921,"pid":37560,"hostname":"DESKTOP-KPAMGTB","module":"auto-trader","symbol":"SHIBUSDT","uncoveredUsd":18.3141911898,"uncovered":3083197.17,"msg":"posició parcialment sense SL — esperant 5 min per corregir"}
{"level":30,"time":1774513620892,"pid":37560,"hostname":"DESKTOP-KPAMGTB","module":"auto-trader","symbol":"LTCUSDT","msg":"aplicant correcció OCO a posició òrfena…"}
{"level":40,"time":1774513620894,"pid":37560,"hostname":"DESKTOP-KPAMGTB","module":"auto-trader","symbol":"LTCUSDT","uncoveredUsd":25.94302027,"msg":"no s'ha trobat cap bot actiu — venent posició òrfena a mercat"}
{"level":50,"time":1774513621150,"pid":37560,"hostname":"DESKTOP-KPAMGTB","module":"auto-trader","symbol":"LTCUSDT","err":"Binance /order 400: {\"code\":-1013,\"msg\":\"Filter failure: LOT_SIZE\"}","msg":"error en venda òrfena a mercat"}
{"level":30,"time":1774513621403,"pid":37560,"hostname":"DESKTOP-KPAMGTB","module":"auto-trader","symbol":"ETHUSDT","msg":"aplicant correcció OCO a posició òrfena…"}
{"level":40,"time":1774513621406,"pid":37560,"hostname":"DESKTOP-KPAMGTB","module":"auto-trader","symbol":"ETHUSDT","uncoveredUsd":27.711868139999996,"msg":"no s'ha trobat cap bot actiu — venent posició òrfena a mercat"}
{"level":50,"time":1774513621662,"pid":37560,"hostname":"DESKTOP-KPAMGTB","module":"auto-trader","symbol":"ETHUSDT","err":"Binance /order 400: {\"code\":-1013,\"msg\":\"Filter failure: LOT_SIZE\"}","msg":"error en venda òrfena a mercat"}
{"level":40,"time":1774513680623,"pid":37560,"hostname":"DESKTOP-KPAMGTB","module":"auto-trader","symbol":"LTCUSDT","uncoveredUsd":25.94302027,"uncovered":0.470579,"msg":"posició parcialment sense SL — esperant 5 min per corregir"}
{"level":40,"time":1774513680881,"pid":37560,"hostname":"DESKTOP-KPAMGTB","module":"auto-trader","symbol":"ETHUSDT","uncoveredUsd":27.710429208,"uncovered":0.0130812,"msg":"posició parcialment sense SL — esperant 5 min per corregir"}
{"level":30,"time":1774513801130,"pid":37560,"hostname":"DESKTOP-KPAMGTB","module":"auto-trader","symbol":"BNBUSDT","msg":"aplicant correcció OCO a posició òrfena…"}
{"level":40,"time":1774513801135,"pid":37560,"hostname":"DESKTOP-KPAMGTB","module":"auto-trader","symbol":"BNBUSDT","uncoveredUsd":53.444483581300005,"msg":"no s'ha trobat cap bot actiu — venent posició òrfena a mercat"}
{"level":50,"time":1774513801370,"pid":37560,"hostname":"DESKTOP-KPAMGTB","module":"auto-trader","symbol":"BNBUSDT","err":"Binance /order 400: {\"code\":-1013,\"msg\":\"Filter failure: LOT_SIZE\"}","msg":"error en venda òrfena a mercat"}
{"level":30,"time":1774513805045,"pid":37560,"hostname":"DESKTOP-KPAMGTB","module":"auto-trader","symbol":"SHIBUSDT","msg":"aplicant correcció OCO a posició òrfena…"}
{"level":40,"time":1774513805049,"pid":37560,"hostname":"DESKTOP-KPAMGTB","module":"auto-trader","symbol":"SHIBUSDT","uncoveredUsd":18.3141911898,"msg":"no s'ha trobat cap bot actiu — venent posició òrfena a mercat"}
{"level":50,"time":1774513805276,"pid":37560,"hostname":"DESKTOP-KPAMGTB","module":"auto-trader","symbol":"SHIBUSDT","err":"Binance /order 400: {\"code\":-1111,\"msg\":\"Parameter 'quantity' has too much precision.\"}","msg":"error en venda òrfena a mercat"}
{"level":40,"time":1774513861128,"pid":37560,"hostname":"DESKTOP-KPAMGTB","module":"auto-trader","symbol":"BNBUSDT","uncoveredUsd":53.4461721639,"uncovered":0.08442913,"msg":"posició parcialment sense SL — esperant 5 min per corregir"}
{"level":40,"time":1774513864774,"pid":37560,"hostname":"DESKTOP-KPAMGTB","module":"auto-trader","symbol":"SHIBUSDT","uncoveredUsd":18.3450231615,"uncovered":3083197.17,"msg":"posició parcialment sense SL — esperant 5 min per corregir"}
{"level":30,"time":1774514040860,"pid":37560,"hostname":"DESKTOP-KPAMGTB","module":"auto-trader","symbol":"LTCUSDT","msg":"aplicant correcció OCO a posició òrfena…"}
{"level":40,"time":1774514040862,"pid":37560,"hostname":"DESKTOP-KPAMGTB","module":"auto-trader","symbol":"LTCUSDT","uncoveredUsd":25.94302027,"msg":"no s'ha trobat cap bot actiu — venent posició òrfena a mercat"}
{"level":50,"time":1774514041090,"pid":37560,"hostname":"DESKTOP-KPAMGTB","module":"auto-trader","symbol":"LTCUSDT","err":"Binance /order 400: {\"code\":-1013,\"msg\":\"Filter failure: LOT_SIZE\"}","msg":"error en venda òrfena a mercat"}
{"level":30,"time":1774514041319,"pid":37560,"hostname":"DESKTOP-KPAMGTB","module":"auto-trader","symbol":"ETHUSDT","msg":"aplicant correcció OCO a posició òrfena…"}
{"level":40,"time":1774514041324,"pid":37560,"hostname":"DESKTOP-KPAMGTB","module":"auto-trader","symbol":"ETHUSDT","uncoveredUsd":27.686752236,"msg":"no s'ha trobat cap bot actiu — venent posició òrfena a mercat"}
{"level":50,"time":1774514041555,"pid":37560,"hostname":"DESKTOP-KPAMGTB","module":"auto-trader","symbol":"ETHUSDT","err":"Binance /order 400: {\"code\":-1013,\"msg\":\"Filter failure: LOT_SIZE\"}","msg":"error en venda òrfena a mercat"}
{"level":40,"time":1774514100673,"pid":37560,"hostname":"DESKTOP-KPAMGTB","module":"auto-trader","symbol":"LTCUSDT","uncoveredUsd":25.95713764,"uncovered":0.470579,"msg":"posició parcialment sense SL — esperant 5 min per corregir"}
{"level":40,"time":1774514100928,"pid":37560,"hostname":"DESKTOP-KPAMGTB","module":"auto-trader","symbol":"ETHUSDT","uncoveredUsd":27.681258132,"uncovered":0.0130812,"msg":"posició parcialment sense SL — esperant 5 min per corregir"}
{"level":30,"time":1774514221113,"pid":37560,"hostname":"DESKTOP-KPAMGTB","module":"auto-trader","symbol":"BNBUSDT","msg":"aplicant correcció OCO a posició òrfena…"}
{"level":40,"time":1774514221116,"pid":37560,"hostname":"DESKTOP-KPAMGTB","module":"auto-trader","symbol":"BNBUSDT","uncoveredUsd":53.4655908638,"msg":"no s'ha trobat cap bot actiu — venent posició òrfena a mercat"}
{"level":50,"time":1774514221363,"pid":37560,"hostname":"DESKTOP-KPAMGTB","module":"auto-trader","symbol":"BNBUSDT","err":"Binance /order 400: {\"code\":-1013,\"msg\":\"Filter failure: LOT_SIZE\"}","msg":"error en venda òrfena a mercat"}
{"level":30,"time":1774514225184,"pid":37560,"hostname":"DESKTOP-KPAMGTB","module":"auto-trader","symbol":"SHIBUSDT","msg":"aplicant correcció OCO a posició òrfena…"}
{"level":40,"time":1774514225187,"pid":37560,"hostname":"DESKTOP-KPAMGTB","module":"auto-trader","symbol":"SHIBUSDT","uncoveredUsd":18.375855133199998,"msg":"no s'ha trobat cap bot actiu — venent posició òrfena a mercat"}
{"level":50,"time":1774514225438,"pid":37560,"hostname":"DESKTOP-KPAMGTB","module":"auto-trader","symbol":"SHIBUSDT","err":"Binance /order 400: {\"code\":-1111,\"msg\":\"Parameter 'quantity' has too much precision.\"}","msg":"error en venda òrfena a mercat"}
{"level":40,"time":1774514281236,"pid":37560,"hostname":"DESKTOP-KPAMGTB","module":"auto-trader","symbol":"BNBUSDT","uncoveredUsd":53.43857354220001,"uncovered":0.08442913,"msg":"posició parcialment sense SL — esperant 5 min per corregir"}
{"level":40,"time":1774514285049,"pid":37560,"hostname":"DESKTOP-KPAMGTB","module":"auto-trader","symbol":"SHIBUSDT","uncoveredUsd":18.375855133199998,"uncovered":3083197.17,"msg":"posició parcialment sense SL — esperant 5 min per corregir"}
{"level":30,"time":1774514460955,"pid":37560,"hostname":"DESKTOP-KPAMGTB","module":"auto-trader","symbol":"LTCUSDT","msg":"aplicant correcció OCO a posició òrfena…"}
{"level":40,"time":1774514460960,"pid":37560,"hostname":"DESKTOP-KPAMGTB","module":"auto-trader","symbol":"LTCUSDT","uncoveredUsd":25.95713764,"msg":"no s'ha trobat cap bot actiu — venent posició òrfena a mercat"}
{"level":50,"time":1774514461194,"pid":37560,"hostname":"DESKTOP-KPAMGTB","module":"auto-trader","symbol":"LTCUSDT","err":"Binance /order 400: {\"code\":-1013,\"msg\":\"Filter failure: LOT_SIZE\"}","msg":"error en venda òrfena a mercat"}
{"level":30,"time":1774514461421,"pid":37560,"hostname":"DESKTOP-KPAMGTB","module":"auto-trader","symbol":"ETHUSDT","msg":"aplicant correcció OCO a posició òrfena…"}
{"level":40,"time":1774514461423,"pid":37560,"hostname":"DESKTOP-KPAMGTB","module":"auto-trader","symbol":"ETHUSDT","uncoveredUsd":27.678118643999998,"msg":"no s'ha trobat cap bot actiu — venent posició òrfena a mercat"}
{"level":50,"time":1774514461652,"pid":37560,"hostname":"DESKTOP-KPAMGTB","module":"auto-trader","symbol":"ETHUSDT","err":"Binance /order 400: {\"code\":-1013,\"msg\":\"Filter failure: LOT_SIZE\"}","msg":"error en venda òrfena a mercat"}
{"level":40,"time":1774514520721,"pid":37560,"hostname":"DESKTOP-KPAMGTB","module":"auto-trader","symbol":"LTCUSDT","uncoveredUsd":25.961843430000002,"uncovered":0.470579,"msg":"posició parcialment sense SL — esperant 5 min per corregir"}
{"level":40,"time":1774514520945,"pid":37560,"hostname":"DESKTOP-KPAMGTB","module":"auto-trader","symbol":"ETHUSDT","uncoveredUsd":27.683089499999998,"uncovered":0.0130812,"msg":"posició parcialment sense SL — esperant 5 min per corregir"}
{"level":30,"time":1774514641359,"pid":37560,"hostname":"DESKTOP-KPAMGTB","module":"auto-trader","symbol":"BNBUSDT","msg":"aplicant correcció OCO a posició òrfena…"}
{"level":40,"time":1774514641365,"pid":37560,"hostname":"DESKTOP-KPAMGTB","module":"auto-trader","symbol":"BNBUSDT","uncoveredUsd":53.4275977553,"msg":"no s'ha trobat cap bot actiu — venent posició òrfena a mercat"}
{"level":50,"time":1774514641638,"pid":37560,"hostname":"DESKTOP-KPAMGTB","module":"auto-trader","symbol":"BNBUSDT","err":"Binance /order 400: {\"code\":-1013,\"msg\":\"Filter failure: LOT_SIZE\"}","msg":"error en venda òrfena a mercat"}
{"level":30,"time":1774514645520,"pid":37560,"hostname":"DESKTOP-KPAMGTB","module":"auto-trader","symbol":"SHIBUSDT","msg":"aplicant correcció OCO a posició òrfena…"}
{"level":40,"time":1774514645525,"pid":37560,"hostname":"DESKTOP-KPAMGTB","module":"auto-trader","symbol":"SHIBUSDT","uncoveredUsd":18.3141911898,"msg":"no s'ha trobat cap bot actiu — venent posició òrfena a mercat"}
{"level":50,"time":1774514645759,"pid":37560,"hostname":"DESKTOP-KPAMGTB","module":"auto-trader","symbol":"SHIBUSDT","err":"Binance /order 400: {\"code\":-1111,\"msg\":\"Parameter 'quantity' has too much precision.\"}","msg":"error en venda òrfena a mercat"}
{"level":40,"time":1774514702235,"pid":37560,"hostname":"DESKTOP-KPAMGTB","module":"auto-trader","symbol":"BNBUSDT","uncoveredUsd":53.45968082470001,"uncovered":0.08442913,"msg":"posició parcialment sense SL — esperant 5 min per corregir"}
{"level":40,"time":1774514705873,"pid":37560,"hostname":"DESKTOP-KPAMGTB","module":"auto-trader","symbol":"SHIBUSDT","uncoveredUsd":18.3141911898,"uncovered":3083197.17,"msg":"posició parcialment sense SL — esperant 5 min per corregir"}
{"level":30,"time":1774514880830,"pid":37560,"hostname":"DESKTOP-KPAMGTB","module":"auto-trader","symbol":"LTCUSDT","msg":"aplicant correcció OCO a posició òrfena…"}
{"level":40,"time":1774514880834,"pid":37560,"hostname":"DESKTOP-KPAMGTB","module":"auto-trader","symbol":"LTCUSDT","uncoveredUsd":25.994783960000003,"msg":"no s'ha trobat cap bot actiu — venent posició òrfena a mercat"}
{"level":50,"time":1774514881065,"pid":37560,"hostname":"DESKTOP-KPAMGTB","module":"auto-trader","symbol":"LTCUSDT","err":"Binance /order 400: {\"code\":-1013,\"msg\":\"Filter failure: LOT_SIZE\"}","msg":"error en venda òrfena a mercat"}
{"level":30,"time":1774514881291,"pid":37560,"hostname":"DESKTOP-KPAMGTB","module":"auto-trader","symbol":"ETHUSDT","msg":"aplicant correcció OCO a posició òrfena…"}
{"level":40,"time":1774514881295,"pid":37560,"hostname":"DESKTOP-KPAMGTB","module":"auto-trader","symbol":"ETHUSDT","uncoveredUsd":27.725995836000003,"msg":"no s'ha trobat cap bot actiu — venent posició òrfena a mercat"}
{"level":50,"time":1774514881997,"pid":37560,"hostname":"DESKTOP-KPAMGTB","module":"auto-trader","symbol":"ETHUSDT","err":"Binance /order 400: {\"code\":-1013,\"msg\":\"Filter failure: LOT_SIZE\"}","msg":"error en venda òrfena a mercat"}
{"level":40,"time":1774514940783,"pid":37560,"hostname":"DESKTOP-KPAMGTB","module":"auto-trader","symbol":"LTCUSDT","uncoveredUsd":25.97125501,"uncovered":0.470579,"msg":"posició parcialment sense SL — esperant 5 min per corregir"}
{"level":40,"time":1774514941018,"pid":37560,"hostname":"DESKTOP-KPAMGTB","module":"auto-trader","symbol":"ETHUSDT","uncoveredUsd":27.711344891999996,"uncovered":0.0130812,"msg":"posició parcialment sense SL — esperant 5 min per corregir"}
{"level":30,"time":1774515061372,"pid":37560,"hostname":"DESKTOP-KPAMGTB","module":"auto-trader","symbol":"BNBUSDT","msg":"aplicant correcció OCO a posició òrfena…"}
{"level":40,"time":1774515061374,"pid":37560,"hostname":"DESKTOP-KPAMGTB","module":"auto-trader","symbol":"BNBUSDT","uncoveredUsd":53.4985182245,"msg":"no s'ha trobat cap bot actiu — venent posició òrfena a mercat"}
{"level":50,"time":1774515061623,"pid":37560,"hostname":"DESKTOP-KPAMGTB","module":"auto-trader","symbol":"BNBUSDT","err":"Binance /order 400: {\"code\":-1013,\"msg\":\"Filter failure: LOT_SIZE\"}","msg":"error en venda òrfena a mercat"}
{"level":30,"time":1774515065631,"pid":37560,"hostname":"DESKTOP-KPAMGTB","module":"auto-trader","symbol":"SHIBUSDT","msg":"aplicant correcció OCO a posició òrfena…"}
{"level":40,"time":1774515065633,"pid":37560,"hostname":"DESKTOP-KPAMGTB","module":"auto-trader","symbol":"SHIBUSDT","uncoveredUsd":18.3450231615,"msg":"no s'ha trobat cap bot actiu — venent posició òrfena a mercat"}
{"level":50,"time":1774515065883,"pid":37560,"hostname":"DESKTOP-KPAMGTB","module":"auto-trader","symbol":"SHIBUSDT","err":"Binance /order 400: {\"code\":-1111,\"msg\":\"Parameter 'quantity' has too much precision.\"}","msg":"error en venda òrfena a mercat"}
{"level":40,"time":1774515121756,"pid":37560,"hostname":"DESKTOP-KPAMGTB","module":"auto-trader","symbol":"BNBUSDT","uncoveredUsd":53.488386728900004,"uncovered":0.08442913,"msg":"posició parcialment sense SL — esperant 5 min per corregir"}
{"level":40,"time":1774515125388,"pid":37560,"hostname":"DESKTOP-KPAMGTB","module":"auto-trader","symbol":"SHIBUSDT","uncoveredUsd":18.3450231615,"uncovered":3083197.17,"msg":"posició parcialment sense SL — esperant 5 min per corregir"}
{"level":30,"time":1774515300803,"pid":37560,"hostname":"DESKTOP-KPAMGTB","module":"auto-trader","symbol":"LTCUSDT","msg":"aplicant correcció OCO a posició òrfena…"}
{"level":40,"time":1774515300806,"pid":37560,"hostname":"DESKTOP-KPAMGTB","module":"auto-trader","symbol":"LTCUSDT","uncoveredUsd":25.99007817,"msg":"no s'ha trobat cap bot actiu — venent posició òrfena a mercat"}
{"level":50,"time":1774515301033,"pid":37560,"hostname":"DESKTOP-KPAMGTB","module":"auto-trader","symbol":"LTCUSDT","err":"Binance /order 400: {\"code\":-1013,\"msg\":\"Filter failure: LOT_SIZE\"}","msg":"error en venda òrfena a mercat"}
{"level":30,"time":1774515301262,"pid":37560,"hostname":"DESKTOP-KPAMGTB","module":"auto-trader","symbol":"ETHUSDT","msg":"aplicant correcció OCO a posició òrfena…"}
{"level":40,"time":1774515301266,"pid":37560,"hostname":"DESKTOP-KPAMGTB","module":"auto-trader","symbol":"ETHUSDT","uncoveredUsd":27.721417415999998,"msg":"no s'ha trobat cap bot actiu — venent posició òrfena a mercat"}
{"level":50,"time":1774515301496,"pid":37560,"hostname":"DESKTOP-KPAMGTB","module":"auto-trader","symbol":"ETHUSDT","err":"Binance /order 400: {\"code\":-1013,\"msg\":\"Filter failure: LOT_SIZE\"}","msg":"error en venda òrfena a mercat"}
{"level":40,"time":1774515361141,"pid":37560,"hostname":"DESKTOP-KPAMGTB","module":"auto-trader","symbol":"LTCUSDT","uncoveredUsd":25.999489750000002,"uncovered":0.470579,"msg":"posició parcialment sense SL — esperant 5 min per corregir"}
{"level":40,"time":1774515361382,"pid":37560,"hostname":"DESKTOP-KPAMGTB","module":"auto-trader","symbol":"ETHUSDT","uncoveredUsd":27.732928872,"uncovered":0.0130812,"msg":"posició parcialment sense SL — esperant 5 min per corregir"}
{"level":30,"time":1774515481390,"pid":37560,"hostname":"DESKTOP-KPAMGTB","module":"auto-trader","symbol":"BNBUSDT","msg":"aplicant correcció OCO a posició òrfena…"}
{"level":40,"time":1774515481395,"pid":37560,"hostname":"DESKTOP-KPAMGTB","module":"auto-trader","symbol":"BNBUSDT","uncoveredUsd":53.4892310202,"msg":"no s'ha trobat cap bot actiu — venent posició òrfena a mercat"}
{"level":50,"time":1774515481635,"pid":37560,"hostname":"DESKTOP-KPAMGTB","module":"auto-trader","symbol":"BNBUSDT","err":"Binance /order 400: {\"code\":-1013,\"msg\":\"Filter failure: LOT_SIZE\"}","msg":"error en venda òrfena a mercat"}
{"level":30,"time":1774515485251,"pid":37560,"hostname":"DESKTOP-KPAMGTB","module":"auto-trader","symbol":"SHIBUSDT","msg":"aplicant correcció OCO a posició òrfena…"}
{"level":40,"time":1774515485256,"pid":37560,"hostname":"DESKTOP-KPAMGTB","module":"auto-trader","symbol":"SHIBUSDT","uncoveredUsd":18.3450231615,"msg":"no s'ha trobat cap bot actiu — venent posició òrfena a mercat"}
{"level":50,"time":1774515485496,"pid":37560,"hostname":"DESKTOP-KPAMGTB","module":"auto-trader","symbol":"SHIBUSDT","err":"Binance /order 400: {\"code\":-1111,\"msg\":\"Parameter 'quantity' has too much precision.\"}","msg":"error en venda òrfena a mercat"}
{"level":40,"time":1774515541633,"pid":37560,"hostname":"DESKTOP-KPAMGTB","module":"auto-trader","symbol":"BNBUSDT","uncoveredUsd":53.48332098110001,"uncovered":0.08442913,"msg":"posició parcialment sense SL — esperant 5 min per corregir"}
{"level":40,"time":1774515545286,"pid":37560,"hostname":"DESKTOP-KPAMGTB","module":"auto-trader","symbol":"SHIBUSDT","uncoveredUsd":18.3450231615,"uncovered":3083197.17,"msg":"posició parcialment sense SL — esperant 5 min per corregir"}
{"level":30,"time":1774515574406,"pid":37560,"hostname":"DESKTOP-KPAMGTB","module":"binance","assets":23,"msg":"balance"}
{"level":30,"time":1774515600923,"pid":37560,"hostname":"DESKTOP-KPAMGTB","module":"telegram","msg":"informe horari enviat"}
{"level":30,"time":1774515721191,"pid":37560,"hostname":"DESKTOP-KPAMGTB","module":"auto-trader","symbol":"LTCUSDT","msg":"aplicant correcció OCO a posició òrfena…"}
{"level":40,"time":1774515721194,"pid":37560,"hostname":"DESKTOP-KPAMGTB","module":"auto-trader","symbol":"LTCUSDT","uncoveredUsd":25.980666590000002,"msg":"no s'ha trobat cap bot actiu — venent posició òrfena a mercat"}
{"level":50,"time":1774515721420,"pid":37560,"hostname":"DESKTOP-KPAMGTB","module":"auto-trader","symbol":"LTCUSDT","err":"Binance /order 400: {\"code\":-1013,\"msg\":\"Filter failure: LOT_SIZE\"}","msg":"error en venda òrfena a mercat"}
{"level":30,"time":1774515721646,"pid":37560,"hostname":"DESKTOP-KPAMGTB","module":"auto-trader","symbol":"ETHUSDT","msg":"aplicant correcció OCO a posició òrfena…"}
{"level":40,"time":1774515721648,"pid":37560,"hostname":"DESKTOP-KPAMGTB","module":"auto-trader","symbol":"ETHUSDT","uncoveredUsd":27.692246339999997,"msg":"no s'ha trobat cap bot actiu — venent posició òrfena a mercat"}
{"level":50,"time":1774515721875,"pid":37560,"hostname":"DESKTOP-KPAMGTB","module":"auto-trader","symbol":"ETHUSDT","err":"Binance /order 400: {\"code\":-1013,\"msg\":\"Filter failure: LOT_SIZE\"}","msg":"error en venda òrfena a mercat"}
{"level":40,"time":1774515781802,"pid":37560,"hostname":"DESKTOP-KPAMGTB","module":"auto-trader","symbol":"LTCUSDT","uncoveredUsd":25.99007817,"uncovered":0.470579,"msg":"posició parcialment sense SL — esperant 5 min per corregir"}
{"level":40,"time":1774515782032,"pid":37560,"hostname":"DESKTOP-KPAMGTB","module":"auto-trader","symbol":"ETHUSDT","uncoveredUsd":27.701926428,"uncovered":0.0130812,"msg":"posició parcialment sense SL — esperant 5 min per corregir"}
{"level":30,"time":1774515901444,"pid":37560,"hostname":"DESKTOP-KPAMGTB","module":"auto-trader","symbol":"BNBUSDT","msg":"aplicant correcció OCO a posició òrfena…"}
{"level":40,"time":1774515901450,"pid":37560,"hostname":"DESKTOP-KPAMGTB","module":"auto-trader","symbol":"BNBUSDT","uncoveredUsd":53.451237911700005,"msg":"no s'ha trobat cap bot actiu — venent posició òrfena a mercat"}
{"level":50,"time":1774515901690,"pid":37560,"hostname":"DESKTOP-KPAMGTB","module":"auto-trader","symbol":"BNBUSDT","err":"Binance /order 400: {\"code\":-1013,\"msg\":\"Filter failure: LOT_SIZE\"}","msg":"error en venda òrfena a mercat"}
{"level":30,"time":1774515905373,"pid":37560,"hostname":"DESKTOP-KPAMGTB","module":"auto-trader","symbol":"SHIBUSDT","msg":"aplicant correcció OCO a posició òrfena…"}
{"level":40,"time":1774515905374,"pid":37560,"hostname":"DESKTOP-KPAMGTB","module":"auto-trader","symbol":"SHIBUSDT","uncoveredUsd":18.375855133199998,"msg":"no s'ha trobat cap bot actiu — venent posició òrfena a mercat"}
{"level":50,"time":1774515905598,"pid":37560,"hostname":"DESKTOP-KPAMGTB","module":"auto-trader","symbol":"SHIBUSDT","err":"Binance /order 400: {\"code\":-1111,\"msg\":\"Parameter 'quantity' has too much precision.\"}","msg":"error en venda òrfena a mercat"}
{"level":40,"time":1774515962001,"pid":37560,"hostname":"DESKTOP-KPAMGTB","module":"auto-trader","symbol":"BNBUSDT","uncoveredUsd":53.4875424376,"uncovered":0.08442913,"msg":"posició parcialment sense SL — esperant 5 min per corregir"}
{"level":40,"time":1774515966429,"pid":37560,"hostname":"DESKTOP-KPAMGTB","module":"auto-trader","symbol":"SHIBUSDT","uncoveredUsd":18.375855133199998,"uncovered":3083197.17,"msg":"posició parcialment sense SL — esperant 5 min per corregir"}
{"level":30,"time":1774516141879,"pid":37560,"hostname":"DESKTOP-KPAMGTB","module":"auto-trader","symbol":"LTCUSDT","msg":"aplicant correcció OCO a posició òrfena…"}
{"level":40,"time":1774516141882,"pid":37560,"hostname":"DESKTOP-KPAMGTB","module":"auto-trader","symbol":"LTCUSDT","uncoveredUsd":26.03243028,"msg":"no s'ha trobat cap bot actiu — venent posició òrfena a mercat"}
{"level":50,"time":1774516142128,"pid":37560,"hostname":"DESKTOP-KPAMGTB","module":"auto-trader","symbol":"LTCUSDT","err":"Binance /order 400: {\"code\":-1013,\"msg\":\"Filter failure: LOT_SIZE\"}","msg":"error en venda òrfena a mercat"}
{"level":30,"time":1774516142356,"pid":37560,"hostname":"DESKTOP-KPAMGTB","module":"auto-trader","symbol":"ETHUSDT","msg":"aplicant correcció OCO a posició òrfena…"}
{"level":40,"time":1774516142357,"pid":37560,"hostname":"DESKTOP-KPAMGTB","module":"auto-trader","symbol":"ETHUSDT","uncoveredUsd":27.748626312000003,"msg":"no s'ha trobat cap bot actiu — venent posició òrfena a mercat"}
{"level":50,"time":1774516142585,"pid":37560,"hostname":"DESKTOP-KPAMGTB","module":"auto-trader","symbol":"ETHUSDT","err":"Binance /order 400: {\"code\":-1013,\"msg\":\"Filter failure: LOT_SIZE\"}","msg":"error en venda òrfena a mercat"}
{"level":40,"time":1774516201598,"pid":37560,"hostname":"DESKTOP-KPAMGTB","module":"auto-trader","symbol":"LTCUSDT","uncoveredUsd":26.0230187,"uncovered":0.470579,"msg":"posició parcialment sense SL — esperant 5 min per corregir"}
{"level":40,"time":1774516201856,"pid":37560,"hostname":"DESKTOP-KPAMGTB","module":"auto-trader","symbol":"ETHUSDT","uncoveredUsd":27.732536436,"uncovered":0.0130812,"msg":"posició parcialment sense SL — esperant 5 min per corregir"}
{"level":30,"time":1774516321767,"pid":37560,"hostname":"DESKTOP-KPAMGTB","module":"auto-trader","symbol":"BNBUSDT","msg":"aplicant correcció OCO a posició òrfena…"}
{"level":40,"time":1774516321772,"pid":37560,"hostname":"DESKTOP-KPAMGTB","module":"auto-trader","symbol":"BNBUSDT","uncoveredUsd":53.50358397230001,"msg":"no s'ha trobat cap bot actiu — venent posició òrfena a mercat"}
{"level":50,"time":1774516322046,"pid":37560,"hostname":"DESKTOP-KPAMGTB","module":"auto-trader","symbol":"BNBUSDT","err":"Binance /order 400: {\"code\":-1013,\"msg\":\"Filter failure: LOT_SIZE\"}","msg":"error en venda òrfena a mercat"}
{"level":30,"time":1774516326941,"pid":37560,"hostname":"DESKTOP-KPAMGTB","module":"auto-trader","symbol":"SHIBUSDT","msg":"aplicant correcció OCO a posició òrfena…"}
{"level":40,"time":1774516326945,"pid":37560,"hostname":"DESKTOP-KPAMGTB","module":"auto-trader","symbol":"SHIBUSDT","uncoveredUsd":18.375855133199998,"msg":"no s'ha trobat cap bot actiu — venent posició òrfena a mercat"}
{"level":50,"time":1774516327177,"pid":37560,"hostname":"DESKTOP-KPAMGTB","module":"auto-trader","symbol":"SHIBUSDT","err":"Binance /order 400: {\"code\":-1111,\"msg\":\"Parameter 'quantity' has too much precision.\"}","msg":"error en venda òrfena a mercat"}
{"level":40,"time":1774516381934,"pid":37560,"hostname":"DESKTOP-KPAMGTB","module":"auto-trader","symbol":"BNBUSDT","uncoveredUsd":53.485009563700004,"uncovered":0.08442913,"msg":"posició parcialment sense SL — esperant 5 min per corregir"}
{"level":40,"time":1774516386090,"pid":37560,"hostname":"DESKTOP-KPAMGTB","module":"auto-trader","symbol":"SHIBUSDT","uncoveredUsd":18.406687104899998,"uncovered":3083197.17,"msg":"posició parcialment sense SL — esperant 5 min per corregir"}
{"level":30,"time":1774516561105,"pid":37560,"hostname":"DESKTOP-KPAMGTB","module":"auto-trader","symbol":"LTCUSDT","msg":"aplicant correcció OCO a posició òrfena…"}
{"level":40,"time":1774516561108,"pid":37560,"hostname":"DESKTOP-KPAMGTB","module":"auto-trader","symbol":"LTCUSDT","uncoveredUsd":26.0230187,"msg":"no s'ha trobat cap bot actiu — venent posició òrfena a mercat"}
{"level":50,"time":1774516561381,"pid":37560,"hostname":"DESKTOP-KPAMGTB","module":"auto-trader","symbol":"LTCUSDT","err":"Binance /order 400: {\"code\":-1013,\"msg\":\"Filter failure: LOT_SIZE\"}","msg":"error en venda òrfena a mercat"}
{"level":30,"time":1774516561609,"pid":37560,"hostname":"DESKTOP-KPAMGTB","module":"auto-trader","symbol":"ETHUSDT","msg":"aplicant correcció OCO a posició òrfena…"}
{"level":40,"time":1774516561615,"pid":37560,"hostname":"DESKTOP-KPAMGTB","module":"auto-trader","symbol":"ETHUSDT","uncoveredUsd":27.710298396,"msg":"no s'ha trobat cap bot actiu — venent posició òrfena a mercat"}
{"level":50,"time":1774516561882,"pid":37560,"hostname":"DESKTOP-KPAMGTB","module":"auto-trader","symbol":"ETHUSDT","err":"Binance /order 400: {\"code\":-1013,\"msg\":\"Filter failure: LOT_SIZE\"}","msg":"error en venda òrfena a mercat"}
{"level":40,"time":1774516621039,"pid":37560,"hostname":"DESKTOP-KPAMGTB","module":"auto-trader","symbol":"LTCUSDT","uncoveredUsd":25.994783960000003,"uncovered":0.470579,"msg":"posició parcialment sense SL — esperant 5 min per corregir"}
{"level":40,"time":1774516621276,"pid":37560,"hostname":"DESKTOP-KPAMGTB","module":"auto-trader","symbol":"ETHUSDT","uncoveredUsd":27.696563136,"uncovered":0.0130812,"msg":"posició parcialment sense SL — esperant 5 min per corregir"}
{"level":30,"time":1774516742199,"pid":37560,"hostname":"DESKTOP-KPAMGTB","module":"auto-trader","symbol":"BNBUSDT","msg":"aplicant correcció OCO a posició òrfena…"}
{"level":40,"time":1774516742203,"pid":37560,"hostname":"DESKTOP-KPAMGTB","module":"auto-trader","symbol":"BNBUSDT","uncoveredUsd":53.4149333858,"msg":"no s'ha trobat cap bot actiu — venent posició òrfena a mercat"}
{"level":50,"time":1774516742460,"pid":37560,"hostname":"DESKTOP-KPAMGTB","module":"auto-trader","symbol":"BNBUSDT","err":"Binance /order 400: {\"code\":-1013,\"msg\":\"Filter failure: LOT_SIZE\"}","msg":"error en venda òrfena a mercat"}
{"level":30,"time":1774516746528,"pid":37560,"hostname":"DESKTOP-KPAMGTB","module":"auto-trader","symbol":"SHIBUSDT","msg":"aplicant correcció OCO a posició òrfena…"}
{"level":40,"time":1774516746530,"pid":37560,"hostname":"DESKTOP-KPAMGTB","module":"auto-trader","symbol":"SHIBUSDT","uncoveredUsd":18.375855133199998,"msg":"no s'ha trobat cap bot actiu — venent posició òrfena a mercat"}
{"level":50,"time":1774516746786,"pid":37560,"hostname":"DESKTOP-KPAMGTB","module":"auto-trader","symbol":"SHIBUSDT","err":"Binance /order 400: {\"code\":-1111,\"msg\":\"Parameter 'quantity' has too much precision.\"}","msg":"error en venda òrfena a mercat"}
{"level":40,"time":1774516801727,"pid":37560,"hostname":"DESKTOP-KPAMGTB","module":"auto-trader","symbol":"BNBUSDT","uncoveredUsd":53.44363929,"uncovered":0.08442913,"msg":"posició parcialment sense SL — esperant 5 min per corregir"}
{"level":40,"time":1774516805361,"pid":37560,"hostname":"DESKTOP-KPAMGTB","module":"auto-trader","symbol":"SHIBUSDT","uncoveredUsd":18.375855133199998,"uncovered":3083197.17,"msg":"posició parcialment sense SL — esperant 5 min per corregir"}
{"level":30,"time":1774516981289,"pid":37560,"hostname":"DESKTOP-KPAMGTB","module":"auto-trader","symbol":"LTCUSDT","msg":"aplicant correcció OCO a posició òrfena…"}
{"level":40,"time":1774516981294,"pid":37560,"hostname":"DESKTOP-KPAMGTB","module":"auto-trader","symbol":"LTCUSDT","uncoveredUsd":25.98537238,"msg":"no s'ha trobat cap bot actiu — venent posició òrfena a mercat"}
{"level":50,"time":1774516981525,"pid":37560,"hostname":"DESKTOP-KPAMGTB","module":"auto-trader","symbol":"LTCUSDT","err":"Binance /order 400: {\"code\":-1013,\"msg\":\"Filter failure: LOT_SIZE\"}","msg":"error en venda òrfena a mercat"}
{"level":30,"time":1774516981751,"pid":37560,"hostname":"DESKTOP-KPAMGTB","module":"auto-trader","symbol":"ETHUSDT","msg":"aplicant correcció OCO a posició òrfena…"}
{"level":40,"time":1774516981756,"pid":37560,"hostname":"DESKTOP-KPAMGTB","module":"auto-trader","symbol":"ETHUSDT","uncoveredUsd":27.704804292,"msg":"no s'ha trobat cap bot actiu — venent posició òrfena a mercat"}
{"level":50,"time":1774516981982,"pid":37560,"hostname":"DESKTOP-KPAMGTB","module":"auto-trader","symbol":"ETHUSDT","err":"Binance /order 400: {\"code\":-1013,\"msg\":\"Filter failure: LOT_SIZE\"}","msg":"error en venda òrfena a mercat"}
{"level":40,"time":1774517041542,"pid":37560,"hostname":"DESKTOP-KPAMGTB","module":"auto-trader","symbol":"LTCUSDT","uncoveredUsd":25.980666590000002,"uncovered":0.470579,"msg":"posició parcialment sense SL — esperant 5 min per corregir"}
{"level":40,"time":1774517041779,"pid":37560,"hostname":"DESKTOP-KPAMGTB","module":"auto-trader","symbol":"ETHUSDT","uncoveredUsd":27.692115528,"uncovered":0.0130812,"msg":"posició parcialment sense SL — esperant 5 min per corregir"}
{"level":30,"time":1774517161590,"pid":37560,"hostname":"DESKTOP-KPAMGTB","module":"auto-trader","symbol":"BNBUSDT","msg":"aplicant correcció OCO a posició òrfena…"}
{"level":40,"time":1774517161592,"pid":37560,"hostname":"DESKTOP-KPAMGTB","module":"auto-trader","symbol":"BNBUSDT","uncoveredUsd":53.4782552333,"msg":"no s'ha trobat cap bot actiu — venent posició òrfena a mercat"}
{"level":50,"time":1774517161817,"pid":37560,"hostname":"DESKTOP-KPAMGTB","module":"auto-trader","symbol":"BNBUSDT","err":"Binance /order 400: {\"code\":-1013,\"msg\":\"Filter failure: LOT_SIZE\"}","msg":"error en venda òrfena a mercat"}
{"level":30,"time":1774517165790,"pid":37560,"hostname":"DESKTOP-KPAMGTB","module":"auto-trader","symbol":"SHIBUSDT","msg":"aplicant correcció OCO a posició òrfena…"}
{"level":40,"time":1774517165793,"pid":37560,"hostname":"DESKTOP-KPAMGTB","module":"auto-trader","symbol":"SHIBUSDT","uncoveredUsd":18.406687104899998,"msg":"no s'ha trobat cap bot actiu — venent posició òrfena a mercat"}
{"level":50,"time":1774517166045,"pid":37560,"hostname":"DESKTOP-KPAMGTB","module":"auto-trader","symbol":"SHIBUSDT","err":"Binance /order 400: {\"code\":-1111,\"msg\":\"Parameter 'quantity' has too much precision.\"}","msg":"error en venda òrfena a mercat"}
{"level":40,"time":1774517221759,"pid":37560,"hostname":"DESKTOP-KPAMGTB","module":"auto-trader","symbol":"BNBUSDT","uncoveredUsd":53.4866981463,"uncovered":0.08442913,"msg":"posició parcialment sense SL — esperant 5 min per corregir"}
{"level":40,"time":1774517226880,"pid":37560,"hostname":"DESKTOP-KPAMGTB","module":"auto-trader","symbol":"SHIBUSDT","uncoveredUsd":18.375855133199998,"uncovered":3083197.17,"msg":"posició parcialment sense SL — esperant 5 min per corregir"}
{"level":30,"time":1774517401107,"pid":37560,"hostname":"DESKTOP-KPAMGTB","module":"auto-trader","symbol":"LTCUSDT","msg":"aplicant correcció OCO a posició òrfena…"}
{"level":40,"time":1774517401110,"pid":37560,"hostname":"DESKTOP-KPAMGTB","module":"auto-trader","symbol":"LTCUSDT","uncoveredUsd":26.008901330000004,"msg":"no s'ha trobat cap bot actiu — venent posició òrfena a mercat"}
{"level":50,"time":1774517401362,"pid":37560,"hostname":"DESKTOP-KPAMGTB","module":"auto-trader","symbol":"LTCUSDT","err":"Binance /order 400: {\"code\":-1013,\"msg\":\"Filter failure: LOT_SIZE\"}","msg":"error en venda òrfena a mercat"}
{"level":30,"time":1774517401595,"pid":37560,"hostname":"DESKTOP-KPAMGTB","module":"auto-trader","symbol":"ETHUSDT","msg":"aplicant correcció OCO a posició òrfena…"}
{"level":40,"time":1774517401600,"pid":37560,"hostname":"DESKTOP-KPAMGTB","module":"auto-trader","symbol":"ETHUSDT","uncoveredUsd":27.691461467999996,"msg":"no s'ha trobat cap bot actiu — venent posició òrfena a mercat"}
{"level":50,"time":1774517401832,"pid":37560,"hostname":"DESKTOP-KPAMGTB","module":"auto-trader","symbol":"ETHUSDT","err":"Binance /order 400: {\"code\":-1013,\"msg\":\"Filter failure: LOT_SIZE\"}","msg":"error en venda òrfena a mercat"}
{"level":40,"time":1774517461144,"pid":37560,"hostname":"DESKTOP-KPAMGTB","module":"auto-trader","symbol":"LTCUSDT","uncoveredUsd":25.98537238,"uncovered":0.470579,"msg":"posició parcialment sense SL — esperant 5 min per corregir"}
{"level":40,"time":1774517461379,"pid":37560,"hostname":"DESKTOP-KPAMGTB","module":"auto-trader","symbol":"ETHUSDT","uncoveredUsd":27.638744232,"uncovered":0.0130812,"msg":"posició parcialment sense SL — esperant 5 min per corregir"}
{"level":30,"time":1774517583800,"pid":37560,"hostname":"DESKTOP-KPAMGTB","module":"auto-trader","symbol":"BNBUSDT","msg":"aplicant correcció OCO a posició òrfena…"}
{"level":40,"time":1774517583803,"pid":37560,"hostname":"DESKTOP-KPAMGTB","module":"auto-trader","symbol":"BNBUSDT","uncoveredUsd":53.17853182180001,"msg":"no s'ha trobat cap bot actiu — venent posició òrfena a mercat"}
{"level":50,"time":1774517584034,"pid":37560,"hostname":"DESKTOP-KPAMGTB","module":"auto-trader","symbol":"BNBUSDT","err":"Binance /order 400: {\"code\":-1013,\"msg\":\"Filter failure: LOT_SIZE\"}","msg":"error en venda òrfena a mercat"}
{"level":30,"time":1774517588337,"pid":37560,"hostname":"DESKTOP-KPAMGTB","module":"auto-trader","symbol":"SHIBUSDT","msg":"aplicant correcció OCO a posició òrfena…"}
{"level":40,"time":1774517588342,"pid":37560,"hostname":"DESKTOP-KPAMGTB","module":"auto-trader","symbol":"SHIBUSDT","uncoveredUsd":18.2525272464,"msg":"no s'ha trobat cap bot actiu — venent posició òrfena a mercat"}
{"level":50,"time":1774517588654,"pid":37560,"hostname":"DESKTOP-KPAMGTB","module":"auto-trader","symbol":"SHIBUSDT","err":"Binance /order 400: {\"code\":-1111,\"msg\":\"Parameter 'quantity' has too much precision.\"}","msg":"error en venda òrfena a mercat"}
{"level":40,"time":1774517642064,"pid":37560,"hostname":"DESKTOP-KPAMGTB","module":"auto-trader","symbol":"BNBUSDT","uncoveredUsd":53.083126904900006,"uncovered":0.08442913,"msg":"posició parcialment sense SL — esperant 5 min per corregir"}
{"level":40,"time":1774517645983,"pid":37560,"hostname":"DESKTOP-KPAMGTB","module":"auto-trader","symbol":"SHIBUSDT","uncoveredUsd":18.2525272464,"uncovered":3083197.17,"msg":"posició parcialment sense SL — esperant 5 min per corregir"}
{"level":30,"time":1774517762786,"pid":37560,"hostname":"DESKTOP-KPAMGTB","module":"auto-trader","symbol":"LTCUSDT","msg":"aplicant correcció OCO a posició òrfena…"}
{"level":40,"time":1774517762788,"pid":37560,"hostname":"DESKTOP-KPAMGTB","module":"auto-trader","symbol":"LTCUSDT","uncoveredUsd":25.81596394,"msg":"no s'ha trobat cap bot actiu — venent posició òrfena a mercat"}
{"level":50,"time":1774517763230,"pid":37560,"hostname":"DESKTOP-KPAMGTB","module":"auto-trader","symbol":"LTCUSDT","err":"Binance /order 400: {\"code\":-1013,\"msg\":\"Filter failure: LOT_SIZE\"}","msg":"error en venda òrfena a mercat"}
{"level":30,"time":1774517763454,"pid":37560,"hostname":"DESKTOP-KPAMGTB","module":"auto-trader","symbol":"ETHUSDT","msg":"aplicant correcció OCO a posició òrfena…"}
{"level":40,"time":1774517763458,"pid":37560,"hostname":"DESKTOP-KPAMGTB","module":"auto-trader","symbol":"ETHUSDT","uncoveredUsd":27.251933148,"msg":"no s'ha trobat cap bot actiu — venent posició òrfena a mercat"}
{"level":50,"time":1774517763689,"pid":37560,"hostname":"DESKTOP-KPAMGTB","module":"auto-trader","symbol":"ETHUSDT","err":"Binance /order 400: {\"code\":-1013,\"msg\":\"Filter failure: LOT_SIZE\"}","msg":"error en venda òrfena a mercat"}
{"level":40,"time":1774517821196,"pid":37560,"hostname":"DESKTOP-KPAMGTB","module":"auto-trader","symbol":"LTCUSDT","uncoveredUsd":25.858316050000003,"uncovered":0.470579,"msg":"posició parcialment sense SL — esperant 5 min per corregir"}
{"level":40,"time":1774517821426,"pid":37560,"hostname":"DESKTOP-KPAMGTB","module":"auto-trader","symbol":"ETHUSDT","uncoveredUsd":27.278618795999996,"uncovered":0.0130812,"msg":"posició parcialment sense SL — esperant 5 min per corregir"}
{"level":30,"time":1774518001997,"pid":37560,"hostname":"DESKTOP-KPAMGTB","module":"auto-trader","symbol":"BNBUSDT","msg":"aplicant correcció OCO a posició òrfena…"}
{"level":40,"time":1774518002000,"pid":37560,"hostname":"DESKTOP-KPAMGTB","module":"auto-trader","symbol":"BNBUSDT","uncoveredUsd":53.087348361400004,"msg":"no s'ha trobat cap bot actiu — venent posició òrfena a mercat"}
{"level":50,"time":1774518002261,"pid":37560,"hostname":"DESKTOP-KPAMGTB","module":"auto-trader","symbol":"BNBUSDT","err":"Binance /order 400: {\"code\":-1013,\"msg\":\"Filter failure: LOT_SIZE\"}","msg":"error en venda òrfena a mercat"}
{"level":30,"time":1774518007186,"pid":37560,"hostname":"DESKTOP-KPAMGTB","module":"auto-trader","symbol":"SHIBUSDT","msg":"aplicant correcció OCO a posició òrfena…"}
{"level":40,"time":1774518007196,"pid":37560,"hostname":"DESKTOP-KPAMGTB","module":"auto-trader","symbol":"SHIBUSDT","uncoveredUsd":18.3141911898,"msg":"no s'ha trobat cap bot actiu — venent posició òrfena a mercat"}
{"level":50,"time":1774518007428,"pid":37560,"hostname":"DESKTOP-KPAMGTB","module":"auto-trader","symbol":"SHIBUSDT","err":"Binance /order 400: {\"code\":-1111,\"msg\":\"Parameter 'quantity' has too much precision.\"}","msg":"error en venda òrfena a mercat"}
{"level":40,"time":1774518061756,"pid":37560,"hostname":"DESKTOP-KPAMGTB","module":"auto-trader","symbol":"BNBUSDT","uncoveredUsd":53.1388501307,"uncovered":0.08442913,"msg":"posició parcialment sense SL — esperant 5 min per corregir"}
{"level":40,"time":1774518066108,"pid":37560,"hostname":"DESKTOP-KPAMGTB","module":"auto-trader","symbol":"SHIBUSDT","uncoveredUsd":18.3141911898,"uncovered":3083197.17,"msg":"posició parcialment sense SL — esperant 5 min per corregir"}
{"level":30,"time":1774518182769,"pid":37560,"hostname":"DESKTOP-KPAMGTB","module":"auto-trader","symbol":"LTCUSDT","msg":"aplicant correcció OCO a posició òrfena…"}
{"level":40,"time":1774518182773,"pid":37560,"hostname":"DESKTOP-KPAMGTB","module":"auto-trader","symbol":"LTCUSDT","uncoveredUsd":25.83949289,"msg":"no s'ha trobat cap bot actiu — venent posició òrfena a mercat"}
{"level":50,"time":1774518183001,"pid":37560,"hostname":"DESKTOP-KPAMGTB","module":"auto-trader","symbol":"LTCUSDT","err":"Binance /order 400: {\"code\":-1013,\"msg\":\"Filter failure: LOT_SIZE\"}","msg":"error en venda òrfena a mercat"}
{"level":30,"time":1774518183230,"pid":37560,"hostname":"DESKTOP-KPAMGTB","module":"auto-trader","symbol":"ETHUSDT","msg":"aplicant correcció OCO a posició òrfena…"}
{"level":40,"time":1774518183235,"pid":37560,"hostname":"DESKTOP-KPAMGTB","module":"auto-trader","symbol":"ETHUSDT","uncoveredUsd":27.251802336,"msg":"no s'ha trobat cap bot actiu — venent posició òrfena a mercat"}
{"level":50,"time":1774518183472,"pid":37560,"hostname":"DESKTOP-KPAMGTB","module":"auto-trader","symbol":"ETHUSDT","err":"Binance /order 400: {\"code\":-1013,\"msg\":\"Filter failure: LOT_SIZE\"}","msg":"error en venda òrfena a mercat"}
{"level":40,"time":1774518241267,"pid":37560,"hostname":"DESKTOP-KPAMGTB","module":"auto-trader","symbol":"LTCUSDT","uncoveredUsd":25.83008131,"uncovered":0.470579,"msg":"posició parcialment sense SL — esperant 5 min per corregir"}
{"level":40,"time":1774518241496,"pid":37560,"hostname":"DESKTOP-KPAMGTB","module":"auto-trader","symbol":"ETHUSDT","uncoveredUsd":27.249316908,"uncovered":0.0130812,"msg":"posició parcialment sense SL — esperant 5 min per corregir"}
{"level":30,"time":1774518421704,"pid":37560,"hostname":"DESKTOP-KPAMGTB","module":"auto-trader","symbol":"BNBUSDT","msg":"aplicant correcció OCO a posició òrfena…"}
{"level":40,"time":1774518421707,"pid":37560,"hostname":"DESKTOP-KPAMGTB","module":"auto-trader","symbol":"BNBUSDT","uncoveredUsd":53.14560446110001,"msg":"no s'ha trobat cap bot actiu — venent posició òrfena a mercat"}
{"level":50,"time":1774518421939,"pid":37560,"hostname":"DESKTOP-KPAMGTB","module":"auto-trader","symbol":"BNBUSDT","err":"Binance /order 400: {\"code\":-1013,\"msg\":\"Filter failure: LOT_SIZE\"}","msg":"error en venda òrfena a mercat"}
{"level":30,"time":1774518425551,"pid":37560,"hostname":"DESKTOP-KPAMGTB","module":"auto-trader","symbol":"SHIBUSDT","msg":"aplicant correcció OCO a posició òrfena…"}
{"level":40,"time":1774518425554,"pid":37560,"hostname":"DESKTOP-KPAMGTB","module":"auto-trader","symbol":"SHIBUSDT","uncoveredUsd":18.2833592181,"msg":"no s'ha trobat cap bot actiu — venent posició òrfena a mercat"}
{"level":50,"time":1774518425781,"pid":37560,"hostname":"DESKTOP-KPAMGTB","module":"auto-trader","symbol":"SHIBUSDT","err":"Binance /order 400: {\"code\":-1111,\"msg\":\"Parameter 'quantity' has too much precision.\"}","msg":"error en venda òrfena a mercat"}
{"level":40,"time":1774518481718,"pid":37560,"hostname":"DESKTOP-KPAMGTB","module":"auto-trader","symbol":"BNBUSDT","uncoveredUsd":53.146448752400005,"uncovered":0.08442913,"msg":"posició parcialment sense SL — esperant 5 min per corregir"}
{"level":40,"time":1774518485567,"pid":37560,"hostname":"DESKTOP-KPAMGTB","module":"auto-trader","symbol":"SHIBUSDT","uncoveredUsd":18.3141911898,"uncovered":3083197.17,"msg":"posició parcialment sense SL — esperant 5 min per corregir"}
{"level":30,"time":1774518601568,"pid":37560,"hostname":"DESKTOP-KPAMGTB","module":"auto-trader","symbol":"LTCUSDT","msg":"aplicant correcció OCO a posició òrfena…"}
{"level":40,"time":1774518601576,"pid":37560,"hostname":"DESKTOP-KPAMGTB","module":"auto-trader","symbol":"LTCUSDT","uncoveredUsd":25.801846570000002,"msg":"no s'ha trobat cap bot actiu — venent posició òrfena a mercat"}
{"level":50,"time":1774518601873,"pid":37560,"hostname":"DESKTOP-KPAMGTB","module":"auto-trader","symbol":"LTCUSDT","err":"Binance /order 400: {\"code\":-1013,\"msg\":\"Filter failure: LOT_SIZE\"}","msg":"error en venda òrfena a mercat"}
{"level":30,"time":1774518602101,"pid":37560,"hostname":"DESKTOP-KPAMGTB","module":"auto-trader","symbol":"ETHUSDT","msg":"aplicant correcció OCO a posició òrfena…"}
{"level":40,"time":1774518602105,"pid":37560,"hostname":"DESKTOP-KPAMGTB","module":"auto-trader","symbol":"ETHUSDT","uncoveredUsd":27.179594112,"msg":"no s'ha trobat cap bot actiu — venent posició òrfena a mercat"}
{"level":50,"time":1774518602377,"pid":37560,"hostname":"DESKTOP-KPAMGTB","module":"auto-trader","symbol":"ETHUSDT","err":"Binance /order 400: {\"code\":-1013,\"msg\":\"Filter failure: LOT_SIZE\"}","msg":"error en venda òrfena a mercat"}
{"level":40,"time":1774518661283,"pid":37560,"hostname":"DESKTOP-KPAMGTB","module":"auto-trader","symbol":"LTCUSDT","uncoveredUsd":25.81125815,"uncovered":0.470579,"msg":"posició parcialment sense SL — esperant 5 min per corregir"}
{"level":40,"time":1774518661511,"pid":37560,"hostname":"DESKTOP-KPAMGTB","module":"auto-trader","symbol":"ETHUSDT","uncoveredUsd":27.224070191999996,"uncovered":0.0130812,"msg":"posició parcialment sense SL — esperant 5 min per corregir"}
{"level":30,"time":1774518843085,"pid":37560,"hostname":"DESKTOP-KPAMGTB","module":"auto-trader","symbol":"BNBUSDT","msg":"aplicant correcció OCO a posició òrfena…"}
{"level":40,"time":1774518843091,"pid":37560,"hostname":"DESKTOP-KPAMGTB","module":"auto-trader","symbol":"BNBUSDT","uncoveredUsd":53.209770599900004,"msg":"no s'ha trobat cap bot actiu — venent posició òrfena a mercat"}
{"level":50,"time":1774518843327,"pid":37560,"hostname":"DESKTOP-KPAMGTB","module":"auto-trader","symbol":"BNBUSDT","err":"Binance /order 400: {\"code\":-1013,\"msg\":\"Filter failure: LOT_SIZE\"}","msg":"error en venda òrfena a mercat"}
{"level":30,"time":1774518847809,"pid":37560,"hostname":"DESKTOP-KPAMGTB","module":"auto-trader","symbol":"SHIBUSDT","msg":"aplicant correcció OCO a posició òrfena…"}
{"level":40,"time":1774518847815,"pid":37560,"hostname":"DESKTOP-KPAMGTB","module":"auto-trader","symbol":"SHIBUSDT","uncoveredUsd":18.3141911898,"msg":"no s'ha trobat cap bot actiu — venent posició òrfena a mercat"}
{"level":50,"time":1774518848119,"pid":37560,"hostname":"DESKTOP-KPAMGTB","module":"auto-trader","symbol":"SHIBUSDT","err":"Binance /order 400: {\"code\":-1111,\"msg\":\"Parameter 'quantity' has too much precision.\"}","msg":"error en venda òrfena a mercat"}
{"level":40,"time":1774518901829,"pid":37560,"hostname":"DESKTOP-KPAMGTB","module":"auto-trader","symbol":"BNBUSDT","uncoveredUsd":53.2013276869,"uncovered":0.08442913,"msg":"posició parcialment sense SL — esperant 5 min per corregir"}
{"level":40,"time":1774518905641,"pid":37560,"hostname":"DESKTOP-KPAMGTB","module":"auto-trader","symbol":"SHIBUSDT","uncoveredUsd":18.2833592181,"uncovered":3083197.17,"msg":"posició parcialment sense SL — esperant 5 min per corregir"}
{"level":30,"time":1774519021690,"pid":37560,"hostname":"DESKTOP-KPAMGTB","module":"auto-trader","symbol":"LTCUSDT","msg":"aplicant correcció OCO a posició òrfena…"}
{"level":40,"time":1774519021695,"pid":37560,"hostname":"DESKTOP-KPAMGTB","module":"auto-trader","symbol":"LTCUSDT","uncoveredUsd":25.83949289,"msg":"no s'ha trobat cap bot actiu — venent posició òrfena a mercat"}
{"level":50,"time":1774519021934,"pid":37560,"hostname":"DESKTOP-KPAMGTB","module":"auto-trader","symbol":"LTCUSDT","err":"Binance /order 400: {\"code\":-1013,\"msg\":\"Filter failure: LOT_SIZE\"}","msg":"error en venda òrfena a mercat"}
{"level":30,"time":1774519022189,"pid":37560,"hostname":"DESKTOP-KPAMGTB","module":"auto-trader","symbol":"ETHUSDT","msg":"aplicant correcció OCO a posició òrfena…"}
{"level":40,"time":1774519022193,"pid":37560,"hostname":"DESKTOP-KPAMGTB","module":"auto-trader","symbol":"ETHUSDT","uncoveredUsd":27.24029088,"msg":"no s'ha trobat cap bot actiu — venent posició òrfena a mercat"}
{"level":50,"time":1774519022426,"pid":37560,"hostname":"DESKTOP-KPAMGTB","module":"auto-trader","symbol":"ETHUSDT","err":"Binance /order 400: {\"code\":-1013,\"msg\":\"Filter failure: LOT_SIZE\"}","msg":"error en venda òrfena a mercat"}
{"level":40,"time":1774519081733,"pid":37560,"hostname":"DESKTOP-KPAMGTB","module":"auto-trader","symbol":"LTCUSDT","uncoveredUsd":25.84419868,"uncovered":0.470579,"msg":"posició parcialment sense SL — esperant 5 min per corregir"}
{"level":40,"time":1774519081995,"pid":37560,"hostname":"DESKTOP-KPAMGTB","module":"auto-trader","symbol":"ETHUSDT","uncoveredUsd":27.2514099,"uncovered":0.0130812,"msg":"posició parcialment sense SL — esperant 5 min per corregir"}
{"level":50,"time":1774519115102,"pid":37560,"hostname":"DESKTOP-KPAMGTB","module":"trailing-engine","symbol":"SOLUSDT","count":1,"max":3,"err":"fetch failed","msg":"error al cicle"}
{"level":30,"time":1774519174002,"pid":37560,"hostname":"DESKTOP-KPAMGTB","module":"binance","assets":23,"msg":"balance"}
{"level":30,"time":1774519201686,"pid":37560,"hostname":"DESKTOP-KPAMGTB","module":"telegram","msg":"informe horari enviat"}
{"level":30,"time":1774519261833,"pid":37560,"hostname":"DESKTOP-KPAMGTB","module":"auto-trader","symbol":"BNBUSDT","msg":"aplicant correcció OCO a posició òrfena…"}
{"level":40,"time":1774519261836,"pid":37560,"hostname":"DESKTOP-KPAMGTB","module":"auto-trader","symbol":"BNBUSDT","uncoveredUsd":53.1802204044,"msg":"no s'ha trobat cap bot actiu — venent posició òrfena a mercat"}
{"level":50,"time":1774519262071,"pid":37560,"hostname":"DESKTOP-KPAMGTB","module":"auto-trader","symbol":"BNBUSDT","err":"Binance /order 400: {\"code\":-1013,\"msg\":\"Filter failure: LOT_SIZE\"}","msg":"error en venda òrfena a mercat"}
{"level":30,"time":1774519265700,"pid":37560,"hostname":"DESKTOP-KPAMGTB","module":"auto-trader","symbol":"SHIBUSDT","msg":"aplicant correcció OCO a posició òrfena…"}
{"level":40,"time":1774519265704,"pid":37560,"hostname":"DESKTOP-KPAMGTB","module":"auto-trader","symbol":"SHIBUSDT","uncoveredUsd":18.2833592181,"msg":"no s'ha trobat cap bot actiu — venent posició òrfena a mercat"}
{"level":50,"time":1774519265938,"pid":37560,"hostname":"DESKTOP-KPAMGTB","module":"auto-trader","symbol":"SHIBUSDT","err":"Binance /order 400: {\"code\":-1111,\"msg\":\"Parameter 'quantity' has too much precision.\"}","msg":"error en venda òrfena a mercat"}
{"level":40,"time":1774519322655,"pid":37560,"hostname":"DESKTOP-KPAMGTB","module":"auto-trader","symbol":"BNBUSDT","uncoveredUsd":53.1684003262,"uncovered":0.08442913,"msg":"posició parcialment sense SL — esperant 5 min per corregir"}
{"level":40,"time":1774519326776,"pid":37560,"hostname":"DESKTOP-KPAMGTB","module":"auto-trader","symbol":"SHIBUSDT","uncoveredUsd":18.3141911898,"uncovered":3083197.17,"msg":"posició parcialment sense SL — esperant 5 min per corregir"}
{"level":30,"time":1774519441651,"pid":37560,"hostname":"DESKTOP-KPAMGTB","module":"auto-trader","symbol":"LTCUSDT","msg":"aplicant correcció OCO a posició òrfena…"}
{"level":40,"time":1774519441652,"pid":37560,"hostname":"DESKTOP-KPAMGTB","module":"auto-trader","symbol":"LTCUSDT","uncoveredUsd":25.80655236,"msg":"no s'ha trobat cap bot actiu — venent posició òrfena a mercat"}
{"level":50,"time":1774519441902,"pid":37560,"hostname":"DESKTOP-KPAMGTB","module":"auto-trader","symbol":"LTCUSDT","err":"Binance /order 400: {\"code\":-1013,\"msg\":\"Filter failure: LOT_SIZE\"}","msg":"error en venda òrfena a mercat"}
{"level":30,"time":1774519442131,"pid":37560,"hostname":"DESKTOP-KPAMGTB","module":"auto-trader","symbol":"ETHUSDT","msg":"aplicant correcció OCO a posició òrfena…"}
{"level":40,"time":1774519442134,"pid":37560,"hostname":"DESKTOP-KPAMGTB","module":"auto-trader","symbol":"ETHUSDT","uncoveredUsd":27.190713132,"msg":"no s'ha trobat cap bot actiu — venent posició òrfena a mercat"}
{"level":50,"time":1774519442384,"pid":37560,"hostname":"DESKTOP-KPAMGTB","module":"auto-trader","symbol":"ETHUSDT","err":"Binance /order 400: {\"code\":-1013,\"msg\":\"Filter failure: LOT_SIZE\"}","msg":"error en venda òrfena a mercat"}
{"level":40,"time":1774519501665,"pid":37560,"hostname":"DESKTOP-KPAMGTB","module":"auto-trader","symbol":"LTCUSDT","uncoveredUsd":25.801846570000002,"uncovered":0.470579,"msg":"posició parcialment sense SL — esperant 5 min per corregir"}
{"level":40,"time":1774519501890,"pid":37560,"hostname":"DESKTOP-KPAMGTB","module":"auto-trader","symbol":"ETHUSDT","uncoveredUsd":27.1860039,"uncovered":0.0130812,"msg":"posició parcialment sense SL — esperant 5 min per corregir"}
{"level":30,"time":1774519681975,"pid":37560,"hostname":"DESKTOP-KPAMGTB","module":"auto-trader","symbol":"BNBUSDT","msg":"aplicant correcció OCO a posició òrfena…"}
{"level":40,"time":1774519681981,"pid":37560,"hostname":"DESKTOP-KPAMGTB","module":"auto-trader","symbol":"BNBUSDT","uncoveredUsd":53.143071587200005,"msg":"no s'ha trobat cap bot actiu — venent posició òrfena a mercat"}
{"level":50,"time":1774519682212,"pid":37560,"hostname":"DESKTOP-KPAMGTB","module":"auto-trader","symbol":"BNBUSDT","err":"Binance /order 400: {\"code\":-1013,\"msg\":\"Filter failure: LOT_SIZE\"}","msg":"error en venda òrfena a mercat"}
{"level":30,"time":1774519685824,"pid":37560,"hostname":"DESKTOP-KPAMGTB","module":"auto-trader","symbol":"SHIBUSDT","msg":"aplicant correcció OCO a posició òrfena…"}
{"level":40,"time":1774519685828,"pid":37560,"hostname":"DESKTOP-KPAMGTB","module":"auto-trader","symbol":"SHIBUSDT","uncoveredUsd":18.2833592181,"msg":"no s'ha trobat cap bot actiu — venent posició òrfena a mercat"}
{"level":50,"time":1774519686071,"pid":37560,"hostname":"DESKTOP-KPAMGTB","module":"auto-trader","symbol":"SHIBUSDT","err":"Binance /order 400: {\"code\":-1111,\"msg\":\"Parameter 'quantity' has too much precision.\"}","msg":"error en venda òrfena a mercat"}
{"level":40,"time":1774519741932,"pid":37560,"hostname":"DESKTOP-KPAMGTB","module":"auto-trader","symbol":"BNBUSDT","uncoveredUsd":53.1202757221,"uncovered":0.08442913,"msg":"posició parcialment sense SL — esperant 5 min per corregir"}
{"level":40,"time":1774519745594,"pid":37560,"hostname":"DESKTOP-KPAMGTB","module":"auto-trader","symbol":"SHIBUSDT","uncoveredUsd":18.2525272464,"uncovered":3083197.17,"msg":"posició parcialment sense SL — esperant 5 min per corregir"}
{"level":30,"time":1774519861708,"pid":37560,"hostname":"DESKTOP-KPAMGTB","module":"auto-trader","symbol":"LTCUSDT","msg":"aplicant correcció OCO a posició òrfena…"}
{"level":40,"time":1774519861712,"pid":37560,"hostname":"DESKTOP-KPAMGTB","module":"auto-trader","symbol":"LTCUSDT","uncoveredUsd":25.801846570000002,"msg":"no s'ha trobat cap bot actiu — venent posició òrfena a mercat"}
{"level":50,"time":1774519861936,"pid":37560,"hostname":"DESKTOP-KPAMGTB","module":"auto-trader","symbol":"LTCUSDT","err":"Binance /order 400: {\"code\":-1013,\"msg\":\"Filter failure: LOT_SIZE\"}","msg":"error en venda òrfena a mercat"}
{"level":30,"time":1774519862170,"pid":37560,"hostname":"DESKTOP-KPAMGTB","module":"auto-trader","symbol":"ETHUSDT","msg":"aplicant correcció OCO a posició òrfena…"}
{"level":40,"time":1774519862173,"pid":37560,"hostname":"DESKTOP-KPAMGTB","module":"auto-trader","symbol":"ETHUSDT","uncoveredUsd":27.15722526,"msg":"no s'ha trobat cap bot actiu — venent posició òrfena a mercat"}
{"level":50,"time":1774519862401,"pid":37560,"hostname":"DESKTOP-KPAMGTB","module":"auto-trader","symbol":"ETHUSDT","err":"Binance /order 400: {\"code\":-1013,\"msg\":\"Filter failure: LOT_SIZE\"}","msg":"error en venda òrfena a mercat"}
{"level":40,"time":1774519921410,"pid":37560,"hostname":"DESKTOP-KPAMGTB","module":"auto-trader","symbol":"LTCUSDT","uncoveredUsd":25.81596394,"uncovered":0.470579,"msg":"posició parcialment sense SL — esperant 5 min per corregir"}
{"level":40,"time":1774519921635,"pid":37560,"hostname":"DESKTOP-KPAMGTB","module":"auto-trader","symbol":"ETHUSDT","uncoveredUsd":27.182079539999997,"uncovered":0.0130812,"msg":"posició parcialment sense SL — esperant 5 min per corregir"}
{"level":30,"time":1774520102001,"pid":37560,"hostname":"DESKTOP-KPAMGTB","module":"auto-trader","symbol":"BNBUSDT","msg":"aplicant correcció OCO a posició òrfena…"}
{"level":40,"time":1774520102006,"pid":37560,"hostname":"DESKTOP-KPAMGTB","module":"auto-trader","symbol":"BNBUSDT","uncoveredUsd":53.15404737410001,"msg":"no s'ha trobat cap bot actiu — venent posició òrfena a mercat"}
{"level":50,"time":1774520102245,"pid":37560,"hostname":"DESKTOP-KPAMGTB","module":"auto-trader","symbol":"BNBUSDT","err":"Binance /order 400: {\"code\":-1013,\"msg\":\"Filter failure: LOT_SIZE\"}","msg":"error en venda òrfena a mercat"}
{"level":30,"time":1774520105871,"pid":37560,"hostname":"DESKTOP-KPAMGTB","module":"auto-trader","symbol":"SHIBUSDT","msg":"aplicant correcció OCO a posició òrfena…"}
{"level":40,"time":1774520105874,"pid":37560,"hostname":"DESKTOP-KPAMGTB","module":"auto-trader","symbol":"SHIBUSDT","uncoveredUsd":18.2833592181,"msg":"no s'ha trobat cap bot actiu — venent posició òrfena a mercat"}
{"level":50,"time":1774520106118,"pid":37560,"hostname":"DESKTOP-KPAMGTB","module":"auto-trader","symbol":"SHIBUSDT","err":"Binance /order 400: {\"code\":-1111,\"msg\":\"Parameter 'quantity' has too much precision.\"}","msg":"error en venda òrfena a mercat"}
{"level":40,"time":1774520161948,"pid":37560,"hostname":"DESKTOP-KPAMGTB","module":"auto-trader","symbol":"BNBUSDT","uncoveredUsd":53.2165249303,"uncovered":0.08442913,"msg":"posició parcialment sense SL — esperant 5 min per corregir"}
{"level":40,"time":1774520165614,"pid":37560,"hostname":"DESKTOP-KPAMGTB","module":"auto-trader","symbol":"SHIBUSDT","uncoveredUsd":18.3141911898,"uncovered":3083197.17,"msg":"posició parcialment sense SL — esperant 5 min per corregir"}
{"level":30,"time":1774520281775,"pid":37560,"hostname":"DESKTOP-KPAMGTB","module":"auto-trader","symbol":"LTCUSDT","msg":"aplicant correcció OCO a posició òrfena…"}
{"level":40,"time":1774520281777,"pid":37560,"hostname":"DESKTOP-KPAMGTB","module":"auto-trader","symbol":"LTCUSDT","uncoveredUsd":25.81125815,"msg":"no s'ha trobat cap bot actiu — venent posició òrfena a mercat"}
{"level":50,"time":1774520282039,"pid":37560,"hostname":"DESKTOP-KPAMGTB","module":"auto-trader","symbol":"LTCUSDT","err":"Binance /order 400: {\"code\":-1013,\"msg\":\"Filter failure: LOT_SIZE\"}","msg":"error en venda òrfena a mercat"}
{"level":30,"time":1774520282298,"pid":37560,"hostname":"DESKTOP-KPAMGTB","module":"auto-trader","symbol":"ETHUSDT","msg":"aplicant correcció OCO a posició òrfena…"}
{"level":40,"time":1774520282301,"pid":37560,"hostname":"DESKTOP-KPAMGTB","module":"auto-trader","symbol":"ETHUSDT","uncoveredUsd":27.216744719999998,"msg":"no s'ha trobat cap bot actiu — venent posició òrfena a mercat"}
{"level":50,"time":1774520282530,"pid":37560,"hostname":"DESKTOP-KPAMGTB","module":"auto-trader","symbol":"ETHUSDT","err":"Binance /order 400: {\"code\":-1013,\"msg\":\"Filter failure: LOT_SIZE\"}","msg":"error en venda òrfena a mercat"}
{"level":40,"time":1774520341533,"pid":37560,"hostname":"DESKTOP-KPAMGTB","module":"auto-trader","symbol":"LTCUSDT","uncoveredUsd":25.81125815,"uncovered":0.470579,"msg":"posició parcialment sense SL — esperant 5 min per corregir"}
{"level":40,"time":1774520341805,"pid":37560,"hostname":"DESKTOP-KPAMGTB","module":"auto-trader","symbol":"ETHUSDT","uncoveredUsd":27.214390104,"uncovered":0.0130812,"msg":"posició parcialment sense SL — esperant 5 min per corregir"}
{"level":30,"time":1774520522051,"pid":37560,"hostname":"DESKTOP-KPAMGTB","module":"auto-trader","symbol":"BNBUSDT","msg":"aplicant correcció OCO a posició òrfena…"}
{"level":40,"time":1774520522054,"pid":37560,"hostname":"DESKTOP-KPAMGTB","module":"auto-trader","symbol":"BNBUSDT","uncoveredUsd":53.248607999700006,"msg":"no s'ha trobat cap bot actiu — venent posició òrfena a mercat"}
{"level":50,"time":1774520522292,"pid":37560,"hostname":"DESKTOP-KPAMGTB","module":"auto-trader","symbol":"BNBUSDT","err":"Binance /order 400: {\"code\":-1013,\"msg\":\"Filter failure: LOT_SIZE\"}","msg":"error en venda òrfena a mercat"}
{"level":30,"time":1774520525934,"pid":37560,"hostname":"DESKTOP-KPAMGTB","module":"auto-trader","symbol":"SHIBUSDT","msg":"aplicant correcció OCO a posició òrfena…"}
{"level":40,"time":1774520525937,"pid":37560,"hostname":"DESKTOP-KPAMGTB","module":"auto-trader","symbol":"SHIBUSDT","uncoveredUsd":18.3450231615,"msg":"no s'ha trobat cap bot actiu — venent posició òrfena a mercat"}
{"level":50,"time":1774520526191,"pid":37560,"hostname":"DESKTOP-KPAMGTB","module":"auto-trader","symbol":"SHIBUSDT","err":"Binance /order 400: {\"code\":-1111,\"msg\":\"Parameter 'quantity' has too much precision.\"}","msg":"error en venda òrfena a mercat"}
{"level":40,"time":1774520582031,"pid":37560,"hostname":"DESKTOP-KPAMGTB","module":"auto-trader","symbol":"BNBUSDT","uncoveredUsd":53.24100937800001,"uncovered":0.08442913,"msg":"posició parcialment sense SL — esperant 5 min per corregir"}
{"level":40,"time":1774520585691,"pid":37560,"hostname":"DESKTOP-KPAMGTB","module":"auto-trader","symbol":"SHIBUSDT","uncoveredUsd":18.3450231615,"uncovered":3083197.17,"msg":"posició parcialment sense SL — esperant 5 min per corregir"}
{"level":30,"time":1774520701505,"pid":37560,"hostname":"DESKTOP-KPAMGTB","module":"auto-trader","symbol":"LTCUSDT","msg":"aplicant correcció OCO a posició òrfena…"}
{"level":40,"time":1774520701507,"pid":37560,"hostname":"DESKTOP-KPAMGTB","module":"auto-trader","symbol":"LTCUSDT","uncoveredUsd":25.83008131,"msg":"no s'ha trobat cap bot actiu — venent posició òrfena a mercat"}
{"level":50,"time":1774520701733,"pid":37560,"hostname":"DESKTOP-KPAMGTB","module":"auto-trader","symbol":"LTCUSDT","err":"Binance /order 400: {\"code\":-1013,\"msg\":\"Filter failure: LOT_SIZE\"}","msg":"error en venda òrfena a mercat"}
{"level":30,"time":1774520701963,"pid":37560,"hostname":"DESKTOP-KPAMGTB","module":"auto-trader","symbol":"ETHUSDT","msg":"aplicant correcció OCO a posició òrfena…"}
{"level":40,"time":1774520701968,"pid":37560,"hostname":"DESKTOP-KPAMGTB","module":"auto-trader","symbol":"ETHUSDT","uncoveredUsd":27.233619467999997,"msg":"no s'ha trobat cap bot actiu — venent posició òrfena a mercat"}
{"level":50,"time":1774520702226,"pid":37560,"hostname":"DESKTOP-KPAMGTB","module":"auto-trader","symbol":"ETHUSDT","err":"Binance /order 400: {\"code\":-1013,\"msg\":\"Filter failure: LOT_SIZE\"}","msg":"error en venda òrfena a mercat"}
{"level":40,"time":1774520761777,"pid":37560,"hostname":"DESKTOP-KPAMGTB","module":"auto-trader","symbol":"LTCUSDT","uncoveredUsd":25.83949289,"uncovered":0.470579,"msg":"posició parcialment sense SL — esperant 5 min per corregir"}
{"level":40,"time":1774520762029,"pid":37560,"hostname":"DESKTOP-KPAMGTB","module":"auto-trader","symbol":"ETHUSDT","uncoveredUsd":27.236497332,"uncovered":0.0130812,"msg":"posició parcialment sense SL — esperant 5 min per corregir"}
{"level":30,"time":1774520942392,"pid":37560,"hostname":"DESKTOP-KPAMGTB","module":"auto-trader","symbol":"BNBUSDT","msg":"aplicant correcció OCO a posició òrfena…"}
{"level":40,"time":1774520942395,"pid":37560,"hostname":"DESKTOP-KPAMGTB","module":"auto-trader","symbol":"BNBUSDT","uncoveredUsd":53.300109769,"msg":"no s'ha trobat cap bot actiu — venent posició òrfena a mercat"}
{"level":50,"time":1774520942869,"pid":37560,"hostname":"DESKTOP-KPAMGTB","module":"auto-trader","symbol":"BNBUSDT","err":"Binance /order 400: {\"code\":-1013,\"msg\":\"Filter failure: LOT_SIZE\"}","msg":"error en venda òrfena a mercat"}
{"level":30,"time":1774520946527,"pid":37560,"hostname":"DESKTOP-KPAMGTB","module":"auto-trader","symbol":"SHIBUSDT","msg":"aplicant correcció OCO a posició òrfena…"}
{"level":40,"time":1774520946529,"pid":37560,"hostname":"DESKTOP-KPAMGTB","module":"auto-trader","symbol":"SHIBUSDT","uncoveredUsd":18.375855133199998,"msg":"no s'ha trobat cap bot actiu — venent posició òrfena a mercat"}
{"level":50,"time":1774520946755,"pid":37560,"hostname":"DESKTOP-KPAMGTB","module":"auto-trader","symbol":"SHIBUSDT","err":"Binance /order 400: {\"code\":-1111,\"msg\":\"Parameter 'quantity' has too much precision.\"}","msg":"error en venda òrfena a mercat"}
{"level":40,"time":1774521002013,"pid":37560,"hostname":"DESKTOP-KPAMGTB","module":"auto-trader","symbol":"BNBUSDT","uncoveredUsd":53.316995595,"uncovered":0.08442913,"msg":"posició parcialment sense SL — esperant 5 min per corregir"}
{"level":40,"time":1774521005649,"pid":37560,"hostname":"DESKTOP-KPAMGTB","module":"auto-trader","symbol":"SHIBUSDT","uncoveredUsd":18.3141911898,"uncovered":3083197.17,"msg":"posició parcialment sense SL — esperant 5 min per corregir"}
{"level":30,"time":1774521121674,"pid":37560,"hostname":"DESKTOP-KPAMGTB","module":"auto-trader","symbol":"LTCUSDT","msg":"aplicant correcció OCO a posició òrfena…"}
{"level":40,"time":1774521121676,"pid":37560,"hostname":"DESKTOP-KPAMGTB","module":"auto-trader","symbol":"LTCUSDT","uncoveredUsd":25.82537552,"msg":"no s'ha trobat cap bot actiu — venent posició òrfena a mercat"}
{"level":50,"time":1774521121923,"pid":37560,"hostname":"DESKTOP-KPAMGTB","module":"auto-trader","symbol":"LTCUSDT","err":"Binance /order 400: {\"code\":-1013,\"msg\":\"Filter failure: LOT_SIZE\"}","msg":"error en venda òrfena a mercat"}
{"level":30,"time":1774521122148,"pid":37560,"hostname":"DESKTOP-KPAMGTB","module":"auto-trader","symbol":"ETHUSDT","msg":"aplicant correcció OCO a posició òrfena…"}
{"level":40,"time":1774521122151,"pid":37560,"hostname":"DESKTOP-KPAMGTB","module":"auto-trader","symbol":"ETHUSDT","uncoveredUsd":27.219491771999998,"msg":"no s'ha trobat cap bot actiu — venent posició òrfena a mercat"}
{"level":50,"time":1774521122405,"pid":37560,"hostname":"DESKTOP-KPAMGTB","module":"auto-trader","symbol":"ETHUSDT","err":"Binance /order 400: {\"code\":-1013,\"msg\":\"Filter failure: LOT_SIZE\"}","msg":"error en venda òrfena a mercat"}
{"level":40,"time":1774521181939,"pid":37560,"hostname":"DESKTOP-KPAMGTB","module":"auto-trader","symbol":"LTCUSDT","uncoveredUsd":25.82537552,"uncovered":0.470579,"msg":"posició parcialment sense SL — esperant 5 min per corregir"}
{"level":40,"time":1774521182186,"pid":37560,"hostname":"DESKTOP-KPAMGTB","module":"auto-trader","symbol":"ETHUSDT","uncoveredUsd":27.230610791999997,"uncovered":0.0130812,"msg":"posició parcialment sense SL — esperant 5 min per corregir"}
{"level":30,"time":1774521363307,"pid":37560,"hostname":"DESKTOP-KPAMGTB","module":"auto-trader","symbol":"BNBUSDT","msg":"aplicant correcció OCO a posició òrfena…"}
{"level":40,"time":1774521363313,"pid":37560,"hostname":"DESKTOP-KPAMGTB","module":"auto-trader","symbol":"BNBUSDT","uncoveredUsd":53.3077083907,"msg":"no s'ha trobat cap bot actiu — venent posició òrfena a mercat"}
{"level":50,"time":1774521363549,"pid":37560,"hostname":"DESKTOP-KPAMGTB","module":"auto-trader","symbol":"BNBUSDT","err":"Binance /order 400: {\"code\":-1013,\"msg\":\"Filter failure: LOT_SIZE\"}","msg":"error en venda òrfena a mercat"}
{"level":30,"time":1774521367148,"pid":37560,"hostname":"DESKTOP-KPAMGTB","module":"auto-trader","symbol":"SHIBUSDT","msg":"aplicant correcció OCO a posició òrfena…"}
{"level":40,"time":1774521367150,"pid":37560,"hostname":"DESKTOP-KPAMGTB","module":"auto-trader","symbol":"SHIBUSDT","uncoveredUsd":18.375855133199998,"msg":"no s'ha trobat cap bot actiu — venent posició òrfena a mercat"}
{"level":50,"time":1774521367376,"pid":37560,"hostname":"DESKTOP-KPAMGTB","module":"auto-trader","symbol":"SHIBUSDT","err":"Binance /order 400: {\"code\":-1111,\"msg\":\"Parameter 'quantity' has too much precision.\"}","msg":"error en venda òrfena a mercat"}
{"level":40,"time":1774521422060,"pid":37560,"hostname":"DESKTOP-KPAMGTB","module":"auto-trader","symbol":"BNBUSDT","uncoveredUsd":53.2975768951,"uncovered":0.08442913,"msg":"posició parcialment sense SL — esperant 5 min per corregir"}
{"level":40,"time":1774521425660,"pid":37560,"hostname":"DESKTOP-KPAMGTB","module":"auto-trader","symbol":"SHIBUSDT","uncoveredUsd":18.375855133199998,"uncovered":3083197.17,"msg":"posició parcialment sense SL — esperant 5 min per corregir"}
{"level":30,"time":1774521541875,"pid":37560,"hostname":"DESKTOP-KPAMGTB","module":"auto-trader","symbol":"LTCUSDT","msg":"aplicant correcció OCO a posició òrfena…"}
{"level":40,"time":1774521541879,"pid":37560,"hostname":"DESKTOP-KPAMGTB","module":"auto-trader","symbol":"LTCUSDT","uncoveredUsd":25.792434990000004,"msg":"no s'ha trobat cap bot actiu — venent posició òrfena a mercat"}
{"level":50,"time":1774521542112,"pid":37560,"hostname":"DESKTOP-KPAMGTB","module":"auto-trader","symbol":"LTCUSDT","err":"Binance /order 400: {\"code\":-1013,\"msg\":\"Filter failure: LOT_SIZE\"}","msg":"error en venda òrfena a mercat"}
{"level":30,"time":1774521542334,"pid":37560,"hostname":"DESKTOP-KPAMGTB","module":"auto-trader","symbol":"ETHUSDT","msg":"aplicant correcció OCO a posició òrfena…"}
{"level":40,"time":1774521542336,"pid":37560,"hostname":"DESKTOP-KPAMGTB","module":"auto-trader","symbol":"ETHUSDT","uncoveredUsd":27.183518472,"msg":"no s'ha trobat cap bot actiu — venent posició òrfena a mercat"}
{"level":50,"time":1774521542564,"pid":37560,"hostname":"DESKTOP-KPAMGTB","module":"auto-trader","symbol":"ETHUSDT","err":"Binance /order 400: {\"code\":-1013,\"msg\":\"Filter failure: LOT_SIZE\"}","msg":"error en venda òrfena a mercat"}
{"level":40,"time":1774521601624,"pid":37560,"hostname":"DESKTOP-KPAMGTB","module":"auto-trader","symbol":"LTCUSDT","uncoveredUsd":25.764200250000002,"uncovered":0.470579,"msg":"posició parcialment sense SL — esperant 5 min per corregir"}
{"level":40,"time":1774521601861,"pid":37560,"hostname":"DESKTOP-KPAMGTB","module":"auto-trader","symbol":"ETHUSDT","uncoveredUsd":27.152777652,"uncovered":0.0130812,"msg":"posició parcialment sense SL — esperant 5 min per corregir"}
{"level":30,"time":1774521782379,"pid":37560,"hostname":"DESKTOP-KPAMGTB","module":"auto-trader","symbol":"BNBUSDT","msg":"aplicant correcció OCO a posició òrfena…"}
{"level":40,"time":1774521782382,"pid":37560,"hostname":"DESKTOP-KPAMGTB","module":"auto-trader","symbol":"BNBUSDT","uncoveredUsd":53.25029658230001,"msg":"no s'ha trobat cap bot actiu — venent posició òrfena a mercat"}
{"level":50,"time":1774521782615,"pid":37560,"hostname":"DESKTOP-KPAMGTB","module":"auto-trader","symbol":"BNBUSDT","err":"Binance /order 400: {\"code\":-1013,\"msg\":\"Filter failure: LOT_SIZE\"}","msg":"error en venda òrfena a mercat"}
{"level":30,"time":1774521786414,"pid":37560,"hostname":"DESKTOP-KPAMGTB","module":"auto-trader","symbol":"SHIBUSDT","msg":"aplicant correcció OCO a posició òrfena…"}
{"level":40,"time":1774521786422,"pid":37560,"hostname":"DESKTOP-KPAMGTB","module":"auto-trader","symbol":"SHIBUSDT","uncoveredUsd":18.3141911898,"msg":"no s'ha trobat cap bot actiu — venent posició òrfena a mercat"}
{"level":50,"time":1774521786656,"pid":37560,"hostname":"DESKTOP-KPAMGTB","module":"auto-trader","symbol":"SHIBUSDT","err":"Binance /order 400: {\"code\":-1111,\"msg\":\"Parameter 'quantity' has too much precision.\"}","msg":"error en venda òrfena a mercat"}
{"level":40,"time":1774521842484,"pid":37560,"hostname":"DESKTOP-KPAMGTB","module":"auto-trader","symbol":"BNBUSDT","uncoveredUsd":53.2300335911,"uncovered":0.08442913,"msg":"posició parcialment sense SL — esperant 5 min per corregir"}
{"level":40,"time":1774521846109,"pid":37560,"hostname":"DESKTOP-KPAMGTB","module":"auto-trader","symbol":"SHIBUSDT","uncoveredUsd":18.3141911898,"uncovered":3083197.17,"msg":"posició parcialment sense SL — esperant 5 min per corregir"}
{"level":30,"time":1774521961682,"pid":37560,"hostname":"DESKTOP-KPAMGTB","module":"auto-trader","symbol":"LTCUSDT","msg":"aplicant correcció OCO a posició òrfena…"}
{"level":40,"time":1774521961687,"pid":37560,"hostname":"DESKTOP-KPAMGTB","module":"auto-trader","symbol":"LTCUSDT","uncoveredUsd":25.778317620000003,"msg":"no s'ha trobat cap bot actiu — venent posició òrfena a mercat"}
{"level":50,"time":1774521961922,"pid":37560,"hostname":"DESKTOP-KPAMGTB","module":"auto-trader","symbol":"LTCUSDT","err":"Binance /order 400: {\"code\":-1013,\"msg\":\"Filter failure: LOT_SIZE\"}","msg":"error en venda òrfena a mercat"}
{"level":30,"time":1774521962158,"pid":37560,"hostname":"DESKTOP-KPAMGTB","module":"auto-trader","symbol":"ETHUSDT","msg":"aplicant correcció OCO a posició òrfena…"}
{"level":40,"time":1774521962167,"pid":37560,"hostname":"DESKTOP-KPAMGTB","module":"auto-trader","symbol":"ETHUSDT","uncoveredUsd":27.18469578,"msg":"no s'ha trobat cap bot actiu — venent posició òrfena a mercat"}
{"level":50,"time":1774521962404,"pid":37560,"hostname":"DESKTOP-KPAMGTB","module":"auto-trader","symbol":"ETHUSDT","err":"Binance /order 400: {\"code\":-1013,\"msg\":\"Filter failure: LOT_SIZE\"}","msg":"error en venda òrfena a mercat"}
{"level":40,"time":1774522021816,"pid":37560,"hostname":"DESKTOP-KPAMGTB","module":"auto-trader","symbol":"LTCUSDT","uncoveredUsd":25.764200250000002,"uncovered":0.470579,"msg":"posició parcialment sense SL — esperant 5 min per corregir"}
{"level":40,"time":1774522022055,"pid":37560,"hostname":"DESKTOP-KPAMGTB","module":"auto-trader","symbol":"ETHUSDT","uncoveredUsd":27.16834428,"uncovered":0.0130812,"msg":"posició parcialment sense SL — esperant 5 min per corregir"}
{"level":30,"time":1774522202522,"pid":37560,"hostname":"DESKTOP-KPAMGTB","module":"auto-trader","symbol":"BNBUSDT","msg":"aplicant correcció OCO a posició òrfena…"}
{"level":40,"time":1774522202525,"pid":37560,"hostname":"DESKTOP-KPAMGTB","module":"auto-trader","symbol":"BNBUSDT","uncoveredUsd":53.27140386480001,"msg":"no s'ha trobat cap bot actiu — venent posició òrfena a mercat"}
{"level":50,"time":1774522202755,"pid":37560,"hostname":"DESKTOP-KPAMGTB","module":"auto-trader","symbol":"BNBUSDT","err":"Binance /order 400: {\"code\":-1013,\"msg\":\"Filter failure: LOT_SIZE\"}","msg":"error en venda òrfena a mercat"}
{"level":30,"time":1774522206468,"pid":37560,"hostname":"DESKTOP-KPAMGTB","module":"auto-trader","symbol":"SHIBUSDT","msg":"aplicant correcció OCO a posició òrfena…"}
{"level":40,"time":1774522206472,"pid":37560,"hostname":"DESKTOP-KPAMGTB","module":"auto-trader","symbol":"SHIBUSDT","uncoveredUsd":18.2833592181,"msg":"no s'ha trobat cap bot actiu — venent posició òrfena a mercat"}
{"level":50,"time":1774522206705,"pid":37560,"hostname":"DESKTOP-KPAMGTB","module":"auto-trader","symbol":"SHIBUSDT","err":"Binance /order 400: {\"code\":-1111,\"msg\":\"Parameter 'quantity' has too much precision.\"}","msg":"error en venda òrfena a mercat"}
{"level":40,"time":1774522262231,"pid":37560,"hostname":"DESKTOP-KPAMGTB","module":"auto-trader","symbol":"BNBUSDT","uncoveredUsd":53.28069106910001,"uncovered":0.08442913,"msg":"posició parcialment sense SL — esperant 5 min per corregir"}
{"level":40,"time":1774522265867,"pid":37560,"hostname":"DESKTOP-KPAMGTB","module":"auto-trader","symbol":"SHIBUSDT","uncoveredUsd":18.3141911898,"uncovered":3083197.17,"msg":"posició parcialment sense SL — esperant 5 min per corregir"}
{"level":30,"time":1774522381847,"pid":37560,"hostname":"DESKTOP-KPAMGTB","module":"auto-trader","symbol":"LTCUSDT","msg":"aplicant correcció OCO a posició òrfena…"}
{"level":40,"time":1774522381849,"pid":37560,"hostname":"DESKTOP-KPAMGTB","module":"auto-trader","symbol":"LTCUSDT","uncoveredUsd":25.76890604,"msg":"no s'ha trobat cap bot actiu — venent posició òrfena a mercat"}
{"level":50,"time":1774522382078,"pid":37560,"hostname":"DESKTOP-KPAMGTB","module":"auto-trader","symbol":"LTCUSDT","err":"Binance /order 400: {\"code\":-1013,\"msg\":\"Filter failure: LOT_SIZE\"}","msg":"error en venda òrfena a mercat"}
{"level":30,"time":1774522382327,"pid":37560,"hostname":"DESKTOP-KPAMGTB","module":"auto-trader","symbol":"ETHUSDT","msg":"aplicant correcció OCO a posició òrfena…"}
{"level":40,"time":1774522382330,"pid":37560,"hostname":"DESKTOP-KPAMGTB","module":"auto-trader","symbol":"ETHUSDT","uncoveredUsd":27.187312019999997,"msg":"no s'ha trobat cap bot actiu — venent posició òrfena a mercat"}
{"level":50,"time":1774522382583,"pid":37560,"hostname":"DESKTOP-KPAMGTB","module":"auto-trader","symbol":"ETHUSDT","err":"Binance /order 400: {\"code\":-1013,\"msg\":\"Filter failure: LOT_SIZE\"}","msg":"error en venda òrfena a mercat"}
{"level":40,"time":1774522441740,"pid":37560,"hostname":"DESKTOP-KPAMGTB","module":"auto-trader","symbol":"LTCUSDT","uncoveredUsd":25.759494460000003,"uncovered":0.470579,"msg":"posició parcialment sense SL — esperant 5 min per corregir"}
{"level":40,"time":1774522441972,"pid":37560,"hostname":"DESKTOP-KPAMGTB","module":"auto-trader","symbol":"ETHUSDT","uncoveredUsd":27.17684706,"uncovered":0.0130812,"msg":"posició parcialment sense SL — esperant 5 min per corregir"}
{"level":30,"time":1774522622570,"pid":37560,"hostname":"DESKTOP-KPAMGTB","module":"auto-trader","symbol":"BNBUSDT","msg":"aplicant correcció OCO a posició òrfena…"}
{"level":40,"time":1774522622572,"pid":37560,"hostname":"DESKTOP-KPAMGTB","module":"auto-trader","symbol":"BNBUSDT","uncoveredUsd":53.25114087360001,"msg":"no s'ha trobat cap bot actiu — venent posició òrfena a mercat"}
{"level":50,"time":1774522622813,"pid":37560,"hostname":"DESKTOP-KPAMGTB","module":"auto-trader","symbol":"BNBUSDT","err":"Binance /order 400: {\"code\":-1013,\"msg\":\"Filter failure: LOT_SIZE\"}","msg":"error en venda òrfena a mercat"}
{"level":30,"time":1774522627575,"pid":37560,"hostname":"DESKTOP-KPAMGTB","module":"auto-trader","symbol":"SHIBUSDT","msg":"aplicant correcció OCO a posició òrfena…"}
{"level":40,"time":1774522627577,"pid":37560,"hostname":"DESKTOP-KPAMGTB","module":"auto-trader","symbol":"SHIBUSDT","uncoveredUsd":18.3141911898,"msg":"no s'ha trobat cap bot actiu — venent posició òrfena a mercat"}
{"level":50,"time":1774522627800,"pid":37560,"hostname":"DESKTOP-KPAMGTB","module":"auto-trader","symbol":"SHIBUSDT","err":"Binance /order 400: {\"code\":-1111,\"msg\":\"Parameter 'quantity' has too much precision.\"}","msg":"error en venda òrfena a mercat"}
{"level":40,"time":1774522682720,"pid":37560,"hostname":"DESKTOP-KPAMGTB","module":"auto-trader","symbol":"BNBUSDT","uncoveredUsd":53.2435422519,"uncovered":0.08442913,"msg":"posició parcialment sense SL — esperant 5 min per corregir"}
{"level":40,"time":1774522687900,"pid":37560,"hostname":"DESKTOP-KPAMGTB","module":"auto-trader","symbol":"SHIBUSDT","uncoveredUsd":18.3141911898,"uncovered":3083197.17,"msg":"posició parcialment sense SL — esperant 5 min per corregir"}
{"level":30,"time":1774522773933,"pid":37560,"hostname":"DESKTOP-KPAMGTB","module":"binance","assets":23,"msg":"balance"}
{"level":30,"time":1774522801476,"pid":37560,"hostname":"DESKTOP-KPAMGTB","module":"telegram","msg":"informe horari enviat"}
{"level":30,"time":1774522802082,"pid":37560,"hostname":"DESKTOP-KPAMGTB","module":"auto-trader","symbol":"LTCUSDT","msg":"aplicant correcció OCO a posició òrfena…"}
{"level":40,"time":1774522802085,"pid":37560,"hostname":"DESKTOP-KPAMGTB","module":"auto-trader","symbol":"LTCUSDT","uncoveredUsd":25.764200250000002,"msg":"no s'ha trobat cap bot actiu — venent posició òrfena a mercat"}
{"level":50,"time":1774522802334,"pid":37560,"hostname":"DESKTOP-KPAMGTB","module":"auto-trader","symbol":"LTCUSDT","err":"Binance /order 400: {\"code\":-1013,\"msg\":\"Filter failure: LOT_SIZE\"}","msg":"error en venda òrfena a mercat"}
{"level":30,"time":1774522802573,"pid":37560,"hostname":"DESKTOP-KPAMGTB","module":"auto-trader","symbol":"ETHUSDT","msg":"aplicant correcció OCO a posició òrfena…"}
{"level":40,"time":1774522802575,"pid":37560,"hostname":"DESKTOP-KPAMGTB","module":"auto-trader","symbol":"ETHUSDT","uncoveredUsd":27.188881763999998,"msg":"no s'ha trobat cap bot actiu — venent posició òrfena a mercat"}
{"level":50,"time":1774522802803,"pid":37560,"hostname":"DESKTOP-KPAMGTB","module":"auto-trader","symbol":"ETHUSDT","err":"Binance /order 400: {\"code\":-1013,\"msg\":\"Filter failure: LOT_SIZE\"}","msg":"error en venda òrfena a mercat"}
{"level":40,"time":1774522861894,"pid":37560,"hostname":"DESKTOP-KPAMGTB","module":"auto-trader","symbol":"LTCUSDT","uncoveredUsd":25.764200250000002,"uncovered":0.470579,"msg":"posició parcialment sense SL — esperant 5 min per corregir"}
{"level":40,"time":1774522862667,"pid":37560,"hostname":"DESKTOP-KPAMGTB","module":"auto-trader","symbol":"ETHUSDT","uncoveredUsd":27.184041719999996,"uncovered":0.0130812,"msg":"posició parcialment sense SL — esperant 5 min per corregir"}
{"level":30,"time":1774523042807,"pid":37560,"hostname":"DESKTOP-KPAMGTB","module":"auto-trader","symbol":"BNBUSDT","msg":"aplicant correcció OCO a posició òrfena…"}
{"level":40,"time":1774523042809,"pid":37560,"hostname":"DESKTOP-KPAMGTB","module":"auto-trader","symbol":"BNBUSDT","uncoveredUsd":53.259583786600004,"msg":"no s'ha trobat cap bot actiu — venent posició òrfena a mercat"}
{"level":50,"time":1774523043052,"pid":37560,"hostname":"DESKTOP-KPAMGTB","module":"auto-trader","symbol":"BNBUSDT","err":"Binance /order 400: {\"code\":-1013,\"msg\":\"Filter failure: LOT_SIZE\"}","msg":"error en venda òrfena a mercat"}
{"level":30,"time":1774523046807,"pid":37560,"hostname":"DESKTOP-KPAMGTB","module":"auto-trader","symbol":"SHIBUSDT","msg":"aplicant correcció OCO a posició òrfena…"}
{"level":40,"time":1774523046811,"pid":37560,"hostname":"DESKTOP-KPAMGTB","module":"auto-trader","symbol":"SHIBUSDT","uncoveredUsd":18.2833592181,"msg":"no s'ha trobat cap bot actiu — venent posició òrfena a mercat"}
{"level":50,"time":1774523047067,"pid":37560,"hostname":"DESKTOP-KPAMGTB","module":"auto-trader","symbol":"SHIBUSDT","err":"Binance /order 400: {\"code\":-1111,\"msg\":\"Parameter 'quantity' has too much precision.\"}","msg":"error en venda òrfena a mercat"}
{"level":40,"time":1774523102911,"pid":37560,"hostname":"DESKTOP-KPAMGTB","module":"auto-trader","symbol":"BNBUSDT","uncoveredUsd":53.257895204,"uncovered":0.08442913,"msg":"posició parcialment sense SL — esperant 5 min per corregir"}
{"level":40,"time":1774523109084,"pid":37560,"hostname":"DESKTOP-KPAMGTB","module":"auto-trader","symbol":"SHIBUSDT","uncoveredUsd":18.2833592181,"uncovered":3083197.17,"msg":"posició parcialment sense SL — esperant 5 min per corregir"}
{"level":30,"time":1774523222250,"pid":37560,"hostname":"DESKTOP-KPAMGTB","module":"auto-trader","symbol":"LTCUSDT","msg":"aplicant correcció OCO a posició òrfena…"}
{"level":40,"time":1774523222254,"pid":37560,"hostname":"DESKTOP-KPAMGTB","module":"auto-trader","symbol":"LTCUSDT","uncoveredUsd":25.764200250000002,"msg":"no s'ha trobat cap bot actiu — venent posició òrfena a mercat"}
{"level":50,"time":1774523222529,"pid":37560,"hostname":"DESKTOP-KPAMGTB","module":"auto-trader","symbol":"LTCUSDT","err":"Binance /order 400: {\"code\":-1013,\"msg\":\"Filter failure: LOT_SIZE\"}","msg":"error en venda òrfena a mercat"}
{"level":30,"time":1774523222799,"pid":37560,"hostname":"DESKTOP-KPAMGTB","module":"auto-trader","symbol":"ETHUSDT","msg":"aplicant correcció OCO a posició òrfena…"}
{"level":40,"time":1774523222804,"pid":37560,"hostname":"DESKTOP-KPAMGTB","module":"auto-trader","symbol":"ETHUSDT","uncoveredUsd":27.187573643999997,"msg":"no s'ha trobat cap bot actiu — venent posició òrfena a mercat"}
{"level":50,"time":1774523223044,"pid":37560,"hostname":"DESKTOP-KPAMGTB","module":"auto-trader","symbol":"ETHUSDT","err":"Binance /order 400: {\"code\":-1013,\"msg\":\"Filter failure: LOT_SIZE\"}","msg":"error en venda òrfena a mercat"}
{"level":40,"time":1774523282877,"pid":37560,"hostname":"DESKTOP-KPAMGTB","module":"auto-trader","symbol":"LTCUSDT","uncoveredUsd":25.75008288,"uncovered":0.470579,"msg":"posició parcialment sense SL — esperant 5 min per corregir"}
{"level":40,"time":1774523283122,"pid":37560,"hostname":"DESKTOP-KPAMGTB","module":"auto-trader","symbol":"ETHUSDT","uncoveredUsd":27.13498722,"uncovered":0.0130812,"msg":"posició parcialment sense SL — esperant 5 min per corregir"}
{"level":30,"time":1774523463177,"pid":37560,"hostname":"DESKTOP-KPAMGTB","module":"auto-trader","symbol":"BNBUSDT","msg":"aplicant correcció OCO a posició òrfena…"}
{"level":40,"time":1774523463180,"pid":37560,"hostname":"DESKTOP-KPAMGTB","module":"auto-trader","symbol":"BNBUSDT","uncoveredUsd":53.19710623040001,"msg":"no s'ha trobat cap bot actiu — venent posició òrfena a mercat"}
{"level":50,"time":1774523463403,"pid":37560,"hostname":"DESKTOP-KPAMGTB","module":"auto-trader","symbol":"BNBUSDT","err":"Binance /order 400: {\"code\":-1013,\"msg\":\"Filter failure: LOT_SIZE\"}","msg":"error en venda òrfena a mercat"}
{"level":30,"time":1774523467127,"pid":37560,"hostname":"DESKTOP-KPAMGTB","module":"auto-trader","symbol":"SHIBUSDT","msg":"aplicant correcció OCO a posició òrfena…"}
{"level":40,"time":1774523467134,"pid":37560,"hostname":"DESKTOP-KPAMGTB","module":"auto-trader","symbol":"SHIBUSDT","uncoveredUsd":18.2833592181,"msg":"no s'ha trobat cap bot actiu — venent posició òrfena a mercat"}
{"level":50,"time":1774523467375,"pid":37560,"hostname":"DESKTOP-KPAMGTB","module":"auto-trader","symbol":"SHIBUSDT","err":"Binance /order 400: {\"code\":-1111,\"msg\":\"Parameter 'quantity' has too much precision.\"}","msg":"error en venda òrfena a mercat"}
{"level":40,"time":1774523522384,"pid":37560,"hostname":"DESKTOP-KPAMGTB","module":"auto-trader","symbol":"BNBUSDT","uncoveredUsd":53.1506702089,"uncovered":0.08442913,"msg":"posició parcialment sense SL — esperant 5 min per corregir"}
{"level":40,"time":1774523528103,"pid":37560,"hostname":"DESKTOP-KPAMGTB","module":"auto-trader","symbol":"SHIBUSDT","uncoveredUsd":18.2833592181,"uncovered":3083197.17,"msg":"posició parcialment sense SL — esperant 5 min per corregir"}
{"level":30,"time":1774523584051,"pid":37560,"hostname":"DESKTOP-KPAMGTB","module":"auto-trader","symbol":"LTCUSDT","msg":"aplicant correcció OCO a posició òrfena…"}
{"level":40,"time":1774523584056,"pid":37560,"hostname":"DESKTOP-KPAMGTB","module":"auto-trader","symbol":"LTCUSDT","uncoveredUsd":25.73125972,"msg":"no s'ha trobat cap bot actiu — venent posició òrfena a mercat"}
{"level":50,"time":1774523584586,"pid":37560,"hostname":"DESKTOP-KPAMGTB","module":"auto-trader","symbol":"LTCUSDT","err":"Binance /order 400: {\"code\":-1013,\"msg\":\"Filter failure: LOT_SIZE\"}","msg":"error en venda òrfena a mercat"}
{"level":30,"time":1774523584891,"pid":37560,"hostname":"DESKTOP-KPAMGTB","module":"auto-trader","symbol":"ETHUSDT","msg":"aplicant correcció OCO a posició òrfena…"}
{"level":40,"time":1774523584896,"pid":37560,"hostname":"DESKTOP-KPAMGTB","module":"auto-trader","symbol":"ETHUSDT","uncoveredUsd":27.075729384000002,"msg":"no s'ha trobat cap bot actiu — venent posició òrfena a mercat"}
{"level":50,"time":1774523585132,"pid":37560,"hostname":"DESKTOP-KPAMGTB","module":"auto-trader","symbol":"ETHUSDT","err":"Binance /order 400: {\"code\":-1013,\"msg\":\"Filter failure: LOT_SIZE\"}","msg":"error en venda òrfena a mercat"}
{"level":40,"time":1774523641951,"pid":37560,"hostname":"DESKTOP-KPAMGTB","module":"auto-trader","symbol":"LTCUSDT","uncoveredUsd":25.740671300000002,"uncovered":0.470579,"msg":"posició parcialment sense SL — esperant 5 min per corregir"}
{"level":40,"time":1774523642210,"pid":37560,"hostname":"DESKTOP-KPAMGTB","module":"auto-trader","symbol":"ETHUSDT","uncoveredUsd":27.094958748,"uncovered":0.0130812,"msg":"posició parcialment sense SL — esperant 5 min per corregir"}
{"level":30,"time":1774523882556,"pid":37560,"hostname":"DESKTOP-KPAMGTB","module":"auto-trader","symbol":"BNBUSDT","msg":"aplicant correcció OCO a posició òrfena…"}
{"level":40,"time":1774523882559,"pid":37560,"hostname":"DESKTOP-KPAMGTB","module":"auto-trader","symbol":"BNBUSDT","uncoveredUsd":53.15489166540001,"msg":"no s'ha trobat cap bot actiu — venent posició òrfena a mercat"}
{"level":50,"time":1774523882788,"pid":37560,"hostname":"DESKTOP-KPAMGTB","module":"auto-trader","symbol":"BNBUSDT","err":"Binance /order 400: {\"code\":-1013,\"msg\":\"Filter failure: LOT_SIZE\"}","msg":"error en venda òrfena a mercat"}
{"level":30,"time":1774523886655,"pid":37560,"hostname":"DESKTOP-KPAMGTB","module":"auto-trader","symbol":"SHIBUSDT","msg":"aplicant correcció OCO a posició òrfena…"}
{"level":40,"time":1774523886660,"pid":37560,"hostname":"DESKTOP-KPAMGTB","module":"auto-trader","symbol":"SHIBUSDT","uncoveredUsd":18.2833592181,"msg":"no s'ha trobat cap bot actiu — venent posició òrfena a mercat"}
{"level":50,"time":1774523886896,"pid":37560,"hostname":"DESKTOP-KPAMGTB","module":"auto-trader","symbol":"SHIBUSDT","err":"Binance /order 400: {\"code\":-1111,\"msg\":\"Parameter 'quantity' has too much precision.\"}","msg":"error en venda òrfena a mercat"}
{"level":30,"time":1774523942597,"pid":37560,"hostname":"DESKTOP-KPAMGTB","module":"auto-trader","symbol":"LTCUSDT","msg":"aplicant correcció OCO a posició òrfena…"}
{"level":40,"time":1774523942602,"pid":37560,"hostname":"DESKTOP-KPAMGTB","module":"auto-trader","symbol":"LTCUSDT","uncoveredUsd":25.72655393,"msg":"no s'ha trobat cap bot actiu — venent posició òrfena a mercat"}
{"level":50,"time":1774523942831,"pid":37560,"hostname":"DESKTOP-KPAMGTB","module":"auto-trader","symbol":"LTCUSDT","err":"Binance /order 400: {\"code\":-1013,\"msg\":\"Filter failure: LOT_SIZE\"}","msg":"error en venda òrfena a mercat"}
{"level":40,"time":1774523943283,"pid":37560,"hostname":"DESKTOP-KPAMGTB","module":"auto-trader","symbol":"BNBUSDT","uncoveredUsd":53.16417886970001,"uncovered":0.08442913,"msg":"posició parcialment sense SL — esperant 5 min per corregir"}
{"level":40,"time":1774523947903,"pid":37560,"hostname":"DESKTOP-KPAMGTB","module":"auto-trader","symbol":"SHIBUSDT","uncoveredUsd":18.2833592181,"uncovered":3083197.17,"msg":"posició parcialment sense SL — esperant 5 min per corregir"}
{"level":40,"time":1774524002213,"pid":37560,"hostname":"DESKTOP-KPAMGTB","module":"auto-trader","symbol":"LTCUSDT","uncoveredUsd":25.73125972,"uncovered":0.470579,"msg":"posició parcialment sense SL — esperant 5 min per corregir"}
{"level":30,"time":1774524002439,"pid":37560,"hostname":"DESKTOP-KPAMGTB","module":"auto-trader","symbol":"ETHUSDT","msg":"aplicant correcció OCO a posició òrfena…"}
{"level":40,"time":1774524002442,"pid":37560,"hostname":"DESKTOP-KPAMGTB","module":"auto-trader","symbol":"ETHUSDT","uncoveredUsd":27.113664863999997,"msg":"no s'ha trobat cap bot actiu — venent posició òrfena a mercat"}
{"level":50,"time":1774524002666,"pid":37560,"hostname":"DESKTOP-KPAMGTB","module":"auto-trader","symbol":"ETHUSDT","err":"Binance /order 400: {\"code\":-1013,\"msg\":\"Filter failure: LOT_SIZE\"}","msg":"error en venda òrfena a mercat"}
{"level":40,"time":1774524062751,"pid":37560,"hostname":"DESKTOP-KPAMGTB","module":"auto-trader","symbol":"ETHUSDT","uncoveredUsd":27.085147848,"uncovered":0.0130812,"msg":"posició parcialment sense SL — esperant 5 min per corregir"}
{"level":30,"time":1774524302515,"pid":37560,"hostname":"DESKTOP-KPAMGTB","module":"auto-trader","symbol":"BNBUSDT","msg":"aplicant correcció OCO a posició òrfena…"}
{"level":40,"time":1774524302518,"pid":37560,"hostname":"DESKTOP-KPAMGTB","module":"auto-trader","symbol":"BNBUSDT","uncoveredUsd":53.0898812353,"msg":"no s'ha trobat cap bot actiu — venent posició òrfena a mercat"}
{"level":50,"time":1774524302776,"pid":37560,"hostname":"DESKTOP-KPAMGTB","module":"auto-trader","symbol":"BNBUSDT","err":"Binance /order 400: {\"code\":-1013,\"msg\":\"Filter failure: LOT_SIZE\"}","msg":"error en venda òrfena a mercat"}
{"level":30,"time":1774524306571,"pid":37560,"hostname":"DESKTOP-KPAMGTB","module":"auto-trader","symbol":"SHIBUSDT","msg":"aplicant correcció OCO a posició òrfena…"}
{"level":40,"time":1774524306573,"pid":37560,"hostname":"DESKTOP-KPAMGTB","module":"auto-trader","symbol":"SHIBUSDT","uncoveredUsd":18.2216952747,"msg":"no s'ha trobat cap bot actiu — venent posició òrfena a mercat"}
{"level":50,"time":1774524306829,"pid":37560,"hostname":"DESKTOP-KPAMGTB","module":"auto-trader","symbol":"SHIBUSDT","err":"Binance /order 400: {\"code\":-1111,\"msg\":\"Parameter 'quantity' has too much precision.\"}","msg":"error en venda òrfena a mercat"}
{"level":30,"time":1774524362387,"pid":37560,"hostname":"DESKTOP-KPAMGTB","module":"auto-trader","symbol":"LTCUSDT","msg":"aplicant correcció OCO a posició òrfena…"}
{"level":40,"time":1774524362388,"pid":37560,"hostname":"DESKTOP-KPAMGTB","module":"auto-trader","symbol":"LTCUSDT","uncoveredUsd":25.679496030000003,"msg":"no s'ha trobat cap bot actiu — venent posició òrfena a mercat"}
{"level":50,"time":1774524362618,"pid":37560,"hostname":"DESKTOP-KPAMGTB","module":"auto-trader","symbol":"LTCUSDT","err":"Binance /order 400: {\"code\":-1013,\"msg\":\"Filter failure: LOT_SIZE\"}","msg":"error en venda òrfena a mercat"}
{"level":40,"time":1774524363070,"pid":37560,"hostname":"DESKTOP-KPAMGTB","module":"auto-trader","symbol":"BNBUSDT","uncoveredUsd":53.083126904900006,"uncovered":0.08442913,"msg":"posició parcialment sense SL — esperant 5 min per corregir"}
{"level":40,"time":1774524366661,"pid":37560,"hostname":"DESKTOP-KPAMGTB","module":"auto-trader","symbol":"SHIBUSDT","uncoveredUsd":18.2216952747,"uncovered":3083197.17,"msg":"posició parcialment sense SL — esperant 5 min per corregir"}
{"level":40,"time":1774524422035,"pid":37560,"hostname":"DESKTOP-KPAMGTB","module":"auto-trader","symbol":"LTCUSDT","uncoveredUsd":25.67008445,"uncovered":0.470579,"msg":"posició parcialment sense SL — esperant 5 min per corregir"}
{"level":30,"time":1774524422271,"pid":37560,"hostname":"DESKTOP-KPAMGTB","module":"auto-trader","symbol":"ETHUSDT","msg":"aplicant correcció OCO a posició òrfena…"}
{"level":40,"time":1774524422272,"pid":37560,"hostname":"DESKTOP-KPAMGTB","module":"auto-trader","symbol":"ETHUSDT","uncoveredUsd":27.022619712,"msg":"no s'ha trobat cap bot actiu — venent posició òrfena a mercat"}
{"level":50,"time":1774524422501,"pid":37560,"hostname":"DESKTOP-KPAMGTB","module":"auto-trader","symbol":"ETHUSDT","err":"Binance /order 400: {\"code\":-1013,\"msg\":\"Filter failure: LOT_SIZE\"}","msg":"error en venda òrfena a mercat"}
{"level":40,"time":1774524482624,"pid":37560,"hostname":"DESKTOP-KPAMGTB","module":"auto-trader","symbol":"ETHUSDT","uncoveredUsd":27.042895572,"uncovered":0.0130812,"msg":"posició parcialment sense SL — esperant 5 min per corregir"}
{"level":30,"time":1774524722615,"pid":37560,"hostname":"DESKTOP-KPAMGTB","module":"auto-trader","symbol":"BNBUSDT","msg":"aplicant correcció OCO a posició òrfena…"}
{"level":40,"time":1774524722618,"pid":37560,"hostname":"DESKTOP-KPAMGTB","module":"auto-trader","symbol":"BNBUSDT","uncoveredUsd":53.12534146990001,"msg":"no s'ha trobat cap bot actiu — venent posició òrfena a mercat"}
{"level":50,"time":1774524722854,"pid":37560,"hostname":"DESKTOP-KPAMGTB","module":"auto-trader","symbol":"BNBUSDT","err":"Binance /order 400: {\"code\":-1013,\"msg\":\"Filter failure: LOT_SIZE\"}","msg":"error en venda òrfena a mercat"}
{"level":30,"time":1774524726953,"pid":37560,"hostname":"DESKTOP-KPAMGTB","module":"auto-trader","symbol":"SHIBUSDT","msg":"aplicant correcció OCO a posició òrfena…"}
{"level":40,"time":1774524726958,"pid":37560,"hostname":"DESKTOP-KPAMGTB","module":"auto-trader","symbol":"SHIBUSDT","uncoveredUsd":18.2525272464,"msg":"no s'ha trobat cap bot actiu — venent posició òrfena a mercat"}
{"level":50,"time":1774524727194,"pid":37560,"hostname":"DESKTOP-KPAMGTB","module":"auto-trader","symbol":"SHIBUSDT","err":"Binance /order 400: {\"code\":-1111,\"msg\":\"Parameter 'quantity' has too much precision.\"}","msg":"error en venda òrfena a mercat"}
{"level":30,"time":1774524782449,"pid":37560,"hostname":"DESKTOP-KPAMGTB","module":"auto-trader","symbol":"LTCUSDT","msg":"aplicant correcció OCO a posició òrfena…"}
{"level":40,"time":1774524782454,"pid":37560,"hostname":"DESKTOP-KPAMGTB","module":"auto-trader","symbol":"LTCUSDT","uncoveredUsd":25.67008445,"msg":"no s'ha trobat cap bot actiu — venent posició òrfena a mercat"}
{"level":50,"time":1774524782707,"pid":37560,"hostname":"DESKTOP-KPAMGTB","module":"auto-trader","symbol":"LTCUSDT","err":"Binance /order 400: {\"code\":-1013,\"msg\":\"Filter failure: LOT_SIZE\"}","msg":"error en venda òrfena a mercat"}
{"level":40,"time":1774524783202,"pid":37560,"hostname":"DESKTOP-KPAMGTB","module":"auto-trader","symbol":"BNBUSDT","uncoveredUsd":53.106767061300005,"uncovered":0.08442913,"msg":"posició parcialment sense SL — esperant 5 min per corregir"}
{"level":40,"time":1774524787088,"pid":37560,"hostname":"DESKTOP-KPAMGTB","module":"auto-trader","symbol":"SHIBUSDT","uncoveredUsd":18.2216952747,"uncovered":3083197.17,"msg":"posició parcialment sense SL — esperant 5 min per corregir"}
{"level":40,"time":1774524842337,"pid":37560,"hostname":"DESKTOP-KPAMGTB","module":"auto-trader","symbol":"LTCUSDT","uncoveredUsd":25.665378660000002,"uncovered":0.470579,"msg":"posició parcialment sense SL — esperant 5 min per corregir"}
{"level":30,"time":1774524842564,"pid":37560,"hostname":"DESKTOP-KPAMGTB","module":"auto-trader","symbol":"ETHUSDT","msg":"aplicant correcció OCO a posició òrfena…"}
{"level":40,"time":1774524842565,"pid":37560,"hostname":"DESKTOP-KPAMGTB","module":"auto-trader","symbol":"ETHUSDT","uncoveredUsd":27.066180108,"msg":"no s'ha trobat cap bot actiu — venent posició òrfena a mercat"}
{"level":50,"time":1774524842788,"pid":37560,"hostname":"DESKTOP-KPAMGTB","module":"auto-trader","symbol":"ETHUSDT","err":"Binance /order 400: {\"code\":-1013,\"msg\":\"Filter failure: LOT_SIZE\"}","msg":"error en venda òrfena a mercat"}
{"level":40,"time":1774524902427,"pid":37560,"hostname":"DESKTOP-KPAMGTB","module":"auto-trader","symbol":"ETHUSDT","uncoveredUsd":27.081354299999997,"uncovered":0.0130812,"msg":"posició parcialment sense SL — esperant 5 min per corregir"}
{"level":30,"time":1774525142655,"pid":37560,"hostname":"DESKTOP-KPAMGTB","module":"auto-trader","symbol":"BNBUSDT","msg":"aplicant correcció OCO a posició òrfena…"}
{"level":40,"time":1774525142658,"pid":37560,"hostname":"DESKTOP-KPAMGTB","module":"auto-trader","symbol":"BNBUSDT","uncoveredUsd":53.156580248000004,"msg":"no s'ha trobat cap bot actiu — venent posició òrfena a mercat"}
{"level":50,"time":1774525142885,"pid":37560,"hostname":"DESKTOP-KPAMGTB","module":"auto-trader","symbol":"BNBUSDT","err":"Binance /order 400: {\"code\":-1013,\"msg\":\"Filter failure: LOT_SIZE\"}","msg":"error en venda òrfena a mercat"}
{"level":30,"time":1774525146562,"pid":37560,"hostname":"DESKTOP-KPAMGTB","module":"auto-trader","symbol":"SHIBUSDT","msg":"aplicant correcció OCO a posició òrfena…"}
{"level":40,"time":1774525146564,"pid":37560,"hostname":"DESKTOP-KPAMGTB","module":"auto-trader","symbol":"SHIBUSDT","uncoveredUsd":18.190863303,"msg":"no s'ha trobat cap bot actiu — venent posició òrfena a mercat"}
{"level":50,"time":1774525146790,"pid":37560,"hostname":"DESKTOP-KPAMGTB","module":"auto-trader","symbol":"SHIBUSDT","err":"Binance /order 400: {\"code\":-1111,\"msg\":\"Parameter 'quantity' has too much precision.\"}","msg":"error en venda òrfena a mercat"}
{"level":30,"time":1774525202452,"pid":37560,"hostname":"DESKTOP-KPAMGTB","module":"auto-trader","symbol":"LTCUSDT","msg":"aplicant correcció OCO a posició òrfena…"}
{"level":40,"time":1774525202457,"pid":37560,"hostname":"DESKTOP-KPAMGTB","module":"auto-trader","symbol":"LTCUSDT","uncoveredUsd":25.69831919,"msg":"no s'ha trobat cap bot actiu — venent posició òrfena a mercat"}
{"level":50,"time":1774525202689,"pid":37560,"hostname":"DESKTOP-KPAMGTB","module":"auto-trader","symbol":"LTCUSDT","err":"Binance /order 400: {\"code\":-1013,\"msg\":\"Filter failure: LOT_SIZE\"}","msg":"error en venda òrfena a mercat"}
{"level":40,"time":1774525203179,"pid":37560,"hostname":"DESKTOP-KPAMGTB","module":"auto-trader","symbol":"BNBUSDT","uncoveredUsd":53.16502316100001,"uncovered":0.08442913,"msg":"posició parcialment sense SL — esperant 5 min per corregir"}
{"level":40,"time":1774525207071,"pid":37560,"hostname":"DESKTOP-KPAMGTB","module":"auto-trader","symbol":"SHIBUSDT","uncoveredUsd":18.190863303,"uncovered":3083197.17,"msg":"posició parcialment sense SL — esperant 5 min per corregir"}
{"level":40,"time":1774525262307,"pid":37560,"hostname":"DESKTOP-KPAMGTB","module":"auto-trader","symbol":"LTCUSDT","uncoveredUsd":25.70773077,"uncovered":0.470579,"msg":"posició parcialment sense SL — esperant 5 min per corregir"}
{"level":30,"time":1774525262591,"pid":37560,"hostname":"DESKTOP-KPAMGTB","module":"auto-trader","symbol":"ETHUSDT","msg":"aplicant correcció OCO a posició òrfena…"}
{"level":40,"time":1774525262593,"pid":37560,"hostname":"DESKTOP-KPAMGTB","module":"auto-trader","symbol":"ETHUSDT","uncoveredUsd":27.122821704,"msg":"no s'ha trobat cap bot actiu — venent posició òrfena a mercat"}
{"level":50,"time":1774525262846,"pid":37560,"hostname":"DESKTOP-KPAMGTB","module":"auto-trader","symbol":"ETHUSDT","err":"Binance /order 400: {\"code\":-1013,\"msg\":\"Filter failure: LOT_SIZE\"}","msg":"error en venda òrfena a mercat"}
{"level":40,"time":1774525323087,"pid":37560,"hostname":"DESKTOP-KPAMGTB","module":"auto-trader","symbol":"ETHUSDT","uncoveredUsd":27.123344952,"uncovered":0.0130812,"msg":"posició parcialment sense SL — esperant 5 min per corregir"}
{"level":30,"time":1774525562730,"pid":37560,"hostname":"DESKTOP-KPAMGTB","module":"auto-trader","symbol":"BNBUSDT","msg":"aplicant correcció OCO a posició òrfena…"}
{"level":40,"time":1774525562738,"pid":37560,"hostname":"DESKTOP-KPAMGTB","module":"auto-trader","symbol":"BNBUSDT","uncoveredUsd":53.159113121900006,"msg":"no s'ha trobat cap bot actiu — venent posició òrfena a mercat"}
{"level":50,"time":1774525562973,"pid":37560,"hostname":"DESKTOP-KPAMGTB","module":"auto-trader","symbol":"BNBUSDT","err":"Binance /order 400: {\"code\":-1013,\"msg\":\"Filter failure: LOT_SIZE\"}","msg":"error en venda òrfena a mercat"}
{"level":30,"time":1774525566917,"pid":37560,"hostname":"DESKTOP-KPAMGTB","module":"auto-trader","symbol":"SHIBUSDT","msg":"aplicant correcció OCO a posició òrfena…"}
{"level":40,"time":1774525566923,"pid":37560,"hostname":"DESKTOP-KPAMGTB","module":"auto-trader","symbol":"SHIBUSDT","uncoveredUsd":18.2216952747,"msg":"no s'ha trobat cap bot actiu — venent posició òrfena a mercat"}
{"level":50,"time":1774525567155,"pid":37560,"hostname":"DESKTOP-KPAMGTB","module":"auto-trader","symbol":"SHIBUSDT","err":"Binance /order 400: {\"code\":-1111,\"msg\":\"Parameter 'quantity' has too much precision.\"}","msg":"error en venda òrfena a mercat"}
{"level":30,"time":1774525622738,"pid":37560,"hostname":"DESKTOP-KPAMGTB","module":"auto-trader","symbol":"LTCUSDT","msg":"aplicant correcció OCO a posició òrfena…"}
{"level":40,"time":1774525622740,"pid":37560,"hostname":"DESKTOP-KPAMGTB","module":"auto-trader","symbol":"LTCUSDT","uncoveredUsd":25.70302498,"msg":"no s'ha trobat cap bot actiu — venent posició òrfena a mercat"}
{"level":50,"time":1774525622966,"pid":37560,"hostname":"DESKTOP-KPAMGTB","module":"auto-trader","symbol":"LTCUSDT","err":"Binance /order 400: {\"code\":-1013,\"msg\":\"Filter failure: LOT_SIZE\"}","msg":"error en venda òrfena a mercat"}
{"level":40,"time":1774525623420,"pid":37560,"hostname":"DESKTOP-KPAMGTB","module":"auto-trader","symbol":"BNBUSDT","uncoveredUsd":53.169244617500006,"uncovered":0.08442913,"msg":"posició parcialment sense SL — esperant 5 min per corregir"}
{"level":40,"time":1774525627034,"pid":37560,"hostname":"DESKTOP-KPAMGTB","module":"auto-trader","symbol":"SHIBUSDT","uncoveredUsd":18.190863303,"uncovered":3083197.17,"msg":"posició parcialment sense SL — esperant 5 min per corregir"}
{"level":40,"time":1774525682463,"pid":37560,"hostname":"DESKTOP-KPAMGTB","module":"auto-trader","symbol":"LTCUSDT","uncoveredUsd":25.70773077,"uncovered":0.470579,"msg":"posició parcialment sense SL — esperant 5 min per corregir"}
{"level":30,"time":1774525682694,"pid":37560,"hostname":"DESKTOP-KPAMGTB","module":"auto-trader","symbol":"ETHUSDT","msg":"aplicant correcció OCO a posició òrfena…"}
{"level":40,"time":1774525682698,"pid":37560,"hostname":"DESKTOP-KPAMGTB","module":"auto-trader","symbol":"ETHUSDT","uncoveredUsd":27.104377212000003,"msg":"no s'ha trobat cap bot actiu — venent posició òrfena a mercat"}
{"level":50,"time":1774525682932,"pid":37560,"hostname":"DESKTOP-KPAMGTB","module":"auto-trader","symbol":"ETHUSDT","err":"Binance /order 400: {\"code\":-1013,\"msg\":\"Filter failure: LOT_SIZE\"}","msg":"error en venda òrfena a mercat"}
{"level":40,"time":1774525742483,"pid":37560,"hostname":"DESKTOP-KPAMGTB","module":"auto-trader","symbol":"ETHUSDT","uncoveredUsd":27.096659304,"uncovered":0.0130812,"msg":"posició parcialment sense SL — esperant 5 min per corregir"}
{"level":30,"time":1774525983063,"pid":37560,"hostname":"DESKTOP-KPAMGTB","module":"auto-trader","symbol":"BNBUSDT","msg":"aplicant correcció OCO a posició òrfena…"}
{"level":40,"time":1774525983066,"pid":37560,"hostname":"DESKTOP-KPAMGTB","module":"auto-trader","symbol":"BNBUSDT","uncoveredUsd":53.1717774914,"msg":"no s'ha trobat cap bot actiu — venent posició òrfena a mercat"}
{"level":50,"time":1774525983339,"pid":37560,"hostname":"DESKTOP-KPAMGTB","module":"auto-trader","symbol":"BNBUSDT","err":"Binance /order 400: {\"code\":-1013,\"msg\":\"Filter failure: LOT_SIZE\"}","msg":"error en venda òrfena a mercat"}
{"level":30,"time":1774525987211,"pid":37560,"hostname":"DESKTOP-KPAMGTB","module":"auto-trader","symbol":"SHIBUSDT","msg":"aplicant correcció OCO a posició òrfena…"}
{"level":40,"time":1774525987215,"pid":37560,"hostname":"DESKTOP-KPAMGTB","module":"auto-trader","symbol":"SHIBUSDT","uncoveredUsd":18.190863303,"msg":"no s'ha trobat cap bot actiu — venent posició òrfena a mercat"}
{"level":50,"time":1774525987444,"pid":37560,"hostname":"DESKTOP-KPAMGTB","module":"auto-trader","symbol":"SHIBUSDT","err":"Binance /order 400: {\"code\":-1111,\"msg\":\"Parameter 'quantity' has too much precision.\"}","msg":"error en venda òrfena a mercat"}
{"level":30,"time":1774526042472,"pid":37560,"hostname":"DESKTOP-KPAMGTB","module":"auto-trader","symbol":"LTCUSDT","msg":"aplicant correcció OCO a posició òrfena…"}
{"level":40,"time":1774526042475,"pid":37560,"hostname":"DESKTOP-KPAMGTB","module":"auto-trader","symbol":"LTCUSDT","uncoveredUsd":25.71243656,"msg":"no s'ha trobat cap bot actiu — venent posició òrfena a mercat"}
{"level":50,"time":1774526042705,"pid":37560,"hostname":"DESKTOP-KPAMGTB","module":"auto-trader","symbol":"LTCUSDT","err":"Binance /order 400: {\"code\":-1013,\"msg\":\"Filter failure: LOT_SIZE\"}","msg":"error en venda òrfena a mercat"}
{"level":40,"time":1774526043176,"pid":37560,"hostname":"DESKTOP-KPAMGTB","module":"auto-trader","symbol":"BNBUSDT","uncoveredUsd":53.1802204044,"uncovered":0.08442913,"msg":"posició parcialment sense SL — esperant 5 min per corregir"}
{"level":40,"time":1774526046804,"pid":37560,"hostname":"DESKTOP-KPAMGTB","module":"auto-trader","symbol":"SHIBUSDT","uncoveredUsd":18.190863303,"uncovered":3083197.17,"msg":"posició parcialment sense SL — esperant 5 min per corregir"}
{"level":40,"time":1774526110509,"pid":37560,"hostname":"DESKTOP-KPAMGTB","module":"auto-trader","symbol":"LTCUSDT","uncoveredUsd":25.70773077,"uncovered":0.470579,"msg":"posició parcialment sense SL — esperant 5 min per corregir"}
{"level":30,"time":1774526110754,"pid":37560,"hostname":"DESKTOP-KPAMGTB","module":"auto-trader","symbol":"ETHUSDT","msg":"aplicant correcció OCO a posició òrfena…"}
{"level":40,"time":1774526110756,"pid":37560,"hostname":"DESKTOP-KPAMGTB","module":"auto-trader","symbol":"ETHUSDT","uncoveredUsd":27.091688448,"msg":"no s'ha trobat cap bot actiu — venent posició òrfena a mercat"}
{"level":50,"time":1774526111012,"pid":37560,"hostname":"DESKTOP-KPAMGTB","module":"auto-trader","symbol":"ETHUSDT","err":"Binance /order 400: {\"code\":-1013,\"msg\":\"Filter failure: LOT_SIZE\"}","msg":"error en venda òrfena a mercat"}
{"level":40,"time":1774526162578,"pid":37560,"hostname":"DESKTOP-KPAMGTB","module":"auto-trader","symbol":"ETHUSDT","uncoveredUsd":27.087110027999998,"uncovered":0.0130812,"msg":"posició parcialment sense SL — esperant 5 min per corregir"}
{"level":30,"time":1774526373964,"pid":37560,"hostname":"DESKTOP-KPAMGTB","module":"binance","assets":23,"msg":"balance"}
{"level":30,"time":1774526401472,"pid":37560,"hostname":"DESKTOP-KPAMGTB","module":"telegram","msg":"informe horari enviat"}
{"level":30,"time":1774526402326,"pid":37560,"hostname":"DESKTOP-KPAMGTB","module":"auto-trader","symbol":"BNBUSDT","msg":"aplicant correcció OCO a posició òrfena…"}
{"level":40,"time":1774526402328,"pid":37560,"hostname":"DESKTOP-KPAMGTB","module":"auto-trader","symbol":"BNBUSDT","uncoveredUsd":53.1202757221,"msg":"no s'ha trobat cap bot actiu — venent posició òrfena a mercat"}
{"level":50,"time":1774526402553,"pid":37560,"hostname":"DESKTOP-KPAMGTB","module":"auto-trader","symbol":"BNBUSDT","err":"Binance /order 400: {\"code\":-1013,\"msg\":\"Filter failure: LOT_SIZE\"}","msg":"error en venda òrfena a mercat"}
{"level":30,"time":1774526406728,"pid":37560,"hostname":"DESKTOP-KPAMGTB","module":"auto-trader","symbol":"SHIBUSDT","msg":"aplicant correcció OCO a posició òrfena…"}
{"level":40,"time":1774526406730,"pid":37560,"hostname":"DESKTOP-KPAMGTB","module":"auto-trader","symbol":"SHIBUSDT","uncoveredUsd":18.190863303,"msg":"no s'ha trobat cap bot actiu — venent posició òrfena a mercat"}
{"level":50,"time":1774526406958,"pid":37560,"hostname":"DESKTOP-KPAMGTB","module":"auto-trader","symbol":"SHIBUSDT","err":"Binance /order 400: {\"code\":-1111,\"msg\":\"Parameter 'quantity' has too much precision.\"}","msg":"error en venda òrfena a mercat"}
{"level":30,"time":1774526462598,"pid":37560,"hostname":"DESKTOP-KPAMGTB","module":"auto-trader","symbol":"LTCUSDT","msg":"aplicant correcció OCO a posició òrfena…"}
{"level":40,"time":1774526462602,"pid":37560,"hostname":"DESKTOP-KPAMGTB","module":"auto-trader","symbol":"LTCUSDT","uncoveredUsd":25.674790240000004,"msg":"no s'ha trobat cap bot actiu — venent posició òrfena a mercat"}
{"level":50,"time":1774526462833,"pid":37560,"hostname":"DESKTOP-KPAMGTB","module":"auto-trader","symbol":"LTCUSDT","err":"Binance /order 400: {\"code\":-1013,\"msg\":\"Filter failure: LOT_SIZE\"}","msg":"error en venda òrfena a mercat"}
{"level":40,"time":1774526463335,"pid":37560,"hostname":"DESKTOP-KPAMGTB","module":"auto-trader","symbol":"BNBUSDT","uncoveredUsd":53.0789054484,"uncovered":0.08442913,"msg":"posició parcialment sense SL — esperant 5 min per corregir"}
{"level":40,"time":1774526467629,"pid":37560,"hostname":"DESKTOP-KPAMGTB","module":"auto-trader","symbol":"SHIBUSDT","uncoveredUsd":18.129199359599998,"uncovered":3083197.17,"msg":"posició parcialment sense SL — esperant 5 min per corregir"}
{"level":40,"time":1774526522378,"pid":37560,"hostname":"DESKTOP-KPAMGTB","module":"auto-trader","symbol":"LTCUSDT","uncoveredUsd":25.665378660000002,"uncovered":0.470579,"msg":"posició parcialment sense SL — esperant 5 min per corregir"}
{"level":30,"time":1774526522612,"pid":37560,"hostname":"DESKTOP-KPAMGTB","module":"auto-trader","symbol":"ETHUSDT","msg":"aplicant correcció OCO a posició òrfena…"}
{"level":40,"time":1774526522617,"pid":37560,"hostname":"DESKTOP-KPAMGTB","module":"auto-trader","symbol":"ETHUSDT","uncoveredUsd":27.067619039999997,"msg":"no s'ha trobat cap bot actiu — venent posició òrfena a mercat"}
{"level":50,"time":1774526522844,"pid":37560,"hostname":"DESKTOP-KPAMGTB","module":"auto-trader","symbol":"ETHUSDT","err":"Binance /order 400: {\"code\":-1013,\"msg\":\"Filter failure: LOT_SIZE\"}","msg":"error en venda òrfena a mercat"}
{"level":40,"time":1774526582642,"pid":37560,"hostname":"DESKTOP-KPAMGTB","module":"auto-trader","symbol":"ETHUSDT","uncoveredUsd":27.082400795999998,"uncovered":0.0130812,"msg":"posició parcialment sense SL — esperant 5 min per corregir"}
{"level":30,"time":1774526822905,"pid":37560,"hostname":"DESKTOP-KPAMGTB","module":"auto-trader","symbol":"BNBUSDT","msg":"aplicant correcció OCO a posició òrfena…"}
{"level":40,"time":1774526822910,"pid":37560,"hostname":"DESKTOP-KPAMGTB","module":"auto-trader","symbol":"BNBUSDT","uncoveredUsd":53.096635565700005,"msg":"no s'ha trobat cap bot actiu — venent posició òrfena a mercat"}
{"level":50,"time":1774526823152,"pid":37560,"hostname":"DESKTOP-KPAMGTB","module":"auto-trader","symbol":"BNBUSDT","err":"Binance /order 400: {\"code\":-1013,\"msg\":\"Filter failure: LOT_SIZE\"}","msg":"error en venda òrfena a mercat"}
{"level":30,"time":1774526826772,"pid":37560,"hostname":"DESKTOP-KPAMGTB","module":"auto-trader","symbol":"SHIBUSDT","msg":"aplicant correcció OCO a posició òrfena…"}
{"level":40,"time":1774526826775,"pid":37560,"hostname":"DESKTOP-KPAMGTB","module":"auto-trader","symbol":"SHIBUSDT","uncoveredUsd":18.1600313313,"msg":"no s'ha trobat cap bot actiu — venent posició òrfena a mercat"}
{"level":50,"time":1774526827000,"pid":37560,"hostname":"DESKTOP-KPAMGTB","module":"auto-trader","symbol":"SHIBUSDT","err":"Binance /order 400: {\"code\":-1111,\"msg\":\"Parameter 'quantity' has too much precision.\"}","msg":"error en venda òrfena a mercat"}
{"level":30,"time":1774526883578,"pid":37560,"hostname":"DESKTOP-KPAMGTB","module":"auto-trader","symbol":"LTCUSDT","msg":"aplicant correcció OCO a posició òrfena…"}
{"level":40,"time":1774526883584,"pid":37560,"hostname":"DESKTOP-KPAMGTB","module":"auto-trader","symbol":"LTCUSDT","uncoveredUsd":25.679496030000003,"msg":"no s'ha trobat cap bot actiu — venent posició òrfena a mercat"}
{"level":50,"time":1774526883814,"pid":37560,"hostname":"DESKTOP-KPAMGTB","module":"auto-trader","symbol":"LTCUSDT","err":"Binance /order 400: {\"code\":-1013,\"msg\":\"Filter failure: LOT_SIZE\"}","msg":"error en venda òrfena a mercat"}
{"level":30,"time":1774526884048,"pid":37560,"hostname":"DESKTOP-KPAMGTB","module":"auto-trader","symbol":"ETHUSDT","msg":"aplicant correcció OCO a posició òrfena…"}
{"level":40,"time":1774526884054,"pid":37560,"hostname":"DESKTOP-KPAMGTB","module":"auto-trader","symbol":"ETHUSDT","uncoveredUsd":27.077037504,"msg":"no s'ha trobat cap bot actiu — venent posició òrfena a mercat"}
{"level":50,"time":1774526884285,"pid":37560,"hostname":"DESKTOP-KPAMGTB","module":"auto-trader","symbol":"ETHUSDT","err":"Binance /order 400: {\"code\":-1013,\"msg\":\"Filter failure: LOT_SIZE\"}","msg":"error en venda òrfena a mercat"}
{"level":40,"time":1774526884514,"pid":37560,"hostname":"DESKTOP-KPAMGTB","module":"auto-trader","symbol":"BNBUSDT","uncoveredUsd":53.10592277000001,"uncovered":0.08442913,"msg":"posició parcialment sense SL — esperant 5 min per corregir"}
{"level":40,"time":1774526888115,"pid":37560,"hostname":"DESKTOP-KPAMGTB","module":"auto-trader","symbol":"SHIBUSDT","uncoveredUsd":18.1600313313,"uncovered":3083197.17,"msg":"posició parcialment sense SL — esperant 5 min per corregir"}
{"level":40,"time":1774526942372,"pid":37560,"hostname":"DESKTOP-KPAMGTB","module":"auto-trader","symbol":"LTCUSDT","uncoveredUsd":25.684201820000002,"uncovered":0.470579,"msg":"posició parcialment sense SL — esperant 5 min per corregir"}
{"level":40,"time":1774526942597,"pid":37560,"hostname":"DESKTOP-KPAMGTB","module":"auto-trader","symbol":"ETHUSDT","uncoveredUsd":27.086063532,"uncovered":0.0130812,"msg":"posició parcialment sense SL — esperant 5 min per corregir"}
{"level":30,"time":1774526993569,"pid":37560,"hostname":"DESKTOP-KPAMGTB","module":"binance","assets":23,"msg":"balance"}
{"level":30,"time":1774527007493,"pid":37560,"hostname":"DESKTOP-KPAMGTB","module":"binance","assets":23,"msg":"balance"}
{"level":30,"time":1774527242880,"pid":37560,"hostname":"DESKTOP-KPAMGTB","module":"auto-trader","symbol":"BNBUSDT","msg":"aplicant correcció OCO a posició òrfena…"}
{"level":40,"time":1774527242883,"pid":37560,"hostname":"DESKTOP-KPAMGTB","module":"auto-trader","symbol":"BNBUSDT","uncoveredUsd":53.116898556900004,"msg":"no s'ha trobat cap bot actiu — venent posició òrfena a mercat"}
{"level":50,"time":1774527243111,"pid":37560,"hostname":"DESKTOP-KPAMGTB","module":"auto-trader","symbol":"BNBUSDT","err":"Binance /order 400: {\"code\":-1013,\"msg\":\"Filter failure: LOT_SIZE\"}","msg":"error en venda òrfena a mercat"}
{"level":30,"time":1774527246721,"pid":37560,"hostname":"DESKTOP-KPAMGTB","module":"auto-trader","symbol":"SHIBUSDT","msg":"aplicant correcció OCO a posició òrfena…"}
{"level":40,"time":1774527246723,"pid":37560,"hostname":"DESKTOP-KPAMGTB","module":"auto-trader","symbol":"SHIBUSDT","uncoveredUsd":18.190863303,"msg":"no s'ha trobat cap bot actiu — venent posició òrfena a mercat"}
{"level":50,"time":1774527246969,"pid":37560,"hostname":"DESKTOP-KPAMGTB","module":"auto-trader","symbol":"SHIBUSDT","err":"Binance /order 400: {\"code\":-1111,\"msg\":\"Parameter 'quantity' has too much precision.\"}","msg":"error en venda òrfena a mercat"}
{"level":30,"time":1774527302493,"pid":37560,"hostname":"DESKTOP-KPAMGTB","module":"auto-trader","symbol":"LTCUSDT","msg":"aplicant correcció OCO a posició òrfena…"}
{"level":40,"time":1774527302500,"pid":37560,"hostname":"DESKTOP-KPAMGTB","module":"auto-trader","symbol":"LTCUSDT","uncoveredUsd":25.688907610000005,"msg":"no s'ha trobat cap bot actiu — venent posició òrfena a mercat"}
{"level":50,"time":1774527302735,"pid":37560,"hostname":"DESKTOP-KPAMGTB","module":"auto-trader","symbol":"LTCUSDT","err":"Binance /order 400: {\"code\":-1013,\"msg\":\"Filter failure: LOT_SIZE\"}","msg":"error en venda òrfena a mercat"}
{"level":30,"time":1774527302973,"pid":37560,"hostname":"DESKTOP-KPAMGTB","module":"auto-trader","symbol":"ETHUSDT","msg":"aplicant correcció OCO a posició òrfena…"}
{"level":40,"time":1774527302978,"pid":37560,"hostname":"DESKTOP-KPAMGTB","module":"auto-trader","symbol":"ETHUSDT","uncoveredUsd":27.101499347999997,"msg":"no s'ha trobat cap bot actiu — venent posició òrfena a mercat"}
{"level":50,"time":1774527303206,"pid":37560,"hostname":"DESKTOP-KPAMGTB","module":"auto-trader","symbol":"ETHUSDT","err":"Binance /order 400: {\"code\":-1013,\"msg\":\"Filter failure: LOT_SIZE\"}","msg":"error en venda òrfena a mercat"}
{"level":40,"time":1774527303448,"pid":37560,"hostname":"DESKTOP-KPAMGTB","module":"auto-trader","symbol":"BNBUSDT","uncoveredUsd":53.1211200134,"uncovered":0.08442913,"msg":"posició parcialment sense SL — esperant 5 min per corregir"}
{"level":30,"time":1774527304183,"pid":37560,"hostname":"DESKTOP-KPAMGTB","module":"binance","assets":23,"msg":"balance"}
{"level":40,"time":1774527307622,"pid":37560,"hostname":"DESKTOP-KPAMGTB","module":"auto-trader","symbol":"SHIBUSDT","uncoveredUsd":18.190863303,"uncovered":3083197.17,"msg":"posició parcialment sense SL — esperant 5 min per corregir"}
{"level":40,"time":1774527362480,"pid":37560,"hostname":"DESKTOP-KPAMGTB","module":"auto-trader","symbol":"LTCUSDT","uncoveredUsd":25.69831919,"uncovered":0.470579,"msg":"posició parcialment sense SL — esperant 5 min per corregir"}
{"level":40,"time":1774527362749,"pid":37560,"hostname":"DESKTOP-KPAMGTB","module":"auto-trader","symbol":"ETHUSDT","uncoveredUsd":27.1140573,"uncovered":0.0130812,"msg":"posició parcialment sense SL — esperant 5 min per corregir"}
{"level":30,"time":1774527663085,"pid":37560,"hostname":"DESKTOP-KPAMGTB","module":"auto-trader","symbol":"BNBUSDT","msg":"aplicant correcció OCO a posició òrfena…"}
{"level":40,"time":1774527663092,"pid":37560,"hostname":"DESKTOP-KPAMGTB","module":"auto-trader","symbol":"BNBUSDT","uncoveredUsd":53.14476016980001,"msg":"no s'ha trobat cap bot actiu — venent posició òrfena a mercat"}
{"level":50,"time":1774527663325,"pid":37560,"hostname":"DESKTOP-KPAMGTB","module":"auto-trader","symbol":"BNBUSDT","err":"Binance /order 400: {\"code\":-1013,\"msg\":\"Filter failure: LOT_SIZE\"}","msg":"error en venda òrfena a mercat"}
{"level":30,"time":1774527666912,"pid":37560,"hostname":"DESKTOP-KPAMGTB","module":"auto-trader","symbol":"SHIBUSDT","msg":"aplicant correcció OCO a posició òrfena…"}
{"level":40,"time":1774527666916,"pid":37560,"hostname":"DESKTOP-KPAMGTB","module":"auto-trader","symbol":"SHIBUSDT","uncoveredUsd":18.190863303,"msg":"no s'ha trobat cap bot actiu — venent posició òrfena a mercat"}
{"level":50,"time":1774527667145,"pid":37560,"hostname":"DESKTOP-KPAMGTB","module":"auto-trader","symbol":"SHIBUSDT","err":"Binance /order 400: {\"code\":-1111,\"msg\":\"Parameter 'quantity' has too much precision.\"}","msg":"error en venda òrfena a mercat"}
{"level":30,"time":1774527723059,"pid":37560,"hostname":"DESKTOP-KPAMGTB","module":"auto-trader","symbol":"LTCUSDT","msg":"aplicant correcció OCO a posició òrfena…"}
{"level":40,"time":1774527723062,"pid":37560,"hostname":"DESKTOP-KPAMGTB","module":"auto-trader","symbol":"LTCUSDT","uncoveredUsd":25.70302498,"msg":"no s'ha trobat cap bot actiu — venent posició òrfena a mercat"}
{"level":50,"time":1774527723287,"pid":37560,"hostname":"DESKTOP-KPAMGTB","module":"auto-trader","symbol":"LTCUSDT","err":"Binance /order 400: {\"code\":-1013,\"msg\":\"Filter failure: LOT_SIZE\"}","msg":"error en venda òrfena a mercat"}
{"level":30,"time":1774527723514,"pid":37560,"hostname":"DESKTOP-KPAMGTB","module":"auto-trader","symbol":"ETHUSDT","msg":"aplicant correcció OCO a posició òrfena…"}
{"level":40,"time":1774527723520,"pid":37560,"hostname":"DESKTOP-KPAMGTB","module":"auto-trader","symbol":"ETHUSDT","uncoveredUsd":27.112487556,"msg":"no s'ha trobat cap bot actiu — venent posició òrfena a mercat"}
{"level":50,"time":1774527723757,"pid":37560,"hostname":"DESKTOP-KPAMGTB","module":"auto-trader","symbol":"ETHUSDT","err":"Binance /order 400: {\"code\":-1013,\"msg\":\"Filter failure: LOT_SIZE\"}","msg":"error en venda òrfena a mercat"}
{"level":40,"time":1774527723988,"pid":37560,"hostname":"DESKTOP-KPAMGTB","module":"auto-trader","symbol":"BNBUSDT","uncoveredUsd":53.156580248000004,"uncovered":0.08442913,"msg":"posició parcialment sense SL — esperant 5 min per corregir"}
{"level":40,"time":1774527727591,"pid":37560,"hostname":"DESKTOP-KPAMGTB","module":"auto-trader","symbol":"SHIBUSDT","uncoveredUsd":18.2216952747,"uncovered":3083197.17,"msg":"posició parcialment sense SL — esperant 5 min per corregir"}
{"level":40,"time":1774527782578,"pid":37560,"hostname":"DESKTOP-KPAMGTB","module":"auto-trader","symbol":"LTCUSDT","uncoveredUsd":25.70773077,"uncovered":0.470579,"msg":"posició parcialment sense SL — esperant 5 min per corregir"}
{"level":40,"time":1774527782845,"pid":37560,"hostname":"DESKTOP-KPAMGTB","module":"auto-trader","symbol":"ETHUSDT","uncoveredUsd":27.114318924,"uncovered":0.0130812,"msg":"posició parcialment sense SL — esperant 5 min per corregir"}
{"level":30,"time":1774528083117,"pid":37560,"hostname":"DESKTOP-KPAMGTB","module":"auto-trader","symbol":"BNBUSDT","msg":"aplicant correcció OCO a posició òrfena…"}
{"level":40,"time":1774528083124,"pid":37560,"hostname":"DESKTOP-KPAMGTB","module":"auto-trader","symbol":"BNBUSDT","uncoveredUsd":53.13547296550001,"msg":"no s'ha trobat cap bot actiu — venent posició òrfena a mercat"}
{"level":50,"time":1774528083386,"pid":37560,"hostname":"DESKTOP-KPAMGTB","module":"auto-trader","symbol":"BNBUSDT","err":"Binance /order 400: {\"code\":-1013,\"msg\":\"Filter failure: LOT_SIZE\"}","msg":"error en venda òrfena a mercat"}
{"level":30,"time":1774528086999,"pid":37560,"hostname":"DESKTOP-KPAMGTB","module":"auto-trader","symbol":"SHIBUSDT","msg":"aplicant correcció OCO a posició òrfena…"}
{"level":40,"time":1774528087001,"pid":37560,"hostname":"DESKTOP-KPAMGTB","module":"auto-trader","symbol":"SHIBUSDT","uncoveredUsd":18.190863303,"msg":"no s'ha trobat cap bot actiu — venent posició òrfena a mercat"}
{"level":50,"time":1774528087256,"pid":37560,"hostname":"DESKTOP-KPAMGTB","module":"auto-trader","symbol":"SHIBUSDT","err":"Binance /order 400: {\"code\":-1111,\"msg\":\"Parameter 'quantity' has too much precision.\"}","msg":"error en venda òrfena a mercat"}
{"level":30,"time":1774528142563,"pid":37560,"hostname":"DESKTOP-KPAMGTB","module":"auto-trader","symbol":"LTCUSDT","msg":"aplicant correcció OCO a posició òrfena…"}
{"level":40,"time":1774528142567,"pid":37560,"hostname":"DESKTOP-KPAMGTB","module":"auto-trader","symbol":"LTCUSDT","uncoveredUsd":25.72184814,"msg":"no s'ha trobat cap bot actiu — venent posició òrfena a mercat"}
{"level":50,"time":1774528142794,"pid":37560,"hostname":"DESKTOP-KPAMGTB","module":"auto-trader","symbol":"LTCUSDT","err":"Binance /order 400: {\"code\":-1013,\"msg\":\"Filter failure: LOT_SIZE\"}","msg":"error en venda òrfena a mercat"}
{"level":30,"time":1774528143021,"pid":37560,"hostname":"DESKTOP-KPAMGTB","module":"auto-trader","symbol":"ETHUSDT","msg":"aplicant correcció OCO a posició òrfena…"}
{"level":40,"time":1774528143025,"pid":37560,"hostname":"DESKTOP-KPAMGTB","module":"auto-trader","symbol":"ETHUSDT","uncoveredUsd":27.099929604,"msg":"no s'ha trobat cap bot actiu — venent posició òrfena a mercat"}
{"level":50,"time":1774528143257,"pid":37560,"hostname":"DESKTOP-KPAMGTB","module":"auto-trader","symbol":"ETHUSDT","err":"Binance /order 400: {\"code\":-1013,\"msg\":\"Filter failure: LOT_SIZE\"}","msg":"error en venda òrfena a mercat"}
{"level":40,"time":1774528143485,"pid":37560,"hostname":"DESKTOP-KPAMGTB","module":"auto-trader","symbol":"BNBUSDT","uncoveredUsd":53.1582688306,"uncovered":0.08442913,"msg":"posició parcialment sense SL — esperant 5 min per corregir"}
{"level":40,"time":1774528147101,"pid":37560,"hostname":"DESKTOP-KPAMGTB","module":"auto-trader","symbol":"SHIBUSDT","uncoveredUsd":18.2216952747,"uncovered":3083197.17,"msg":"posició parcialment sense SL — esperant 5 min per corregir"}
{"level":40,"time":1774528202601,"pid":37560,"hostname":"DESKTOP-KPAMGTB","module":"auto-trader","symbol":"LTCUSDT","uncoveredUsd":25.71714235,"uncovered":0.470579,"msg":"posició parcialment sense SL — esperant 5 min per corregir"}
{"level":40,"time":1774528202863,"pid":37560,"hostname":"DESKTOP-KPAMGTB","module":"auto-trader","symbol":"ETHUSDT","uncoveredUsd":27.099013919999997,"uncovered":0.0130812,"msg":"posició parcialment sense SL — esperant 5 min per corregir"}
{"level":30,"time":1774528503161,"pid":37560,"hostname":"DESKTOP-KPAMGTB","module":"auto-trader","symbol":"BNBUSDT","msg":"aplicant correcció OCO a posició òrfena…"}
{"level":40,"time":1774528503166,"pid":37560,"hostname":"DESKTOP-KPAMGTB","module":"auto-trader","symbol":"BNBUSDT","uncoveredUsd":53.116054265600006,"msg":"no s'ha trobat cap bot actiu — venent posició òrfena a mercat"}
{"level":50,"time":1774528503407,"pid":37560,"hostname":"DESKTOP-KPAMGTB","module":"auto-trader","symbol":"BNBUSDT","err":"Binance /order 400: {\"code\":-1013,\"msg\":\"Filter failure: LOT_SIZE\"}","msg":"error en venda òrfena a mercat"}
{"level":30,"time":1774528507776,"pid":37560,"hostname":"DESKTOP-KPAMGTB","module":"auto-trader","symbol":"SHIBUSDT","msg":"aplicant correcció OCO a posició òrfena…"}
{"level":40,"time":1774528507781,"pid":37560,"hostname":"DESKTOP-KPAMGTB","module":"auto-trader","symbol":"SHIBUSDT","uncoveredUsd":18.2216952747,"msg":"no s'ha trobat cap bot actiu — venent posició òrfena a mercat"}
{"level":50,"time":1774528508006,"pid":37560,"hostname":"DESKTOP-KPAMGTB","module":"auto-trader","symbol":"SHIBUSDT","err":"Binance /order 400: {\"code\":-1111,\"msg\":\"Parameter 'quantity' has too much precision.\"}","msg":"error en venda òrfena a mercat"}
{"level":30,"time":1774528562666,"pid":37560,"hostname":"DESKTOP-KPAMGTB","module":"auto-trader","symbol":"LTCUSDT","msg":"aplicant correcció OCO a posició òrfena…"}
{"level":40,"time":1774528562670,"pid":37560,"hostname":"DESKTOP-KPAMGTB","module":"auto-trader","symbol":"LTCUSDT","uncoveredUsd":25.70773077,"msg":"no s'ha trobat cap bot actiu — venent posició òrfena a mercat"}
{"level":50,"time":1774528562902,"pid":37560,"hostname":"DESKTOP-KPAMGTB","module":"auto-trader","symbol":"LTCUSDT","err":"Binance /order 400: {\"code\":-1013,\"msg\":\"Filter failure: LOT_SIZE\"}","msg":"error en venda òrfena a mercat"}
{"level":30,"time":1774528563128,"pid":37560,"hostname":"DESKTOP-KPAMGTB","module":"auto-trader","symbol":"ETHUSDT","msg":"aplicant correcció OCO a posició òrfena…"}
{"level":40,"time":1774528563130,"pid":37560,"hostname":"DESKTOP-KPAMGTB","module":"auto-trader","symbol":"ETHUSDT","uncoveredUsd":27.038186339999996,"msg":"no s'ha trobat cap bot actiu — venent posició òrfena a mercat"}
{"level":50,"time":1774528563362,"pid":37560,"hostname":"DESKTOP-KPAMGTB","module":"auto-trader","symbol":"ETHUSDT","err":"Binance /order 400: {\"code\":-1013,\"msg\":\"Filter failure: LOT_SIZE\"}","msg":"error en venda òrfena a mercat"}
{"level":40,"time":1774528563586,"pid":37560,"hostname":"DESKTOP-KPAMGTB","module":"auto-trader","symbol":"BNBUSDT","uncoveredUsd":53.083971196200004,"uncovered":0.08442913,"msg":"posició parcialment sense SL — esperant 5 min per corregir"}
{"level":40,"time":1774528567720,"pid":37560,"hostname":"DESKTOP-KPAMGTB","module":"auto-trader","symbol":"SHIBUSDT","uncoveredUsd":18.2216952747,"uncovered":3083197.17,"msg":"posició parcialment sense SL — esperant 5 min per corregir"}
{"level":40,"time":1774528623419,"pid":37560,"hostname":"DESKTOP-KPAMGTB","module":"auto-trader","symbol":"LTCUSDT","uncoveredUsd":25.71243656,"uncovered":0.470579,"msg":"posició parcialment sense SL — esperant 5 min per corregir"}
{"level":40,"time":1774528623648,"pid":37560,"hostname":"DESKTOP-KPAMGTB","module":"auto-trader","symbol":"ETHUSDT","uncoveredUsd":27.054276215999998,"uncovered":0.0130812,"msg":"posició parcialment sense SL — esperant 5 min per corregir"}
{"level":30,"time":1774528750451,"pid":37560,"hostname":"DESKTOP-KPAMGTB","module":"binance","assets":23,"msg":"balance"}
{"level":30,"time":1774528755448,"pid":37560,"hostname":"DESKTOP-KPAMGTB","module":"binance","assets":23,"msg":"balance"}
{"level":30,"time":1774528762197,"pid":37560,"hostname":"DESKTOP-KPAMGTB","module":"binance","assets":23,"msg":"balance"}
{"level":30,"time":1774528923293,"pid":37560,"hostname":"DESKTOP-KPAMGTB","module":"auto-trader","symbol":"BNBUSDT","msg":"aplicant correcció OCO a posició òrfena…"}
{"level":40,"time":1774528923298,"pid":37560,"hostname":"DESKTOP-KPAMGTB","module":"auto-trader","symbol":"BNBUSDT","uncoveredUsd":53.122808596000006,"msg":"no s'ha trobat cap bot actiu — venent posició òrfena a mercat"}
{"level":50,"time":1774528923545,"pid":37560,"hostname":"DESKTOP-KPAMGTB","module":"auto-trader","symbol":"BNBUSDT","err":"Binance /order 400: {\"code\":-1013,\"msg\":\"Filter failure: LOT_SIZE\"}","msg":"error en venda òrfena a mercat"}
{"level":30,"time":1774528927206,"pid":37560,"hostname":"DESKTOP-KPAMGTB","module":"auto-trader","symbol":"SHIBUSDT","msg":"aplicant correcció OCO a posició òrfena…"}
{"level":40,"time":1774528927210,"pid":37560,"hostname":"DESKTOP-KPAMGTB","module":"auto-trader","symbol":"SHIBUSDT","uncoveredUsd":18.2216952747,"msg":"no s'ha trobat cap bot actiu — venent posició òrfena a mercat"}
{"level":50,"time":1774528927441,"pid":37560,"hostname":"DESKTOP-KPAMGTB","module":"auto-trader","symbol":"SHIBUSDT","err":"Binance /order 400: {\"code\":-1111,\"msg\":\"Parameter 'quantity' has too much precision.\"}","msg":"error en venda òrfena a mercat"}
{"level":30,"time":1774528982767,"pid":37560,"hostname":"DESKTOP-KPAMGTB","module":"auto-trader","symbol":"LTCUSDT","msg":"aplicant correcció OCO a posició òrfena…"}
{"level":40,"time":1774528982770,"pid":37560,"hostname":"DESKTOP-KPAMGTB","module":"auto-trader","symbol":"LTCUSDT","uncoveredUsd":25.72655393,"msg":"no s'ha trobat cap bot actiu — venent posició òrfena a mercat"}
{"level":50,"time":1774528982998,"pid":37560,"hostname":"DESKTOP-KPAMGTB","module":"auto-trader","symbol":"LTCUSDT","err":"Binance /order 400: {\"code\":-1013,\"msg\":\"Filter failure: LOT_SIZE\"}","msg":"error en venda òrfena a mercat"}
{"level":30,"time":1774528983248,"pid":37560,"hostname":"DESKTOP-KPAMGTB","module":"auto-trader","symbol":"ETHUSDT","msg":"aplicant correcció OCO a posició òrfena…"}
{"level":40,"time":1774528983251,"pid":37560,"hostname":"DESKTOP-KPAMGTB","module":"auto-trader","symbol":"ETHUSDT","uncoveredUsd":27.117196787999998,"msg":"no s'ha trobat cap bot actiu — venent posició òrfena a mercat"}
{"level":50,"time":1774528983488,"pid":37560,"hostname":"DESKTOP-KPAMGTB","module":"auto-trader","symbol":"ETHUSDT","err":"Binance /order 400: {\"code\":-1013,\"msg\":\"Filter failure: LOT_SIZE\"}","msg":"error en venda òrfena a mercat"}
{"level":40,"time":1774528983726,"pid":37560,"hostname":"DESKTOP-KPAMGTB","module":"auto-trader","symbol":"BNBUSDT","uncoveredUsd":53.14391587850001,"uncovered":0.08442913,"msg":"posició parcialment sense SL — esperant 5 min per corregir"}
{"level":40,"time":1774528987501,"pid":37560,"hostname":"DESKTOP-KPAMGTB","module":"auto-trader","symbol":"SHIBUSDT","uncoveredUsd":18.2525272464,"uncovered":3083197.17,"msg":"posició parcialment sense SL — esperant 5 min per corregir"}
{"level":40,"time":1774529042711,"pid":37560,"hostname":"DESKTOP-KPAMGTB","module":"auto-trader","symbol":"LTCUSDT","uncoveredUsd":25.73596551,"uncovered":0.470579,"msg":"posició parcialment sense SL — esperant 5 min per corregir"}
{"level":40,"time":1774529042945,"pid":37560,"hostname":"DESKTOP-KPAMGTB","module":"auto-trader","symbol":"ETHUSDT","uncoveredUsd":27.113534052,"uncovered":0.0130812,"msg":"posició parcialment sense SL — esperant 5 min per corregir"}
{"level":30,"time":1774529343433,"pid":37560,"hostname":"DESKTOP-KPAMGTB","module":"auto-trader","symbol":"BNBUSDT","msg":"aplicant correcció OCO a posició òrfena…"}
{"level":40,"time":1774529343435,"pid":37560,"hostname":"DESKTOP-KPAMGTB","module":"auto-trader","symbol":"BNBUSDT","uncoveredUsd":53.146448752400005,"msg":"no s'ha trobat cap bot actiu — venent posició òrfena a mercat"}
{"level":50,"time":1774529343664,"pid":37560,"hostname":"DESKTOP-KPAMGTB","module":"auto-trader","symbol":"BNBUSDT","err":"Binance /order 400: {\"code\":-1013,\"msg\":\"Filter failure: LOT_SIZE\"}","msg":"error en venda òrfena a mercat"}
{"level":30,"time":1774529347832,"pid":37560,"hostname":"DESKTOP-KPAMGTB","module":"auto-trader","symbol":"SHIBUSDT","msg":"aplicant correcció OCO a posició òrfena…"}
{"level":40,"time":1774529347833,"pid":37560,"hostname":"DESKTOP-KPAMGTB","module":"auto-trader","symbol":"SHIBUSDT","uncoveredUsd":18.2525272464,"msg":"no s'ha trobat cap bot actiu — venent posició òrfena a mercat"}
{"level":50,"time":1774529348057,"pid":37560,"hostname":"DESKTOP-KPAMGTB","module":"auto-trader","symbol":"SHIBUSDT","err":"Binance /order 400: {\"code\":-1111,\"msg\":\"Parameter 'quantity' has too much precision.\"}","msg":"error en venda òrfena a mercat"}
{"level":30,"time":1774529402801,"pid":37560,"hostname":"DESKTOP-KPAMGTB","module":"auto-trader","symbol":"LTCUSDT","msg":"aplicant correcció OCO a posició òrfena…"}
{"level":40,"time":1774529402808,"pid":37560,"hostname":"DESKTOP-KPAMGTB","module":"auto-trader","symbol":"LTCUSDT","uncoveredUsd":25.740671300000002,"msg":"no s'ha trobat cap bot actiu — venent posició òrfena a mercat"}
{"level":50,"time":1774529403071,"pid":37560,"hostname":"DESKTOP-KPAMGTB","module":"auto-trader","symbol":"LTCUSDT","err":"Binance /order 400: {\"code\":-1013,\"msg\":\"Filter failure: LOT_SIZE\"}","msg":"error en venda òrfena a mercat"}
{"level":30,"time":1774529403352,"pid":37560,"hostname":"DESKTOP-KPAMGTB","module":"auto-trader","symbol":"ETHUSDT","msg":"aplicant correcció OCO a posició òrfena…"}
{"level":40,"time":1774529403359,"pid":37560,"hostname":"DESKTOP-KPAMGTB","module":"auto-trader","symbol":"ETHUSDT","uncoveredUsd":27.126876876,"msg":"no s'ha trobat cap bot actiu — venent posició òrfena a mercat"}
{"level":50,"time":1774529403618,"pid":37560,"hostname":"DESKTOP-KPAMGTB","module":"auto-trader","symbol":"ETHUSDT","err":"Binance /order 400: {\"code\":-1013,\"msg\":\"Filter failure: LOT_SIZE\"}","msg":"error en venda òrfena a mercat"}
{"level":40,"time":1774529403847,"pid":37560,"hostname":"DESKTOP-KPAMGTB","module":"auto-trader","symbol":"BNBUSDT","uncoveredUsd":53.14560446110001,"uncovered":0.08442913,"msg":"posició parcialment sense SL — esperant 5 min per corregir"}
{"level":40,"time":1774529407796,"pid":37560,"hostname":"DESKTOP-KPAMGTB","module":"auto-trader","symbol":"SHIBUSDT","uncoveredUsd":18.2525272464,"uncovered":3083197.17,"msg":"posició parcialment sense SL — esperant 5 min per corregir"}
{"level":40,"time":1774529462800,"pid":37560,"hostname":"DESKTOP-KPAMGTB","module":"auto-trader","symbol":"LTCUSDT","uncoveredUsd":25.75008288,"uncovered":0.470579,"msg":"posició parcialment sense SL — esperant 5 min per corregir"}
{"level":40,"time":1774529463058,"pid":37560,"hostname":"DESKTOP-KPAMGTB","module":"auto-trader","symbol":"ETHUSDT","uncoveredUsd":27.131193672,"uncovered":0.0130812,"msg":"posició parcialment sense SL — esperant 5 min per corregir"}
{"level":30,"time":1774529763431,"pid":37560,"hostname":"DESKTOP-KPAMGTB","module":"auto-trader","symbol":"BNBUSDT","msg":"aplicant correcció OCO a posició òrfena…"}
{"level":40,"time":1774529763439,"pid":37560,"hostname":"DESKTOP-KPAMGTB","module":"auto-trader","symbol":"BNBUSDT","uncoveredUsd":53.170088908800004,"msg":"no s'ha trobat cap bot actiu — venent posició òrfena a mercat"}
{"level":50,"time":1774529763711,"pid":37560,"hostname":"DESKTOP-KPAMGTB","module":"auto-trader","symbol":"BNBUSDT","err":"Binance /order 400: {\"code\":-1013,\"msg\":\"Filter failure: LOT_SIZE\"}","msg":"error en venda òrfena a mercat"}
{"level":30,"time":1774529768571,"pid":37560,"hostname":"DESKTOP-KPAMGTB","module":"auto-trader","symbol":"SHIBUSDT","msg":"aplicant correcció OCO a posició òrfena…"}
{"level":40,"time":1774529768572,"pid":37560,"hostname":"DESKTOP-KPAMGTB","module":"auto-trader","symbol":"SHIBUSDT","uncoveredUsd":18.2525272464,"msg":"no s'ha trobat cap bot actiu — venent posició òrfena a mercat"}
{"level":50,"time":1774529768823,"pid":37560,"hostname":"DESKTOP-KPAMGTB","module":"auto-trader","symbol":"SHIBUSDT","err":"Binance /order 400: {\"code\":-1111,\"msg\":\"Parameter 'quantity' has too much precision.\"}","msg":"error en venda òrfena a mercat"}
{"level":30,"time":1774529822939,"pid":37560,"hostname":"DESKTOP-KPAMGTB","module":"auto-trader","symbol":"LTCUSDT","msg":"aplicant correcció OCO a posició òrfena…"}
{"level":40,"time":1774529822942,"pid":37560,"hostname":"DESKTOP-KPAMGTB","module":"auto-trader","symbol":"LTCUSDT","uncoveredUsd":25.73596551,"msg":"no s'ha trobat cap bot actiu — venent posició òrfena a mercat"}
{"level":50,"time":1774529823192,"pid":37560,"hostname":"DESKTOP-KPAMGTB","module":"auto-trader","symbol":"LTCUSDT","err":"Binance /order 400: {\"code\":-1013,\"msg\":\"Filter failure: LOT_SIZE\"}","msg":"error en venda òrfena a mercat"}
{"level":30,"time":1774529823442,"pid":37560,"hostname":"DESKTOP-KPAMGTB","module":"auto-trader","symbol":"ETHUSDT","msg":"aplicant correcció OCO a posició òrfena…"}
{"level":40,"time":1774529823444,"pid":37560,"hostname":"DESKTOP-KPAMGTB","module":"auto-trader","symbol":"ETHUSDT","uncoveredUsd":27.108039948,"msg":"no s'ha trobat cap bot actiu — venent posició òrfena a mercat"}
{"level":50,"time":1774529823693,"pid":37560,"hostname":"DESKTOP-KPAMGTB","module":"auto-trader","symbol":"ETHUSDT","err":"Binance /order 400: {\"code\":-1013,\"msg\":\"Filter failure: LOT_SIZE\"}","msg":"error en venda òrfena a mercat"}
{"level":40,"time":1774529823939,"pid":37560,"hostname":"DESKTOP-KPAMGTB","module":"auto-trader","symbol":"BNBUSDT","uncoveredUsd":53.159957413200004,"uncovered":0.08442913,"msg":"posició parcialment sense SL — esperant 5 min per corregir"}
{"level":40,"time":1774529827974,"pid":37560,"hostname":"DESKTOP-KPAMGTB","module":"auto-trader","symbol":"SHIBUSDT","uncoveredUsd":18.2216952747,"uncovered":3083197.17,"msg":"posició parcialment sense SL — esperant 5 min per corregir"}
{"level":40,"time":1774529882835,"pid":37560,"hostname":"DESKTOP-KPAMGTB","module":"auto-trader","symbol":"LTCUSDT","uncoveredUsd":25.75008288,"uncovered":0.470579,"msg":"posició parcialment sense SL — esperant 5 min per corregir"}
{"level":40,"time":1774529883093,"pid":37560,"hostname":"DESKTOP-KPAMGTB","module":"auto-trader","symbol":"ETHUSDT","uncoveredUsd":27.133025039999996,"uncovered":0.0130812,"msg":"posició parcialment sense SL — esperant 5 min per corregir"}
{"level":30,"time":1774529973928,"pid":37560,"hostname":"DESKTOP-KPAMGTB","module":"binance","assets":23,"msg":"balance"}
{"level":30,"time":1774530004056,"pid":37560,"hostname":"DESKTOP-KPAMGTB","module":"telegram","msg":"informe horari enviat"}
{"level":30,"time":1774530183664,"pid":37560,"hostname":"DESKTOP-KPAMGTB","module":"auto-trader","symbol":"BNBUSDT","msg":"aplicant correcció OCO a posició òrfena…"}
{"level":40,"time":1774530183666,"pid":37560,"hostname":"DESKTOP-KPAMGTB","module":"auto-trader","symbol":"BNBUSDT","uncoveredUsd":53.1616459958,"msg":"no s'ha trobat cap bot actiu — venent posició òrfena a mercat"}
{"level":50,"time":1774530183896,"pid":37560,"hostname":"DESKTOP-KPAMGTB","module":"auto-trader","symbol":"BNBUSDT","err":"Binance /order 400: {\"code\":-1013,\"msg\":\"Filter failure: LOT_SIZE\"}","msg":"error en venda òrfena a mercat"}
{"level":30,"time":1774530187666,"pid":37560,"hostname":"DESKTOP-KPAMGTB","module":"auto-trader","symbol":"SHIBUSDT","msg":"aplicant correcció OCO a posició òrfena…"}
{"level":40,"time":1774530187668,"pid":37560,"hostname":"DESKTOP-KPAMGTB","module":"auto-trader","symbol":"SHIBUSDT","uncoveredUsd":18.2525272464,"msg":"no s'ha trobat cap bot actiu — venent posició òrfena a mercat"}
{"level":50,"time":1774530187897,"pid":37560,"hostname":"DESKTOP-KPAMGTB","module":"auto-trader","symbol":"SHIBUSDT","err":"Binance /order 400: {\"code\":-1111,\"msg\":\"Parameter 'quantity' has too much precision.\"}","msg":"error en venda òrfena a mercat"}
{"level":30,"time":1774530242836,"pid":37560,"hostname":"DESKTOP-KPAMGTB","module":"auto-trader","symbol":"LTCUSDT","msg":"aplicant correcció OCO a posició òrfena…"}
{"level":40,"time":1774530242838,"pid":37560,"hostname":"DESKTOP-KPAMGTB","module":"auto-trader","symbol":"LTCUSDT","uncoveredUsd":25.740671300000002,"msg":"no s'ha trobat cap bot actiu — venent posició òrfena a mercat"}
{"level":50,"time":1774530243064,"pid":37560,"hostname":"DESKTOP-KPAMGTB","module":"auto-trader","symbol":"LTCUSDT","err":"Binance /order 400: {\"code\":-1013,\"msg\":\"Filter failure: LOT_SIZE\"}","msg":"error en venda òrfena a mercat"}
{"level":30,"time":1774530243288,"pid":37560,"hostname":"DESKTOP-KPAMGTB","module":"auto-trader","symbol":"ETHUSDT","msg":"aplicant correcció OCO a posició òrfena…"}
{"level":40,"time":1774530243291,"pid":37560,"hostname":"DESKTOP-KPAMGTB","module":"auto-trader","symbol":"ETHUSDT","uncoveredUsd":27.118112471999996,"msg":"no s'ha trobat cap bot actiu — venent posició òrfena a mercat"}
{"level":50,"time":1774530243519,"pid":37560,"hostname":"DESKTOP-KPAMGTB","module":"auto-trader","symbol":"ETHUSDT","err":"Binance /order 400: {\"code\":-1013,\"msg\":\"Filter failure: LOT_SIZE\"}","msg":"error en venda òrfena a mercat"}
{"level":40,"time":1774530243749,"pid":37560,"hostname":"DESKTOP-KPAMGTB","module":"auto-trader","symbol":"BNBUSDT","uncoveredUsd":53.1726217827,"uncovered":0.08442913,"msg":"posició parcialment sense SL — esperant 5 min per corregir"}
{"level":40,"time":1774530248855,"pid":37560,"hostname":"DESKTOP-KPAMGTB","module":"auto-trader","symbol":"SHIBUSDT","uncoveredUsd":18.2216952747,"uncovered":3083197.17,"msg":"posició parcialment sense SL — esperant 5 min per corregir"}
{"level":40,"time":1774530303032,"pid":37560,"hostname":"DESKTOP-KPAMGTB","module":"auto-trader","symbol":"LTCUSDT","uncoveredUsd":25.74537709,"uncovered":0.470579,"msg":"posició parcialment sense SL — esperant 5 min per corregir"}
{"level":40,"time":1774530303291,"pid":37560,"hostname":"DESKTOP-KPAMGTB","module":"auto-trader","symbol":"ETHUSDT","uncoveredUsd":27.120467087999995,"uncovered":0.0130812,"msg":"posició parcialment sense SL — esperant 5 min per corregir"}
{"level":30,"time":1774530603820,"pid":37560,"hostname":"DESKTOP-KPAMGTB","module":"auto-trader","symbol":"LTCUSDT","msg":"aplicant correcció OCO a posició òrfena…"}
{"level":40,"time":1774530603823,"pid":37560,"hostname":"DESKTOP-KPAMGTB","module":"auto-trader","symbol":"LTCUSDT","uncoveredUsd":25.773611830000004,"msg":"no s'ha trobat cap bot actiu — venent posició òrfena a mercat"}
{"level":50,"time":1774530604053,"pid":37560,"hostname":"DESKTOP-KPAMGTB","module":"auto-trader","symbol":"LTCUSDT","err":"Binance /order 400: {\"code\":-1013,\"msg\":\"Filter failure: LOT_SIZE\"}","msg":"error en venda òrfena a mercat"}
{"level":30,"time":1774530604285,"pid":37560,"hostname":"DESKTOP-KPAMGTB","module":"auto-trader","symbol":"ETHUSDT","msg":"aplicant correcció OCO a posició òrfena…"}
{"level":40,"time":1774530604286,"pid":37560,"hostname":"DESKTOP-KPAMGTB","module":"auto-trader","symbol":"ETHUSDT","uncoveredUsd":27.177762744,"msg":"no s'ha trobat cap bot actiu — venent posició òrfena a mercat"}
{"level":50,"time":1774530604543,"pid":37560,"hostname":"DESKTOP-KPAMGTB","module":"auto-trader","symbol":"ETHUSDT","err":"Binance /order 400: {\"code\":-1013,\"msg\":\"Filter failure: LOT_SIZE\"}","msg":"error en venda òrfena a mercat"}
{"level":30,"time":1774530604779,"pid":37560,"hostname":"DESKTOP-KPAMGTB","module":"auto-trader","symbol":"BNBUSDT","msg":"aplicant correcció OCO a posició òrfena…"}
{"level":40,"time":1774530604784,"pid":37560,"hostname":"DESKTOP-KPAMGTB","module":"auto-trader","symbol":"BNBUSDT","uncoveredUsd":53.213147765100004,"msg":"no s'ha trobat cap bot actiu — venent posició òrfena a mercat"}
{"level":50,"time":1774530605040,"pid":37560,"hostname":"DESKTOP-KPAMGTB","module":"auto-trader","symbol":"BNBUSDT","err":"Binance /order 400: {\"code\":-1013,\"msg\":\"Filter failure: LOT_SIZE\"}","msg":"error en venda òrfena a mercat"}
{"level":30,"time":1774530608901,"pid":37560,"hostname":"DESKTOP-KPAMGTB","module":"auto-trader","symbol":"SHIBUSDT","msg":"aplicant correcció OCO a posició òrfena…"}
{"level":40,"time":1774530608903,"pid":37560,"hostname":"DESKTOP-KPAMGTB","module":"auto-trader","symbol":"SHIBUSDT","uncoveredUsd":18.2833592181,"msg":"no s'ha trobat cap bot actiu — venent posició òrfena a mercat"}
{"level":50,"time":1774530609157,"pid":37560,"hostname":"DESKTOP-KPAMGTB","module":"auto-trader","symbol":"SHIBUSDT","err":"Binance /order 400: {\"code\":-1111,\"msg\":\"Parameter 'quantity' has too much precision.\"}","msg":"error en venda òrfena a mercat"}
{"level":40,"time":1774530663214,"pid":37560,"hostname":"DESKTOP-KPAMGTB","module":"auto-trader","symbol":"LTCUSDT","uncoveredUsd":25.764200250000002,"uncovered":0.470579,"msg":"posició parcialment sense SL — esperant 5 min per corregir"}
{"level":40,"time":1774530663471,"pid":37560,"hostname":"DESKTOP-KPAMGTB","module":"auto-trader","symbol":"ETHUSDT","uncoveredUsd":27.156702012,"uncovered":0.0130812,"msg":"posició parcialment sense SL — esperant 5 min per corregir"}
{"level":40,"time":1774530663692,"pid":37560,"hostname":"DESKTOP-KPAMGTB","module":"auto-trader","symbol":"BNBUSDT","uncoveredUsd":53.1869747348,"uncovered":0.08442913,"msg":"posició parcialment sense SL — esperant 5 min per corregir"}
{"level":40,"time":1774530667331,"pid":37560,"hostname":"DESKTOP-KPAMGTB","module":"auto-trader","symbol":"SHIBUSDT","uncoveredUsd":18.2833592181,"uncovered":3083197.17,"msg":"posició parcialment sense SL — esperant 5 min per corregir"}
{"level":30,"time":1774531022926,"pid":37560,"hostname":"DESKTOP-KPAMGTB","module":"auto-trader","symbol":"LTCUSDT","msg":"aplicant correcció OCO a posició òrfena…"}
{"level":40,"time":1774531022930,"pid":37560,"hostname":"DESKTOP-KPAMGTB","module":"auto-trader","symbol":"LTCUSDT","uncoveredUsd":25.792434990000004,"msg":"no s'ha trobat cap bot actiu — venent posició òrfena a mercat"}
{"level":50,"time":1774531023159,"pid":37560,"hostname":"DESKTOP-KPAMGTB","module":"auto-trader","symbol":"LTCUSDT","err":"Binance /order 400: {\"code\":-1013,\"msg\":\"Filter failure: LOT_SIZE\"}","msg":"error en venda òrfena a mercat"}
{"level":30,"time":1774531023391,"pid":37560,"hostname":"DESKTOP-KPAMGTB","module":"auto-trader","symbol":"ETHUSDT","msg":"aplicant correcció OCO a posició òrfena…"}
{"level":40,"time":1774531023397,"pid":37560,"hostname":"DESKTOP-KPAMGTB","module":"auto-trader","symbol":"ETHUSDT","uncoveredUsd":27.20758788,"msg":"no s'ha trobat cap bot actiu — venent posició òrfena a mercat"}
{"level":50,"time":1774531023625,"pid":37560,"hostname":"DESKTOP-KPAMGTB","module":"auto-trader","symbol":"ETHUSDT","err":"Binance /order 400: {\"code\":-1013,\"msg\":\"Filter failure: LOT_SIZE\"}","msg":"error en venda òrfena a mercat"}
{"level":30,"time":1774531023851,"pid":37560,"hostname":"DESKTOP-KPAMGTB","module":"auto-trader","symbol":"BNBUSDT","msg":"aplicant correcció OCO a posició òrfena…"}
{"level":40,"time":1774531023856,"pid":37560,"hostname":"DESKTOP-KPAMGTB","module":"auto-trader","symbol":"BNBUSDT","uncoveredUsd":53.248607999700006,"msg":"no s'ha trobat cap bot actiu — venent posició òrfena a mercat"}
{"level":50,"time":1774531024095,"pid":37560,"hostname":"DESKTOP-KPAMGTB","module":"auto-trader","symbol":"BNBUSDT","err":"Binance /order 400: {\"code\":-1013,\"msg\":\"Filter failure: LOT_SIZE\"}","msg":"error en venda òrfena a mercat"}
{"level":30,"time":1774531027697,"pid":37560,"hostname":"DESKTOP-KPAMGTB","module":"auto-trader","symbol":"SHIBUSDT","msg":"aplicant correcció OCO a posició òrfena…"}
{"level":40,"time":1774531027699,"pid":37560,"hostname":"DESKTOP-KPAMGTB","module":"auto-trader","symbol":"SHIBUSDT","uncoveredUsd":18.2833592181,"msg":"no s'ha trobat cap bot actiu — venent posició òrfena a mercat"}
{"level":50,"time":1774531027927,"pid":37560,"hostname":"DESKTOP-KPAMGTB","module":"auto-trader","symbol":"SHIBUSDT","err":"Binance /order 400: {\"code\":-1111,\"msg\":\"Parameter 'quantity' has too much precision.\"}","msg":"error en venda òrfena a mercat"}
{"level":40,"time":1774531083248,"pid":37560,"hostname":"DESKTOP-KPAMGTB","module":"auto-trader","symbol":"LTCUSDT","uncoveredUsd":25.801846570000002,"uncovered":0.470579,"msg":"posició parcialment sense SL — esperant 5 min per corregir"}
{"level":40,"time":1774531083515,"pid":37560,"hostname":"DESKTOP-KPAMGTB","module":"auto-trader","symbol":"ETHUSDT","uncoveredUsd":27.208896,"uncovered":0.0130812,"msg":"posició parcialment sense SL — esperant 5 min per corregir"}
{"level":40,"time":1774531083742,"pid":37560,"hostname":"DESKTOP-KPAMGTB","module":"auto-trader","symbol":"BNBUSDT","uncoveredUsd":53.241853669300006,"uncovered":0.08442913,"msg":"posició parcialment sense SL — esperant 5 min per corregir"}
{"level":40,"time":1774531087382,"pid":37560,"hostname":"DESKTOP-KPAMGTB","module":"auto-trader","symbol":"SHIBUSDT","uncoveredUsd":18.2833592181,"uncovered":3083197.17,"msg":"posició parcialment sense SL — esperant 5 min per corregir"}
{"level":30,"time":1774531443584,"pid":37560,"hostname":"DESKTOP-KPAMGTB","module":"auto-trader","symbol":"LTCUSDT","msg":"aplicant correcció OCO a posició òrfena…"}
{"level":40,"time":1774531443586,"pid":37560,"hostname":"DESKTOP-KPAMGTB","module":"auto-trader","symbol":"LTCUSDT","uncoveredUsd":25.778317620000003,"msg":"no s'ha trobat cap bot actiu — venent posició òrfena a mercat"}
{"level":50,"time":1774531444510,"pid":37560,"hostname":"DESKTOP-KPAMGTB","module":"auto-trader","symbol":"LTCUSDT","err":"Binance /order 400: {\"code\":-1013,\"msg\":\"Filter failure: LOT_SIZE\"}","msg":"error en venda òrfena a mercat"}
{"level":30,"time":1774531444774,"pid":37560,"hostname":"DESKTOP-KPAMGTB","module":"auto-trader","symbol":"ETHUSDT","msg":"aplicant correcció OCO a posició òrfena…"}
{"level":40,"time":1774531444778,"pid":37560,"hostname":"DESKTOP-KPAMGTB","module":"auto-trader","symbol":"ETHUSDT","uncoveredUsd":27.189143387999994,"msg":"no s'ha trobat cap bot actiu — venent posició òrfena a mercat"}
{"level":50,"time":1774531445006,"pid":37560,"hostname":"DESKTOP-KPAMGTB","module":"auto-trader","symbol":"ETHUSDT","err":"Binance /order 400: {\"code\":-1013,\"msg\":\"Filter failure: LOT_SIZE\"}","msg":"error en venda òrfena a mercat"}
{"level":30,"time":1774531445269,"pid":37560,"hostname":"DESKTOP-KPAMGTB","module":"auto-trader","symbol":"BNBUSDT","msg":"aplicant correcció OCO a posició òrfena…"}
{"level":40,"time":1774531445273,"pid":37560,"hostname":"DESKTOP-KPAMGTB","module":"auto-trader","symbol":"BNBUSDT","uncoveredUsd":53.226656425899996,"msg":"no s'ha trobat cap bot actiu — venent posició òrfena a mercat"}
{"level":50,"time":1774531445505,"pid":37560,"hostname":"DESKTOP-KPAMGTB","module":"auto-trader","symbol":"BNBUSDT","err":"Binance /order 400: {\"code\":-1013,\"msg\":\"Filter failure: LOT_SIZE\"}","msg":"error en venda òrfena a mercat"}
{"level":30,"time":1774531451599,"pid":37560,"hostname":"DESKTOP-KPAMGTB","module":"auto-trader","symbol":"SHIBUSDT","msg":"aplicant correcció OCO a posició òrfena…"}
{"level":40,"time":1774531451606,"pid":37560,"hostname":"DESKTOP-KPAMGTB","module":"auto-trader","symbol":"SHIBUSDT","uncoveredUsd":18.2833592181,"msg":"no s'ha trobat cap bot actiu — venent posició òrfena a mercat"}
{"level":50,"time":1774531451879,"pid":37560,"hostname":"DESKTOP-KPAMGTB","module":"auto-trader","symbol":"SHIBUSDT","err":"Binance /order 400: {\"code\":-1111,\"msg\":\"Parameter 'quantity' has too much precision.\"}","msg":"error en venda òrfena a mercat"}
{"level":40,"time":1774531502968,"pid":37560,"hostname":"DESKTOP-KPAMGTB","module":"auto-trader","symbol":"LTCUSDT","uncoveredUsd":25.778317620000003,"uncovered":0.470579,"msg":"posició parcialment sense SL — esperant 5 min per corregir"}
{"level":40,"time":1774531503204,"pid":37560,"hostname":"DESKTOP-KPAMGTB","module":"auto-trader","symbol":"ETHUSDT","uncoveredUsd":27.190582319999997,"uncovered":0.0130812,"msg":"posició parcialment sense SL — esperant 5 min per corregir"}
{"level":40,"time":1774531503438,"pid":37560,"hostname":"DESKTOP-KPAMGTB","module":"auto-trader","symbol":"BNBUSDT","uncoveredUsd":53.2249678433,"uncovered":0.08442913,"msg":"posició parcialment sense SL — esperant 5 min per corregir"}
{"level":40,"time":1774531507039,"pid":37560,"hostname":"DESKTOP-KPAMGTB","module":"auto-trader","symbol":"SHIBUSDT","uncoveredUsd":18.2833592181,"uncovered":3083197.17,"msg":"posició parcialment sense SL — esperant 5 min per corregir"}
{"level":30,"time":1774531804037,"pid":37560,"hostname":"DESKTOP-KPAMGTB","module":"auto-trader","symbol":"LTCUSDT","msg":"aplicant correcció OCO a posició òrfena…"}
{"level":40,"time":1774531804040,"pid":37560,"hostname":"DESKTOP-KPAMGTB","module":"auto-trader","symbol":"LTCUSDT","uncoveredUsd":25.773611830000004,"msg":"no s'ha trobat cap bot actiu — venent posició òrfena a mercat"}
{"level":50,"time":1774531804389,"pid":37560,"hostname":"DESKTOP-KPAMGTB","module":"auto-trader","symbol":"LTCUSDT","err":"Binance /order 400: {\"code\":-1013,\"msg\":\"Filter failure: LOT_SIZE\"}","msg":"error en venda òrfena a mercat"}
{"level":30,"time":1774531804622,"pid":37560,"hostname":"DESKTOP-KPAMGTB","module":"auto-trader","symbol":"ETHUSDT","msg":"aplicant correcció OCO a posició òrfena…"}
{"level":40,"time":1774531804627,"pid":37560,"hostname":"DESKTOP-KPAMGTB","module":"auto-trader","symbol":"ETHUSDT","uncoveredUsd":27.160103124,"msg":"no s'ha trobat cap bot actiu — venent posició òrfena a mercat"}
{"level":50,"time":1774531804860,"pid":37560,"hostname":"DESKTOP-KPAMGTB","module":"auto-trader","symbol":"ETHUSDT","err":"Binance /order 400: {\"code\":-1013,\"msg\":\"Filter failure: LOT_SIZE\"}","msg":"error en venda òrfena a mercat"}
{"level":30,"time":1774531805087,"pid":37560,"hostname":"DESKTOP-KPAMGTB","module":"auto-trader","symbol":"BNBUSDT","msg":"aplicant correcció OCO a posició òrfena…"}
{"level":40,"time":1774531805089,"pid":37560,"hostname":"DESKTOP-KPAMGTB","module":"auto-trader","symbol":"BNBUSDT","uncoveredUsd":53.208926308600006,"msg":"no s'ha trobat cap bot actiu — venent posició òrfena a mercat"}
{"level":50,"time":1774531805322,"pid":37560,"hostname":"DESKTOP-KPAMGTB","module":"auto-trader","symbol":"BNBUSDT","err":"Binance /order 400: {\"code\":-1013,\"msg\":\"Filter failure: LOT_SIZE\"}","msg":"error en venda òrfena a mercat"}
{"level":40,"time":1774531863051,"pid":37560,"hostname":"DESKTOP-KPAMGTB","module":"auto-trader","symbol":"LTCUSDT","uncoveredUsd":25.778317620000003,"uncovered":0.470579,"msg":"posició parcialment sense SL — esperant 5 min per corregir"}
{"level":40,"time":1774531863283,"pid":37560,"hostname":"DESKTOP-KPAMGTB","module":"auto-trader","symbol":"ETHUSDT","uncoveredUsd":27.16376586,"uncovered":0.0130812,"msg":"posició parcialment sense SL — esperant 5 min per corregir"}
{"level":40,"time":1774531863592,"pid":37560,"hostname":"DESKTOP-KPAMGTB","module":"auto-trader","symbol":"BNBUSDT","uncoveredUsd":53.208926308600006,"uncovered":0.08442913,"msg":"posició parcialment sense SL — esperant 5 min per corregir"}
{"level":30,"time":1774531868691,"pid":37560,"hostname":"DESKTOP-KPAMGTB","module":"auto-trader","symbol":"SHIBUSDT","msg":"aplicant correcció OCO a posició òrfena…"}
{"level":40,"time":1774531868696,"pid":37560,"hostname":"DESKTOP-KPAMGTB","module":"auto-trader","symbol":"SHIBUSDT","uncoveredUsd":18.2525272464,"msg":"no s'ha trobat cap bot actiu — venent posició òrfena a mercat"}
{"level":50,"time":1774531868929,"pid":37560,"hostname":"DESKTOP-KPAMGTB","module":"auto-trader","symbol":"SHIBUSDT","err":"Binance /order 400: {\"code\":-1111,\"msg\":\"Parameter 'quantity' has too much precision.\"}","msg":"error en venda òrfena a mercat"}
{"level":40,"time":1774531927479,"pid":37560,"hostname":"DESKTOP-KPAMGTB","module":"auto-trader","symbol":"SHIBUSDT","uncoveredUsd":18.2833592181,"uncovered":3083197.17,"msg":"posició parcialment sense SL — esperant 5 min per corregir"}
{"level":30,"time":1774532224359,"pid":37560,"hostname":"DESKTOP-KPAMGTB","module":"auto-trader","symbol":"LTCUSDT","msg":"aplicant correcció OCO a posició òrfena…"}
{"level":40,"time":1774532224361,"pid":37560,"hostname":"DESKTOP-KPAMGTB","module":"auto-trader","symbol":"LTCUSDT","uncoveredUsd":25.783023410000002,"msg":"no s'ha trobat cap bot actiu — venent posició òrfena a mercat"}
{"level":50,"time":1774532224612,"pid":37560,"hostname":"DESKTOP-KPAMGTB","module":"auto-trader","symbol":"LTCUSDT","err":"Binance /order 400: {\"code\":-1013,\"msg\":\"Filter failure: LOT_SIZE\"}","msg":"error en venda òrfena a mercat"}
{"level":30,"time":1774532224840,"pid":37560,"hostname":"DESKTOP-KPAMGTB","module":"auto-trader","symbol":"ETHUSDT","msg":"aplicant correcció OCO a posició òrfena…"}
{"level":40,"time":1774532224844,"pid":37560,"hostname":"DESKTOP-KPAMGTB","module":"auto-trader","symbol":"ETHUSDT","uncoveredUsd":27.182995224,"msg":"no s'ha trobat cap bot actiu — venent posició òrfena a mercat"}
{"level":50,"time":1774532225072,"pid":37560,"hostname":"DESKTOP-KPAMGTB","module":"auto-trader","symbol":"ETHUSDT","err":"Binance /order 400: {\"code\":-1013,\"msg\":\"Filter failure: LOT_SIZE\"}","msg":"error en venda òrfena a mercat"}
{"level":30,"time":1774532225292,"pid":37560,"hostname":"DESKTOP-KPAMGTB","module":"auto-trader","symbol":"BNBUSDT","msg":"aplicant correcció OCO a posició òrfena…"}
{"level":40,"time":1774532225294,"pid":37560,"hostname":"DESKTOP-KPAMGTB","module":"auto-trader","symbol":"BNBUSDT","uncoveredUsd":53.1945733565,"msg":"no s'ha trobat cap bot actiu — venent posició òrfena a mercat"}
{"level":50,"time":1774532225524,"pid":37560,"hostname":"DESKTOP-KPAMGTB","module":"auto-trader","symbol":"BNBUSDT","err":"Binance /order 400: {\"code\":-1013,\"msg\":\"Filter failure: LOT_SIZE\"}","msg":"error en venda òrfena a mercat"}
{"level":40,"time":1774532283096,"pid":37560,"hostname":"DESKTOP-KPAMGTB","module":"auto-trader","symbol":"LTCUSDT","uncoveredUsd":25.778317620000003,"uncovered":0.470579,"msg":"posició parcialment sense SL — esperant 5 min per corregir"}
{"level":40,"time":1774532283351,"pid":37560,"hostname":"DESKTOP-KPAMGTB","module":"auto-trader","symbol":"ETHUSDT","uncoveredUsd":27.16180368,"uncovered":0.0130812,"msg":"posició parcialment sense SL — esperant 5 min per corregir"}
{"level":40,"time":1774532283583,"pid":37560,"hostname":"DESKTOP-KPAMGTB","module":"auto-trader","symbol":"BNBUSDT","uncoveredUsd":53.1608017045,"uncovered":0.08442913,"msg":"posició parcialment sense SL — esperant 5 min per corregir"}
{"level":30,"time":1774532287812,"pid":37560,"hostname":"DESKTOP-KPAMGTB","module":"auto-trader","symbol":"SHIBUSDT","msg":"aplicant correcció OCO a posició òrfena…"}
{"level":40,"time":1774532287816,"pid":37560,"hostname":"DESKTOP-KPAMGTB","module":"auto-trader","symbol":"SHIBUSDT","uncoveredUsd":18.2833592181,"msg":"no s'ha trobat cap bot actiu — venent posició òrfena a mercat"}
{"level":50,"time":1774532288101,"pid":37560,"hostname":"DESKTOP-KPAMGTB","module":"auto-trader","symbol":"SHIBUSDT","err":"Binance /order 400: {\"code\":-1111,\"msg\":\"Parameter 'quantity' has too much precision.\"}","msg":"error en venda òrfena a mercat"}
{"level":40,"time":1774532347853,"pid":37560,"hostname":"DESKTOP-KPAMGTB","module":"auto-trader","symbol":"SHIBUSDT","uncoveredUsd":18.2525272464,"uncovered":3083197.17,"msg":"posició parcialment sense SL — esperant 5 min per corregir"}
{"level":30,"time":1774532583736,"pid":37560,"hostname":"DESKTOP-KPAMGTB","module":"auto-trader","symbol":"LTCUSDT","msg":"aplicant correcció OCO a posició òrfena…"}
{"level":40,"time":1774532583737,"pid":37560,"hostname":"DESKTOP-KPAMGTB","module":"auto-trader","symbol":"LTCUSDT","uncoveredUsd":25.773611830000004,"msg":"no s'ha trobat cap bot actiu — venent posició òrfena a mercat"}
{"level":50,"time":1774532584212,"pid":37560,"hostname":"DESKTOP-KPAMGTB","module":"auto-trader","symbol":"LTCUSDT","err":"Binance /order 400: {\"code\":-1013,\"msg\":\"Filter failure: LOT_SIZE\"}","msg":"error en venda òrfena a mercat"}
{"level":40,"time":1774532645021,"pid":37560,"hostname":"DESKTOP-KPAMGTB","module":"auto-trader","symbol":"LTCUSDT","uncoveredUsd":25.778317620000003,"uncovered":0.470579,"msg":"posició parcialment sense SL — esperant 5 min per corregir"}
{"level":30,"time":1774532645260,"pid":37560,"hostname":"DESKTOP-KPAMGTB","module":"auto-trader","symbol":"ETHUSDT","msg":"aplicant correcció OCO a posició òrfena…"}
{"level":40,"time":1774532645264,"pid":37560,"hostname":"DESKTOP-KPAMGTB","module":"auto-trader","symbol":"ETHUSDT","uncoveredUsd":27.15787932,"msg":"no s'ha trobat cap bot actiu — venent posició òrfena a mercat"}
{"level":50,"time":1774532645522,"pid":37560,"hostname":"DESKTOP-KPAMGTB","module":"auto-trader","symbol":"ETHUSDT","err":"Binance /order 400: {\"code\":-1013,\"msg\":\"Filter failure: LOT_SIZE\"}","msg":"error en venda òrfena a mercat"}
{"level":30,"time":1774532645752,"pid":37560,"hostname":"DESKTOP-KPAMGTB","module":"auto-trader","symbol":"BNBUSDT","msg":"aplicant correcció OCO a posició òrfena…"}
{"level":40,"time":1774532645758,"pid":37560,"hostname":"DESKTOP-KPAMGTB","module":"auto-trader","symbol":"BNBUSDT","uncoveredUsd":53.155735956700006,"msg":"no s'ha trobat cap bot actiu — venent posició òrfena a mercat"}
{"level":50,"time":1774532646017,"pid":37560,"hostname":"DESKTOP-KPAMGTB","module":"auto-trader","symbol":"BNBUSDT","err":"Binance /order 400: {\"code\":-1013,\"msg\":\"Filter failure: LOT_SIZE\"}","msg":"error en venda òrfena a mercat"}
{"level":40,"time":1774532704265,"pid":37560,"hostname":"DESKTOP-KPAMGTB","module":"auto-trader","symbol":"ETHUSDT","uncoveredUsd":27.275348496,"uncovered":0.0130812,"msg":"posició parcialment sense SL — esperant 5 min per corregir"}
{"level":40,"time":1774532704501,"pid":37560,"hostname":"DESKTOP-KPAMGTB","module":"auto-trader","symbol":"BNBUSDT","uncoveredUsd":53.2773139039,"uncovered":0.08442913,"msg":"posició parcialment sense SL — esperant 5 min per corregir"}
{"level":30,"time":1774532708121,"pid":37560,"hostname":"DESKTOP-KPAMGTB","module":"auto-trader","symbol":"SHIBUSDT","msg":"aplicant correcció OCO a posició òrfena…"}
{"level":40,"time":1774532708124,"pid":37560,"hostname":"DESKTOP-KPAMGTB","module":"auto-trader","symbol":"SHIBUSDT","uncoveredUsd":18.3141911898,"msg":"no s'ha trobat cap bot actiu — venent posició òrfena a mercat"}
{"level":50,"time":1774532708585,"pid":37560,"hostname":"DESKTOP-KPAMGTB","module":"auto-trader","symbol":"SHIBUSDT","err":"Binance /order 400: {\"code\":-1111,\"msg\":\"Parameter 'quantity' has too much precision.\"}","msg":"error en venda òrfena a mercat"}
{"level":40,"time":1774532767285,"pid":37560,"hostname":"DESKTOP-KPAMGTB","module":"auto-trader","symbol":"SHIBUSDT","uncoveredUsd":18.375855133199998,"uncovered":3083197.17,"msg":"posició parcialment sense SL — esperant 5 min per corregir"}
{"level":30,"time":1774533003198,"pid":37560,"hostname":"DESKTOP-KPAMGTB","module":"auto-trader","symbol":"LTCUSDT","msg":"aplicant correcció OCO a posició òrfena…"}
{"level":40,"time":1774533003201,"pid":37560,"hostname":"DESKTOP-KPAMGTB","module":"auto-trader","symbol":"LTCUSDT","uncoveredUsd":25.877139210000003,"msg":"no s'ha trobat cap bot actiu — venent posició òrfena a mercat"}
{"level":50,"time":1774533003433,"pid":37560,"hostname":"DESKTOP-KPAMGTB","module":"auto-trader","symbol":"LTCUSDT","err":"Binance /order 400: {\"code\":-1013,\"msg\":\"Filter failure: LOT_SIZE\"}","msg":"error en venda òrfena a mercat"}
{"level":40,"time":1774533063518,"pid":37560,"hostname":"DESKTOP-KPAMGTB","module":"auto-trader","symbol":"LTCUSDT","uncoveredUsd":25.881845000000002,"uncovered":0.470579,"msg":"posició parcialment sense SL — esperant 5 min per corregir"}
{"level":30,"time":1774533063781,"pid":37560,"hostname":"DESKTOP-KPAMGTB","module":"auto-trader","symbol":"ETHUSDT","msg":"aplicant correcció OCO a posició òrfena…"}
{"level":40,"time":1774533063788,"pid":37560,"hostname":"DESKTOP-KPAMGTB","module":"auto-trader","symbol":"ETHUSDT","uncoveredUsd":27.267761399999998,"msg":"no s'ha trobat cap bot actiu — venent posició òrfena a mercat"}
{"level":50,"time":1774533064017,"pid":37560,"hostname":"DESKTOP-KPAMGTB","module":"auto-trader","symbol":"ETHUSDT","err":"Binance /order 400: {\"code\":-1013,\"msg\":\"Filter failure: LOT_SIZE\"}","msg":"error en venda òrfena a mercat"}
{"level":30,"time":1774533064243,"pid":37560,"hostname":"DESKTOP-KPAMGTB","module":"auto-trader","symbol":"BNBUSDT","msg":"aplicant correcció OCO a posició òrfena…"}
{"level":40,"time":1774533064246,"pid":37560,"hostname":"DESKTOP-KPAMGTB","module":"auto-trader","symbol":"BNBUSDT","uncoveredUsd":53.311929847200005,"msg":"no s'ha trobat cap bot actiu — venent posició òrfena a mercat"}
{"level":50,"time":1774533065123,"pid":37560,"hostname":"DESKTOP-KPAMGTB","module":"auto-trader","symbol":"BNBUSDT","err":"Binance /order 400: {\"code\":-1013,\"msg\":\"Filter failure: LOT_SIZE\"}","msg":"error en venda òrfena a mercat"}
{"level":40,"time":1774533124170,"pid":37560,"hostname":"DESKTOP-KPAMGTB","module":"auto-trader","symbol":"ETHUSDT","uncoveredUsd":27.289999439999995,"uncovered":0.0130812,"msg":"posició parcialment sense SL — esperant 5 min per corregir"}
{"level":40,"time":1774533124419,"pid":37560,"hostname":"DESKTOP-KPAMGTB","module":"auto-trader","symbol":"BNBUSDT","uncoveredUsd":53.3372585862,"uncovered":0.08442913,"msg":"posició parcialment sense SL — esperant 5 min per corregir"}
{"level":30,"time":1774533128099,"pid":37560,"hostname":"DESKTOP-KPAMGTB","module":"auto-trader","symbol":"SHIBUSDT","msg":"aplicant correcció OCO a posició òrfena…"}
{"level":40,"time":1774533128102,"pid":37560,"hostname":"DESKTOP-KPAMGTB","module":"auto-trader","symbol":"SHIBUSDT","uncoveredUsd":18.3450231615,"msg":"no s'ha trobat cap bot actiu — venent posició òrfena a mercat"}
{"level":50,"time":1774533128330,"pid":37560,"hostname":"DESKTOP-KPAMGTB","module":"auto-trader","symbol":"SHIBUSDT","err":"Binance /order 400: {\"code\":-1111,\"msg\":\"Parameter 'quantity' has too much precision.\"}","msg":"error en venda òrfena a mercat"}
{"level":40,"time":1774533187748,"pid":37560,"hostname":"DESKTOP-KPAMGTB","module":"auto-trader","symbol":"SHIBUSDT","uncoveredUsd":18.406687104899998,"uncovered":3083197.17,"msg":"posició parcialment sense SL — esperant 5 min per corregir"}
{"level":30,"time":1774533425097,"pid":37560,"hostname":"DESKTOP-KPAMGTB","module":"auto-trader","symbol":"LTCUSDT","msg":"aplicant correcció OCO a posició òrfena…"}
{"level":40,"time":1774533425102,"pid":37560,"hostname":"DESKTOP-KPAMGTB","module":"auto-trader","symbol":"LTCUSDT","uncoveredUsd":25.87243342,"msg":"no s'ha trobat cap bot actiu — venent posició òrfena a mercat"}
{"level":50,"time":1774533425360,"pid":37560,"hostname":"DESKTOP-KPAMGTB","module":"auto-trader","symbol":"LTCUSDT","err":"Binance /order 400: {\"code\":-1013,\"msg\":\"Filter failure: LOT_SIZE\"}","msg":"error en venda òrfena a mercat"}
{"level":30,"time":1774533425614,"pid":37560,"hostname":"DESKTOP-KPAMGTB","module":"auto-trader","symbol":"ETHUSDT","msg":"aplicant correcció OCO a posició òrfena…"}
{"level":40,"time":1774533425617,"pid":37560,"hostname":"DESKTOP-KPAMGTB","module":"auto-trader","symbol":"ETHUSDT","uncoveredUsd":27.235189212,"msg":"no s'ha trobat cap bot actiu — venent posició òrfena a mercat"}
{"level":50,"time":1774533425845,"pid":37560,"hostname":"DESKTOP-KPAMGTB","module":"auto-trader","symbol":"ETHUSDT","err":"Binance /order 400: {\"code\":-1013,\"msg\":\"Filter failure: LOT_SIZE\"}","msg":"error en venda òrfena a mercat"}
{"level":30,"time":1774533426075,"pid":37560,"hostname":"DESKTOP-KPAMGTB","module":"auto-trader","symbol":"BNBUSDT","msg":"aplicant correcció OCO a posició òrfena…"}
{"level":40,"time":1774533426080,"pid":37560,"hostname":"DESKTOP-KPAMGTB","module":"auto-trader","symbol":"BNBUSDT","uncoveredUsd":53.30348693420001,"msg":"no s'ha trobat cap bot actiu — venent posició òrfena a mercat"}
{"level":50,"time":1774533426338,"pid":37560,"hostname":"DESKTOP-KPAMGTB","module":"auto-trader","symbol":"BNBUSDT","err":"Binance /order 400: {\"code\":-1013,\"msg\":\"Filter failure: LOT_SIZE\"}","msg":"error en venda òrfena a mercat"}
{"level":40,"time":1774533483279,"pid":37560,"hostname":"DESKTOP-KPAMGTB","module":"auto-trader","symbol":"LTCUSDT","uncoveredUsd":25.881845000000002,"uncovered":0.470579,"msg":"posició parcialment sense SL — esperant 5 min per corregir"}
{"level":40,"time":1774533483509,"pid":37560,"hostname":"DESKTOP-KPAMGTB","module":"auto-trader","symbol":"ETHUSDT","uncoveredUsd":27.228386987999997,"uncovered":0.0130812,"msg":"posició parcialment sense SL — esperant 5 min per corregir"}
{"level":40,"time":1774533484231,"pid":37560,"hostname":"DESKTOP-KPAMGTB","module":"auto-trader","symbol":"BNBUSDT","uncoveredUsd":53.2891339821,"uncovered":0.08442913,"msg":"posició parcialment sense SL — esperant 5 min per corregir"}
{"level":30,"time":1774533547674,"pid":37560,"hostname":"DESKTOP-KPAMGTB","module":"auto-trader","symbol":"SHIBUSDT","msg":"aplicant correcció OCO a posició òrfena…"}
{"level":40,"time":1774533547681,"pid":37560,"hostname":"DESKTOP-KPAMGTB","module":"auto-trader","symbol":"SHIBUSDT","uncoveredUsd":18.3450231615,"msg":"no s'ha trobat cap bot actiu — venent posició òrfena a mercat"}
{"level":50,"time":1774533547922,"pid":37560,"hostname":"DESKTOP-KPAMGTB","module":"auto-trader","symbol":"SHIBUSDT","err":"Binance /order 400: {\"code\":-1111,\"msg\":\"Parameter 'quantity' has too much precision.\"}","msg":"error en venda òrfena a mercat"}
{"level":30,"time":1774533574507,"pid":37560,"hostname":"DESKTOP-KPAMGTB","module":"binance","assets":23,"msg":"balance"}
{"level":30,"time":1774533601945,"pid":37560,"hostname":"DESKTOP-KPAMGTB","module":"telegram","msg":"informe horari enviat"}
{"level":40,"time":1774533608524,"pid":37560,"hostname":"DESKTOP-KPAMGTB","module":"auto-trader","symbol":"SHIBUSDT","uncoveredUsd":18.375855133199998,"uncovered":3083197.17,"msg":"posició parcialment sense SL — esperant 5 min per corregir"}
{"level":30,"time":1774533843442,"pid":37560,"hostname":"DESKTOP-KPAMGTB","module":"auto-trader","symbol":"LTCUSDT","msg":"aplicant correcció OCO a posició òrfena…"}
{"level":40,"time":1774533843447,"pid":37560,"hostname":"DESKTOP-KPAMGTB","module":"auto-trader","symbol":"LTCUSDT","uncoveredUsd":25.9289029,"msg":"no s'ha trobat cap bot actiu — venent posició òrfena a mercat"}
{"level":50,"time":1774533843688,"pid":37560,"hostname":"DESKTOP-KPAMGTB","module":"auto-trader","symbol":"LTCUSDT","err":"Binance /order 400: {\"code\":-1013,\"msg\":\"Filter failure: LOT_SIZE\"}","msg":"error en venda òrfena a mercat"}
{"level":30,"time":1774533843949,"pid":37560,"hostname":"DESKTOP-KPAMGTB","module":"auto-trader","symbol":"ETHUSDT","msg":"aplicant correcció OCO a posició òrfena…"}
{"level":40,"time":1774533843952,"pid":37560,"hostname":"DESKTOP-KPAMGTB","module":"auto-trader","symbol":"ETHUSDT","uncoveredUsd":27.215044163999995,"msg":"no s'ha trobat cap bot actiu — venent posició òrfena a mercat"}
{"level":50,"time":1774533844186,"pid":37560,"hostname":"DESKTOP-KPAMGTB","module":"auto-trader","symbol":"ETHUSDT","err":"Binance /order 400: {\"code\":-1013,\"msg\":\"Filter failure: LOT_SIZE\"}","msg":"error en venda òrfena a mercat"}
{"level":30,"time":1774533844444,"pid":37560,"hostname":"DESKTOP-KPAMGTB","module":"auto-trader","symbol":"BNBUSDT","msg":"aplicant correcció OCO a posició òrfena…"}
{"level":40,"time":1774533844445,"pid":37560,"hostname":"DESKTOP-KPAMGTB","module":"auto-trader","symbol":"BNBUSDT","uncoveredUsd":53.325438508000005,"msg":"no s'ha trobat cap bot actiu — venent posició òrfena a mercat"}
{"level":50,"time":1774533844669,"pid":37560,"hostname":"DESKTOP-KPAMGTB","module":"auto-trader","symbol":"BNBUSDT","err":"Binance /order 400: {\"code\":-1013,\"msg\":\"Filter failure: LOT_SIZE\"}","msg":"error en venda òrfena a mercat"}
{"level":40,"time":1774533903334,"pid":37560,"hostname":"DESKTOP-KPAMGTB","module":"auto-trader","symbol":"LTCUSDT","uncoveredUsd":25.9289029,"uncovered":0.470579,"msg":"posició parcialment sense SL — esperant 5 min per corregir"}
{"level":40,"time":1774533903577,"pid":37560,"hostname":"DESKTOP-KPAMGTB","module":"auto-trader","symbol":"ETHUSDT","uncoveredUsd":27.212820360000002,"uncovered":0.0130812,"msg":"posició parcialment sense SL — esperant 5 min per corregir"}
{"level":40,"time":1774533903849,"pid":37560,"hostname":"DESKTOP-KPAMGTB","module":"auto-trader","symbol":"BNBUSDT","uncoveredUsd":53.3271270906,"uncovered":0.08442913,"msg":"posició parcialment sense SL — esperant 5 min per corregir"}
{"level":30,"time":1774533967717,"pid":37560,"hostname":"DESKTOP-KPAMGTB","module":"auto-trader","symbol":"SHIBUSDT","msg":"aplicant correcció OCO a posició òrfena…"}
{"level":40,"time":1774533967719,"pid":37560,"hostname":"DESKTOP-KPAMGTB","module":"auto-trader","symbol":"SHIBUSDT","uncoveredUsd":18.3450231615,"msg":"no s'ha trobat cap bot actiu — venent posició òrfena a mercat"}
{"level":50,"time":1774533967947,"pid":37560,"hostname":"DESKTOP-KPAMGTB","module":"auto-trader","symbol":"SHIBUSDT","err":"Binance /order 400: {\"code\":-1111,\"msg\":\"Parameter 'quantity' has too much precision.\"}","msg":"error en venda òrfena a mercat"}
{"level":40,"time":1774534027507,"pid":37560,"hostname":"DESKTOP-KPAMGTB","module":"auto-trader","symbol":"SHIBUSDT","uncoveredUsd":18.375855133199998,"uncovered":3083197.17,"msg":"posició parcialment sense SL — esperant 5 min per corregir"}
{"level":30,"time":1774534263424,"pid":37560,"hostname":"DESKTOP-KPAMGTB","module":"auto-trader","symbol":"LTCUSDT","msg":"aplicant correcció OCO a posició òrfena…"}
{"level":40,"time":1774534263425,"pid":37560,"hostname":"DESKTOP-KPAMGTB","module":"auto-trader","symbol":"LTCUSDT","uncoveredUsd":25.92419711,"msg":"no s'ha trobat cap bot actiu — venent posició òrfena a mercat"}
{"level":50,"time":1774534263678,"pid":37560,"hostname":"DESKTOP-KPAMGTB","module":"auto-trader","symbol":"LTCUSDT","err":"Binance /order 400: {\"code\":-1013,\"msg\":\"Filter failure: LOT_SIZE\"}","msg":"error en venda òrfena a mercat"}
{"level":30,"time":1774534263926,"pid":37560,"hostname":"DESKTOP-KPAMGTB","module":"auto-trader","symbol":"ETHUSDT","msg":"aplicant correcció OCO a posició òrfena…"}
{"level":40,"time":1774534263931,"pid":37560,"hostname":"DESKTOP-KPAMGTB","module":"auto-trader","symbol":"ETHUSDT","uncoveredUsd":27.202747836,"msg":"no s'ha trobat cap bot actiu — venent posició òrfena a mercat"}
{"level":50,"time":1774534264166,"pid":37560,"hostname":"DESKTOP-KPAMGTB","module":"auto-trader","symbol":"ETHUSDT","err":"Binance /order 400: {\"code\":-1013,\"msg\":\"Filter failure: LOT_SIZE\"}","msg":"error en venda òrfena a mercat"}
{"level":30,"time":1774534264421,"pid":37560,"hostname":"DESKTOP-KPAMGTB","module":"auto-trader","symbol":"BNBUSDT","msg":"aplicant correcció OCO a posició òrfena…"}
{"level":40,"time":1774534264425,"pid":37560,"hostname":"DESKTOP-KPAMGTB","module":"auto-trader","symbol":"BNBUSDT","uncoveredUsd":53.2984211864,"msg":"no s'ha trobat cap bot actiu — venent posició òrfena a mercat"}
{"level":50,"time":1774534264676,"pid":37560,"hostname":"DESKTOP-KPAMGTB","module":"auto-trader","symbol":"BNBUSDT","err":"Binance /order 400: {\"code\":-1013,\"msg\":\"Filter failure: LOT_SIZE\"}","msg":"error en venda òrfena a mercat"}
{"level":40,"time":1774534323417,"pid":37560,"hostname":"DESKTOP-KPAMGTB","module":"auto-trader","symbol":"LTCUSDT","uncoveredUsd":25.900668160000002,"uncovered":0.470579,"msg":"posició parcialment sense SL — esperant 5 min per corregir"}
{"level":40,"time":1774534323683,"pid":37560,"hostname":"DESKTOP-KPAMGTB","module":"auto-trader","symbol":"ETHUSDT","uncoveredUsd":27.181033043999996,"uncovered":0.0130812,"msg":"posició parcialment sense SL — esperant 5 min per corregir"}
{"level":40,"time":1774534323941,"pid":37560,"hostname":"DESKTOP-KPAMGTB","module":"auto-trader","symbol":"BNBUSDT","uncoveredUsd":53.26127236920001,"uncovered":0.08442913,"msg":"posició parcialment sense SL — esperant 5 min per corregir"}
{"level":30,"time":1774534389378,"pid":37560,"hostname":"DESKTOP-KPAMGTB","module":"auto-trader","symbol":"SHIBUSDT","msg":"aplicant correcció OCO a posició òrfena…"}
{"level":40,"time":1774534389382,"pid":37560,"hostname":"DESKTOP-KPAMGTB","module":"auto-trader","symbol":"SHIBUSDT","uncoveredUsd":18.3141911898,"msg":"no s'ha trobat cap bot actiu — venent posició òrfena a mercat"}
{"level":50,"time":1774534389660,"pid":37560,"hostname":"DESKTOP-KPAMGTB","module":"auto-trader","symbol":"SHIBUSDT","err":"Binance /order 400: {\"code\":-1111,\"msg\":\"Parameter 'quantity' has too much precision.\"}","msg":"error en venda òrfena a mercat"}
{"level":40,"time":1774534447610,"pid":37560,"hostname":"DESKTOP-KPAMGTB","module":"auto-trader","symbol":"SHIBUSDT","uncoveredUsd":18.2833592181,"uncovered":3083197.17,"msg":"posició parcialment sense SL — esperant 5 min per corregir"}
{"level":30,"time":1774534684341,"pid":37560,"hostname":"DESKTOP-KPAMGTB","module":"auto-trader","symbol":"LTCUSDT","msg":"aplicant correcció OCO a posició òrfena…"}
{"level":40,"time":1774534684342,"pid":37560,"hostname":"DESKTOP-KPAMGTB","module":"auto-trader","symbol":"LTCUSDT","uncoveredUsd":25.92419711,"msg":"no s'ha trobat cap bot actiu — venent posició òrfena a mercat"}
{"level":50,"time":1774534684571,"pid":37560,"hostname":"DESKTOP-KPAMGTB","module":"auto-trader","symbol":"LTCUSDT","err":"Binance /order 400: {\"code\":-1013,\"msg\":\"Filter failure: LOT_SIZE\"}","msg":"error en venda òrfena a mercat"}
{"level":30,"time":1774534684831,"pid":37560,"hostname":"DESKTOP-KPAMGTB","module":"auto-trader","symbol":"ETHUSDT","msg":"aplicant correcció OCO a posició òrfena…"}
{"level":40,"time":1774534684836,"pid":37560,"hostname":"DESKTOP-KPAMGTB","module":"auto-trader","symbol":"ETHUSDT","uncoveredUsd":27.207718691999997,"msg":"no s'ha trobat cap bot actiu — venent posició òrfena a mercat"}
{"level":50,"time":1774534685065,"pid":37560,"hostname":"DESKTOP-KPAMGTB","module":"auto-trader","symbol":"ETHUSDT","err":"Binance /order 400: {\"code\":-1013,\"msg\":\"Filter failure: LOT_SIZE\"}","msg":"error en venda òrfena a mercat"}
{"level":30,"time":1774534685293,"pid":37560,"hostname":"DESKTOP-KPAMGTB","module":"auto-trader","symbol":"BNBUSDT","msg":"aplicant correcció OCO a posició òrfena…"}
{"level":40,"time":1774534685296,"pid":37560,"hostname":"DESKTOP-KPAMGTB","module":"auto-trader","symbol":"BNBUSDT","uncoveredUsd":53.3203727602,"msg":"no s'ha trobat cap bot actiu — venent posició òrfena a mercat"}
{"level":50,"time":1774534685553,"pid":37560,"hostname":"DESKTOP-KPAMGTB","module":"auto-trader","symbol":"BNBUSDT","err":"Binance /order 400: {\"code\":-1013,\"msg\":\"Filter failure: LOT_SIZE\"}","msg":"error en venda òrfena a mercat"}
{"level":40,"time":1774534743334,"pid":37560,"hostname":"DESKTOP-KPAMGTB","module":"auto-trader","symbol":"LTCUSDT","uncoveredUsd":25.90537395,"uncovered":0.470579,"msg":"posició parcialment sense SL — esperant 5 min per corregir"}
{"level":40,"time":1774534743570,"pid":37560,"hostname":"DESKTOP-KPAMGTB","module":"auto-trader","symbol":"ETHUSDT","uncoveredUsd":27.198300228,"uncovered":0.0130812,"msg":"posició parcialment sense SL — esperant 5 min per corregir"}
{"level":40,"time":1774534743810,"pid":37560,"hostname":"DESKTOP-KPAMGTB","module":"auto-trader","symbol":"BNBUSDT","uncoveredUsd":53.28153536040001,"uncovered":0.08442913,"msg":"posició parcialment sense SL — esperant 5 min per corregir"}
{"level":30,"time":1774534808033,"pid":37560,"hostname":"DESKTOP-KPAMGTB","module":"auto-trader","symbol":"SHIBUSDT","msg":"aplicant correcció OCO a posició òrfena…"}
{"level":40,"time":1774534808043,"pid":37560,"hostname":"DESKTOP-KPAMGTB","module":"auto-trader","symbol":"SHIBUSDT","uncoveredUsd":18.2833592181,"msg":"no s'ha trobat cap bot actiu — venent posició òrfena a mercat"}
{"level":50,"time":1774534808281,"pid":37560,"hostname":"DESKTOP-KPAMGTB","module":"auto-trader","symbol":"SHIBUSDT","err":"Binance /order 400: {\"code\":-1111,\"msg\":\"Parameter 'quantity' has too much precision.\"}","msg":"error en venda òrfena a mercat"}
{"level":40,"time":1774534868294,"pid":37560,"hostname":"DESKTOP-KPAMGTB","module":"auto-trader","symbol":"SHIBUSDT","uncoveredUsd":18.2525272464,"uncovered":3083197.17,"msg":"posició parcialment sense SL — esperant 5 min per corregir"}
{"level":30,"time":1774535103408,"pid":37560,"hostname":"DESKTOP-KPAMGTB","module":"auto-trader","symbol":"LTCUSDT","msg":"aplicant correcció OCO a posició òrfena…"}
{"level":40,"time":1774535103411,"pid":37560,"hostname":"DESKTOP-KPAMGTB","module":"auto-trader","symbol":"LTCUSDT","uncoveredUsd":25.895962370000003,"msg":"no s'ha trobat cap bot actiu — venent posició òrfena a mercat"}
{"level":50,"time":1774535103676,"pid":37560,"hostname":"DESKTOP-KPAMGTB","module":"auto-trader","symbol":"LTCUSDT","err":"Binance /order 400: {\"code\":-1013,\"msg\":\"Filter failure: LOT_SIZE\"}","msg":"error en venda òrfena a mercat"}
{"level":30,"time":1774535103900,"pid":37560,"hostname":"DESKTOP-KPAMGTB","module":"auto-trader","symbol":"ETHUSDT","msg":"aplicant correcció OCO a posició òrfena…"}
{"level":40,"time":1774535103903,"pid":37560,"hostname":"DESKTOP-KPAMGTB","module":"auto-trader","symbol":"ETHUSDT","uncoveredUsd":27.129493115999995,"msg":"no s'ha trobat cap bot actiu — venent posició òrfena a mercat"}
{"level":50,"time":1774535104137,"pid":37560,"hostname":"DESKTOP-KPAMGTB","module":"auto-trader","symbol":"ETHUSDT","err":"Binance /order 400: {\"code\":-1013,\"msg\":\"Filter failure: LOT_SIZE\"}","msg":"error en venda òrfena a mercat"}
{"level":30,"time":1774535104368,"pid":37560,"hostname":"DESKTOP-KPAMGTB","module":"auto-trader","symbol":"BNBUSDT","msg":"aplicant correcció OCO a posició òrfena…"}
{"level":40,"time":1774535104371,"pid":37560,"hostname":"DESKTOP-KPAMGTB","module":"auto-trader","symbol":"BNBUSDT","uncoveredUsd":53.223279260700004,"msg":"no s'ha trobat cap bot actiu — venent posició òrfena a mercat"}
{"level":50,"time":1774535104603,"pid":37560,"hostname":"DESKTOP-KPAMGTB","module":"auto-trader","symbol":"BNBUSDT","err":"Binance /order 400: {\"code\":-1013,\"msg\":\"Filter failure: LOT_SIZE\"}","msg":"error en venda òrfena a mercat"}
{"level":40,"time":1774535164827,"pid":37560,"hostname":"DESKTOP-KPAMGTB","module":"auto-trader","symbol":"LTCUSDT","uncoveredUsd":25.895962370000003,"uncovered":0.470579,"msg":"posició parcialment sense SL — esperant 5 min per corregir"}
{"level":40,"time":1774535165051,"pid":37560,"hostname":"DESKTOP-KPAMGTB","module":"auto-trader","symbol":"ETHUSDT","uncoveredUsd":27.142574315999997,"uncovered":0.0130812,"msg":"posició parcialment sense SL — esperant 5 min per corregir"}
{"level":40,"time":1774535165277,"pid":37560,"hostname":"DESKTOP-KPAMGTB","module":"auto-trader","symbol":"BNBUSDT","uncoveredUsd":53.2308778824,"uncovered":0.08442913,"msg":"posició parcialment sense SL — esperant 5 min per corregir"}
{"level":30,"time":1774535228644,"pid":37560,"hostname":"DESKTOP-KPAMGTB","module":"auto-trader","symbol":"SHIBUSDT","msg":"aplicant correcció OCO a posició òrfena…"}
{"level":40,"time":1774535228648,"pid":37560,"hostname":"DESKTOP-KPAMGTB","module":"auto-trader","symbol":"SHIBUSDT","uncoveredUsd":18.2833592181,"msg":"no s'ha trobat cap bot actiu — venent posició òrfena a mercat"}
{"level":50,"time":1774535228879,"pid":37560,"hostname":"DESKTOP-KPAMGTB","module":"auto-trader","symbol":"SHIBUSDT","err":"Binance /order 400: {\"code\":-1111,\"msg\":\"Parameter 'quantity' has too much precision.\"}","msg":"error en venda òrfena a mercat"}
{"level":40,"time":1774535289013,"pid":37560,"hostname":"DESKTOP-KPAMGTB","module":"auto-trader","symbol":"SHIBUSDT","uncoveredUsd":18.2833592181,"uncovered":3083197.17,"msg":"posició parcialment sense SL — esperant 5 min per corregir"}
{"level":30,"time":1774535466162,"pid":37560,"hostname":"DESKTOP-KPAMGTB","module":"auto-trader","symbol":"LTCUSDT","msg":"aplicant correcció OCO a posició òrfena…"}
{"level":40,"time":1774535466165,"pid":37560,"hostname":"DESKTOP-KPAMGTB","module":"auto-trader","symbol":"LTCUSDT","uncoveredUsd":25.900668160000002,"msg":"no s'ha trobat cap bot actiu — venent posició òrfena a mercat"}
{"level":50,"time":1774535466390,"pid":37560,"hostname":"DESKTOP-KPAMGTB","module":"auto-trader","symbol":"LTCUSDT","err":"Binance /order 400: {\"code\":-1013,\"msg\":\"Filter failure: LOT_SIZE\"}","msg":"error en venda òrfena a mercat"}
{"level":30,"time":1774535466654,"pid":37560,"hostname":"DESKTOP-KPAMGTB","module":"auto-trader","symbol":"ETHUSDT","msg":"aplicant correcció OCO a posició òrfena…"}
{"level":40,"time":1774535466656,"pid":37560,"hostname":"DESKTOP-KPAMGTB","module":"auto-trader","symbol":"ETHUSDT","uncoveredUsd":27.188620139999998,"msg":"no s'ha trobat cap bot actiu — venent posició òrfena a mercat"}
{"level":50,"time":1774535466883,"pid":37560,"hostname":"DESKTOP-KPAMGTB","module":"auto-trader","symbol":"ETHUSDT","err":"Binance /order 400: {\"code\":-1013,\"msg\":\"Filter failure: LOT_SIZE\"}","msg":"error en venda òrfena a mercat"}
{"level":30,"time":1774535467114,"pid":37560,"hostname":"DESKTOP-KPAMGTB","module":"auto-trader","symbol":"BNBUSDT","msg":"aplicant correcció OCO a posició òrfena…"}
{"level":40,"time":1774535467119,"pid":37560,"hostname":"DESKTOP-KPAMGTB","module":"auto-trader","symbol":"BNBUSDT","uncoveredUsd":53.224123552,"msg":"no s'ha trobat cap bot actiu — venent posició òrfena a mercat"}
{"level":50,"time":1774535467399,"pid":37560,"hostname":"DESKTOP-KPAMGTB","module":"auto-trader","symbol":"BNBUSDT","err":"Binance /order 400: {\"code\":-1013,\"msg\":\"Filter failure: LOT_SIZE\"}","msg":"error en venda òrfena a mercat"}
{"level":40,"time":1774535524025,"pid":37560,"hostname":"DESKTOP-KPAMGTB","module":"auto-trader","symbol":"LTCUSDT","uncoveredUsd":25.914785530000003,"uncovered":0.470579,"msg":"posició parcialment sense SL — esperant 5 min per corregir"}
{"level":40,"time":1774535524302,"pid":37560,"hostname":"DESKTOP-KPAMGTB","module":"auto-trader","symbol":"ETHUSDT","uncoveredUsd":27.206541384,"uncovered":0.0130812,"msg":"posició parcialment sense SL — esperant 5 min per corregir"}
{"level":40,"time":1774535524531,"pid":37560,"hostname":"DESKTOP-KPAMGTB","module":"auto-trader","symbol":"BNBUSDT","uncoveredUsd":53.2342550476,"uncovered":0.08442913,"msg":"posició parcialment sense SL — esperant 5 min per corregir"}
{"level":30,"time":1774535648772,"pid":37560,"hostname":"DESKTOP-KPAMGTB","module":"auto-trader","symbol":"SHIBUSDT","msg":"aplicant correcció OCO a posició òrfena…"}
{"level":40,"time":1774535648775,"pid":37560,"hostname":"DESKTOP-KPAMGTB","module":"auto-trader","symbol":"SHIBUSDT","uncoveredUsd":18.3141911898,"msg":"no s'ha trobat cap bot actiu — venent posició òrfena a mercat"}
{"level":50,"time":1774535649006,"pid":37560,"hostname":"DESKTOP-KPAMGTB","module":"auto-trader","symbol":"SHIBUSDT","err":"Binance /order 400: {\"code\":-1111,\"msg\":\"Parameter 'quantity' has too much precision.\"}","msg":"error en venda òrfena a mercat"}
{"level":40,"time":1774535708217,"pid":37560,"hostname":"DESKTOP-KPAMGTB","module":"auto-trader","symbol":"SHIBUSDT","uncoveredUsd":18.3450231615,"uncovered":3083197.17,"msg":"posició parcialment sense SL — esperant 5 min per corregir"}
{"level":30,"time":1774535883638,"pid":37560,"hostname":"DESKTOP-KPAMGTB","module":"auto-trader","symbol":"LTCUSDT","msg":"aplicant correcció OCO a posició òrfena…"}
{"level":40,"time":1774535883640,"pid":37560,"hostname":"DESKTOP-KPAMGTB","module":"auto-trader","symbol":"LTCUSDT","uncoveredUsd":25.90537395,"msg":"no s'ha trobat cap bot actiu — venent posició òrfena a mercat"}
{"level":50,"time":1774535883894,"pid":37560,"hostname":"DESKTOP-KPAMGTB","module":"auto-trader","symbol":"LTCUSDT","err":"Binance /order 400: {\"code\":-1013,\"msg\":\"Filter failure: LOT_SIZE\"}","msg":"error en venda òrfena a mercat"}
{"level":30,"time":1774535884122,"pid":37560,"hostname":"DESKTOP-KPAMGTB","module":"auto-trader","symbol":"ETHUSDT","msg":"aplicant correcció OCO a posició òrfena…"}
{"level":40,"time":1774535884124,"pid":37560,"hostname":"DESKTOP-KPAMGTB","module":"auto-trader","symbol":"ETHUSDT","uncoveredUsd":27.196730484,"msg":"no s'ha trobat cap bot actiu — venent posició òrfena a mercat"}
{"level":50,"time":1774535884379,"pid":37560,"hostname":"DESKTOP-KPAMGTB","module":"auto-trader","symbol":"ETHUSDT","err":"Binance /order 400: {\"code\":-1013,\"msg\":\"Filter failure: LOT_SIZE\"}","msg":"error en venda òrfena a mercat"}
{"level":30,"time":1774535884604,"pid":37560,"hostname":"DESKTOP-KPAMGTB","module":"auto-trader","symbol":"BNBUSDT","msg":"aplicant correcció OCO a posició òrfena…"}
{"level":40,"time":1774535884608,"pid":37560,"hostname":"DESKTOP-KPAMGTB","module":"auto-trader","symbol":"BNBUSDT","uncoveredUsd":53.212303473800006,"msg":"no s'ha trobat cap bot actiu — venent posició òrfena a mercat"}
{"level":50,"time":1774535884869,"pid":37560,"hostname":"DESKTOP-KPAMGTB","module":"auto-trader","symbol":"BNBUSDT","err":"Binance /order 400: {\"code\":-1013,\"msg\":\"Filter failure: LOT_SIZE\"}","msg":"error en venda òrfena a mercat"}
{"level":40,"time":1774535943469,"pid":37560,"hostname":"DESKTOP-KPAMGTB","module":"auto-trader","symbol":"LTCUSDT","uncoveredUsd":25.900668160000002,"uncovered":0.470579,"msg":"posició parcialment sense SL — esperant 5 min per corregir"}
{"level":40,"time":1774535943705,"pid":37560,"hostname":"DESKTOP-KPAMGTB","module":"auto-trader","symbol":"ETHUSDT","uncoveredUsd":27.195683987999995,"uncovered":0.0130812,"msg":"posició parcialment sense SL — esperant 5 min per corregir"}
{"level":40,"time":1774535943931,"pid":37560,"hostname":"DESKTOP-KPAMGTB","module":"auto-trader","symbol":"BNBUSDT","uncoveredUsd":53.20723772600001,"uncovered":0.08442913,"msg":"posició parcialment sense SL — esperant 5 min per corregir"}
{"level":30,"time":1774536068136,"pid":37560,"hostname":"DESKTOP-KPAMGTB","module":"auto-trader","symbol":"SHIBUSDT","msg":"aplicant correcció OCO a posició òrfena…"}
{"level":40,"time":1774536068143,"pid":37560,"hostname":"DESKTOP-KPAMGTB","module":"auto-trader","symbol":"SHIBUSDT","uncoveredUsd":18.3450231615,"msg":"no s'ha trobat cap bot actiu — venent posició òrfena a mercat"}
{"level":50,"time":1774536068378,"pid":37560,"hostname":"DESKTOP-KPAMGTB","module":"auto-trader","symbol":"SHIBUSDT","err":"Binance /order 400: {\"code\":-1111,\"msg\":\"Parameter 'quantity' has too much precision.\"}","msg":"error en venda òrfena a mercat"}
{"level":40,"time":1774536128339,"pid":37560,"hostname":"DESKTOP-KPAMGTB","module":"auto-trader","symbol":"SHIBUSDT","uncoveredUsd":18.3141911898,"uncovered":3083197.17,"msg":"posició parcialment sense SL — esperant 5 min per corregir"}
{"level":30,"time":1774536303546,"pid":37560,"hostname":"DESKTOP-KPAMGTB","module":"auto-trader","symbol":"LTCUSDT","msg":"aplicant correcció OCO a posició òrfena…"}
{"level":40,"time":1774536303553,"pid":37560,"hostname":"DESKTOP-KPAMGTB","module":"auto-trader","symbol":"LTCUSDT","uncoveredUsd":25.881845000000002,"msg":"no s'ha trobat cap bot actiu — venent posició òrfena a mercat"}
{"level":50,"time":1774536303785,"pid":37560,"hostname":"DESKTOP-KPAMGTB","module":"auto-trader","symbol":"LTCUSDT","err":"Binance /order 400: {\"code\":-1013,\"msg\":\"Filter failure: LOT_SIZE\"}","msg":"error en venda òrfena a mercat"}
{"level":30,"time":1774536304026,"pid":37560,"hostname":"DESKTOP-KPAMGTB","module":"auto-trader","symbol":"ETHUSDT","msg":"aplicant correcció OCO a posició òrfena…"}
{"level":40,"time":1774536304028,"pid":37560,"hostname":"DESKTOP-KPAMGTB","module":"auto-trader","symbol":"ETHUSDT","uncoveredUsd":27.171222143999998,"msg":"no s'ha trobat cap bot actiu — venent posició òrfena a mercat"}
{"level":50,"time":1774536304253,"pid":37560,"hostname":"DESKTOP-KPAMGTB","module":"auto-trader","symbol":"ETHUSDT","err":"Binance /order 400: {\"code\":-1013,\"msg\":\"Filter failure: LOT_SIZE\"}","msg":"error en venda òrfena a mercat"}
{"level":30,"time":1774536304479,"pid":37560,"hostname":"DESKTOP-KPAMGTB","module":"auto-trader","symbol":"BNBUSDT","msg":"aplicant correcció OCO a posició òrfena…"}
{"level":40,"time":1774536304484,"pid":37560,"hostname":"DESKTOP-KPAMGTB","module":"auto-trader","symbol":"BNBUSDT","uncoveredUsd":53.1675560349,"msg":"no s'ha trobat cap bot actiu — venent posició òrfena a mercat"}
{"level":50,"time":1774536304714,"pid":37560,"hostname":"DESKTOP-KPAMGTB","module":"auto-trader","symbol":"BNBUSDT","err":"Binance /order 400: {\"code\":-1013,\"msg\":\"Filter failure: LOT_SIZE\"}","msg":"error en venda òrfena a mercat"}
{"level":40,"time":1774536363591,"pid":37560,"hostname":"DESKTOP-KPAMGTB","module":"auto-trader","symbol":"LTCUSDT","uncoveredUsd":25.87243342,"uncovered":0.470579,"msg":"posició parcialment sense SL — esperant 5 min per corregir"}
{"level":40,"time":1774536363831,"pid":37560,"hostname":"DESKTOP-KPAMGTB","module":"auto-trader","symbol":"ETHUSDT","uncoveredUsd":27.167559408000002,"uncovered":0.0130812,"msg":"posició parcialment sense SL — esperant 5 min per corregir"}
{"level":40,"time":1774536364101,"pid":37560,"hostname":"DESKTOP-KPAMGTB","module":"auto-trader","symbol":"BNBUSDT","uncoveredUsd":53.173466074,"uncovered":0.08442913,"msg":"posició parcialment sense SL — esperant 5 min per corregir"}
{"level":30,"time":1774536488132,"pid":37560,"hostname":"DESKTOP-KPAMGTB","module":"auto-trader","symbol":"SHIBUSDT","msg":"aplicant correcció OCO a posició òrfena…"}
{"level":40,"time":1774536488135,"pid":37560,"hostname":"DESKTOP-KPAMGTB","module":"auto-trader","symbol":"SHIBUSDT","uncoveredUsd":18.2833592181,"msg":"no s'ha trobat cap bot actiu — venent posició òrfena a mercat"}
{"level":50,"time":1774536488392,"pid":37560,"hostname":"DESKTOP-KPAMGTB","module":"auto-trader","symbol":"SHIBUSDT","err":"Binance /order 400: {\"code\":-1111,\"msg\":\"Parameter 'quantity' has too much precision.\"}","msg":"error en venda òrfena a mercat"}
{"level":40,"time":1774536547829,"pid":37560,"hostname":"DESKTOP-KPAMGTB","module":"auto-trader","symbol":"SHIBUSDT","uncoveredUsd":18.2833592181,"uncovered":3083197.17,"msg":"posició parcialment sense SL — esperant 5 min per corregir"}
{"level":30,"time":1774536723595,"pid":37560,"hostname":"DESKTOP-KPAMGTB","module":"auto-trader","symbol":"LTCUSDT","msg":"aplicant correcció OCO a posició òrfena…"}
{"level":40,"time":1774536723597,"pid":37560,"hostname":"DESKTOP-KPAMGTB","module":"auto-trader","symbol":"LTCUSDT","uncoveredUsd":25.88655079,"msg":"no s'ha trobat cap bot actiu — venent posició òrfena a mercat"}
{"level":50,"time":1774536723821,"pid":37560,"hostname":"DESKTOP-KPAMGTB","module":"auto-trader","symbol":"LTCUSDT","err":"Binance /order 400: {\"code\":-1013,\"msg\":\"Filter failure: LOT_SIZE\"}","msg":"error en venda òrfena a mercat"}
{"level":30,"time":1774536724051,"pid":37560,"hostname":"DESKTOP-KPAMGTB","module":"auto-trader","symbol":"ETHUSDT","msg":"aplicant correcció OCO a posició òrfena…"}
{"level":40,"time":1774536724055,"pid":37560,"hostname":"DESKTOP-KPAMGTB","module":"auto-trader","symbol":"ETHUSDT","uncoveredUsd":27.15787932,"msg":"no s'ha trobat cap bot actiu — venent posició òrfena a mercat"}
{"level":50,"time":1774536724288,"pid":37560,"hostname":"DESKTOP-KPAMGTB","module":"auto-trader","symbol":"ETHUSDT","err":"Binance /order 400: {\"code\":-1013,\"msg\":\"Filter failure: LOT_SIZE\"}","msg":"error en venda òrfena a mercat"}
{"level":30,"time":1774536724512,"pid":37560,"hostname":"DESKTOP-KPAMGTB","module":"auto-trader","symbol":"BNBUSDT","msg":"aplicant correcció OCO a posició òrfena…"}
{"level":40,"time":1774536724516,"pid":37560,"hostname":"DESKTOP-KPAMGTB","module":"auto-trader","symbol":"BNBUSDT","uncoveredUsd":53.16502316100001,"msg":"no s'ha trobat cap bot actiu — venent posició òrfena a mercat"}
{"level":50,"time":1774536724748,"pid":37560,"hostname":"DESKTOP-KPAMGTB","module":"auto-trader","symbol":"BNBUSDT","err":"Binance /order 400: {\"code\":-1013,\"msg\":\"Filter failure: LOT_SIZE\"}","msg":"error en venda òrfena a mercat"}
{"level":40,"time":1774536783663,"pid":37560,"hostname":"DESKTOP-KPAMGTB","module":"auto-trader","symbol":"LTCUSDT","uncoveredUsd":25.86772763,"uncovered":0.470579,"msg":"posició parcialment sense SL — esperant 5 min per corregir"}
{"level":40,"time":1774536783919,"pid":37560,"hostname":"DESKTOP-KPAMGTB","module":"auto-trader","symbol":"ETHUSDT","uncoveredUsd":27.127269312000003,"uncovered":0.0130812,"msg":"posició parcialment sense SL — esperant 5 min per corregir"}
{"level":40,"time":1774536784151,"pid":37560,"hostname":"DESKTOP-KPAMGTB","module":"auto-trader","symbol":"BNBUSDT","uncoveredUsd":53.13462867420001,"uncovered":0.08442913,"msg":"posició parcialment sense SL — esperant 5 min per corregir"}
{"level":30,"time":1774536911264,"pid":37560,"hostname":"DESKTOP-KPAMGTB","module":"auto-trader","symbol":"SHIBUSDT","msg":"aplicant correcció OCO a posició òrfena…"}
{"level":40,"time":1774536911267,"pid":37560,"hostname":"DESKTOP-KPAMGTB","module":"auto-trader","symbol":"SHIBUSDT","uncoveredUsd":18.2833592181,"msg":"no s'ha trobat cap bot actiu — venent posició òrfena a mercat"}
{"level":50,"time":1774536911493,"pid":37560,"hostname":"DESKTOP-KPAMGTB","module":"auto-trader","symbol":"SHIBUSDT","err":"Binance /order 400: {\"code\":-1111,\"msg\":\"Parameter 'quantity' has too much precision.\"}","msg":"error en venda òrfena a mercat"}
{"level":40,"time":1774536967820,"pid":37560,"hostname":"DESKTOP-KPAMGTB","module":"auto-trader","symbol":"SHIBUSDT","uncoveredUsd":18.3141911898,"uncovered":3083197.17,"msg":"posició parcialment sense SL — esperant 5 min per corregir"}
{"level":30,"time":1774537143777,"pid":37560,"hostname":"DESKTOP-KPAMGTB","module":"auto-trader","symbol":"LTCUSDT","msg":"aplicant correcció OCO a posició òrfena…"}
{"level":40,"time":1774537143780,"pid":37560,"hostname":"DESKTOP-KPAMGTB","module":"auto-trader","symbol":"LTCUSDT","uncoveredUsd":25.90537395,"msg":"no s'ha trobat cap bot actiu — venent posició òrfena a mercat"}
{"level":50,"time":1774537144262,"pid":37560,"hostname":"DESKTOP-KPAMGTB","module":"auto-trader","symbol":"LTCUSDT","err":"Binance /order 400: {\"code\":-1013,\"msg\":\"Filter failure: LOT_SIZE\"}","msg":"error en venda òrfena a mercat"}
{"level":30,"time":1774537144493,"pid":37560,"hostname":"DESKTOP-KPAMGTB","module":"auto-trader","symbol":"ETHUSDT","msg":"aplicant correcció OCO a posició òrfena…"}
{"level":40,"time":1774537144499,"pid":37560,"hostname":"DESKTOP-KPAMGTB","module":"auto-trader","symbol":"ETHUSDT","uncoveredUsd":27.184564967999997,"msg":"no s'ha trobat cap bot actiu — venent posició òrfena a mercat"}
{"level":50,"time":1774537144775,"pid":37560,"hostname":"DESKTOP-KPAMGTB","module":"auto-trader","symbol":"ETHUSDT","err":"Binance /order 400: {\"code\":-1013,\"msg\":\"Filter failure: LOT_SIZE\"}","msg":"error en venda òrfena a mercat"}
{"level":30,"time":1774537145004,"pid":37560,"hostname":"DESKTOP-KPAMGTB","module":"auto-trader","symbol":"BNBUSDT","msg":"aplicant correcció OCO a posició òrfena…"}
{"level":40,"time":1774537145009,"pid":37560,"hostname":"DESKTOP-KPAMGTB","module":"auto-trader","symbol":"BNBUSDT","uncoveredUsd":53.2021719782,"msg":"no s'ha trobat cap bot actiu — venent posició òrfena a mercat"}
{"level":50,"time":1774537145237,"pid":37560,"hostname":"DESKTOP-KPAMGTB","module":"auto-trader","symbol":"BNBUSDT","err":"Binance /order 400: {\"code\":-1013,\"msg\":\"Filter failure: LOT_SIZE\"}","msg":"error en venda òrfena a mercat"}
{"level":30,"time":1774537175126,"pid":37560,"hostname":"DESKTOP-KPAMGTB","module":"binance","assets":23,"msg":"balance"}
{"level":30,"time":1774537201744,"pid":37560,"hostname":"DESKTOP-KPAMGTB","module":"telegram","msg":"informe horari enviat"}
{"level":40,"time":1774537203228,"pid":37560,"hostname":"DESKTOP-KPAMGTB","module":"auto-trader","symbol":"LTCUSDT","uncoveredUsd":25.881845000000002,"uncovered":0.470579,"msg":"posició parcialment sense SL — esperant 5 min per corregir"}
{"level":40,"time":1774537203450,"pid":37560,"hostname":"DESKTOP-KPAMGTB","module":"auto-trader","symbol":"ETHUSDT","uncoveredUsd":27.16049556,"uncovered":0.0130812,"msg":"posició parcialment sense SL — esperant 5 min per corregir"}
{"level":40,"time":1774537203675,"pid":37560,"hostname":"DESKTOP-KPAMGTB","module":"auto-trader","symbol":"BNBUSDT","uncoveredUsd":53.159957413200004,"uncovered":0.08442913,"msg":"posició parcialment sense SL — esperant 5 min per corregir"}
{"level":30,"time":1774537328376,"pid":37560,"hostname":"DESKTOP-KPAMGTB","module":"auto-trader","symbol":"SHIBUSDT","msg":"aplicant correcció OCO a posició òrfena…"}
{"level":40,"time":1774537328381,"pid":37560,"hostname":"DESKTOP-KPAMGTB","module":"auto-trader","symbol":"SHIBUSDT","uncoveredUsd":18.2833592181,"msg":"no s'ha trobat cap bot actiu — venent posició òrfena a mercat"}
{"level":50,"time":1774537328614,"pid":37560,"hostname":"DESKTOP-KPAMGTB","module":"auto-trader","symbol":"SHIBUSDT","err":"Binance /order 400: {\"code\":-1111,\"msg\":\"Parameter 'quantity' has too much precision.\"}","msg":"error en venda òrfena a mercat"}
{"level":40,"time":1774537387757,"pid":37560,"hostname":"DESKTOP-KPAMGTB","module":"auto-trader","symbol":"SHIBUSDT","uncoveredUsd":18.2525272464,"uncovered":3083197.17,"msg":"posició parcialment sense SL — esperant 5 min per corregir"}
{"level":30,"time":1774537503750,"pid":37560,"hostname":"DESKTOP-KPAMGTB","module":"auto-trader","symbol":"LTCUSDT","msg":"aplicant correcció OCO a posició òrfena…"}
{"level":40,"time":1774537503756,"pid":37560,"hostname":"DESKTOP-KPAMGTB","module":"auto-trader","symbol":"LTCUSDT","uncoveredUsd":25.81125815,"msg":"no s'ha trobat cap bot actiu — venent posició òrfena a mercat"}
{"level":50,"time":1774537503991,"pid":37560,"hostname":"DESKTOP-KPAMGTB","module":"auto-trader","symbol":"LTCUSDT","err":"Binance /order 400: {\"code\":-1013,\"msg\":\"Filter failure: LOT_SIZE\"}","msg":"error en venda òrfena a mercat"}
{"level":40,"time":1774537563882,"pid":37560,"hostname":"DESKTOP-KPAMGTB","module":"auto-trader","symbol":"LTCUSDT","uncoveredUsd":25.8347871,"uncovered":0.470579,"msg":"posició parcialment sense SL — esperant 5 min per corregir"}
{"level":30,"time":1774537564118,"pid":37560,"hostname":"DESKTOP-KPAMGTB","module":"auto-trader","symbol":"ETHUSDT","msg":"aplicant correcció OCO a posició òrfena…"}
{"level":40,"time":1774537564125,"pid":37560,"hostname":"DESKTOP-KPAMGTB","module":"auto-trader","symbol":"ETHUSDT","uncoveredUsd":27.133155851999998,"msg":"no s'ha trobat cap bot actiu — venent posició òrfena a mercat"}
{"level":50,"time":1774537564353,"pid":37560,"hostname":"DESKTOP-KPAMGTB","module":"auto-trader","symbol":"ETHUSDT","err":"Binance /order 400: {\"code\":-1013,\"msg\":\"Filter failure: LOT_SIZE\"}","msg":"error en venda òrfena a mercat"}
{"level":30,"time":1774537564575,"pid":37560,"hostname":"DESKTOP-KPAMGTB","module":"auto-trader","symbol":"BNBUSDT","msg":"aplicant correcció OCO a posició òrfena…"}
{"level":40,"time":1774537564577,"pid":37560,"hostname":"DESKTOP-KPAMGTB","module":"auto-trader","symbol":"BNBUSDT","uncoveredUsd":53.1320958003,"msg":"no s'ha trobat cap bot actiu — venent posició òrfena a mercat"}
{"level":50,"time":1774537564802,"pid":37560,"hostname":"DESKTOP-KPAMGTB","module":"auto-trader","symbol":"BNBUSDT","err":"Binance /order 400: {\"code\":-1013,\"msg\":\"Filter failure: LOT_SIZE\"}","msg":"error en venda òrfena a mercat"}
{"level":40,"time":1774537623947,"pid":37560,"hostname":"DESKTOP-KPAMGTB","module":"auto-trader","symbol":"ETHUSDT","uncoveredUsd":27.124260636000002,"uncovered":0.0130812,"msg":"posició parcialment sense SL — esperant 5 min per corregir"}
{"level":40,"time":1774537624180,"pid":37560,"hostname":"DESKTOP-KPAMGTB","module":"auto-trader","symbol":"BNBUSDT","uncoveredUsd":53.1202757221,"uncovered":0.08442913,"msg":"posició parcialment sense SL — esperant 5 min per corregir"}
{"level":30,"time":1774537747758,"pid":37560,"hostname":"DESKTOP-KPAMGTB","module":"auto-trader","symbol":"SHIBUSDT","msg":"aplicant correcció OCO a posició òrfena…"}
{"level":40,"time":1774537747761,"pid":37560,"hostname":"DESKTOP-KPAMGTB","module":"auto-trader","symbol":"SHIBUSDT","uncoveredUsd":18.2216952747,"msg":"no s'ha trobat cap bot actiu — venent posició òrfena a mercat"}
{"level":50,"time":1774537747999,"pid":37560,"hostname":"DESKTOP-KPAMGTB","module":"auto-trader","symbol":"SHIBUSDT","err":"Binance /order 400: {\"code\":-1111,\"msg\":\"Parameter 'quantity' has too much precision.\"}","msg":"error en venda òrfena a mercat"}
{"level":40,"time":1774537809416,"pid":37560,"hostname":"DESKTOP-KPAMGTB","module":"auto-trader","symbol":"SHIBUSDT","uncoveredUsd":18.2525272464,"uncovered":3083197.17,"msg":"posició parcialment sense SL — esperant 5 min per corregir"}
{"level":30,"time":1774537923754,"pid":37560,"hostname":"DESKTOP-KPAMGTB","module":"auto-trader","symbol":"LTCUSDT","msg":"aplicant correcció OCO a posició òrfena…"}
{"level":40,"time":1774537923757,"pid":37560,"hostname":"DESKTOP-KPAMGTB","module":"auto-trader","symbol":"LTCUSDT","uncoveredUsd":25.759494460000003,"msg":"no s'ha trobat cap bot actiu — venent posició òrfena a mercat"}
{"level":50,"time":1774537923994,"pid":37560,"hostname":"DESKTOP-KPAMGTB","module":"auto-trader","symbol":"LTCUSDT","err":"Binance /order 400: {\"code\":-1013,\"msg\":\"Filter failure: LOT_SIZE\"}","msg":"error en venda òrfena a mercat"}
{"level":40,"time":1774537984217,"pid":37560,"hostname":"DESKTOP-KPAMGTB","module":"auto-trader","symbol":"LTCUSDT","uncoveredUsd":25.73125972,"uncovered":0.470579,"msg":"posició parcialment sense SL — esperant 5 min per corregir"}
{"level":30,"time":1774537984469,"pid":37560,"hostname":"DESKTOP-KPAMGTB","module":"auto-trader","symbol":"ETHUSDT","msg":"aplicant correcció OCO a posició òrfena…"}
{"level":40,"time":1774537984470,"pid":37560,"hostname":"DESKTOP-KPAMGTB","module":"auto-trader","symbol":"ETHUSDT","uncoveredUsd":27.034785228,"msg":"no s'ha trobat cap bot actiu — venent posició òrfena a mercat"}
{"level":50,"time":1774537984699,"pid":37560,"hostname":"DESKTOP-KPAMGTB","module":"auto-trader","symbol":"ETHUSDT","err":"Binance /order 400: {\"code\":-1013,\"msg\":\"Filter failure: LOT_SIZE\"}","msg":"error en venda òrfena a mercat"}
{"level":30,"time":1774537984928,"pid":37560,"hostname":"DESKTOP-KPAMGTB","module":"auto-trader","symbol":"BNBUSDT","msg":"aplicant correcció OCO a posició òrfena…"}
{"level":40,"time":1774537984932,"pid":37560,"hostname":"DESKTOP-KPAMGTB","module":"auto-trader","symbol":"BNBUSDT","uncoveredUsd":52.967458996800005,"msg":"no s'ha trobat cap bot actiu — venent posició òrfena a mercat"}
{"level":50,"time":1774537985190,"pid":37560,"hostname":"DESKTOP-KPAMGTB","module":"auto-trader","symbol":"BNBUSDT","err":"Binance /order 400: {\"code\":-1013,\"msg\":\"Filter failure: LOT_SIZE\"}","msg":"error en venda òrfena a mercat"}
{"level":40,"time":1774538046207,"pid":37560,"hostname":"DESKTOP-KPAMGTB","module":"auto-trader","symbol":"ETHUSDT","uncoveredUsd":27.015555863999996,"uncovered":0.0130812,"msg":"posició parcialment sense SL — esperant 5 min per corregir"}
{"level":40,"time":1774538046461,"pid":37560,"hostname":"DESKTOP-KPAMGTB","module":"auto-trader","symbol":"BNBUSDT","uncoveredUsd":52.95648320990001,"uncovered":0.08442913,"msg":"posició parcialment sense SL — esperant 5 min per corregir"}
{"level":30,"time":1774538134528,"pid":37560,"hostname":"DESKTOP-KPAMGTB","module":"orders","symbol":"BTCUSDT","side":"SELL","type":"STOP_LOSS_LIMIT","execPrice":68817.03,"execValue":17.21928,"orderId":23538486572,"msg":"ordre executada (fill)"}
{"level":30,"time":1774538168732,"pid":37560,"hostname":"DESKTOP-KPAMGTB","module":"auto-trader","symbol":"SHIBUSDT","msg":"aplicant correcció OCO a posició òrfena…"}
{"level":40,"time":1774538168735,"pid":37560,"hostname":"DESKTOP-KPAMGTB","module":"auto-trader","symbol":"SHIBUSDT","uncoveredUsd":18.190863303,"msg":"no s'ha trobat cap bot actiu — venent posició òrfena a mercat"}
{"level":50,"time":1774538168963,"pid":37560,"hostname":"DESKTOP-KPAMGTB","module":"auto-trader","symbol":"SHIBUSDT","err":"Binance /order 400: {\"code\":-1111,\"msg\":\"Parameter 'quantity' has too much precision.\"}","msg":"error en venda òrfena a mercat"}
{"level":40,"time":1774538229896,"pid":37560,"hostname":"DESKTOP-KPAMGTB","module":"auto-trader","symbol":"SHIBUSDT","uncoveredUsd":18.1600313313,"uncovered":3083197.17,"msg":"posició parcialment sense SL — esperant 5 min per corregir"}
{"level":30,"time":1774538343813,"pid":37560,"hostname":"DESKTOP-KPAMGTB","module":"auto-trader","symbol":"LTCUSDT","msg":"aplicant correcció OCO a posició òrfena…"}
{"level":40,"time":1774538343817,"pid":37560,"hostname":"DESKTOP-KPAMGTB","module":"auto-trader","symbol":"LTCUSDT","uncoveredUsd":25.71714235,"msg":"no s'ha trobat cap bot actiu — venent posició òrfena a mercat"}
{"level":50,"time":1774538344067,"pid":37560,"hostname":"DESKTOP-KPAMGTB","module":"auto-trader","symbol":"LTCUSDT","err":"Binance /order 400: {\"code\":-1013,\"msg\":\"Filter failure: LOT_SIZE\"}","msg":"error en venda òrfena a mercat"}
{"level":40,"time":1774538404260,"pid":37560,"hostname":"DESKTOP-KPAMGTB","module":"auto-trader","symbol":"LTCUSDT","uncoveredUsd":25.72655393,"uncovered":0.470579,"msg":"posició parcialment sense SL — esperant 5 min per corregir"}
{"level":30,"time":1774538404529,"pid":37560,"hostname":"DESKTOP-KPAMGTB","module":"auto-trader","symbol":"ETHUSDT","msg":"aplicant correcció OCO a posició òrfena…"}
{"level":40,"time":1774538404534,"pid":37560,"hostname":"DESKTOP-KPAMGTB","module":"auto-trader","symbol":"ETHUSDT","uncoveredUsd":26.978012819999996,"msg":"no s'ha trobat cap bot actiu — venent posició òrfena a mercat"}
{"level":50,"time":1774538404769,"pid":37560,"hostname":"DESKTOP-KPAMGTB","module":"auto-trader","symbol":"ETHUSDT","err":"Binance /order 400: {\"code\":-1013,\"msg\":\"Filter failure: LOT_SIZE\"}","msg":"error en venda òrfena a mercat"}
{"level":30,"time":1774538404992,"pid":37560,"hostname":"DESKTOP-KPAMGTB","module":"auto-trader","symbol":"BNBUSDT","msg":"aplicant correcció OCO a posició òrfena…"}
{"level":40,"time":1774538404994,"pid":37560,"hostname":"DESKTOP-KPAMGTB","module":"auto-trader","symbol":"BNBUSDT","uncoveredUsd":52.934289876,"msg":"no s'ha trobat cap bot actiu — venent posició òrfena a mercat"}
{"level":50,"time":1774538405258,"pid":37560,"hostname":"DESKTOP-KPAMGTB","module":"auto-trader","symbol":"BNBUSDT","err":"Binance /order 400: {\"code\":-1013,\"msg\":\"Filter failure: LOT_SIZE\"}","msg":"error en venda òrfena a mercat"}
{"level":40,"time":1774538464342,"pid":37560,"hostname":"DESKTOP-KPAMGTB","module":"auto-trader","symbol":"ETHUSDT","uncoveredUsd":27.019087787999997,"uncovered":0.0130812,"msg":"posició parcialment sense SL — esperant 5 min per corregir"}
{"level":40,"time":1774538464599,"pid":37560,"hostname":"DESKTOP-KPAMGTB","module":"auto-trader","symbol":"BNBUSDT","uncoveredUsd":52.982402749500004,"uncovered":0.08440855,"msg":"posició parcialment sense SL — esperant 5 min per corregir"}
{"level":30,"time":1774538588326,"pid":37560,"hostname":"DESKTOP-KPAMGTB","module":"auto-trader","symbol":"SHIBUSDT","msg":"aplicant correcció OCO a posició òrfena…"}
{"level":40,"time":1774538588331,"pid":37560,"hostname":"DESKTOP-KPAMGTB","module":"auto-trader","symbol":"SHIBUSDT","uncoveredUsd":18.2216952747,"msg":"no s'ha trobat cap bot actiu — venent posició òrfena a mercat"}
{"level":50,"time":1774538588570,"pid":37560,"hostname":"DESKTOP-KPAMGTB","module":"auto-trader","symbol":"SHIBUSDT","err":"Binance /order 400: {\"code\":-1111,\"msg\":\"Parameter 'quantity' has too much precision.\"}","msg":"error en venda òrfena a mercat"}
{"level":40,"time":1774538648560,"pid":37560,"hostname":"DESKTOP-KPAMGTB","module":"auto-trader","symbol":"SHIBUSDT","uncoveredUsd":18.2525272464,"uncovered":3083197.17,"msg":"posició parcialment sense SL — esperant 5 min per corregir"}
{"level":30,"time":1774538764090,"pid":37560,"hostname":"DESKTOP-KPAMGTB","module":"auto-trader","symbol":"LTCUSDT","msg":"aplicant correcció OCO a posició òrfena…"}
{"level":40,"time":1774538764095,"pid":37560,"hostname":"DESKTOP-KPAMGTB","module":"auto-trader","symbol":"LTCUSDT","uncoveredUsd":25.764200250000002,"msg":"no s'ha trobat cap bot actiu — venent posició òrfena a mercat"}
{"level":50,"time":1774538764328,"pid":37560,"hostname":"DESKTOP-KPAMGTB","module":"auto-trader","symbol":"LTCUSDT","err":"Binance /order 400: {\"code\":-1013,\"msg\":\"Filter failure: LOT_SIZE\"}","msg":"error en venda òrfena a mercat"}
{"level":40,"time":1774538824199,"pid":37560,"hostname":"DESKTOP-KPAMGTB","module":"auto-trader","symbol":"LTCUSDT","uncoveredUsd":25.75478867,"uncovered":0.470579,"msg":"posició parcialment sense SL — esperant 5 min per corregir"}
{"level":30,"time":1774538824454,"pid":37560,"hostname":"DESKTOP-KPAMGTB","module":"auto-trader","symbol":"ETHUSDT","msg":"aplicant correcció OCO a posició òrfena…"}
{"level":40,"time":1774538824456,"pid":37560,"hostname":"DESKTOP-KPAMGTB","module":"auto-trader","symbol":"ETHUSDT","uncoveredUsd":27.029814371999997,"msg":"no s'ha trobat cap bot actiu — venent posició òrfena a mercat"}
{"level":50,"time":1774538824681,"pid":37560,"hostname":"DESKTOP-KPAMGTB","module":"auto-trader","symbol":"ETHUSDT","err":"Binance /order 400: {\"code\":-1013,\"msg\":\"Filter failure: LOT_SIZE\"}","msg":"error en venda òrfena a mercat"}
{"level":30,"time":1774538824933,"pid":37560,"hostname":"DESKTOP-KPAMGTB","module":"auto-trader","symbol":"BNBUSDT","msg":"aplicant correcció OCO a posició òrfena…"}
{"level":40,"time":1774538824937,"pid":37560,"hostname":"DESKTOP-KPAMGTB","module":"auto-trader","symbol":"BNBUSDT","uncoveredUsd":53.012789827499994,"msg":"no s'ha trobat cap bot actiu — venent posició òrfena a mercat"}
{"level":50,"time":1774538825175,"pid":37560,"hostname":"DESKTOP-KPAMGTB","module":"auto-trader","symbol":"BNBUSDT","err":"Binance /order 400: {\"code\":-1013,\"msg\":\"Filter failure: LOT_SIZE\"}","msg":"error en venda òrfena a mercat"}
{"level":40,"time":1774538885415,"pid":37560,"hostname":"DESKTOP-KPAMGTB","module":"auto-trader","symbol":"ETHUSDT","uncoveredUsd":27.04603506,"uncovered":0.0130812,"msg":"posició parcialment sense SL — esperant 5 min per corregir"}
{"level":40,"time":1774538885652,"pid":37560,"hostname":"DESKTOP-KPAMGTB","module":"auto-trader","symbol":"BNBUSDT","uncoveredUsd":53.033891964999995,"uncovered":0.08440855,"msg":"posició parcialment sense SL — esperant 5 min per corregir"}
{"level":30,"time":1774539008348,"pid":37560,"hostname":"DESKTOP-KPAMGTB","module":"auto-trader","symbol":"SHIBUSDT","msg":"aplicant correcció OCO a posició òrfena…"}
{"level":40,"time":1774539008350,"pid":37560,"hostname":"DESKTOP-KPAMGTB","module":"auto-trader","symbol":"SHIBUSDT","uncoveredUsd":18.190863303,"msg":"no s'ha trobat cap bot actiu — venent posició òrfena a mercat"}
{"level":50,"time":1774539008599,"pid":37560,"hostname":"DESKTOP-KPAMGTB","module":"auto-trader","symbol":"SHIBUSDT","err":"Binance /order 400: {\"code\":-1111,\"msg\":\"Parameter 'quantity' has too much precision.\"}","msg":"error en venda òrfena a mercat"}
{"level":40,"time":1774539069807,"pid":37560,"hostname":"DESKTOP-KPAMGTB","module":"auto-trader","symbol":"SHIBUSDT","uncoveredUsd":18.2216952747,"uncovered":3083197.17,"msg":"posició parcialment sense SL — esperant 5 min per corregir"}
{"level":30,"time":1774539184117,"pid":37560,"hostname":"DESKTOP-KPAMGTB","module":"auto-trader","symbol":"LTCUSDT","msg":"aplicant correcció OCO a posició òrfena…"}
{"level":40,"time":1774539184122,"pid":37560,"hostname":"DESKTOP-KPAMGTB","module":"auto-trader","symbol":"LTCUSDT","uncoveredUsd":25.74537709,"msg":"no s'ha trobat cap bot actiu — venent posició òrfena a mercat"}
{"level":50,"time":1774539184354,"pid":37560,"hostname":"DESKTOP-KPAMGTB","module":"auto-trader","symbol":"LTCUSDT","err":"Binance /order 400: {\"code\":-1013,\"msg\":\"Filter failure: LOT_SIZE\"}","msg":"error en venda òrfena a mercat"}
{"level":40,"time":1774539244181,"pid":37560,"hostname":"DESKTOP-KPAMGTB","module":"auto-trader","symbol":"LTCUSDT","uncoveredUsd":25.72655393,"uncovered":0.470579,"msg":"posició parcialment sense SL — esperant 5 min per corregir"}
{"level":30,"time":1774539246417,"pid":37560,"hostname":"DESKTOP-KPAMGTB","module":"auto-trader","symbol":"ETHUSDT","msg":"aplicant correcció OCO a posició òrfena…"}
{"level":40,"time":1774539246422,"pid":37560,"hostname":"DESKTOP-KPAMGTB","module":"auto-trader","symbol":"ETHUSDT","uncoveredUsd":26.988085343999998,"msg":"no s'ha trobat cap bot actiu — venent posició òrfena a mercat"}
{"level":50,"time":1774539246682,"pid":37560,"hostname":"DESKTOP-KPAMGTB","module":"auto-trader","symbol":"ETHUSDT","err":"Binance /order 400: {\"code\":-1013,\"msg\":\"Filter failure: LOT_SIZE\"}","msg":"error en venda òrfena a mercat"}
{"level":30,"time":1774539246908,"pid":37560,"hostname":"DESKTOP-KPAMGTB","module":"auto-trader","symbol":"BNBUSDT","msg":"aplicant correcció OCO a posició òrfena…"}
{"level":40,"time":1774539246910,"pid":37560,"hostname":"DESKTOP-KPAMGTB","module":"auto-trader","symbol":"BNBUSDT","uncoveredUsd":52.97480598,"msg":"no s'ha trobat cap bot actiu — venent posició òrfena a mercat"}
{"level":50,"time":1774539247183,"pid":37560,"hostname":"DESKTOP-KPAMGTB","module":"auto-trader","symbol":"BNBUSDT","err":"Binance /order 400: {\"code\":-1013,\"msg\":\"Filter failure: LOT_SIZE\"}","msg":"error en venda òrfena a mercat"}
{"level":40,"time":1774539304169,"pid":37560,"hostname":"DESKTOP-KPAMGTB","module":"auto-trader","symbol":"ETHUSDT","uncoveredUsd":26.999858424,"uncovered":0.0130812,"msg":"posició parcialment sense SL — esperant 5 min per corregir"}
{"level":40,"time":1774539304401,"pid":37560,"hostname":"DESKTOP-KPAMGTB","module":"auto-trader","symbol":"BNBUSDT","uncoveredUsd":52.9739618945,"uncovered":0.08440855,"msg":"posició parcialment sense SL — esperant 5 min per corregir"}
{"level":30,"time":1774539428903,"pid":37560,"hostname":"DESKTOP-KPAMGTB","module":"auto-trader","symbol":"SHIBUSDT","msg":"aplicant correcció OCO a posició òrfena…"}
{"level":40,"time":1774539428906,"pid":37560,"hostname":"DESKTOP-KPAMGTB","module":"auto-trader","symbol":"SHIBUSDT","uncoveredUsd":18.190863303,"msg":"no s'ha trobat cap bot actiu — venent posició òrfena a mercat"}
{"level":50,"time":1774539429615,"pid":37560,"hostname":"DESKTOP-KPAMGTB","module":"auto-trader","symbol":"SHIBUSDT","err":"Binance /order 400: {\"code\":-1111,\"msg\":\"Parameter 'quantity' has too much precision.\"}","msg":"error en venda òrfena a mercat"}
{"level":40,"time":1774539489436,"pid":37560,"hostname":"DESKTOP-KPAMGTB","module":"auto-trader","symbol":"SHIBUSDT","uncoveredUsd":18.2216952747,"uncovered":3083197.17,"msg":"posició parcialment sense SL — esperant 5 min per corregir"}
{"level":30,"time":1774539604205,"pid":37560,"hostname":"DESKTOP-KPAMGTB","module":"auto-trader","symbol":"LTCUSDT","msg":"aplicant correcció OCO a posició òrfena…"}
{"level":40,"time":1774539604207,"pid":37560,"hostname":"DESKTOP-KPAMGTB","module":"auto-trader","symbol":"LTCUSDT","uncoveredUsd":25.740671300000002,"msg":"no s'ha trobat cap bot actiu — venent posició òrfena a mercat"}
{"level":50,"time":1774539604434,"pid":37560,"hostname":"DESKTOP-KPAMGTB","module":"auto-trader","symbol":"LTCUSDT","err":"Binance /order 400: {\"code\":-1013,\"msg\":\"Filter failure: LOT_SIZE\"}","msg":"error en venda òrfena a mercat"}
{"level":40,"time":1774539664223,"pid":37560,"hostname":"DESKTOP-KPAMGTB","module":"auto-trader","symbol":"LTCUSDT","uncoveredUsd":25.75478867,"uncovered":0.470579,"msg":"posició parcialment sense SL — esperant 5 min per corregir"}
{"level":30,"time":1774539664481,"pid":37560,"hostname":"DESKTOP-KPAMGTB","module":"auto-trader","symbol":"ETHUSDT","msg":"aplicant correcció OCO a posició òrfena…"}
{"level":40,"time":1774539664487,"pid":37560,"hostname":"DESKTOP-KPAMGTB","module":"auto-trader","symbol":"ETHUSDT","uncoveredUsd":27.030075995999997,"msg":"no s'ha trobat cap bot actiu — venent posició òrfena a mercat"}
{"level":50,"time":1774539664717,"pid":37560,"hostname":"DESKTOP-KPAMGTB","module":"auto-trader","symbol":"ETHUSDT","err":"Binance /order 400: {\"code\":-1013,\"msg\":\"Filter failure: LOT_SIZE\"}","msg":"error en venda òrfena a mercat"}
{"level":30,"time":1774539664946,"pid":37560,"hostname":"DESKTOP-KPAMGTB","module":"auto-trader","symbol":"BNBUSDT","msg":"aplicant correcció OCO a posició òrfena…"}
{"level":40,"time":1774539664951,"pid":37560,"hostname":"DESKTOP-KPAMGTB","module":"auto-trader","symbol":"BNBUSDT","uncoveredUsd":52.9942199465,"msg":"no s'ha trobat cap bot actiu — venent posició òrfena a mercat"}
{"level":50,"time":1774539665204,"pid":37560,"hostname":"DESKTOP-KPAMGTB","module":"auto-trader","symbol":"BNBUSDT","err":"Binance /order 400: {\"code\":-1013,\"msg\":\"Filter failure: LOT_SIZE\"}","msg":"error en venda òrfena a mercat"}
{"level":40,"time":1774539724457,"pid":37560,"hostname":"DESKTOP-KPAMGTB","module":"auto-trader","symbol":"ETHUSDT","uncoveredUsd":26.998419491999996,"uncovered":0.0130812,"msg":"posició parcialment sense SL — esperant 5 min per corregir"}
{"level":40,"time":1774539724683,"pid":37560,"hostname":"DESKTOP-KPAMGTB","module":"auto-trader","symbol":"BNBUSDT","uncoveredUsd":52.9672092105,"uncovered":0.08440855,"msg":"posició parcialment sense SL — esperant 5 min per corregir"}
{"level":30,"time":1774539849360,"pid":37560,"hostname":"DESKTOP-KPAMGTB","module":"auto-trader","symbol":"SHIBUSDT","msg":"aplicant correcció OCO a posició òrfena…"}
{"level":40,"time":1774539849364,"pid":37560,"hostname":"DESKTOP-KPAMGTB","module":"auto-trader","symbol":"SHIBUSDT","uncoveredUsd":18.1600313313,"msg":"no s'ha trobat cap bot actiu — venent posició òrfena a mercat"}
{"level":50,"time":1774539849591,"pid":37560,"hostname":"DESKTOP-KPAMGTB","module":"auto-trader","symbol":"SHIBUSDT","err":"Binance /order 400: {\"code\":-1111,\"msg\":\"Parameter 'quantity' has too much precision.\"}","msg":"error en venda òrfena a mercat"}
{"level":40,"time":1774539908243,"pid":37560,"hostname":"DESKTOP-KPAMGTB","module":"auto-trader","symbol":"SHIBUSDT","uncoveredUsd":18.190863303,"uncovered":3083197.17,"msg":"posició parcialment sense SL — esperant 5 min per corregir"}
{"level":30,"time":1774540024340,"pid":37560,"hostname":"DESKTOP-KPAMGTB","module":"auto-trader","symbol":"LTCUSDT","msg":"aplicant correcció OCO a posició òrfena…"}
{"level":40,"time":1774540024342,"pid":37560,"hostname":"DESKTOP-KPAMGTB","module":"auto-trader","symbol":"LTCUSDT","uncoveredUsd":25.76890604,"msg":"no s'ha trobat cap bot actiu — venent posició òrfena a mercat"}
{"level":50,"time":1774540024619,"pid":37560,"hostname":"DESKTOP-KPAMGTB","module":"auto-trader","symbol":"LTCUSDT","err":"Binance /order 400: {\"code\":-1013,\"msg\":\"Filter failure: LOT_SIZE\"}","msg":"error en venda òrfena a mercat"}
{"level":40,"time":1774540084189,"pid":37560,"hostname":"DESKTOP-KPAMGTB","module":"auto-trader","symbol":"LTCUSDT","uncoveredUsd":25.764200250000002,"uncovered":0.470579,"msg":"posició parcialment sense SL — esperant 5 min per corregir"}
{"level":30,"time":1774540084425,"pid":37560,"hostname":"DESKTOP-KPAMGTB","module":"auto-trader","symbol":"ETHUSDT","msg":"aplicant correcció OCO a posició òrfena…"}
{"level":40,"time":1774540084427,"pid":37560,"hostname":"DESKTOP-KPAMGTB","module":"auto-trader","symbol":"ETHUSDT","uncoveredUsd":27.055845960000003,"msg":"no s'ha trobat cap bot actiu — venent posició òrfena a mercat"}
{"level":50,"time":1774540084666,"pid":37560,"hostname":"DESKTOP-KPAMGTB","module":"auto-trader","symbol":"ETHUSDT","err":"Binance /order 400: {\"code\":-1013,\"msg\":\"Filter failure: LOT_SIZE\"}","msg":"error en venda òrfena a mercat"}
{"level":30,"time":1774540084892,"pid":37560,"hostname":"DESKTOP-KPAMGTB","module":"auto-trader","symbol":"BNBUSDT","msg":"aplicant correcció OCO a posició òrfena…"}
{"level":40,"time":1774540084897,"pid":37560,"hostname":"DESKTOP-KPAMGTB","module":"auto-trader","symbol":"BNBUSDT","uncoveredUsd":53.010257571,"msg":"no s'ha trobat cap bot actiu — venent posició òrfena a mercat"}
{"level":50,"time":1774540085160,"pid":37560,"hostname":"DESKTOP-KPAMGTB","module":"auto-trader","symbol":"BNBUSDT","err":"Binance /order 400: {\"code\":-1013,\"msg\":\"Filter failure: LOT_SIZE\"}","msg":"error en venda òrfena a mercat"}
{"level":40,"time":1774540145924,"pid":37560,"hostname":"DESKTOP-KPAMGTB","module":"auto-trader","symbol":"ETHUSDT","uncoveredUsd":27.050744291999997,"uncovered":0.0130812,"msg":"posició parcialment sense SL — esperant 5 min per corregir"}
{"level":40,"time":1774540146156,"pid":37560,"hostname":"DESKTOP-KPAMGTB","module":"auto-trader","symbol":"BNBUSDT","uncoveredUsd":52.99084360449999,"uncovered":0.08440855,"msg":"posició parcialment sense SL — esperant 5 min per corregir"}
{"level":30,"time":1774540268620,"pid":37560,"hostname":"DESKTOP-KPAMGTB","module":"auto-trader","symbol":"SHIBUSDT","msg":"aplicant correcció OCO a posició òrfena…"}
{"level":40,"time":1774540268622,"pid":37560,"hostname":"DESKTOP-KPAMGTB","module":"auto-trader","symbol":"SHIBUSDT","uncoveredUsd":18.190863303,"msg":"no s'ha trobat cap bot actiu — venent posició òrfena a mercat"}
{"level":50,"time":1774540268863,"pid":37560,"hostname":"DESKTOP-KPAMGTB","module":"auto-trader","symbol":"SHIBUSDT","err":"Binance /order 400: {\"code\":-1111,\"msg\":\"Parameter 'quantity' has too much precision.\"}","msg":"error en venda òrfena a mercat"}
{"level":40,"time":1774540329068,"pid":37560,"hostname":"DESKTOP-KPAMGTB","module":"auto-trader","symbol":"SHIBUSDT","uncoveredUsd":18.190863303,"uncovered":3083197.17,"msg":"posició parcialment sense SL — esperant 5 min per corregir"}
{"level":30,"time":1774540444310,"pid":37560,"hostname":"DESKTOP-KPAMGTB","module":"auto-trader","symbol":"LTCUSDT","msg":"aplicant correcció OCO a posició òrfena…"}
{"level":40,"time":1774540444313,"pid":37560,"hostname":"DESKTOP-KPAMGTB","module":"auto-trader","symbol":"LTCUSDT","uncoveredUsd":25.76890604,"msg":"no s'ha trobat cap bot actiu — venent posició òrfena a mercat"}
{"level":50,"time":1774540444551,"pid":37560,"hostname":"DESKTOP-KPAMGTB","module":"auto-trader","symbol":"LTCUSDT","err":"Binance /order 400: {\"code\":-1013,\"msg\":\"Filter failure: LOT_SIZE\"}","msg":"error en venda òrfena a mercat"}
{"level":40,"time":1774540504577,"pid":37560,"hostname":"DESKTOP-KPAMGTB","module":"auto-trader","symbol":"LTCUSDT","uncoveredUsd":25.76890604,"uncovered":0.470579,"msg":"posició parcialment sense SL — esperant 5 min per corregir"}
{"level":30,"time":1774540504846,"pid":37560,"hostname":"DESKTOP-KPAMGTB","module":"auto-trader","symbol":"ETHUSDT","msg":"aplicant correcció OCO a posició òrfena…"}
{"level":40,"time":1774540504852,"pid":37560,"hostname":"DESKTOP-KPAMGTB","module":"auto-trader","symbol":"ETHUSDT","uncoveredUsd":27.115365419999996,"msg":"no s'ha trobat cap bot actiu — venent posició òrfena a mercat"}
{"level":50,"time":1774540505079,"pid":37560,"hostname":"DESKTOP-KPAMGTB","module":"auto-trader","symbol":"ETHUSDT","err":"Binance /order 400: {\"code\":-1013,\"msg\":\"Filter failure: LOT_SIZE\"}","msg":"error en venda òrfena a mercat"}
{"level":30,"time":1774540505302,"pid":37560,"hostname":"DESKTOP-KPAMGTB","module":"auto-trader","symbol":"BNBUSDT","msg":"aplicant correcció OCO a posició òrfena…"}
{"level":40,"time":1774540505305,"pid":37560,"hostname":"DESKTOP-KPAMGTB","module":"auto-trader","symbol":"BNBUSDT","uncoveredUsd":53.011101656499996,"msg":"no s'ha trobat cap bot actiu — venent posició òrfena a mercat"}
{"level":50,"time":1774540505534,"pid":37560,"hostname":"DESKTOP-KPAMGTB","module":"auto-trader","symbol":"BNBUSDT","err":"Binance /order 400: {\"code\":-1013,\"msg\":\"Filter failure: LOT_SIZE\"}","msg":"error en venda òrfena a mercat"}
{"level":40,"time":1774540564661,"pid":37560,"hostname":"DESKTOP-KPAMGTB","module":"auto-trader","symbol":"ETHUSDT","uncoveredUsd":27.111310248,"uncovered":0.0130812,"msg":"posició parcialment sense SL — esperant 5 min per corregir"}
{"level":40,"time":1774540564919,"pid":37560,"hostname":"DESKTOP-KPAMGTB","module":"auto-trader","symbol":"BNBUSDT","uncoveredUsd":52.9722737235,"uncovered":0.08440855,"msg":"posició parcialment sense SL — esperant 5 min per corregir"}
{"level":30,"time":1774540688223,"pid":37560,"hostname":"DESKTOP-KPAMGTB","module":"auto-trader","symbol":"SHIBUSDT","msg":"aplicant correcció OCO a posició òrfena…"}
{"level":40,"time":1774540688231,"pid":37560,"hostname":"DESKTOP-KPAMGTB","module":"auto-trader","symbol":"SHIBUSDT","uncoveredUsd":18.190863303,"msg":"no s'ha trobat cap bot actiu — venent posició òrfena a mercat"}
{"level":50,"time":1774540688458,"pid":37560,"hostname":"DESKTOP-KPAMGTB","module":"auto-trader","symbol":"SHIBUSDT","err":"Binance /order 400: {\"code\":-1111,\"msg\":\"Parameter 'quantity' has too much precision.\"}","msg":"error en venda òrfena a mercat"}
{"level":30,"time":1774540709329,"pid":37560,"hostname":"DESKTOP-KPAMGTB","module":"binance","assets":23,"msg":"balance"}
{"level":30,"time":1774540739475,"pid":37560,"hostname":"DESKTOP-KPAMGTB","module":"binance","assets":23,"msg":"balance"}
{"level":40,"time":1774540749016,"pid":37560,"hostname":"DESKTOP-KPAMGTB","module":"auto-trader","symbol":"SHIBUSDT","uncoveredUsd":18.190863303,"uncovered":3083197.17,"msg":"posició parcialment sense SL — esperant 5 min per corregir"}
{"level":30,"time":1774540751148,"pid":37560,"hostname":"DESKTOP-KPAMGTB","module":"binance","assets":23,"msg":"balance"}
{"level":30,"time":1774540773942,"pid":37560,"hostname":"DESKTOP-KPAMGTB","module":"binance","assets":23,"msg":"balance"}
{"level":30,"time":1774540801770,"pid":37560,"hostname":"DESKTOP-KPAMGTB","module":"telegram","msg":"informe horari enviat"}
{"level":30,"time":1774540850844,"pid":37560,"hostname":"DESKTOP-KPAMGTB","module":"binance","assets":23,"msg":"balance"}
{"level":30,"time":1774540864102,"pid":37560,"hostname":"DESKTOP-KPAMGTB","module":"auto-trader","symbol":"LTCUSDT","msg":"aplicant correcció OCO a posició òrfena…"}
{"level":40,"time":1774540864108,"pid":37560,"hostname":"DESKTOP-KPAMGTB","module":"auto-trader","symbol":"LTCUSDT","uncoveredUsd":25.740671300000002,"msg":"no s'ha trobat cap bot actiu — venent posició òrfena a mercat"}
{"level":50,"time":1774540864581,"pid":37560,"hostname":"DESKTOP-KPAMGTB","module":"auto-trader","symbol":"LTCUSDT","err":"Binance /order 400: {\"code\":-1013,\"msg\":\"Filter failure: LOT_SIZE\"}","msg":"error en venda òrfena a mercat"}
{"level":40,"time":1774540924084,"pid":37560,"hostname":"DESKTOP-KPAMGTB","module":"auto-trader","symbol":"LTCUSDT","uncoveredUsd":25.72655393,"uncovered":0.470579,"msg":"posició parcialment sense SL — esperant 5 min per corregir"}
{"level":30,"time":1774540924321,"pid":37560,"hostname":"DESKTOP-KPAMGTB","module":"auto-trader","symbol":"ETHUSDT","msg":"aplicant correcció OCO a posició òrfena…"}
{"level":40,"time":1774540924323,"pid":37560,"hostname":"DESKTOP-KPAMGTB","module":"auto-trader","symbol":"ETHUSDT","uncoveredUsd":27.071935836,"msg":"no s'ha trobat cap bot actiu — venent posició òrfena a mercat"}
{"level":50,"time":1774540924554,"pid":37560,"hostname":"DESKTOP-KPAMGTB","module":"auto-trader","symbol":"ETHUSDT","err":"Binance /order 400: {\"code\":-1013,\"msg\":\"Filter failure: LOT_SIZE\"}","msg":"error en venda òrfena a mercat"}
{"level":30,"time":1774540925577,"pid":37560,"hostname":"DESKTOP-KPAMGTB","module":"auto-trader","symbol":"BNBUSDT","msg":"aplicant correcció OCO a posició òrfena…"}
{"level":40,"time":1774540925583,"pid":37560,"hostname":"DESKTOP-KPAMGTB","module":"auto-trader","symbol":"BNBUSDT","uncoveredUsd":52.89715011399999,"msg":"no s'ha trobat cap bot actiu — venent posició òrfena a mercat"}
{"level":50,"time":1774540925819,"pid":37560,"hostname":"DESKTOP-KPAMGTB","module":"auto-trader","symbol":"BNBUSDT","err":"Binance /order 400: {\"code\":-1013,\"msg\":\"Filter failure: LOT_SIZE\"}","msg":"error en venda òrfena a mercat"}
{"level":30,"time":1774540956154,"pid":37560,"hostname":"DESKTOP-KPAMGTB","module":"binance","assets":23,"msg":"balance"}
{"level":40,"time":1774540984934,"pid":37560,"hostname":"DESKTOP-KPAMGTB","module":"auto-trader","symbol":"ETHUSDT","uncoveredUsd":27.067880663999997,"uncovered":0.0130812,"msg":"posició parcialment sense SL — esperant 5 min per corregir"}
{"level":40,"time":1774540985198,"pid":37560,"hostname":"DESKTOP-KPAMGTB","module":"auto-trader","symbol":"BNBUSDT","uncoveredUsd":52.9030587125,"uncovered":0.08440855,"msg":"posició parcialment sense SL — esperant 5 min per corregir"}
{"level":30,"time":1774541050153,"pid":37560,"hostname":"DESKTOP-KPAMGTB","module":"binance","assets":23,"msg":"balance"}
{"level":30,"time":1774541107971,"pid":37560,"hostname":"DESKTOP-KPAMGTB","module":"auto-trader","symbol":"SHIBUSDT","msg":"aplicant correcció OCO a posició òrfena…"}
{"level":40,"time":1774541107973,"pid":37560,"hostname":"DESKTOP-KPAMGTB","module":"auto-trader","symbol":"SHIBUSDT","uncoveredUsd":18.1600313313,"msg":"no s'ha trobat cap bot actiu — venent posició òrfena a mercat"}
{"level":50,"time":1774541108197,"pid":37560,"hostname":"DESKTOP-KPAMGTB","module":"auto-trader","symbol":"SHIBUSDT","err":"Binance /order 400: {\"code\":-1111,\"msg\":\"Parameter 'quantity' has too much precision.\"}","msg":"error en venda òrfena a mercat"}
{"level":40,"time":1774541168859,"pid":37560,"hostname":"DESKTOP-KPAMGTB","module":"auto-trader","symbol":"SHIBUSDT","uncoveredUsd":18.129199359599998,"uncovered":3083197.17,"msg":"posició parcialment sense SL — esperant 5 min per corregir"}
{"level":30,"time":1774541284327,"pid":37560,"hostname":"DESKTOP-KPAMGTB","module":"auto-trader","symbol":"LTCUSDT","msg":"aplicant correcció OCO a posició òrfena…"}
{"level":40,"time":1774541284328,"pid":37560,"hostname":"DESKTOP-KPAMGTB","module":"auto-trader","symbol":"LTCUSDT","uncoveredUsd":25.76890604,"msg":"no s'ha trobat cap bot actiu — venent posició òrfena a mercat"}
{"level":50,"time":1774541285202,"pid":37560,"hostname":"DESKTOP-KPAMGTB","module":"auto-trader","symbol":"LTCUSDT","err":"Binance /order 400: {\"code\":-1013,\"msg\":\"Filter failure: LOT_SIZE\"}","msg":"error en venda òrfena a mercat"}
{"level":40,"time":1774541344176,"pid":37560,"hostname":"DESKTOP-KPAMGTB","module":"auto-trader","symbol":"LTCUSDT","uncoveredUsd":25.76890604,"uncovered":0.470579,"msg":"posició parcialment sense SL — esperant 5 min per corregir"}
{"level":30,"time":1774541344407,"pid":37560,"hostname":"DESKTOP-KPAMGTB","module":"auto-trader","symbol":"ETHUSDT","msg":"aplicant correcció OCO a posició òrfena…"}
{"level":40,"time":1774541344410,"pid":37560,"hostname":"DESKTOP-KPAMGTB","module":"auto-trader","symbol":"ETHUSDT","uncoveredUsd":27.076383443999998,"msg":"no s'ha trobat cap bot actiu — venent posició òrfena a mercat"}
{"level":50,"time":1774541344654,"pid":37560,"hostname":"DESKTOP-KPAMGTB","module":"auto-trader","symbol":"ETHUSDT","err":"Binance /order 400: {\"code\":-1013,\"msg\":\"Filter failure: LOT_SIZE\"}","msg":"error en venda òrfena a mercat"}
{"level":30,"time":1774541344877,"pid":37560,"hostname":"DESKTOP-KPAMGTB","module":"auto-trader","symbol":"BNBUSDT","msg":"aplicant correcció OCO a posició òrfena…"}
{"level":40,"time":1774541344880,"pid":37560,"hostname":"DESKTOP-KPAMGTB","module":"auto-trader","symbol":"BNBUSDT","uncoveredUsd":52.9435748165,"msg":"no s'ha trobat cap bot actiu — venent posició òrfena a mercat"}
{"level":50,"time":1774541345135,"pid":37560,"hostname":"DESKTOP-KPAMGTB","module":"auto-trader","symbol":"BNBUSDT","err":"Binance /order 400: {\"code\":-1013,\"msg\":\"Filter failure: LOT_SIZE\"}","msg":"error en venda òrfena a mercat"}
{"level":40,"time":1774541404521,"pid":37560,"hostname":"DESKTOP-KPAMGTB","module":"auto-trader","symbol":"ETHUSDT","uncoveredUsd":27.065395236,"uncovered":0.0130812,"msg":"posició parcialment sense SL — esperant 5 min per corregir"}
{"level":40,"time":1774541404755,"pid":37560,"hostname":"DESKTOP-KPAMGTB","module":"auto-trader","symbol":"BNBUSDT","uncoveredUsd":52.931757619500004,"uncovered":0.08440855,"msg":"posició parcialment sense SL — esperant 5 min per corregir"}
