{"level":30,"time":1773098237410,"pid":29428,"hostname":"DESKTOP-KPAMGTB","module":"order-monitor","msg":"monitor iniciat"}
{"level":30,"time":1773098237439,"pid":29428,"hostname":"DESKTOP-KPAMGTB","module":"telegram","nextHourIn":43,"nextDailyIn":433,"msg":"scheduler iniciat"}
{"level":30,"time":1773098237441,"pid":29428,"hostname":"DESKTOP-KPAMGTB","module":"orders","symbol":"BTCUSDT","thresholds":[{"windowMin":5,"pct":5},{"windowMin":15,"pct":8},{"windowMin":60,"pct":12}],"pollMs":60000,"msg":"Crash monitor iniciat"}
{"level":30,"time":1773098238802,"pid":29428,"hostname":"DESKTOP-KPAMGTB","module":"binance","assets":18,"msg":"balance"}
{"level":30,"time":1773098239057,"pid":29428,"hostname":"DESKTOP-KPAMGTB","module":"order-monitor","count":2,"msg":"inicialitzat"}
{"level":30,"time":1773098267504,"pid":29428,"hostname":"DESKTOP-KPAMGTB","module":"trailing-engine","msg":"motor iniciat"}
{"level":30,"time":1773098280306,"pid":29428,"hostname":"DESKTOP-KPAMGTB","module":"binance","count":40,"msg":"order history"}
{"level":30,"time":1773098280330,"pid":29428,"hostname":"DESKTOP-KPAMGTB","module":"binance","count":62,"msg":"trades"}
{"level":30,"time":1773098280683,"pid":29428,"hostname":"DESKTOP-KPAMGTB","module":"binance","count":62,"msg":"trades"}
{"level":30,"time":1773098283218,"pid":29428,"hostname":"DESKTOP-KPAMGTB","module":"binance","assets":18,"msg":"balance"}
{"level":30,"time":1773098285952,"pid":29428,"hostname":"DESKTOP-KPAMGTB","module":"binance","symbol":"XRPUSDT","interval":"1h","verdict":"WAIT","score":63,"price":1.3656,"msg":"scanner"}
{"level":30,"time":1773098285986,"pid":29428,"hostname":"DESKTOP-KPAMGTB","module":"binance","symbol":"BTCUSDT","interval":"1h","verdict":"WAIT","score":53,"price":68578.22,"msg":"scanner"}
{"level":30,"time":1773098286058,"pid":29428,"hostname":"DESKTOP-KPAMGTB","module":"binance","symbol":"SOLUSDT","interval":"1h","verdict":"WAIT","score":57,"price":85.52,"msg":"scanner"}
{"level":30,"time":1773098286081,"pid":29428,"hostname":"DESKTOP-KPAMGTB","module":"binance","symbol":"ETHUSDT","interval":"1h","verdict":"WAIT","score":47,"price":2001.4,"msg":"scanner"}
{"level":30,"time":1773098286098,"pid":29428,"hostname":"DESKTOP-KPAMGTB","module":"binance","symbol":"XRPUSDT","interval":"1h","verdict":"WAIT","score":63,"price":1.3656,"msg":"scanner"}
{"level":30,"time":1773098286132,"pid":29428,"hostname":"DESKTOP-KPAMGTB","module":"binance","symbol":"BNBUSDT","interval":"1h","verdict":"WAIT","score":57,"price":636.59,"msg":"scanner"}
{"level":30,"time":1773098286181,"pid":29428,"hostname":"DESKTOP-KPAMGTB","module":"binance","symbol":"BNBUSDT","interval":"1h","verdict":"WAIT","score":57,"price":636.59,"msg":"scanner"}
{"level":30,"time":1773098286224,"pid":29428,"hostname":"DESKTOP-KPAMGTB","module":"binance","symbol":"ETHUSDT","interval":"1h","verdict":"WAIT","score":47,"price":2001.4,"msg":"scanner"}
{"level":30,"time":1773098286313,"pid":29428,"hostname":"DESKTOP-KPAMGTB","module":"binance","symbol":"BTCUSDT","interval":"1h","verdict":"WAIT","score":53,"price":68578.22,"msg":"scanner"}
{"level":30,"time":1773098286480,"pid":29428,"hostname":"DESKTOP-KPAMGTB","module":"binance","symbol":"SOLUSDT","interval":"1h","verdict":"WAIT","score":57,"price":85.52,"msg":"scanner"}
{"level":30,"time":1773098288024,"pid":29428,"hostname":"DESKTOP-KPAMGTB","module":"binance","symbol":"BTCUSDT","interval":"5m","verdict":"WAIT","score":40,"price":68578.22,"msg":"scanner"}
{"level":30,"time":1773098288287,"pid":29428,"hostname":"DESKTOP-KPAMGTB","module":"binance","symbol":"ETHUSDT","interval":"5m","verdict":"WAIT","score":47,"price":2001.19,"msg":"scanner"}
{"level":30,"time":1773098288779,"pid":29428,"hostname":"DESKTOP-KPAMGTB","module":"binance","symbol":"BNBUSDT","interval":"5m","verdict":"WAIT","score":43,"price":636.56,"msg":"scanner"}
{"level":30,"time":1773098288966,"pid":29428,"hostname":"DESKTOP-KPAMGTB","module":"binance","symbol":"SOLUSDT","interval":"5m","verdict":"WAIT","score":40,"price":85.48,"msg":"scanner"}
{"level":30,"time":1773098289626,"pid":29428,"hostname":"DESKTOP-KPAMGTB","module":"binance","symbol":"XRPUSDT","interval":"5m","verdict":"WAIT","score":50,"price":1.3652,"msg":"scanner"}
{"level":30,"time":1773098289941,"pid":29428,"hostname":"DESKTOP-KPAMGTB","module":"binance","symbol":"DOGEUSDT","interval":"5m","verdict":"WAIT","score":47,"price":0.09077,"msg":"scanner"}
{"level":30,"time":1773098290105,"pid":29428,"hostname":"DESKTOP-KPAMGTB","module":"binance","symbol":"DOGEUSDT","interval":"1h","verdict":"WAIT","score":47,"price":0.09077,"msg":"scanner"}
{"level":30,"time":1773098290159,"pid":29428,"hostname":"DESKTOP-KPAMGTB","module":"binance","symbol":"ADAUSDT","interval":"5m","verdict":"WAIT","score":50,"price":0.2554,"msg":"scanner"}
{"level":30,"time":1773098290426,"pid":29428,"hostname":"DESKTOP-KPAMGTB","module":"binance","symbol":"ADAUSDT","interval":"1h","verdict":"WAIT","score":47,"price":0.2554,"msg":"scanner"}
{"level":30,"time":1773098290801,"pid":29428,"hostname":"DESKTOP-KPAMGTB","module":"binance","symbol":"AVAXUSDT","interval":"5m","verdict":"WAIT","score":47,"price":9.26,"msg":"scanner"}
{"level":30,"time":1773098290864,"pid":29428,"hostname":"DESKTOP-KPAMGTB","module":"binance","symbol":"AVAXUSDT","interval":"1h","verdict":"WAIT","score":57,"price":9.26,"msg":"scanner"}
{"level":30,"time":1773098291014,"pid":29428,"hostname":"DESKTOP-KPAMGTB","module":"binance","symbol":"TRXUSDT","interval":"5m","verdict":"WAIT","score":40,"price":0.2855,"msg":"scanner"}
{"level":30,"time":1773098291236,"pid":29428,"hostname":"DESKTOP-KPAMGTB","module":"binance","symbol":"TRXUSDT","interval":"1h","verdict":"WAIT","score":40,"price":0.2855,"msg":"scanner"}
{"level":30,"time":1773098291557,"pid":29428,"hostname":"DESKTOP-KPAMGTB","module":"binance","symbol":"DOTUSDT","interval":"5m","verdict":"WAIT","score":47,"price":1.488,"msg":"scanner"}
{"level":30,"time":1773098291665,"pid":29428,"hostname":"DESKTOP-KPAMGTB","module":"binance","symbol":"DOTUSDT","interval":"1h","verdict":"WAIT","score":47,"price":1.488,"msg":"scanner"}
{"level":30,"time":1773098291789,"pid":29428,"hostname":"DESKTOP-KPAMGTB","module":"binance","symbol":"LINKUSDT","interval":"5m","verdict":"WAIT","score":37,"price":8.89,"msg":"scanner"}
{"level":30,"time":1773098291930,"pid":29428,"hostname":"DESKTOP-KPAMGTB","module":"binance","symbol":"LINKUSDT","interval":"1h","verdict":"WAIT","score":57,"price":8.89,"msg":"scanner"}
{"level":30,"time":1773098292214,"pid":29428,"hostname":"DESKTOP-KPAMGTB","module":"binance","symbol":"MATICUSDT","interval":"5m","verdict":"WAIT","score":57,"price":0.3794,"msg":"scanner"}
{"level":30,"time":1773098292230,"pid":29428,"hostname":"DESKTOP-KPAMGTB","module":"binance","symbol":"MATICUSDT","interval":"1h","verdict":"WAIT","score":50,"price":0.3794,"msg":"scanner"}
{"level":30,"time":1773098292536,"pid":29428,"hostname":"DESKTOP-KPAMGTB","module":"binance","symbol":"LTCUSDT","interval":"5m","verdict":"WAIT","score":50,"price":53.73,"msg":"scanner"}
{"level":30,"time":1773098292764,"pid":29428,"hostname":"DESKTOP-KPAMGTB","module":"binance","symbol":"LTCUSDT","interval":"1h","verdict":"WAIT","score":43,"price":53.73,"msg":"scanner"}
{"level":30,"time":1773098292797,"pid":29428,"hostname":"DESKTOP-KPAMGTB","module":"binance","symbol":"SHIBUSDT","interval":"5m","verdict":"WAIT","score":47,"price":0.00000543,"msg":"scanner"}
{"level":30,"time":1773098293073,"pid":29428,"hostname":"DESKTOP-KPAMGTB","module":"binance","symbol":"SHIBUSDT","interval":"1h","verdict":"WAIT","score":57,"price":0.00000543,"msg":"scanner"}
{"level":30,"time":1773098293298,"pid":29428,"hostname":"DESKTOP-KPAMGTB","module":"binance","symbol":"UNIUSDT","interval":"5m","verdict":"WAIT","score":40,"price":3.866,"msg":"scanner"}
{"level":30,"time":1773098293415,"pid":29428,"hostname":"DESKTOP-KPAMGTB","module":"binance","symbol":"UNIUSDT","interval":"1h","verdict":"WAIT","score":50,"price":3.866,"msg":"scanner"}
{"level":30,"time":1773098293612,"pid":29428,"hostname":"DESKTOP-KPAMGTB","module":"binance","symbol":"ATOMUSDT","interval":"5m","verdict":"WAIT","score":53,"price":1.74,"msg":"scanner"}
{"level":30,"time":1773098293757,"pid":29428,"hostname":"DESKTOP-KPAMGTB","module":"binance","symbol":"ATOMUSDT","interval":"1h","verdict":"WAIT","score":43,"price":1.74,"msg":"scanner"}
{"level":30,"time":1773098293991,"pid":29428,"hostname":"DESKTOP-KPAMGTB","module":"binance","symbol":"ETCUSDT","interval":"5m","verdict":"WAIT","score":50,"price":8.16,"msg":"scanner"}
{"level":30,"time":1773098294091,"pid":29428,"hostname":"DESKTOP-KPAMGTB","module":"binance","symbol":"ETCUSDT","interval":"1h","verdict":"WAIT","score":47,"price":8.16,"msg":"scanner"}
{"level":30,"time":1773098294300,"pid":29428,"hostname":"DESKTOP-KPAMGTB","module":"binance","symbol":"XLMUSDT","interval":"5m","verdict":"WAIT","score":50,"price":0.1509,"msg":"scanner"}
{"level":30,"time":1773098294442,"pid":29428,"hostname":"DESKTOP-KPAMGTB","module":"binance","symbol":"XLMUSDT","interval":"1h","verdict":"WAIT","score":57,"price":0.1509,"msg":"scanner"}
{"level":30,"time":1773098294714,"pid":29428,"hostname":"DESKTOP-KPAMGTB","module":"binance","symbol":"APTUSDT","interval":"5m","verdict":"WAIT","score":37,"price":0.957,"msg":"scanner"}
{"level":30,"time":1773098294796,"pid":29428,"hostname":"DESKTOP-KPAMGTB","module":"binance","symbol":"APTUSDT","interval":"1h","verdict":"WAIT","score":47,"price":0.957,"msg":"scanner"}
{"level":30,"time":1773098294973,"pid":29428,"hostname":"DESKTOP-KPAMGTB","module":"binance","symbol":"NEARUSDT","interval":"5m","verdict":"WAIT","score":43,"price":1.226,"msg":"scanner"}
{"level":30,"time":1773098295072,"pid":29428,"hostname":"DESKTOP-KPAMGTB","module":"binance","symbol":"NEARUSDT","interval":"1h","verdict":"WAIT","score":43,"price":1.226,"msg":"scanner"}
{"level":30,"time":1773100802086,"pid":29428,"hostname":"DESKTOP-KPAMGTB","module":"telegram","msg":"informe horari enviat"}
{"level":30,"time":1773103580378,"pid":29428,"hostname":"DESKTOP-KPAMGTB","module":"trailing-engine","symbol":"ETHUSDT","price":2019.15,"activateAt":2019.02,"msg":"trailing activat"}
{"level":30,"time":1773103582088,"pid":29428,"hostname":"DESKTOP-KPAMGTB","module":"trailing-engine","symbol":"ETHUSDT","oldSl":1955.6000000000001,"newSl":"1955.67","peak":2019.22,"msg":"SL pujat"}
{"level":30,"time":1773103611938,"pid":29428,"hostname":"DESKTOP-KPAMGTB","module":"trailing-engine","symbol":"ETHUSDT","oldSl":1955.67,"newSl":"1958.55","peak":2022.1,"msg":"SL pujat"}
{"level":30,"time":1773104401388,"pid":29428,"hostname":"DESKTOP-KPAMGTB","module":"telegram","msg":"informe horari enviat"}
{"level":30,"time":1773107752487,"pid":29428,"hostname":"DESKTOP-KPAMGTB","module":"trailing-engine","symbol":"ETHUSDT","oldSl":1958.55,"newSl":"1958.72","peak":2022.27,"msg":"SL pujat"}
{"level":30,"time":1773107781120,"pid":29428,"hostname":"DESKTOP-KPAMGTB","module":"trailing-engine","symbol":"BTCUSDT","price":69368.72,"activateAt":69363.87,"msg":"trailing activat"}
{"level":40,"time":1773107781345,"pid":29428,"hostname":"DESKTOP-KPAMGTB","module":"trailing-engine","symbol":"BTCUSDT","orderListId":2033675,"msg":"OCO ja no existeix en activar trailing — eliminant suggeriment"}
{"level":30,"time":1773107782245,"pid":29428,"hostname":"DESKTOP-KPAMGTB","module":"trailing-engine","symbol":"ETHUSDT","oldSl":1958.72,"newSl":"1959.15","peak":2022.7,"msg":"SL pujat"}
{"level":30,"time":1773107812571,"pid":29428,"hostname":"DESKTOP-KPAMGTB","module":"trailing-engine","symbol":"ETHUSDT","oldSl":1959.15,"newSl":"1959.29","peak":2022.84,"msg":"SL pujat"}
{"level":30,"time":1773108002218,"pid":29428,"hostname":"DESKTOP-KPAMGTB","module":"telegram","msg":"informe horari enviat"}
{"level":30,"time":1773109822746,"pid":29428,"hostname":"DESKTOP-KPAMGTB","module":"trailing-engine","symbol":"ETHUSDT","oldSl":1959.29,"newSl":"1965.79","peak":2029.34,"msg":"SL pujat"}
{"level":30,"time":1773109853011,"pid":29428,"hostname":"DESKTOP-KPAMGTB","module":"trailing-engine","symbol":"ETHUSDT","oldSl":1965.79,"newSl":"1966.95","peak":2030.5,"msg":"SL pujat"}
{"level":30,"time":1773109912788,"pid":29428,"hostname":"DESKTOP-KPAMGTB","module":"trailing-engine","symbol":"ETHUSDT","oldSl":1966.95,"newSl":"1967.07","peak":2030.62,"msg":"SL pujat"}
{"level":30,"time":1773109972379,"pid":29428,"hostname":"DESKTOP-KPAMGTB","module":"trailing-engine","symbol":"ETHUSDT","oldSl":1967.07,"newSl":"1968.71","peak":2032.26,"msg":"SL pujat"}
{"level":30,"time":1773110032835,"pid":29428,"hostname":"DESKTOP-KPAMGTB","module":"trailing-engine","symbol":"ETHUSDT","oldSl":1968.71,"newSl":"1971.75","peak":2035.3,"msg":"SL pujat"}
{"level":30,"time":1773110093135,"pid":29428,"hostname":"DESKTOP-KPAMGTB","module":"trailing-engine","symbol":"ETHUSDT","oldSl":1971.75,"newSl":"1973.05","peak":2036.6,"msg":"SL pujat"}
{"level":30,"time":1773110122688,"pid":29428,"hostname":"DESKTOP-KPAMGTB","module":"trailing-engine","symbol":"ETHUSDT","oldSl":1973.05,"newSl":"1973.65","peak":2037.2,"msg":"SL pujat"}
{"level":30,"time":1773110153204,"pid":29428,"hostname":"DESKTOP-KPAMGTB","module":"trailing-engine","symbol":"ETHUSDT","oldSl":1973.65,"newSl":"1977.55","peak":2041.1,"msg":"SL pujat"}
{"level":30,"time":1773110180849,"pid":29428,"hostname":"DESKTOP-KPAMGTB","module":"trailing-engine","symbol":"BTCUSDT","price":70203.7,"activateAt":70193.51,"msg":"trailing activat"}
{"level":40,"time":1773110181572,"pid":29428,"hostname":"DESKTOP-KPAMGTB","module":"trailing-engine","symbol":"BTCUSDT","orderListId":2003943,"msg":"OCO ja no existeix en activar trailing — eliminant suggeriment"}
{"level":30,"time":1773110182715,"pid":29428,"hostname":"DESKTOP-KPAMGTB","module":"trailing-engine","symbol":"ETHUSDT","oldSl":1977.55,"newSl":"1986.82","peak":2050.37,"msg":"SL pujat"}
{"level":30,"time":1773110572733,"pid":29428,"hostname":"DESKTOP-KPAMGTB","module":"trailing-engine","symbol":"ETHUSDT","oldSl":1986.82,"newSl":"1988.33","peak":2051.88,"msg":"SL pujat"}
{"level":30,"time":1773110993045,"pid":29428,"hostname":"DESKTOP-KPAMGTB","module":"trailing-engine","symbol":"ETHUSDT","oldSl":1988.33,"newSl":"1989.79","peak":2053.34,"msg":"SL pujat"}
{"level":30,"time":1773111601263,"pid":29428,"hostname":"DESKTOP-KPAMGTB","module":"telegram","msg":"informe horari enviat"}
{"level":30,"time":1773115202006,"pid":29428,"hostname":"DESKTOP-KPAMGTB","module":"telegram","msg":"informe horari enviat"}
{"level":30,"time":1773118801697,"pid":29428,"hostname":"DESKTOP-KPAMGTB","module":"telegram","msg":"informe horari enviat"}
{"level":30,"time":1773122402024,"pid":29428,"hostname":"DESKTOP-KPAMGTB","module":"telegram","msg":"informe horari enviat"}
{"level":30,"time":1773122961794,"pid":29428,"hostname":"DESKTOP-KPAMGTB","module":"binance","assets":18,"msg":"balance"}
{"level":30,"time":1773122963168,"pid":29428,"hostname":"DESKTOP-KPAMGTB","module":"binance","assets":18,"msg":"balance"}
{"level":30,"time":1773123862370,"pid":29428,"hostname":"DESKTOP-KPAMGTB","module":"binance","assets":18,"msg":"balance"}
{"level":30,"time":1773124200839,"pid":29428,"hostname":"DESKTOP-KPAMGTB","module":"telegram","msg":"informe diari enviat"}
{"level":30,"time":1773124762372,"pid":29428,"hostname":"DESKTOP-KPAMGTB","module":"binance","assets":18,"msg":"balance"}
{"level":30,"time":1773125662347,"pid":29428,"hostname":"DESKTOP-KPAMGTB","module":"binance","assets":18,"msg":"balance"}
{"level":30,"time":1773126001301,"pid":29428,"hostname":"DESKTOP-KPAMGTB","module":"telegram","msg":"informe horari enviat"}
{"level":30,"time":1773126405076,"pid":29428,"hostname":"DESKTOP-KPAMGTB","module":"binance","symbol":"SOLUSDT","interval":"1h","verdict":"WAIT","score":57,"price":86.46,"msg":"scanner"}
{"level":30,"time":1773126405095,"pid":29428,"hostname":"DESKTOP-KPAMGTB","module":"binance","symbol":"BTCUSDT","interval":"1h","verdict":"WAIT","score":57,"price":70064.21,"msg":"scanner"}
{"level":30,"time":1773126405105,"pid":29428,"hostname":"DESKTOP-KPAMGTB","module":"binance","symbol":"ETHUSDT","interval":"1h","verdict":"WAIT","score":60,"price":2047.3,"msg":"scanner"}
{"level":30,"time":1773126405116,"pid":29428,"hostname":"DESKTOP-KPAMGTB","module":"binance","symbol":"XRPUSDT","interval":"1h","verdict":"WAIT","score":63,"price":1.3798,"msg":"scanner"}
{"level":30,"time":1773126405123,"pid":29428,"hostname":"DESKTOP-KPAMGTB","module":"binance","symbol":"BNBUSDT","interval":"1h","verdict":"WAIT","score":53,"price":644.78,"msg":"scanner"}
{"level":30,"time":1773126405278,"pid":29428,"hostname":"DESKTOP-KPAMGTB","module":"binance","symbol":"BNBUSDT","interval":"1h","verdict":"WAIT","score":53,"price":644.78,"msg":"scanner"}
{"level":30,"time":1773126405297,"pid":29428,"hostname":"DESKTOP-KPAMGTB","module":"binance","symbol":"SOLUSDT","interval":"1h","verdict":"WAIT","score":57,"price":86.46,"msg":"scanner"}
{"level":30,"time":1773126405323,"pid":29428,"hostname":"DESKTOP-KPAMGTB","module":"binance","symbol":"XRPUSDT","interval":"1h","verdict":"WAIT","score":63,"price":1.3798,"msg":"scanner"}
{"level":30,"time":1773126405374,"pid":29428,"hostname":"DESKTOP-KPAMGTB","module":"binance","symbol":"ETHUSDT","interval":"1h","verdict":"WAIT","score":60,"price":2047.3,"msg":"scanner"}
{"level":30,"time":1773126405394,"pid":29428,"hostname":"DESKTOP-KPAMGTB","module":"binance","symbol":"BTCUSDT","interval":"1h","verdict":"WAIT","score":57,"price":70054.49,"msg":"scanner"}
{"level":30,"time":1773126418371,"pid":29428,"hostname":"DESKTOP-KPAMGTB","module":"binance","symbol":"ETHUSDT","interval":"5m","verdict":"WAIT","score":60,"price":2046.65,"msg":"scanner"}
{"level":30,"time":1773126418406,"pid":29428,"hostname":"DESKTOP-KPAMGTB","module":"binance","symbol":"BNBUSDT","interval":"5m","verdict":"WAIT","score":60,"price":644.75,"msg":"scanner"}
{"level":30,"time":1773126418427,"pid":29428,"hostname":"DESKTOP-KPAMGTB","module":"binance","symbol":"BTCUSDT","interval":"5m","verdict":"WAIT","score":57,"price":70041.82,"msg":"scanner"}
{"level":30,"time":1773126418447,"pid":29428,"hostname":"DESKTOP-KPAMGTB","module":"binance","symbol":"XRPUSDT","interval":"5m","verdict":"WAIT","score":37,"price":1.3796,"msg":"scanner"}
{"level":30,"time":1773126418467,"pid":29428,"hostname":"DESKTOP-KPAMGTB","module":"binance","symbol":"SOLUSDT","interval":"5m","verdict":"WAIT","score":57,"price":86.43,"msg":"scanner"}
{"level":30,"time":1773126421708,"pid":29428,"hostname":"DESKTOP-KPAMGTB","module":"binance","symbol":"ETHUSDT","interval":"4h","verdict":"WAIT","score":63,"price":2046.64,"msg":"scanner"}
{"level":30,"time":1773126421734,"pid":29428,"hostname":"DESKTOP-KPAMGTB","module":"binance","symbol":"BNBUSDT","interval":"4h","verdict":"WAIT","score":60,"price":644.63,"msg":"scanner"}
{"level":30,"time":1773126421755,"pid":29428,"hostname":"DESKTOP-KPAMGTB","module":"binance","symbol":"BTCUSDT","interval":"4h","verdict":"WAIT","score":60,"price":70033.59,"msg":"scanner"}
{"level":30,"time":1773126421787,"pid":29428,"hostname":"DESKTOP-KPAMGTB","module":"binance","symbol":"SOLUSDT","interval":"4h","verdict":"WAIT","score":63,"price":86.43,"msg":"scanner"}
{"level":30,"time":1773126421809,"pid":29428,"hostname":"DESKTOP-KPAMGTB","module":"binance","symbol":"XRPUSDT","interval":"4h","verdict":"WAIT","score":60,"price":1.3796,"msg":"scanner"}
{"level":30,"time":1773127190038,"pid":29428,"hostname":"DESKTOP-KPAMGTB","module":"binance","assets":18,"msg":"balance"}
{"level":30,"time":1773127369834,"pid":29428,"hostname":"DESKTOP-KPAMGTB","module":"binance","symbol":"SOLUSDT","interval":"1h","verdict":"BUY","score":66,"price":86.63,"msg":"scanner"}
{"level":30,"time":1773127369874,"pid":29428,"hostname":"DESKTOP-KPAMGTB","module":"binance","symbol":"XRPUSDT","interval":"1h","verdict":"WAIT","score":59,"price":1.3838,"msg":"scanner"}
{"level":30,"time":1773127369889,"pid":29428,"hostname":"DESKTOP-KPAMGTB","module":"binance","symbol":"ETHUSDT","interval":"1h","verdict":"WAIT","score":63,"price":2052.01,"msg":"scanner"}
{"level":30,"time":1773127369904,"pid":29428,"hostname":"DESKTOP-KPAMGTB","module":"binance","symbol":"BTCUSDT","interval":"1h","verdict":"WAIT","score":63,"price":70417.93,"msg":"scanner"}
{"level":30,"time":1773127369918,"pid":29428,"hostname":"DESKTOP-KPAMGTB","module":"binance","symbol":"BTCUSDT","interval":"5m","verdict":"WAIT","score":63,"price":70417.93,"msg":"scanner"}
{"level":30,"time":1773127370016,"pid":29428,"hostname":"DESKTOP-KPAMGTB","module":"binance","symbol":"BNBUSDT","interval":"1h","verdict":"WAIT","score":63,"price":645.84,"msg":"scanner"}
{"level":30,"time":1773127370054,"pid":29428,"hostname":"DESKTOP-KPAMGTB","module":"binance","symbol":"BTCUSDT","interval":"5m","verdict":"WAIT","score":63,"price":70417.93,"msg":"scanner"}
{"level":30,"time":1773127370088,"pid":29428,"hostname":"DESKTOP-KPAMGTB","module":"binance","symbol":"ETHUSDT","interval":"1h","verdict":"WAIT","score":63,"price":2052.01,"msg":"scanner"}
{"level":30,"time":1773127370112,"pid":29428,"hostname":"DESKTOP-KPAMGTB","module":"binance","symbol":"SOLUSDT","interval":"1h","verdict":"BUY","score":66,"price":86.63,"msg":"scanner"}
{"level":30,"time":1773127370140,"pid":29428,"hostname":"DESKTOP-KPAMGTB","module":"binance","symbol":"BTCUSDT","interval":"4h","verdict":"BUY","score":66,"price":70417.93,"msg":"scanner"}
{"level":30,"time":1773127370158,"pid":29428,"hostname":"DESKTOP-KPAMGTB","module":"binance","symbol":"XRPUSDT","interval":"1h","verdict":"WAIT","score":59,"price":1.3838,"msg":"scanner"}
{"level":30,"time":1773127370506,"pid":29428,"hostname":"DESKTOP-KPAMGTB","module":"binance","symbol":"BNBUSDT","interval":"1h","verdict":"WAIT","score":63,"price":645.84,"msg":"scanner"}
{"level":30,"time":1773127383178,"pid":29428,"hostname":"DESKTOP-KPAMGTB","module":"binance","symbol":"ETHUSDT","interval":"5m","verdict":"BUY","score":66,"price":2051.86,"msg":"scanner"}
{"level":30,"time":1773127383190,"pid":29428,"hostname":"DESKTOP-KPAMGTB","module":"binance","symbol":"ETHUSDT","interval":"4h","verdict":"WAIT","score":59,"price":2051.86,"msg":"scanner"}
{"level":30,"time":1773127414492,"pid":29428,"hostname":"DESKTOP-KPAMGTB","module":"binance","symbol":"XRPUSDT","interval":"4h","verdict":"WAIT","score":63,"price":1.3844,"msg":"scanner"}
{"level":30,"time":1773127414645,"pid":29428,"hostname":"DESKTOP-KPAMGTB","module":"binance","symbol":"XRPUSDT","interval":"5m","verdict":"WAIT","score":63,"price":1.3844,"msg":"scanner"}
{"level":30,"time":1773127422062,"pid":29428,"hostname":"DESKTOP-KPAMGTB","module":"binance","symbol":"SOLUSDT","interval":"5m","verdict":"BUY","score":66,"price":86.71,"msg":"scanner"}
{"level":30,"time":1773127422089,"pid":29428,"hostname":"DESKTOP-KPAMGTB","module":"binance","symbol":"SOLUSDT","interval":"4h","verdict":"WAIT","score":56,"price":86.71,"msg":"scanner"}
{"level":30,"time":1773127424342,"pid":29428,"hostname":"DESKTOP-KPAMGTB","module":"binance","symbol":"BNBUSDT","interval":"5m","verdict":"BUY","score":66,"price":646.1,"msg":"scanner"}
{"level":30,"time":1773127424385,"pid":29428,"hostname":"DESKTOP-KPAMGTB","module":"binance","symbol":"BNBUSDT","interval":"4h","verdict":"WAIT","score":56,"price":646.1,"msg":"scanner"}
{"level":30,"time":1773127426602,"pid":29428,"hostname":"DESKTOP-KPAMGTB","module":"binance","symbol":"ETHUSDT","interval":"5m","verdict":"BUY","score":69,"price":2053.54,"msg":"scanner"}
{"level":30,"time":1773127428918,"pid":29428,"hostname":"DESKTOP-KPAMGTB","module":"binance","symbol":"BTCUSDT","interval":"5m","verdict":"WAIT","score":63,"price":70431.24,"msg":"scanner"}
{"level":30,"time":1773127436664,"pid":29428,"hostname":"DESKTOP-KPAMGTB","module":"trailing-engine","symbol":"ETHUSDT","oldSl":1989.79,"newSl":"1990.19","peak":2053.74,"msg":"SL pujat"}
{"level":30,"time":1773127455661,"pid":29428,"hostname":"DESKTOP-KPAMGTB","module":"binance","assets":18,"msg":"balance"}
{"level":30,"time":1773127456320,"pid":29428,"hostname":"DESKTOP-KPAMGTB","module":"binance","assets":18,"msg":"balance"}
{"level":30,"time":1773127467025,"pid":29428,"hostname":"DESKTOP-KPAMGTB","module":"trailing-engine","symbol":"ETHUSDT","oldSl":1990.19,"newSl":"1995.12","peak":2058.67,"msg":"SL pujat"}
{"level":30,"time":1773127753677,"pid":29428,"hostname":"DESKTOP-KPAMGTB","module":"binance","assets":18,"msg":"balance"}
{"level":30,"time":1773127753749,"pid":29428,"hostname":"DESKTOP-KPAMGTB","module":"binance","assets":18,"msg":"balance"}
{"level":30,"time":1773127761551,"pid":29428,"hostname":"DESKTOP-KPAMGTB","module":"binance","count":62,"msg":"trades"}
{"level":30,"time":1773127761862,"pid":29428,"hostname":"DESKTOP-KPAMGTB","module":"binance","count":62,"msg":"trades"}
{"level":30,"time":1773127761919,"pid":29428,"hostname":"DESKTOP-KPAMGTB","module":"binance","count":40,"msg":"order history"}
{"level":30,"time":1773127765745,"pid":29428,"hostname":"DESKTOP-KPAMGTB","module":"binance","symbol":"BTCUSDT","interval":"1h","verdict":"BUY","score":66,"price":70309.33,"msg":"scanner"}
{"level":30,"time":1773127765754,"pid":29428,"hostname":"DESKTOP-KPAMGTB","module":"binance","symbol":"ETHUSDT","interval":"1h","verdict":"WAIT","score":63,"price":2051.89,"msg":"scanner"}
{"level":30,"time":1773127765763,"pid":29428,"hostname":"DESKTOP-KPAMGTB","module":"binance","symbol":"BTCUSDT","interval":"5m","verdict":"WAIT","score":63,"price":70309.33,"msg":"scanner"}
{"level":30,"time":1773127765795,"pid":29428,"hostname":"DESKTOP-KPAMGTB","module":"binance","symbol":"XRPUSDT","interval":"1h","verdict":"WAIT","score":63,"price":1.3851,"msg":"scanner"}
{"level":30,"time":1773127765803,"pid":29428,"hostname":"DESKTOP-KPAMGTB","module":"binance","symbol":"BNBUSDT","interval":"1h","verdict":"WAIT","score":63,"price":645.64,"msg":"scanner"}
{"level":30,"time":1773127765818,"pid":29428,"hostname":"DESKTOP-KPAMGTB","module":"binance","symbol":"SOLUSDT","interval":"1h","verdict":"BUY","score":66,"price":86.62,"msg":"scanner"}
{"level":30,"time":1773127766055,"pid":29428,"hostname":"DESKTOP-KPAMGTB","module":"binance","symbol":"BTCUSDT","interval":"5m","verdict":"WAIT","score":63,"price":70309.33,"msg":"scanner"}
{"level":30,"time":1773127766096,"pid":29428,"hostname":"DESKTOP-KPAMGTB","module":"binance","symbol":"BTCUSDT","interval":"4h","verdict":"BUY","score":66,"price":70309.33,"msg":"scanner"}
{"level":30,"time":1773127766107,"pid":29428,"hostname":"DESKTOP-KPAMGTB","module":"binance","symbol":"ETHUSDT","interval":"1h","verdict":"WAIT","score":63,"price":2051.89,"msg":"scanner"}
{"level":30,"time":1773127766117,"pid":29428,"hostname":"DESKTOP-KPAMGTB","module":"binance","symbol":"BNBUSDT","interval":"1h","verdict":"WAIT","score":63,"price":645.65,"msg":"scanner"}
{"level":30,"time":1773127766206,"pid":29428,"hostname":"DESKTOP-KPAMGTB","module":"binance","symbol":"SOLUSDT","interval":"1h","verdict":"BUY","score":66,"price":86.62,"msg":"scanner"}
{"level":30,"time":1773127766339,"pid":29428,"hostname":"DESKTOP-KPAMGTB","module":"binance","symbol":"XRPUSDT","interval":"1h","verdict":"WAIT","score":63,"price":1.3851,"msg":"scanner"}
{"level":30,"time":1773127845449,"pid":29428,"hostname":"DESKTOP-KPAMGTB","module":"binance","assets":18,"msg":"balance"}
{"level":30,"time":1773127845698,"pid":29428,"hostname":"DESKTOP-KPAMGTB","module":"binance","assets":18,"msg":"balance"}
{"level":30,"time":1773128038160,"pid":29428,"hostname":"DESKTOP-KPAMGTB","module":"binance","assets":18,"msg":"balance"}
{"level":30,"time":1773128044450,"pid":29428,"hostname":"DESKTOP-KPAMGTB","module":"binance","count":62,"msg":"trades"}
{"level":30,"time":1773128044732,"pid":29428,"hostname":"DESKTOP-KPAMGTB","module":"binance","count":62,"msg":"trades"}
{"level":30,"time":1773128055505,"pid":29428,"hostname":"DESKTOP-KPAMGTB","module":"binance","symbol":"BTCUSDT","interval":"1h","verdict":"BUY","score":66,"price":70324.94,"msg":"scanner"}
{"level":30,"time":1773128055522,"pid":29428,"hostname":"DESKTOP-KPAMGTB","module":"binance","symbol":"BNBUSDT","interval":"1h","verdict":"WAIT","score":63,"price":645.36,"msg":"scanner"}
{"level":30,"time":1773128055535,"pid":29428,"hostname":"DESKTOP-KPAMGTB","module":"binance","symbol":"XRPUSDT","interval":"1h","verdict":"WAIT","score":63,"price":1.3847,"msg":"scanner"}
{"level":30,"time":1773128055563,"pid":29428,"hostname":"DESKTOP-KPAMGTB","module":"binance","symbol":"SOLUSDT","interval":"1h","verdict":"WAIT","score":63,"price":86.84,"msg":"scanner"}
{"level":30,"time":1773128055572,"pid":29428,"hostname":"DESKTOP-KPAMGTB","module":"binance","symbol":"ETHUSDT","interval":"1h","verdict":"WAIT","score":63,"price":2051.66,"msg":"scanner"}
{"level":30,"time":1773128055580,"pid":29428,"hostname":"DESKTOP-KPAMGTB","module":"binance","symbol":"BTCUSDT","interval":"5m","verdict":"WAIT","score":59,"price":70324.94,"msg":"scanner"}
{"level":30,"time":1773128055644,"pid":29428,"hostname":"DESKTOP-KPAMGTB","module":"binance","symbol":"BNBUSDT","interval":"1h","verdict":"WAIT","score":63,"price":645.35,"msg":"scanner"}
{"level":30,"time":1773128055681,"pid":29428,"hostname":"DESKTOP-KPAMGTB","module":"binance","symbol":"XRPUSDT","interval":"1h","verdict":"WAIT","score":63,"price":1.3849,"msg":"scanner"}
{"level":30,"time":1773128055803,"pid":29428,"hostname":"DESKTOP-KPAMGTB","module":"binance","symbol":"BTCUSDT","interval":"1h","verdict":"BUY","score":66,"price":70324.95,"msg":"scanner"}
{"level":30,"time":1773128055893,"pid":29428,"hostname":"DESKTOP-KPAMGTB","module":"binance","symbol":"ETHUSDT","interval":"1h","verdict":"WAIT","score":63,"price":2051.66,"msg":"scanner"}
{"level":30,"time":1773128056110,"pid":29428,"hostname":"DESKTOP-KPAMGTB","module":"binance","symbol":"SOLUSDT","interval":"1h","verdict":"WAIT","score":63,"price":86.84,"msg":"scanner"}
{"level":30,"time":1773128056274,"pid":29428,"hostname":"DESKTOP-KPAMGTB","module":"binance","symbol":"BTCUSDT","interval":"5m","verdict":"WAIT","score":59,"price":70324.95,"msg":"scanner"}
{"level":30,"time":1773128059247,"pid":29428,"hostname":"DESKTOP-KPAMGTB","module":"binance","symbol":"ETHUSDT","interval":"5m","verdict":"WAIT","score":56,"price":2051.78,"msg":"scanner"}
{"level":30,"time":1773128059929,"pid":29428,"hostname":"DESKTOP-KPAMGTB","module":"binance","symbol":"BNBUSDT","interval":"5m","verdict":"WAIT","score":59,"price":645.35,"msg":"scanner"}
{"level":30,"time":1773128060318,"pid":29428,"hostname":"DESKTOP-KPAMGTB","module":"binance","symbol":"ETHUSDT","interval":"4h","verdict":"WAIT","score":59,"price":2051.88,"msg":"scanner"}
{"level":30,"time":1773128061180,"pid":29428,"hostname":"DESKTOP-KPAMGTB","module":"binance","symbol":"BNBUSDT","interval":"4h","verdict":"WAIT","score":56,"price":645.39,"msg":"scanner"}
{"level":30,"time":1773128061546,"pid":29428,"hostname":"DESKTOP-KPAMGTB","module":"binance","symbol":"SOLUSDT","interval":"5m","verdict":"BUY","score":69,"price":86.84,"msg":"scanner"}
{"level":30,"time":1773128062006,"pid":29428,"hostname":"DESKTOP-KPAMGTB","module":"binance","symbol":"SOLUSDT","interval":"4h","verdict":"WAIT","score":56,"price":86.84,"msg":"scanner"}
{"level":30,"time":1773128062406,"pid":29428,"hostname":"DESKTOP-KPAMGTB","module":"binance","symbol":"XRPUSDT","interval":"5m","verdict":"WAIT","score":59,"price":1.385,"msg":"scanner"}
{"level":30,"time":1773128063134,"pid":29428,"hostname":"DESKTOP-KPAMGTB","module":"binance","symbol":"DOGEUSDT","interval":"5m","verdict":"BUY","score":69,"price":0.09218,"msg":"scanner"}
{"level":30,"time":1773128063324,"pid":29428,"hostname":"DESKTOP-KPAMGTB","module":"binance","symbol":"DOGEUSDT","interval":"1h","verdict":"BUY","score":72,"price":0.09218,"msg":"scanner"}
{"level":30,"time":1773128063792,"pid":29428,"hostname":"DESKTOP-KPAMGTB","module":"binance","symbol":"DOGEUSDT","interval":"4h","verdict":"WAIT","score":59,"price":0.09219,"msg":"scanner"}
{"level":30,"time":1773128063974,"pid":29428,"hostname":"DESKTOP-KPAMGTB","module":"binance","symbol":"ADAUSDT","interval":"5m","verdict":"WAIT","score":53,"price":0.2603,"msg":"scanner"}
{"level":30,"time":1773128064606,"pid":29428,"hostname":"DESKTOP-KPAMGTB","module":"binance","symbol":"ADAUSDT","interval":"1h","verdict":"WAIT","score":59,"price":0.2603,"msg":"scanner"}
{"level":30,"time":1773128065217,"pid":29428,"hostname":"DESKTOP-KPAMGTB","module":"binance","symbol":"ADAUSDT","interval":"4h","verdict":"WAIT","score":50,"price":0.2603,"msg":"scanner"}
{"level":30,"time":1773128065356,"pid":29428,"hostname":"DESKTOP-KPAMGTB","module":"binance","symbol":"AVAXUSDT","interval":"5m","verdict":"WAIT","score":59,"price":9.39,"msg":"scanner"}
{"level":30,"time":1773128067730,"pid":29428,"hostname":"DESKTOP-KPAMGTB","module":"binance","symbol":"AVAXUSDT","interval":"1h","verdict":"WAIT","score":53,"price":9.39,"msg":"scanner"}
{"level":30,"time":1773128067749,"pid":29428,"hostname":"DESKTOP-KPAMGTB","module":"binance","symbol":"AVAXUSDT","interval":"4h","verdict":"WAIT","score":63,"price":9.39,"msg":"scanner"}
{"level":30,"time":1773128067807,"pid":29428,"hostname":"DESKTOP-KPAMGTB","module":"binance","symbol":"TRXUSDT","interval":"5m","verdict":"BUY","score":66,"price":0.2862,"msg":"scanner"}
{"level":30,"time":1773128068357,"pid":29428,"hostname":"DESKTOP-KPAMGTB","module":"binance","symbol":"XRPUSDT","interval":"4h","verdict":"WAIT","score":63,"price":1.385,"msg":"scanner"}
{"level":30,"time":1773128068523,"pid":29428,"hostname":"DESKTOP-KPAMGTB","module":"binance","symbol":"TRXUSDT","interval":"1h","verdict":"WAIT","score":56,"price":0.2862,"msg":"scanner"}
{"level":30,"time":1773128068806,"pid":29428,"hostname":"DESKTOP-KPAMGTB","module":"binance","symbol":"DOTUSDT","interval":"5m","verdict":"WAIT","score":59,"price":1.522,"msg":"scanner"}
{"level":30,"time":1773128068831,"pid":29428,"hostname":"DESKTOP-KPAMGTB","module":"binance","symbol":"TRXUSDT","interval":"4h","verdict":"WAIT","score":56,"price":0.2862,"msg":"scanner"}
{"level":30,"time":1773128068865,"pid":29428,"hostname":"DESKTOP-KPAMGTB","module":"binance","symbol":"DOTUSDT","interval":"1h","verdict":"WAIT","score":63,"price":1.522,"msg":"scanner"}
{"level":30,"time":1773128069334,"pid":29428,"hostname":"DESKTOP-KPAMGTB","module":"binance","symbol":"DOTUSDT","interval":"4h","verdict":"BUY","score":66,"price":1.522,"msg":"scanner"}
{"level":30,"time":1773128069423,"pid":29428,"hostname":"DESKTOP-KPAMGTB","module":"binance","symbol":"LINKUSDT","interval":"5m","verdict":"WAIT","score":53,"price":9.06,"msg":"scanner"}
{"level":30,"time":1773128069515,"pid":29428,"hostname":"DESKTOP-KPAMGTB","module":"binance","symbol":"LINKUSDT","interval":"1h","verdict":"BUY","score":66,"price":9.06,"msg":"scanner"}
{"level":30,"time":1773128069580,"pid":29428,"hostname":"DESKTOP-KPAMGTB","module":"binance","symbol":"LINKUSDT","interval":"4h","verdict":"WAIT","score":59,"price":9.06,"msg":"scanner"}
{"level":30,"time":1773128069951,"pid":29428,"hostname":"DESKTOP-KPAMGTB","module":"binance","symbol":"MATICUSDT","interval":"5m","verdict":"WAIT","score":59,"price":0.3794,"msg":"scanner"}
{"level":30,"time":1773128069967,"pid":29428,"hostname":"DESKTOP-KPAMGTB","module":"binance","symbol":"MATICUSDT","interval":"1h","verdict":"WAIT","score":47,"price":0.3794,"msg":"scanner"}
{"level":30,"time":1773128070185,"pid":29428,"hostname":"DESKTOP-KPAMGTB","module":"binance","symbol":"MATICUSDT","interval":"4h","verdict":"WAIT","score":41,"price":0.3794,"msg":"scanner"}
{"level":30,"time":1773128070325,"pid":29428,"hostname":"DESKTOP-KPAMGTB","module":"binance","symbol":"LTCUSDT","interval":"5m","verdict":"WAIT","score":63,"price":54.09,"msg":"scanner"}
{"level":30,"time":1773128070553,"pid":29428,"hostname":"DESKTOP-KPAMGTB","module":"binance","symbol":"LTCUSDT","interval":"4h","verdict":"WAIT","score":47,"price":54.09,"msg":"scanner"}
{"level":30,"time":1773128070587,"pid":29428,"hostname":"DESKTOP-KPAMGTB","module":"binance","symbol":"LTCUSDT","interval":"1h","verdict":"WAIT","score":56,"price":54.09,"msg":"scanner"}
{"level":30,"time":1773128071027,"pid":29428,"hostname":"DESKTOP-KPAMGTB","module":"binance","symbol":"SHIBUSDT","interval":"5m","verdict":"WAIT","score":59,"price":0.00000557,"msg":"scanner"}
{"level":30,"time":1773128071050,"pid":29428,"hostname":"DESKTOP-KPAMGTB","module":"binance","symbol":"SHIBUSDT","interval":"1h","verdict":"WAIT","score":63,"price":0.00000557,"msg":"scanner"}
{"level":30,"time":1773128071160,"pid":29428,"hostname":"DESKTOP-KPAMGTB","module":"binance","symbol":"UNIUSDT","interval":"5m","verdict":"WAIT","score":53,"price":3.943,"msg":"scanner"}
{"level":30,"time":1773128071179,"pid":29428,"hostname":"DESKTOP-KPAMGTB","module":"binance","symbol":"SHIBUSDT","interval":"4h","verdict":"WAIT","score":59,"price":0.00000557,"msg":"scanner"}
{"level":30,"time":1773128071571,"pid":29428,"hostname":"DESKTOP-KPAMGTB","module":"binance","symbol":"UNIUSDT","interval":"1h","verdict":"BUY","score":66,"price":3.943,"msg":"scanner"}
{"level":30,"time":1773128071772,"pid":29428,"hostname":"DESKTOP-KPAMGTB","module":"binance","symbol":"UNIUSDT","interval":"4h","verdict":"WAIT","score":59,"price":3.943,"msg":"scanner"}
{"level":30,"time":1773128071808,"pid":29428,"hostname":"DESKTOP-KPAMGTB","module":"binance","symbol":"ATOMUSDT","interval":"5m","verdict":"WAIT","score":63,"price":1.768,"msg":"scanner"}
{"level":30,"time":1773128072002,"pid":29428,"hostname":"DESKTOP-KPAMGTB","module":"binance","symbol":"ATOMUSDT","interval":"1h","verdict":"WAIT","score":63,"price":1.768,"msg":"scanner"}
{"level":30,"time":1773128072052,"pid":29428,"hostname":"DESKTOP-KPAMGTB","module":"binance","symbol":"ATOMUSDT","interval":"4h","verdict":"WAIT","score":53,"price":1.768,"msg":"scanner"}
{"level":30,"time":1773128072339,"pid":29428,"hostname":"DESKTOP-KPAMGTB","module":"binance","symbol":"ETCUSDT","interval":"5m","verdict":"WAIT","score":50,"price":8.27,"msg":"scanner"}
{"level":30,"time":1773128072511,"pid":29428,"hostname":"DESKTOP-KPAMGTB","module":"binance","symbol":"ETCUSDT","interval":"1h","verdict":"WAIT","score":63,"price":8.27,"msg":"scanner"}
{"level":30,"time":1773128072564,"pid":29428,"hostname":"DESKTOP-KPAMGTB","module":"binance","symbol":"ETCUSDT","interval":"4h","verdict":"WAIT","score":44,"price":8.27,"msg":"scanner"}
{"level":30,"time":1773128072772,"pid":29428,"hostname":"DESKTOP-KPAMGTB","module":"binance","symbol":"XLMUSDT","interval":"5m","verdict":"WAIT","score":53,"price":0.1559,"msg":"scanner"}
{"level":30,"time":1773128072933,"pid":29428,"hostname":"DESKTOP-KPAMGTB","module":"binance","symbol":"XLMUSDT","interval":"1h","verdict":"BUY","score":69,"price":0.1559,"msg":"scanner"}
{"level":30,"time":1773128073020,"pid":29428,"hostname":"DESKTOP-KPAMGTB","module":"binance","symbol":"XLMUSDT","interval":"4h","verdict":"WAIT","score":59,"price":0.1559,"msg":"scanner"}
{"level":30,"time":1773128073054,"pid":29428,"hostname":"DESKTOP-KPAMGTB","module":"binance","symbol":"APTUSDT","interval":"5m","verdict":"WAIT","score":50,"price":0.973,"msg":"scanner"}
{"level":30,"time":1773128073417,"pid":29428,"hostname":"DESKTOP-KPAMGTB","module":"binance","symbol":"APTUSDT","interval":"1h","verdict":"WAIT","score":63,"price":0.973,"msg":"scanner"}
{"level":30,"time":1773128073573,"pid":29428,"hostname":"DESKTOP-KPAMGTB","module":"binance","symbol":"NEARUSDT","interval":"5m","verdict":"WAIT","score":50,"price":1.284,"msg":"scanner"}
{"level":30,"time":1773128073612,"pid":29428,"hostname":"DESKTOP-KPAMGTB","module":"binance","symbol":"APTUSDT","interval":"4h","verdict":"WAIT","score":53,"price":0.973,"msg":"scanner"}
{"level":30,"time":1773128073770,"pid":29428,"hostname":"DESKTOP-KPAMGTB","module":"binance","symbol":"NEARUSDT","interval":"1h","verdict":"WAIT","score":63,"price":1.284,"msg":"scanner"}
{"level":30,"time":1773128074469,"pid":29428,"hostname":"DESKTOP-KPAMGTB","module":"binance","symbol":"NEARUSDT","interval":"4h","verdict":"BUY","score":66,"price":1.284,"msg":"scanner"}
{"level":30,"time":1773128113441,"pid":29428,"hostname":"DESKTOP-KPAMGTB","module":"binance","symbol":"ETHUSDT","interval":"5m","verdict":"WAIT","score":56,"price":2051.59,"msg":"scanner"}
{"level":30,"time":1773128113507,"pid":29428,"hostname":"DESKTOP-KPAMGTB","module":"binance","symbol":"BTCUSDT","interval":"5m","verdict":"WAIT","score":59,"price":70329.58,"msg":"scanner"}
{"level":30,"time":1773128113542,"pid":29428,"hostname":"DESKTOP-KPAMGTB","module":"binance","symbol":"BTCUSDT","interval":"4h","verdict":"BUY","score":69,"price":70329.58,"msg":"scanner"}
{"level":30,"time":1773128114220,"pid":29428,"hostname":"DESKTOP-KPAMGTB","module":"binance","symbol":"BNBUSDT","interval":"5m","verdict":"WAIT","score":59,"price":645.2,"msg":"scanner"}
{"level":30,"time":1773128114432,"pid":29428,"hostname":"DESKTOP-KPAMGTB","module":"binance","symbol":"SOLUSDT","interval":"5m","verdict":"BUY","score":66,"price":86.85,"msg":"scanner"}
{"level":30,"time":1773128114874,"pid":29428,"hostname":"DESKTOP-KPAMGTB","module":"binance","symbol":"XRPUSDT","interval":"5m","verdict":"WAIT","score":56,"price":1.3846,"msg":"scanner"}
{"level":30,"time":1773128115052,"pid":29428,"hostname":"DESKTOP-KPAMGTB","module":"binance","symbol":"DOGEUSDT","interval":"5m","verdict":"BUY","score":69,"price":0.09216,"msg":"scanner"}
{"level":30,"time":1773128115540,"pid":29428,"hostname":"DESKTOP-KPAMGTB","module":"binance","symbol":"ADAUSDT","interval":"5m","verdict":"WAIT","score":59,"price":0.2602,"msg":"scanner"}
{"level":30,"time":1773128115742,"pid":29428,"hostname":"DESKTOP-KPAMGTB","module":"binance","symbol":"AVAXUSDT","interval":"5m","verdict":"WAIT","score":63,"price":9.39,"msg":"scanner"}
{"level":30,"time":1773128116355,"pid":29428,"hostname":"DESKTOP-KPAMGTB","module":"binance","symbol":"TRXUSDT","interval":"5m","verdict":"WAIT","score":63,"price":0.2861,"msg":"scanner"}
{"level":30,"time":1773128116613,"pid":29428,"hostname":"DESKTOP-KPAMGTB","module":"binance","symbol":"DOTUSDT","interval":"5m","verdict":"WAIT","score":59,"price":1.522,"msg":"scanner"}
{"level":30,"time":1773128117095,"pid":29428,"hostname":"DESKTOP-KPAMGTB","module":"binance","symbol":"LINKUSDT","interval":"5m","verdict":"WAIT","score":56,"price":9.04,"msg":"scanner"}
{"level":30,"time":1773128117282,"pid":29428,"hostname":"DESKTOP-KPAMGTB","module":"binance","symbol":"MATICUSDT","interval":"5m","verdict":"WAIT","score":59,"price":0.3794,"msg":"scanner"}
{"level":30,"time":1773128118059,"pid":29428,"hostname":"DESKTOP-KPAMGTB","module":"binance","symbol":"SHIBUSDT","interval":"5m","verdict":"WAIT","score":53,"price":0.00000557,"msg":"scanner"}
{"level":30,"time":1773128118317,"pid":29428,"hostname":"DESKTOP-KPAMGTB","module":"binance","symbol":"LTCUSDT","interval":"5m","verdict":"WAIT","score":63,"price":54.08,"msg":"scanner"}
{"level":30,"time":1773128118718,"pid":29428,"hostname":"DESKTOP-KPAMGTB","module":"binance","symbol":"UNIUSDT","interval":"5m","verdict":"WAIT","score":53,"price":3.943,"msg":"scanner"}
{"level":30,"time":1773128119132,"pid":29428,"hostname":"DESKTOP-KPAMGTB","module":"binance","symbol":"ATOMUSDT","interval":"5m","verdict":"WAIT","score":50,"price":1.767,"msg":"scanner"}
{"level":30,"time":1773128119359,"pid":29428,"hostname":"DESKTOP-KPAMGTB","module":"binance","symbol":"ETCUSDT","interval":"5m","verdict":"WAIT","score":56,"price":8.27,"msg":"scanner"}
{"level":30,"time":1773128119867,"pid":29428,"hostname":"DESKTOP-KPAMGTB","module":"binance","symbol":"XLMUSDT","interval":"5m","verdict":"WAIT","score":50,"price":0.1558,"msg":"scanner"}
{"level":30,"time":1773128120199,"pid":29428,"hostname":"DESKTOP-KPAMGTB","module":"binance","symbol":"APTUSDT","interval":"5m","verdict":"WAIT","score":50,"price":0.972,"msg":"scanner"}
{"level":30,"time":1773128120589,"pid":29428,"hostname":"DESKTOP-KPAMGTB","module":"binance","symbol":"NEARUSDT","interval":"5m","verdict":"WAIT","score":53,"price":1.283,"msg":"scanner"}
{"level":30,"time":1773128150017,"pid":29428,"hostname":"DESKTOP-KPAMGTB","module":"binance","assets":18,"msg":"balance"}
{"level":30,"time":1773128150305,"pid":29428,"hostname":"DESKTOP-KPAMGTB","module":"binance","assets":18,"msg":"balance"}
{"level":30,"time":1773128170063,"pid":29428,"hostname":"DESKTOP-KPAMGTB","module":"orders","symbol":"DOGEUSDT","side":"SELL","fillPrice":0.09212000000000001,"quantity":"5421.00000000","commissionInBase":5.427,"tpPrice":"0.12","slStopPrice":"0.07","buyOrderId":809141010,"ocoOrderListId":2038227,"msg":"compra de mercat + OCO"}
{"level":30,"time":1773128181477,"pid":29428,"hostname":"DESKTOP-KPAMGTB","module":"binance","symbol":"BTCUSDT","interval":"5m","verdict":"WAIT","score":59,"price":70294.22,"msg":"scanner"}
{"level":30,"time":1773128181514,"pid":29428,"hostname":"DESKTOP-KPAMGTB","module":"binance","symbol":"ETHUSDT","interval":"5m","verdict":"WAIT","score":59,"price":2049.84,"msg":"scanner"}
{"level":30,"time":1773128181547,"pid":29428,"hostname":"DESKTOP-KPAMGTB","module":"binance","symbol":"ETHUSDT","interval":"1h","verdict":"WAIT","score":63,"price":2049.84,"msg":"scanner"}
{"level":30,"time":1773128181619,"pid":29428,"hostname":"DESKTOP-KPAMGTB","module":"binance","symbol":"BTCUSDT","interval":"1h","verdict":"BUY","score":66,"price":70294.22,"msg":"scanner"}
{"level":30,"time":1773128182194,"pid":29428,"hostname":"DESKTOP-KPAMGTB","module":"binance","symbol":"BNBUSDT","interval":"5m","verdict":"WAIT","score":63,"price":644.77,"msg":"scanner"}
{"level":30,"time":1773128182330,"pid":29428,"hostname":"DESKTOP-KPAMGTB","module":"binance","symbol":"BNBUSDT","interval":"1h","verdict":"WAIT","score":56,"price":644.77,"msg":"scanner"}
{"level":30,"time":1773128182442,"pid":29428,"hostname":"DESKTOP-KPAMGTB","module":"binance","symbol":"SOLUSDT","interval":"5m","verdict":"BUY","score":66,"price":86.81,"msg":"scanner"}
{"level":30,"time":1773128182994,"pid":29428,"hostname":"DESKTOP-KPAMGTB","module":"binance","symbol":"SOLUSDT","interval":"1h","verdict":"WAIT","score":63,"price":86.81,"msg":"scanner"}
{"level":30,"time":1773128183601,"pid":29428,"hostname":"DESKTOP-KPAMGTB","module":"binance","symbol":"XRPUSDT","interval":"5m","verdict":"WAIT","score":59,"price":1.3837,"msg":"scanner"}
{"level":30,"time":1773128183615,"pid":29428,"hostname":"DESKTOP-KPAMGTB","module":"binance","symbol":"XRPUSDT","interval":"1h","verdict":"BUY","score":66,"price":1.3837,"msg":"scanner"}
{"level":30,"time":1773128184032,"pid":29428,"hostname":"DESKTOP-KPAMGTB","module":"binance","symbol":"DOGEUSDT","interval":"5m","verdict":"WAIT","score":59,"price":0.09211,"msg":"scanner"}
{"level":30,"time":1773128184255,"pid":29428,"hostname":"DESKTOP-KPAMGTB","module":"binance","symbol":"DOGEUSDT","interval":"1h","verdict":"BUY","score":72,"price":0.09211,"msg":"scanner"}
{"level":30,"time":1773128184274,"pid":29428,"hostname":"DESKTOP-KPAMGTB","module":"binance","symbol":"ADAUSDT","interval":"5m","verdict":"WAIT","score":59,"price":0.2601,"msg":"scanner"}
{"level":30,"time":1773128184716,"pid":29428,"hostname":"DESKTOP-KPAMGTB","module":"binance","symbol":"AVAXUSDT","interval":"5m","verdict":"WAIT","score":53,"price":9.38,"msg":"scanner"}
{"level":30,"time":1773128185259,"pid":29428,"hostname":"DESKTOP-KPAMGTB","module":"binance","symbol":"TRXUSDT","interval":"5m","verdict":"WAIT","score":63,"price":0.2861,"msg":"scanner"}
{"level":30,"time":1773128185476,"pid":29428,"hostname":"DESKTOP-KPAMGTB","module":"binance","symbol":"DOTUSDT","interval":"5m","verdict":"WAIT","score":59,"price":1.522,"msg":"scanner"}
{"level":30,"time":1773128185800,"pid":29428,"hostname":"DESKTOP-KPAMGTB","module":"binance","symbol":"LINKUSDT","interval":"5m","verdict":"WAIT","score":50,"price":9.05,"msg":"scanner"}
{"level":30,"time":1773128187666,"pid":29428,"hostname":"DESKTOP-KPAMGTB","module":"binance","symbol":"MATICUSDT","interval":"5m","verdict":"WAIT","score":59,"price":0.3794,"msg":"scanner"}
{"level":30,"time":1773128188701,"pid":29428,"hostname":"DESKTOP-KPAMGTB","module":"binance","symbol":"LTCUSDT","interval":"5m","verdict":"WAIT","score":63,"price":54.06,"msg":"scanner"}
{"level":30,"time":1773128189362,"pid":29428,"hostname":"DESKTOP-KPAMGTB","module":"binance","symbol":"SHIBUSDT","interval":"5m","verdict":"WAIT","score":59,"price":0.00000556,"msg":"scanner"}
{"level":30,"time":1773128189400,"pid":29428,"hostname":"DESKTOP-KPAMGTB","module":"binance","symbol":"UNIUSDT","interval":"5m","verdict":"WAIT","score":50,"price":3.941,"msg":"scanner"}
{"level":30,"time":1773128191350,"pid":29428,"hostname":"DESKTOP-KPAMGTB","module":"binance","symbol":"ATOMUSDT","interval":"5m","verdict":"WAIT","score":50,"price":1.765,"msg":"scanner"}
{"level":30,"time":1773128192188,"pid":29428,"hostname":"DESKTOP-KPAMGTB","module":"binance","symbol":"ETCUSDT","interval":"5m","verdict":"WAIT","score":56,"price":8.27,"msg":"scanner"}
{"level":30,"time":1773128193273,"pid":29428,"hostname":"DESKTOP-KPAMGTB","module":"binance","symbol":"XLMUSDT","interval":"5m","verdict":"WAIT","score":59,"price":0.1556,"msg":"scanner"}
{"level":30,"time":1773128193296,"pid":29428,"hostname":"DESKTOP-KPAMGTB","module":"binance","symbol":"XLMUSDT","interval":"1h","verdict":"BUY","score":69,"price":0.1556,"msg":"scanner"}
{"level":30,"time":1773128193371,"pid":29428,"hostname":"DESKTOP-KPAMGTB","module":"binance","symbol":"APTUSDT","interval":"5m","verdict":"WAIT","score":50,"price":0.972,"msg":"scanner"}
{"level":30,"time":1773128194750,"pid":29428,"hostname":"DESKTOP-KPAMGTB","module":"binance","symbol":"APTUSDT","interval":"1h","verdict":"WAIT","score":63,"price":0.971,"msg":"scanner"}
{"level":30,"time":1773128194769,"pid":29428,"hostname":"DESKTOP-KPAMGTB","module":"binance","symbol":"NEARUSDT","interval":"5m","verdict":"WAIT","score":53,"price":1.284,"msg":"scanner"}
{"level":30,"time":1773128194799,"pid":29428,"hostname":"DESKTOP-KPAMGTB","module":"binance","symbol":"NEARUSDT","interval":"1h","verdict":"WAIT","score":63,"price":1.284,"msg":"scanner"}
{"level":30,"time":1773128225305,"pid":29428,"hostname":"DESKTOP-KPAMGTB","module":"binance","assets":18,"msg":"balance"}
{"level":30,"time":1773128226129,"pid":29428,"hostname":"DESKTOP-KPAMGTB","module":"binance","assets":18,"msg":"balance"}
{"level":30,"time":1773128240119,"pid":29428,"hostname":"DESKTOP-KPAMGTB","module":"binance","symbol":"BTCUSDT","interval":"5m","verdict":"WAIT","score":56,"price":70312.61,"msg":"scanner"}
{"level":30,"time":1773128240287,"pid":29428,"hostname":"DESKTOP-KPAMGTB","module":"binance","symbol":"BTCUSDT","interval":"5m","verdict":"WAIT","score":56,"price":70312.61,"msg":"scanner"}
{"level":30,"time":1773128252728,"pid":29428,"hostname":"DESKTOP-KPAMGTB","module":"binance","symbol":"ETHUSDT","interval":"5m","verdict":"WAIT","score":59,"price":2049.04,"msg":"scanner"}
{"level":30,"time":1773128305506,"pid":29428,"hostname":"DESKTOP-KPAMGTB","module":"binance","assets":18,"msg":"balance"}
{"level":30,"time":1773128306860,"pid":29428,"hostname":"DESKTOP-KPAMGTB","module":"binance","symbol":"BTCUSDT","interval":"1h","verdict":"BUY","score":66,"price":70291.93,"msg":"scanner"}
{"level":30,"time":1773128307090,"pid":29428,"hostname":"DESKTOP-KPAMGTB","module":"binance","symbol":"SOLUSDT","interval":"1h","verdict":"WAIT","score":63,"price":86.78,"msg":"scanner"}
{"level":30,"time":1773128307100,"pid":29428,"hostname":"DESKTOP-KPAMGTB","module":"binance","symbol":"BNBUSDT","interval":"1h","verdict":"WAIT","score":56,"price":644.72,"msg":"scanner"}
{"level":30,"time":1773128307125,"pid":29428,"hostname":"DESKTOP-KPAMGTB","module":"binance","symbol":"ETHUSDT","interval":"1h","verdict":"WAIT","score":63,"price":2048.44,"msg":"scanner"}
{"level":30,"time":1773128307135,"pid":29428,"hostname":"DESKTOP-KPAMGTB","module":"binance","symbol":"XRPUSDT","interval":"1h","verdict":"WAIT","score":63,"price":1.3838,"msg":"scanner"}
{"level":30,"time":1773128307159,"pid":29428,"hostname":"DESKTOP-KPAMGTB","module":"binance","symbol":"ETHUSDT","interval":"1h","verdict":"WAIT","score":63,"price":2048.44,"msg":"scanner"}
{"level":30,"time":1773128307397,"pid":29428,"hostname":"DESKTOP-KPAMGTB","module":"binance","symbol":"SOLUSDT","interval":"1h","verdict":"BUY","score":66,"price":86.77,"msg":"scanner"}
{"level":30,"time":1773128307407,"pid":29428,"hostname":"DESKTOP-KPAMGTB","module":"binance","symbol":"XRPUSDT","interval":"1h","verdict":"WAIT","score":63,"price":1.3838,"msg":"scanner"}
{"level":30,"time":1773128307417,"pid":29428,"hostname":"DESKTOP-KPAMGTB","module":"binance","symbol":"BNBUSDT","interval":"1h","verdict":"WAIT","score":56,"price":644.72,"msg":"scanner"}
{"level":30,"time":1773128307606,"pid":29428,"hostname":"DESKTOP-KPAMGTB","module":"binance","symbol":"BTCUSDT","interval":"5m","verdict":"WAIT","score":59,"price":70291.94,"msg":"scanner"}
{"level":30,"time":1773128318949,"pid":29428,"hostname":"DESKTOP-KPAMGTB","module":"binance","symbol":"ETHUSDT","interval":"5m","verdict":"WAIT","score":59,"price":2049.02,"msg":"scanner"}
{"level":30,"time":1773128321469,"pid":29428,"hostname":"DESKTOP-KPAMGTB","module":"binance","symbol":"BNBUSDT","interval":"5m","verdict":"WAIT","score":63,"price":644.82,"msg":"scanner"}
{"level":30,"time":1773128323188,"pid":29428,"hostname":"DESKTOP-KPAMGTB","module":"binance","symbol":"SOLUSDT","interval":"5m","verdict":"WAIT","score":63,"price":86.79,"msg":"scanner"}
{"level":30,"time":1773128327073,"pid":29428,"hostname":"DESKTOP-KPAMGTB","module":"binance","symbol":"XRPUSDT","interval":"5m","verdict":"WAIT","score":59,"price":1.384,"msg":"scanner"}
{"level":30,"time":1773128352872,"pid":29428,"hostname":"DESKTOP-KPAMGTB","module":"binance","symbol":"BNBUSDT","interval":"5m","verdict":"WAIT","score":63,"price":644.89,"msg":"scanner"}
{"level":30,"time":1773128352888,"pid":29428,"hostname":"DESKTOP-KPAMGTB","module":"binance","symbol":"BTCUSDT","interval":"5m","verdict":"WAIT","score":59,"price":70331.05,"msg":"scanner"}
{"level":30,"time":1773128352909,"pid":29428,"hostname":"DESKTOP-KPAMGTB","module":"binance","symbol":"ETHUSDT","interval":"5m","verdict":"WAIT","score":59,"price":2050,"msg":"scanner"}
{"level":30,"time":1773128384387,"pid":29428,"hostname":"DESKTOP-KPAMGTB","module":"binance","assets":18,"msg":"balance"}
{"level":30,"time":1773128384935,"pid":29428,"hostname":"DESKTOP-KPAMGTB","module":"binance","assets":18,"msg":"balance"}
{"level":30,"time":1773128392355,"pid":29428,"hostname":"DESKTOP-KPAMGTB","module":"binance","symbol":"BTCUSDT","interval":"5m","verdict":"WAIT","score":59,"price":70340.42,"msg":"scanner"}
{"level":30,"time":1773128392631,"pid":29428,"hostname":"DESKTOP-KPAMGTB","module":"binance","symbol":"BTCUSDT","interval":"5m","verdict":"WAIT","score":59,"price":70340.42,"msg":"scanner"}
{"level":30,"time":1773128405322,"pid":29428,"hostname":"DESKTOP-KPAMGTB","module":"binance","assets":18,"msg":"balance"}
{"level":30,"time":1773128405496,"pid":29428,"hostname":"DESKTOP-KPAMGTB","module":"binance","assets":18,"msg":"balance"}
{"level":30,"time":1773128426226,"pid":29428,"hostname":"DESKTOP-KPAMGTB","module":"trailing-engine","symbol":"DOGEUSDT","price":0.09224,"activateAt":0.09218,"msg":"trailing activat"}
{"level":30,"time":1773128457640,"pid":29428,"hostname":"DESKTOP-KPAMGTB","module":"trailing-engine","symbol":"DOGEUSDT","oldSl":0.090715,"newSl":"0.09","peak":0.09226,"msg":"SL pujat"}
{"level":30,"time":1773128485306,"pid":29428,"hostname":"DESKTOP-KPAMGTB","module":"binance","count":62,"msg":"trades"}
{"level":30,"time":1773128485532,"pid":29428,"hostname":"DESKTOP-KPAMGTB","module":"binance","count":40,"msg":"order history"}
{"level":30,"time":1773128485603,"pid":29428,"hostname":"DESKTOP-KPAMGTB","module":"binance","count":62,"msg":"trades"}
{"level":30,"time":1773128486899,"pid":29428,"hostname":"DESKTOP-KPAMGTB","module":"trailing-engine","symbol":"DOGEUSDT","oldSl":0.09,"newSl":"0.09","peak":0.09231,"msg":"SL pujat"}
{"level":30,"time":1773128489765,"pid":29428,"hostname":"DESKTOP-KPAMGTB","module":"binance","symbol":"BTCUSDT","interval":"1h","verdict":"BUY","score":66,"price":70399.99,"msg":"scanner"}
{"level":30,"time":1773128489778,"pid":29428,"hostname":"DESKTOP-KPAMGTB","module":"binance","symbol":"BNBUSDT","interval":"1h","verdict":"WAIT","score":56,"price":645.08,"msg":"scanner"}
{"level":30,"time":1773128489787,"pid":29428,"hostname":"DESKTOP-KPAMGTB","module":"binance","symbol":"SOLUSDT","interval":"1h","verdict":"WAIT","score":63,"price":86.78,"msg":"scanner"}
{"level":30,"time":1773128489803,"pid":29428,"hostname":"DESKTOP-KPAMGTB","module":"binance","symbol":"ETHUSDT","interval":"1h","verdict":"WAIT","score":63,"price":2051.87,"msg":"scanner"}
{"level":30,"time":1773128489839,"pid":29428,"hostname":"DESKTOP-KPAMGTB","module":"binance","symbol":"BTCUSDT","interval":"5m","verdict":"WAIT","score":59,"price":70399.99,"msg":"scanner"}
{"level":30,"time":1773128489847,"pid":29428,"hostname":"DESKTOP-KPAMGTB","module":"binance","symbol":"XRPUSDT","interval":"1h","verdict":"BUY","score":69,"price":1.3864,"msg":"scanner"}
{"level":30,"time":1773128489997,"pid":29428,"hostname":"DESKTOP-KPAMGTB","module":"binance","symbol":"ETHUSDT","interval":"1h","verdict":"WAIT","score":63,"price":2051.52,"msg":"scanner"}
{"level":30,"time":1773128490061,"pid":29428,"hostname":"DESKTOP-KPAMGTB","module":"binance","symbol":"BTCUSDT","interval":"5m","verdict":"WAIT","score":59,"price":70390.36,"msg":"scanner"}
{"level":30,"time":1773128490081,"pid":29428,"hostname":"DESKTOP-KPAMGTB","module":"binance","symbol":"SOLUSDT","interval":"1h","verdict":"BUY","score":66,"price":86.77,"msg":"scanner"}
{"level":30,"time":1773128490105,"pid":29428,"hostname":"DESKTOP-KPAMGTB","module":"binance","symbol":"BNBUSDT","interval":"1h","verdict":"WAIT","score":56,"price":645.08,"msg":"scanner"}
{"level":30,"time":1773128490123,"pid":29428,"hostname":"DESKTOP-KPAMGTB","module":"binance","symbol":"XRPUSDT","interval":"1h","verdict":"BUY","score":69,"price":1.3864,"msg":"scanner"}
{"level":30,"time":1773128490291,"pid":29428,"hostname":"DESKTOP-KPAMGTB","module":"binance","symbol":"BTCUSDT","interval":"4h","verdict":"BUY","score":69,"price":70390.36,"msg":"scanner"}
{"level":30,"time":1773128624337,"pid":29428,"hostname":"DESKTOP-KPAMGTB","module":"binance","assets":18,"msg":"balance"}
{"level":30,"time":1773128624992,"pid":29428,"hostname":"DESKTOP-KPAMGTB","module":"binance","assets":18,"msg":"balance"}
{"level":30,"time":1773128666382,"pid":29428,"hostname":"DESKTOP-KPAMGTB","module":"binance","symbol":"XRPUSDT","interval":"1h","verdict":"BUY","score":69,"price":1.3863,"msg":"scanner"}
{"level":30,"time":1773128666396,"pid":29428,"hostname":"DESKTOP-KPAMGTB","module":"binance","symbol":"ETHUSDT","interval":"1h","verdict":"WAIT","score":63,"price":2051.86,"msg":"scanner"}
{"level":30,"time":1773128666411,"pid":29428,"hostname":"DESKTOP-KPAMGTB","module":"binance","symbol":"BNBUSDT","interval":"1h","verdict":"WAIT","score":56,"price":645.02,"msg":"scanner"}
{"level":30,"time":1773128666417,"pid":29428,"hostname":"DESKTOP-KPAMGTB","module":"binance","symbol":"SOLUSDT","interval":"1h","verdict":"BUY","score":66,"price":86.73,"msg":"scanner"}
{"level":30,"time":1773128666431,"pid":29428,"hostname":"DESKTOP-KPAMGTB","module":"binance","symbol":"BTCUSDT","interval":"5m","verdict":"WAIT","score":59,"price":70382.71,"msg":"scanner"}
{"level":30,"time":1773128666444,"pid":29428,"hostname":"DESKTOP-KPAMGTB","module":"binance","symbol":"BTCUSDT","interval":"1h","verdict":"BUY","score":66,"price":70382.71,"msg":"scanner"}
{"level":30,"time":1773128666796,"pid":29428,"hostname":"DESKTOP-KPAMGTB","module":"binance","symbol":"BNBUSDT","interval":"1h","verdict":"WAIT","score":56,"price":645.02,"msg":"scanner"}
{"level":30,"time":1773128667035,"pid":29428,"hostname":"DESKTOP-KPAMGTB","module":"binance","symbol":"SOLUSDT","interval":"1h","verdict":"BUY","score":66,"price":86.73,"msg":"scanner"}
{"level":30,"time":1773128667055,"pid":29428,"hostname":"DESKTOP-KPAMGTB","module":"binance","symbol":"ETHUSDT","interval":"1h","verdict":"WAIT","score":63,"price":2051.93,"msg":"scanner"}
{"level":30,"time":1773128667077,"pid":29428,"hostname":"DESKTOP-KPAMGTB","module":"binance","symbol":"XRPUSDT","interval":"1h","verdict":"BUY","score":69,"price":1.3863,"msg":"scanner"}
{"level":30,"time":1773128667094,"pid":29428,"hostname":"DESKTOP-KPAMGTB","module":"binance","symbol":"BTCUSDT","interval":"5m","verdict":"WAIT","score":59,"price":70382.71,"msg":"scanner"}
{"level":30,"time":1773128667485,"pid":29428,"hostname":"DESKTOP-KPAMGTB","module":"trailing-engine","symbol":"DOGEUSDT","oldSl":0.09,"newSl":"0.09","peak":0.09246,"msg":"SL pujat"}
{"level":30,"time":1773128671090,"pid":29428,"hostname":"DESKTOP-KPAMGTB","module":"binance","assets":18,"msg":"balance"}
{"level":30,"time":1773128671926,"pid":29428,"hostname":"DESKTOP-KPAMGTB","module":"binance","assets":18,"msg":"balance"}
{"level":30,"time":1773128760329,"pid":29428,"hostname":"DESKTOP-KPAMGTB","module":"binance","assets":18,"msg":"balance"}
{"level":30,"time":1773128760836,"pid":29428,"hostname":"DESKTOP-KPAMGTB","module":"binance","assets":18,"msg":"balance"}
{"level":30,"time":1773128770632,"pid":29428,"hostname":"DESKTOP-KPAMGTB","module":"binance","symbol":"BTCUSDT","interval":"5m","verdict":"BUY","score":66,"price":70343.72,"msg":"scanner"}
{"level":30,"time":1773128770865,"pid":29428,"hostname":"DESKTOP-KPAMGTB","module":"binance","symbol":"BTCUSDT","interval":"5m","verdict":"BUY","score":66,"price":70343.71,"msg":"scanner"}
{"level":30,"time":1773128778699,"pid":29428,"hostname":"DESKTOP-KPAMGTB","module":"binance","assets":18,"msg":"balance"}
{"level":30,"time":1773128778714,"pid":29428,"hostname":"DESKTOP-KPAMGTB","module":"binance","assets":18,"msg":"balance"}
{"level":30,"time":1773128794232,"pid":29428,"hostname":"DESKTOP-KPAMGTB","module":"binance","symbol":"ETHUSDT","interval":"1h","verdict":"WAIT","score":63,"price":2050.32,"msg":"scanner"}
{"level":30,"time":1773128794252,"pid":29428,"hostname":"DESKTOP-KPAMGTB","module":"binance","symbol":"ETHUSDT","interval":"5m","verdict":"WAIT","score":59,"price":2050.32,"msg":"scanner"}
{"level":30,"time":1773128794288,"pid":29428,"hostname":"DESKTOP-KPAMGTB","module":"binance","symbol":"ETHUSDT","interval":"4h","verdict":"WAIT","score":59,"price":2050.32,"msg":"scanner"}
{"level":30,"time":1773128797252,"pid":29428,"hostname":"DESKTOP-KPAMGTB","module":"binance","symbol":"BNBUSDT","interval":"5m","verdict":"WAIT","score":53,"price":644.66,"msg":"scanner"}
{"level":30,"time":1773128797302,"pid":29428,"hostname":"DESKTOP-KPAMGTB","module":"binance","symbol":"BNBUSDT","interval":"1h","verdict":"WAIT","score":56,"price":644.66,"msg":"scanner"}
{"level":30,"time":1773128797315,"pid":29428,"hostname":"DESKTOP-KPAMGTB","module":"binance","symbol":"BNBUSDT","interval":"4h","verdict":"WAIT","score":56,"price":644.66,"msg":"scanner"}
{"level":30,"time":1773128799435,"pid":29428,"hostname":"DESKTOP-KPAMGTB","module":"binance","symbol":"SOLUSDT","interval":"5m","verdict":"WAIT","score":56,"price":86.64,"msg":"scanner"}
{"level":30,"time":1773128799458,"pid":29428,"hostname":"DESKTOP-KPAMGTB","module":"binance","symbol":"SOLUSDT","interval":"1h","verdict":"BUY","score":66,"price":86.64,"msg":"scanner"}
{"level":30,"time":1773128799486,"pid":29428,"hostname":"DESKTOP-KPAMGTB","module":"binance","symbol":"SOLUSDT","interval":"4h","verdict":"WAIT","score":56,"price":86.64,"msg":"scanner"}
{"level":30,"time":1773128830889,"pid":29428,"hostname":"DESKTOP-KPAMGTB","module":"binance","assets":18,"msg":"balance"}
{"level":30,"time":1773128831044,"pid":29428,"hostname":"DESKTOP-KPAMGTB","module":"binance","assets":18,"msg":"balance"}
{"level":30,"time":1773128851084,"pid":29428,"hostname":"DESKTOP-KPAMGTB","module":"binance","symbol":"BTCUSDT","interval":"1h","verdict":"BUY","score":66,"price":70373.2,"msg":"scanner"}
{"level":30,"time":1773128851103,"pid":29428,"hostname":"DESKTOP-KPAMGTB","module":"binance","symbol":"BTCUSDT","interval":"5m","verdict":"WAIT","score":59,"price":70373.2,"msg":"scanner"}
{"level":30,"time":1773128851117,"pid":29428,"hostname":"DESKTOP-KPAMGTB","module":"binance","symbol":"XRPUSDT","interval":"1h","verdict":"BUY","score":69,"price":1.3867,"msg":"scanner"}
{"level":30,"time":1773128851307,"pid":29428,"hostname":"DESKTOP-KPAMGTB","module":"binance","symbol":"XRPUSDT","interval":"1h","verdict":"BUY","score":69,"price":1.3866,"msg":"scanner"}
{"level":30,"time":1773128851354,"pid":29428,"hostname":"DESKTOP-KPAMGTB","module":"binance","symbol":"BTCUSDT","interval":"4h","verdict":"BUY","score":69,"price":70373.2,"msg":"scanner"}
{"level":30,"time":1773128851442,"pid":29428,"hostname":"DESKTOP-KPAMGTB","module":"binance","symbol":"BTCUSDT","interval":"1h","verdict":"BUY","score":66,"price":70373.2,"msg":"scanner"}
{"level":30,"time":1773128851475,"pid":29428,"hostname":"DESKTOP-KPAMGTB","module":"binance","symbol":"BTCUSDT","interval":"5m","verdict":"WAIT","score":59,"price":70373.2,"msg":"scanner"}
{"level":30,"time":1773128923082,"pid":29428,"hostname":"DESKTOP-KPAMGTB","module":"binance","assets":18,"msg":"balance"}
{"level":30,"time":1773128923770,"pid":29428,"hostname":"DESKTOP-KPAMGTB","module":"binance","assets":18,"msg":"balance"}
{"level":30,"time":1773128953062,"pid":29428,"hostname":"DESKTOP-KPAMGTB","module":"binance","symbol":"BNBUSDT","interval":"1h","verdict":"WAIT","score":56,"price":644.53,"msg":"scanner"}
{"level":30,"time":1773128953070,"pid":29428,"hostname":"DESKTOP-KPAMGTB","module":"binance","symbol":"SOLUSDT","interval":"1h","verdict":"WAIT","score":59,"price":86.57,"msg":"scanner"}
{"level":30,"time":1773128953079,"pid":29428,"hostname":"DESKTOP-KPAMGTB","module":"binance","symbol":"ETHUSDT","interval":"1h","verdict":"WAIT","score":63,"price":2050.71,"msg":"scanner"}
{"level":30,"time":1773128953085,"pid":29428,"hostname":"DESKTOP-KPAMGTB","module":"binance","symbol":"BTCUSDT","interval":"5m","verdict":"WAIT","score":63,"price":70333.49,"msg":"scanner"}
{"level":30,"time":1773128953356,"pid":29428,"hostname":"DESKTOP-KPAMGTB","module":"binance","symbol":"ETHUSDT","interval":"1h","verdict":"WAIT","score":63,"price":2050.71,"msg":"scanner"}
{"level":30,"time":1773128953366,"pid":29428,"hostname":"DESKTOP-KPAMGTB","module":"binance","symbol":"SOLUSDT","interval":"1h","verdict":"WAIT","score":59,"price":86.57,"msg":"scanner"}
{"level":30,"time":1773128953379,"pid":29428,"hostname":"DESKTOP-KPAMGTB","module":"binance","symbol":"BNBUSDT","interval":"1h","verdict":"WAIT","score":56,"price":644.53,"msg":"scanner"}
{"level":30,"time":1773128953390,"pid":29428,"hostname":"DESKTOP-KPAMGTB","module":"binance","symbol":"BTCUSDT","interval":"5m","verdict":"WAIT","score":63,"price":70333.49,"msg":"scanner"}
{"level":30,"time":1773128967080,"pid":29428,"hostname":"DESKTOP-KPAMGTB","module":"binance","assets":18,"msg":"balance"}
{"level":30,"time":1773128982999,"pid":29428,"hostname":"DESKTOP-KPAMGTB","module":"binance","assets":18,"msg":"balance"}
{"level":30,"time":1773128983586,"pid":29428,"hostname":"DESKTOP-KPAMGTB","module":"binance","assets":18,"msg":"balance"}
{"level":30,"time":1773128995311,"pid":29428,"hostname":"DESKTOP-KPAMGTB","module":"binance","symbol":"BTCUSDT","interval":"1h","verdict":"WAIT","score":63,"price":70426.26,"msg":"scanner"}
{"level":30,"time":1773128995333,"pid":29428,"hostname":"DESKTOP-KPAMGTB","module":"binance","symbol":"BTCUSDT","interval":"5m","verdict":"BUY","score":69,"price":70426.26,"msg":"scanner"}
{"level":30,"time":1773128995339,"pid":29428,"hostname":"DESKTOP-KPAMGTB","module":"binance","symbol":"XRPUSDT","interval":"1h","verdict":"BUY","score":69,"price":1.3877,"msg":"scanner"}
{"level":30,"time":1773128995591,"pid":29428,"hostname":"DESKTOP-KPAMGTB","module":"binance","symbol":"BTCUSDT","interval":"5m","verdict":"BUY","score":69,"price":70422,"msg":"scanner"}
{"level":30,"time":1773128995613,"pid":29428,"hostname":"DESKTOP-KPAMGTB","module":"binance","symbol":"BTCUSDT","interval":"1h","verdict":"WAIT","score":63,"price":70422,"msg":"scanner"}
{"level":30,"time":1773128995633,"pid":29428,"hostname":"DESKTOP-KPAMGTB","module":"binance","symbol":"XRPUSDT","interval":"1h","verdict":"BUY","score":69,"price":1.3883,"msg":"scanner"}
{"level":30,"time":1773129026137,"pid":29428,"hostname":"DESKTOP-KPAMGTB","module":"binance","symbol":"ETHUSDT","interval":"5m","verdict":"BUY","score":66,"price":2052.41,"msg":"scanner"}
{"level":30,"time":1773129029700,"pid":29428,"hostname":"DESKTOP-KPAMGTB","module":"binance","symbol":"BNBUSDT","interval":"5m","verdict":"WAIT","score":53,"price":644.75,"msg":"scanner"}
{"level":30,"time":1773129032188,"pid":29428,"hostname":"DESKTOP-KPAMGTB","module":"binance","symbol":"BTCUSDT","interval":"5m","verdict":"WAIT","score":59,"price":70410.75,"msg":"scanner"}
{"level":30,"time":1773129070933,"pid":29428,"hostname":"DESKTOP-KPAMGTB","module":"binance","assets":18,"msg":"balance"}
{"level":30,"time":1773129071052,"pid":29428,"hostname":"DESKTOP-KPAMGTB","module":"binance","assets":18,"msg":"balance"}
{"level":30,"time":1773129151388,"pid":29428,"hostname":"DESKTOP-KPAMGTB","module":"binance","symbol":"BNBUSDT","interval":"1h","verdict":"WAIT","score":56,"price":644.78,"msg":"scanner"}
{"level":30,"time":1773129151396,"pid":29428,"hostname":"DESKTOP-KPAMGTB","module":"binance","symbol":"ETHUSDT","interval":"1h","verdict":"WAIT","score":63,"price":2052.22,"msg":"scanner"}
{"level":30,"time":1773129151405,"pid":29428,"hostname":"DESKTOP-KPAMGTB","module":"binance","symbol":"SOLUSDT","interval":"1h","verdict":"BUY","score":66,"price":86.59,"msg":"scanner"}
{"level":30,"time":1773129151412,"pid":29428,"hostname":"DESKTOP-KPAMGTB","module":"binance","symbol":"XRPUSDT","interval":"1h","verdict":"BUY","score":69,"price":1.3878,"msg":"scanner"}
{"level":30,"time":1773129151420,"pid":29428,"hostname":"DESKTOP-KPAMGTB","module":"binance","symbol":"BTCUSDT","interval":"5m","verdict":"WAIT","score":63,"price":70412.97,"msg":"scanner"}
{"level":30,"time":1773129151551,"pid":29428,"hostname":"DESKTOP-KPAMGTB","module":"binance","symbol":"BTCUSDT","interval":"1h","verdict":"BUY","score":69,"price":70412.97,"msg":"scanner"}
{"level":30,"time":1773129151636,"pid":29428,"hostname":"DESKTOP-KPAMGTB","module":"binance","symbol":"BTCUSDT","interval":"5m","verdict":"WAIT","score":63,"price":70412.98,"msg":"scanner"}
{"level":30,"time":1773129151649,"pid":29428,"hostname":"DESKTOP-KPAMGTB","module":"binance","symbol":"BTCUSDT","interval":"1h","verdict":"BUY","score":69,"price":70412.98,"msg":"scanner"}
{"level":30,"time":1773129151709,"pid":29428,"hostname":"DESKTOP-KPAMGTB","module":"binance","symbol":"BNBUSDT","interval":"1h","verdict":"WAIT","score":56,"price":644.78,"msg":"scanner"}
{"level":30,"time":1773129151743,"pid":29428,"hostname":"DESKTOP-KPAMGTB","module":"binance","symbol":"SOLUSDT","interval":"1h","verdict":"BUY","score":66,"price":86.6,"msg":"scanner"}
{"level":30,"time":1773129151758,"pid":29428,"hostname":"DESKTOP-KPAMGTB","module":"binance","symbol":"XRPUSDT","interval":"1h","verdict":"BUY","score":69,"price":1.3878,"msg":"scanner"}
{"level":30,"time":1773129151890,"pid":29428,"hostname":"DESKTOP-KPAMGTB","module":"binance","symbol":"ETHUSDT","interval":"1h","verdict":"WAIT","score":63,"price":2052.22,"msg":"scanner"}
{"level":30,"time":1773129151960,"pid":29428,"hostname":"DESKTOP-KPAMGTB","module":"binance","symbol":"BTCUSDT","interval":"4h","verdict":"BUY","score":69,"price":70412.98,"msg":"scanner"}
{"level":30,"time":1773129194166,"pid":29428,"hostname":"DESKTOP-KPAMGTB","module":"binance","assets":18,"msg":"balance"}
{"level":30,"time":1773129194774,"pid":29428,"hostname":"DESKTOP-KPAMGTB","module":"binance","assets":18,"msg":"balance"}
{"level":30,"time":1773129424279,"pid":29428,"hostname":"DESKTOP-KPAMGTB","module":"binance","assets":18,"msg":"balance"}
{"level":30,"time":1773129424329,"pid":29428,"hostname":"DESKTOP-KPAMGTB","module":"binance","assets":18,"msg":"balance"}
{"level":30,"time":1773129486739,"pid":29428,"hostname":"DESKTOP-KPAMGTB","module":"binance","assets":18,"msg":"balance"}
{"level":30,"time":1773129486746,"pid":29428,"hostname":"DESKTOP-KPAMGTB","module":"binance","assets":18,"msg":"balance"}
{"level":30,"time":1773129537130,"pid":29428,"hostname":"DESKTOP-KPAMGTB","module":"binance","symbol":"XRPUSDT","interval":"1h","verdict":"BUY","score":69,"price":1.3863,"msg":"scanner"}
{"level":30,"time":1773129537148,"pid":29428,"hostname":"DESKTOP-KPAMGTB","module":"binance","symbol":"ETHUSDT","interval":"1h","verdict":"WAIT","score":63,"price":2049.21,"msg":"scanner"}
{"level":30,"time":1773129537159,"pid":29428,"hostname":"DESKTOP-KPAMGTB","module":"binance","symbol":"BTCUSDT","interval":"1h","verdict":"BUY","score":69,"price":70327.15,"msg":"scanner"}
{"level":30,"time":1773129537169,"pid":29428,"hostname":"DESKTOP-KPAMGTB","module":"binance","symbol":"BTCUSDT","interval":"5m","verdict":"WAIT","score":63,"price":70327.15,"msg":"scanner"}
{"level":30,"time":1773129537175,"pid":29428,"hostname":"DESKTOP-KPAMGTB","module":"binance","symbol":"BNBUSDT","interval":"1h","verdict":"WAIT","score":56,"price":644.15,"msg":"scanner"}
{"level":30,"time":1773129537181,"pid":29428,"hostname":"DESKTOP-KPAMGTB","module":"binance","symbol":"SOLUSDT","interval":"1h","verdict":"BUY","score":69,"price":86.61,"msg":"scanner"}
{"level":30,"time":1773129537391,"pid":29428,"hostname":"DESKTOP-KPAMGTB","module":"binance","symbol":"SOLUSDT","interval":"1h","verdict":"BUY","score":69,"price":86.61,"msg":"scanner"}
{"level":30,"time":1773129537409,"pid":29428,"hostname":"DESKTOP-KPAMGTB","module":"binance","symbol":"BTCUSDT","interval":"5m","verdict":"WAIT","score":63,"price":70327.15,"msg":"scanner"}
{"level":30,"time":1773129537440,"pid":29428,"hostname":"DESKTOP-KPAMGTB","module":"binance","symbol":"BNBUSDT","interval":"1h","verdict":"WAIT","score":56,"price":644.15,"msg":"scanner"}
{"level":30,"time":1773129537480,"pid":29428,"hostname":"DESKTOP-KPAMGTB","module":"binance","symbol":"XRPUSDT","interval":"1h","verdict":"BUY","score":69,"price":1.3863,"msg":"scanner"}
{"level":30,"time":1773129537511,"pid":29428,"hostname":"DESKTOP-KPAMGTB","module":"binance","symbol":"ETHUSDT","interval":"1h","verdict":"WAIT","score":63,"price":2049.21,"msg":"scanner"}
{"level":30,"time":1773129537624,"pid":29428,"hostname":"DESKTOP-KPAMGTB","module":"binance","symbol":"BTCUSDT","interval":"1h","verdict":"BUY","score":69,"price":70327.15,"msg":"scanner"}
{"level":30,"time":1773129537833,"pid":29428,"hostname":"DESKTOP-KPAMGTB","module":"binance","symbol":"BTCUSDT","interval":"4h","verdict":"BUY","score":69,"price":70327.16,"msg":"scanner"}
{"level":30,"time":1773129601310,"pid":29428,"hostname":"DESKTOP-KPAMGTB","module":"telegram","msg":"informe horari enviat"}
{"level":30,"time":1773129688176,"pid":29428,"hostname":"DESKTOP-KPAMGTB","module":"trailing-engine","symbol":"DOGEUSDT","oldSl":0.09,"newSl":"0.09","peak":0.0925,"msg":"SL pujat"}
{"level":30,"time":1773130078016,"pid":29428,"hostname":"DESKTOP-KPAMGTB","module":"trailing-engine","symbol":"ETHUSDT","oldSl":1995.12,"newSl":"1998.57","peak":2062.12,"msg":"SL pujat"}
{"level":30,"time":1773130078997,"pid":29428,"hostname":"DESKTOP-KPAMGTB","module":"trailing-engine","symbol":"DOGEUSDT","oldSl":0.09,"newSl":"0.09","peak":0.09271,"msg":"SL pujat"}
{"level":30,"time":1773130107506,"pid":29428,"hostname":"DESKTOP-KPAMGTB","module":"trailing-engine","symbol":"ETHUSDT","oldSl":1998.57,"newSl":"1999.58","peak":2063.13,"msg":"SL pujat"}
{"level":30,"time":1773130108469,"pid":29428,"hostname":"DESKTOP-KPAMGTB","module":"trailing-engine","symbol":"DOGEUSDT","oldSl":0.09,"newSl":"0.09","peak":0.09277,"msg":"SL pujat"}
{"level":30,"time":1773130137702,"pid":29428,"hostname":"DESKTOP-KPAMGTB","module":"trailing-engine","symbol":"ETHUSDT","oldSl":1999.58,"newSl":"2001.61","peak":2065.16,"msg":"SL pujat"}
{"level":30,"time":1773130138761,"pid":29428,"hostname":"DESKTOP-KPAMGTB","module":"trailing-engine","symbol":"DOGEUSDT","oldSl":0.09,"newSl":"0.09","peak":0.09282,"msg":"SL pujat"}
{"level":30,"time":1773130450884,"pid":29428,"hostname":"DESKTOP-KPAMGTB","module":"binance","count":62,"msg":"trades"}
{"level":30,"time":1773130451010,"pid":29428,"hostname":"DESKTOP-KPAMGTB","module":"binance","count":40,"msg":"order history"}
{"level":30,"time":1773130451186,"pid":29428,"hostname":"DESKTOP-KPAMGTB","module":"binance","count":62,"msg":"trades"}
{"level":30,"time":1773130498607,"pid":29428,"hostname":"DESKTOP-KPAMGTB","module":"trailing-engine","symbol":"DOGEUSDT","oldSl":0.09,"newSl":"0.09","peak":0.09293,"msg":"SL pujat"}
{"level":30,"time":1773130721007,"pid":29428,"hostname":"DESKTOP-KPAMGTB","module":"binance","count":62,"msg":"trades"}
{"level":30,"time":1773130721308,"pid":29428,"hostname":"DESKTOP-KPAMGTB","module":"binance","count":62,"msg":"trades"}
{"level":30,"time":1773130724447,"pid":29428,"hostname":"DESKTOP-KPAMGTB","module":"binance","symbol":"ETHUSDT","interval":"5m","verdict":"WAIT","score":59,"price":2059.17,"msg":"scanner"}
{"level":30,"time":1773130724464,"pid":29428,"hostname":"DESKTOP-KPAMGTB","module":"binance","symbol":"BTCUSDT","interval":"4h","verdict":"BUY","score":66,"price":70780.91,"msg":"scanner"}
{"level":30,"time":1773130724565,"pid":29428,"hostname":"DESKTOP-KPAMGTB","module":"binance","symbol":"BTCUSDT","interval":"1h","verdict":"BUY","score":66,"price":70780.91,"msg":"scanner"}
{"level":30,"time":1773130724711,"pid":29428,"hostname":"DESKTOP-KPAMGTB","module":"binance","symbol":"BTCUSDT","interval":"5m","verdict":"WAIT","score":50,"price":70780.91,"msg":"scanner"}
{"level":30,"time":1773130725171,"pid":29428,"hostname":"DESKTOP-KPAMGTB","module":"binance","symbol":"ETHUSDT","interval":"4h","verdict":"WAIT","score":56,"price":2059.17,"msg":"scanner"}
{"level":30,"time":1773130725215,"pid":29428,"hostname":"DESKTOP-KPAMGTB","module":"binance","symbol":"ETHUSDT","interval":"1h","verdict":"WAIT","score":63,"price":2059.17,"msg":"scanner"}
{"level":30,"time":1773130725349,"pid":29428,"hostname":"DESKTOP-KPAMGTB","module":"binance","symbol":"BNBUSDT","interval":"5m","verdict":"WAIT","score":63,"price":646.26,"msg":"scanner"}
{"level":30,"time":1773130725454,"pid":29428,"hostname":"DESKTOP-KPAMGTB","module":"binance","symbol":"BNBUSDT","interval":"1h","verdict":"BUY","score":66,"price":646.26,"msg":"scanner"}
{"level":30,"time":1773130725769,"pid":29428,"hostname":"DESKTOP-KPAMGTB","module":"binance","symbol":"BNBUSDT","interval":"4h","verdict":"WAIT","score":56,"price":646.26,"msg":"scanner"}
{"level":30,"time":1773130725935,"pid":29428,"hostname":"DESKTOP-KPAMGTB","module":"binance","symbol":"SOLUSDT","interval":"5m","verdict":"WAIT","score":56,"price":86.94,"msg":"scanner"}
{"level":30,"time":1773130726080,"pid":29428,"hostname":"DESKTOP-KPAMGTB","module":"binance","symbol":"SOLUSDT","interval":"1h","verdict":"WAIT","score":63,"price":86.94,"msg":"scanner"}
{"level":30,"time":1773130726172,"pid":29428,"hostname":"DESKTOP-KPAMGTB","module":"binance","symbol":"SOLUSDT","interval":"4h","verdict":"WAIT","score":56,"price":86.94,"msg":"scanner"}
{"level":30,"time":1773130726550,"pid":29428,"hostname":"DESKTOP-KPAMGTB","module":"binance","symbol":"XRPUSDT","interval":"5m","verdict":"WAIT","score":50,"price":1.395,"msg":"scanner"}
{"level":30,"time":1773130726626,"pid":29428,"hostname":"DESKTOP-KPAMGTB","module":"binance","symbol":"XRPUSDT","interval":"1h","verdict":"BUY","score":66,"price":1.395,"msg":"scanner"}
{"level":30,"time":1773130726717,"pid":29428,"hostname":"DESKTOP-KPAMGTB","module":"binance","symbol":"XRPUSDT","interval":"4h","verdict":"WAIT","score":56,"price":1.395,"msg":"scanner"}
{"level":30,"time":1773130726816,"pid":29428,"hostname":"DESKTOP-KPAMGTB","module":"binance","symbol":"DOGEUSDT","interval":"5m","verdict":"WAIT","score":56,"price":0.09279,"msg":"scanner"}
{"level":30,"time":1773130727150,"pid":29428,"hostname":"DESKTOP-KPAMGTB","module":"binance","symbol":"DOGEUSDT","interval":"1h","verdict":"BUY","score":69,"price":0.09279,"msg":"scanner"}
{"level":30,"time":1773130727240,"pid":29428,"hostname":"DESKTOP-KPAMGTB","module":"binance","symbol":"DOGEUSDT","interval":"4h","verdict":"WAIT","score":56,"price":0.09279,"msg":"scanner"}
{"level":30,"time":1773130727383,"pid":29428,"hostname":"DESKTOP-KPAMGTB","module":"binance","symbol":"ADAUSDT","interval":"5m","verdict":"WAIT","score":53,"price":0.2614,"msg":"scanner"}
{"level":30,"time":1773130727464,"pid":29428,"hostname":"DESKTOP-KPAMGTB","module":"binance","symbol":"ADAUSDT","interval":"1h","verdict":"WAIT","score":63,"price":0.2614,"msg":"scanner"}
{"level":30,"time":1773130727830,"pid":29428,"hostname":"DESKTOP-KPAMGTB","module":"binance","symbol":"ADAUSDT","interval":"4h","verdict":"WAIT","score":47,"price":0.2614,"msg":"scanner"}
{"level":30,"time":1773130728039,"pid":29428,"hostname":"DESKTOP-KPAMGTB","module":"binance","symbol":"AVAXUSDT","interval":"5m","verdict":"WAIT","score":53,"price":9.43,"msg":"scanner"}
{"level":30,"time":1773130728146,"pid":29428,"hostname":"DESKTOP-KPAMGTB","module":"binance","symbol":"AVAXUSDT","interval":"1h","verdict":"WAIT","score":63,"price":9.43,"msg":"scanner"}
{"level":30,"time":1773130728164,"pid":29428,"hostname":"DESKTOP-KPAMGTB","module":"binance","symbol":"AVAXUSDT","interval":"4h","verdict":"BUY","score":66,"price":9.43,"msg":"scanner"}
{"level":30,"time":1773130728286,"pid":29428,"hostname":"DESKTOP-KPAMGTB","module":"binance","symbol":"TRXUSDT","interval":"5m","verdict":"WAIT","score":56,"price":0.2863,"msg":"scanner"}
{"level":30,"time":1773130728585,"pid":29428,"hostname":"DESKTOP-KPAMGTB","module":"binance","symbol":"TRXUSDT","interval":"1h","verdict":"WAIT","score":56,"price":0.2863,"msg":"scanner"}
{"level":30,"time":1773130728981,"pid":29428,"hostname":"DESKTOP-KPAMGTB","module":"binance","symbol":"TRXUSDT","interval":"4h","verdict":"WAIT","score":63,"price":0.2863,"msg":"scanner"}
{"level":30,"time":1773130729031,"pid":29428,"hostname":"DESKTOP-KPAMGTB","module":"binance","symbol":"DOTUSDT","interval":"1h","verdict":"BUY","score":72,"price":1.526,"msg":"scanner"}
{"level":30,"time":1773130729063,"pid":29428,"hostname":"DESKTOP-KPAMGTB","module":"binance","symbol":"DOTUSDT","interval":"5m","verdict":"WAIT","score":59,"price":1.526,"msg":"scanner"}
{"level":30,"time":1773130729217,"pid":29428,"hostname":"DESKTOP-KPAMGTB","module":"binance","symbol":"DOTUSDT","interval":"4h","verdict":"WAIT","score":63,"price":1.526,"msg":"scanner"}
{"level":30,"time":1773130729621,"pid":29428,"hostname":"DESKTOP-KPAMGTB","module":"binance","symbol":"LINKUSDT","interval":"5m","verdict":"WAIT","score":50,"price":9.13,"msg":"scanner"}
{"level":30,"time":1773130729877,"pid":29428,"hostname":"DESKTOP-KPAMGTB","module":"binance","symbol":"LINKUSDT","interval":"1h","verdict":"BUY","score":66,"price":9.13,"msg":"scanner"}
{"level":30,"time":1773130729897,"pid":29428,"hostname":"DESKTOP-KPAMGTB","module":"binance","symbol":"LINKUSDT","interval":"4h","verdict":"WAIT","score":63,"price":9.13,"msg":"scanner"}
{"level":30,"time":1773130730294,"pid":29428,"hostname":"DESKTOP-KPAMGTB","module":"binance","symbol":"MATICUSDT","interval":"5m","verdict":"WAIT","score":59,"price":0.3794,"msg":"scanner"}
{"level":30,"time":1773130730498,"pid":29428,"hostname":"DESKTOP-KPAMGTB","module":"binance","symbol":"MATICUSDT","interval":"1h","verdict":"WAIT","score":47,"price":0.3794,"msg":"scanner"}
{"level":30,"time":1773130730513,"pid":29428,"hostname":"DESKTOP-KPAMGTB","module":"binance","symbol":"MATICUSDT","interval":"4h","verdict":"WAIT","score":41,"price":0.3794,"msg":"scanner"}
{"level":30,"time":1773130730529,"pid":29428,"hostname":"DESKTOP-KPAMGTB","module":"binance","symbol":"LTCUSDT","interval":"5m","verdict":"WAIT","score":59,"price":54.12,"msg":"scanner"}
{"level":30,"time":1773130730980,"pid":29428,"hostname":"DESKTOP-KPAMGTB","module":"binance","symbol":"LTCUSDT","interval":"1h","verdict":"WAIT","score":63,"price":54.12,"msg":"scanner"}
{"level":30,"time":1773130731134,"pid":29428,"hostname":"DESKTOP-KPAMGTB","module":"binance","symbol":"LTCUSDT","interval":"4h","verdict":"WAIT","score":59,"price":54.12,"msg":"scanner"}
{"level":30,"time":1773130731179,"pid":29428,"hostname":"DESKTOP-KPAMGTB","module":"binance","symbol":"SHIBUSDT","interval":"5m","verdict":"WAIT","score":56,"price":0.00000562,"msg":"scanner"}
{"level":30,"time":1773130731200,"pid":29428,"hostname":"DESKTOP-KPAMGTB","module":"binance","symbol":"SHIBUSDT","interval":"1h","verdict":"BUY","score":66,"price":0.00000562,"msg":"scanner"}
{"level":30,"time":1773130731636,"pid":29428,"hostname":"DESKTOP-KPAMGTB","module":"binance","symbol":"SHIBUSDT","interval":"4h","verdict":"WAIT","score":59,"price":0.00000562,"msg":"scanner"}
{"level":30,"time":1773130731732,"pid":29428,"hostname":"DESKTOP-KPAMGTB","module":"binance","symbol":"UNIUSDT","interval":"5m","verdict":"WAIT","score":56,"price":3.959,"msg":"scanner"}
{"level":30,"time":1773130731788,"pid":29428,"hostname":"DESKTOP-KPAMGTB","module":"binance","symbol":"UNIUSDT","interval":"1h","verdict":"WAIT","score":63,"price":3.959,"msg":"scanner"}
{"level":30,"time":1773130732092,"pid":29428,"hostname":"DESKTOP-KPAMGTB","module":"binance","symbol":"UNIUSDT","interval":"4h","verdict":"WAIT","score":63,"price":3.959,"msg":"scanner"}
{"level":30,"time":1773130732516,"pid":29428,"hostname":"DESKTOP-KPAMGTB","module":"binance","symbol":"ATOMUSDT","interval":"5m","verdict":"WAIT","score":63,"price":1.77,"msg":"scanner"}
{"level":30,"time":1773130732571,"pid":29428,"hostname":"DESKTOP-KPAMGTB","module":"binance","symbol":"ATOMUSDT","interval":"1h","verdict":"WAIT","score":63,"price":1.77,"msg":"scanner"}
{"level":30,"time":1773130732587,"pid":29428,"hostname":"DESKTOP-KPAMGTB","module":"binance","symbol":"ATOMUSDT","interval":"4h","verdict":"WAIT","score":53,"price":1.77,"msg":"scanner"}
{"level":30,"time":1773130732650,"pid":29428,"hostname":"DESKTOP-KPAMGTB","module":"binance","symbol":"ETCUSDT","interval":"5m","verdict":"WAIT","score":47,"price":8.31,"msg":"scanner"}
{"level":30,"time":1773130733479,"pid":29428,"hostname":"DESKTOP-KPAMGTB","module":"binance","symbol":"XLMUSDT","interval":"5m","verdict":"BUY","score":66,"price":0.1574,"msg":"scanner"}
{"level":30,"time":1773130733518,"pid":29428,"hostname":"DESKTOP-KPAMGTB","module":"binance","symbol":"XLMUSDT","interval":"1h","verdict":"BUY","score":66,"price":0.1574,"msg":"scanner"}
{"level":30,"time":1773130733571,"pid":29428,"hostname":"DESKTOP-KPAMGTB","module":"binance","symbol":"ETCUSDT","interval":"4h","verdict":"WAIT","score":47,"price":8.31,"msg":"scanner"}
{"level":30,"time":1773130733595,"pid":29428,"hostname":"DESKTOP-KPAMGTB","module":"binance","symbol":"ETCUSDT","interval":"1h","verdict":"WAIT","score":63,"price":8.31,"msg":"scanner"}
{"level":30,"time":1773130733952,"pid":29428,"hostname":"DESKTOP-KPAMGTB","module":"binance","symbol":"XLMUSDT","interval":"4h","verdict":"WAIT","score":56,"price":0.1574,"msg":"scanner"}
{"level":30,"time":1773130734155,"pid":29428,"hostname":"DESKTOP-KPAMGTB","module":"binance","symbol":"APTUSDT","interval":"5m","verdict":"WAIT","score":56,"price":0.972,"msg":"scanner"}
{"level":30,"time":1773130734197,"pid":29428,"hostname":"DESKTOP-KPAMGTB","module":"binance","symbol":"APTUSDT","interval":"4h","verdict":"WAIT","score":56,"price":0.972,"msg":"scanner"}
{"level":30,"time":1773130734365,"pid":29428,"hostname":"DESKTOP-KPAMGTB","module":"binance","symbol":"APTUSDT","interval":"1h","verdict":"WAIT","score":63,"price":0.972,"msg":"scanner"}
{"level":30,"time":1773130734545,"pid":29428,"hostname":"DESKTOP-KPAMGTB","module":"binance","symbol":"NEARUSDT","interval":"5m","verdict":"WAIT","score":63,"price":1.286,"msg":"scanner"}
{"level":30,"time":1773130734671,"pid":29428,"hostname":"DESKTOP-KPAMGTB","module":"binance","symbol":"NEARUSDT","interval":"1h","verdict":"BUY","score":66,"price":1.286,"msg":"scanner"}
{"level":30,"time":1773130734711,"pid":29428,"hostname":"DESKTOP-KPAMGTB","module":"binance","symbol":"NEARUSDT","interval":"4h","verdict":"WAIT","score":59,"price":1.286,"msg":"scanner"}
{"level":30,"time":1773130796196,"pid":29428,"hostname":"DESKTOP-KPAMGTB","module":"binance","symbol":"BTCUSDT","interval":"5m","verdict":"WAIT","score":63,"price":70861.79,"msg":"scanner"}
{"level":30,"time":1773130796280,"pid":29428,"hostname":"DESKTOP-KPAMGTB","module":"binance","symbol":"ETHUSDT","interval":"5m","verdict":"BUY","score":69,"price":2063.05,"msg":"scanner"}
{"level":30,"time":1773130796438,"pid":29428,"hostname":"DESKTOP-KPAMGTB","module":"binance","symbol":"BNBUSDT","interval":"5m","verdict":"BUY","score":69,"price":646.75,"msg":"scanner"}
{"level":30,"time":1773130796621,"pid":29428,"hostname":"DESKTOP-KPAMGTB","module":"binance","symbol":"SOLUSDT","interval":"5m","verdict":"WAIT","score":53,"price":87.05,"msg":"scanner"}
{"level":30,"time":1773130797197,"pid":29428,"hostname":"DESKTOP-KPAMGTB","module":"binance","symbol":"XRPUSDT","interval":"5m","verdict":"WAIT","score":59,"price":1.396,"msg":"scanner"}
{"level":30,"time":1773130797719,"pid":29428,"hostname":"DESKTOP-KPAMGTB","module":"binance","symbol":"DOGEUSDT","interval":"5m","verdict":"WAIT","score":56,"price":0.0928,"msg":"scanner"}
{"level":30,"time":1773130798139,"pid":29428,"hostname":"DESKTOP-KPAMGTB","module":"binance","symbol":"ADAUSDT","interval":"5m","verdict":"WAIT","score":53,"price":0.2615,"msg":"scanner"}
{"level":30,"time":1773130798603,"pid":29428,"hostname":"DESKTOP-KPAMGTB","module":"binance","symbol":"AVAXUSDT","interval":"5m","verdict":"WAIT","score":53,"price":9.43,"msg":"scanner"}
{"level":30,"time":1773130798720,"pid":29428,"hostname":"DESKTOP-KPAMGTB","module":"binance","symbol":"TRXUSDT","interval":"5m","verdict":"WAIT","score":56,"price":0.2863,"msg":"scanner"}
{"level":30,"time":1773130799102,"pid":29428,"hostname":"DESKTOP-KPAMGTB","module":"binance","symbol":"DOTUSDT","interval":"5m","verdict":"BUY","score":66,"price":1.527,"msg":"scanner"}
{"level":30,"time":1773130799153,"pid":29428,"hostname":"DESKTOP-KPAMGTB","module":"binance","symbol":"LINKUSDT","interval":"5m","verdict":"WAIT","score":50,"price":9.12,"msg":"scanner"}
{"level":30,"time":1773130799601,"pid":29428,"hostname":"DESKTOP-KPAMGTB","module":"binance","symbol":"MATICUSDT","interval":"5m","verdict":"WAIT","score":59,"price":0.3794,"msg":"scanner"}
{"level":30,"time":1773130799683,"pid":29428,"hostname":"DESKTOP-KPAMGTB","module":"binance","symbol":"LTCUSDT","interval":"5m","verdict":"WAIT","score":56,"price":54.15,"msg":"scanner"}
{"level":30,"time":1773130799921,"pid":29428,"hostname":"DESKTOP-KPAMGTB","module":"binance","symbol":"SHIBUSDT","interval":"5m","verdict":"WAIT","score":53,"price":0.00000562,"msg":"scanner"}
{"level":30,"time":1773130800257,"pid":29428,"hostname":"DESKTOP-KPAMGTB","module":"binance","symbol":"UNIUSDT","interval":"5m","verdict":"WAIT","score":50,"price":3.964,"msg":"scanner"}
{"level":30,"time":1773130800502,"pid":29428,"hostname":"DESKTOP-KPAMGTB","module":"binance","symbol":"ATOMUSDT","interval":"5m","verdict":"WAIT","score":63,"price":1.771,"msg":"scanner"}
{"level":30,"time":1773130800722,"pid":29428,"hostname":"DESKTOP-KPAMGTB","module":"binance","symbol":"ETCUSDT","interval":"5m","verdict":"WAIT","score":47,"price":8.31,"msg":"scanner"}
{"level":30,"time":1773130801267,"pid":29428,"hostname":"DESKTOP-KPAMGTB","module":"binance","symbol":"XLMUSDT","interval":"5m","verdict":"WAIT","score":53,"price":0.1573,"msg":"scanner"}
{"level":30,"time":1773130801588,"pid":29428,"hostname":"DESKTOP-KPAMGTB","module":"binance","symbol":"APTUSDT","interval":"5m","verdict":"WAIT","score":56,"price":0.973,"msg":"scanner"}
{"level":30,"time":1773130802065,"pid":29428,"hostname":"DESKTOP-KPAMGTB","module":"binance","symbol":"NEARUSDT","interval":"5m","verdict":"WAIT","score":53,"price":1.285,"msg":"scanner"}
{"level":30,"time":1773130855597,"pid":29428,"hostname":"DESKTOP-KPAMGTB","module":"binance","symbol":"BTCUSDT","interval":"5m","verdict":"WAIT","score":50,"price":70825.33,"msg":"scanner"}
{"level":30,"time":1773130855629,"pid":29428,"hostname":"DESKTOP-KPAMGTB","module":"binance","symbol":"ETHUSDT","interval":"5m","verdict":"WAIT","score":50,"price":2062.39,"msg":"scanner"}
{"level":30,"time":1773130855671,"pid":29428,"hostname":"DESKTOP-KPAMGTB","module":"binance","symbol":"ETHUSDT","interval":"1h","verdict":"WAIT","score":63,"price":2062.39,"msg":"scanner"}
{"level":30,"time":1773130855843,"pid":29428,"hostname":"DESKTOP-KPAMGTB","module":"binance","symbol":"BTCUSDT","interval":"1h","verdict":"BUY","score":66,"price":70825.33,"msg":"scanner"}
{"level":30,"time":1773130856052,"pid":29428,"hostname":"DESKTOP-KPAMGTB","module":"binance","symbol":"BNBUSDT","interval":"5m","verdict":"WAIT","score":59,"price":646.65,"msg":"scanner"}
{"level":30,"time":1773130856073,"pid":29428,"hostname":"DESKTOP-KPAMGTB","module":"binance","symbol":"BNBUSDT","interval":"1h","verdict":"BUY","score":66,"price":646.65,"msg":"scanner"}
{"level":30,"time":1773130856248,"pid":29428,"hostname":"DESKTOP-KPAMGTB","module":"binance","symbol":"SOLUSDT","interval":"5m","verdict":"WAIT","score":59,"price":87.03,"msg":"scanner"}
{"level":30,"time":1773130856266,"pid":29428,"hostname":"DESKTOP-KPAMGTB","module":"binance","symbol":"SOLUSDT","interval":"1h","verdict":"WAIT","score":63,"price":87.03,"msg":"scanner"}
{"level":30,"time":1773130856622,"pid":29428,"hostname":"DESKTOP-KPAMGTB","module":"binance","symbol":"XRPUSDT","interval":"5m","verdict":"WAIT","score":50,"price":1.3959,"msg":"scanner"}
{"level":30,"time":1773130856645,"pid":29428,"hostname":"DESKTOP-KPAMGTB","module":"binance","symbol":"XRPUSDT","interval":"1h","verdict":"BUY","score":66,"price":1.3959,"msg":"scanner"}
{"level":30,"time":1773130856750,"pid":29428,"hostname":"DESKTOP-KPAMGTB","module":"binance","symbol":"DOGEUSDT","interval":"5m","verdict":"WAIT","score":50,"price":0.0928,"msg":"scanner"}
{"level":30,"time":1773130856976,"pid":29428,"hostname":"DESKTOP-KPAMGTB","module":"binance","symbol":"DOGEUSDT","interval":"1h","verdict":"BUY","score":69,"price":0.0928,"msg":"scanner"}
{"level":30,"time":1773130857237,"pid":29428,"hostname":"DESKTOP-KPAMGTB","module":"binance","symbol":"ADAUSDT","interval":"5m","verdict":"WAIT","score":59,"price":0.2614,"msg":"scanner"}
{"level":30,"time":1773130857251,"pid":29428,"hostname":"DESKTOP-KPAMGTB","module":"binance","symbol":"ADAUSDT","interval":"1h","verdict":"WAIT","score":63,"price":0.2614,"msg":"scanner"}
{"level":30,"time":1773130857568,"pid":29428,"hostname":"DESKTOP-KPAMGTB","module":"binance","symbol":"AVAXUSDT","interval":"5m","verdict":"WAIT","score":56,"price":9.43,"msg":"scanner"}
{"level":30,"time":1773130857624,"pid":29428,"hostname":"DESKTOP-KPAMGTB","module":"binance","symbol":"AVAXUSDT","interval":"1h","verdict":"WAIT","score":63,"price":9.43,"msg":"scanner"}
{"level":30,"time":1773130857817,"pid":29428,"hostname":"DESKTOP-KPAMGTB","module":"binance","symbol":"TRXUSDT","interval":"5m","verdict":"WAIT","score":63,"price":0.2864,"msg":"scanner"}
{"level":30,"time":1773130858030,"pid":29428,"hostname":"DESKTOP-KPAMGTB","module":"binance","symbol":"TRXUSDT","interval":"1h","verdict":"WAIT","score":53,"price":0.2864,"msg":"scanner"}
{"level":30,"time":1773130858201,"pid":29428,"hostname":"DESKTOP-KPAMGTB","module":"binance","symbol":"DOTUSDT","interval":"5m","verdict":"WAIT","score":53,"price":1.527,"msg":"scanner"}
{"level":30,"time":1773130858301,"pid":29428,"hostname":"DESKTOP-KPAMGTB","module":"binance","symbol":"DOTUSDT","interval":"1h","verdict":"BUY","score":72,"price":1.527,"msg":"scanner"}
{"level":30,"time":1773130858472,"pid":29428,"hostname":"DESKTOP-KPAMGTB","module":"binance","symbol":"LINKUSDT","interval":"5m","verdict":"WAIT","score":56,"price":9.13,"msg":"scanner"}
{"level":30,"time":1773130858707,"pid":29428,"hostname":"DESKTOP-KPAMGTB","module":"binance","symbol":"LINKUSDT","interval":"1h","verdict":"BUY","score":66,"price":9.13,"msg":"scanner"}
{"level":30,"time":1773130858845,"pid":29428,"hostname":"DESKTOP-KPAMGTB","module":"binance","symbol":"MATICUSDT","interval":"5m","verdict":"WAIT","score":59,"price":0.3794,"msg":"scanner"}
{"level":30,"time":1773130859052,"pid":29428,"hostname":"DESKTOP-KPAMGTB","module":"binance","symbol":"MATICUSDT","interval":"1h","verdict":"WAIT","score":47,"price":0.3794,"msg":"scanner"}
{"level":30,"time":1773130859170,"pid":29428,"hostname":"DESKTOP-KPAMGTB","module":"binance","symbol":"LTCUSDT","interval":"5m","verdict":"WAIT","score":63,"price":54.12,"msg":"scanner"}
{"level":30,"time":1773130859231,"pid":29428,"hostname":"DESKTOP-KPAMGTB","module":"binance","symbol":"LTCUSDT","interval":"1h","verdict":"WAIT","score":63,"price":54.12,"msg":"scanner"}
{"level":30,"time":1773130859385,"pid":29428,"hostname":"DESKTOP-KPAMGTB","module":"binance","symbol":"SHIBUSDT","interval":"5m","verdict":"WAIT","score":63,"price":0.00000563,"msg":"scanner"}
{"level":30,"time":1773130859601,"pid":29428,"hostname":"DESKTOP-KPAMGTB","module":"binance","symbol":"UNIUSDT","interval":"5m","verdict":"WAIT","score":59,"price":3.963,"msg":"scanner"}
{"level":30,"time":1773130859637,"pid":29428,"hostname":"DESKTOP-KPAMGTB","module":"binance","symbol":"SHIBUSDT","interval":"1h","verdict":"BUY","score":66,"price":0.00000563,"msg":"scanner"}
{"level":30,"time":1773130859655,"pid":29428,"hostname":"DESKTOP-KPAMGTB","module":"binance","symbol":"UNIUSDT","interval":"1h","verdict":"WAIT","score":59,"price":3.963,"msg":"scanner"}
{"level":30,"time":1773130859984,"pid":29428,"hostname":"DESKTOP-KPAMGTB","module":"binance","symbol":"ATOMUSDT","interval":"5m","verdict":"WAIT","score":59,"price":1.771,"msg":"scanner"}
{"level":30,"time":1773130860084,"pid":29428,"hostname":"DESKTOP-KPAMGTB","module":"binance","symbol":"ATOMUSDT","interval":"1h","verdict":"WAIT","score":63,"price":1.771,"msg":"scanner"}
{"level":30,"time":1773130860239,"pid":29428,"hostname":"DESKTOP-KPAMGTB","module":"binance","symbol":"ETCUSDT","interval":"5m","verdict":"WAIT","score":56,"price":8.32,"msg":"scanner"}
{"level":30,"time":1773130860371,"pid":29428,"hostname":"DESKTOP-KPAMGTB","module":"binance","symbol":"ETCUSDT","interval":"1h","verdict":"WAIT","score":59,"price":8.32,"msg":"scanner"}
{"level":30,"time":1773130860434,"pid":29428,"hostname":"DESKTOP-KPAMGTB","module":"binance","symbol":"XLMUSDT","interval":"5m","verdict":"WAIT","score":53,"price":0.1573,"msg":"scanner"}
{"level":30,"time":1773130860548,"pid":29428,"hostname":"DESKTOP-KPAMGTB","module":"binance","symbol":"XLMUSDT","interval":"1h","verdict":"BUY","score":66,"price":0.1573,"msg":"scanner"}
{"level":30,"time":1773130860753,"pid":29428,"hostname":"DESKTOP-KPAMGTB","module":"binance","symbol":"APTUSDT","interval":"5m","verdict":"WAIT","score":59,"price":0.973,"msg":"scanner"}
{"level":30,"time":1773130860769,"pid":29428,"hostname":"DESKTOP-KPAMGTB","module":"binance","symbol":"APTUSDT","interval":"1h","verdict":"WAIT","score":63,"price":0.973,"msg":"scanner"}
{"level":30,"time":1773130861099,"pid":29428,"hostname":"DESKTOP-KPAMGTB","module":"binance","symbol":"NEARUSDT","interval":"5m","verdict":"WAIT","score":50,"price":1.287,"msg":"scanner"}
{"level":30,"time":1773130861190,"pid":29428,"hostname":"DESKTOP-KPAMGTB","module":"binance","symbol":"NEARUSDT","interval":"1h","verdict":"BUY","score":66,"price":1.287,"msg":"scanner"}
{"level":30,"time":1773130916505,"pid":29428,"hostname":"DESKTOP-KPAMGTB","module":"binance","symbol":"ETHUSDT","interval":"5m","verdict":"BUY","score":69,"price":2065.77,"msg":"scanner"}
{"level":30,"time":1773130916520,"pid":29428,"hostname":"DESKTOP-KPAMGTB","module":"binance","symbol":"BTCUSDT","interval":"5m","verdict":"WAIT","score":56,"price":70930,"msg":"scanner"}
{"level":30,"time":1773130916648,"pid":29428,"hostname":"DESKTOP-KPAMGTB","module":"binance","symbol":"BNBUSDT","interval":"5m","verdict":"BUY","score":66,"price":647.21,"msg":"scanner"}
{"level":30,"time":1773130917062,"pid":29428,"hostname":"DESKTOP-KPAMGTB","module":"binance","symbol":"SOLUSDT","interval":"5m","verdict":"WAIT","score":56,"price":87.14,"msg":"scanner"}
{"level":30,"time":1773130917353,"pid":29428,"hostname":"DESKTOP-KPAMGTB","module":"binance","symbol":"XRPUSDT","interval":"5m","verdict":"WAIT","score":59,"price":1.3979,"msg":"scanner"}
{"level":30,"time":1773130917530,"pid":29428,"hostname":"DESKTOP-KPAMGTB","module":"binance","symbol":"DOGEUSDT","interval":"5m","verdict":"WAIT","score":63,"price":0.09295,"msg":"scanner"}
{"level":30,"time":1773130917963,"pid":29428,"hostname":"DESKTOP-KPAMGTB","module":"binance","symbol":"ADAUSDT","interval":"5m","verdict":"WAIT","score":50,"price":0.2619,"msg":"scanner"}
{"level":30,"time":1773130918436,"pid":29428,"hostname":"DESKTOP-KPAMGTB","module":"binance","symbol":"TRXUSDT","interval":"5m","verdict":"WAIT","score":63,"price":0.2864,"msg":"scanner"}
{"level":30,"time":1773130918457,"pid":29428,"hostname":"DESKTOP-KPAMGTB","module":"binance","symbol":"AVAXUSDT","interval":"5m","verdict":"WAIT","score":56,"price":9.45,"msg":"scanner"}
{"level":30,"time":1773130918502,"pid":29428,"hostname":"DESKTOP-KPAMGTB","module":"binance","symbol":"DOTUSDT","interval":"5m","verdict":"WAIT","score":59,"price":1.529,"msg":"scanner"}
{"level":30,"time":1773130918918,"pid":29428,"hostname":"DESKTOP-KPAMGTB","module":"trailing-engine","symbol":"DOGEUSDT","oldSl":0.09,"newSl":"0.09","peak":0.09294,"msg":"SL pujat"}
{"level":30,"time":1773130918975,"pid":29428,"hostname":"DESKTOP-KPAMGTB","module":"binance","symbol":"LINKUSDT","interval":"5m","verdict":"WAIT","score":50,"price":9.14,"msg":"scanner"}
{"level":30,"time":1773130919132,"pid":29428,"hostname":"DESKTOP-KPAMGTB","module":"binance","symbol":"MATICUSDT","interval":"5m","verdict":"WAIT","score":59,"price":0.3794,"msg":"scanner"}
{"level":30,"time":1773130919360,"pid":29428,"hostname":"DESKTOP-KPAMGTB","module":"binance","symbol":"LTCUSDT","interval":"5m","verdict":"BUY","score":66,"price":54.16,"msg":"scanner"}
{"level":30,"time":1773130919538,"pid":29428,"hostname":"DESKTOP-KPAMGTB","module":"binance","symbol":"SHIBUSDT","interval":"5m","verdict":"WAIT","score":63,"price":0.00000563,"msg":"scanner"}
{"level":30,"time":1773130919686,"pid":29428,"hostname":"DESKTOP-KPAMGTB","module":"binance","symbol":"UNIUSDT","interval":"5m","verdict":"WAIT","score":53,"price":3.969,"msg":"scanner"}
{"level":30,"time":1773130920203,"pid":29428,"hostname":"DESKTOP-KPAMGTB","module":"binance","symbol":"ETCUSDT","interval":"5m","verdict":"WAIT","score":56,"price":8.32,"msg":"scanner"}
{"level":30,"time":1773130920494,"pid":29428,"hostname":"DESKTOP-KPAMGTB","module":"binance","symbol":"ATOMUSDT","interval":"5m","verdict":"WAIT","score":63,"price":1.772,"msg":"scanner"}
{"level":30,"time":1773130920641,"pid":29428,"hostname":"DESKTOP-KPAMGTB","module":"binance","symbol":"APTUSDT","interval":"5m","verdict":"WAIT","score":56,"price":0.974,"msg":"scanner"}
{"level":30,"time":1773130920864,"pid":29428,"hostname":"DESKTOP-KPAMGTB","module":"binance","symbol":"XLMUSDT","interval":"5m","verdict":"WAIT","score":63,"price":0.1575,"msg":"scanner"}
{"level":30,"time":1773130920946,"pid":29428,"hostname":"DESKTOP-KPAMGTB","module":"binance","symbol":"NEARUSDT","interval":"5m","verdict":"WAIT","score":56,"price":1.29,"msg":"scanner"}
{"level":30,"time":1773130975857,"pid":29428,"hostname":"DESKTOP-KPAMGTB","module":"binance","symbol":"ETHUSDT","interval":"5m","verdict":"BUY","score":69,"price":2065.69,"msg":"scanner"}
{"level":30,"time":1773130975869,"pid":29428,"hostname":"DESKTOP-KPAMGTB","module":"binance","symbol":"BTCUSDT","interval":"5m","verdict":"WAIT","score":56,"price":70976.64,"msg":"scanner"}
{"level":30,"time":1773130976130,"pid":29428,"hostname":"DESKTOP-KPAMGTB","module":"binance","symbol":"ETHUSDT","interval":"1h","verdict":"WAIT","score":63,"price":2065.7,"msg":"scanner"}
{"level":30,"time":1773130976323,"pid":29428,"hostname":"DESKTOP-KPAMGTB","module":"binance","symbol":"BNBUSDT","interval":"5m","verdict":"BUY","score":66,"price":647.41,"msg":"scanner"}
{"level":30,"time":1773130976850,"pid":29428,"hostname":"DESKTOP-KPAMGTB","module":"binance","symbol":"SOLUSDT","interval":"5m","verdict":"WAIT","score":63,"price":87.18,"msg":"scanner"}
{"level":30,"time":1773130976865,"pid":29428,"hostname":"DESKTOP-KPAMGTB","module":"binance","symbol":"SOLUSDT","interval":"1h","verdict":"WAIT","score":63,"price":87.18,"msg":"scanner"}
{"level":30,"time":1773130977397,"pid":29428,"hostname":"DESKTOP-KPAMGTB","module":"binance","symbol":"XRPUSDT","interval":"1h","verdict":"BUY","score":66,"price":1.3979,"msg":"scanner"}
{"level":30,"time":1773130977519,"pid":29428,"hostname":"DESKTOP-KPAMGTB","module":"binance","symbol":"XRPUSDT","interval":"5m","verdict":"WAIT","score":59,"price":1.3978,"msg":"scanner"}
{"level":30,"time":1773130977535,"pid":29428,"hostname":"DESKTOP-KPAMGTB","module":"binance","symbol":"DOGEUSDT","interval":"5m","verdict":"WAIT","score":63,"price":0.09303,"msg":"scanner"}
{"level":30,"time":1773130977861,"pid":29428,"hostname":"DESKTOP-KPAMGTB","module":"binance","symbol":"DOGEUSDT","interval":"1h","verdict":"BUY","score":69,"price":0.09303,"msg":"scanner"}
{"level":30,"time":1773130978093,"pid":29428,"hostname":"DESKTOP-KPAMGTB","module":"binance","symbol":"ADAUSDT","interval":"5m","verdict":"WAIT","score":50,"price":0.2618,"msg":"scanner"}
{"level":30,"time":1773130978109,"pid":29428,"hostname":"DESKTOP-KPAMGTB","module":"binance","symbol":"ADAUSDT","interval":"1h","verdict":"WAIT","score":63,"price":0.2618,"msg":"scanner"}
{"level":30,"time":1773130978203,"pid":29428,"hostname":"DESKTOP-KPAMGTB","module":"trailing-engine","symbol":"ETHUSDT","oldSl":2001.61,"newSl":"2001.94","peak":2065.49,"msg":"SL pujat"}
{"level":30,"time":1773130978618,"pid":29428,"hostname":"DESKTOP-KPAMGTB","module":"binance","symbol":"AVAXUSDT","interval":"5m","verdict":"WAIT","score":56,"price":9.45,"msg":"scanner"}
{"level":30,"time":1773130978838,"pid":29428,"hostname":"DESKTOP-KPAMGTB","module":"binance","symbol":"AVAXUSDT","interval":"1h","verdict":"WAIT","score":59,"price":9.45,"msg":"scanner"}
{"level":30,"time":1773130978889,"pid":29428,"hostname":"DESKTOP-KPAMGTB","module":"binance","symbol":"TRXUSDT","interval":"5m","verdict":"WAIT","score":63,"price":0.2864,"msg":"scanner"}
{"level":30,"time":1773130979101,"pid":29428,"hostname":"DESKTOP-KPAMGTB","module":"trailing-engine","symbol":"DOGEUSDT","oldSl":0.09,"newSl":"0.09","peak":0.09301,"msg":"SL pujat"}
{"level":30,"time":1773130979209,"pid":29428,"hostname":"DESKTOP-KPAMGTB","module":"binance","symbol":"TRXUSDT","interval":"1h","verdict":"WAIT","score":53,"price":0.2864,"msg":"scanner"}
{"level":30,"time":1773130979262,"pid":29428,"hostname":"DESKTOP-KPAMGTB","module":"binance","symbol":"DOTUSDT","interval":"5m","verdict":"WAIT","score":53,"price":1.527,"msg":"scanner"}
{"level":30,"time":1773130979276,"pid":29428,"hostname":"DESKTOP-KPAMGTB","module":"binance","symbol":"DOTUSDT","interval":"1h","verdict":"BUY","score":72,"price":1.527,"msg":"scanner"}
{"level":30,"time":1773130979901,"pid":29428,"hostname":"DESKTOP-KPAMGTB","module":"binance","symbol":"LINKUSDT","interval":"5m","verdict":"WAIT","score":50,"price":9.14,"msg":"scanner"}
{"level":30,"time":1773130980003,"pid":29428,"hostname":"DESKTOP-KPAMGTB","module":"binance","symbol":"LINKUSDT","interval":"1h","verdict":"BUY","score":66,"price":9.14,"msg":"scanner"}
{"level":30,"time":1773130980088,"pid":29428,"hostname":"DESKTOP-KPAMGTB","module":"binance","symbol":"MATICUSDT","interval":"5m","verdict":"WAIT","score":59,"price":0.3794,"msg":"scanner"}
{"level":30,"time":1773130980192,"pid":29428,"hostname":"DESKTOP-KPAMGTB","module":"binance","symbol":"MATICUSDT","interval":"1h","verdict":"WAIT","score":47,"price":0.3794,"msg":"scanner"}
{"level":30,"time":1773130980457,"pid":29428,"hostname":"DESKTOP-KPAMGTB","module":"binance","symbol":"LTCUSDT","interval":"5m","verdict":"BUY","score":66,"price":54.17,"msg":"scanner"}
{"level":30,"time":1773130980513,"pid":29428,"hostname":"DESKTOP-KPAMGTB","module":"binance","symbol":"LTCUSDT","interval":"1h","verdict":"BUY","score":69,"price":54.17,"msg":"scanner"}
{"level":30,"time":1773130980922,"pid":29428,"hostname":"DESKTOP-KPAMGTB","module":"binance","symbol":"SHIBUSDT","interval":"5m","verdict":"WAIT","score":63,"price":0.00000563,"msg":"scanner"}
{"level":30,"time":1773130981187,"pid":29428,"hostname":"DESKTOP-KPAMGTB","module":"binance","symbol":"SHIBUSDT","interval":"1h","verdict":"BUY","score":66,"price":0.00000563,"msg":"scanner"}
{"level":30,"time":1773130981211,"pid":29428,"hostname":"DESKTOP-KPAMGTB","module":"binance","symbol":"UNIUSDT","interval":"5m","verdict":"WAIT","score":56,"price":3.967,"msg":"scanner"}
{"level":30,"time":1773130981426,"pid":29428,"hostname":"DESKTOP-KPAMGTB","module":"binance","symbol":"UNIUSDT","interval":"1h","verdict":"WAIT","score":59,"price":3.967,"msg":"scanner"}
{"level":30,"time":1773130981543,"pid":29428,"hostname":"DESKTOP-KPAMGTB","module":"binance","symbol":"ATOMUSDT","interval":"5m","verdict":"WAIT","score":53,"price":1.77,"msg":"scanner"}
{"level":30,"time":1773130981564,"pid":29428,"hostname":"DESKTOP-KPAMGTB","module":"binance","symbol":"ATOMUSDT","interval":"1h","verdict":"BUY","score":66,"price":1.77,"msg":"scanner"}
{"level":30,"time":1773130981906,"pid":29428,"hostname":"DESKTOP-KPAMGTB","module":"binance","symbol":"ETCUSDT","interval":"5m","verdict":"WAIT","score":56,"price":8.33,"msg":"scanner"}
{"level":30,"time":1773130981961,"pid":29428,"hostname":"DESKTOP-KPAMGTB","module":"binance","symbol":"XLMUSDT","interval":"5m","verdict":"WAIT","score":53,"price":0.1573,"msg":"scanner"}
{"level":30,"time":1773130982132,"pid":29428,"hostname":"DESKTOP-KPAMGTB","module":"binance","symbol":"ETCUSDT","interval":"1h","verdict":"WAIT","score":59,"price":8.33,"msg":"scanner"}
{"level":30,"time":1773130982142,"pid":29428,"hostname":"DESKTOP-KPAMGTB","module":"binance","symbol":"XLMUSDT","interval":"1h","verdict":"BUY","score":66,"price":0.1573,"msg":"scanner"}
{"level":30,"time":1773130982326,"pid":29428,"hostname":"DESKTOP-KPAMGTB","module":"binance","symbol":"APTUSDT","interval":"5m","verdict":"WAIT","score":56,"price":0.974,"msg":"scanner"}
{"level":30,"time":1773130982471,"pid":29428,"hostname":"DESKTOP-KPAMGTB","module":"binance","symbol":"APTUSDT","interval":"1h","verdict":"WAIT","score":63,"price":0.974,"msg":"scanner"}
{"level":30,"time":1773130982570,"pid":29428,"hostname":"DESKTOP-KPAMGTB","module":"binance","symbol":"NEARUSDT","interval":"5m","verdict":"WAIT","score":56,"price":1.288,"msg":"scanner"}
{"level":30,"time":1773130983230,"pid":29428,"hostname":"DESKTOP-KPAMGTB","module":"binance","symbol":"NEARUSDT","interval":"1h","verdict":"BUY","score":66,"price":1.288,"msg":"scanner"}
{"level":30,"time":1773131036503,"pid":29428,"hostname":"DESKTOP-KPAMGTB","module":"binance","symbol":"BTCUSDT","interval":"1h","verdict":"BUY","score":66,"price":70865.72,"msg":"scanner"}
{"level":30,"time":1773131036517,"pid":29428,"hostname":"DESKTOP-KPAMGTB","module":"binance","symbol":"ETHUSDT","interval":"5m","verdict":"WAIT","score":50,"price":2061.59,"msg":"scanner"}
{"level":30,"time":1773131036551,"pid":29428,"hostname":"DESKTOP-KPAMGTB","module":"binance","symbol":"BTCUSDT","interval":"5m","verdict":"WAIT","score":50,"price":70865.72,"msg":"scanner"}
{"level":30,"time":1773131036563,"pid":29428,"hostname":"DESKTOP-KPAMGTB","module":"binance","symbol":"BTCUSDT","interval":"4h","verdict":"BUY","score":66,"price":70865.72,"msg":"scanner"}
{"level":30,"time":1773131037696,"pid":29428,"hostname":"DESKTOP-KPAMGTB","module":"binance","symbol":"BNBUSDT","interval":"5m","verdict":"BUY","score":69,"price":647.01,"msg":"scanner"}
{"level":30,"time":1773131038172,"pid":29428,"hostname":"DESKTOP-KPAMGTB","module":"binance","symbol":"ETHUSDT","interval":"4h","verdict":"WAIT","score":56,"price":2061.6,"msg":"scanner"}
{"level":30,"time":1773131038321,"pid":29428,"hostname":"DESKTOP-KPAMGTB","module":"binance","symbol":"BNBUSDT","interval":"1h","verdict":"BUY","score":66,"price":647.01,"msg":"scanner"}
{"level":30,"time":1773131038474,"pid":29428,"hostname":"DESKTOP-KPAMGTB","module":"binance","symbol":"BNBUSDT","interval":"4h","verdict":"WAIT","score":56,"price":647,"msg":"scanner"}
{"level":30,"time":1773131039252,"pid":29428,"hostname":"DESKTOP-KPAMGTB","module":"binance","symbol":"SOLUSDT","interval":"5m","verdict":"WAIT","score":59,"price":87.02,"msg":"scanner"}
{"level":30,"time":1773131039490,"pid":29428,"hostname":"DESKTOP-KPAMGTB","module":"binance","symbol":"SOLUSDT","interval":"4h","verdict":"WAIT","score":56,"price":87.02,"msg":"scanner"}
{"level":30,"time":1773131039578,"pid":29428,"hostname":"DESKTOP-KPAMGTB","module":"binance","symbol":"XRPUSDT","interval":"5m","verdict":"WAIT","score":50,"price":1.3951,"msg":"scanner"}
{"level":30,"time":1773131039607,"pid":29428,"hostname":"DESKTOP-KPAMGTB","module":"binance","symbol":"XRPUSDT","interval":"4h","verdict":"WAIT","score":56,"price":1.3951,"msg":"scanner"}
{"level":30,"time":1773131039807,"pid":29428,"hostname":"DESKTOP-KPAMGTB","module":"binance","symbol":"DOGEUSDT","interval":"5m","verdict":"WAIT","score":50,"price":0.09282,"msg":"scanner"}
{"level":30,"time":1773131040020,"pid":29428,"hostname":"DESKTOP-KPAMGTB","module":"binance","symbol":"DOGEUSDT","interval":"4h","verdict":"WAIT","score":56,"price":0.09282,"msg":"scanner"}
{"level":30,"time":1773131040337,"pid":29428,"hostname":"DESKTOP-KPAMGTB","module":"binance","symbol":"ADAUSDT","interval":"5m","verdict":"WAIT","score":59,"price":0.2611,"msg":"scanner"}
{"level":30,"time":1773131040691,"pid":29428,"hostname":"DESKTOP-KPAMGTB","module":"binance","symbol":"AVAXUSDT","interval":"5m","verdict":"WAIT","score":59,"price":9.42,"msg":"scanner"}
{"level":30,"time":1773131040737,"pid":29428,"hostname":"DESKTOP-KPAMGTB","module":"binance","symbol":"ADAUSDT","interval":"4h","verdict":"WAIT","score":47,"price":0.2611,"msg":"scanner"}
{"level":30,"time":1773131040814,"pid":29428,"hostname":"DESKTOP-KPAMGTB","module":"binance","symbol":"AVAXUSDT","interval":"4h","verdict":"WAIT","score":59,"price":9.42,"msg":"scanner"}
{"level":30,"time":1773131040913,"pid":29428,"hostname":"DESKTOP-KPAMGTB","module":"binance","symbol":"TRXUSDT","interval":"5m","verdict":"WAIT","score":63,"price":0.2864,"msg":"scanner"}
{"level":30,"time":1773131041277,"pid":29428,"hostname":"DESKTOP-KPAMGTB","module":"binance","symbol":"TRXUSDT","interval":"4h","verdict":"WAIT","score":63,"price":0.2864,"msg":"scanner"}
{"level":30,"time":1773131041494,"pid":29428,"hostname":"DESKTOP-KPAMGTB","module":"binance","symbol":"DOTUSDT","interval":"5m","verdict":"WAIT","score":53,"price":1.522,"msg":"scanner"}
{"level":30,"time":1773131041531,"pid":29428,"hostname":"DESKTOP-KPAMGTB","module":"binance","symbol":"DOTUSDT","interval":"4h","verdict":"WAIT","score":63,"price":1.522,"msg":"scanner"}
{"level":30,"time":1773131041723,"pid":29428,"hostname":"DESKTOP-KPAMGTB","module":"binance","symbol":"LINKUSDT","interval":"5m","verdict":"WAIT","score":56,"price":9.12,"msg":"scanner"}
{"level":30,"time":1773131041880,"pid":29428,"hostname":"DESKTOP-KPAMGTB","module":"binance","symbol":"MATICUSDT","interval":"5m","verdict":"WAIT","score":59,"price":0.3794,"msg":"scanner"}
{"level":30,"time":1773131041919,"pid":29428,"hostname":"DESKTOP-KPAMGTB","module":"binance","symbol":"LINKUSDT","interval":"4h","verdict":"WAIT","score":63,"price":9.12,"msg":"scanner"}
{"level":30,"time":1773131042023,"pid":29428,"hostname":"DESKTOP-KPAMGTB","module":"binance","symbol":"MATICUSDT","interval":"4h","verdict":"WAIT","score":41,"price":0.3794,"msg":"scanner"}
{"level":30,"time":1773131042109,"pid":29428,"hostname":"DESKTOP-KPAMGTB","module":"binance","symbol":"LTCUSDT","interval":"5m","verdict":"WAIT","score":56,"price":54.09,"msg":"scanner"}
{"level":30,"time":1773131042374,"pid":29428,"hostname":"DESKTOP-KPAMGTB","module":"binance","symbol":"LTCUSDT","interval":"4h","verdict":"WAIT","score":53,"price":54.09,"msg":"scanner"}
{"level":30,"time":1773131042614,"pid":29428,"hostname":"DESKTOP-KPAMGTB","module":"binance","symbol":"SHIBUSDT","interval":"4h","verdict":"WAIT","score":59,"price":0.00000562,"msg":"scanner"}
{"level":30,"time":1773131042669,"pid":29428,"hostname":"DESKTOP-KPAMGTB","module":"binance","symbol":"SHIBUSDT","interval":"5m","verdict":"WAIT","score":56,"price":0.00000562,"msg":"scanner"}
{"level":30,"time":1773131042994,"pid":29428,"hostname":"DESKTOP-KPAMGTB","module":"binance","symbol":"UNIUSDT","interval":"5m","verdict":"WAIT","score":56,"price":3.955,"msg":"scanner"}
{"level":30,"time":1773131043025,"pid":29428,"hostname":"DESKTOP-KPAMGTB","module":"binance","symbol":"UNIUSDT","interval":"4h","verdict":"WAIT","score":63,"price":3.955,"msg":"scanner"}
{"level":30,"time":1773131043098,"pid":29428,"hostname":"DESKTOP-KPAMGTB","module":"binance","symbol":"ATOMUSDT","interval":"5m","verdict":"WAIT","score":59,"price":1.768,"msg":"scanner"}
{"level":30,"time":1773131043700,"pid":29428,"hostname":"DESKTOP-KPAMGTB","module":"binance","symbol":"ATOMUSDT","interval":"4h","verdict":"WAIT","score":53,"price":1.768,"msg":"scanner"}
{"level":30,"time":1773131043871,"pid":29428,"hostname":"DESKTOP-KPAMGTB","module":"binance","symbol":"ETCUSDT","interval":"4h","verdict":"WAIT","score":47,"price":8.31,"msg":"scanner"}
{"level":30,"time":1773131043956,"pid":29428,"hostname":"DESKTOP-KPAMGTB","module":"binance","symbol":"XLMUSDT","interval":"5m","verdict":"WAIT","score":56,"price":0.157,"msg":"scanner"}
{"level":30,"time":1773131044232,"pid":29428,"hostname":"DESKTOP-KPAMGTB","module":"binance","symbol":"XLMUSDT","interval":"4h","verdict":"WAIT","score":56,"price":0.157,"msg":"scanner"}
{"level":30,"time":1773131044257,"pid":29428,"hostname":"DESKTOP-KPAMGTB","module":"binance","symbol":"ETCUSDT","interval":"5m","verdict":"WAIT","score":53,"price":8.31,"msg":"scanner"}
{"level":30,"time":1773131044452,"pid":29428,"hostname":"DESKTOP-KPAMGTB","module":"binance","symbol":"APTUSDT","interval":"5m","verdict":"WAIT","score":41,"price":0.968,"msg":"scanner"}
{"level":30,"time":1773131044849,"pid":29428,"hostname":"DESKTOP-KPAMGTB","module":"binance","symbol":"APTUSDT","interval":"4h","verdict":"WAIT","score":56,"price":0.968,"msg":"scanner"}
{"level":30,"time":1773131044890,"pid":29428,"hostname":"DESKTOP-KPAMGTB","module":"binance","symbol":"NEARUSDT","interval":"5m","verdict":"WAIT","score":53,"price":1.285,"msg":"scanner"}
{"level":30,"time":1773131045439,"pid":29428,"hostname":"DESKTOP-KPAMGTB","module":"binance","symbol":"NEARUSDT","interval":"4h","verdict":"WAIT","score":59,"price":1.285,"msg":"scanner"}
{"level":30,"time":1773131077770,"pid":29428,"hostname":"DESKTOP-KPAMGTB","module":"binance","assets":18,"msg":"balance"}
{"level":30,"time":1773131078483,"pid":29428,"hostname":"DESKTOP-KPAMGTB","module":"binance","assets":18,"msg":"balance"}
{"level":30,"time":1773131083021,"pid":29428,"hostname":"DESKTOP-KPAMGTB","module":"binance","symbol":"ETHUSDT","interval":"5m","verdict":"WAIT","score":47,"price":2062.62,"msg":"scanner"}
{"level":30,"time":1773131083219,"pid":29428,"hostname":"DESKTOP-KPAMGTB","module":"binance","symbol":"BTCUSDT","interval":"5m","verdict":"WAIT","score":50,"price":70900.02,"msg":"scanner"}
{"level":30,"time":1773131083908,"pid":29428,"hostname":"DESKTOP-KPAMGTB","module":"binance","symbol":"BNBUSDT","interval":"5m","verdict":"BUY","score":69,"price":647.28,"msg":"scanner"}
{"level":30,"time":1773131084894,"pid":29428,"hostname":"DESKTOP-KPAMGTB","module":"binance","symbol":"SOLUSDT","interval":"5m","verdict":"WAIT","score":56,"price":87.09,"msg":"scanner"}
{"level":30,"time":1773131085486,"pid":29428,"hostname":"DESKTOP-KPAMGTB","module":"binance","symbol":"XRPUSDT","interval":"5m","verdict":"WAIT","score":53,"price":1.3966,"msg":"scanner"}
{"level":30,"time":1773131085803,"pid":29428,"hostname":"DESKTOP-KPAMGTB","module":"binance","symbol":"DOGEUSDT","interval":"5m","verdict":"WAIT","score":56,"price":0.09296,"msg":"scanner"}
{"level":30,"time":1773131086293,"pid":29428,"hostname":"DESKTOP-KPAMGTB","module":"binance","symbol":"ADAUSDT","interval":"5m","verdict":"WAIT","score":59,"price":0.2612,"msg":"scanner"}
{"level":30,"time":1773131086965,"pid":29428,"hostname":"DESKTOP-KPAMGTB","module":"binance","symbol":"AVAXUSDT","interval":"5m","verdict":"WAIT","score":56,"price":9.43,"msg":"scanner"}
{"level":30,"time":1773131087325,"pid":29428,"hostname":"DESKTOP-KPAMGTB","module":"binance","symbol":"TRXUSDT","interval":"5m","verdict":"WAIT","score":63,"price":0.2864,"msg":"scanner"}
{"level":30,"time":1773131087567,"pid":29428,"hostname":"DESKTOP-KPAMGTB","module":"binance","symbol":"DOTUSDT","interval":"5m","verdict":"WAIT","score":59,"price":1.523,"msg":"scanner"}
{"level":30,"time":1773131088149,"pid":29428,"hostname":"DESKTOP-KPAMGTB","module":"binance","symbol":"LINKUSDT","interval":"5m","verdict":"WAIT","score":59,"price":9.11,"msg":"scanner"}
{"level":30,"time":1773131088334,"pid":29428,"hostname":"DESKTOP-KPAMGTB","module":"binance","symbol":"MATICUSDT","interval":"5m","verdict":"WAIT","score":59,"price":0.3794,"msg":"scanner"}
{"level":30,"time":1773131089164,"pid":29428,"hostname":"DESKTOP-KPAMGTB","module":"binance","symbol":"LTCUSDT","interval":"5m","verdict":"WAIT","score":56,"price":54.1,"msg":"scanner"}
{"level":30,"time":1773131089357,"pid":29428,"hostname":"DESKTOP-KPAMGTB","module":"binance","symbol":"SHIBUSDT","interval":"5m","verdict":"WAIT","score":56,"price":0.00000562,"msg":"scanner"}
{"level":30,"time":1773131089926,"pid":29428,"hostname":"DESKTOP-KPAMGTB","module":"binance","symbol":"UNIUSDT","interval":"5m","verdict":"WAIT","score":56,"price":3.956,"msg":"scanner"}
{"level":30,"time":1773131090169,"pid":29428,"hostname":"DESKTOP-KPAMGTB","module":"binance","symbol":"ATOMUSDT","interval":"5m","verdict":"WAIT","score":53,"price":1.769,"msg":"scanner"}
{"level":30,"time":1773131090540,"pid":29428,"hostname":"DESKTOP-KPAMGTB","module":"binance","symbol":"ETCUSDT","interval":"5m","verdict":"WAIT","score":53,"price":8.31,"msg":"scanner"}
{"level":30,"time":1773131090801,"pid":29428,"hostname":"DESKTOP-KPAMGTB","module":"binance","symbol":"XLMUSDT","interval":"5m","verdict":"WAIT","score":53,"price":0.1569,"msg":"scanner"}
{"level":30,"time":1773131091121,"pid":29428,"hostname":"DESKTOP-KPAMGTB","module":"binance","symbol":"APTUSDT","interval":"5m","verdict":"WAIT","score":41,"price":0.968,"msg":"scanner"}
{"level":30,"time":1773131091354,"pid":29428,"hostname":"DESKTOP-KPAMGTB","module":"binance","symbol":"NEARUSDT","interval":"5m","verdict":"WAIT","score":53,"price":1.285,"msg":"scanner"}
{"level":30,"time":1773131099605,"pid":29428,"hostname":"DESKTOP-KPAMGTB","module":"binance","symbol":"ETHUSDT","interval":"1h","verdict":"WAIT","score":63,"price":2061.97,"msg":"scanner"}
{"level":30,"time":1773131100077,"pid":29428,"hostname":"DESKTOP-KPAMGTB","module":"binance","symbol":"SOLUSDT","interval":"1h","verdict":"WAIT","score":63,"price":87.07,"msg":"scanner"}
{"level":30,"time":1773131100394,"pid":29428,"hostname":"DESKTOP-KPAMGTB","module":"binance","symbol":"XRPUSDT","interval":"1h","verdict":"BUY","score":66,"price":1.3962,"msg":"scanner"}
{"level":30,"time":1773131100841,"pid":29428,"hostname":"DESKTOP-KPAMGTB","module":"binance","symbol":"DOGEUSDT","interval":"1h","verdict":"BUY","score":69,"price":0.09293,"msg":"scanner"}
{"level":30,"time":1773131100958,"pid":29428,"hostname":"DESKTOP-KPAMGTB","module":"binance","symbol":"ADAUSDT","interval":"1h","verdict":"WAIT","score":63,"price":0.2611,"msg":"scanner"}
{"level":30,"time":1773131101851,"pid":29428,"hostname":"DESKTOP-KPAMGTB","module":"binance","symbol":"AVAXUSDT","interval":"1h","verdict":"WAIT","score":63,"price":9.43,"msg":"scanner"}
{"level":30,"time":1773131102162,"pid":29428,"hostname":"DESKTOP-KPAMGTB","module":"binance","symbol":"TRXUSDT","interval":"1h","verdict":"WAIT","score":53,"price":0.2864,"msg":"scanner"}
{"level":30,"time":1773131103119,"pid":29428,"hostname":"DESKTOP-KPAMGTB","module":"binance","symbol":"DOTUSDT","interval":"1h","verdict":"BUY","score":69,"price":1.522,"msg":"scanner"}
{"level":30,"time":1773131103682,"pid":29428,"hostname":"DESKTOP-KPAMGTB","module":"binance","symbol":"LINKUSDT","interval":"1h","verdict":"BUY","score":69,"price":9.11,"msg":"scanner"}
{"level":30,"time":1773131103836,"pid":29428,"hostname":"DESKTOP-KPAMGTB","module":"binance","symbol":"MATICUSDT","interval":"1h","verdict":"WAIT","score":47,"price":0.3794,"msg":"scanner"}
{"level":30,"time":1773131104709,"pid":29428,"hostname":"DESKTOP-KPAMGTB","module":"binance","symbol":"LTCUSDT","interval":"1h","verdict":"BUY","score":66,"price":54.08,"msg":"scanner"}
{"level":30,"time":1773131104825,"pid":29428,"hostname":"DESKTOP-KPAMGTB","module":"binance","symbol":"SHIBUSDT","interval":"1h","verdict":"BUY","score":66,"price":0.00000562,"msg":"scanner"}
{"level":30,"time":1773131105792,"pid":29428,"hostname":"DESKTOP-KPAMGTB","module":"binance","symbol":"UNIUSDT","interval":"1h","verdict":"WAIT","score":63,"price":3.954,"msg":"scanner"}
{"level":30,"time":1773131106302,"pid":29428,"hostname":"DESKTOP-KPAMGTB","module":"binance","symbol":"ATOMUSDT","interval":"1h","verdict":"BUY","score":69,"price":1.769,"msg":"scanner"}
{"level":30,"time":1773131106819,"pid":29428,"hostname":"DESKTOP-KPAMGTB","module":"binance","symbol":"ETCUSDT","interval":"1h","verdict":"WAIT","score":63,"price":8.3,"msg":"scanner"}
{"level":30,"time":1773131106911,"pid":29428,"hostname":"DESKTOP-KPAMGTB","module":"binance","symbol":"XLMUSDT","interval":"1h","verdict":"BUY","score":66,"price":0.1569,"msg":"scanner"}
{"level":30,"time":1773131107540,"pid":29428,"hostname":"DESKTOP-KPAMGTB","module":"binance","symbol":"APTUSDT","interval":"1h","verdict":"WAIT","score":63,"price":0.967,"msg":"scanner"}
{"level":30,"time":1773131107599,"pid":29428,"hostname":"DESKTOP-KPAMGTB","module":"binance","symbol":"NEARUSDT","interval":"1h","verdict":"BUY","score":66,"price":1.284,"msg":"scanner"}
{"level":30,"time":1773131122656,"pid":29428,"hostname":"DESKTOP-KPAMGTB","module":"binance","symbol":"BTCUSDT","interval":"5m","verdict":"WAIT","score":50,"price":70825.85,"msg":"scanner"}
{"level":30,"time":1773131122738,"pid":29428,"hostname":"DESKTOP-KPAMGTB","module":"binance","symbol":"ETHUSDT","interval":"5m","verdict":"WAIT","score":56,"price":2060.5,"msg":"scanner"}
{"level":30,"time":1773131123513,"pid":29428,"hostname":"DESKTOP-KPAMGTB","module":"binance","symbol":"BNBUSDT","interval":"5m","verdict":"WAIT","score":56,"price":646.97,"msg":"scanner"}
{"level":30,"time":1773131123552,"pid":29428,"hostname":"DESKTOP-KPAMGTB","module":"binance","symbol":"SOLUSDT","interval":"5m","verdict":"WAIT","score":59,"price":87.02,"msg":"scanner"}
{"level":30,"time":1773131123980,"pid":29428,"hostname":"DESKTOP-KPAMGTB","module":"binance","symbol":"XRPUSDT","interval":"5m","verdict":"WAIT","score":50,"price":1.3951,"msg":"scanner"}
{"level":30,"time":1773131124363,"pid":29428,"hostname":"DESKTOP-KPAMGTB","module":"binance","symbol":"ADAUSDT","interval":"5m","verdict":"WAIT","score":59,"price":0.2608,"msg":"scanner"}
{"level":30,"time":1773131124467,"pid":29428,"hostname":"DESKTOP-KPAMGTB","module":"binance","symbol":"DOGEUSDT","interval":"5m","verdict":"WAIT","score":50,"price":0.09286,"msg":"scanner"}
{"level":30,"time":1773131125003,"pid":29428,"hostname":"DESKTOP-KPAMGTB","module":"binance","symbol":"AVAXUSDT","interval":"5m","verdict":"WAIT","score":59,"price":9.42,"msg":"scanner"}
{"level":30,"time":1773131125075,"pid":29428,"hostname":"DESKTOP-KPAMGTB","module":"binance","symbol":"TRXUSDT","interval":"5m","verdict":"WAIT","score":53,"price":0.2863,"msg":"scanner"}
{"level":30,"time":1773131126336,"pid":29428,"hostname":"DESKTOP-KPAMGTB","module":"binance","symbol":"DOTUSDT","interval":"5m","verdict":"WAIT","score":59,"price":1.523,"msg":"scanner"}
{"level":30,"time":1773131126537,"pid":29428,"hostname":"DESKTOP-KPAMGTB","module":"binance","symbol":"LINKUSDT","interval":"5m","verdict":"WAIT","score":59,"price":9.1,"msg":"scanner"}
{"level":30,"time":1773131127076,"pid":29428,"hostname":"DESKTOP-KPAMGTB","module":"binance","symbol":"MATICUSDT","interval":"5m","verdict":"WAIT","score":59,"price":0.3794,"msg":"scanner"}
{"level":30,"time":1773131127686,"pid":29428,"hostname":"DESKTOP-KPAMGTB","module":"binance","symbol":"LTCUSDT","interval":"5m","verdict":"WAIT","score":50,"price":54.07,"msg":"scanner"}
{"level":30,"time":1773131128164,"pid":29428,"hostname":"DESKTOP-KPAMGTB","module":"binance","symbol":"SHIBUSDT","interval":"5m","verdict":"WAIT","score":56,"price":0.00000561,"msg":"scanner"}
{"level":30,"time":1773131130006,"pid":29428,"hostname":"DESKTOP-KPAMGTB","module":"binance","symbol":"UNIUSDT","interval":"5m","verdict":"WAIT","score":56,"price":3.952,"msg":"scanner"}
{"level":30,"time":1773131130245,"pid":29428,"hostname":"DESKTOP-KPAMGTB","module":"binance","symbol":"ATOMUSDT","interval":"5m","verdict":"WAIT","score":59,"price":1.767,"msg":"scanner"}
{"level":30,"time":1773131130573,"pid":29428,"hostname":"DESKTOP-KPAMGTB","module":"binance","symbol":"ETCUSDT","interval":"5m","verdict":"WAIT","score":59,"price":8.3,"msg":"scanner"}
{"level":30,"time":1773131130786,"pid":29428,"hostname":"DESKTOP-KPAMGTB","module":"binance","symbol":"XLMUSDT","interval":"5m","verdict":"WAIT","score":63,"price":0.1568,"msg":"scanner"}
{"level":30,"time":1773131131339,"pid":29428,"hostname":"DESKTOP-KPAMGTB","module":"binance","symbol":"APTUSDT","interval":"5m","verdict":"WAIT","score":38,"price":0.967,"msg":"scanner"}
{"level":30,"time":1773131131687,"pid":29428,"hostname":"DESKTOP-KPAMGTB","module":"binance","symbol":"NEARUSDT","interval":"5m","verdict":"WAIT","score":53,"price":1.284,"msg":"scanner"}
{"level":30,"time":1773131166208,"pid":29428,"hostname":"DESKTOP-KPAMGTB","module":"binance","symbol":"BTCUSDT","interval":"1h","verdict":"BUY","score":66,"price":70838,"msg":"scanner"}
{"level":30,"time":1773131166487,"pid":29428,"hostname":"DESKTOP-KPAMGTB","module":"binance","symbol":"BTCUSDT","interval":"5m","verdict":"WAIT","score":50,"price":70838,"msg":"scanner"}
{"level":30,"time":1773131166505,"pid":29428,"hostname":"DESKTOP-KPAMGTB","module":"binance","symbol":"BNBUSDT","interval":"1h","verdict":"BUY","score":66,"price":647.15,"msg":"scanner"}
{"level":30,"time":1773131166644,"pid":29428,"hostname":"DESKTOP-KPAMGTB","module":"binance","symbol":"BNBUSDT","interval":"1h","verdict":"BUY","score":66,"price":647.14,"msg":"scanner"}
{"level":30,"time":1773131166730,"pid":29428,"hostname":"DESKTOP-KPAMGTB","module":"binance","symbol":"BTCUSDT","interval":"5m","verdict":"WAIT","score":50,"price":70837.99,"msg":"scanner"}
{"level":30,"time":1773131172701,"pid":29428,"hostname":"DESKTOP-KPAMGTB","module":"binance","assets":18,"msg":"balance"}
{"level":30,"time":1773131173236,"pid":29428,"hostname":"DESKTOP-KPAMGTB","module":"binance","assets":18,"msg":"balance"}
{"level":30,"time":1773131180359,"pid":29428,"hostname":"DESKTOP-KPAMGTB","module":"binance","count":62,"msg":"trades"}
{"level":30,"time":1773131180957,"pid":29428,"hostname":"DESKTOP-KPAMGTB","module":"binance","count":62,"msg":"trades"}
{"level":30,"time":1773131184025,"pid":29428,"hostname":"DESKTOP-KPAMGTB","module":"binance","assets":18,"msg":"balance"}
{"level":30,"time":1773131184221,"pid":29428,"hostname":"DESKTOP-KPAMGTB","module":"binance","assets":18,"msg":"balance"}
{"level":30,"time":1773131258947,"pid":29428,"hostname":"DESKTOP-KPAMGTB","module":"binance","assets":18,"msg":"balance"}
{"level":30,"time":1773131259264,"pid":29428,"hostname":"DESKTOP-KPAMGTB","module":"binance","assets":18,"msg":"balance"}
{"level":30,"time":1773131337474,"pid":29428,"hostname":"DESKTOP-KPAMGTB","module":"binance","symbol":"BTCUSDT","interval":"5m","verdict":"WAIT","score":50,"price":70815.58,"msg":"scanner"}
{"level":30,"time":1773131337529,"pid":29428,"hostname":"DESKTOP-KPAMGTB","module":"binance","symbol":"BTCUSDT","interval":"4h","verdict":"BUY","score":66,"price":70815.58,"msg":"scanner"}
{"level":30,"time":1773131337916,"pid":29428,"hostname":"DESKTOP-KPAMGTB","module":"binance","symbol":"ETHUSDT","interval":"5m","verdict":"WAIT","score":56,"price":2061.05,"msg":"scanner"}
{"level":30,"time":1773131337983,"pid":29428,"hostname":"DESKTOP-KPAMGTB","module":"binance","symbol":"ETHUSDT","interval":"1h","verdict":"WAIT","score":63,"price":2061.05,"msg":"scanner"}
{"level":30,"time":1773131338128,"pid":29428,"hostname":"DESKTOP-KPAMGTB","module":"binance","symbol":"BTCUSDT","interval":"1h","verdict":"BUY","score":66,"price":70815.58,"msg":"scanner"}
{"level":30,"time":1773131338531,"pid":29428,"hostname":"DESKTOP-KPAMGTB","module":"binance","symbol":"BNBUSDT","interval":"5m","verdict":"WAIT","score":63,"price":647.06,"msg":"scanner"}
{"level":30,"time":1773131338856,"pid":29428,"hostname":"DESKTOP-KPAMGTB","module":"binance","symbol":"BNBUSDT","interval":"1h","verdict":"BUY","score":66,"price":647.07,"msg":"scanner"}
{"level":30,"time":1773131338925,"pid":29428,"hostname":"DESKTOP-KPAMGTB","module":"binance","symbol":"SOLUSDT","interval":"5m","verdict":"WAIT","score":59,"price":87,"msg":"scanner"}
{"level":30,"time":1773131339065,"pid":29428,"hostname":"DESKTOP-KPAMGTB","module":"binance","symbol":"SOLUSDT","interval":"1h","verdict":"WAIT","score":63,"price":87,"msg":"scanner"}
{"level":30,"time":1773131339109,"pid":29428,"hostname":"DESKTOP-KPAMGTB","module":"binance","symbol":"BNBUSDT","interval":"4h","verdict":"WAIT","score":56,"price":647.07,"msg":"scanner"}
{"level":30,"time":1773131339516,"pid":29428,"hostname":"DESKTOP-KPAMGTB","module":"binance","symbol":"XRPUSDT","interval":"5m","verdict":"WAIT","score":50,"price":1.3942,"msg":"scanner"}
{"level":30,"time":1773131339698,"pid":29428,"hostname":"DESKTOP-KPAMGTB","module":"binance","symbol":"XRPUSDT","interval":"1h","verdict":"BUY","score":66,"price":1.3942,"msg":"scanner"}
{"level":30,"time":1773131339776,"pid":29428,"hostname":"DESKTOP-KPAMGTB","module":"binance","symbol":"DOGEUSDT","interval":"5m","verdict":"WAIT","score":50,"price":0.09279,"msg":"scanner"}
{"level":30,"time":1773131339947,"pid":29428,"hostname":"DESKTOP-KPAMGTB","module":"binance","symbol":"DOGEUSDT","interval":"1h","verdict":"BUY","score":69,"price":0.0928,"msg":"scanner"}
{"level":30,"time":1773131340439,"pid":29428,"hostname":"DESKTOP-KPAMGTB","module":"binance","symbol":"ADAUSDT","interval":"5m","verdict":"WAIT","score":59,"price":0.2609,"msg":"scanner"}
{"level":30,"time":1773131340862,"pid":29428,"hostname":"DESKTOP-KPAMGTB","module":"binance","symbol":"ADAUSDT","interval":"1h","verdict":"WAIT","score":63,"price":0.2609,"msg":"scanner"}
{"level":30,"time":1773131341025,"pid":29428,"hostname":"DESKTOP-KPAMGTB","module":"binance","symbol":"AVAXUSDT","interval":"5m","verdict":"WAIT","score":63,"price":9.41,"msg":"scanner"}
{"level":30,"time":1773131341246,"pid":29428,"hostname":"DESKTOP-KPAMGTB","module":"binance","symbol":"AVAXUSDT","interval":"1h","verdict":"WAIT","score":53,"price":9.41,"msg":"scanner"}
{"level":30,"time":1773131341501,"pid":29428,"hostname":"DESKTOP-KPAMGTB","module":"binance","symbol":"TRXUSDT","interval":"5m","verdict":"WAIT","score":50,"price":0.2863,"msg":"scanner"}
{"level":30,"time":1773131341595,"pid":29428,"hostname":"DESKTOP-KPAMGTB","module":"binance","symbol":"TRXUSDT","interval":"1h","verdict":"WAIT","score":56,"price":0.2863,"msg":"scanner"}
{"level":30,"time":1773131341689,"pid":29428,"hostname":"DESKTOP-KPAMGTB","module":"binance","symbol":"AVAXUSDT","interval":"4h","verdict":"WAIT","score":56,"price":9.41,"msg":"scanner"}
{"level":30,"time":1773131341816,"pid":29428,"hostname":"DESKTOP-KPAMGTB","module":"binance","symbol":"TRXUSDT","interval":"4h","verdict":"WAIT","score":63,"price":0.2863,"msg":"scanner"}
{"level":30,"time":1773131342047,"pid":29428,"hostname":"DESKTOP-KPAMGTB","module":"binance","symbol":"DOTUSDT","interval":"5m","verdict":"WAIT","score":44,"price":1.521,"msg":"scanner"}
{"level":30,"time":1773131342096,"pid":29428,"hostname":"DESKTOP-KPAMGTB","module":"binance","symbol":"DOTUSDT","interval":"1h","verdict":"BUY","score":69,"price":1.521,"msg":"scanner"}
{"level":30,"time":1773131342279,"pid":29428,"hostname":"DESKTOP-KPAMGTB","module":"binance","symbol":"DOTUSDT","interval":"4h","verdict":"WAIT","score":63,"price":1.521,"msg":"scanner"}
{"level":30,"time":1773131342529,"pid":29428,"hostname":"DESKTOP-KPAMGTB","module":"binance","symbol":"LINKUSDT","interval":"5m","verdict":"WAIT","score":59,"price":9.1,"msg":"scanner"}
{"level":30,"time":1773131342809,"pid":29428,"hostname":"DESKTOP-KPAMGTB","module":"binance","symbol":"LINKUSDT","interval":"1h","verdict":"BUY","score":69,"price":9.1,"msg":"scanner"}
{"level":30,"time":1773131342846,"pid":29428,"hostname":"DESKTOP-KPAMGTB","module":"binance","symbol":"LINKUSDT","interval":"4h","verdict":"WAIT","score":63,"price":9.1,"msg":"scanner"}
{"level":30,"time":1773131343216,"pid":29428,"hostname":"DESKTOP-KPAMGTB","module":"binance","symbol":"MATICUSDT","interval":"5m","verdict":"WAIT","score":59,"price":0.3794,"msg":"scanner"}
{"level":30,"time":1773131343259,"pid":29428,"hostname":"DESKTOP-KPAMGTB","module":"binance","symbol":"MATICUSDT","interval":"1h","verdict":"WAIT","score":47,"price":0.3794,"msg":"scanner"}
{"level":30,"time":1773131343548,"pid":29428,"hostname":"DESKTOP-KPAMGTB","module":"binance","symbol":"MATICUSDT","interval":"4h","verdict":"WAIT","score":41,"price":0.3794,"msg":"scanner"}
{"level":30,"time":1773131343564,"pid":29428,"hostname":"DESKTOP-KPAMGTB","module":"binance","symbol":"LTCUSDT","interval":"5m","verdict":"WAIT","score":56,"price":54.09,"msg":"scanner"}
{"level":30,"time":1773131343977,"pid":29428,"hostname":"DESKTOP-KPAMGTB","module":"binance","symbol":"LTCUSDT","interval":"1h","verdict":"BUY","score":66,"price":54.09,"msg":"scanner"}
{"level":30,"time":1773131344010,"pid":29428,"hostname":"DESKTOP-KPAMGTB","module":"binance","symbol":"LTCUSDT","interval":"4h","verdict":"WAIT","score":53,"price":54.09,"msg":"scanner"}
{"level":30,"time":1773131344108,"pid":29428,"hostname":"DESKTOP-KPAMGTB","module":"binance","symbol":"SHIBUSDT","interval":"5m","verdict":"WAIT","score":56,"price":0.00000561,"msg":"scanner"}
{"level":30,"time":1773131344145,"pid":29428,"hostname":"DESKTOP-KPAMGTB","module":"binance","symbol":"SHIBUSDT","interval":"1h","verdict":"BUY","score":66,"price":0.00000561,"msg":"scanner"}
{"level":30,"time":1773131344672,"pid":29428,"hostname":"DESKTOP-KPAMGTB","module":"binance","symbol":"SHIBUSDT","interval":"4h","verdict":"WAIT","score":59,"price":0.00000561,"msg":"scanner"}
{"level":30,"time":1773131344843,"pid":29428,"hostname":"DESKTOP-KPAMGTB","module":"binance","symbol":"UNIUSDT","interval":"5m","verdict":"WAIT","score":59,"price":3.957,"msg":"scanner"}
{"level":30,"time":1773131344883,"pid":29428,"hostname":"DESKTOP-KPAMGTB","module":"binance","symbol":"UNIUSDT","interval":"1h","verdict":"WAIT","score":63,"price":3.957,"msg":"scanner"}
{"level":30,"time":1773131345224,"pid":29428,"hostname":"DESKTOP-KPAMGTB","module":"binance","symbol":"UNIUSDT","interval":"4h","verdict":"WAIT","score":63,"price":3.961,"msg":"scanner"}
{"level":30,"time":1773131345394,"pid":29428,"hostname":"DESKTOP-KPAMGTB","module":"binance","symbol":"ATOMUSDT","interval":"1h","verdict":"WAIT","score":53,"price":1.762,"msg":"scanner"}
{"level":30,"time":1773131345446,"pid":29428,"hostname":"DESKTOP-KPAMGTB","module":"binance","symbol":"ATOMUSDT","interval":"4h","verdict":"WAIT","score":44,"price":1.762,"msg":"scanner"}
{"level":30,"time":1773131345686,"pid":29428,"hostname":"DESKTOP-KPAMGTB","module":"binance","symbol":"ATOMUSDT","interval":"5m","verdict":"WAIT","score":44,"price":1.762,"msg":"scanner"}
{"level":30,"time":1773131345855,"pid":29428,"hostname":"DESKTOP-KPAMGTB","module":"binance","symbol":"ETCUSDT","interval":"5m","verdict":"WAIT","score":56,"price":8.3,"msg":"scanner"}
{"level":30,"time":1773131346066,"pid":29428,"hostname":"DESKTOP-KPAMGTB","module":"binance","symbol":"ETCUSDT","interval":"1h","verdict":"WAIT","score":63,"price":8.3,"msg":"scanner"}
{"level":30,"time":1773131346105,"pid":29428,"hostname":"DESKTOP-KPAMGTB","module":"binance","symbol":"ETCUSDT","interval":"4h","verdict":"WAIT","score":50,"price":8.3,"msg":"scanner"}
{"level":30,"time":1773131346281,"pid":29428,"hostname":"DESKTOP-KPAMGTB","module":"binance","symbol":"XLMUSDT","interval":"5m","verdict":"WAIT","score":59,"price":0.1569,"msg":"scanner"}
{"level":30,"time":1773131346524,"pid":29428,"hostname":"DESKTOP-KPAMGTB","module":"binance","symbol":"XLMUSDT","interval":"1h","verdict":"BUY","score":66,"price":0.1569,"msg":"scanner"}
{"level":30,"time":1773131346649,"pid":29428,"hostname":"DESKTOP-KPAMGTB","module":"binance","symbol":"XLMUSDT","interval":"4h","verdict":"WAIT","score":56,"price":0.1569,"msg":"scanner"}
{"level":30,"time":1773131346693,"pid":29428,"hostname":"DESKTOP-KPAMGTB","module":"binance","symbol":"APTUSDT","interval":"5m","verdict":"AVOID","score":34,"price":0.966,"msg":"scanner"}
{"level":30,"time":1773131346909,"pid":29428,"hostname":"DESKTOP-KPAMGTB","module":"binance","symbol":"APTUSDT","interval":"1h","verdict":"WAIT","score":63,"price":0.966,"msg":"scanner"}
{"level":30,"time":1773131347066,"pid":29428,"hostname":"DESKTOP-KPAMGTB","module":"binance","symbol":"APTUSDT","interval":"4h","verdict":"WAIT","score":50,"price":0.966,"msg":"scanner"}
{"level":30,"time":1773131347170,"pid":29428,"hostname":"DESKTOP-KPAMGTB","module":"binance","symbol":"NEARUSDT","interval":"5m","verdict":"WAIT","score":53,"price":1.283,"msg":"scanner"}
{"level":30,"time":1773131347198,"pid":29428,"hostname":"DESKTOP-KPAMGTB","module":"binance","symbol":"NEARUSDT","interval":"1h","verdict":"BUY","score":66,"price":1.283,"msg":"scanner"}
{"level":30,"time":1773131347588,"pid":29428,"hostname":"DESKTOP-KPAMGTB","module":"binance","symbol":"NEARUSDT","interval":"4h","verdict":"WAIT","score":59,"price":1.283,"msg":"scanner"}
{"level":30,"time":1773131382153,"pid":29428,"hostname":"DESKTOP-KPAMGTB","module":"binance","assets":18,"msg":"balance"}
{"level":30,"time":1773131382178,"pid":29428,"hostname":"DESKTOP-KPAMGTB","module":"binance","assets":18,"msg":"balance"}
{"level":30,"time":1773131417363,"pid":29428,"hostname":"DESKTOP-KPAMGTB","module":"binance","symbol":"BTCUSDT","interval":"5m","verdict":"WAIT","score":50,"price":70853.59,"msg":"scanner"}
{"level":30,"time":1773131420466,"pid":29428,"hostname":"DESKTOP-KPAMGTB","module":"binance","symbol":"ETHUSDT","interval":"5m","verdict":"WAIT","score":53,"price":2061.61,"msg":"scanner"}
{"level":30,"time":1773131420866,"pid":29428,"hostname":"DESKTOP-KPAMGTB","module":"binance","symbol":"ETHUSDT","interval":"4h","verdict":"WAIT","score":56,"price":2061.61,"msg":"scanner"}
{"level":30,"time":1773131421032,"pid":29428,"hostname":"DESKTOP-KPAMGTB","module":"binance","symbol":"BNBUSDT","interval":"5m","verdict":"WAIT","score":56,"price":647.21,"msg":"scanner"}
{"level":30,"time":1773131421247,"pid":29428,"hostname":"DESKTOP-KPAMGTB","module":"binance","symbol":"SOLUSDT","interval":"5m","verdict":"WAIT","score":59,"price":87.05,"msg":"scanner"}
{"level":30,"time":1773131421724,"pid":29428,"hostname":"DESKTOP-KPAMGTB","module":"binance","symbol":"SOLUSDT","interval":"4h","verdict":"WAIT","score":56,"price":87.05,"msg":"scanner"}
{"level":30,"time":1773131421894,"pid":29428,"hostname":"DESKTOP-KPAMGTB","module":"binance","symbol":"XRPUSDT","interval":"5m","verdict":"WAIT","score":53,"price":1.3948,"msg":"scanner"}
{"level":30,"time":1773131421927,"pid":29428,"hostname":"DESKTOP-KPAMGTB","module":"binance","symbol":"XRPUSDT","interval":"4h","verdict":"WAIT","score":56,"price":1.3948,"msg":"scanner"}
{"level":30,"time":1773131422246,"pid":29428,"hostname":"DESKTOP-KPAMGTB","module":"binance","symbol":"DOGEUSDT","interval":"5m","verdict":"WAIT","score":53,"price":0.09278,"msg":"scanner"}
{"level":30,"time":1773131422447,"pid":29428,"hostname":"DESKTOP-KPAMGTB","module":"binance","symbol":"DOGEUSDT","interval":"4h","verdict":"WAIT","score":56,"price":0.09278,"msg":"scanner"}
{"level":30,"time":1773131422505,"pid":29428,"hostname":"DESKTOP-KPAMGTB","module":"binance","symbol":"ADAUSDT","interval":"5m","verdict":"WAIT","score":63,"price":0.2609,"msg":"scanner"}
{"level":30,"time":1773131423028,"pid":29428,"hostname":"DESKTOP-KPAMGTB","module":"binance","symbol":"ADAUSDT","interval":"4h","verdict":"WAIT","score":50,"price":0.2609,"msg":"scanner"}
{"level":30,"time":1773131423117,"pid":29428,"hostname":"DESKTOP-KPAMGTB","module":"binance","symbol":"AVAXUSDT","interval":"5m","verdict":"WAIT","score":63,"price":9.41,"msg":"scanner"}
{"level":30,"time":1773131423348,"pid":29428,"hostname":"DESKTOP-KPAMGTB","module":"binance","symbol":"TRXUSDT","interval":"5m","verdict":"WAIT","score":53,"price":0.2863,"msg":"scanner"}
{"level":30,"time":1773131423699,"pid":29428,"hostname":"DESKTOP-KPAMGTB","module":"binance","symbol":"DOTUSDT","interval":"5m","verdict":"WAIT","score":59,"price":1.524,"msg":"scanner"}
{"level":30,"time":1773131424176,"pid":29428,"hostname":"DESKTOP-KPAMGTB","module":"binance","symbol":"LINKUSDT","interval":"5m","verdict":"WAIT","score":59,"price":9.11,"msg":"scanner"}
{"level":30,"time":1773131424727,"pid":29428,"hostname":"DESKTOP-KPAMGTB","module":"binance","symbol":"MATICUSDT","interval":"5m","verdict":"WAIT","score":59,"price":0.3794,"msg":"scanner"}
{"level":30,"time":1773131425256,"pid":29428,"hostname":"DESKTOP-KPAMGTB","module":"binance","symbol":"SHIBUSDT","interval":"5m","verdict":"WAIT","score":59,"price":0.00000561,"msg":"scanner"}
{"level":30,"time":1773131425511,"pid":29428,"hostname":"DESKTOP-KPAMGTB","module":"binance","symbol":"LTCUSDT","interval":"5m","verdict":"WAIT","score":56,"price":54.12,"msg":"scanner"}
{"level":30,"time":1773131425939,"pid":29428,"hostname":"DESKTOP-KPAMGTB","module":"binance","symbol":"UNIUSDT","interval":"5m","verdict":"WAIT","score":59,"price":3.971,"msg":"scanner"}
{"level":30,"time":1773131426188,"pid":29428,"hostname":"DESKTOP-KPAMGTB","module":"binance","symbol":"ATOMUSDT","interval":"5m","verdict":"WAIT","score":41,"price":1.763,"msg":"scanner"}
{"level":30,"time":1773131426479,"pid":29428,"hostname":"DESKTOP-KPAMGTB","module":"binance","symbol":"ETCUSDT","interval":"5m","verdict":"WAIT","score":59,"price":8.3,"msg":"scanner"}
{"level":30,"time":1773131427147,"pid":29428,"hostname":"DESKTOP-KPAMGTB","module":"binance","symbol":"XLMUSDT","interval":"5m","verdict":"WAIT","score":59,"price":0.1571,"msg":"scanner"}
{"level":30,"time":1773131427378,"pid":29428,"hostname":"DESKTOP-KPAMGTB","module":"binance","symbol":"APTUSDT","interval":"5m","verdict":"WAIT","score":44,"price":0.97,"msg":"scanner"}
{"level":30,"time":1773131427825,"pid":29428,"hostname":"DESKTOP-KPAMGTB","module":"binance","symbol":"NEARUSDT","interval":"5m","verdict":"WAIT","score":53,"price":1.284,"msg":"scanner"}
{"level":30,"time":1773131448687,"pid":29428,"hostname":"DESKTOP-KPAMGTB","module":"binance","symbol":"BTCUSDT","interval":"5m","verdict":"WAIT","score":50,"price":70872.56,"msg":"scanner"}
{"level":30,"time":1773131454324,"pid":29428,"hostname":"DESKTOP-KPAMGTB","module":"binance","symbol":"ETHUSDT","interval":"5m","verdict":"WAIT","score":53,"price":2062.79,"msg":"scanner"}
{"level":30,"time":1773131458779,"pid":29428,"hostname":"DESKTOP-KPAMGTB","module":"binance","symbol":"BNBUSDT","interval":"5m","verdict":"WAIT","score":63,"price":647.51,"msg":"scanner"}
{"level":30,"time":1773131463083,"pid":29428,"hostname":"DESKTOP-KPAMGTB","module":"binance","symbol":"SOLUSDT","interval":"5m","verdict":"WAIT","score":56,"price":87.13,"msg":"scanner"}
{"level":30,"time":1773131463182,"pid":29428,"hostname":"DESKTOP-KPAMGTB","module":"binance","symbol":"SOLUSDT","interval":"1h","verdict":"WAIT","score":63,"price":87.14,"msg":"scanner"}
{"level":30,"time":1773131466034,"pid":29428,"hostname":"DESKTOP-KPAMGTB","module":"binance","symbol":"XRPUSDT","interval":"5m","verdict":"WAIT","score":50,"price":1.3973,"msg":"scanner"}
{"level":30,"time":1773131466059,"pid":29428,"hostname":"DESKTOP-KPAMGTB","module":"binance","symbol":"XRPUSDT","interval":"1h","verdict":"BUY","score":66,"price":1.3973,"msg":"scanner"}
{"level":30,"time":1773131468632,"pid":29428,"hostname":"DESKTOP-KPAMGTB","module":"binance","symbol":"ETHUSDT","interval":"1h","verdict":"WAIT","score":63,"price":2064.73,"msg":"scanner"}
{"level":30,"time":1773131548335,"pid":29428,"hostname":"DESKTOP-KPAMGTB","module":"trailing-engine","symbol":"DOGEUSDT","oldSl":0.09,"newSl":"0.09","peak":0.09318,"msg":"SL pujat"}
{"level":30,"time":1773131608101,"pid":29428,"hostname":"DESKTOP-KPAMGTB","module":"trailing-engine","symbol":"DOGEUSDT","oldSl":0.09,"newSl":"0.09","peak":0.09327,"msg":"SL pujat"}
{"level":30,"time":1773131638776,"pid":29428,"hostname":"DESKTOP-KPAMGTB","module":"trailing-engine","symbol":"DOGEUSDT","oldSl":0.09,"newSl":"0.09","peak":0.09332,"msg":"SL pujat"}
{"level":30,"time":1773131667936,"pid":29428,"hostname":"DESKTOP-KPAMGTB","module":"trailing-engine","symbol":"ETHUSDT","oldSl":2001.94,"newSl":"2002.53","peak":2066.08,"msg":"SL pujat"}
{"level":30,"time":1773131668912,"pid":29428,"hostname":"DESKTOP-KPAMGTB","module":"trailing-engine","symbol":"DOGEUSDT","oldSl":0.09,"newSl":"0.09","peak":0.09337,"msg":"SL pujat"}
{"level":30,"time":1773131698574,"pid":29428,"hostname":"DESKTOP-KPAMGTB","module":"trailing-engine","symbol":"ETHUSDT","oldSl":2002.53,"newSl":"2003.06","peak":2066.61,"msg":"SL pujat"}
{"level":30,"time":1773131699551,"pid":29428,"hostname":"DESKTOP-KPAMGTB","module":"trailing-engine","symbol":"DOGEUSDT","oldSl":0.09,"newSl":"0.09","peak":0.09342,"msg":"SL pujat"}
{"level":30,"time":1773131727881,"pid":29428,"hostname":"DESKTOP-KPAMGTB","module":"trailing-engine","symbol":"ETHUSDT","oldSl":2003.06,"newSl":"2004.07","peak":2067.62,"msg":"SL pujat"}
{"level":30,"time":1773131758678,"pid":29428,"hostname":"DESKTOP-KPAMGTB","module":"trailing-engine","symbol":"ETHUSDT","oldSl":2004.07,"newSl":"2004.62","peak":2068.17,"msg":"SL pujat"}
{"level":30,"time":1773131863699,"pid":29428,"hostname":"DESKTOP-KPAMGTB","module":"binance","symbol":"ETHUSDT","interval":"5m","verdict":"WAIT","score":59,"price":2065.95,"msg":"scanner"}
{"level":30,"time":1773131863721,"pid":29428,"hostname":"DESKTOP-KPAMGTB","module":"binance","symbol":"BTCUSDT","interval":"5m","verdict":"WAIT","score":59,"price":70922.42,"msg":"scanner"}
{"level":30,"time":1773131863738,"pid":29428,"hostname":"DESKTOP-KPAMGTB","module":"binance","symbol":"BTCUSDT","interval":"1h","verdict":"BUY","score":66,"price":70922.42,"msg":"scanner"}
{"level":30,"time":1773131863808,"pid":29428,"hostname":"DESKTOP-KPAMGTB","module":"binance","symbol":"BTCUSDT","interval":"4h","verdict":"BUY","score":66,"price":70922.42,"msg":"scanner"}
{"level":30,"time":1773131864178,"pid":29428,"hostname":"DESKTOP-KPAMGTB","module":"binance","symbol":"ETHUSDT","interval":"1h","verdict":"WAIT","score":63,"price":2065.95,"msg":"scanner"}
{"level":30,"time":1773131864225,"pid":29428,"hostname":"DESKTOP-KPAMGTB","module":"binance","symbol":"BNBUSDT","interval":"5m","verdict":"WAIT","score":59,"price":647.66,"msg":"scanner"}
{"level":30,"time":1773131864316,"pid":29428,"hostname":"DESKTOP-KPAMGTB","module":"binance","symbol":"ETHUSDT","interval":"4h","verdict":"WAIT","score":56,"price":2065.95,"msg":"scanner"}
{"level":30,"time":1773131864402,"pid":29428,"hostname":"DESKTOP-KPAMGTB","module":"binance","symbol":"BNBUSDT","interval":"1h","verdict":"BUY","score":66,"price":647.65,"msg":"scanner"}
{"level":30,"time":1773131864816,"pid":29428,"hostname":"DESKTOP-KPAMGTB","module":"binance","symbol":"BNBUSDT","interval":"4h","verdict":"WAIT","score":56,"price":647.65,"msg":"scanner"}
{"level":30,"time":1773131864856,"pid":29428,"hostname":"DESKTOP-KPAMGTB","module":"binance","symbol":"SOLUSDT","interval":"5m","verdict":"WAIT","score":63,"price":86.85,"msg":"scanner"}
{"level":30,"time":1773131864920,"pid":29428,"hostname":"DESKTOP-KPAMGTB","module":"binance","symbol":"SOLUSDT","interval":"1h","verdict":"BUY","score":66,"price":86.85,"msg":"scanner"}
{"level":30,"time":1773131865018,"pid":29428,"hostname":"DESKTOP-KPAMGTB","module":"binance","symbol":"SOLUSDT","interval":"4h","verdict":"WAIT","score":56,"price":86.85,"msg":"scanner"}
{"level":30,"time":1773131865344,"pid":29428,"hostname":"DESKTOP-KPAMGTB","module":"binance","symbol":"XRPUSDT","interval":"5m","verdict":"BUY","score":66,"price":1.4031,"msg":"scanner"}
{"level":30,"time":1773131865398,"pid":29428,"hostname":"DESKTOP-KPAMGTB","module":"binance","symbol":"XRPUSDT","interval":"1h","verdict":"BUY","score":69,"price":1.4031,"msg":"scanner"}
{"level":30,"time":1773131865485,"pid":29428,"hostname":"DESKTOP-KPAMGTB","module":"binance","symbol":"XRPUSDT","interval":"4h","verdict":"WAIT","score":56,"price":1.4031,"msg":"scanner"}
{"level":30,"time":1773131865524,"pid":29428,"hostname":"DESKTOP-KPAMGTB","module":"binance","symbol":"DOGEUSDT","interval":"5m","verdict":"WAIT","score":53,"price":0.09326,"msg":"scanner"}
{"level":30,"time":1773131865968,"pid":29428,"hostname":"DESKTOP-KPAMGTB","module":"binance","symbol":"DOGEUSDT","interval":"1h","verdict":"BUY","score":69,"price":0.09326,"msg":"scanner"}
{"level":30,"time":1773131865982,"pid":29428,"hostname":"DESKTOP-KPAMGTB","module":"binance","symbol":"DOGEUSDT","interval":"4h","verdict":"WAIT","score":56,"price":0.09326,"msg":"scanner"}
{"level":30,"time":1773131866188,"pid":29428,"hostname":"DESKTOP-KPAMGTB","module":"binance","symbol":"ADAUSDT","interval":"5m","verdict":"WAIT","score":63,"price":0.2617,"msg":"scanner"}
{"level":30,"time":1773131866200,"pid":29428,"hostname":"DESKTOP-KPAMGTB","module":"binance","symbol":"ADAUSDT","interval":"1h","verdict":"WAIT","score":63,"price":0.2617,"msg":"scanner"}
{"level":30,"time":1773131866419,"pid":29428,"hostname":"DESKTOP-KPAMGTB","module":"binance","symbol":"ADAUSDT","interval":"4h","verdict":"WAIT","score":47,"price":0.2617,"msg":"scanner"}
{"level":30,"time":1773131866437,"pid":29428,"hostname":"DESKTOP-KPAMGTB","module":"binance","symbol":"AVAXUSDT","interval":"5m","verdict":"WAIT","score":59,"price":9.45,"msg":"scanner"}
{"level":30,"time":1773131866835,"pid":29428,"hostname":"DESKTOP-KPAMGTB","module":"binance","symbol":"AVAXUSDT","interval":"1h","verdict":"WAIT","score":59,"price":9.45,"msg":"scanner"}
{"level":30,"time":1773131866867,"pid":29428,"hostname":"DESKTOP-KPAMGTB","module":"binance","symbol":"AVAXUSDT","interval":"4h","verdict":"BUY","score":66,"price":9.45,"msg":"scanner"}
{"level":30,"time":1773131867047,"pid":29428,"hostname":"DESKTOP-KPAMGTB","module":"binance","symbol":"TRXUSDT","interval":"5m","verdict":"AVOID","score":31,"price":0.2856,"msg":"scanner"}
{"level":30,"time":1773131867058,"pid":29428,"hostname":"DESKTOP-KPAMGTB","module":"binance","symbol":"TRXUSDT","interval":"1h","verdict":"WAIT","score":44,"price":0.2856,"msg":"scanner"}
{"level":30,"time":1773131867353,"pid":29428,"hostname":"DESKTOP-KPAMGTB","module":"binance","symbol":"TRXUSDT","interval":"4h","verdict":"WAIT","score":47,"price":0.2856,"msg":"scanner"}
{"level":30,"time":1773131867526,"pid":29428,"hostname":"DESKTOP-KPAMGTB","module":"binance","symbol":"DOTUSDT","interval":"4h","verdict":"WAIT","score":63,"price":1.525,"msg":"scanner"}
{"level":30,"time":1773131867550,"pid":29428,"hostname":"DESKTOP-KPAMGTB","module":"binance","symbol":"DOTUSDT","interval":"1h","verdict":"BUY","score":72,"price":1.525,"msg":"scanner"}
{"level":30,"time":1773131867862,"pid":29428,"hostname":"DESKTOP-KPAMGTB","module":"binance","symbol":"DOTUSDT","interval":"5m","verdict":"BUY","score":69,"price":1.525,"msg":"scanner"}
{"level":30,"time":1773131867939,"pid":29428,"hostname":"DESKTOP-KPAMGTB","module":"binance","symbol":"LINKUSDT","interval":"5m","verdict":"WAIT","score":63,"price":9.12,"msg":"scanner"}
{"level":30,"time":1773131868034,"pid":29428,"hostname":"DESKTOP-KPAMGTB","module":"binance","symbol":"LINKUSDT","interval":"4h","verdict":"WAIT","score":63,"price":9.12,"msg":"scanner"}
{"level":30,"time":1773131868049,"pid":29428,"hostname":"DESKTOP-KPAMGTB","module":"binance","symbol":"LINKUSDT","interval":"1h","verdict":"BUY","score":66,"price":9.12,"msg":"scanner"}
{"level":30,"time":1773131868516,"pid":29428,"hostname":"DESKTOP-KPAMGTB","module":"binance","symbol":"MATICUSDT","interval":"5m","verdict":"WAIT","score":59,"price":0.3794,"msg":"scanner"}
{"level":30,"time":1773131868557,"pid":29428,"hostname":"DESKTOP-KPAMGTB","module":"binance","symbol":"MATICUSDT","interval":"1h","verdict":"WAIT","score":47,"price":0.3794,"msg":"scanner"}
{"level":30,"time":1773131868603,"pid":29428,"hostname":"DESKTOP-KPAMGTB","module":"binance","symbol":"MATICUSDT","interval":"4h","verdict":"WAIT","score":41,"price":0.3794,"msg":"scanner"}
{"level":30,"time":1773131868622,"pid":29428,"hostname":"DESKTOP-KPAMGTB","module":"binance","symbol":"LTCUSDT","interval":"5m","verdict":"BUY","score":66,"price":54.29,"msg":"scanner"}
{"level":30,"time":1773131869112,"pid":29428,"hostname":"DESKTOP-KPAMGTB","module":"binance","symbol":"SHIBUSDT","interval":"5m","verdict":"WAIT","score":56,"price":0.00000562,"msg":"scanner"}
{"level":30,"time":1773131869151,"pid":29428,"hostname":"DESKTOP-KPAMGTB","module":"binance","symbol":"SHIBUSDT","interval":"1h","verdict":"BUY","score":66,"price":0.00000562,"msg":"scanner"}
{"level":30,"time":1773131869200,"pid":29428,"hostname":"DESKTOP-KPAMGTB","module":"binance","symbol":"LTCUSDT","interval":"4h","verdict":"WAIT","score":56,"price":54.29,"msg":"scanner"}
{"level":30,"time":1773131869219,"pid":29428,"hostname":"DESKTOP-KPAMGTB","module":"binance","symbol":"LTCUSDT","interval":"1h","verdict":"BUY","score":66,"price":54.29,"msg":"scanner"}
{"level":30,"time":1773131869844,"pid":29428,"hostname":"DESKTOP-KPAMGTB","module":"binance","symbol":"SHIBUSDT","interval":"4h","verdict":"WAIT","score":59,"price":0.00000562,"msg":"scanner"}
{"level":30,"time":1773131869913,"pid":29428,"hostname":"DESKTOP-KPAMGTB","module":"binance","symbol":"UNIUSDT","interval":"5m","verdict":"WAIT","score":59,"price":3.971,"msg":"scanner"}
{"level":30,"time":1773131870024,"pid":29428,"hostname":"DESKTOP-KPAMGTB","module":"binance","symbol":"UNIUSDT","interval":"1h","verdict":"WAIT","score":59,"price":3.971,"msg":"scanner"}
{"level":30,"time":1773131870041,"pid":29428,"hostname":"DESKTOP-KPAMGTB","module":"binance","symbol":"UNIUSDT","interval":"4h","verdict":"WAIT","score":63,"price":3.971,"msg":"scanner"}
{"level":30,"time":1773131870387,"pid":29428,"hostname":"DESKTOP-KPAMGTB","module":"binance","symbol":"ATOMUSDT","interval":"5m","verdict":"WAIT","score":63,"price":1.774,"msg":"scanner"}
{"level":30,"time":1773131870468,"pid":29428,"hostname":"DESKTOP-KPAMGTB","module":"binance","symbol":"ATOMUSDT","interval":"1h","verdict":"BUY","score":66,"price":1.774,"msg":"scanner"}
{"level":30,"time":1773131870546,"pid":29428,"hostname":"DESKTOP-KPAMGTB","module":"binance","symbol":"ATOMUSDT","interval":"4h","verdict":"WAIT","score":53,"price":1.774,"msg":"scanner"}
{"level":30,"time":1773131870763,"pid":29428,"hostname":"DESKTOP-KPAMGTB","module":"binance","symbol":"ETCUSDT","interval":"5m","verdict":"BUY","score":66,"price":8.33,"msg":"scanner"}
{"level":30,"time":1773131871474,"pid":29428,"hostname":"DESKTOP-KPAMGTB","module":"binance","symbol":"ETCUSDT","interval":"1h","verdict":"WAIT","score":59,"price":8.33,"msg":"scanner"}
{"level":30,"time":1773131871668,"pid":29428,"hostname":"DESKTOP-KPAMGTB","module":"binance","symbol":"ETCUSDT","interval":"4h","verdict":"WAIT","score":47,"price":8.33,"msg":"scanner"}
{"level":30,"time":1773131871722,"pid":29428,"hostname":"DESKTOP-KPAMGTB","module":"binance","symbol":"XLMUSDT","interval":"5m","verdict":"BUY","score":66,"price":0.1578,"msg":"scanner"}
{"level":30,"time":1773131871739,"pid":29428,"hostname":"DESKTOP-KPAMGTB","module":"binance","symbol":"XLMUSDT","interval":"1h","verdict":"BUY","score":69,"price":0.1578,"msg":"scanner"}
{"level":30,"time":1773131872087,"pid":29428,"hostname":"DESKTOP-KPAMGTB","module":"binance","symbol":"XLMUSDT","interval":"4h","verdict":"WAIT","score":56,"price":0.1578,"msg":"scanner"}
{"level":30,"time":1773131872167,"pid":29428,"hostname":"DESKTOP-KPAMGTB","module":"binance","symbol":"APTUSDT","interval":"5m","verdict":"WAIT","score":56,"price":0.971,"msg":"scanner"}
{"level":30,"time":1773131872218,"pid":29428,"hostname":"DESKTOP-KPAMGTB","module":"binance","symbol":"APTUSDT","interval":"1h","verdict":"WAIT","score":63,"price":0.971,"msg":"scanner"}
{"level":30,"time":1773131872233,"pid":29428,"hostname":"DESKTOP-KPAMGTB","module":"binance","symbol":"APTUSDT","interval":"4h","verdict":"WAIT","score":50,"price":0.971,"msg":"scanner"}
{"level":30,"time":1773131872550,"pid":29428,"hostname":"DESKTOP-KPAMGTB","module":"binance","symbol":"NEARUSDT","interval":"5m","verdict":"WAIT","score":53,"price":1.284,"msg":"scanner"}
{"level":30,"time":1773131872605,"pid":29428,"hostname":"DESKTOP-KPAMGTB","module":"binance","symbol":"NEARUSDT","interval":"1h","verdict":"BUY","score":66,"price":1.284,"msg":"scanner"}
{"level":30,"time":1773131872659,"pid":29428,"hostname":"DESKTOP-KPAMGTB","module":"binance","symbol":"NEARUSDT","interval":"4h","verdict":"WAIT","score":63,"price":1.284,"msg":"scanner"}
{"level":30,"time":1773132058631,"pid":29428,"hostname":"DESKTOP-KPAMGTB","module":"trailing-engine","symbol":"ETHUSDT","oldSl":2004.62,"newSl":"2004.74","peak":2068.29,"msg":"SL pujat"}
{"level":30,"time":1773132059653,"pid":29428,"hostname":"DESKTOP-KPAMGTB","module":"trailing-engine","symbol":"DOGEUSDT","oldSl":0.09,"newSl":"0.09","peak":0.09347,"msg":"SL pujat"}
{"level":30,"time":1773132088418,"pid":29428,"hostname":"DESKTOP-KPAMGTB","module":"trailing-engine","symbol":"DOGEUSDT","oldSl":0.09,"newSl":"0.09","peak":0.09351,"msg":"SL pujat"}
{"level":30,"time":1773132118764,"pid":29428,"hostname":"DESKTOP-KPAMGTB","module":"trailing-engine","symbol":"ETHUSDT","oldSl":2004.74,"newSl":"2005.13","peak":2068.68,"msg":"SL pujat"}
{"level":30,"time":1773132119840,"pid":29428,"hostname":"DESKTOP-KPAMGTB","module":"trailing-engine","symbol":"DOGEUSDT","oldSl":0.09,"newSl":"0.09","peak":0.09368,"msg":"SL pujat"}
{"level":30,"time":1773132148952,"pid":29428,"hostname":"DESKTOP-KPAMGTB","module":"trailing-engine","symbol":"DOGEUSDT","oldSl":0.09,"newSl":"0.09","peak":0.09404,"msg":"SL pujat"}
{"level":30,"time":1773132178461,"pid":29428,"hostname":"DESKTOP-KPAMGTB","module":"trailing-engine","symbol":"ETHUSDT","oldSl":2005.13,"newSl":"2006.75","peak":2070.3,"msg":"SL pujat"}
{"level":30,"time":1773132179351,"pid":29428,"hostname":"DESKTOP-KPAMGTB","module":"trailing-engine","symbol":"DOGEUSDT","oldSl":0.09,"newSl":"0.09","peak":0.09407,"msg":"SL pujat"}
{"level":30,"time":1773133200912,"pid":29428,"hostname":"DESKTOP-KPAMGTB","module":"telegram","msg":"informe horari enviat"}
{"level":30,"time":1773133483975,"pid":29428,"hostname":"DESKTOP-KPAMGTB","module":"binance","symbol":"BTCUSDT","interval":"1h","verdict":"BUY","score":66,"price":70729.24,"msg":"scanner"}
{"level":30,"time":1773133483998,"pid":29428,"hostname":"DESKTOP-KPAMGTB","module":"binance","symbol":"ETHUSDT","interval":"1h","verdict":"WAIT","score":63,"price":2058.8,"msg":"scanner"}
{"level":30,"time":1773133484188,"pid":29428,"hostname":"DESKTOP-KPAMGTB","module":"binance","symbol":"BNBUSDT","interval":"1h","verdict":"WAIT","score":50,"price":645.9,"msg":"scanner"}
{"level":30,"time":1773133484210,"pid":29428,"hostname":"DESKTOP-KPAMGTB","module":"binance","symbol":"BTCUSDT","interval":"5m","verdict":"WAIT","score":53,"price":70729.25,"msg":"scanner"}
{"level":30,"time":1773133484260,"pid":29428,"hostname":"DESKTOP-KPAMGTB","module":"binance","symbol":"SOLUSDT","interval":"1h","verdict":"WAIT","score":56,"price":86.69,"msg":"scanner"}
{"level":30,"time":1773133484270,"pid":29428,"hostname":"DESKTOP-KPAMGTB","module":"binance","symbol":"XRPUSDT","interval":"1h","verdict":"BUY","score":66,"price":1.403,"msg":"scanner"}
{"level":30,"time":1773133484360,"pid":29428,"hostname":"DESKTOP-KPAMGTB","module":"binance","symbol":"BTCUSDT","interval":"4h","verdict":"BUY","score":66,"price":70729.25,"msg":"scanner"}
{"level":30,"time":1773134209397,"pid":29428,"hostname":"DESKTOP-KPAMGTB","module":"binance","symbol":"BTCUSDT","interval":"4h","verdict":"BUY","score":66,"price":70766.99,"msg":"scanner"}
{"level":30,"time":1773134209448,"pid":29428,"hostname":"DESKTOP-KPAMGTB","module":"binance","symbol":"BTCUSDT","interval":"5m","verdict":"WAIT","score":53,"price":70766.99,"msg":"scanner"}
{"level":30,"time":1773134209465,"pid":29428,"hostname":"DESKTOP-KPAMGTB","module":"binance","symbol":"ETHUSDT","interval":"5m","verdict":"WAIT","score":50,"price":2058.6,"msg":"scanner"}
{"level":30,"time":1773134209820,"pid":29428,"hostname":"DESKTOP-KPAMGTB","module":"binance","symbol":"BTCUSDT","interval":"1h","verdict":"BUY","score":66,"price":70766.99,"msg":"scanner"}
{"level":30,"time":1773134209932,"pid":29428,"hostname":"DESKTOP-KPAMGTB","module":"binance","symbol":"ETHUSDT","interval":"1h","verdict":"WAIT","score":63,"price":2058.54,"msg":"scanner"}
{"level":30,"time":1773134210148,"pid":29428,"hostname":"DESKTOP-KPAMGTB","module":"binance","symbol":"ETHUSDT","interval":"4h","verdict":"WAIT","score":56,"price":2058.54,"msg":"scanner"}
{"level":30,"time":1773134210171,"pid":29428,"hostname":"DESKTOP-KPAMGTB","module":"binance","symbol":"BNBUSDT","interval":"5m","verdict":"AVOID","score":34,"price":644.89,"msg":"scanner"}
{"level":30,"time":1773134210334,"pid":29428,"hostname":"DESKTOP-KPAMGTB","module":"binance","symbol":"BNBUSDT","interval":"1h","verdict":"WAIT","score":56,"price":644.89,"msg":"scanner"}
{"level":30,"time":1773134210458,"pid":29428,"hostname":"DESKTOP-KPAMGTB","module":"binance","symbol":"BNBUSDT","interval":"4h","verdict":"WAIT","score":56,"price":644.89,"msg":"scanner"}
{"level":30,"time":1773134210643,"pid":29428,"hostname":"DESKTOP-KPAMGTB","module":"binance","symbol":"SOLUSDT","interval":"5m","verdict":"WAIT","score":53,"price":86.76,"msg":"scanner"}
{"level":30,"time":1773134210661,"pid":29428,"hostname":"DESKTOP-KPAMGTB","module":"binance","symbol":"SOLUSDT","interval":"1h","verdict":"WAIT","score":56,"price":86.76,"msg":"scanner"}
{"level":30,"time":1773134210822,"pid":29428,"hostname":"DESKTOP-KPAMGTB","module":"binance","symbol":"SOLUSDT","interval":"4h","verdict":"WAIT","score":56,"price":86.76,"msg":"scanner"}
{"level":30,"time":1773134210908,"pid":29428,"hostname":"DESKTOP-KPAMGTB","module":"binance","symbol":"XRPUSDT","interval":"5m","verdict":"BUY","score":69,"price":1.405,"msg":"scanner"}
{"level":30,"time":1773134211057,"pid":29428,"hostname":"DESKTOP-KPAMGTB","module":"binance","symbol":"XRPUSDT","interval":"4h","verdict":"WAIT","score":56,"price":1.405,"msg":"scanner"}
{"level":30,"time":1773134211076,"pid":29428,"hostname":"DESKTOP-KPAMGTB","module":"binance","symbol":"XRPUSDT","interval":"1h","verdict":"BUY","score":66,"price":1.405,"msg":"scanner"}
{"level":30,"time":1773134211325,"pid":29428,"hostname":"DESKTOP-KPAMGTB","module":"binance","symbol":"DOGEUSDT","interval":"5m","verdict":"BUY","score":69,"price":0.09379,"msg":"scanner"}
{"level":30,"time":1773134211556,"pid":29428,"hostname":"DESKTOP-KPAMGTB","module":"binance","symbol":"DOGEUSDT","interval":"4h","verdict":"WAIT","score":56,"price":0.09379,"msg":"scanner"}
{"level":30,"time":1773134211610,"pid":29428,"hostname":"DESKTOP-KPAMGTB","module":"binance","symbol":"ADAUSDT","interval":"5m","verdict":"BUY","score":66,"price":0.2633,"msg":"scanner"}
{"level":30,"time":1773134211752,"pid":29428,"hostname":"DESKTOP-KPAMGTB","module":"binance","symbol":"ADAUSDT","interval":"1h","verdict":"WAIT","score":59,"price":0.2633,"msg":"scanner"}
{"level":30,"time":1773134211940,"pid":29428,"hostname":"DESKTOP-KPAMGTB","module":"binance","symbol":"DOGEUSDT","interval":"1h","verdict":"WAIT","score":63,"price":0.09378,"msg":"scanner"}
{"level":30,"time":1773134212073,"pid":29428,"hostname":"DESKTOP-KPAMGTB","module":"binance","symbol":"ADAUSDT","interval":"4h","verdict":"WAIT","score":50,"price":0.2633,"msg":"scanner"}
{"level":30,"time":1773134212112,"pid":29428,"hostname":"DESKTOP-KPAMGTB","module":"binance","symbol":"AVAXUSDT","interval":"5m","verdict":"BUY","score":69,"price":9.46,"msg":"scanner"}
{"level":30,"time":1773134212268,"pid":29428,"hostname":"DESKTOP-KPAMGTB","module":"binance","symbol":"AVAXUSDT","interval":"1h","verdict":"WAIT","score":63,"price":9.46,"msg":"scanner"}
{"level":30,"time":1773134212532,"pid":29428,"hostname":"DESKTOP-KPAMGTB","module":"binance","symbol":"AVAXUSDT","interval":"4h","verdict":"BUY","score":66,"price":9.46,"msg":"scanner"}
{"level":30,"time":1773134212640,"pid":29428,"hostname":"DESKTOP-KPAMGTB","module":"binance","symbol":"TRXUSDT","interval":"5m","verdict":"AVOID","score":34,"price":0.2853,"msg":"scanner"}
{"level":30,"time":1773134212661,"pid":29428,"hostname":"DESKTOP-KPAMGTB","module":"binance","symbol":"TRXUSDT","interval":"1h","verdict":"WAIT","score":44,"price":0.2854,"msg":"scanner"}
{"level":30,"time":1773134212878,"pid":29428,"hostname":"DESKTOP-KPAMGTB","module":"binance","symbol":"TRXUSDT","interval":"4h","verdict":"WAIT","score":47,"price":0.2854,"msg":"scanner"}
{"level":30,"time":1773134213053,"pid":29428,"hostname":"DESKTOP-KPAMGTB","module":"binance","symbol":"DOTUSDT","interval":"5m","verdict":"BUY","score":72,"price":1.527,"msg":"scanner"}
{"level":30,"time":1773134213174,"pid":29428,"hostname":"DESKTOP-KPAMGTB","module":"binance","symbol":"DOTUSDT","interval":"1h","verdict":"BUY","score":72,"price":1.527,"msg":"scanner"}
{"level":30,"time":1773134213262,"pid":29428,"hostname":"DESKTOP-KPAMGTB","module":"binance","symbol":"DOTUSDT","interval":"4h","verdict":"WAIT","score":63,"price":1.527,"msg":"scanner"}
{"level":30,"time":1773134213553,"pid":29428,"hostname":"DESKTOP-KPAMGTB","module":"binance","symbol":"LINKUSDT","interval":"1h","verdict":"BUY","score":69,"price":9.08,"msg":"scanner"}
{"level":30,"time":1773134213758,"pid":29428,"hostname":"DESKTOP-KPAMGTB","module":"binance","symbol":"LINKUSDT","interval":"4h","verdict":"WAIT","score":59,"price":9.08,"msg":"scanner"}
{"level":30,"time":1773134213982,"pid":29428,"hostname":"DESKTOP-KPAMGTB","module":"binance","symbol":"LINKUSDT","interval":"5m","verdict":"WAIT","score":53,"price":9.08,"msg":"scanner"}
{"level":30,"time":1773134214162,"pid":29428,"hostname":"DESKTOP-KPAMGTB","module":"binance","symbol":"MATICUSDT","interval":"5m","verdict":"WAIT","score":59,"price":0.3794,"msg":"scanner"}
{"level":30,"time":1773134214313,"pid":29428,"hostname":"DESKTOP-KPAMGTB","module":"binance","symbol":"MATICUSDT","interval":"1h","verdict":"WAIT","score":47,"price":0.3794,"msg":"scanner"}
{"level":30,"time":1773134214627,"pid":29428,"hostname":"DESKTOP-KPAMGTB","module":"binance","symbol":"MATICUSDT","interval":"4h","verdict":"WAIT","score":41,"price":0.3794,"msg":"scanner"}
{"level":30,"time":1773134214671,"pid":29428,"hostname":"DESKTOP-KPAMGTB","module":"binance","symbol":"LTCUSDT","interval":"5m","verdict":"BUY","score":69,"price":54.25,"msg":"scanner"}
{"level":30,"time":1773134214830,"pid":29428,"hostname":"DESKTOP-KPAMGTB","module":"binance","symbol":"LTCUSDT","interval":"1h","verdict":"BUY","score":66,"price":54.25,"msg":"scanner"}
{"level":30,"time":1773134214884,"pid":29428,"hostname":"DESKTOP-KPAMGTB","module":"binance","symbol":"LTCUSDT","interval":"4h","verdict":"WAIT","score":56,"price":54.25,"msg":"scanner"}
{"level":30,"time":1773134215059,"pid":29428,"hostname":"DESKTOP-KPAMGTB","module":"binance","symbol":"SHIBUSDT","interval":"5m","verdict":"WAIT","score":53,"price":0.00000565,"msg":"scanner"}
{"level":30,"time":1773134215320,"pid":29428,"hostname":"DESKTOP-KPAMGTB","module":"binance","symbol":"SHIBUSDT","interval":"1h","verdict":"BUY","score":69,"price":0.00000565,"msg":"scanner"}
{"level":30,"time":1773134215560,"pid":29428,"hostname":"DESKTOP-KPAMGTB","module":"binance","symbol":"SHIBUSDT","interval":"4h","verdict":"WAIT","score":59,"price":0.00000565,"msg":"scanner"}
{"level":30,"time":1773134215935,"pid":29428,"hostname":"DESKTOP-KPAMGTB","module":"binance","symbol":"UNIUSDT","interval":"5m","verdict":"BUY","score":66,"price":3.97,"msg":"scanner"}
{"level":30,"time":1773134215998,"pid":29428,"hostname":"DESKTOP-KPAMGTB","module":"binance","symbol":"UNIUSDT","interval":"1h","verdict":"WAIT","score":59,"price":3.97,"msg":"scanner"}
{"level":30,"time":1773134216097,"pid":29428,"hostname":"DESKTOP-KPAMGTB","module":"binance","symbol":"UNIUSDT","interval":"4h","verdict":"WAIT","score":63,"price":3.97,"msg":"scanner"}
{"level":30,"time":1773134216144,"pid":29428,"hostname":"DESKTOP-KPAMGTB","module":"binance","symbol":"ATOMUSDT","interval":"5m","verdict":"WAIT","score":53,"price":1.778,"msg":"scanner"}
{"level":30,"time":1773134216622,"pid":29428,"hostname":"DESKTOP-KPAMGTB","module":"binance","symbol":"ATOMUSDT","interval":"4h","verdict":"WAIT","score":53,"price":1.778,"msg":"scanner"}
{"level":30,"time":1773134216753,"pid":29428,"hostname":"DESKTOP-KPAMGTB","module":"binance","symbol":"ETCUSDT","interval":"1h","verdict":"WAIT","score":59,"price":8.34,"msg":"scanner"}
{"level":30,"time":1773134216762,"pid":29428,"hostname":"DESKTOP-KPAMGTB","module":"binance","symbol":"ETCUSDT","interval":"5m","verdict":"BUY","score":66,"price":8.34,"msg":"scanner"}
{"level":30,"time":1773134216823,"pid":29428,"hostname":"DESKTOP-KPAMGTB","module":"binance","symbol":"ATOMUSDT","interval":"1h","verdict":"WAIT","score":63,"price":1.778,"msg":"scanner"}
{"level":30,"time":1773134217054,"pid":29428,"hostname":"DESKTOP-KPAMGTB","module":"binance","symbol":"ETCUSDT","interval":"4h","verdict":"WAIT","score":47,"price":8.34,"msg":"scanner"}
{"level":30,"time":1773134217178,"pid":29428,"hostname":"DESKTOP-KPAMGTB","module":"binance","symbol":"XLMUSDT","interval":"5m","verdict":"BUY","score":66,"price":0.1597,"msg":"scanner"}
{"level":30,"time":1773134217228,"pid":29428,"hostname":"DESKTOP-KPAMGTB","module":"binance","symbol":"XLMUSDT","interval":"1h","verdict":"BUY","score":66,"price":0.1597,"msg":"scanner"}
{"level":30,"time":1773134217560,"pid":29428,"hostname":"DESKTOP-KPAMGTB","module":"binance","symbol":"APTUSDT","interval":"5m","verdict":"WAIT","score":59,"price":0.976,"msg":"scanner"}
{"level":30,"time":1773134217594,"pid":29428,"hostname":"DESKTOP-KPAMGTB","module":"binance","symbol":"APTUSDT","interval":"1h","verdict":"BUY","score":69,"price":0.976,"msg":"scanner"}
{"level":30,"time":1773134217693,"pid":29428,"hostname":"DESKTOP-KPAMGTB","module":"binance","symbol":"APTUSDT","interval":"4h","verdict":"WAIT","score":59,"price":0.976,"msg":"scanner"}
{"level":30,"time":1773134217764,"pid":29428,"hostname":"DESKTOP-KPAMGTB","module":"binance","symbol":"XLMUSDT","interval":"4h","verdict":"WAIT","score":56,"price":0.1597,"msg":"scanner"}
{"level":30,"time":1773134218038,"pid":29428,"hostname":"DESKTOP-KPAMGTB","module":"binance","symbol":"NEARUSDT","interval":"5m","verdict":"WAIT","score":63,"price":1.303,"msg":"scanner"}
{"level":30,"time":1773134218063,"pid":29428,"hostname":"DESKTOP-KPAMGTB","module":"binance","symbol":"NEARUSDT","interval":"1h","verdict":"BUY","score":66,"price":1.303,"msg":"scanner"}
{"level":30,"time":1773134218147,"pid":29428,"hostname":"DESKTOP-KPAMGTB","module":"binance","symbol":"NEARUSDT","interval":"4h","verdict":"WAIT","score":59,"price":1.303,"msg":"scanner"}
{"level":30,"time":1773134254938,"pid":29428,"hostname":"DESKTOP-KPAMGTB","module":"binance","symbol":"BTCUSDT","interval":"5m","verdict":"WAIT","score":59,"price":70807.91,"msg":"scanner"}
{"level":30,"time":1773134258564,"pid":29428,"hostname":"DESKTOP-KPAMGTB","module":"binance","symbol":"BNBUSDT","interval":"5m","verdict":"AVOID","score":34,"price":644.93,"msg":"scanner"}
{"level":30,"time":1773134339299,"pid":29428,"hostname":"DESKTOP-KPAMGTB","module":"trailing-engine","symbol":"DOGEUSDT","oldSl":0.09,"newSl":"0.09","peak":0.09421,"msg":"SL pujat"}
{"level":30,"time":1773134347826,"pid":29428,"hostname":"DESKTOP-KPAMGTB","module":"binance","symbol":"XRPUSDT","interval":"1h","verdict":"BUY","score":66,"price":1.4082,"msg":"scanner"}
{"level":30,"time":1773134347838,"pid":29428,"hostname":"DESKTOP-KPAMGTB","module":"binance","symbol":"SOLUSDT","interval":"1h","verdict":"BUY","score":66,"price":86.92,"msg":"scanner"}
{"level":30,"time":1773134347845,"pid":29428,"hostname":"DESKTOP-KPAMGTB","module":"binance","symbol":"BTCUSDT","interval":"5m","verdict":"WAIT","score":63,"price":70857.76,"msg":"scanner"}
{"level":30,"time":1773134347853,"pid":29428,"hostname":"DESKTOP-KPAMGTB","module":"binance","symbol":"BNBUSDT","interval":"1h","verdict":"WAIT","score":56,"price":645.2,"msg":"scanner"}
{"level":30,"time":1773134347863,"pid":29428,"hostname":"DESKTOP-KPAMGTB","module":"binance","symbol":"BTCUSDT","interval":"1h","verdict":"BUY","score":66,"price":70857.76,"msg":"scanner"}
{"level":30,"time":1773134347889,"pid":29428,"hostname":"DESKTOP-KPAMGTB","module":"binance","symbol":"ETHUSDT","interval":"1h","verdict":"WAIT","score":63,"price":2060.76,"msg":"scanner"}
{"level":30,"time":1773134347993,"pid":29428,"hostname":"DESKTOP-KPAMGTB","module":"binance","symbol":"ETHUSDT","interval":"1h","verdict":"WAIT","score":63,"price":2060.76,"msg":"scanner"}
{"level":30,"time":1773134348053,"pid":29428,"hostname":"DESKTOP-KPAMGTB","module":"binance","symbol":"SOLUSDT","interval":"1h","verdict":"BUY","score":66,"price":86.92,"msg":"scanner"}
{"level":30,"time":1773134348075,"pid":29428,"hostname":"DESKTOP-KPAMGTB","module":"binance","symbol":"BTCUSDT","interval":"5m","verdict":"WAIT","score":63,"price":70857.76,"msg":"scanner"}
{"level":30,"time":1773134348083,"pid":29428,"hostname":"DESKTOP-KPAMGTB","module":"binance","symbol":"BNBUSDT","interval":"1h","verdict":"WAIT","score":56,"price":645.2,"msg":"scanner"}
{"level":30,"time":1773134348171,"pid":29428,"hostname":"DESKTOP-KPAMGTB","module":"binance","symbol":"XRPUSDT","interval":"1h","verdict":"BUY","score":66,"price":1.4082,"msg":"scanner"}
{"level":30,"time":1773134353184,"pid":29428,"hostname":"DESKTOP-KPAMGTB","module":"binance","symbol":"BTCUSDT","interval":"1h","verdict":"BUY","score":66,"price":70857.75,"msg":"scanner"}
{"level":30,"time":1773134447724,"pid":29428,"hostname":"DESKTOP-KPAMGTB","module":"binance","symbol":"ETHUSDT","interval":"5m","verdict":"WAIT","score":50,"price":2059.45,"msg":"scanner"}
{"level":30,"time":1773134449845,"pid":29428,"hostname":"DESKTOP-KPAMGTB","module":"binance","symbol":"BTCUSDT","interval":"5m","verdict":"WAIT","score":59,"price":70838.73,"msg":"scanner"}
{"level":30,"time":1773134451810,"pid":29428,"hostname":"DESKTOP-KPAMGTB","module":"binance","symbol":"BNBUSDT","interval":"5m","verdict":"AVOID","score":34,"price":644.93,"msg":"scanner"}
{"level":30,"time":1773134453800,"pid":29428,"hostname":"DESKTOP-KPAMGTB","module":"binance","symbol":"SOLUSDT","interval":"5m","verdict":"WAIT","score":59,"price":86.81,"msg":"scanner"}
{"level":30,"time":1773134455664,"pid":29428,"hostname":"DESKTOP-KPAMGTB","module":"binance","symbol":"XRPUSDT","interval":"5m","verdict":"BUY","score":66,"price":1.4063,"msg":"scanner"}
{"level":30,"time":1773134482869,"pid":29428,"hostname":"DESKTOP-KPAMGTB","module":"binance","symbol":"BTCUSDT","interval":"1h","verdict":"BUY","score":66,"price":70855.49,"msg":"scanner"}
{"level":30,"time":1773134482882,"pid":29428,"hostname":"DESKTOP-KPAMGTB","module":"binance","symbol":"BTCUSDT","interval":"5m","verdict":"WAIT","score":63,"price":70855.49,"msg":"scanner"}
{"level":30,"time":1773134491772,"pid":29428,"hostname":"DESKTOP-KPAMGTB","module":"binance","symbol":"ETHUSDT","interval":"1h","verdict":"WAIT","score":63,"price":2059.56,"msg":"scanner"}
{"level":30,"time":1773134491787,"pid":29428,"hostname":"DESKTOP-KPAMGTB","module":"binance","symbol":"ETHUSDT","interval":"5m","verdict":"WAIT","score":50,"price":2059.56,"msg":"scanner"}
{"level":30,"time":1773134699133,"pid":29428,"hostname":"DESKTOP-KPAMGTB","module":"trailing-engine","symbol":"ETHUSDT","oldSl":2006.75,"newSl":"2007.07","peak":2070.62,"msg":"SL pujat"}
{"level":30,"time":1773134700033,"pid":29428,"hostname":"DESKTOP-KPAMGTB","module":"trailing-engine","symbol":"DOGEUSDT","oldSl":0.09,"newSl":"0.09","peak":0.09457,"msg":"SL pujat"}
{"level":30,"time":1773134726103,"pid":29428,"hostname":"DESKTOP-KPAMGTB","module":"binance","symbol":"ETHUSDT","interval":"1h","verdict":"WAIT","score":63,"price":2067.41,"msg":"scanner"}
{"level":30,"time":1773134726149,"pid":29428,"hostname":"DESKTOP-KPAMGTB","module":"binance","symbol":"BNBUSDT","interval":"1h","verdict":"WAIT","score":53,"price":646.23,"msg":"scanner"}
{"level":30,"time":1773134726164,"pid":29428,"hostname":"DESKTOP-KPAMGTB","module":"binance","symbol":"SOLUSDT","interval":"1h","verdict":"WAIT","score":63,"price":87.25,"msg":"scanner"}
{"level":30,"time":1773134726172,"pid":29428,"hostname":"DESKTOP-KPAMGTB","module":"binance","symbol":"XRPUSDT","interval":"1h","verdict":"BUY","score":66,"price":1.4132,"msg":"scanner"}
{"level":30,"time":1773134726197,"pid":29428,"hostname":"DESKTOP-KPAMGTB","module":"binance","symbol":"BTCUSDT","interval":"4h","verdict":"BUY","score":66,"price":71086,"msg":"scanner"}
{"level":30,"time":1773134726218,"pid":29428,"hostname":"DESKTOP-KPAMGTB","module":"binance","symbol":"BTCUSDT","interval":"5m","verdict":"BUY","score":69,"price":71086,"msg":"scanner"}
{"level":30,"time":1773134726460,"pid":29428,"hostname":"DESKTOP-KPAMGTB","module":"binance","symbol":"BTCUSDT","interval":"1h","verdict":"BUY","score":66,"price":71085.23,"msg":"scanner"}
{"level":30,"time":1773134815548,"pid":29428,"hostname":"DESKTOP-KPAMGTB","module":"binance","symbol":"BTCUSDT","interval":"5m","verdict":"BUY","score":69,"price":71089.78,"msg":"scanner"}
{"level":30,"time":1773134968784,"pid":29428,"hostname":"DESKTOP-KPAMGTB","module":"trailing-engine","symbol":"DOGEUSDT","oldSl":0.09,"newSl":"0.09","peak":0.0947,"msg":"SL pujat"}
{"level":30,"time":1773134999927,"pid":29428,"hostname":"DESKTOP-KPAMGTB","module":"trailing-engine","symbol":"DOGEUSDT","oldSl":0.09,"newSl":"0.09","peak":0.09475,"msg":"SL pujat"}
{"level":30,"time":1773135029585,"pid":29428,"hostname":"DESKTOP-KPAMGTB","module":"trailing-engine","symbol":"DOGEUSDT","oldSl":0.09,"newSl":"0.09","peak":0.09484,"msg":"SL pujat"}
{"level":30,"time":1773135304710,"pid":29428,"hostname":"DESKTOP-KPAMGTB","module":"binance","symbol":"ETHUSDT","interval":"4h","verdict":"WAIT","score":56,"price":2067.21,"msg":"scanner"}
{"level":30,"time":1773135304736,"pid":29428,"hostname":"DESKTOP-KPAMGTB","module":"binance","symbol":"ETHUSDT","interval":"1h","verdict":"WAIT","score":63,"price":2067.21,"msg":"scanner"}
{"level":30,"time":1773135304753,"pid":29428,"hostname":"DESKTOP-KPAMGTB","module":"binance","symbol":"ETHUSDT","interval":"5m","verdict":"WAIT","score":56,"price":2067.21,"msg":"scanner"}
{"level":30,"time":1773135308180,"pid":29428,"hostname":"DESKTOP-KPAMGTB","module":"binance","symbol":"BTCUSDT","interval":"5m","verdict":"WAIT","score":63,"price":71165.42,"msg":"scanner"}
{"level":30,"time":1773135308268,"pid":29428,"hostname":"DESKTOP-KPAMGTB","module":"binance","symbol":"BTCUSDT","interval":"1h","verdict":"BUY","score":66,"price":71165.42,"msg":"scanner"}
{"level":30,"time":1773135308289,"pid":29428,"hostname":"DESKTOP-KPAMGTB","module":"binance","symbol":"BTCUSDT","interval":"4h","verdict":"BUY","score":66,"price":71165.42,"msg":"scanner"}
{"level":30,"time":1773135313467,"pid":29428,"hostname":"DESKTOP-KPAMGTB","module":"binance","symbol":"BNBUSDT","interval":"4h","verdict":"WAIT","score":56,"price":646.96,"msg":"scanner"}
{"level":30,"time":1773135313574,"pid":29428,"hostname":"DESKTOP-KPAMGTB","module":"binance","symbol":"BNBUSDT","interval":"5m","verdict":"BUY","score":66,"price":646.96,"msg":"scanner"}
{"level":30,"time":1773135313589,"pid":29428,"hostname":"DESKTOP-KPAMGTB","module":"binance","symbol":"BNBUSDT","interval":"1h","verdict":"BUY","score":66,"price":646.96,"msg":"scanner"}
{"level":30,"time":1773135318469,"pid":29428,"hostname":"DESKTOP-KPAMGTB","module":"binance","symbol":"SOLUSDT","interval":"1h","verdict":"WAIT","score":63,"price":87.21,"msg":"scanner"}
{"level":30,"time":1773135318493,"pid":29428,"hostname":"DESKTOP-KPAMGTB","module":"binance","symbol":"SOLUSDT","interval":"4h","verdict":"WAIT","score":56,"price":87.21,"msg":"scanner"}
{"level":30,"time":1773135318505,"pid":29428,"hostname":"DESKTOP-KPAMGTB","module":"binance","symbol":"SOLUSDT","interval":"5m","verdict":"BUY","score":66,"price":87.21,"msg":"scanner"}
{"level":30,"time":1773135322334,"pid":29428,"hostname":"DESKTOP-KPAMGTB","module":"binance","symbol":"XRPUSDT","interval":"4h","verdict":"WAIT","score":56,"price":1.4159,"msg":"scanner"}
{"level":30,"time":1773135322352,"pid":29428,"hostname":"DESKTOP-KPAMGTB","module":"binance","symbol":"XRPUSDT","interval":"1h","verdict":"BUY","score":66,"price":1.4159,"msg":"scanner"}
{"level":30,"time":1773135322383,"pid":29428,"hostname":"DESKTOP-KPAMGTB","module":"binance","symbol":"XRPUSDT","interval":"5m","verdict":"WAIT","score":59,"price":1.4159,"msg":"scanner"}
{"level":30,"time":1773135359337,"pid":29428,"hostname":"DESKTOP-KPAMGTB","module":"trailing-engine","symbol":"DOGEUSDT","oldSl":0.09,"newSl":"0.09","peak":0.09493,"msg":"SL pujat"}
{"level":30,"time":1773135388891,"pid":29428,"hostname":"DESKTOP-KPAMGTB","module":"trailing-engine","symbol":"DOGEUSDT","oldSl":0.09,"newSl":"0.09","peak":0.09533,"msg":"SL pujat"}
{"level":30,"time":1773135413388,"pid":29428,"hostname":"DESKTOP-KPAMGTB","module":"binance","symbol":"ETHUSDT","interval":"5m","verdict":"WAIT","score":56,"price":2067.21,"msg":"scanner"}
{"level":30,"time":1773135414634,"pid":29428,"hostname":"DESKTOP-KPAMGTB","module":"binance","symbol":"BNBUSDT","interval":"5m","verdict":"BUY","score":72,"price":647.69,"msg":"scanner"}
{"level":30,"time":1773135415750,"pid":29428,"hostname":"DESKTOP-KPAMGTB","module":"binance","symbol":"SOLUSDT","interval":"5m","verdict":"BUY","score":66,"price":87.24,"msg":"scanner"}
{"level":30,"time":1773135417036,"pid":29428,"hostname":"DESKTOP-KPAMGTB","module":"binance","symbol":"XRPUSDT","interval":"5m","verdict":"WAIT","score":63,"price":1.4171,"msg":"scanner"}
{"level":30,"time":1773135419237,"pid":29428,"hostname":"DESKTOP-KPAMGTB","module":"binance","symbol":"BTCUSDT","interval":"5m","verdict":"WAIT","score":56,"price":71099.86,"msg":"scanner"}
{"level":30,"time":1773135471285,"pid":29428,"hostname":"DESKTOP-KPAMGTB","module":"binance","assets":18,"msg":"balance"}
{"level":30,"time":1773135474630,"pid":29428,"hostname":"DESKTOP-KPAMGTB","module":"binance","symbol":"ETHUSDT","interval":"1h","verdict":"WAIT","score":63,"price":2067.67,"msg":"scanner"}
{"level":30,"time":1773135474640,"pid":29428,"hostname":"DESKTOP-KPAMGTB","module":"binance","symbol":"XRPUSDT","interval":"1h","verdict":"BUY","score":66,"price":1.4171,"msg":"scanner"}
{"level":30,"time":1773135474654,"pid":29428,"hostname":"DESKTOP-KPAMGTB","module":"binance","symbol":"BNBUSDT","interval":"1h","verdict":"BUY","score":66,"price":647.62,"msg":"scanner"}
{"level":30,"time":1773135474661,"pid":29428,"hostname":"DESKTOP-KPAMGTB","module":"binance","symbol":"BTCUSDT","interval":"1h","verdict":"BUY","score":66,"price":71103.24,"msg":"scanner"}
{"level":30,"time":1773135474669,"pid":29428,"hostname":"DESKTOP-KPAMGTB","module":"binance","symbol":"SOLUSDT","interval":"1h","verdict":"WAIT","score":63,"price":87.35,"msg":"scanner"}
{"level":30,"time":1773135474675,"pid":29428,"hostname":"DESKTOP-KPAMGTB","module":"binance","symbol":"BTCUSDT","interval":"5m","verdict":"WAIT","score":56,"price":71103.24,"msg":"scanner"}
{"level":30,"time":1773135474853,"pid":29428,"hostname":"DESKTOP-KPAMGTB","module":"binance","symbol":"BNBUSDT","interval":"1h","verdict":"BUY","score":66,"price":647.62,"msg":"scanner"}
{"level":30,"time":1773135474901,"pid":29428,"hostname":"DESKTOP-KPAMGTB","module":"binance","symbol":"XRPUSDT","interval":"1h","verdict":"BUY","score":66,"price":1.4171,"msg":"scanner"}
{"level":30,"time":1773135474915,"pid":29428,"hostname":"DESKTOP-KPAMGTB","module":"binance","symbol":"SOLUSDT","interval":"1h","verdict":"WAIT","score":63,"price":87.37,"msg":"scanner"}
{"level":30,"time":1773135474933,"pid":29428,"hostname":"DESKTOP-KPAMGTB","module":"binance","symbol":"BTCUSDT","interval":"5m","verdict":"WAIT","score":56,"price":71112.38,"msg":"scanner"}
{"level":30,"time":1773135475073,"pid":29428,"hostname":"DESKTOP-KPAMGTB","module":"binance","symbol":"ETHUSDT","interval":"1h","verdict":"WAIT","score":63,"price":2067.67,"msg":"scanner"}
{"level":30,"time":1773135509830,"pid":29428,"hostname":"DESKTOP-KPAMGTB","module":"trailing-engine","symbol":"DOGEUSDT","oldSl":0.09,"newSl":"0.09","peak":0.09542,"msg":"SL pujat"}
{"level":30,"time":1773135570278,"pid":29428,"hostname":"DESKTOP-KPAMGTB","module":"trailing-engine","symbol":"DOGEUSDT","oldSl":0.09,"newSl":"0.09","peak":0.09547,"msg":"SL pujat"}
{"level":30,"time":1773135599039,"pid":29428,"hostname":"DESKTOP-KPAMGTB","module":"trailing-engine","symbol":"DOGEUSDT","oldSl":0.09,"newSl":"0.09","peak":0.09551,"msg":"SL pujat"}
{"level":30,"time":1773135600807,"pid":29428,"hostname":"DESKTOP-KPAMGTB","module":"binance","assets":18,"msg":"balance"}
{"level":30,"time":1773135613859,"pid":29428,"hostname":"DESKTOP-KPAMGTB","module":"binance","symbol":"ETHUSDT","interval":"1h","verdict":"WAIT","score":63,"price":2069.62,"msg":"scanner"}
{"level":30,"time":1773135613878,"pid":29428,"hostname":"DESKTOP-KPAMGTB","module":"binance","symbol":"BTCUSDT","interval":"1h","verdict":"BUY","score":66,"price":71160.53,"msg":"scanner"}
{"level":30,"time":1773135613897,"pid":29428,"hostname":"DESKTOP-KPAMGTB","module":"binance","symbol":"BNBUSDT","interval":"1h","verdict":"BUY","score":69,"price":648.07,"msg":"scanner"}
{"level":30,"time":1773135613905,"pid":29428,"hostname":"DESKTOP-KPAMGTB","module":"binance","symbol":"BTCUSDT","interval":"5m","verdict":"WAIT","score":56,"price":71160.53,"msg":"scanner"}
{"level":30,"time":1773135613912,"pid":29428,"hostname":"DESKTOP-KPAMGTB","module":"binance","symbol":"XRPUSDT","interval":"1h","verdict":"BUY","score":66,"price":1.4182,"msg":"scanner"}
{"level":30,"time":1773135613940,"pid":29428,"hostname":"DESKTOP-KPAMGTB","module":"binance","symbol":"SOLUSDT","interval":"1h","verdict":"WAIT","score":63,"price":87.36,"msg":"scanner"}
{"level":30,"time":1773135614006,"pid":29428,"hostname":"DESKTOP-KPAMGTB","module":"binance","symbol":"ETHUSDT","interval":"1h","verdict":"WAIT","score":63,"price":2069.62,"msg":"scanner"}
{"level":30,"time":1773135614061,"pid":29428,"hostname":"DESKTOP-KPAMGTB","module":"binance","symbol":"BNBUSDT","interval":"1h","verdict":"BUY","score":69,"price":648.06,"msg":"scanner"}
{"level":30,"time":1773135614087,"pid":29428,"hostname":"DESKTOP-KPAMGTB","module":"binance","symbol":"XRPUSDT","interval":"1h","verdict":"BUY","score":66,"price":1.4182,"msg":"scanner"}
{"level":30,"time":1773135614138,"pid":29428,"hostname":"DESKTOP-KPAMGTB","module":"binance","symbol":"SOLUSDT","interval":"1h","verdict":"WAIT","score":63,"price":87.35,"msg":"scanner"}
{"level":30,"time":1773135614170,"pid":29428,"hostname":"DESKTOP-KPAMGTB","module":"binance","symbol":"BTCUSDT","interval":"1h","verdict":"BUY","score":66,"price":71160.54,"msg":"scanner"}
{"level":30,"time":1773135614303,"pid":29428,"hostname":"DESKTOP-KPAMGTB","module":"binance","symbol":"BTCUSDT","interval":"5m","verdict":"WAIT","score":56,"price":71160.54,"msg":"scanner"}
{"level":30,"time":1773135614372,"pid":29428,"hostname":"DESKTOP-KPAMGTB","module":"binance","symbol":"BTCUSDT","interval":"4h","verdict":"BUY","score":66,"price":71160.54,"msg":"scanner"}
{"level":30,"time":1773135628958,"pid":29428,"hostname":"DESKTOP-KPAMGTB","module":"trailing-engine","symbol":"ETHUSDT","oldSl":2007.07,"newSl":"2007.19","peak":2070.74,"msg":"SL pujat"}
{"level":30,"time":1773135853496,"pid":29428,"hostname":"DESKTOP-KPAMGTB","module":"binance","assets":18,"msg":"balance"}
{"level":30,"time":1773135865057,"pid":29428,"hostname":"DESKTOP-KPAMGTB","module":"binance","symbol":"SOLUSDT","interval":"1h","verdict":"WAIT","score":63,"price":87.26,"msg":"scanner"}
{"level":30,"time":1773135865065,"pid":29428,"hostname":"DESKTOP-KPAMGTB","module":"binance","symbol":"BNBUSDT","interval":"1h","verdict":"BUY","score":69,"price":647.49,"msg":"scanner"}
{"level":30,"time":1773135865077,"pid":29428,"hostname":"DESKTOP-KPAMGTB","module":"binance","symbol":"BTCUSDT","interval":"5m","verdict":"WAIT","score":63,"price":71085.47,"msg":"scanner"}
{"level":30,"time":1773135865087,"pid":29428,"hostname":"DESKTOP-KPAMGTB","module":"binance","symbol":"ETHUSDT","interval":"1h","verdict":"WAIT","score":63,"price":2068.69,"msg":"scanner"}
{"level":30,"time":1773135865093,"pid":29428,"hostname":"DESKTOP-KPAMGTB","module":"binance","symbol":"BTCUSDT","interval":"1h","verdict":"BUY","score":66,"price":71085.47,"msg":"scanner"}
{"level":30,"time":1773135865106,"pid":29428,"hostname":"DESKTOP-KPAMGTB","module":"binance","symbol":"XRPUSDT","interval":"1h","verdict":"BUY","score":66,"price":1.4177,"msg":"scanner"}
{"level":30,"time":1773135865235,"pid":29428,"hostname":"DESKTOP-KPAMGTB","module":"binance","symbol":"BTCUSDT","interval":"5m","verdict":"WAIT","score":63,"price":71085.47,"msg":"scanner"}
{"level":30,"time":1773135865289,"pid":29428,"hostname":"DESKTOP-KPAMGTB","module":"binance","symbol":"ETHUSDT","interval":"1h","verdict":"WAIT","score":63,"price":2068.69,"msg":"scanner"}
{"level":30,"time":1773135865429,"pid":29428,"hostname":"DESKTOP-KPAMGTB","module":"binance","symbol":"BNBUSDT","interval":"1h","verdict":"BUY","score":69,"price":647.49,"msg":"scanner"}
{"level":30,"time":1773135865555,"pid":29428,"hostname":"DESKTOP-KPAMGTB","module":"binance","symbol":"XRPUSDT","interval":"1h","verdict":"BUY","score":66,"price":1.4178,"msg":"scanner"}
{"level":30,"time":1773135865566,"pid":29428,"hostname":"DESKTOP-KPAMGTB","module":"binance","symbol":"SOLUSDT","interval":"1h","verdict":"WAIT","score":63,"price":87.25,"msg":"scanner"}
{"level":30,"time":1773135979650,"pid":29428,"hostname":"DESKTOP-KPAMGTB","module":"binance","assets":18,"msg":"balance"}
{"level":30,"time":1773135987102,"pid":29428,"hostname":"DESKTOP-KPAMGTB","module":"binance","symbol":"ETHUSDT","interval":"1h","verdict":"WAIT","score":63,"price":2066.13,"msg":"scanner"}
{"level":30,"time":1773135987115,"pid":29428,"hostname":"DESKTOP-KPAMGTB","module":"binance","symbol":"BTCUSDT","interval":"1h","verdict":"BUY","score":66,"price":71008.59,"msg":"scanner"}
{"level":30,"time":1773135987131,"pid":29428,"hostname":"DESKTOP-KPAMGTB","module":"binance","symbol":"BNBUSDT","interval":"1h","verdict":"BUY","score":69,"price":647.23,"msg":"scanner"}
{"level":30,"time":1773135987160,"pid":29428,"hostname":"DESKTOP-KPAMGTB","module":"binance","symbol":"SOLUSDT","interval":"1h","verdict":"WAIT","score":63,"price":87.18,"msg":"scanner"}
{"level":30,"time":1773135987166,"pid":29428,"hostname":"DESKTOP-KPAMGTB","module":"binance","symbol":"XRPUSDT","interval":"1h","verdict":"BUY","score":66,"price":1.4157,"msg":"scanner"}
{"level":30,"time":1773135987175,"pid":29428,"hostname":"DESKTOP-KPAMGTB","module":"binance","symbol":"BTCUSDT","interval":"5m","verdict":"WAIT","score":53,"price":71008.59,"msg":"scanner"}
{"level":30,"time":1773135987597,"pid":29428,"hostname":"DESKTOP-KPAMGTB","module":"binance","symbol":"BTCUSDT","interval":"4h","verdict":"BUY","score":66,"price":71008.59,"msg":"scanner"}
{"level":30,"time":1773136009799,"pid":29428,"hostname":"DESKTOP-KPAMGTB","module":"binance","symbol":"ETHUSDT","interval":"4h","verdict":"WAIT","score":56,"price":2066.54,"msg":"scanner"}
{"level":30,"time":1773136009818,"pid":29428,"hostname":"DESKTOP-KPAMGTB","module":"binance","symbol":"ETHUSDT","interval":"5m","verdict":"WAIT","score":56,"price":2066.54,"msg":"scanner"}
{"level":30,"time":1773136219665,"pid":29428,"hostname":"DESKTOP-KPAMGTB","module":"binance","symbol":"ETHUSDT","interval":"1h","verdict":"WAIT","score":63,"price":2066.16,"msg":"scanner"}
{"level":30,"time":1773136219842,"pid":29428,"hostname":"DESKTOP-KPAMGTB","module":"binance","symbol":"XRPUSDT","interval":"1h","verdict":"BUY","score":69,"price":1.4155,"msg":"scanner"}
{"level":30,"time":1773136219902,"pid":29428,"hostname":"DESKTOP-KPAMGTB","module":"binance","symbol":"BNBUSDT","interval":"1h","verdict":"BUY","score":69,"price":647.22,"msg":"scanner"}
{"level":30,"time":1773136219995,"pid":29428,"hostname":"DESKTOP-KPAMGTB","module":"binance","symbol":"BTCUSDT","interval":"1h","verdict":"BUY","score":66,"price":71016.42,"msg":"scanner"}
{"level":30,"time":1773136220010,"pid":29428,"hostname":"DESKTOP-KPAMGTB","module":"binance","symbol":"ETHUSDT","interval":"5m","verdict":"WAIT","score":53,"price":2066.16,"msg":"scanner"}
{"level":30,"time":1773136220033,"pid":29428,"hostname":"DESKTOP-KPAMGTB","module":"binance","symbol":"SOLUSDT","interval":"1h","verdict":"WAIT","score":63,"price":87.23,"msg":"scanner"}
{"level":30,"time":1773136220120,"pid":29428,"hostname":"DESKTOP-KPAMGTB","module":"binance","symbol":"ETHUSDT","interval":"1h","verdict":"WAIT","score":63,"price":2066.16,"msg":"scanner"}
{"level":30,"time":1773136251155,"pid":29428,"hostname":"DESKTOP-KPAMGTB","module":"binance","symbol":"BTCUSDT","interval":"5m","verdict":"WAIT","score":53,"price":71027.29,"msg":"scanner"}
{"level":30,"time":1773136340425,"pid":29428,"hostname":"DESKTOP-KPAMGTB","module":"binance","symbol":"ETHUSDT","interval":"4h","verdict":"WAIT","score":56,"price":2067.4,"msg":"scanner"}
{"level":30,"time":1773136340453,"pid":29428,"hostname":"DESKTOP-KPAMGTB","module":"binance","symbol":"ETHUSDT","interval":"5m","verdict":"WAIT","score":56,"price":2067.4,"msg":"scanner"}
{"level":30,"time":1773136343307,"pid":29428,"hostname":"DESKTOP-KPAMGTB","module":"binance","symbol":"BNBUSDT","interval":"5m","verdict":"BUY","score":72,"price":647.48,"msg":"scanner"}
{"level":30,"time":1773136343361,"pid":29428,"hostname":"DESKTOP-KPAMGTB","module":"binance","symbol":"BNBUSDT","interval":"1h","verdict":"BUY","score":69,"price":647.48,"msg":"scanner"}
{"level":30,"time":1773136343453,"pid":29428,"hostname":"DESKTOP-KPAMGTB","module":"binance","symbol":"BNBUSDT","interval":"4h","verdict":"WAIT","score":56,"price":647.47,"msg":"scanner"}
{"level":30,"time":1773136381541,"pid":29428,"hostname":"DESKTOP-KPAMGTB","module":"binance","symbol":"ETHUSDT","interval":"1h","verdict":"WAIT","score":63,"price":2069.81,"msg":"scanner"}
{"level":30,"time":1773136381601,"pid":29428,"hostname":"DESKTOP-KPAMGTB","module":"binance","symbol":"SOLUSDT","interval":"1h","verdict":"WAIT","score":63,"price":87.31,"msg":"scanner"}
{"level":30,"time":1773136381622,"pid":29428,"hostname":"DESKTOP-KPAMGTB","module":"binance","symbol":"BTCUSDT","interval":"1h","verdict":"BUY","score":66,"price":71090,"msg":"scanner"}
{"level":30,"time":1773136381652,"pid":29428,"hostname":"DESKTOP-KPAMGTB","module":"binance","symbol":"XRPUSDT","interval":"1h","verdict":"BUY","score":69,"price":1.4178,"msg":"scanner"}
{"level":30,"time":1773136381673,"pid":29428,"hostname":"DESKTOP-KPAMGTB","module":"binance","symbol":"BNBUSDT","interval":"5m","verdict":"BUY","score":72,"price":647.95,"msg":"scanner"}
{"level":30,"time":1773136537847,"pid":29428,"hostname":"DESKTOP-KPAMGTB","module":"binance","assets":18,"msg":"balance"}
{"level":30,"time":1773136563149,"pid":29428,"hostname":"DESKTOP-KPAMGTB","module":"binance","symbol":"BNBUSDT","interval":"1h","verdict":"BUY","score":69,"price":647.7,"msg":"scanner"}
{"level":30,"time":1773136563174,"pid":29428,"hostname":"DESKTOP-KPAMGTB","module":"binance","symbol":"XRPUSDT","interval":"1h","verdict":"BUY","score":69,"price":1.4172,"msg":"scanner"}
{"level":30,"time":1773136563184,"pid":29428,"hostname":"DESKTOP-KPAMGTB","module":"binance","symbol":"BTCUSDT","interval":"1h","verdict":"BUY","score":66,"price":71052.51,"msg":"scanner"}
{"level":30,"time":1773136563190,"pid":29428,"hostname":"DESKTOP-KPAMGTB","module":"binance","symbol":"ETHUSDT","interval":"1h","verdict":"WAIT","score":63,"price":2067.61,"msg":"scanner"}
{"level":30,"time":1773136563195,"pid":29428,"hostname":"DESKTOP-KPAMGTB","module":"binance","symbol":"SOLUSDT","interval":"1h","verdict":"WAIT","score":63,"price":87.21,"msg":"scanner"}
{"level":30,"time":1773136563207,"pid":29428,"hostname":"DESKTOP-KPAMGTB","module":"binance","symbol":"BTCUSDT","interval":"5m","verdict":"WAIT","score":50,"price":71052.51,"msg":"scanner"}
{"level":30,"time":1773136564027,"pid":29428,"hostname":"DESKTOP-KPAMGTB","module":"binance","symbol":"BTCUSDT","interval":"4h","verdict":"BUY","score":66,"price":71052.51,"msg":"scanner"}
{"level":30,"time":1773136768257,"pid":29428,"hostname":"DESKTOP-KPAMGTB","module":"binance","symbol":"BTCUSDT","interval":"1h","verdict":"BUY","score":66,"price":71034.53,"msg":"scanner"}
{"level":30,"time":1773136768361,"pid":29428,"hostname":"DESKTOP-KPAMGTB","module":"binance","symbol":"ETHUSDT","interval":"1h","verdict":"WAIT","score":63,"price":2068.16,"msg":"scanner"}
{"level":30,"time":1773136768387,"pid":29428,"hostname":"DESKTOP-KPAMGTB","module":"binance","symbol":"SOLUSDT","interval":"1h","verdict":"WAIT","score":63,"price":87.22,"msg":"scanner"}
{"level":30,"time":1773136768412,"pid":29428,"hostname":"DESKTOP-KPAMGTB","module":"binance","symbol":"BNBUSDT","interval":"1h","verdict":"BUY","score":69,"price":647.51,"msg":"scanner"}
{"level":30,"time":1773136768439,"pid":29428,"hostname":"DESKTOP-KPAMGTB","module":"binance","symbol":"XRPUSDT","interval":"1h","verdict":"BUY","score":69,"price":1.4167,"msg":"scanner"}
{"level":30,"time":1773136768508,"pid":29428,"hostname":"DESKTOP-KPAMGTB","module":"binance","symbol":"BTCUSDT","interval":"5m","verdict":"WAIT","score":50,"price":71034.54,"msg":"scanner"}
{"level":30,"time":1773136802086,"pid":29428,"hostname":"DESKTOP-KPAMGTB","module":"telegram","msg":"informe horari enviat"}
{"level":30,"time":1773137496193,"pid":29428,"hostname":"DESKTOP-KPAMGTB","module":"binance","assets":18,"msg":"balance"}
{"level":30,"time":1773137496253,"pid":29428,"hostname":"DESKTOP-KPAMGTB","module":"binance","assets":18,"msg":"balance"}
{"level":30,"time":1773137562052,"pid":29428,"hostname":"DESKTOP-KPAMGTB","module":"binance","symbol":"ETHUSDT","interval":"1h","verdict":"WAIT","score":56,"price":2063.42,"msg":"scanner"}
{"level":30,"time":1773137562068,"pid":29428,"hostname":"DESKTOP-KPAMGTB","module":"binance","symbol":"BNBUSDT","interval":"1h","verdict":"WAIT","score":56,"price":646.1,"msg":"scanner"}
{"level":30,"time":1773137562075,"pid":29428,"hostname":"DESKTOP-KPAMGTB","module":"binance","symbol":"BTCUSDT","interval":"1h","verdict":"WAIT","score":59,"price":70951.1,"msg":"scanner"}
{"level":30,"time":1773137562087,"pid":29428,"hostname":"DESKTOP-KPAMGTB","module":"binance","symbol":"XRPUSDT","interval":"1h","verdict":"WAIT","score":63,"price":1.4142,"msg":"scanner"}
{"level":30,"time":1773137562093,"pid":29428,"hostname":"DESKTOP-KPAMGTB","module":"binance","symbol":"BTCUSDT","interval":"5m","verdict":"WAIT","score":47,"price":70951.1,"msg":"scanner"}
{"level":30,"time":1773137562102,"pid":29428,"hostname":"DESKTOP-KPAMGTB","module":"binance","symbol":"SOLUSDT","interval":"1h","verdict":"WAIT","score":63,"price":87.29,"msg":"scanner"}
{"level":30,"time":1773137562209,"pid":29428,"hostname":"DESKTOP-KPAMGTB","module":"binance","symbol":"ETHUSDT","interval":"1h","verdict":"WAIT","score":56,"price":2063.42,"msg":"scanner"}
{"level":30,"time":1773137562236,"pid":29428,"hostname":"DESKTOP-KPAMGTB","module":"binance","symbol":"BNBUSDT","interval":"1h","verdict":"WAIT","score":56,"price":646.1,"msg":"scanner"}
{"level":30,"time":1773137562273,"pid":29428,"hostname":"DESKTOP-KPAMGTB","module":"binance","symbol":"SOLUSDT","interval":"1h","verdict":"WAIT","score":63,"price":87.29,"msg":"scanner"}
{"level":30,"time":1773137562294,"pid":29428,"hostname":"DESKTOP-KPAMGTB","module":"binance","symbol":"BTCUSDT","interval":"4h","verdict":"BUY","score":66,"price":70951.1,"msg":"scanner"}
{"level":30,"time":1773137562362,"pid":29428,"hostname":"DESKTOP-KPAMGTB","module":"binance","symbol":"BTCUSDT","interval":"5m","verdict":"WAIT","score":47,"price":70951.1,"msg":"scanner"}
{"level":30,"time":1773137562381,"pid":29428,"hostname":"DESKTOP-KPAMGTB","module":"binance","symbol":"XRPUSDT","interval":"1h","verdict":"WAIT","score":63,"price":1.4142,"msg":"scanner"}
{"level":30,"time":1773137657204,"pid":29428,"hostname":"DESKTOP-KPAMGTB","module":"binance","symbol":"ETHUSDT","interval":"5m","verdict":"WAIT","score":47,"price":2062.09,"msg":"scanner"}
{"level":30,"time":1773137657221,"pid":29428,"hostname":"DESKTOP-KPAMGTB","module":"binance","symbol":"ETHUSDT","interval":"4h","verdict":"WAIT","score":56,"price":2062.09,"msg":"scanner"}
{"level":30,"time":1773137697196,"pid":29428,"hostname":"DESKTOP-KPAMGTB","module":"binance","symbol":"BNBUSDT","interval":"4h","verdict":"WAIT","score":56,"price":645.78,"msg":"scanner"}
{"level":30,"time":1773137697212,"pid":29428,"hostname":"DESKTOP-KPAMGTB","module":"binance","symbol":"BNBUSDT","interval":"5m","verdict":"WAIT","score":41,"price":645.78,"msg":"scanner"}
{"level":30,"time":1773137697237,"pid":29428,"hostname":"DESKTOP-KPAMGTB","module":"binance","symbol":"BNBUSDT","interval":"1h","verdict":"WAIT","score":59,"price":645.78,"msg":"scanner"}
{"level":30,"time":1773137699317,"pid":29428,"hostname":"DESKTOP-KPAMGTB","module":"binance","symbol":"SOLUSDT","interval":"5m","verdict":"WAIT","score":53,"price":87.21,"msg":"scanner"}
{"level":30,"time":1773137699347,"pid":29428,"hostname":"DESKTOP-KPAMGTB","module":"binance","symbol":"SOLUSDT","interval":"1h","verdict":"WAIT","score":63,"price":87.21,"msg":"scanner"}
{"level":30,"time":1773137699367,"pid":29428,"hostname":"DESKTOP-KPAMGTB","module":"binance","symbol":"SOLUSDT","interval":"4h","verdict":"WAIT","score":56,"price":87.21,"msg":"scanner"}
{"level":30,"time":1773137702087,"pid":29428,"hostname":"DESKTOP-KPAMGTB","module":"binance","symbol":"XRPUSDT","interval":"1h","verdict":"WAIT","score":63,"price":1.4139,"msg":"scanner"}
{"level":30,"time":1773137702261,"pid":29428,"hostname":"DESKTOP-KPAMGTB","module":"binance","symbol":"XRPUSDT","interval":"4h","verdict":"WAIT","score":59,"price":1.4139,"msg":"scanner"}
{"level":30,"time":1773137702343,"pid":29428,"hostname":"DESKTOP-KPAMGTB","module":"binance","symbol":"XRPUSDT","interval":"5m","verdict":"WAIT","score":56,"price":1.4139,"msg":"scanner"}
{"level":30,"time":1773137705146,"pid":29428,"hostname":"DESKTOP-KPAMGTB","module":"binance","symbol":"BTCUSDT","interval":"1h","verdict":"WAIT","score":59,"price":70888.33,"msg":"scanner"}
{"level":30,"time":1773137705171,"pid":29428,"hostname":"DESKTOP-KPAMGTB","module":"binance","symbol":"BTCUSDT","interval":"5m","verdict":"WAIT","score":47,"price":70888.33,"msg":"scanner"}
{"level":30,"time":1773137709026,"pid":29428,"hostname":"DESKTOP-KPAMGTB","module":"binance","symbol":"ETHUSDT","interval":"1h","verdict":"WAIT","score":56,"price":2062.86,"msg":"scanner"}
{"level":30,"time":1773137798966,"pid":29428,"hostname":"DESKTOP-KPAMGTB","module":"binance","assets":18,"msg":"balance"}
{"level":30,"time":1773137870291,"pid":29428,"hostname":"DESKTOP-KPAMGTB","module":"binance","assets":18,"msg":"balance"}
{"level":30,"time":1773137871250,"pid":29428,"hostname":"DESKTOP-KPAMGTB","module":"binance","assets":18,"msg":"balance"}
{"level":30,"time":1773137893582,"pid":29428,"hostname":"DESKTOP-KPAMGTB","module":"binance","symbol":"BTCUSDT","interval":"1h","verdict":"WAIT","score":59,"price":70828.56,"msg":"scanner"}
{"level":30,"time":1773137893627,"pid":29428,"hostname":"DESKTOP-KPAMGTB","module":"binance","symbol":"ETHUSDT","interval":"1h","verdict":"WAIT","score":56,"price":2062.46,"msg":"scanner"}
{"level":30,"time":1773137893924,"pid":29428,"hostname":"DESKTOP-KPAMGTB","module":"binance","symbol":"SOLUSDT","interval":"1h","verdict":"WAIT","score":56,"price":87.11,"msg":"scanner"}
{"level":30,"time":1773137893963,"pid":29428,"hostname":"DESKTOP-KPAMGTB","module":"binance","symbol":"BNBUSDT","interval":"1h","verdict":"WAIT","score":59,"price":645.9,"msg":"scanner"}
{"level":30,"time":1773137893974,"pid":29428,"hostname":"DESKTOP-KPAMGTB","module":"binance","symbol":"BTCUSDT","interval":"5m","verdict":"WAIT","score":41,"price":70828.56,"msg":"scanner"}
{"level":30,"time":1773137893988,"pid":29428,"hostname":"DESKTOP-KPAMGTB","module":"binance","symbol":"XRPUSDT","interval":"1h","verdict":"WAIT","score":63,"price":1.4138,"msg":"scanner"}
{"level":30,"time":1773137894057,"pid":29428,"hostname":"DESKTOP-KPAMGTB","module":"binance","symbol":"BNBUSDT","interval":"1h","verdict":"WAIT","score":59,"price":645.9,"msg":"scanner"}
{"level":30,"time":1773137894196,"pid":29428,"hostname":"DESKTOP-KPAMGTB","module":"binance","symbol":"SOLUSDT","interval":"1h","verdict":"WAIT","score":56,"price":87.11,"msg":"scanner"}
{"level":30,"time":1773137894312,"pid":29428,"hostname":"DESKTOP-KPAMGTB","module":"binance","symbol":"BTCUSDT","interval":"5m","verdict":"WAIT","score":41,"price":70828.56,"msg":"scanner"}
{"level":30,"time":1773137894342,"pid":29428,"hostname":"DESKTOP-KPAMGTB","module":"binance","symbol":"BTCUSDT","interval":"4h","verdict":"BUY","score":66,"price":70828.56,"msg":"scanner"}
{"level":30,"time":1773137894357,"pid":29428,"hostname":"DESKTOP-KPAMGTB","module":"binance","symbol":"XRPUSDT","interval":"1h","verdict":"WAIT","score":63,"price":1.4138,"msg":"scanner"}
{"level":30,"time":1773137928464,"pid":29428,"hostname":"DESKTOP-KPAMGTB","module":"binance","assets":18,"msg":"balance"}
{"level":30,"time":1773137935673,"pid":29428,"hostname":"DESKTOP-KPAMGTB","module":"binance","symbol":"BTCUSDT","interval":"5m","verdict":"WAIT","score":41,"price":70824.01,"msg":"scanner"}
{"level":30,"time":1773137935878,"pid":29428,"hostname":"DESKTOP-KPAMGTB","module":"binance","symbol":"BTCUSDT","interval":"5m","verdict":"WAIT","score":41,"price":70824.01,"msg":"scanner"}
{"level":30,"time":1773138041716,"pid":29428,"hostname":"DESKTOP-KPAMGTB","module":"binance","assets":18,"msg":"balance"}
{"level":30,"time":1773138041726,"pid":29428,"hostname":"DESKTOP-KPAMGTB","module":"binance","assets":18,"msg":"balance"}
{"level":30,"time":1773138623411,"pid":29428,"hostname":"DESKTOP-KPAMGTB","module":"binance","symbol":"BTCUSDT","interval":"1h","verdict":"WAIT","score":53,"price":70794.77,"msg":"scanner"}
{"level":30,"time":1773138623507,"pid":29428,"hostname":"DESKTOP-KPAMGTB","module":"binance","symbol":"ETHUSDT","interval":"1h","verdict":"WAIT","score":56,"price":2063.16,"msg":"scanner"}
{"level":30,"time":1773138623522,"pid":29428,"hostname":"DESKTOP-KPAMGTB","module":"binance","symbol":"SOLUSDT","interval":"1h","verdict":"WAIT","score":63,"price":87.14,"msg":"scanner"}
{"level":30,"time":1773138623531,"pid":29428,"hostname":"DESKTOP-KPAMGTB","module":"binance","symbol":"BNBUSDT","interval":"1h","verdict":"WAIT","score":56,"price":646.51,"msg":"scanner"}
{"level":30,"time":1773138623540,"pid":29428,"hostname":"DESKTOP-KPAMGTB","module":"binance","symbol":"BTCUSDT","interval":"5m","verdict":"WAIT","score":44,"price":70794.76,"msg":"scanner"}
{"level":30,"time":1773138623547,"pid":29428,"hostname":"DESKTOP-KPAMGTB","module":"binance","symbol":"XRPUSDT","interval":"1h","verdict":"WAIT","score":59,"price":1.4106,"msg":"scanner"}
{"level":30,"time":1773138623687,"pid":29428,"hostname":"DESKTOP-KPAMGTB","module":"binance","symbol":"BTCUSDT","interval":"5m","verdict":"WAIT","score":44,"price":70794.76,"msg":"scanner"}
{"level":30,"time":1773138623714,"pid":29428,"hostname":"DESKTOP-KPAMGTB","module":"binance","symbol":"SOLUSDT","interval":"1h","verdict":"WAIT","score":63,"price":87.14,"msg":"scanner"}
{"level":30,"time":1773138623741,"pid":29428,"hostname":"DESKTOP-KPAMGTB","module":"binance","symbol":"BNBUSDT","interval":"1h","verdict":"WAIT","score":56,"price":646.51,"msg":"scanner"}
{"level":30,"time":1773138623778,"pid":29428,"hostname":"DESKTOP-KPAMGTB","module":"binance","symbol":"ETHUSDT","interval":"1h","verdict":"WAIT","score":56,"price":2063.16,"msg":"scanner"}
{"level":30,"time":1773138623801,"pid":29428,"hostname":"DESKTOP-KPAMGTB","module":"binance","symbol":"BTCUSDT","interval":"4h","verdict":"BUY","score":69,"price":70794.76,"msg":"scanner"}
{"level":30,"time":1773138623813,"pid":29428,"hostname":"DESKTOP-KPAMGTB","module":"binance","symbol":"XRPUSDT","interval":"1h","verdict":"WAIT","score":59,"price":1.4106,"msg":"scanner"}
{"level":30,"time":1773139243102,"pid":29428,"hostname":"DESKTOP-KPAMGTB","module":"binance","assets":18,"msg":"balance"}
{"level":30,"time":1773139269484,"pid":29428,"hostname":"DESKTOP-KPAMGTB","module":"binance","symbol":"BTCUSDT","interval":"1h","verdict":"WAIT","score":53,"price":70697.57,"msg":"scanner"}
{"level":30,"time":1773139269497,"pid":29428,"hostname":"DESKTOP-KPAMGTB","module":"binance","symbol":"BNBUSDT","interval":"1h","verdict":"WAIT","score":56,"price":646.5,"msg":"scanner"}
{"level":30,"time":1773139269587,"pid":29428,"hostname":"DESKTOP-KPAMGTB","module":"binance","symbol":"BTCUSDT","interval":"5m","verdict":"WAIT","score":59,"price":70697.57,"msg":"scanner"}
{"level":30,"time":1773139269607,"pid":29428,"hostname":"DESKTOP-KPAMGTB","module":"binance","symbol":"XRPUSDT","interval":"1h","verdict":"WAIT","score":56,"price":1.4051,"msg":"scanner"}
{"level":30,"time":1773139269620,"pid":29428,"hostname":"DESKTOP-KPAMGTB","module":"binance","symbol":"ETHUSDT","interval":"1h","verdict":"WAIT","score":53,"price":2055.85,"msg":"scanner"}
{"level":30,"time":1773139269664,"pid":29428,"hostname":"DESKTOP-KPAMGTB","module":"binance","symbol":"SOLUSDT","interval":"1h","verdict":"WAIT","score":56,"price":86.83,"msg":"scanner"}
{"level":30,"time":1773139269722,"pid":29428,"hostname":"DESKTOP-KPAMGTB","module":"binance","symbol":"BNBUSDT","interval":"1h","verdict":"WAIT","score":56,"price":646.5,"msg":"scanner"}
{"level":30,"time":1773139269854,"pid":29428,"hostname":"DESKTOP-KPAMGTB","module":"binance","symbol":"XRPUSDT","interval":"1h","verdict":"WAIT","score":56,"price":1.4051,"msg":"scanner"}
{"level":30,"time":1773139269888,"pid":29428,"hostname":"DESKTOP-KPAMGTB","module":"binance","symbol":"ETHUSDT","interval":"1h","verdict":"WAIT","score":53,"price":2055.85,"msg":"scanner"}
{"level":30,"time":1773139269913,"pid":29428,"hostname":"DESKTOP-KPAMGTB","module":"binance","symbol":"BTCUSDT","interval":"1h","verdict":"WAIT","score":53,"price":70697.57,"msg":"scanner"}
{"level":30,"time":1773139269926,"pid":29428,"hostname":"DESKTOP-KPAMGTB","module":"binance","symbol":"BTCUSDT","interval":"5m","verdict":"WAIT","score":59,"price":70697.57,"msg":"scanner"}
{"level":30,"time":1773139269939,"pid":29428,"hostname":"DESKTOP-KPAMGTB","module":"binance","symbol":"SOLUSDT","interval":"1h","verdict":"WAIT","score":56,"price":86.82,"msg":"scanner"}
{"level":30,"time":1773139270025,"pid":29428,"hostname":"DESKTOP-KPAMGTB","module":"binance","symbol":"BTCUSDT","interval":"4h","verdict":"BUY","score":69,"price":70697.57,"msg":"scanner"}
{"level":30,"time":1773139526597,"pid":29428,"hostname":"DESKTOP-KPAMGTB","module":"binance","assets":18,"msg":"balance"}
{"level":30,"time":1773139544959,"pid":29428,"hostname":"DESKTOP-KPAMGTB","module":"binance","symbol":"ETHUSDT","interval":"1h","verdict":"WAIT","score":53,"price":2056.89,"msg":"scanner"}
{"level":30,"time":1773139544968,"pid":29428,"hostname":"DESKTOP-KPAMGTB","module":"binance","symbol":"SOLUSDT","interval":"1h","verdict":"WAIT","score":56,"price":86.9,"msg":"scanner"}
{"level":30,"time":1773139544987,"pid":29428,"hostname":"DESKTOP-KPAMGTB","module":"binance","symbol":"BTCUSDT","interval":"1h","verdict":"WAIT","score":53,"price":70682.13,"msg":"scanner"}
{"level":30,"time":1773139544993,"pid":29428,"hostname":"DESKTOP-KPAMGTB","module":"binance","symbol":"BTCUSDT","interval":"5m","verdict":"WAIT","score":59,"price":70682.13,"msg":"scanner"}
{"level":30,"time":1773139545008,"pid":29428,"hostname":"DESKTOP-KPAMGTB","module":"binance","symbol":"XRPUSDT","interval":"1h","verdict":"WAIT","score":56,"price":1.4052,"msg":"scanner"}
{"level":30,"time":1773139545016,"pid":29428,"hostname":"DESKTOP-KPAMGTB","module":"binance","symbol":"BNBUSDT","interval":"1h","verdict":"WAIT","score":56,"price":647.17,"msg":"scanner"}
{"level":30,"time":1773139545175,"pid":29428,"hostname":"DESKTOP-KPAMGTB","module":"binance","symbol":"SOLUSDT","interval":"1h","verdict":"WAIT","score":56,"price":86.89,"msg":"scanner"}
{"level":30,"time":1773139545244,"pid":29428,"hostname":"DESKTOP-KPAMGTB","module":"binance","symbol":"XRPUSDT","interval":"1h","verdict":"WAIT","score":56,"price":1.4051,"msg":"scanner"}
{"level":30,"time":1773139545254,"pid":29428,"hostname":"DESKTOP-KPAMGTB","module":"binance","symbol":"BTCUSDT","interval":"1h","verdict":"WAIT","score":53,"price":70682.14,"msg":"scanner"}
{"level":30,"time":1773139545263,"pid":29428,"hostname":"DESKTOP-KPAMGTB","module":"binance","symbol":"BNBUSDT","interval":"1h","verdict":"WAIT","score":56,"price":647.17,"msg":"scanner"}
{"level":30,"time":1773139545281,"pid":29428,"hostname":"DESKTOP-KPAMGTB","module":"binance","symbol":"ETHUSDT","interval":"1h","verdict":"WAIT","score":53,"price":2056.71,"msg":"scanner"}
{"level":30,"time":1773139545476,"pid":29428,"hostname":"DESKTOP-KPAMGTB","module":"binance","symbol":"BTCUSDT","interval":"5m","verdict":"WAIT","score":59,"price":70682.14,"msg":"scanner"}
{"level":30,"time":1773139921761,"pid":29428,"hostname":"DESKTOP-KPAMGTB","module":"trailing-engine","symbol":"DOGEUSDT","oldSl":0.09,"newSl":"0.09","peak":0.09569,"msg":"SL pujat"}
{"level":30,"time":1773139951819,"pid":29428,"hostname":"DESKTOP-KPAMGTB","module":"trailing-engine","symbol":"DOGEUSDT","oldSl":0.09,"newSl":"0.09","peak":0.09579,"msg":"SL pujat"}
{"level":30,"time":1773139976593,"pid":29428,"hostname":"DESKTOP-KPAMGTB","module":"binance","symbol":"XRPUSDT","interval":"1h","verdict":"WAIT","score":53,"price":1.4074,"msg":"scanner"}
{"level":30,"time":1773139976641,"pid":29428,"hostname":"DESKTOP-KPAMGTB","module":"binance","symbol":"SOLUSDT","interval":"1h","verdict":"WAIT","score":63,"price":87.15,"msg":"scanner"}
{"level":30,"time":1773139976655,"pid":29428,"hostname":"DESKTOP-KPAMGTB","module":"binance","symbol":"BNBUSDT","interval":"1h","verdict":"BUY","score":66,"price":647.85,"msg":"scanner"}
{"level":30,"time":1773139976684,"pid":29428,"hostname":"DESKTOP-KPAMGTB","module":"binance","symbol":"BTCUSDT","interval":"4h","verdict":"BUY","score":69,"price":70843.51,"msg":"scanner"}
{"level":30,"time":1773139976714,"pid":29428,"hostname":"DESKTOP-KPAMGTB","module":"binance","symbol":"ETHUSDT","interval":"1h","verdict":"WAIT","score":56,"price":2062.96,"msg":"scanner"}
{"level":30,"time":1773139976750,"pid":29428,"hostname":"DESKTOP-KPAMGTB","module":"binance","symbol":"BTCUSDT","interval":"5m","verdict":"WAIT","score":59,"price":70843.51,"msg":"scanner"}
{"level":30,"time":1773139977021,"pid":29428,"hostname":"DESKTOP-KPAMGTB","module":"binance","symbol":"BTCUSDT","interval":"1h","verdict":"WAIT","score":59,"price":70843.51,"msg":"scanner"}
{"level":30,"time":1773139981635,"pid":29428,"hostname":"DESKTOP-KPAMGTB","module":"trailing-engine","symbol":"DOGEUSDT","oldSl":0.09,"newSl":"0.09","peak":0.09581,"msg":"SL pujat"}
{"level":30,"time":1773140263639,"pid":29428,"hostname":"DESKTOP-KPAMGTB","module":"binance","assets":18,"msg":"balance"}
{"level":30,"time":1773140263767,"pid":29428,"hostname":"DESKTOP-KPAMGTB","module":"binance","assets":18,"msg":"balance"}
{"level":30,"time":1773140275802,"pid":29428,"hostname":"DESKTOP-KPAMGTB","module":"binance","count":62,"msg":"trades"}
{"level":30,"time":1773140276098,"pid":29428,"hostname":"DESKTOP-KPAMGTB","module":"binance","count":62,"msg":"trades"}
{"level":30,"time":1773140276144,"pid":29428,"hostname":"DESKTOP-KPAMGTB","module":"binance","count":40,"msg":"order history"}
{"level":30,"time":1773140279068,"pid":29428,"hostname":"DESKTOP-KPAMGTB","module":"binance","assets":18,"msg":"balance"}
{"level":30,"time":1773140284854,"pid":29428,"hostname":"DESKTOP-KPAMGTB","module":"binance","symbol":"BNBUSDT","interval":"1h","verdict":"WAIT","score":59,"price":647.55,"msg":"scanner"}
{"level":30,"time":1773140284872,"pid":29428,"hostname":"DESKTOP-KPAMGTB","module":"binance","symbol":"ETHUSDT","interval":"1h","verdict":"WAIT","score":56,"price":2062.67,"msg":"scanner"}
{"level":30,"time":1773140284970,"pid":29428,"hostname":"DESKTOP-KPAMGTB","module":"binance","symbol":"BTCUSDT","interval":"1h","verdict":"WAIT","score":59,"price":70809.8,"msg":"scanner"}
{"level":30,"time":1773140284987,"pid":29428,"hostname":"DESKTOP-KPAMGTB","module":"binance","symbol":"SOLUSDT","interval":"1h","verdict":"WAIT","score":56,"price":87.12,"msg":"scanner"}
{"level":30,"time":1773140285087,"pid":29428,"hostname":"DESKTOP-KPAMGTB","module":"binance","symbol":"XRPUSDT","interval":"1h","verdict":"WAIT","score":56,"price":1.4061,"msg":"scanner"}
{"level":30,"time":1773140285183,"pid":29428,"hostname":"DESKTOP-KPAMGTB","module":"binance","symbol":"BTCUSDT","interval":"5m","verdict":"WAIT","score":53,"price":70809.8,"msg":"scanner"}
{"level":30,"time":1773140285200,"pid":29428,"hostname":"DESKTOP-KPAMGTB","module":"binance","symbol":"BTCUSDT","interval":"4h","verdict":"BUY","score":69,"price":70809.81,"msg":"scanner"}
{"level":30,"time":1773140285350,"pid":29428,"hostname":"DESKTOP-KPAMGTB","module":"binance","symbol":"ETHUSDT","interval":"1h","verdict":"WAIT","score":56,"price":2062.99,"msg":"scanner"}
{"level":30,"time":1773140285444,"pid":29428,"hostname":"DESKTOP-KPAMGTB","module":"binance","symbol":"BTCUSDT","interval":"5m","verdict":"WAIT","score":53,"price":70809.81,"msg":"scanner"}
{"level":30,"time":1773140285460,"pid":29428,"hostname":"DESKTOP-KPAMGTB","module":"binance","symbol":"BNBUSDT","interval":"1h","verdict":"WAIT","score":59,"price":647.55,"msg":"scanner"}
{"level":30,"time":1773140285497,"pid":29428,"hostname":"DESKTOP-KPAMGTB","module":"binance","symbol":"SOLUSDT","interval":"1h","verdict":"WAIT","score":56,"price":87.12,"msg":"scanner"}
{"level":30,"time":1773140285514,"pid":29428,"hostname":"DESKTOP-KPAMGTB","module":"binance","symbol":"XRPUSDT","interval":"1h","verdict":"WAIT","score":56,"price":1.4062,"msg":"scanner"}
{"level":30,"time":1773140329252,"pid":29428,"hostname":"DESKTOP-KPAMGTB","module":"binance","symbol":"ETHUSDT","interval":"5m","verdict":"WAIT","score":56,"price":2062.48,"msg":"scanner"}
{"level":30,"time":1773140329276,"pid":29428,"hostname":"DESKTOP-KPAMGTB","module":"binance","symbol":"ETHUSDT","interval":"4h","verdict":"WAIT","score":56,"price":2062.49,"msg":"scanner"}
{"level":30,"time":1773140332837,"pid":29428,"hostname":"DESKTOP-KPAMGTB","module":"binance","symbol":"BTCUSDT","interval":"5m","verdict":"WAIT","score":56,"price":70765.8,"msg":"scanner"}
{"level":30,"time":1773140351289,"pid":29428,"hostname":"DESKTOP-KPAMGTB","module":"binance","symbol":"BNBUSDT","interval":"4h","verdict":"WAIT","score":56,"price":647.34,"msg":"scanner"}
{"level":30,"time":1773140351306,"pid":29428,"hostname":"DESKTOP-KPAMGTB","module":"binance","symbol":"BNBUSDT","interval":"5m","verdict":"BUY","score":69,"price":647.34,"msg":"scanner"}
{"level":30,"time":1773140355761,"pid":29428,"hostname":"DESKTOP-KPAMGTB","module":"binance","symbol":"SOLUSDT","interval":"5m","verdict":"WAIT","score":56,"price":87.11,"msg":"scanner"}
{"level":30,"time":1773140355809,"pid":29428,"hostname":"DESKTOP-KPAMGTB","module":"binance","symbol":"SOLUSDT","interval":"4h","verdict":"WAIT","score":56,"price":87.11,"msg":"scanner"}
{"level":30,"time":1773140379517,"pid":29428,"hostname":"DESKTOP-KPAMGTB","module":"binance","symbol":"BTCUSDT","interval":"5m","verdict":"WAIT","score":56,"price":70765.5,"msg":"scanner"}
{"level":30,"time":1773140402593,"pid":29428,"hostname":"DESKTOP-KPAMGTB","module":"telegram","msg":"informe horari enviat"}
{"level":30,"time":1773140469528,"pid":29428,"hostname":"DESKTOP-KPAMGTB","module":"binance","assets":18,"msg":"balance"}
{"level":30,"time":1773140469552,"pid":29428,"hostname":"DESKTOP-KPAMGTB","module":"binance","assets":18,"msg":"balance"}
{"level":30,"time":1773140474573,"pid":29428,"hostname":"DESKTOP-KPAMGTB","module":"binance","assets":18,"msg":"balance"}
{"level":30,"time":1773140474635,"pid":29428,"hostname":"DESKTOP-KPAMGTB","module":"binance","assets":18,"msg":"balance"}
{"level":30,"time":1773140512596,"pid":29428,"hostname":"DESKTOP-KPAMGTB","module":"binance","symbol":"XRPUSDT","interval":"1h","verdict":"WAIT","score":53,"price":1.4029,"msg":"scanner"}
{"level":30,"time":1773140512613,"pid":29428,"hostname":"DESKTOP-KPAMGTB","module":"binance","symbol":"ETHUSDT","interval":"1h","verdict":"WAIT","score":50,"price":2060.31,"msg":"scanner"}
{"level":30,"time":1773140512623,"pid":29428,"hostname":"DESKTOP-KPAMGTB","module":"binance","symbol":"BTCUSDT","interval":"1h","verdict":"WAIT","score":53,"price":70714.16,"msg":"scanner"}
{"level":30,"time":1773140512630,"pid":29428,"hostname":"DESKTOP-KPAMGTB","module":"binance","symbol":"BNBUSDT","interval":"1h","verdict":"WAIT","score":59,"price":647.05,"msg":"scanner"}
{"level":30,"time":1773140512638,"pid":29428,"hostname":"DESKTOP-KPAMGTB","module":"binance","symbol":"SOLUSDT","interval":"1h","verdict":"WAIT","score":59,"price":86.98,"msg":"scanner"}
{"level":30,"time":1773140512650,"pid":29428,"hostname":"DESKTOP-KPAMGTB","module":"binance","symbol":"BTCUSDT","interval":"5m","verdict":"WAIT","score":50,"price":70714.16,"msg":"scanner"}
{"level":30,"time":1773140512890,"pid":29428,"hostname":"DESKTOP-KPAMGTB","module":"binance","symbol":"BTCUSDT","interval":"1h","verdict":"WAIT","score":53,"price":70714.16,"msg":"scanner"}
{"level":30,"time":1773140513029,"pid":29428,"hostname":"DESKTOP-KPAMGTB","module":"binance","symbol":"ETHUSDT","interval":"1h","verdict":"WAIT","score":50,"price":2060.31,"msg":"scanner"}
{"level":30,"time":1773140513175,"pid":29428,"hostname":"DESKTOP-KPAMGTB","module":"binance","symbol":"XRPUSDT","interval":"1h","verdict":"WAIT","score":53,"price":1.4029,"msg":"scanner"}
{"level":30,"time":1773140513193,"pid":29428,"hostname":"DESKTOP-KPAMGTB","module":"binance","symbol":"BNBUSDT","interval":"1h","verdict":"WAIT","score":59,"price":647.05,"msg":"scanner"}
{"level":30,"time":1773140513208,"pid":29428,"hostname":"DESKTOP-KPAMGTB","module":"binance","symbol":"BTCUSDT","interval":"5m","verdict":"WAIT","score":50,"price":70714.16,"msg":"scanner"}
{"level":30,"time":1773140513224,"pid":29428,"hostname":"DESKTOP-KPAMGTB","module":"binance","symbol":"SOLUSDT","interval":"1h","verdict":"WAIT","score":59,"price":86.98,"msg":"scanner"}
{"level":30,"time":1773140594629,"pid":29428,"hostname":"DESKTOP-KPAMGTB","module":"binance","assets":18,"msg":"balance"}
{"level":30,"time":1773140594896,"pid":29428,"hostname":"DESKTOP-KPAMGTB","module":"binance","assets":18,"msg":"balance"}
{"level":30,"time":1773140601868,"pid":29428,"hostname":"DESKTOP-KPAMGTB","module":"binance","symbol":"BTCUSDT","interval":"5m","verdict":"WAIT","score":50,"price":70673.5,"msg":"scanner"}
{"level":30,"time":1773140604900,"pid":29428,"hostname":"DESKTOP-KPAMGTB","module":"binance","symbol":"BTCUSDT","interval":"4h","verdict":"BUY","score":69,"price":70666.25,"msg":"scanner"}
{"level":30,"time":1773140654973,"pid":29428,"hostname":"DESKTOP-KPAMGTB","module":"binance","symbol":"XRPUSDT","interval":"4h","verdict":"WAIT","score":59,"price":1.4011,"msg":"scanner"}
{"level":30,"time":1773140655152,"pid":29428,"hostname":"DESKTOP-KPAMGTB","module":"binance","symbol":"ETHUSDT","interval":"4h","verdict":"WAIT","score":56,"price":2059.09,"msg":"scanner"}
{"level":30,"time":1773140655168,"pid":29428,"hostname":"DESKTOP-KPAMGTB","module":"binance","symbol":"BNBUSDT","interval":"4h","verdict":"WAIT","score":56,"price":646.97,"msg":"scanner"}
{"level":30,"time":1773140658786,"pid":29428,"hostname":"DESKTOP-KPAMGTB","module":"binance","symbol":"ETHUSDT","interval":"5m","verdict":"WAIT","score":53,"price":2058.58,"msg":"scanner"}
{"level":30,"time":1773140658803,"pid":29428,"hostname":"DESKTOP-KPAMGTB","module":"binance","symbol":"BTCUSDT","interval":"5m","verdict":"WAIT","score":50,"price":70678.07,"msg":"scanner"}
{"level":30,"time":1773140658816,"pid":29428,"hostname":"DESKTOP-KPAMGTB","module":"binance","symbol":"BNBUSDT","interval":"5m","verdict":"BUY","score":66,"price":646.99,"msg":"scanner"}
{"level":30,"time":1773140658843,"pid":29428,"hostname":"DESKTOP-KPAMGTB","module":"binance","symbol":"SOLUSDT","interval":"5m","verdict":"WAIT","score":50,"price":86.92,"msg":"scanner"}
{"level":30,"time":1773140658853,"pid":29428,"hostname":"DESKTOP-KPAMGTB","module":"binance","symbol":"XRPUSDT","interval":"5m","verdict":"WAIT","score":50,"price":1.4011,"msg":"scanner"}
{"level":30,"time":1773140661104,"pid":29428,"hostname":"DESKTOP-KPAMGTB","module":"binance","symbol":"BTCUSDT","interval":"1h","verdict":"WAIT","score":53,"price":70678.06,"msg":"scanner"}
{"level":30,"time":1773140661117,"pid":29428,"hostname":"DESKTOP-KPAMGTB","module":"binance","symbol":"ETHUSDT","interval":"1h","verdict":"WAIT","score":50,"price":2058.58,"msg":"scanner"}
{"level":30,"time":1773140661141,"pid":29428,"hostname":"DESKTOP-KPAMGTB","module":"binance","symbol":"BNBUSDT","interval":"1h","verdict":"WAIT","score":59,"price":646.99,"msg":"scanner"}
{"level":30,"time":1773140661159,"pid":29428,"hostname":"DESKTOP-KPAMGTB","module":"binance","symbol":"XRPUSDT","interval":"1h","verdict":"WAIT","score":53,"price":1.4011,"msg":"scanner"}
{"level":30,"time":1773140661175,"pid":29428,"hostname":"DESKTOP-KPAMGTB","module":"binance","symbol":"SOLUSDT","interval":"1h","verdict":"WAIT","score":53,"price":86.92,"msg":"scanner"}
{"level":30,"time":1773140687931,"pid":29428,"hostname":"DESKTOP-KPAMGTB","module":"binance","assets":18,"msg":"balance"}
{"level":30,"time":1773140688301,"pid":29428,"hostname":"DESKTOP-KPAMGTB","module":"binance","assets":18,"msg":"balance"}
{"level":30,"time":1773140730660,"pid":29428,"hostname":"DESKTOP-KPAMGTB","module":"binance","count":62,"msg":"trades"}
{"level":30,"time":1773140730941,"pid":29428,"hostname":"DESKTOP-KPAMGTB","module":"binance","count":62,"msg":"trades"}
{"level":30,"time":1773140738384,"pid":29428,"hostname":"DESKTOP-KPAMGTB","module":"binance","symbol":"BTCUSDT","interval":"5m","verdict":"WAIT","score":53,"price":70786.67,"msg":"scanner"}
{"level":30,"time":1773140738496,"pid":29428,"hostname":"DESKTOP-KPAMGTB","module":"binance","symbol":"BTCUSDT","interval":"5m","verdict":"WAIT","score":53,"price":70786.67,"msg":"scanner"}
{"level":30,"time":1773140874749,"pid":29428,"hostname":"DESKTOP-KPAMGTB","module":"binance","assets":18,"msg":"balance"}
{"level":30,"time":1773140874778,"pid":29428,"hostname":"DESKTOP-KPAMGTB","module":"binance","assets":18,"msg":"balance"}
{"level":30,"time":1773141004964,"pid":29428,"hostname":"DESKTOP-KPAMGTB","module":"binance","assets":18,"msg":"balance"}
{"level":30,"time":1773141236675,"pid":29428,"hostname":"DESKTOP-KPAMGTB","module":"binance","symbol":"BNBUSDT","interval":"1h","verdict":"WAIT","score":59,"price":647.01,"msg":"scanner"}
{"level":30,"time":1773141236789,"pid":29428,"hostname":"DESKTOP-KPAMGTB","module":"binance","symbol":"BTCUSDT","interval":"5m","verdict":"WAIT","score":44,"price":70654.83,"msg":"scanner"}
{"level":30,"time":1773141236810,"pid":29428,"hostname":"DESKTOP-KPAMGTB","module":"binance","symbol":"ETHUSDT","interval":"1h","verdict":"WAIT","score":50,"price":2059.56,"msg":"scanner"}
{"level":30,"time":1773141236836,"pid":29428,"hostname":"DESKTOP-KPAMGTB","module":"binance","symbol":"SOLUSDT","interval":"1h","verdict":"WAIT","score":59,"price":86.79,"msg":"scanner"}
{"level":30,"time":1773141236842,"pid":29428,"hostname":"DESKTOP-KPAMGTB","module":"binance","symbol":"BTCUSDT","interval":"1h","verdict":"WAIT","score":56,"price":70654.83,"msg":"scanner"}
{"level":30,"time":1773141237010,"pid":29428,"hostname":"DESKTOP-KPAMGTB","module":"binance","symbol":"XRPUSDT","interval":"1h","verdict":"WAIT","score":56,"price":1.3999,"msg":"scanner"}
{"level":30,"time":1773141237027,"pid":29428,"hostname":"DESKTOP-KPAMGTB","module":"binance","symbol":"SOLUSDT","interval":"1h","verdict":"WAIT","score":59,"price":86.8,"msg":"scanner"}
{"level":30,"time":1773141237171,"pid":29428,"hostname":"DESKTOP-KPAMGTB","module":"binance","symbol":"BTCUSDT","interval":"4h","verdict":"BUY","score":69,"price":70654.83,"msg":"scanner"}
{"level":30,"time":1773141237320,"pid":29428,"hostname":"DESKTOP-KPAMGTB","module":"binance","symbol":"BTCUSDT","interval":"1h","verdict":"WAIT","score":56,"price":70654.83,"msg":"scanner"}
{"level":30,"time":1773141237390,"pid":29428,"hostname":"DESKTOP-KPAMGTB","module":"binance","symbol":"BNBUSDT","interval":"1h","verdict":"WAIT","score":59,"price":647.01,"msg":"scanner"}
{"level":30,"time":1773141237703,"pid":29428,"hostname":"DESKTOP-KPAMGTB","module":"binance","symbol":"BTCUSDT","interval":"5m","verdict":"WAIT","score":44,"price":70654.83,"msg":"scanner"}
{"level":30,"time":1773141237813,"pid":29428,"hostname":"DESKTOP-KPAMGTB","module":"binance","symbol":"ETHUSDT","interval":"1h","verdict":"WAIT","score":50,"price":2059.56,"msg":"scanner"}
{"level":30,"time":1773141237906,"pid":29428,"hostname":"DESKTOP-KPAMGTB","module":"binance","symbol":"XRPUSDT","interval":"1h","verdict":"WAIT","score":56,"price":1.3998,"msg":"scanner"}
{"level":30,"time":1773141252321,"pid":29428,"hostname":"DESKTOP-KPAMGTB","module":"binance","assets":18,"msg":"balance"}
{"level":30,"time":1773141252768,"pid":29428,"hostname":"DESKTOP-KPAMGTB","module":"binance","assets":18,"msg":"balance"}
{"level":30,"time":1773141296306,"pid":29428,"hostname":"DESKTOP-KPAMGTB","module":"binance","symbol":"BTCUSDT","interval":"5m","verdict":"WAIT","score":47,"price":70607.41,"msg":"scanner"}
{"level":30,"time":1773141297284,"pid":29428,"hostname":"DESKTOP-KPAMGTB","module":"binance","symbol":"BTCUSDT","interval":"5m","verdict":"WAIT","score":47,"price":70607.41,"msg":"scanner"}
{"level":30,"time":1773141433945,"pid":29428,"hostname":"DESKTOP-KPAMGTB","module":"binance","symbol":"ETHUSDT","interval":"1h","verdict":"WAIT","score":50,"price":2059.54,"msg":"scanner"}
{"level":30,"time":1773141433955,"pid":29428,"hostname":"DESKTOP-KPAMGTB","module":"binance","symbol":"SOLUSDT","interval":"1h","verdict":"WAIT","score":59,"price":86.79,"msg":"scanner"}
{"level":30,"time":1773141433962,"pid":29428,"hostname":"DESKTOP-KPAMGTB","module":"binance","symbol":"BNBUSDT","interval":"1h","verdict":"WAIT","score":59,"price":646.6,"msg":"scanner"}
{"level":30,"time":1773141434097,"pid":29428,"hostname":"DESKTOP-KPAMGTB","module":"binance","symbol":"BNBUSDT","interval":"1h","verdict":"WAIT","score":59,"price":646.6,"msg":"scanner"}
{"level":30,"time":1773141434119,"pid":29428,"hostname":"DESKTOP-KPAMGTB","module":"binance","symbol":"XRPUSDT","interval":"1h","verdict":"WAIT","score":59,"price":1.3971,"msg":"scanner"}
{"level":30,"time":1773141434131,"pid":29428,"hostname":"DESKTOP-KPAMGTB","module":"binance","symbol":"ETHUSDT","interval":"1h","verdict":"WAIT","score":50,"price":2059.54,"msg":"scanner"}
{"level":30,"time":1773141434172,"pid":29428,"hostname":"DESKTOP-KPAMGTB","module":"binance","symbol":"BTCUSDT","interval":"1h","verdict":"WAIT","score":53,"price":70688.16,"msg":"scanner"}
{"level":30,"time":1773141434190,"pid":29428,"hostname":"DESKTOP-KPAMGTB","module":"binance","symbol":"BTCUSDT","interval":"1h","verdict":"WAIT","score":53,"price":70688.16,"msg":"scanner"}
{"level":30,"time":1773141434197,"pid":29428,"hostname":"DESKTOP-KPAMGTB","module":"binance","symbol":"BTCUSDT","interval":"5m","verdict":"WAIT","score":47,"price":70688.16,"msg":"scanner"}
{"level":30,"time":1773141434394,"pid":29428,"hostname":"DESKTOP-KPAMGTB","module":"binance","symbol":"XRPUSDT","interval":"1h","verdict":"WAIT","score":59,"price":1.3971,"msg":"scanner"}
{"level":30,"time":1773141434757,"pid":29428,"hostname":"DESKTOP-KPAMGTB","module":"binance","symbol":"SOLUSDT","interval":"1h","verdict":"WAIT","score":59,"price":86.79,"msg":"scanner"}
{"level":30,"time":1773141434775,"pid":29428,"hostname":"DESKTOP-KPAMGTB","module":"binance","symbol":"BTCUSDT","interval":"5m","verdict":"WAIT","score":47,"price":70688.16,"msg":"scanner"}
{"level":30,"time":1773141469724,"pid":29428,"hostname":"DESKTOP-KPAMGTB","module":"binance","assets":18,"msg":"balance"}
{"level":30,"time":1773141469753,"pid":29428,"hostname":"DESKTOP-KPAMGTB","module":"binance","assets":18,"msg":"balance"}
{"level":30,"time":1773141475591,"pid":29428,"hostname":"DESKTOP-KPAMGTB","module":"binance","symbol":"BTCUSDT","interval":"5m","verdict":"WAIT","score":53,"price":70663.44,"msg":"scanner"}
{"level":30,"time":1773141475890,"pid":29428,"hostname":"DESKTOP-KPAMGTB","module":"binance","symbol":"BTCUSDT","interval":"5m","verdict":"WAIT","score":53,"price":70663.44,"msg":"scanner"}
{"level":30,"time":1773141557242,"pid":29428,"hostname":"DESKTOP-KPAMGTB","module":"binance","assets":18,"msg":"balance"}
{"level":30,"time":1773141557784,"pid":29428,"hostname":"DESKTOP-KPAMGTB","module":"binance","assets":18,"msg":"balance"}
{"level":30,"time":1773141563944,"pid":29428,"hostname":"DESKTOP-KPAMGTB","module":"binance","symbol":"ETHUSDT","interval":"1h","verdict":"WAIT","score":50,"price":2059.86,"msg":"scanner"}
{"level":30,"time":1773141563973,"pid":29428,"hostname":"DESKTOP-KPAMGTB","module":"binance","symbol":"SOLUSDT","interval":"1h","verdict":"WAIT","score":59,"price":86.78,"msg":"scanner"}
{"level":30,"time":1773141563979,"pid":29428,"hostname":"DESKTOP-KPAMGTB","module":"binance","symbol":"BTCUSDT","interval":"5m","verdict":"WAIT","score":50,"price":70671.21,"msg":"scanner"}
{"level":30,"time":1773141563987,"pid":29428,"hostname":"DESKTOP-KPAMGTB","module":"binance","symbol":"BNBUSDT","interval":"1h","verdict":"WAIT","score":59,"price":646.63,"msg":"scanner"}
{"level":30,"time":1773141563998,"pid":29428,"hostname":"DESKTOP-KPAMGTB","module":"binance","symbol":"XRPUSDT","interval":"1h","verdict":"WAIT","score":59,"price":1.3972,"msg":"scanner"}
{"level":30,"time":1773141564009,"pid":29428,"hostname":"DESKTOP-KPAMGTB","module":"binance","symbol":"BTCUSDT","interval":"1h","verdict":"WAIT","score":56,"price":70671.21,"msg":"scanner"}
{"level":30,"time":1773141564216,"pid":29428,"hostname":"DESKTOP-KPAMGTB","module":"binance","symbol":"BNBUSDT","interval":"1h","verdict":"WAIT","score":59,"price":646.63,"msg":"scanner"}
{"level":30,"time":1773141564260,"pid":29428,"hostname":"DESKTOP-KPAMGTB","module":"binance","symbol":"BTCUSDT","interval":"4h","verdict":"BUY","score":69,"price":70671.21,"msg":"scanner"}
{"level":30,"time":1773141564290,"pid":29428,"hostname":"DESKTOP-KPAMGTB","module":"binance","symbol":"XRPUSDT","interval":"1h","verdict":"WAIT","score":59,"price":1.3972,"msg":"scanner"}
{"level":30,"time":1773141564343,"pid":29428,"hostname":"DESKTOP-KPAMGTB","module":"binance","symbol":"BTCUSDT","interval":"5m","verdict":"WAIT","score":50,"price":70671.21,"msg":"scanner"}
{"level":30,"time":1773141564644,"pid":29428,"hostname":"DESKTOP-KPAMGTB","module":"binance","symbol":"ETHUSDT","interval":"1h","verdict":"WAIT","score":50,"price":2059.86,"msg":"scanner"}
{"level":30,"time":1773141564722,"pid":29428,"hostname":"DESKTOP-KPAMGTB","module":"binance","symbol":"SOLUSDT","interval":"1h","verdict":"WAIT","score":59,"price":86.78,"msg":"scanner"}
{"level":30,"time":1773141619126,"pid":29428,"hostname":"DESKTOP-KPAMGTB","module":"binance","symbol":"BTCUSDT","interval":"5m","verdict":"WAIT","score":53,"price":70636.01,"msg":"scanner"}
{"level":30,"time":1773141619377,"pid":29428,"hostname":"DESKTOP-KPAMGTB","module":"binance","symbol":"BTCUSDT","interval":"5m","verdict":"WAIT","score":53,"price":70636.01,"msg":"scanner"}
{"level":30,"time":1773141895240,"pid":29428,"hostname":"DESKTOP-KPAMGTB","module":"binance","assets":18,"msg":"balance"}
{"level":30,"time":1773141895268,"pid":29428,"hostname":"DESKTOP-KPAMGTB","module":"binance","assets":18,"msg":"balance"}
{"level":30,"time":1773141912347,"pid":29428,"hostname":"DESKTOP-KPAMGTB","module":"binance","symbol":"ETHUSDT","interval":"1h","verdict":"WAIT","score":59,"price":2065.35,"msg":"scanner"}
{"level":30,"time":1773141912356,"pid":29428,"hostname":"DESKTOP-KPAMGTB","module":"binance","symbol":"BNBUSDT","interval":"1h","verdict":"WAIT","score":59,"price":646.73,"msg":"scanner"}
{"level":30,"time":1773141912370,"pid":29428,"hostname":"DESKTOP-KPAMGTB","module":"binance","symbol":"BTCUSDT","interval":"1h","verdict":"WAIT","score":53,"price":70750,"msg":"scanner"}
{"level":30,"time":1773141912381,"pid":29428,"hostname":"DESKTOP-KPAMGTB","module":"binance","symbol":"XRPUSDT","interval":"1h","verdict":"WAIT","score":56,"price":1.3982,"msg":"scanner"}
{"level":30,"time":1773141912387,"pid":29428,"hostname":"DESKTOP-KPAMGTB","module":"binance","symbol":"SOLUSDT","interval":"1h","verdict":"WAIT","score":56,"price":86.99,"msg":"scanner"}
{"level":30,"time":1773141912767,"pid":29428,"hostname":"DESKTOP-KPAMGTB","module":"binance","symbol":"BTCUSDT","interval":"5m","verdict":"WAIT","score":47,"price":70749.99,"msg":"scanner"}
{"level":30,"time":1773141912785,"pid":29428,"hostname":"DESKTOP-KPAMGTB","module":"binance","symbol":"BTCUSDT","interval":"4h","verdict":"BUY","score":69,"price":70749.99,"msg":"scanner"}
{"level":30,"time":1773141943362,"pid":29428,"hostname":"DESKTOP-KPAMGTB","module":"binance","symbol":"ETHUSDT","interval":"5m","verdict":"WAIT","score":63,"price":2064.01,"msg":"scanner"}
{"level":30,"time":1773141943377,"pid":29428,"hostname":"DESKTOP-KPAMGTB","module":"binance","symbol":"BTCUSDT","interval":"5m","verdict":"WAIT","score":47,"price":70700.01,"msg":"scanner"}
{"level":30,"time":1773141943644,"pid":29428,"hostname":"DESKTOP-KPAMGTB","module":"binance","symbol":"ETHUSDT","interval":"4h","verdict":"WAIT","score":56,"price":2064.01,"msg":"scanner"}
{"level":30,"time":1773141943899,"pid":29428,"hostname":"DESKTOP-KPAMGTB","module":"binance","symbol":"BNBUSDT","interval":"5m","verdict":"WAIT","score":38,"price":646.48,"msg":"scanner"}
{"level":30,"time":1773141943981,"pid":29428,"hostname":"DESKTOP-KPAMGTB","module":"binance","symbol":"BNBUSDT","interval":"4h","verdict":"WAIT","score":56,"price":646.48,"msg":"scanner"}
{"level":30,"time":1773141944199,"pid":29428,"hostname":"DESKTOP-KPAMGTB","module":"binance","symbol":"SOLUSDT","interval":"5m","verdict":"WAIT","score":47,"price":86.95,"msg":"scanner"}
{"level":30,"time":1773141944635,"pid":29428,"hostname":"DESKTOP-KPAMGTB","module":"binance","symbol":"SOLUSDT","interval":"4h","verdict":"WAIT","score":59,"price":86.95,"msg":"scanner"}
{"level":30,"time":1773141945061,"pid":29428,"hostname":"DESKTOP-KPAMGTB","module":"binance","symbol":"XRPUSDT","interval":"5m","verdict":"WAIT","score":53,"price":1.397,"msg":"scanner"}
{"level":30,"time":1773141945113,"pid":29428,"hostname":"DESKTOP-KPAMGTB","module":"binance","symbol":"XRPUSDT","interval":"4h","verdict":"WAIT","score":63,"price":1.397,"msg":"scanner"}
{"level":30,"time":1773141945464,"pid":29428,"hostname":"DESKTOP-KPAMGTB","module":"binance","symbol":"DOGEUSDT","interval":"1h","verdict":"BUY","score":66,"price":0.0951,"msg":"scanner"}
{"level":30,"time":1773141945529,"pid":29428,"hostname":"DESKTOP-KPAMGTB","module":"binance","symbol":"DOGEUSDT","interval":"5m","verdict":"WAIT","score":56,"price":0.0951,"msg":"scanner"}
{"level":30,"time":1773141945617,"pid":29428,"hostname":"DESKTOP-KPAMGTB","module":"binance","symbol":"ADAUSDT","interval":"5m","verdict":"WAIT","score":53,"price":0.2663,"msg":"scanner"}
{"level":30,"time":1773141945732,"pid":29428,"hostname":"DESKTOP-KPAMGTB","module":"binance","symbol":"DOGEUSDT","interval":"4h","verdict":"WAIT","score":59,"price":0.0951,"msg":"scanner"}
{"level":30,"time":1773141945949,"pid":29428,"hostname":"DESKTOP-KPAMGTB","module":"binance","symbol":"ADAUSDT","interval":"1h","verdict":"BUY","score":66,"price":0.2663,"msg":"scanner"}
{"level":30,"time":1773141946070,"pid":29428,"hostname":"DESKTOP-KPAMGTB","module":"binance","symbol":"ADAUSDT","interval":"4h","verdict":"WAIT","score":59,"price":0.2663,"msg":"scanner"}
{"level":30,"time":1773141946217,"pid":29428,"hostname":"DESKTOP-KPAMGTB","module":"binance","symbol":"AVAXUSDT","interval":"5m","verdict":"BUY","score":66,"price":9.58,"msg":"scanner"}
{"level":30,"time":1773141946372,"pid":29428,"hostname":"DESKTOP-KPAMGTB","module":"binance","symbol":"AVAXUSDT","interval":"1h","verdict":"BUY","score":69,"price":9.58,"msg":"scanner"}
{"level":30,"time":1773141946666,"pid":29428,"hostname":"DESKTOP-KPAMGTB","module":"binance","symbol":"AVAXUSDT","interval":"4h","verdict":"BUY","score":66,"price":9.58,"msg":"scanner"}
{"level":30,"time":1773141947097,"pid":29428,"hostname":"DESKTOP-KPAMGTB","module":"binance","symbol":"TRXUSDT","interval":"1h","verdict":"WAIT","score":50,"price":0.2851,"msg":"scanner"}
{"level":30,"time":1773141947471,"pid":29428,"hostname":"DESKTOP-KPAMGTB","module":"binance","symbol":"TRXUSDT","interval":"4h","verdict":"WAIT","score":41,"price":0.2851,"msg":"scanner"}
{"level":30,"time":1773141947986,"pid":29428,"hostname":"DESKTOP-KPAMGTB","module":"binance","symbol":"TRXUSDT","interval":"5m","verdict":"WAIT","score":38,"price":0.2851,"msg":"scanner"}
{"level":30,"time":1773141948039,"pid":29428,"hostname":"DESKTOP-KPAMGTB","module":"binance","symbol":"DOTUSDT","interval":"5m","verdict":"WAIT","score":50,"price":1.521,"msg":"scanner"}
{"level":30,"time":1773141948567,"pid":29428,"hostname":"DESKTOP-KPAMGTB","module":"binance","symbol":"DOTUSDT","interval":"1h","verdict":"WAIT","score":63,"price":1.521,"msg":"scanner"}
{"level":30,"time":1773141948669,"pid":29428,"hostname":"DESKTOP-KPAMGTB","module":"binance","symbol":"DOTUSDT","interval":"4h","verdict":"WAIT","score":63,"price":1.521,"msg":"scanner"}
{"level":30,"time":1773141948788,"pid":29428,"hostname":"DESKTOP-KPAMGTB","module":"binance","symbol":"LINKUSDT","interval":"5m","verdict":"WAIT","score":59,"price":9.1,"msg":"scanner"}
{"level":30,"time":1773141948855,"pid":29428,"hostname":"DESKTOP-KPAMGTB","module":"binance","symbol":"LINKUSDT","interval":"1h","verdict":"WAIT","score":59,"price":9.1,"msg":"scanner"}
{"level":30,"time":1773141949218,"pid":29428,"hostname":"DESKTOP-KPAMGTB","module":"binance","symbol":"LINKUSDT","interval":"4h","verdict":"BUY","score":66,"price":9.1,"msg":"scanner"}
{"level":30,"time":1773141949320,"pid":29428,"hostname":"DESKTOP-KPAMGTB","module":"binance","symbol":"MATICUSDT","interval":"5m","verdict":"WAIT","score":59,"price":0.3794,"msg":"scanner"}
{"level":30,"time":1773141949635,"pid":29428,"hostname":"DESKTOP-KPAMGTB","module":"binance","symbol":"MATICUSDT","interval":"1h","verdict":"WAIT","score":47,"price":0.3794,"msg":"scanner"}
{"level":30,"time":1773141949683,"pid":29428,"hostname":"DESKTOP-KPAMGTB","module":"binance","symbol":"MATICUSDT","interval":"4h","verdict":"WAIT","score":41,"price":0.3794,"msg":"scanner"}
{"level":30,"time":1773141950517,"pid":29428,"hostname":"DESKTOP-KPAMGTB","module":"binance","symbol":"LTCUSDT","interval":"5m","verdict":"BUY","score":69,"price":54.26,"msg":"scanner"}
{"level":30,"time":1773141950599,"pid":29428,"hostname":"DESKTOP-KPAMGTB","module":"binance","symbol":"LTCUSDT","interval":"1h","verdict":"BUY","score":69,"price":54.26,"msg":"scanner"}
{"level":30,"time":1773141950749,"pid":29428,"hostname":"DESKTOP-KPAMGTB","module":"binance","symbol":"LTCUSDT","interval":"4h","verdict":"WAIT","score":56,"price":54.26,"msg":"scanner"}
{"level":30,"time":1773141950821,"pid":29428,"hostname":"DESKTOP-KPAMGTB","module":"binance","symbol":"SHIBUSDT","interval":"5m","verdict":"WAIT","score":56,"price":0.00000573,"msg":"scanner"}
{"level":30,"time":1773141951176,"pid":29428,"hostname":"DESKTOP-KPAMGTB","module":"binance","symbol":"SHIBUSDT","interval":"1h","verdict":"WAIT","score":63,"price":0.00000573,"msg":"scanner"}
{"level":30,"time":1773141951272,"pid":29428,"hostname":"DESKTOP-KPAMGTB","module":"binance","symbol":"SHIBUSDT","interval":"4h","verdict":"WAIT","score":63,"price":0.00000573,"msg":"scanner"}
{"level":30,"time":1773141951331,"pid":29428,"hostname":"DESKTOP-KPAMGTB","module":"binance","symbol":"UNIUSDT","interval":"5m","verdict":"WAIT","score":47,"price":3.942,"msg":"scanner"}
{"level":30,"time":1773141951350,"pid":29428,"hostname":"DESKTOP-KPAMGTB","module":"binance","symbol":"UNIUSDT","interval":"1h","verdict":"WAIT","score":53,"price":3.942,"msg":"scanner"}
{"level":30,"time":1773141951711,"pid":29428,"hostname":"DESKTOP-KPAMGTB","module":"binance","symbol":"UNIUSDT","interval":"4h","verdict":"WAIT","score":63,"price":3.943,"msg":"scanner"}
{"level":30,"time":1773141951799,"pid":29428,"hostname":"DESKTOP-KPAMGTB","module":"binance","symbol":"ATOMUSDT","interval":"5m","verdict":"WAIT","score":63,"price":1.789,"msg":"scanner"}
{"level":30,"time":1773141951868,"pid":29428,"hostname":"DESKTOP-KPAMGTB","module":"binance","symbol":"ATOMUSDT","interval":"1h","verdict":"WAIT","score":59,"price":1.789,"msg":"scanner"}
{"level":30,"time":1773141951886,"pid":29428,"hostname":"DESKTOP-KPAMGTB","module":"binance","symbol":"ATOMUSDT","interval":"4h","verdict":"WAIT","score":63,"price":1.789,"msg":"scanner"}
{"level":30,"time":1773141952156,"pid":29428,"hostname":"DESKTOP-KPAMGTB","module":"binance","symbol":"ETCUSDT","interval":"5m","verdict":"BUY","score":66,"price":8.37,"msg":"scanner"}
{"level":30,"time":1773141952394,"pid":29428,"hostname":"DESKTOP-KPAMGTB","module":"binance","symbol":"ETCUSDT","interval":"1h","verdict":"WAIT","score":56,"price":8.37,"msg":"scanner"}
{"level":30,"time":1773141952423,"pid":29428,"hostname":"DESKTOP-KPAMGTB","module":"binance","symbol":"ETCUSDT","interval":"4h","verdict":"WAIT","score":47,"price":8.37,"msg":"scanner"}
{"level":30,"time":1773141952439,"pid":29428,"hostname":"DESKTOP-KPAMGTB","module":"binance","symbol":"XLMUSDT","interval":"5m","verdict":"WAIT","score":63,"price":0.1622,"msg":"scanner"}
{"level":30,"time":1773141952854,"pid":29428,"hostname":"DESKTOP-KPAMGTB","module":"binance","symbol":"XLMUSDT","interval":"4h","verdict":"BUY","score":66,"price":0.1622,"msg":"scanner"}
{"level":30,"time":1773141952937,"pid":29428,"hostname":"DESKTOP-KPAMGTB","module":"binance","symbol":"APTUSDT","interval":"5m","verdict":"BUY","score":66,"price":0.982,"msg":"scanner"}
{"level":30,"time":1773141952985,"pid":29428,"hostname":"DESKTOP-KPAMGTB","module":"binance","symbol":"APTUSDT","interval":"1h","verdict":"WAIT","score":63,"price":0.982,"msg":"scanner"}
{"level":30,"time":1773141953184,"pid":29428,"hostname":"DESKTOP-KPAMGTB","module":"binance","symbol":"APTUSDT","interval":"4h","verdict":"WAIT","score":56,"price":0.982,"msg":"scanner"}
{"level":30,"time":1773141953220,"pid":29428,"hostname":"DESKTOP-KPAMGTB","module":"binance","symbol":"XLMUSDT","interval":"1h","verdict":"BUY","score":69,"price":0.1622,"msg":"scanner"}
{"level":30,"time":1773141953355,"pid":29428,"hostname":"DESKTOP-KPAMGTB","module":"binance","symbol":"NEARUSDT","interval":"1h","verdict":"WAIT","score":53,"price":1.303,"msg":"scanner"}
{"level":30,"time":1773141953971,"pid":29428,"hostname":"DESKTOP-KPAMGTB","module":"binance","symbol":"NEARUSDT","interval":"4h","verdict":"WAIT","score":63,"price":1.303,"msg":"scanner"}
{"level":30,"time":1773141954162,"pid":29428,"hostname":"DESKTOP-KPAMGTB","module":"binance","symbol":"NEARUSDT","interval":"5m","verdict":"WAIT","score":63,"price":1.303,"msg":"scanner"}
{"level":30,"time":1773142015033,"pid":29428,"hostname":"DESKTOP-KPAMGTB","module":"binance","symbol":"ETHUSDT","interval":"5m","verdict":"BUY","score":66,"price":2065.69,"msg":"scanner"}
{"level":30,"time":1773142024858,"pid":29428,"hostname":"DESKTOP-KPAMGTB","module":"binance","symbol":"XRPUSDT","interval":"5m","verdict":"WAIT","score":53,"price":1.3967,"msg":"scanner"}
{"level":30,"time":1773142036168,"pid":29428,"hostname":"DESKTOP-KPAMGTB","module":"binance","symbol":"BTCUSDT","interval":"1h","verdict":"WAIT","score":53,"price":70720.69,"msg":"scanner"}
{"level":30,"time":1773142036183,"pid":29428,"hostname":"DESKTOP-KPAMGTB","module":"binance","symbol":"BTCUSDT","interval":"5m","verdict":"WAIT","score":47,"price":70720.69,"msg":"scanner"}
{"level":30,"time":1773142040402,"pid":29428,"hostname":"DESKTOP-KPAMGTB","module":"binance","assets":18,"msg":"balance"}
{"level":30,"time":1773142040422,"pid":29428,"hostname":"DESKTOP-KPAMGTB","module":"binance","assets":18,"msg":"balance"}
{"level":30,"time":1773142121416,"pid":29428,"hostname":"DESKTOP-KPAMGTB","module":"binance","symbol":"BNBUSDT","interval":"1h","verdict":"BUY","score":66,"price":645.71,"msg":"scanner"}
{"level":30,"time":1773142121423,"pid":29428,"hostname":"DESKTOP-KPAMGTB","module":"binance","symbol":"ETHUSDT","interval":"1h","verdict":"WAIT","score":59,"price":2063.08,"msg":"scanner"}
{"level":30,"time":1773142121435,"pid":29428,"hostname":"DESKTOP-KPAMGTB","module":"binance","symbol":"BTCUSDT","interval":"5m","verdict":"WAIT","score":50,"price":70598.68,"msg":"scanner"}
{"level":30,"time":1773142121451,"pid":29428,"hostname":"DESKTOP-KPAMGTB","module":"binance","symbol":"SOLUSDT","interval":"1h","verdict":"WAIT","score":59,"price":86.79,"msg":"scanner"}
{"level":30,"time":1773142121459,"pid":29428,"hostname":"DESKTOP-KPAMGTB","module":"binance","symbol":"XRPUSDT","interval":"1h","verdict":"WAIT","score":59,"price":1.3931,"msg":"scanner"}
{"level":30,"time":1773142121608,"pid":29428,"hostname":"DESKTOP-KPAMGTB","module":"binance","symbol":"BNBUSDT","interval":"1h","verdict":"BUY","score":66,"price":645.71,"msg":"scanner"}
{"level":30,"time":1773142121752,"pid":29428,"hostname":"DESKTOP-KPAMGTB","module":"binance","symbol":"ETHUSDT","interval":"1h","verdict":"WAIT","score":59,"price":2063.08,"msg":"scanner"}
{"level":30,"time":1773142121969,"pid":29428,"hostname":"DESKTOP-KPAMGTB","module":"binance","symbol":"SOLUSDT","interval":"1h","verdict":"WAIT","score":59,"price":86.79,"msg":"scanner"}
{"level":30,"time":1773142122019,"pid":29428,"hostname":"DESKTOP-KPAMGTB","module":"binance","symbol":"BTCUSDT","interval":"5m","verdict":"WAIT","score":50,"price":70598.68,"msg":"scanner"}
{"level":30,"time":1773142122038,"pid":29428,"hostname":"DESKTOP-KPAMGTB","module":"binance","symbol":"XRPUSDT","interval":"1h","verdict":"WAIT","score":59,"price":1.3931,"msg":"scanner"}
{"level":30,"time":1773142336765,"pid":29428,"hostname":"DESKTOP-KPAMGTB","module":"binance","symbol":"XRPUSDT","interval":"1h","verdict":"WAIT","score":59,"price":1.3926,"msg":"scanner"}
{"level":30,"time":1773142336861,"pid":29428,"hostname":"DESKTOP-KPAMGTB","module":"binance","symbol":"SOLUSDT","interval":"1h","verdict":"WAIT","score":59,"price":86.78,"msg":"scanner"}
{"level":30,"time":1773142336920,"pid":29428,"hostname":"DESKTOP-KPAMGTB","module":"binance","symbol":"BNBUSDT","interval":"1h","verdict":"WAIT","score":59,"price":646.14,"msg":"scanner"}
{"level":30,"time":1773142336938,"pid":29428,"hostname":"DESKTOP-KPAMGTB","module":"binance","symbol":"BTCUSDT","interval":"4h","verdict":"BUY","score":69,"price":70598.98,"msg":"scanner"}
{"level":30,"time":1773142336967,"pid":29428,"hostname":"DESKTOP-KPAMGTB","module":"binance","symbol":"BTCUSDT","interval":"5m","verdict":"WAIT","score":44,"price":70598.98,"msg":"scanner"}
{"level":30,"time":1773142336995,"pid":29428,"hostname":"DESKTOP-KPAMGTB","module":"binance","symbol":"ETHUSDT","interval":"1h","verdict":"WAIT","score":59,"price":2063.46,"msg":"scanner"}
{"level":30,"time":1773142337058,"pid":29428,"hostname":"DESKTOP-KPAMGTB","module":"binance","symbol":"BTCUSDT","interval":"1h","verdict":"WAIT","score":56,"price":70598.98,"msg":"scanner"}
{"level":30,"time":1773142354375,"pid":29428,"hostname":"DESKTOP-KPAMGTB","module":"binance","symbol":"ETHUSDT","interval":"5m","verdict":"BUY","score":69,"price":2063.18,"msg":"scanner"}
{"level":30,"time":1773142354388,"pid":29428,"hostname":"DESKTOP-KPAMGTB","module":"binance","symbol":"ETHUSDT","interval":"4h","verdict":"WAIT","score":56,"price":2063.18,"msg":"scanner"}
{"level":30,"time":1773142365483,"pid":29428,"hostname":"DESKTOP-KPAMGTB","module":"binance","assets":18,"msg":"balance"}
{"level":30,"time":1773142365957,"pid":29428,"hostname":"DESKTOP-KPAMGTB","module":"binance","assets":18,"msg":"balance"}
{"level":30,"time":1773142434086,"pid":29428,"hostname":"DESKTOP-KPAMGTB","module":"binance","symbol":"BTCUSDT","interval":"5m","verdict":"WAIT","score":50,"price":70609.26,"msg":"scanner"}
{"level":30,"time":1773142434576,"pid":29428,"hostname":"DESKTOP-KPAMGTB","module":"binance","symbol":"BTCUSDT","interval":"5m","verdict":"WAIT","score":44,"price":70600.21,"msg":"scanner"}
{"level":30,"time":1773142496655,"pid":29428,"hostname":"DESKTOP-KPAMGTB","module":"binance","assets":18,"msg":"balance"}
{"level":30,"time":1773142496722,"pid":29428,"hostname":"DESKTOP-KPAMGTB","module":"binance","assets":18,"msg":"balance"}
{"level":30,"time":1773142524098,"pid":29428,"hostname":"DESKTOP-KPAMGTB","module":"binance","symbol":"BTCUSDT","interval":"5m","verdict":"WAIT","score":50,"price":70630.77,"msg":"scanner"}
{"level":30,"time":1773142524111,"pid":29428,"hostname":"DESKTOP-KPAMGTB","module":"binance","symbol":"SOLUSDT","interval":"1h","verdict":"WAIT","score":59,"price":86.8,"msg":"scanner"}
{"level":30,"time":1773142524123,"pid":29428,"hostname":"DESKTOP-KPAMGTB","module":"binance","symbol":"BTCUSDT","interval":"1h","verdict":"WAIT","score":56,"price":70630.77,"msg":"scanner"}
{"level":30,"time":1773142524141,"pid":29428,"hostname":"DESKTOP-KPAMGTB","module":"binance","symbol":"BNBUSDT","interval":"1h","verdict":"WAIT","score":59,"price":646.15,"msg":"scanner"}
{"level":30,"time":1773142524190,"pid":29428,"hostname":"DESKTOP-KPAMGTB","module":"binance","symbol":"ETHUSDT","interval":"1h","verdict":"WAIT","score":59,"price":2064.99,"msg":"scanner"}
{"level":30,"time":1773142524205,"pid":29428,"hostname":"DESKTOP-KPAMGTB","module":"binance","symbol":"XRPUSDT","interval":"1h","verdict":"WAIT","score":59,"price":1.3928,"msg":"scanner"}
{"level":30,"time":1773142524338,"pid":29428,"hostname":"DESKTOP-KPAMGTB","module":"binance","symbol":"XRPUSDT","interval":"1h","verdict":"WAIT","score":59,"price":1.3928,"msg":"scanner"}
{"level":30,"time":1773142524389,"pid":29428,"hostname":"DESKTOP-KPAMGTB","module":"binance","symbol":"BNBUSDT","interval":"1h","verdict":"WAIT","score":59,"price":646.15,"msg":"scanner"}
{"level":30,"time":1773142524448,"pid":29428,"hostname":"DESKTOP-KPAMGTB","module":"binance","symbol":"BTCUSDT","interval":"5m","verdict":"WAIT","score":50,"price":70630.77,"msg":"scanner"}
{"level":30,"time":1773142524465,"pid":29428,"hostname":"DESKTOP-KPAMGTB","module":"binance","symbol":"ETHUSDT","interval":"1h","verdict":"WAIT","score":59,"price":2064.99,"msg":"scanner"}
{"level":30,"time":1773142524489,"pid":29428,"hostname":"DESKTOP-KPAMGTB","module":"binance","symbol":"SOLUSDT","interval":"1h","verdict":"WAIT","score":59,"price":86.8,"msg":"scanner"}
{"level":30,"time":1773142542281,"pid":29428,"hostname":"DESKTOP-KPAMGTB","module":"binance","symbol":"BNBUSDT","interval":"5m","verdict":"AVOID","score":34,"price":646.21,"msg":"scanner"}
{"level":30,"time":1773142542464,"pid":29428,"hostname":"DESKTOP-KPAMGTB","module":"binance","symbol":"SOLUSDT","interval":"5m","verdict":"WAIT","score":50,"price":86.79,"msg":"scanner"}
{"level":30,"time":1773142542581,"pid":29428,"hostname":"DESKTOP-KPAMGTB","module":"binance","symbol":"XRPUSDT","interval":"5m","verdict":"WAIT","score":56,"price":1.393,"msg":"scanner"}
{"level":30,"time":1773142542598,"pid":29428,"hostname":"DESKTOP-KPAMGTB","module":"binance","symbol":"ETHUSDT","interval":"5m","verdict":"WAIT","score":63,"price":2064.92,"msg":"scanner"}
{"level":30,"time":1773142568368,"pid":29428,"hostname":"DESKTOP-KPAMGTB","module":"binance","symbol":"BTCUSDT","interval":"5m","verdict":"WAIT","score":50,"price":70635.45,"msg":"scanner"}
{"level":30,"time":1773142568504,"pid":29428,"hostname":"DESKTOP-KPAMGTB","module":"binance","symbol":"BTCUSDT","interval":"5m","verdict":"WAIT","score":50,"price":70635.45,"msg":"scanner"}
{"level":30,"time":1773142644435,"pid":29428,"hostname":"DESKTOP-KPAMGTB","module":"binance","assets":18,"msg":"balance"}
{"level":30,"time":1773142644533,"pid":29428,"hostname":"DESKTOP-KPAMGTB","module":"binance","assets":18,"msg":"balance"}
{"level":30,"time":1773142652750,"pid":29428,"hostname":"DESKTOP-KPAMGTB","module":"binance","symbol":"SOLUSDT","interval":"1h","verdict":"WAIT","score":59,"price":86.79,"msg":"scanner"}
{"level":30,"time":1773142652767,"pid":29428,"hostname":"DESKTOP-KPAMGTB","module":"binance","symbol":"BTCUSDT","interval":"1h","verdict":"WAIT","score":56,"price":70612.2,"msg":"scanner"}
{"level":30,"time":1773142652778,"pid":29428,"hostname":"DESKTOP-KPAMGTB","module":"binance","symbol":"XRPUSDT","interval":"1h","verdict":"WAIT","score":59,"price":1.3927,"msg":"scanner"}
{"level":30,"time":1773142652793,"pid":29428,"hostname":"DESKTOP-KPAMGTB","module":"binance","symbol":"BNBUSDT","interval":"1h","verdict":"BUY","score":66,"price":645.81,"msg":"scanner"}
{"level":30,"time":1773142652810,"pid":29428,"hostname":"DESKTOP-KPAMGTB","module":"binance","symbol":"BTCUSDT","interval":"5m","verdict":"WAIT","score":44,"price":70612.2,"msg":"scanner"}
{"level":30,"time":1773142652895,"pid":29428,"hostname":"DESKTOP-KPAMGTB","module":"binance","symbol":"ETHUSDT","interval":"1h","verdict":"WAIT","score":59,"price":2064.65,"msg":"scanner"}
{"level":30,"time":1773142653034,"pid":29428,"hostname":"DESKTOP-KPAMGTB","module":"binance","symbol":"XRPUSDT","interval":"1h","verdict":"WAIT","score":59,"price":1.3927,"msg":"scanner"}
{"level":30,"time":1773142653045,"pid":29428,"hostname":"DESKTOP-KPAMGTB","module":"binance","symbol":"BNBUSDT","interval":"1h","verdict":"BUY","score":66,"price":645.81,"msg":"scanner"}
{"level":30,"time":1773142653063,"pid":29428,"hostname":"DESKTOP-KPAMGTB","module":"binance","symbol":"BTCUSDT","interval":"5m","verdict":"WAIT","score":44,"price":70612.2,"msg":"scanner"}
{"level":30,"time":1773142653094,"pid":29428,"hostname":"DESKTOP-KPAMGTB","module":"binance","symbol":"BTCUSDT","interval":"1h","verdict":"WAIT","score":56,"price":70612.2,"msg":"scanner"}
{"level":30,"time":1773142653107,"pid":29428,"hostname":"DESKTOP-KPAMGTB","module":"binance","symbol":"ETHUSDT","interval":"1h","verdict":"WAIT","score":59,"price":2064.65,"msg":"scanner"}
{"level":30,"time":1773142653117,"pid":29428,"hostname":"DESKTOP-KPAMGTB","module":"binance","symbol":"SOLUSDT","interval":"1h","verdict":"WAIT","score":59,"price":86.79,"msg":"scanner"}
{"level":30,"time":1773142653407,"pid":29428,"hostname":"DESKTOP-KPAMGTB","module":"binance","symbol":"BTCUSDT","interval":"4h","verdict":"BUY","score":69,"price":70612.19,"msg":"scanner"}
{"level":30,"time":1773142711444,"pid":29428,"hostname":"DESKTOP-KPAMGTB","module":"binance","symbol":"BTCUSDT","interval":"5m","verdict":"WAIT","score":50,"price":70613.22,"msg":"scanner"}
{"level":30,"time":1773142711466,"pid":29428,"hostname":"DESKTOP-KPAMGTB","module":"binance","symbol":"ETHUSDT","interval":"5m","verdict":"BUY","score":66,"price":2064.6,"msg":"scanner"}
{"level":30,"time":1773142711669,"pid":29428,"hostname":"DESKTOP-KPAMGTB","module":"binance","symbol":"ETHUSDT","interval":"4h","verdict":"WAIT","score":56,"price":2064.6,"msg":"scanner"}
{"level":30,"time":1773142712136,"pid":29428,"hostname":"DESKTOP-KPAMGTB","module":"binance","symbol":"BNBUSDT","interval":"5m","verdict":"WAIT","score":38,"price":645.92,"msg":"scanner"}
{"level":30,"time":1773142712280,"pid":29428,"hostname":"DESKTOP-KPAMGTB","module":"binance","symbol":"BNBUSDT","interval":"4h","verdict":"WAIT","score":59,"price":645.92,"msg":"scanner"}
{"level":30,"time":1773142712630,"pid":29428,"hostname":"DESKTOP-KPAMGTB","module":"binance","symbol":"SOLUSDT","interval":"5m","verdict":"WAIT","score":47,"price":86.8,"msg":"scanner"}
{"level":30,"time":1773142712993,"pid":29428,"hostname":"DESKTOP-KPAMGTB","module":"binance","symbol":"SOLUSDT","interval":"4h","verdict":"WAIT","score":59,"price":86.8,"msg":"scanner"}
{"level":30,"time":1773142713110,"pid":29428,"hostname":"DESKTOP-KPAMGTB","module":"binance","symbol":"XRPUSDT","interval":"5m","verdict":"WAIT","score":47,"price":1.3926,"msg":"scanner"}
{"level":30,"time":1773142713364,"pid":29428,"hostname":"DESKTOP-KPAMGTB","module":"binance","symbol":"XRPUSDT","interval":"4h","verdict":"WAIT","score":63,"price":1.3926,"msg":"scanner"}
{"level":30,"time":1773142713672,"pid":29428,"hostname":"DESKTOP-KPAMGTB","module":"binance","symbol":"DOGEUSDT","interval":"5m","verdict":"WAIT","score":56,"price":0.09446,"msg":"scanner"}
{"level":30,"time":1773142713763,"pid":29428,"hostname":"DESKTOP-KPAMGTB","module":"binance","symbol":"DOGEUSDT","interval":"1h","verdict":"WAIT","score":56,"price":0.09446,"msg":"scanner"}
{"level":30,"time":1773142713824,"pid":29428,"hostname":"DESKTOP-KPAMGTB","module":"binance","symbol":"DOGEUSDT","interval":"4h","verdict":"WAIT","score":59,"price":0.09446,"msg":"scanner"}
{"level":30,"time":1773142714068,"pid":29428,"hostname":"DESKTOP-KPAMGTB","module":"binance","symbol":"ADAUSDT","interval":"5m","verdict":"WAIT","score":53,"price":0.2648,"msg":"scanner"}
{"level":30,"time":1773142714263,"pid":29428,"hostname":"DESKTOP-KPAMGTB","module":"binance","symbol":"ADAUSDT","interval":"1h","verdict":"WAIT","score":63,"price":0.265,"msg":"scanner"}
{"level":30,"time":1773142714418,"pid":29428,"hostname":"DESKTOP-KPAMGTB","module":"binance","symbol":"AVAXUSDT","interval":"5m","verdict":"WAIT","score":59,"price":9.55,"msg":"scanner"}
{"level":30,"time":1773142714446,"pid":29428,"hostname":"DESKTOP-KPAMGTB","module":"binance","symbol":"ADAUSDT","interval":"4h","verdict":"WAIT","score":59,"price":0.265,"msg":"scanner"}
{"level":30,"time":1773142714866,"pid":29428,"hostname":"DESKTOP-KPAMGTB","module":"binance","symbol":"AVAXUSDT","interval":"1h","verdict":"BUY","score":69,"price":9.55,"msg":"scanner"}
{"level":30,"time":1773142714950,"pid":29428,"hostname":"DESKTOP-KPAMGTB","module":"binance","symbol":"AVAXUSDT","interval":"4h","verdict":"BUY","score":66,"price":9.55,"msg":"scanner"}
{"level":30,"time":1773142715017,"pid":29428,"hostname":"DESKTOP-KPAMGTB","module":"binance","symbol":"TRXUSDT","interval":"5m","verdict":"WAIT","score":41,"price":0.2844,"msg":"scanner"}
{"level":30,"time":1773142715030,"pid":29428,"hostname":"DESKTOP-KPAMGTB","module":"binance","symbol":"TRXUSDT","interval":"1h","verdict":"WAIT","score":38,"price":0.2844,"msg":"scanner"}
{"level":30,"time":1773142715386,"pid":29428,"hostname":"DESKTOP-KPAMGTB","module":"binance","symbol":"TRXUSDT","interval":"4h","verdict":"WAIT","score":41,"price":0.2844,"msg":"scanner"}
{"level":30,"time":1773142715747,"pid":29428,"hostname":"DESKTOP-KPAMGTB","module":"binance","symbol":"DOTUSDT","interval":"5m","verdict":"WAIT","score":47,"price":1.518,"msg":"scanner"}
{"level":30,"time":1773142715778,"pid":29428,"hostname":"DESKTOP-KPAMGTB","module":"binance","symbol":"DOTUSDT","interval":"1h","verdict":"WAIT","score":63,"price":1.518,"msg":"scanner"}
{"level":30,"time":1773142715829,"pid":29428,"hostname":"DESKTOP-KPAMGTB","module":"binance","symbol":"DOTUSDT","interval":"4h","verdict":"WAIT","score":53,"price":1.518,"msg":"scanner"}
{"level":30,"time":1773142715970,"pid":29428,"hostname":"DESKTOP-KPAMGTB","module":"binance","symbol":"LINKUSDT","interval":"5m","verdict":"AVOID","score":34,"price":9.09,"msg":"scanner"}
{"level":30,"time":1773142716361,"pid":29428,"hostname":"DESKTOP-KPAMGTB","module":"binance","symbol":"LINKUSDT","interval":"1h","verdict":"WAIT","score":53,"price":9.09,"msg":"scanner"}
{"level":30,"time":1773142716694,"pid":29428,"hostname":"DESKTOP-KPAMGTB","module":"binance","symbol":"MATICUSDT","interval":"5m","verdict":"WAIT","score":59,"price":0.3794,"msg":"scanner"}
{"level":30,"time":1773142716731,"pid":29428,"hostname":"DESKTOP-KPAMGTB","module":"binance","symbol":"MATICUSDT","interval":"1h","verdict":"WAIT","score":47,"price":0.3794,"msg":"scanner"}
{"level":30,"time":1773142716785,"pid":29428,"hostname":"DESKTOP-KPAMGTB","module":"binance","symbol":"LINKUSDT","interval":"4h","verdict":"BUY","score":66,"price":9.09,"msg":"scanner"}
{"level":30,"time":1773142716878,"pid":29428,"hostname":"DESKTOP-KPAMGTB","module":"binance","symbol":"MATICUSDT","interval":"4h","verdict":"WAIT","score":41,"price":0.3794,"msg":"scanner"}
{"level":30,"time":1773142717195,"pid":29428,"hostname":"DESKTOP-KPAMGTB","module":"binance","symbol":"LTCUSDT","interval":"5m","verdict":"WAIT","score":47,"price":54.16,"msg":"scanner"}
{"level":30,"time":1773142717301,"pid":29428,"hostname":"DESKTOP-KPAMGTB","module":"binance","symbol":"LTCUSDT","interval":"1h","verdict":"WAIT","score":63,"price":54.16,"msg":"scanner"}
{"level":30,"time":1773142717529,"pid":29428,"hostname":"DESKTOP-KPAMGTB","module":"binance","symbol":"SHIBUSDT","interval":"5m","verdict":"WAIT","score":56,"price":0.00000571,"msg":"scanner"}
{"level":30,"time":1773142717548,"pid":29428,"hostname":"DESKTOP-KPAMGTB","module":"binance","symbol":"LTCUSDT","interval":"4h","verdict":"WAIT","score":59,"price":54.16,"msg":"scanner"}
{"level":30,"time":1773142718028,"pid":29428,"hostname":"DESKTOP-KPAMGTB","module":"binance","symbol":"SHIBUSDT","interval":"1h","verdict":"WAIT","score":56,"price":0.00000571,"msg":"scanner"}
{"level":30,"time":1773142718114,"pid":29428,"hostname":"DESKTOP-KPAMGTB","module":"binance","symbol":"UNIUSDT","interval":"5m","verdict":"WAIT","score":44,"price":3.937,"msg":"scanner"}
{"level":30,"time":1773142718209,"pid":29428,"hostname":"DESKTOP-KPAMGTB","module":"binance","symbol":"UNIUSDT","interval":"1h","verdict":"WAIT","score":53,"price":3.937,"msg":"scanner"}
{"level":30,"time":1773142718265,"pid":29428,"hostname":"DESKTOP-KPAMGTB","module":"binance","symbol":"SHIBUSDT","interval":"4h","verdict":"WAIT","score":63,"price":0.00000571,"msg":"scanner"}
{"level":30,"time":1773142718615,"pid":29428,"hostname":"DESKTOP-KPAMGTB","module":"binance","symbol":"UNIUSDT","interval":"4h","verdict":"WAIT","score":56,"price":3.937,"msg":"scanner"}
{"level":30,"time":1773142718846,"pid":29428,"hostname":"DESKTOP-KPAMGTB","module":"binance","symbol":"ATOMUSDT","interval":"5m","verdict":"WAIT","score":50,"price":1.788,"msg":"scanner"}
{"level":30,"time":1773142719278,"pid":29428,"hostname":"DESKTOP-KPAMGTB","module":"binance","symbol":"ATOMUSDT","interval":"4h","verdict":"WAIT","score":63,"price":1.788,"msg":"scanner"}
{"level":30,"time":1773142719294,"pid":29428,"hostname":"DESKTOP-KPAMGTB","module":"binance","symbol":"ATOMUSDT","interval":"1h","verdict":"WAIT","score":59,"price":1.788,"msg":"scanner"}
{"level":30,"time":1773142719497,"pid":29428,"hostname":"DESKTOP-KPAMGTB","module":"binance","symbol":"ETCUSDT","interval":"5m","verdict":"WAIT","score":44,"price":8.35,"msg":"scanner"}
{"level":30,"time":1773142719611,"pid":29428,"hostname":"DESKTOP-KPAMGTB","module":"binance","symbol":"ETCUSDT","interval":"1h","verdict":"WAIT","score":53,"price":8.35,"msg":"scanner"}
{"level":30,"time":1773142719769,"pid":29428,"hostname":"DESKTOP-KPAMGTB","module":"binance","symbol":"XLMUSDT","interval":"5m","verdict":"WAIT","score":59,"price":0.1621,"msg":"scanner"}
{"level":30,"time":1773142719815,"pid":29428,"hostname":"DESKTOP-KPAMGTB","module":"binance","symbol":"ETCUSDT","interval":"4h","verdict":"WAIT","score":50,"price":8.35,"msg":"scanner"}
{"level":30,"time":1773142720147,"pid":29428,"hostname":"DESKTOP-KPAMGTB","module":"binance","symbol":"XLMUSDT","interval":"1h","verdict":"BUY","score":69,"price":0.1621,"msg":"scanner"}
{"level":30,"time":1773142720349,"pid":29428,"hostname":"DESKTOP-KPAMGTB","module":"binance","symbol":"XLMUSDT","interval":"4h","verdict":"BUY","score":66,"price":0.1621,"msg":"scanner"}
{"level":30,"time":1773142720534,"pid":29428,"hostname":"DESKTOP-KPAMGTB","module":"binance","symbol":"APTUSDT","interval":"5m","verdict":"WAIT","score":50,"price":0.98,"msg":"scanner"}
{"level":30,"time":1773142720830,"pid":29428,"hostname":"DESKTOP-KPAMGTB","module":"binance","symbol":"APTUSDT","interval":"1h","verdict":"WAIT","score":56,"price":0.98,"msg":"scanner"}
{"level":30,"time":1773142720948,"pid":29428,"hostname":"DESKTOP-KPAMGTB","module":"binance","symbol":"NEARUSDT","interval":"5m","verdict":"WAIT","score":63,"price":1.303,"msg":"scanner"}
{"level":30,"time":1773142720996,"pid":29428,"hostname":"DESKTOP-KPAMGTB","module":"binance","symbol":"APTUSDT","interval":"4h","verdict":"WAIT","score":59,"price":0.98,"msg":"scanner"}
{"level":30,"time":1773142721016,"pid":29428,"hostname":"DESKTOP-KPAMGTB","module":"binance","symbol":"NEARUSDT","interval":"1h","verdict":"WAIT","score":53,"price":1.303,"msg":"scanner"}
{"level":30,"time":1773142721481,"pid":29428,"hostname":"DESKTOP-KPAMGTB","module":"binance","symbol":"NEARUSDT","interval":"4h","verdict":"WAIT","score":63,"price":1.303,"msg":"scanner"}
{"level":30,"time":1773142724664,"pid":29428,"hostname":"DESKTOP-KPAMGTB","module":"binance","assets":18,"msg":"balance"}
{"level":30,"time":1773142725360,"pid":29428,"hostname":"DESKTOP-KPAMGTB","module":"binance","assets":18,"msg":"balance"}
{"level":30,"time":1773142751972,"pid":29428,"hostname":"DESKTOP-KPAMGTB","module":"binance","symbol":"BTCUSDT","interval":"5m","verdict":"WAIT","score":50,"price":70620.04,"msg":"scanner"}
{"level":30,"time":1773142753296,"pid":29428,"hostname":"DESKTOP-KPAMGTB","module":"binance","symbol":"BTCUSDT","interval":"5m","verdict":"WAIT","score":50,"price":70620.04,"msg":"scanner"}
{"level":30,"time":1773142764125,"pid":29428,"hostname":"DESKTOP-KPAMGTB","module":"binance","symbol":"XRPUSDT","interval":"5m","verdict":"WAIT","score":47,"price":1.392,"msg":"scanner"}
{"level":30,"time":1773142764137,"pid":29428,"hostname":"DESKTOP-KPAMGTB","module":"binance","symbol":"BNBUSDT","interval":"5m","verdict":"AVOID","score":34,"price":646.07,"msg":"scanner"}
{"level":30,"time":1773142764167,"pid":29428,"hostname":"DESKTOP-KPAMGTB","module":"binance","symbol":"ETHUSDT","interval":"5m","verdict":"BUY","score":66,"price":2064.66,"msg":"scanner"}
{"level":30,"time":1773142764181,"pid":29428,"hostname":"DESKTOP-KPAMGTB","module":"binance","symbol":"SOLUSDT","interval":"5m","verdict":"WAIT","score":44,"price":86.75,"msg":"scanner"}
{"level":30,"time":1773142843815,"pid":29428,"hostname":"DESKTOP-KPAMGTB","module":"binance","symbol":"BTCUSDT","interval":"1h","verdict":"WAIT","score":56,"price":70614.96,"msg":"scanner"}
{"level":30,"time":1773142843860,"pid":29428,"hostname":"DESKTOP-KPAMGTB","module":"binance","symbol":"BTCUSDT","interval":"5m","verdict":"WAIT","score":50,"price":70614.96,"msg":"scanner"}
{"level":30,"time":1773142883939,"pid":29428,"hostname":"DESKTOP-KPAMGTB","module":"binance","symbol":"ETHUSDT","interval":"1h","verdict":"WAIT","score":59,"price":2063.5,"msg":"scanner"}
{"level":30,"time":1773142884364,"pid":29428,"hostname":"DESKTOP-KPAMGTB","module":"binance","symbol":"ETHUSDT","interval":"5m","verdict":"WAIT","score":53,"price":2063.99,"msg":"scanner"}
{"level":30,"time":1773142904083,"pid":29428,"hostname":"DESKTOP-KPAMGTB","module":"binance","symbol":"BNBUSDT","interval":"1h","verdict":"BUY","score":66,"price":645.8,"msg":"scanner"}
{"level":30,"time":1773142904095,"pid":29428,"hostname":"DESKTOP-KPAMGTB","module":"binance","symbol":"BNBUSDT","interval":"5m","verdict":"WAIT","score":44,"price":645.8,"msg":"scanner"}
{"level":30,"time":1773142906379,"pid":29428,"hostname":"DESKTOP-KPAMGTB","module":"binance","symbol":"BTCUSDT","interval":"5m","verdict":"WAIT","score":50,"price":70615.29,"msg":"scanner"}
{"level":30,"time":1773142922236,"pid":29428,"hostname":"DESKTOP-KPAMGTB","module":"binance","assets":18,"msg":"balance"}
{"level":30,"time":1773142922538,"pid":29428,"hostname":"DESKTOP-KPAMGTB","module":"binance","assets":18,"msg":"balance"}
{"level":30,"time":1773142941160,"pid":29428,"hostname":"DESKTOP-KPAMGTB","module":"binance","assets":18,"msg":"balance"}
{"level":30,"time":1773142941422,"pid":29428,"hostname":"DESKTOP-KPAMGTB","module":"binance","assets":18,"msg":"balance"}
{"level":30,"time":1773142957997,"pid":29428,"hostname":"DESKTOP-KPAMGTB","module":"binance","symbol":"SOLUSDT","interval":"5m","verdict":"WAIT","score":41,"price":86.73,"msg":"scanner"}
{"level":30,"time":1773142958021,"pid":29428,"hostname":"DESKTOP-KPAMGTB","module":"binance","symbol":"BNBUSDT","interval":"5m","verdict":"WAIT","score":44,"price":645.8,"msg":"scanner"}
{"level":30,"time":1773142958036,"pid":29428,"hostname":"DESKTOP-KPAMGTB","module":"binance","symbol":"XRPUSDT","interval":"5m","verdict":"WAIT","score":47,"price":1.3917,"msg":"scanner"}
{"level":30,"time":1773142958054,"pid":29428,"hostname":"DESKTOP-KPAMGTB","module":"binance","symbol":"BTCUSDT","interval":"5m","verdict":"WAIT","score":50,"price":70624.36,"msg":"scanner"}
{"level":30,"time":1773142958067,"pid":29428,"hostname":"DESKTOP-KPAMGTB","module":"binance","symbol":"ETHUSDT","interval":"5m","verdict":"WAIT","score":56,"price":2063.47,"msg":"scanner"}
{"level":30,"time":1773142968131,"pid":29428,"hostname":"DESKTOP-KPAMGTB","module":"binance","symbol":"BTCUSDT","interval":"1h","verdict":"WAIT","score":56,"price":70619.86,"msg":"scanner"}
{"level":30,"time":1773142968140,"pid":29428,"hostname":"DESKTOP-KPAMGTB","module":"binance","symbol":"XRPUSDT","interval":"1h","verdict":"WAIT","score":59,"price":1.3916,"msg":"scanner"}
{"level":30,"time":1773142968159,"pid":29428,"hostname":"DESKTOP-KPAMGTB","module":"binance","symbol":"SOLUSDT","interval":"1h","verdict":"WAIT","score":59,"price":86.73,"msg":"scanner"}
{"level":30,"time":1773142969884,"pid":29428,"hostname":"DESKTOP-KPAMGTB","module":"binance","symbol":"BTCUSDT","interval":"4h","verdict":"BUY","score":69,"price":70615.85,"msg":"scanner"}
{"level":30,"time":1773143001603,"pid":29428,"hostname":"DESKTOP-KPAMGTB","module":"binance","symbol":"BTCUSDT","interval":"5m","verdict":"WAIT","score":47,"price":70570.71,"msg":"scanner"}
{"level":30,"time":1773143001618,"pid":29428,"hostname":"DESKTOP-KPAMGTB","module":"binance","symbol":"BNBUSDT","interval":"5m","verdict":"WAIT","score":44,"price":645.24,"msg":"scanner"}
{"level":30,"time":1773143001628,"pid":29428,"hostname":"DESKTOP-KPAMGTB","module":"binance","symbol":"ETHUSDT","interval":"5m","verdict":"WAIT","score":44,"price":2061.33,"msg":"scanner"}
{"level":30,"time":1773143001646,"pid":29428,"hostname":"DESKTOP-KPAMGTB","module":"binance","symbol":"SOLUSDT","interval":"5m","verdict":"WAIT","score":41,"price":86.66,"msg":"scanner"}
{"level":30,"time":1773143001659,"pid":29428,"hostname":"DESKTOP-KPAMGTB","module":"binance","symbol":"XRPUSDT","interval":"5m","verdict":"WAIT","score":47,"price":1.3903,"msg":"scanner"}
{"level":30,"time":1773143039110,"pid":29428,"hostname":"DESKTOP-KPAMGTB","module":"binance","symbol":"ETHUSDT","interval":"1h","verdict":"WAIT","score":56,"price":2060.7,"msg":"scanner"}
{"level":30,"time":1773143039149,"pid":29428,"hostname":"DESKTOP-KPAMGTB","module":"binance","symbol":"BNBUSDT","interval":"1h","verdict":"WAIT","score":53,"price":645.12,"msg":"scanner"}
{"level":30,"time":1773143092498,"pid":29428,"hostname":"DESKTOP-KPAMGTB","module":"binance","symbol":"SOLUSDT","interval":"4h","verdict":"WAIT","score":59,"price":86.72,"msg":"scanner"}
{"level":30,"time":1773143092523,"pid":29428,"hostname":"DESKTOP-KPAMGTB","module":"binance","symbol":"ETHUSDT","interval":"4h","verdict":"WAIT","score":56,"price":2061.62,"msg":"scanner"}
{"level":30,"time":1773143092540,"pid":29428,"hostname":"DESKTOP-KPAMGTB","module":"binance","symbol":"BNBUSDT","interval":"4h","verdict":"WAIT","score":59,"price":645.26,"msg":"scanner"}
{"level":30,"time":1773143092557,"pid":29428,"hostname":"DESKTOP-KPAMGTB","module":"binance","symbol":"XRPUSDT","interval":"4h","verdict":"BUY","score":66,"price":1.3901,"msg":"scanner"}
{"level":30,"time":1773143144536,"pid":29428,"hostname":"DESKTOP-KPAMGTB","module":"binance","symbol":"BTCUSDT","interval":"5m","verdict":"WAIT","score":44,"price":70571.11,"msg":"scanner"}
{"level":30,"time":1773143144619,"pid":29428,"hostname":"DESKTOP-KPAMGTB","module":"binance","symbol":"BTCUSDT","interval":"1h","verdict":"WAIT","score":59,"price":70571.11,"msg":"scanner"}
{"level":30,"time":1773143272637,"pid":29428,"hostname":"DESKTOP-KPAMGTB","module":"binance","symbol":"BTCUSDT","interval":"1h","verdict":"WAIT","score":59,"price":70580.5,"msg":"scanner"}
{"level":30,"time":1773143272720,"pid":29428,"hostname":"DESKTOP-KPAMGTB","module":"binance","symbol":"BTCUSDT","interval":"4h","verdict":"BUY","score":69,"price":70580.5,"msg":"scanner"}
{"level":30,"time":1773143272937,"pid":29428,"hostname":"DESKTOP-KPAMGTB","module":"binance","assets":18,"msg":"balance"}
{"level":30,"time":1773143273191,"pid":29428,"hostname":"DESKTOP-KPAMGTB","module":"binance","assets":18,"msg":"balance"}
{"level":30,"time":1773143321725,"pid":29428,"hostname":"DESKTOP-KPAMGTB","module":"binance","symbol":"BTCUSDT","interval":"5m","verdict":"WAIT","score":47,"price":70659.87,"msg":"scanner"}
{"level":30,"time":1773143399977,"pid":29428,"hostname":"DESKTOP-KPAMGTB","module":"binance","symbol":"BNBUSDT","interval":"4h","verdict":"WAIT","score":59,"price":645.57,"msg":"scanner"}
{"level":30,"time":1773143399993,"pid":29428,"hostname":"DESKTOP-KPAMGTB","module":"binance","symbol":"SOLUSDT","interval":"4h","verdict":"WAIT","score":59,"price":86.86,"msg":"scanner"}
{"level":30,"time":1773143400047,"pid":29428,"hostname":"DESKTOP-KPAMGTB","module":"binance","symbol":"ETHUSDT","interval":"4h","verdict":"WAIT","score":56,"price":2063.74,"msg":"scanner"}
{"level":30,"time":1773143400086,"pid":29428,"hostname":"DESKTOP-KPAMGTB","module":"binance","symbol":"BTCUSDT","interval":"1h","verdict":"WAIT","score":56,"price":70633.53,"msg":"scanner"}
{"level":30,"time":1773143400115,"pid":29428,"hostname":"DESKTOP-KPAMGTB","module":"binance","symbol":"XRPUSDT","interval":"4h","verdict":"WAIT","score":63,"price":1.3923,"msg":"scanner"}
{"level":30,"time":1773143400134,"pid":29428,"hostname":"DESKTOP-KPAMGTB","module":"binance","symbol":"BTCUSDT","interval":"5m","verdict":"WAIT","score":44,"price":70633.53,"msg":"scanner"}
{"level":30,"time":1773143463047,"pid":29428,"hostname":"DESKTOP-KPAMGTB","module":"binance","symbol":"ETHUSDT","interval":"1h","verdict":"WAIT","score":59,"price":2064.06,"msg":"scanner"}
{"level":30,"time":1773143463067,"pid":29428,"hostname":"DESKTOP-KPAMGTB","module":"binance","symbol":"XRPUSDT","interval":"1h","verdict":"WAIT","score":59,"price":1.3915,"msg":"scanner"}
{"level":30,"time":1773143463075,"pid":29428,"hostname":"DESKTOP-KPAMGTB","module":"binance","symbol":"SOLUSDT","interval":"1h","verdict":"WAIT","score":53,"price":86.89,"msg":"scanner"}
{"level":30,"time":1773143463265,"pid":29428,"hostname":"DESKTOP-KPAMGTB","module":"binance","symbol":"BTCUSDT","interval":"5m","verdict":"WAIT","score":50,"price":70642.83,"msg":"scanner"}
{"level":30,"time":1773143463278,"pid":29428,"hostname":"DESKTOP-KPAMGTB","module":"binance","symbol":"BTCUSDT","interval":"5m","verdict":"WAIT","score":50,"price":70642.83,"msg":"scanner"}
{"level":30,"time":1773143463409,"pid":29428,"hostname":"DESKTOP-KPAMGTB","module":"binance","symbol":"BNBUSDT","interval":"1h","verdict":"BUY","score":66,"price":645.61,"msg":"scanner"}
{"level":30,"time":1773143463579,"pid":29428,"hostname":"DESKTOP-KPAMGTB","module":"binance","symbol":"XRPUSDT","interval":"1h","verdict":"WAIT","score":59,"price":1.3915,"msg":"scanner"}
{"level":30,"time":1773143463592,"pid":29428,"hostname":"DESKTOP-KPAMGTB","module":"binance","symbol":"SOLUSDT","interval":"1h","verdict":"WAIT","score":53,"price":86.88,"msg":"scanner"}
{"level":30,"time":1773143463618,"pid":29428,"hostname":"DESKTOP-KPAMGTB","module":"binance","symbol":"BNBUSDT","interval":"1h","verdict":"BUY","score":66,"price":645.61,"msg":"scanner"}
{"level":30,"time":1773143464524,"pid":29428,"hostname":"DESKTOP-KPAMGTB","module":"binance","symbol":"ETHUSDT","interval":"1h","verdict":"WAIT","score":59,"price":2064.05,"msg":"scanner"}
{"level":30,"time":1773143503810,"pid":29428,"hostname":"DESKTOP-KPAMGTB","module":"binance","assets":18,"msg":"balance"}
{"level":30,"time":1773143504063,"pid":29428,"hostname":"DESKTOP-KPAMGTB","module":"binance","assets":18,"msg":"balance"}
{"level":30,"time":1773143992808,"pid":29428,"hostname":"DESKTOP-KPAMGTB","module":"binance","assets":18,"msg":"balance"}
{"level":30,"time":1773143993340,"pid":29428,"hostname":"DESKTOP-KPAMGTB","module":"binance","assets":18,"msg":"balance"}
{"level":30,"time":1773144001130,"pid":29428,"hostname":"DESKTOP-KPAMGTB","module":"telegram","msg":"informe horari enviat"}
{"level":30,"time":1773144005047,"pid":29428,"hostname":"DESKTOP-KPAMGTB","module":"binance","count":62,"msg":"trades"}
{"level":30,"time":1773144005353,"pid":29428,"hostname":"DESKTOP-KPAMGTB","module":"binance","count":62,"msg":"trades"}
{"level":30,"time":1773144009655,"pid":29428,"hostname":"DESKTOP-KPAMGTB","module":"binance","symbol":"XRPUSDT","interval":"1h","verdict":"WAIT","score":59,"price":1.3914,"msg":"scanner"}
{"level":30,"time":1773144009703,"pid":29428,"hostname":"DESKTOP-KPAMGTB","module":"binance","symbol":"BNBUSDT","interval":"1h","verdict":"WAIT","score":53,"price":645.6,"msg":"scanner"}
{"level":30,"time":1773144009718,"pid":29428,"hostname":"DESKTOP-KPAMGTB","module":"binance","symbol":"ETHUSDT","interval":"1h","verdict":"WAIT","score":50,"price":2061.59,"msg":"scanner"}
{"level":30,"time":1773144009726,"pid":29428,"hostname":"DESKTOP-KPAMGTB","module":"binance","symbol":"BTCUSDT","interval":"5m","verdict":"WAIT","score":44,"price":70628.18,"msg":"scanner"}
{"level":30,"time":1773144009740,"pid":29428,"hostname":"DESKTOP-KPAMGTB","module":"binance","symbol":"BTCUSDT","interval":"1h","verdict":"WAIT","score":63,"price":70628.18,"msg":"scanner"}
{"level":30,"time":1773144009756,"pid":29428,"hostname":"DESKTOP-KPAMGTB","module":"binance","symbol":"SOLUSDT","interval":"1h","verdict":"WAIT","score":53,"price":86.81,"msg":"scanner"}
{"level":30,"time":1773144010039,"pid":29428,"hostname":"DESKTOP-KPAMGTB","module":"binance","symbol":"ETHUSDT","interval":"1h","verdict":"WAIT","score":50,"price":2061.85,"msg":"scanner"}
{"level":30,"time":1773144010112,"pid":29428,"hostname":"DESKTOP-KPAMGTB","module":"binance","symbol":"XRPUSDT","interval":"1h","verdict":"WAIT","score":59,"price":1.3916,"msg":"scanner"}
{"level":30,"time":1773144010133,"pid":29428,"hostname":"DESKTOP-KPAMGTB","module":"binance","symbol":"BTCUSDT","interval":"4h","verdict":"BUY","score":66,"price":70628.18,"msg":"scanner"}
{"level":30,"time":1773144010148,"pid":29428,"hostname":"DESKTOP-KPAMGTB","module":"binance","symbol":"SOLUSDT","interval":"1h","verdict":"WAIT","score":53,"price":86.82,"msg":"scanner"}
{"level":30,"time":1773144010169,"pid":29428,"hostname":"DESKTOP-KPAMGTB","module":"binance","symbol":"BNBUSDT","interval":"1h","verdict":"WAIT","score":53,"price":645.6,"msg":"scanner"}
{"level":30,"time":1773144010214,"pid":29428,"hostname":"DESKTOP-KPAMGTB","module":"binance","symbol":"BTCUSDT","interval":"5m","verdict":"WAIT","score":44,"price":70628.19,"msg":"scanner"}
{"level":30,"time":1773144025822,"pid":29428,"hostname":"DESKTOP-KPAMGTB","module":"binance","symbol":"BNBUSDT","interval":"4h","verdict":"WAIT","score":50,"price":645.52,"msg":"scanner"}
{"level":30,"time":1773144025852,"pid":29428,"hostname":"DESKTOP-KPAMGTB","module":"binance","symbol":"ETHUSDT","interval":"4h","verdict":"WAIT","score":53,"price":2061.17,"msg":"scanner"}
{"level":30,"time":1773144025865,"pid":29428,"hostname":"DESKTOP-KPAMGTB","module":"binance","symbol":"XRPUSDT","interval":"4h","verdict":"WAIT","score":53,"price":1.3909,"msg":"scanner"}
{"level":30,"time":1773144025875,"pid":29428,"hostname":"DESKTOP-KPAMGTB","module":"binance","symbol":"SOLUSDT","interval":"4h","verdict":"WAIT","score":47,"price":86.79,"msg":"scanner"}
{"level":30,"time":1773144072199,"pid":29428,"hostname":"DESKTOP-KPAMGTB","module":"binance","symbol":"BTCUSDT","interval":"5m","verdict":"WAIT","score":50,"price":70598.23,"msg":"scanner"}
{"level":30,"time":1773144072861,"pid":29428,"hostname":"DESKTOP-KPAMGTB","module":"binance","symbol":"BNBUSDT","interval":"5m","verdict":"WAIT","score":50,"price":645.53,"msg":"scanner"}
{"level":30,"time":1773144073216,"pid":29428,"hostname":"DESKTOP-KPAMGTB","module":"binance","symbol":"SOLUSDT","interval":"5m","verdict":"WAIT","score":47,"price":86.82,"msg":"scanner"}
{"level":30,"time":1773144073316,"pid":29428,"hostname":"DESKTOP-KPAMGTB","module":"binance","symbol":"ETHUSDT","interval":"5m","verdict":"AVOID","score":28,"price":2060.75,"msg":"scanner"}
{"level":30,"time":1773144073527,"pid":29428,"hostname":"DESKTOP-KPAMGTB","module":"binance","symbol":"XRPUSDT","interval":"5m","verdict":"WAIT","score":50,"price":1.3908,"msg":"scanner"}
{"level":30,"time":1773144074000,"pid":29428,"hostname":"DESKTOP-KPAMGTB","module":"binance","symbol":"DOGEUSDT","interval":"5m","verdict":"WAIT","score":50,"price":0.09461,"msg":"scanner"}
{"level":30,"time":1773144074022,"pid":29428,"hostname":"DESKTOP-KPAMGTB","module":"binance","symbol":"DOGEUSDT","interval":"1h","verdict":"WAIT","score":59,"price":0.09461,"msg":"scanner"}
{"level":30,"time":1773144074158,"pid":29428,"hostname":"DESKTOP-KPAMGTB","module":"binance","symbol":"DOGEUSDT","interval":"4h","verdict":"WAIT","score":56,"price":0.09461,"msg":"scanner"}
{"level":30,"time":1773144074211,"pid":29428,"hostname":"DESKTOP-KPAMGTB","module":"binance","symbol":"ADAUSDT","interval":"5m","verdict":"WAIT","score":56,"price":0.2644,"msg":"scanner"}
{"level":30,"time":1773144074523,"pid":29428,"hostname":"DESKTOP-KPAMGTB","module":"binance","symbol":"ADAUSDT","interval":"1h","verdict":"WAIT","score":59,"price":0.2644,"msg":"scanner"}
{"level":30,"time":1773144074568,"pid":29428,"hostname":"DESKTOP-KPAMGTB","module":"binance","symbol":"ADAUSDT","interval":"4h","verdict":"WAIT","score":56,"price":0.2644,"msg":"scanner"}
{"level":30,"time":1773144074704,"pid":29428,"hostname":"DESKTOP-KPAMGTB","module":"binance","symbol":"AVAXUSDT","interval":"5m","verdict":"WAIT","score":47,"price":9.49,"msg":"scanner"}
{"level":30,"time":1773144074736,"pid":29428,"hostname":"DESKTOP-KPAMGTB","module":"binance","symbol":"AVAXUSDT","interval":"1h","verdict":"WAIT","score":63,"price":9.49,"msg":"scanner"}
{"level":30,"time":1773144075040,"pid":29428,"hostname":"DESKTOP-KPAMGTB","module":"binance","symbol":"AVAXUSDT","interval":"4h","verdict":"WAIT","score":56,"price":9.49,"msg":"scanner"}
{"level":30,"time":1773144075087,"pid":29428,"hostname":"DESKTOP-KPAMGTB","module":"binance","symbol":"TRXUSDT","interval":"5m","verdict":"WAIT","score":47,"price":0.284,"msg":"scanner"}
{"level":30,"time":1773144075243,"pid":29428,"hostname":"DESKTOP-KPAMGTB","module":"binance","symbol":"TRXUSDT","interval":"1h","verdict":"WAIT","score":41,"price":0.284,"msg":"scanner"}
{"level":30,"time":1773144075259,"pid":29428,"hostname":"DESKTOP-KPAMGTB","module":"binance","symbol":"TRXUSDT","interval":"4h","verdict":"WAIT","score":47,"price":0.284,"msg":"scanner"}
{"level":30,"time":1773144075473,"pid":29428,"hostname":"DESKTOP-KPAMGTB","module":"binance","symbol":"DOTUSDT","interval":"5m","verdict":"WAIT","score":56,"price":1.518,"msg":"scanner"}
{"level":30,"time":1773144075571,"pid":29428,"hostname":"DESKTOP-KPAMGTB","module":"binance","symbol":"DOTUSDT","interval":"1h","verdict":"WAIT","score":56,"price":1.518,"msg":"scanner"}
{"level":30,"time":1773144075711,"pid":29428,"hostname":"DESKTOP-KPAMGTB","module":"binance","symbol":"DOTUSDT","interval":"4h","verdict":"WAIT","score":53,"price":1.518,"msg":"scanner"}
{"level":30,"time":1773144075723,"pid":29428,"hostname":"DESKTOP-KPAMGTB","module":"binance","symbol":"LINKUSDT","interval":"5m","verdict":"WAIT","score":41,"price":9.08,"msg":"scanner"}
{"level":30,"time":1773144076020,"pid":29428,"hostname":"DESKTOP-KPAMGTB","module":"binance","symbol":"LINKUSDT","interval":"1h","verdict":"WAIT","score":59,"price":9.08,"msg":"scanner"}
{"level":30,"time":1773144076143,"pid":29428,"hostname":"DESKTOP-KPAMGTB","module":"binance","symbol":"LINKUSDT","interval":"4h","verdict":"WAIT","score":59,"price":9.08,"msg":"scanner"}
{"level":30,"time":1773144076275,"pid":29428,"hostname":"DESKTOP-KPAMGTB","module":"binance","symbol":"MATICUSDT","interval":"5m","verdict":"WAIT","score":59,"price":0.3794,"msg":"scanner"}
{"level":30,"time":1773144076431,"pid":29428,"hostname":"DESKTOP-KPAMGTB","module":"binance","symbol":"MATICUSDT","interval":"1h","verdict":"WAIT","score":47,"price":0.3794,"msg":"scanner"}
{"level":30,"time":1773144077543,"pid":29428,"hostname":"DESKTOP-KPAMGTB","module":"binance","symbol":"MATICUSDT","interval":"4h","verdict":"WAIT","score":41,"price":0.3794,"msg":"scanner"}
{"level":30,"time":1773144077717,"pid":29428,"hostname":"DESKTOP-KPAMGTB","module":"binance","symbol":"LTCUSDT","interval":"5m","verdict":"AVOID","score":31,"price":54.1,"msg":"scanner"}
{"level":30,"time":1773144077792,"pid":29428,"hostname":"DESKTOP-KPAMGTB","module":"binance","symbol":"LTCUSDT","interval":"1h","verdict":"WAIT","score":50,"price":54.1,"msg":"scanner"}
{"level":30,"time":1773144077868,"pid":29428,"hostname":"DESKTOP-KPAMGTB","module":"binance","symbol":"LTCUSDT","interval":"4h","verdict":"WAIT","score":53,"price":54.1,"msg":"scanner"}
{"level":30,"time":1773144077961,"pid":29428,"hostname":"DESKTOP-KPAMGTB","module":"binance","symbol":"SHIBUSDT","interval":"5m","verdict":"WAIT","score":53,"price":0.00000572,"msg":"scanner"}
{"level":30,"time":1773144078375,"pid":29428,"hostname":"DESKTOP-KPAMGTB","module":"binance","symbol":"SHIBUSDT","interval":"1h","verdict":"WAIT","score":59,"price":0.00000572,"msg":"scanner"}
{"level":30,"time":1773144078426,"pid":29428,"hostname":"DESKTOP-KPAMGTB","module":"binance","symbol":"UNIUSDT","interval":"5m","verdict":"WAIT","score":47,"price":3.935,"msg":"scanner"}
{"level":30,"time":1773144078443,"pid":29428,"hostname":"DESKTOP-KPAMGTB","module":"binance","symbol":"SHIBUSDT","interval":"4h","verdict":"WAIT","score":56,"price":0.00000572,"msg":"scanner"}
{"level":30,"time":1773144078532,"pid":29428,"hostname":"DESKTOP-KPAMGTB","module":"binance","symbol":"UNIUSDT","interval":"1h","verdict":"WAIT","score":50,"price":3.935,"msg":"scanner"}
{"level":30,"time":1773144078823,"pid":29428,"hostname":"DESKTOP-KPAMGTB","module":"binance","symbol":"UNIUSDT","interval":"4h","verdict":"WAIT","score":56,"price":3.935,"msg":"scanner"}
{"level":30,"time":1773144078915,"pid":29428,"hostname":"DESKTOP-KPAMGTB","module":"binance","symbol":"ATOMUSDT","interval":"5m","verdict":"BUY","score":66,"price":1.786,"msg":"scanner"}
{"level":30,"time":1773144078967,"pid":29428,"hostname":"DESKTOP-KPAMGTB","module":"binance","symbol":"ATOMUSDT","interval":"1h","verdict":"WAIT","score":50,"price":1.786,"msg":"scanner"}
{"level":30,"time":1773144079170,"pid":29428,"hostname":"DESKTOP-KPAMGTB","module":"binance","symbol":"ATOMUSDT","interval":"4h","verdict":"WAIT","score":53,"price":1.786,"msg":"scanner"}
{"level":30,"time":1773144079339,"pid":29428,"hostname":"DESKTOP-KPAMGTB","module":"binance","symbol":"ETCUSDT","interval":"5m","verdict":"WAIT","score":53,"price":8.35,"msg":"scanner"}
{"level":30,"time":1773144079383,"pid":29428,"hostname":"DESKTOP-KPAMGTB","module":"binance","symbol":"ETCUSDT","interval":"1h","verdict":"WAIT","score":50,"price":8.35,"msg":"scanner"}
{"level":30,"time":1773144079393,"pid":29428,"hostname":"DESKTOP-KPAMGTB","module":"binance","symbol":"ETCUSDT","interval":"4h","verdict":"WAIT","score":50,"price":8.35,"msg":"scanner"}
{"level":30,"time":1773144079716,"pid":29428,"hostname":"DESKTOP-KPAMGTB","module":"binance","symbol":"XLMUSDT","interval":"5m","verdict":"WAIT","score":56,"price":0.1607,"msg":"scanner"}
{"level":30,"time":1773144079791,"pid":29428,"hostname":"DESKTOP-KPAMGTB","module":"binance","symbol":"XLMUSDT","interval":"1h","verdict":"WAIT","score":56,"price":0.1607,"msg":"scanner"}
{"level":30,"time":1773144079844,"pid":29428,"hostname":"DESKTOP-KPAMGTB","module":"binance","symbol":"XLMUSDT","interval":"4h","verdict":"WAIT","score":59,"price":0.1607,"msg":"scanner"}
{"level":30,"time":1773144079941,"pid":29428,"hostname":"DESKTOP-KPAMGTB","module":"binance","symbol":"APTUSDT","interval":"5m","verdict":"WAIT","score":47,"price":0.978,"msg":"scanner"}
{"level":30,"time":1773144080053,"pid":29428,"hostname":"DESKTOP-KPAMGTB","module":"binance","symbol":"APTUSDT","interval":"1h","verdict":"WAIT","score":53,"price":0.978,"msg":"scanner"}
{"level":30,"time":1773144080178,"pid":29428,"hostname":"DESKTOP-KPAMGTB","module":"binance","symbol":"APTUSDT","interval":"4h","verdict":"WAIT","score":53,"price":0.978,"msg":"scanner"}
{"level":30,"time":1773144080255,"pid":29428,"hostname":"DESKTOP-KPAMGTB","module":"binance","symbol":"NEARUSDT","interval":"5m","verdict":"WAIT","score":63,"price":1.308,"msg":"scanner"}
{"level":30,"time":1773144080304,"pid":29428,"hostname":"DESKTOP-KPAMGTB","module":"binance","symbol":"NEARUSDT","interval":"1h","verdict":"WAIT","score":53,"price":1.308,"msg":"scanner"}
{"level":30,"time":1773144080369,"pid":29428,"hostname":"DESKTOP-KPAMGTB","module":"binance","symbol":"NEARUSDT","interval":"4h","verdict":"WAIT","score":63,"price":1.308,"msg":"scanner"}
{"level":30,"time":1773144118085,"pid":29428,"hostname":"DESKTOP-KPAMGTB","module":"binance","assets":18,"msg":"balance"}
{"level":30,"time":1773144118662,"pid":29428,"hostname":"DESKTOP-KPAMGTB","module":"binance","assets":18,"msg":"balance"}
{"level":30,"time":1773144127008,"pid":29428,"hostname":"DESKTOP-KPAMGTB","module":"binance","symbol":"ETHUSDT","interval":"5m","verdict":"AVOID","score":28,"price":2060.07,"msg":"scanner"}
{"level":30,"time":1773144127168,"pid":29428,"hostname":"DESKTOP-KPAMGTB","module":"binance","symbol":"BTCUSDT","interval":"5m","verdict":"WAIT","score":44,"price":70558.64,"msg":"scanner"}
{"level":30,"time":1773144128000,"pid":29428,"hostname":"DESKTOP-KPAMGTB","module":"binance","symbol":"BNBUSDT","interval":"5m","verdict":"WAIT","score":56,"price":645.6,"msg":"scanner"}
{"level":30,"time":1773144129302,"pid":29428,"hostname":"DESKTOP-KPAMGTB","module":"binance","symbol":"SOLUSDT","interval":"5m","verdict":"WAIT","score":41,"price":86.8,"msg":"scanner"}
{"level":30,"time":1773144129641,"pid":29428,"hostname":"DESKTOP-KPAMGTB","module":"binance","symbol":"XRPUSDT","interval":"5m","verdict":"WAIT","score":50,"price":1.3907,"msg":"scanner"}
{"level":30,"time":1773144130058,"pid":29428,"hostname":"DESKTOP-KPAMGTB","module":"binance","symbol":"DOGEUSDT","interval":"5m","verdict":"WAIT","score":50,"price":0.09463,"msg":"scanner"}
{"level":30,"time":1773144130294,"pid":29428,"hostname":"DESKTOP-KPAMGTB","module":"binance","symbol":"ADAUSDT","interval":"5m","verdict":"WAIT","score":56,"price":0.2644,"msg":"scanner"}
{"level":30,"time":1773144130890,"pid":29428,"hostname":"DESKTOP-KPAMGTB","module":"binance","symbol":"AVAXUSDT","interval":"5m","verdict":"WAIT","score":47,"price":9.49,"msg":"scanner"}
{"level":30,"time":1773144131293,"pid":29428,"hostname":"DESKTOP-KPAMGTB","module":"binance","symbol":"TRXUSDT","interval":"5m","verdict":"WAIT","score":50,"price":0.2841,"msg":"scanner"}
{"level":30,"time":1773144131922,"pid":29428,"hostname":"DESKTOP-KPAMGTB","module":"binance","symbol":"DOTUSDT","interval":"5m","verdict":"WAIT","score":59,"price":1.517,"msg":"scanner"}
{"level":30,"time":1773144132251,"pid":29428,"hostname":"DESKTOP-KPAMGTB","module":"binance","symbol":"LINKUSDT","interval":"5m","verdict":"WAIT","score":41,"price":9.08,"msg":"scanner"}
{"level":30,"time":1773144132734,"pid":29428,"hostname":"DESKTOP-KPAMGTB","module":"binance","symbol":"MATICUSDT","interval":"5m","verdict":"WAIT","score":59,"price":0.3794,"msg":"scanner"}
{"level":30,"time":1773144133638,"pid":29428,"hostname":"DESKTOP-KPAMGTB","module":"binance","symbol":"LTCUSDT","interval":"5m","verdict":"AVOID","score":31,"price":54.1,"msg":"scanner"}
{"level":30,"time":1773144134104,"pid":29428,"hostname":"DESKTOP-KPAMGTB","module":"binance","symbol":"SHIBUSDT","interval":"5m","verdict":"WAIT","score":59,"price":0.00000573,"msg":"scanner"}
{"level":30,"time":1773144134427,"pid":29428,"hostname":"DESKTOP-KPAMGTB","module":"binance","symbol":"UNIUSDT","interval":"5m","verdict":"WAIT","score":41,"price":3.931,"msg":"scanner"}
{"level":30,"time":1773144134728,"pid":29428,"hostname":"DESKTOP-KPAMGTB","module":"binance","symbol":"ATOMUSDT","interval":"5m","verdict":"BUY","score":66,"price":1.786,"msg":"scanner"}
{"level":30,"time":1773144135310,"pid":29428,"hostname":"DESKTOP-KPAMGTB","module":"binance","symbol":"ETCUSDT","interval":"5m","verdict":"WAIT","score":53,"price":8.35,"msg":"scanner"}
{"level":30,"time":1773144135336,"pid":29428,"hostname":"DESKTOP-KPAMGTB","module":"binance","symbol":"XLMUSDT","interval":"5m","verdict":"WAIT","score":59,"price":0.1606,"msg":"scanner"}
{"level":30,"time":1773144135723,"pid":29428,"hostname":"DESKTOP-KPAMGTB","module":"binance","symbol":"APTUSDT","interval":"5m","verdict":"WAIT","score":47,"price":0.978,"msg":"scanner"}
{"level":30,"time":1773144135890,"pid":29428,"hostname":"DESKTOP-KPAMGTB","module":"binance","symbol":"NEARUSDT","interval":"5m","verdict":"BUY","score":66,"price":1.309,"msg":"scanner"}
{"level":30,"time":1773144159591,"pid":29428,"hostname":"DESKTOP-KPAMGTB","module":"binance","assets":18,"msg":"balance"}
{"level":30,"time":1773144159905,"pid":29428,"hostname":"DESKTOP-KPAMGTB","module":"binance","assets":18,"msg":"balance"}
{"level":30,"time":1773144291735,"pid":29428,"hostname":"DESKTOP-KPAMGTB","module":"binance","assets":18,"msg":"balance"}
{"level":30,"time":1773144395427,"pid":29428,"hostname":"DESKTOP-KPAMGTB","module":"binance","assets":18,"msg":"balance"}
{"level":30,"time":1773144396323,"pid":29428,"hostname":"DESKTOP-KPAMGTB","module":"binance","assets":18,"msg":"balance"}
{"level":30,"time":1773144627893,"pid":29428,"hostname":"DESKTOP-KPAMGTB","module":"binance","count":40,"msg":"order history"}
{"level":30,"time":1773144630668,"pid":29428,"hostname":"DESKTOP-KPAMGTB","module":"binance","count":62,"msg":"trades"}
{"level":30,"time":1773144632039,"pid":29428,"hostname":"DESKTOP-KPAMGTB","module":"binance","count":62,"msg":"trades"}
{"level":30,"time":1773144726953,"pid":29428,"hostname":"DESKTOP-KPAMGTB","module":"binance","assets":18,"msg":"balance"}
{"level":30,"time":1773144727669,"pid":29428,"hostname":"DESKTOP-KPAMGTB","module":"binance","assets":18,"msg":"balance"}
{"level":30,"time":1773147601833,"pid":29428,"hostname":"DESKTOP-KPAMGTB","module":"telegram","msg":"informe horari enviat"}
{"level":30,"time":1773147993836,"pid":29428,"hostname":"DESKTOP-KPAMGTB","module":"trailing-engine","symbol":"DOGEUSDT","oldSl":0.09,"newSl":"0.09","peak":0.09634,"msg":"SL pujat"}
{"level":30,"time":1773148055199,"pid":29428,"hostname":"DESKTOP-KPAMGTB","module":"trailing-engine","symbol":"DOGEUSDT","oldSl":0.09,"newSl":"0.09","peak":0.09638,"msg":"SL pujat"}
{"level":50,"time":1773148113895,"pid":29428,"hostname":"DESKTOP-KPAMGTB","module":"trailing-engine","symbol":"DOGEUSDT","count":1,"max":3,"err":"Binance /order 400: {\"code\":-2010,\"msg\":\"Stop price would trigger immediately.\"}","msg":"error al cicle"}
{"level":30,"time":1773149517822,"pid":29428,"hostname":"DESKTOP-KPAMGTB","module":"binance","assets":18,"msg":"balance"}
{"level":30,"time":1773149925222,"pid":29428,"hostname":"DESKTOP-KPAMGTB","module":"binance","count":62,"msg":"trades"}
{"level":30,"time":1773149925476,"pid":29428,"hostname":"DESKTOP-KPAMGTB","module":"binance","count":40,"msg":"order history"}
{"level":30,"time":1773149925524,"pid":29428,"hostname":"DESKTOP-KPAMGTB","module":"binance","count":62,"msg":"trades"}
{"level":30,"time":1773149965555,"pid":29428,"hostname":"DESKTOP-KPAMGTB","module":"orders","symbol":"ETHUSDT","orderId":3862159492,"msg":"ordre cancel·lada"}
{"level":30,"time":1773149970199,"pid":29428,"hostname":"DESKTOP-KPAMGTB","module":"binance","assets":18,"msg":"balance"}
{"level":30,"time":1773149971094,"pid":29428,"hostname":"DESKTOP-KPAMGTB","module":"binance","assets":18,"msg":"balance"}
{"level":30,"time":1773149996593,"pid":29428,"hostname":"DESKTOP-KPAMGTB","module":"orders","symbol":"ETHUSDT","qty":"0.3972","fillPrice":2027.07,"orderId":3867213977,"msg":"market sell → USDT"}
{"level":30,"time":1773149998439,"pid":29428,"hostname":"DESKTOP-KPAMGTB","module":"binance","assets":18,"msg":"balance"}
{"level":30,"time":1773150005079,"pid":29428,"hostname":"DESKTOP-KPAMGTB","module":"orders","symbol":"DOGEUSDT","qty":"5421","fillPrice":0.09466000000000001,"orderId":810663805,"msg":"market sell → USDT"}
{"level":30,"time":1773150006997,"pid":29428,"hostname":"DESKTOP-KPAMGTB","module":"binance","assets":18,"msg":"balance"}
{"level":30,"time":1773150019594,"pid":29428,"hostname":"DESKTOP-KPAMGTB","module":"binance","assets":18,"msg":"balance"}
{"level":30,"time":1773150063389,"pid":29428,"hostname":"DESKTOP-KPAMGTB","module":"binance","symbol":"BNBUSDT","interval":"1h","verdict":"WAIT","score":53,"price":643.06,"msg":"scanner"}
{"level":30,"time":1773150063404,"pid":29428,"hostname":"DESKTOP-KPAMGTB","module":"binance","symbol":"ETHUSDT","interval":"1h","verdict":"WAIT","score":47,"price":2033.89,"msg":"scanner"}
{"level":30,"time":1773150063413,"pid":29428,"hostname":"DESKTOP-KPAMGTB","module":"binance","symbol":"SOLUSDT","interval":"1h","verdict":"WAIT","score":47,"price":86.15,"msg":"scanner"}
{"level":30,"time":1773150063420,"pid":29428,"hostname":"DESKTOP-KPAMGTB","module":"binance","symbol":"BTCUSDT","interval":"5m","verdict":"WAIT","score":44,"price":69983.05,"msg":"scanner"}
{"level":30,"time":1773150063429,"pid":29428,"hostname":"DESKTOP-KPAMGTB","module":"binance","symbol":"XRPUSDT","interval":"1h","verdict":"WAIT","score":59,"price":1.3873,"msg":"scanner"}
{"level":30,"time":1773150063688,"pid":29428,"hostname":"DESKTOP-KPAMGTB","module":"binance","symbol":"BNBUSDT","interval":"1h","verdict":"WAIT","score":53,"price":643.03,"msg":"scanner"}
{"level":30,"time":1773150063709,"pid":29428,"hostname":"DESKTOP-KPAMGTB","module":"binance","symbol":"XRPUSDT","interval":"1h","verdict":"WAIT","score":59,"price":1.387,"msg":"scanner"}
{"level":30,"time":1773150063732,"pid":29428,"hostname":"DESKTOP-KPAMGTB","module":"binance","symbol":"BTCUSDT","interval":"5m","verdict":"WAIT","score":44,"price":69983.05,"msg":"scanner"}
{"level":30,"time":1773150063927,"pid":29428,"hostname":"DESKTOP-KPAMGTB","module":"binance","symbol":"BTCUSDT","interval":"1h","verdict":"WAIT","score":53,"price":69983.05,"msg":"scanner"}
{"level":30,"time":1773150064034,"pid":29428,"hostname":"DESKTOP-KPAMGTB","module":"binance","symbol":"BTCUSDT","interval":"1h","verdict":"WAIT","score":53,"price":69983.06,"msg":"scanner"}
{"level":30,"time":1773150064124,"pid":29428,"hostname":"DESKTOP-KPAMGTB","module":"binance","symbol":"SOLUSDT","interval":"1h","verdict":"WAIT","score":47,"price":86.14,"msg":"scanner"}
{"level":30,"time":1773150064330,"pid":29428,"hostname":"DESKTOP-KPAMGTB","module":"binance","symbol":"BTCUSDT","interval":"4h","verdict":"WAIT","score":53,"price":69983.06,"msg":"scanner"}
{"level":30,"time":1773150064342,"pid":29428,"hostname":"DESKTOP-KPAMGTB","module":"binance","symbol":"ETHUSDT","interval":"1h","verdict":"WAIT","score":47,"price":2033.7,"msg":"scanner"}
{"level":30,"time":1773150089204,"pid":29428,"hostname":"DESKTOP-KPAMGTB","module":"binance","symbol":"ETHUSDT","interval":"5m","verdict":"AVOID","score":34,"price":2034.13,"msg":"scanner"}
{"level":30,"time":1773150089227,"pid":29428,"hostname":"DESKTOP-KPAMGTB","module":"binance","symbol":"ETHUSDT","interval":"4h","verdict":"WAIT","score":53,"price":2034.13,"msg":"scanner"}
{"level":30,"time":1773150091084,"pid":29428,"hostname":"DESKTOP-KPAMGTB","module":"binance","symbol":"BNBUSDT","interval":"5m","verdict":"WAIT","score":41,"price":643.09,"msg":"scanner"}
{"level":30,"time":1773150091109,"pid":29428,"hostname":"DESKTOP-KPAMGTB","module":"binance","symbol":"BNBUSDT","interval":"4h","verdict":"WAIT","score":50,"price":643.09,"msg":"scanner"}
{"level":30,"time":1773150092739,"pid":29428,"hostname":"DESKTOP-KPAMGTB","module":"binance","symbol":"SOLUSDT","interval":"4h","verdict":"WAIT","score":50,"price":86.16,"msg":"scanner"}
{"level":30,"time":1773150092749,"pid":29428,"hostname":"DESKTOP-KPAMGTB","module":"binance","symbol":"SOLUSDT","interval":"5m","verdict":"WAIT","score":38,"price":86.16,"msg":"scanner"}
{"level":30,"time":1773150095962,"pid":29428,"hostname":"DESKTOP-KPAMGTB","module":"binance","symbol":"BTCUSDT","interval":"5m","verdict":"WAIT","score":44,"price":69991.03,"msg":"scanner"}
{"level":30,"time":1773150100663,"pid":29428,"hostname":"DESKTOP-KPAMGTB","module":"binance","symbol":"XRPUSDT","interval":"4h","verdict":"WAIT","score":53,"price":1.3889,"msg":"scanner"}
{"level":30,"time":1773150353737,"pid":29428,"hostname":"DESKTOP-KPAMGTB","module":"binance","count":62,"msg":"trades"}
{"level":30,"time":1773150354013,"pid":29428,"hostname":"DESKTOP-KPAMGTB","module":"binance","count":62,"msg":"trades"}
{"level":30,"time":1773150354135,"pid":29428,"hostname":"DESKTOP-KPAMGTB","module":"binance","count":40,"msg":"order history"}
{"level":30,"time":1773151202102,"pid":29428,"hostname":"DESKTOP-KPAMGTB","module":"telegram","msg":"informe horari enviat"}
